dbfile	key	version	category	folder	speaker	mission	trung_cn	anh_en	nhat_jp	viet_vi
lang_multi_text.db	CommonVoice_Bulante_10_1	3.4	Hội thoại/Cốt truyện	Dữ liệu âm thanh	NPC #1462		搞定！	All done!	これで終わりさ！	Xong việc!
lang_multi_text.db	CommonVoice_Bulante_11_1	3.4	Hội thoại/Cốt truyện	Dữ liệu âm thanh	NPC #1462		收工！	Finished!	よし、終了だ！	Xong rồi!
lang_multi_text.db	CommonVoice_Bulante_12_1	3.4	Hội thoại/Cốt truyện	Dữ liệu âm thanh	NPC #1462		准备谢幕了！	Time to wrap it up!	終幕だ！	Chuẩn bị hạ màn thôi!
lang_multi_text.db	CommonVoice_Bulante_13_1	3.4	Hội thoại/Cốt truyện	Dữ liệu âm thanh	NPC #1462		不是那边。	Not that way.	そっちじゃない。	Không phải bên đó.
lang_multi_text.db	CommonVoice_Bulante_14_1	3.4	Hội thoại/Cốt truyện	Dữ liệu âm thanh	NPC #1462		快回来。	Come back.	早く戻ろう。	Về nhanh đi.
lang_multi_text.db	CommonVoice_Bulante_15_1	3.4	Hội thoại/Cốt truyện	Dữ liệu âm thanh	NPC #1462		嘿，你去哪儿？	Hey, where are you going?	おっと、どこへ行くんだ？	Này, cậu đi đâu đấy?
lang_multi_text.db	CommonVoice_Bulante_16_1	3.4	Hội thoại/Cốt truyện	Dữ liệu âm thanh	NPC #1462		要歇会儿吗？	Shall we take a break?	少し休憩しようか？	Có muốn nghỉ chút không?
lang_multi_text.db	CommonVoice_Bulante_17_1	3.4	Hội thoại/Cốt truyện	Dữ liệu âm thanh	NPC #1462		中场休息一下？	Time for an intermission?	休んで体力を回復しよう。	Giải lao giữa giờ tí nhé?
lang_multi_text.db	CommonVoice_Bulante_18_1	3.4	Hội thoại/Cốt truyện	Dữ liệu âm thanh	NPC #1462		嗯，冒险需要适当的歇息。	Sure, take your time. We do need to recharge during adventures.	冒険にも休息は必要だな。	Ừm, thám hiểm cũng cần phải nghỉ ngơi hợp lý.
lang_multi_text.db	CommonVoice_Bulante_19_1	3.4	Hội thoại/Cốt truyện	Dữ liệu âm thanh	NPC #1462		小心咯。	Uh-oh.	用心するんだ。	Cẩn thận đấy.
lang_multi_text.db	CommonVoice_Bulante_1_1	3.4	Hội thoại/Cốt truyện	Dữ liệu âm thanh	NPC #1462		跟我来吧。	Follow me!	付いてきてくれ。	Đi theo mình.
lang_multi_text.db	CommonVoice_Bulante_20_1	3.4	Hội thoại/Cốt truyện	Dữ liệu âm thanh	NPC #1462		表演时间。	It's show time!	劇の始まりだ。	Đến giờ biểu diễn rồi.
lang_multi_text.db	CommonVoice_Bulante_21_1	3.4	Hội thoại/Cốt truyện	Dữ liệu âm thanh	NPC #1462		该登台了。	Time to take the stage.	お出ましだな。	Tới lúc lên đài rồi.
lang_multi_text.db	CommonVoice_Bulante_22_1	3.4	Hội thoại/Cốt truyện	Dữ liệu âm thanh	NPC #1462		真棒！	Marvelous!	よくやった！	Giỏi thật!
lang_multi_text.db	CommonVoice_Bulante_23_1	3.4	Hội thoại/Cốt truyện	Dữ liệu âm thanh	NPC #1462		真是精彩！	Bravo!	ブラボー！	Tuyệt vời!
lang_multi_text.db	CommonVoice_Bulante_24_1	3.4	Hội thoại/Cốt truyện	Dữ liệu âm thanh	NPC #1462		完美！	Perfect!	完璧じゃないか！	Hoàn hảo!
lang_multi_text.db	CommonVoice_Bulante_25_1	3.4	Hội thoại/Cốt truyện	Dữ liệu âm thanh	NPC #1462		嗯？	Hm?	ん？	Hửm?
lang_multi_text.db	CommonVoice_Bulante_26_1	3.4	Hội thoại/Cốt truyện	Dữ liệu âm thanh	NPC #1462		那是什么？	What's that?	あれは……？	Kia là gì?
lang_multi_text.db	CommonVoice_Bulante_27_1	3.4	Hội thoại/Cốt truyện	Dữ liệu âm thanh	NPC #1462		奇怪……	That's weird…	おかしいな……	Kỳ lạ...
lang_multi_text.db	CommonVoice_Bulante_2_1	3.4	Hội thoại/Cốt truyện	Dữ liệu âm thanh	NPC #1462		我们走吧，这边！	We're going this way!	行こう、こっちだ！	Chúng ta đi thôi, bên này!
lang_multi_text.db	CommonVoice_Bulante_3_1	3.4	Hội thoại/Cốt truyện	Dữ liệu âm thanh	NPC #1462		我有预感，我们该走这条路！	My sixth sense tells me this is the right path!	この道に違いない……ただの勘だがな。	Mình có linh cảm, chúng ta nên đi đường này!
lang_multi_text.db	CommonVoice_Bulante_4_1	3.4	Hội thoại/Cốt truyện	Dữ liệu âm thanh	NPC #1462		来试试？	Shall we give it a go?	やってみるか？	Làm thử xem?
lang_multi_text.db	CommonVoice_Bulante_5_1	3.4	Hội thoại/Cốt truyện	Dữ liệu âm thanh	NPC #1462		一起瞧瞧。	Let's take a look together.	共にやろうじゃないか。	Cùng xem thử nào.
lang_multi_text.db	CommonVoice_Bulante_6_1	3.4	Hội thoại/Cốt truyện	Dữ liệu âm thanh	NPC #1462		冒险途中经典的难题……大胆尝试吧！	A staple puzzle in every heroic quest. Piece of cake!	冒険には難題が付き物だ、恐れず立ち向かおう！	Bài toán kinh điển trên đường thám hiểm... Cứ mạnh dạn thử xem sao!
lang_multi_text.db	CommonVoice_Bulante_7_1	3.4	Hội thoại/Cốt truyện	Dữ liệu âm thanh	NPC #1462		准备启航！	Ready to set sail!	出航だ！	Chuẩn bị khởi hành!
lang_multi_text.db	CommonVoice_Bulante_8_1	3.4	Hội thoại/Cốt truyện	Dữ liệu âm thanh	NPC #1462		走吧，朋友！	Let's go, mate!	行こう、友よ！	Đi thôi, anh bạn!
lang_multi_text.db	CommonVoice_Bulante_9_1	3.4	Hội thoại/Cốt truyện	Dữ liệu âm thanh	NPC #1462		该出发了！	Time to head out!	出発の時間だ！	Đến lúc xuất phát rồi!
lang_multi_text.db	CommonVoice_Feibi_10_1	3.4	Hội thoại/Cốt truyện	Dữ liệu âm thanh	NPC #1475		多亏有你。	Your help means a ton.	おかげさまで助かりました。	Nhờ có cậu đấy.
lang_multi_text.db	CommonVoice_Feibi_1_1	3.4	Hội thoại/Cốt truyện	Dữ liệu âm thanh	NPC #1475		是这个方向吗？	This might be the way.	この方向でしょうか？	Là hướng này sao?
lang_multi_text.db	CommonVoice_Feibi_2_1	3.4	Hội thoại/Cốt truyện	Dữ liệu âm thanh	NPC #1475		往这边走吧。	I think it's over there.	こちらへ進みましょう。	Đi hướng này đi.
lang_multi_text.db	CommonVoice_Feibi_3_1	3.4	Hội thoại/Cốt truyện	Dữ liệu âm thanh	NPC #1475		是这个方向，走吧。	Follow me, please.	この方角です、行きましょう。	Là hướng này, đi thôi.
lang_multi_text.db	CommonVoice_Feibi_4_1	3.4	Hội thoại/Cốt truyện	Dữ liệu âm thanh	NPC #1475		有情况。	Something's not right.	異常を確認しました。	Có chuyện rồi.
lang_multi_text.db	CommonVoice_Feibi_5_1	3.4	Hội thoại/Cốt truyện	Dữ liệu âm thanh	NPC #1475		小心，有敌人。	Please be alert.	気をつけてください。	Cẩn thận, có kẻ địch.
lang_multi_text.db	CommonVoice_Feibi_6_1	3.4	Hội thoại/Cốt truyện	Dữ liệu âm thanh	NPC #1475		呼，予敌人必要的惩戒……	*nervous breath* Evil shall be punished...	懲らしめる必要がありそうですね。	Phù, trừng phạt kẻ địch nào...
lang_multi_text.db	CommonVoice_Feibi_7_1	3.4	Hội thoại/Cốt truyện	Dữ liệu âm thanh	NPC #1475		唔……要怎么做呢？	Hm… What should we do?	どうすれば良いのでしょうか？	Ưm... Phải làm sao đây?
lang_multi_text.db	CommonVoice_Feibi_8_1	3.4	Hội thoại/Cốt truyện	Dữ liệu âm thanh	NPC #1475		好、好厉害。	Wow... A-Amazing.	す、すごい……	Lợi, lợi hại quá.
lang_multi_text.db	CommonVoice_Feibi_9_1	3.4	Hội thoại/Cốt truyện	Dữ liệu âm thanh	NPC #1475		竟然这么快就解决了。	That was fast...	こんなにも早く解決できるとは。	Không ngờ lại giải quyết nhanh như vậy.
lang_multi_text.db	CommonVoice_Fuluoluo_10_1	3.4	Hội thoại/Cốt truyện	Dữ liệu âm thanh	Phrolova		回来。	Get back.	早く戻りましょう。	Về đây.
lang_multi_text.db	CommonVoice_Fuluoluo_11_1	3.4	Hội thoại/Cốt truyện	Dữ liệu âm thanh	Phrolova		错了。	That's not it.	間違ってるわ。	Sai rồi.
lang_multi_text.db	CommonVoice_Fuluoluo_12_1	3.4	Hội thoại/Cốt truyện	Dữ liệu âm thanh	Phrolova		怎么？走不动了？	What's the matter? Tired already?	どうしたの？もう動けないのかしら？	Sao thế? Không đi nổi nữa à?
lang_multi_text.db	CommonVoice_Fuluoluo_13_1	3.4	Hội thoại/Cốt truyện	Dữ liệu âm thanh	Phrolova		为什么停下？	Why have we stopped?	どうして止まってるの？	Sao lại dừng lại?
lang_multi_text.db	CommonVoice_Fuluoluo_14_1	3.4	Hội thoại/Cốt truyện	Dữ liệu âm thanh	Phrolova		别发呆了。	Cease your stalling.	ぼーっとしてないで。	Đừng ngẩn ra nữa.
lang_multi_text.db	CommonVoice_Fuluoluo_15_1	3.4	Hội thoại/Cốt truyện	Dữ liệu âm thanh	Phrolova		交给你了。	Handle them.	後は任せたわ。	Giao cho cậu đó.
lang_multi_text.db	CommonVoice_Fuluoluo_16_1	3.4	Hội thoại/Cốt truyện	Dữ liệu âm thanh	Phrolova		麻烦……	Don't test my patience...	面倒ね……	Phiền phức...
lang_multi_text.db	CommonVoice_Fuluoluo_17_1	3.4	Hội thoại/Cốt truyện	Dữ liệu âm thanh	Phrolova		注意。	Be vigilant.	気をつけて。	Chú ý.
lang_multi_text.db	CommonVoice_Fuluoluo_18_1	3.4	Hội thoại/Cốt truyện	Dữ liệu âm thanh	Phrolova		嗯？	Hmm?	ん？	Hửm?
lang_multi_text.db	CommonVoice_Fuluoluo_19_1	3.4	Hội thoại/Cốt truyện	Dữ liệu âm thanh	Phrolova		奇怪……	Strange.	どこか変ね……	Kỳ lạ...
lang_multi_text.db	CommonVoice_Fuluoluo_1_1	3.4	Hội thoại/Cốt truyện	Dữ liệu âm thanh	Phrolova		跟上我。	Keep up.	付いてきて。	Theo sát mình.
lang_multi_text.db	CommonVoice_Fuluoluo_20_1	3.4	Hội thoại/Cốt truyện	Dữ liệu âm thanh	Phrolova		一起？	Together?	一緒にどう？	Cùng nhau?
lang_multi_text.db	CommonVoice_Fuluoluo_21_1	3.4	Hội thoại/Cốt truyện	Dữ liệu âm thanh	Phrolova		两个人才行。	This requires the two of us.	力を合わせましょう。	Hai người mới được.
lang_multi_text.db	CommonVoice_Fuluoluo_22_1	3.4	Hội thoại/Cốt truyện	Dữ liệu âm thanh	Phrolova		用之前的办法。	Same as before.	前と同じ方法でやればいいわ。	Dùng cách trước đó.
lang_multi_text.db	CommonVoice_Fuluoluo_23_1	3.4	Hội thoại/Cốt truyện	Dữ liệu âm thanh	Phrolova		行动吧。	Come on.	さあ、動いて。	Hành động thôi.
lang_multi_text.db	CommonVoice_Fuluoluo_24_1	3.4	Hội thoại/Cốt truyện	Dữ liệu âm thanh	NPC #750088		芬莱克大概也没想到，这些四通八达的管道会为我们提供便利。	I bet Fenrico never imagined these pipelines would end up making our lives easier.	{Male=俺たちが輸送路を利用するなんて、フェンリコも予想していなかっただろうな。;Female=私たちが輸送路を利用するなんて、フェンリコも予想していなかっただろうね。}	Chắc Fenrico cũng không ngờ rằng, những đường ống thông suốt này lại tạo sự tiện lợi cho chúng ta.
lang_multi_text.db	CommonVoice_Fuluoluo_24_2	3.4	Hội thoại/Cốt truyện	Dữ liệu âm thanh	Phrolova		能源需要依靠它们高速运送到任何一个角落。	This place depends on them to transport energy across the site.	これらのおかげで、エナジーは高速に各地まで運ばれるのよ。	Năng lượng cần được vận chuyển tốc độ cao đến mọi ngóc ngách nhờ vào chúng.
lang_multi_text.db	CommonVoice_Fuluoluo_24_3	3.4	Hội thoại/Cốt truyện	Dữ liệu âm thanh	NPC #750088		运送能源的管道……那它们附近岂不是频率波动会更明显？	Pipelines to transport energy... that means more noticeable frequency fluctuations around them, huh?	{Male=エナジーを運ぶための通路……つまり、その近くは周波数の波動がより顕著になるのか？;Female=エナジーを運ぶための通路……つまり、その近くは周波数の波動がより顕著になるの？}	Đường ống vận chuyển năng lượng... Vậy xung quanh chúng chẳng phải dao động tần số sẽ rõ rệt hơn sao?
lang_multi_text.db	CommonVoice_Fuluoluo_24_4	3.4	Hội thoại/Cốt truyện	Dữ liệu âm thanh	Phrolova		说得没错。	Exactly.	ええ、そうよ。	Nói đúng lắm.
lang_multi_text.db	CommonVoice_Fuluoluo_25_1	3.4	Hội thoại/Cốt truyện	Dữ liệu âm thanh	NPC #750088		这里到底为什么会有这么多装置……	Why are there so many devices here?	なぜ、これだけの装置が……	Tại sao ở đây lại có nhiều thiết bị như vậy...
lang_multi_text.db	CommonVoice_Fuluoluo_25_2	3.4	Hội thoại/Cốt truyện	Dữ liệu âm thanh	Phrolova		因为它。	That's why.	あれのためよ。	Vì nó.
lang_multi_text.db	CommonVoice_Fuluoluo_25_3	3.4	Hội thoại/Cốt truyện	Dữ liệu âm thanh	NPC #750088		那是……	Is that...?	あれは……	Đó là...
lang_multi_text.db	CommonVoice_Fuluoluo_25_4	3.4	Hội thoại/Cốt truyện	Dữ liệu âm thanh	Phrolova		能源存储的总通路。	The main conduit to the energy storage.	エナジーを貯蓄するためのメイン通路。	Đường truyền chính lưu trữ năng lượng.
lang_multi_text.db	CommonVoice_Fuluoluo_25_5	3.4	Hội thoại/Cốt truyện	Dữ liệu âm thanh	Phrolova		这里的一切都在为它赋能。	Everything here is giving it power.	すべてのエナジーが、あそこに集まっている。	Mọi thứ ở đây đều cung cấp năng lượng cho nó.
lang_multi_text.db	CommonVoice_Fuluoluo_26_1	3.4	Hội thoại/Cốt truyện	Dữ liệu âm thanh	NPC #300064		万能的岁主，请您令我们摆脱不义。	O great Sentinel. Please grant us mercy for our sins.	ああ、万能なる歳主よ。どうか私たちを不義からお救いください。	Hỡi Tuế Chủ toàn năng, xin ngài hãy giúp chúng con thoát khỏi sự bất công.
lang_multi_text.db	CommonVoice_Fuluoluo_27_1	3.4	Hội thoại/Cốt truyện	Dữ liệu âm thanh	NPC #300064		慈爱的岁主，请您令我们心灵宁静。	O forgiving Sentinel. Grant us serenity.	ああ、慈愛深き歳主よ。どうか私たちに安らぎをお与えください。	Hỡi Tuế Chủ nhân từ, xin ngài hãy ban cho tâm hồn chúng con sự bình yên.
lang_multi_text.db	CommonVoice_Fuluoluo_28_1	3.4	Hội thoại/Cốt truyện	Dữ liệu âm thanh	NPC #300064		永恒的岁主，请您令我们联结为一。	O Sentinel of ages. Make us whole.	ああ、永遠なる歳主よ。どうか私たちを一つにしてください。	Hỡi Tuế Chủ vĩnh hằng, xin ngài hãy liên kết chúng con làm một.
lang_multi_text.db	CommonVoice_Fuluoluo_29_1	3.4	Hội thoại/Cốt truyện	Dữ liệu âm thanh	NPC #300015		从你的举止中我可以看出，你的心灵仍被世事烦扰。你还没有做好准备，请离开吧。	Your actions reveal a heart still troubled by the world. You are not ready yet. Please leave.	その様子……あなたの心は俗世の煩悩に囚われている。まだ準備ができていないようだな。ここから離れなさい。	Qua hành động của cậu, tôi có thể thấy tâm hồn cậu vẫn còn bị thế tục quấy rầy. Cậu vẫn chưa sẵn sàng, hãy rời đi đi.
lang_multi_text.db	CommonVoice_Fuluoluo_29_2	3.4	Hội thoại/Cốt truyện	Dữ liệu âm thanh			你们因动作有异被监守教士请离了队列。	The Acolyte asks you to leave the line due to your unusual behavior.	周囲と異なる動きを見せたせいで、侍祭に列から外された。	Cậu vì có hành động khác thường nên đã bị Giám Thủ Giáo Sĩ mời ra khỏi hàng.
lang_multi_text.db	CommonVoice_Fuluoluo_2_1	3.4	Hội thoại/Cốt truyện	Dữ liệu âm thanh	Phrolova		这边。	This way.	こっちよ。	Bên này.
lang_multi_text.db	CommonVoice_Fuluoluo_30_1	3.4	Hội thoại/Cốt truyện	Dữ liệu âm thanh	NPC #750088		芬莱克不想让人知道这里的存在，那这或许还藏着些我们不知道的东西。	Fenrico wanted to keep this place under wraps. There may be more to it than meets the eye.	{Male=ここの存在をフェンリコは知られたくないだろうな。まだ何か情報が隠されているのかもしれない。;Female=ここの存在をフェンリコは知られたくないだろうね。まだ何か情報が隠されているのかもしれない。}	Fenrico không muốn ai biết đến sự tồn tại của nơi này, vậy có lẽ ở đây còn ẩn giấu vài thứ mà mình chưa biết.
lang_multi_text.db	CommonVoice_Fuluoluo_30_2	3.4	Hội thoại/Cốt truyện	Dữ liệu âm thanh	Phrolova		去前面看看。	Let's take a look up ahead.	先へ進みましょう。	Đi lên phía trước xem thử.
lang_multi_text.db	CommonVoice_Fuluoluo_30_3	3.4	Hội thoại/Cốt truyện	Dữ liệu âm thanh	Phrolova		这里应该不会有人打扰了。	There shouldn't be any interference from here on out.	ここなら、邪魔されることはないはずよ。	Ở đây hẳn sẽ không còn ai quấy nhiễu nữa.
lang_multi_text.db	CommonVoice_Fuluoluo_3_1	3.4	Hội thoại/Cốt truyện	Dữ liệu âm thanh	Phrolova		去那。	There.	あっちね。	Đi lối đó.
lang_multi_text.db	CommonVoice_Fuluoluo_4_1	3.4	Hội thoại/Cốt truyện	Dữ liệu âm thanh	Phrolova		这里需要调律。	We need to Orchestrate here.	ここは調律が必要ね。	Nơi này cần điều chỉnh.
lang_multi_text.db	CommonVoice_Fuluoluo_5_1	3.4	Hội thoại/Cốt truyện	Dữ liệu âm thanh	Phrolova		用它试试。	Give this a try.	これを使ってみて。	Thử dùng cái này xem.
lang_multi_text.db	CommonVoice_Fuluoluo_6_1	3.4	Hội thoại/Cốt truyện	Dữ liệu âm thanh	Phrolova		专心应对。	Stay focused.	集中して。	Tập trung đối phó.
lang_multi_text.db	CommonVoice_Fuluoluo_7_1	3.4	Hội thoại/Cốt truyện	Dữ liệu âm thanh	Phrolova		走吧。	Let's go.	行きましょう。	Đi thôi.
lang_multi_text.db	CommonVoice_Fuluoluo_8_1	3.4	Hội thoại/Cốt truyện	Dữ liệu âm thanh	Phrolova		可以走了。	All set. Shall we?	もう行っていいわ。	Đi được rồi.
lang_multi_text.db	CommonVoice_Fuluoluo_9_1	3.4	Hội thoại/Cốt truyện	Dữ liệu âm thanh	Phrolova		不是那边。	Wrong way.	そっちじゃないわ。	Không phải bên đó.
lang_multi_text.db	CommonVoice_Kelaita_10_1	3.4	Hội thoại/Cốt truyện	Dữ liệu âm thanh	NPC #50001		身手不赖。	Nice move.	中々の腕前ですね。	Thân thủ khá đấy.
lang_multi_text.db	CommonVoice_Kelaita_1_1	3.4	Hội thoại/Cốt truyện	Dữ liệu âm thanh	NPC #50001		这边。	Here.	こちらです。	Bên này.
lang_multi_text.db	CommonVoice_Kelaita_2_1	3.4	Hội thoại/Cốt truyện	Dữ liệu âm thanh	NPC #50001		这个方向。	This way.	この方角です。	Hướng này.
lang_multi_text.db	CommonVoice_Kelaita_3_1	3.4	Hội thoại/Cốt truyện	Dữ liệu âm thanh	NPC #50001		跟我来吧。	Please follow me.	付いてきてくれるかしら？	Đi theo tôi nào.
lang_multi_text.db	CommonVoice_Kelaita_4_1	3.4	Hội thoại/Cốt truyện	Dữ liệu âm thanh	NPC #50001		小心。	Watch out.	気をつけて。	Cẩn thận.
lang_multi_text.db	CommonVoice_Kelaita_5_1	3.4	Hội thoại/Cốt truyện	Dữ liệu âm thanh	NPC #50001		不要大意。	Don't let your guards down.	油断しないで。	Đừng chủ quan.
lang_multi_text.db	CommonVoice_Kelaita_6_1	3.4	Hội thoại/Cốt truyện	Dữ liệu âm thanh	NPC #50001		敌人出现了。	Enemies ahead.	敵が現れましたわ。	Kẻ địch đã xuất hiện.
lang_multi_text.db	CommonVoice_Kelaita_7_1	3.4	Hội thoại/Cốt truyện	Dữ liệu âm thanh	NPC #50001		试试看吧。	Try this.	やってみましょう。	Thử xem nào.
lang_multi_text.db	CommonVoice_Kelaita_8_1	3.4	Hội thoại/Cốt truyện	Dữ liệu âm thanh	NPC #50001		很厉害嘛。	Impressive.	驚きましたわ。	Cũng lợi hại đấy chứ.
lang_multi_text.db	CommonVoice_Kelaita_9_1	3.4	Hội thoại/Cốt truyện	Dữ liệu âm thanh	NPC #50001		不错。	Not bad.	さすがですわ。	Không tệ.
lang_multi_text.db	CommonVoice_Linnai_10_1	3.4	Hội thoại/Cốt truyện	Dữ liệu âm thanh	NPC #100085		呼……有点无聊了。	(Yawns) I'm waitin' on ya.	うーん……ちょっと退屈かも。	Phù... hơi nhàm chán rồi.
lang_multi_text.db	CommonVoice_Linnai_11_1	3.4	Hội thoại/Cốt truyện	Dữ liệu âm thanh	NPC #100085		在想什么呢？	Thinking about something?	何か考え事ー？	Đang nghĩ gì thế?
lang_multi_text.db	CommonVoice_Linnai_12_1	3.4	Hội thoại/Cốt truyện	Dữ liệu âm thanh	NPC #100085		正好，歇一会~	Perfect, I could use a quick break.	そろそろ少し休憩しよっか～	Vừa hay, nghỉ ngơi một lát~
lang_multi_text.db	CommonVoice_Linnai_13_1	3.4	Hội thoại/Cốt truyện	Dữ liệu âm thanh	NPC #100085		不错嘛。	Didn't expect anything less.	やるじゃん。	Tuyệt đó.
lang_multi_text.db	CommonVoice_Linnai_14_1	3.4	Hội thoại/Cốt truyện	Dữ liệu âm thanh	NPC #100085		哇……不愧是你！	Wow... show-off much?	わぁ……さすがだね！	Woa... Không hổ là cậu!
lang_multi_text.db	CommonVoice_Linnai_15_1	3.4	Hội thoại/Cốt truyện	Dữ liệu âm thanh	NPC #100085		干得漂亮。	Now that's how it's done.	ナイス！	Làm tốt lắm.
lang_multi_text.db	CommonVoice_Linnai_16_1	3.4	Hội thoại/Cốt truyện	Dữ liệu âm thanh	NPC #100085		嗯？	Hmm?	ん？	Hửm?
lang_multi_text.db	CommonVoice_Linnai_17_1	3.4	Hội thoại/Cốt truyện	Dữ liệu âm thanh	NPC #100085		不太对劲。	Not what I had in mind.	なんか、おかしいね。	Không đúng lắm.
lang_multi_text.db	CommonVoice_Linnai_18_1	3.4	Hội thoại/Cốt truyện	Dữ liệu âm thanh	NPC #100085		诶……？	Huh?	えぇ……？	Hả...?
lang_multi_text.db	CommonVoice_Linnai_19_1	3.4	Hội thoại/Cốt truyện	Dữ liệu âm thanh	NPC #100085		在欣赏风景吗？	Enjoying the view?	何を見てるの？	Đang ngắm cảnh à?
lang_multi_text.db	CommonVoice_Linnai_1_1	3.4	Hội thoại/Cốt truyện	Dữ liệu âm thanh	NPC #100085		在这边！	This way!	こっちこっち！	Bên này!
lang_multi_text.db	CommonVoice_Linnai_20_1	3.4	Hội thoại/Cốt truyện	Dữ liệu âm thanh	NPC #100085		向着远方的地平线！	To the infinite horizon!	目指すは、地平線の向こう！	Hướng về đường chân trời xa xăm!
lang_multi_text.db	CommonVoice_Linnai_21_1	3.4	Hội thoại/Cốt truyện	Dữ liệu âm thanh	NPC #100085		你怎么会……不，现在不是说这个的时候……	How did... Nevermind, now's not the time for questions...	なんであんたが……って、今は話してる場合じゃないか。	Sao cậu lại... không, giờ không phải lúc nói chuyện này...
lang_multi_text.db	CommonVoice_Linnai_21_2	3.4	Hội thoại/Cốt truyện	Dữ liệu âm thanh	NPC #100085		要小心！海维夏现在完全失控，我们得在研究院受到攻击之前让它停下！	Careful! Hyvatia's gone haywire. We need to stop it before it reaches the Institute!	気をつけて！ハイヴェイシャは完全に暴走してる。あいつが研究院を攻撃する前に止めなきゃ！	Cẩn thận! Hyvatia hiện đã hoàn toàn mất kiểm soát, chúng ta phải dừng nó lại trước khi Viện Nghiên Cứu bị tấn công!
lang_multi_text.db	CommonVoice_Linnai_22_1	3.4	Hội thoại/Cốt truyện	Dữ liệu âm thanh	NPC #100085		看到了吗？那里是它的弱点！	See that? That must be its weak spot!	見えた？あそこが弱点だよ！	Thấy không? Đó là điểm yếu của nó!
lang_multi_text.db	CommonVoice_Linnai_22_2	3.4	Hội thoại/Cốt truyện	Dữ liệu âm thanh	NPC #100085		……注意躲开它的攻击，这里交给我来解决！	You draw its attention. Evasive maneuvers. I'll handle the rest!	……今は回避に集中して。あたしが何とかする！	...Chú ý né tránh đòn tấn công của nó, chỗ này giao cho mình giải quyết!
lang_multi_text.db	CommonVoice_Linnai_23_1	3.4	Hội thoại/Cốt truyện	Dữ liệu âm thanh	NPC #100085		前方急转，坐稳了！	Sharp turn comin' up. Hold tight!	この先は急カーブだよ！しっかり掴まって！	Khúc cua gấp phía trước, ngồi vững nhé!
lang_multi_text.db	CommonVoice_Linnai_25_1	3.4	Hội thoại/Cốt truyện	Dữ liệu âm thanh	NPC #100085		咦，你要去哪儿？	Huh? You heading somewhere?	あれ、どこ行くの？	Hở, cậu đi đâu thế?
lang_multi_text.db	CommonVoice_Linnai_25_2	3.4	Hội thoại/Cốt truyện	Dữ liệu âm thanh	NPC #100085		那……我在目的地等着你！	Well... I'll see you there, then!	じゃあ……目的地で待ってるよ！	Vậy... mình đợi cậu ở điểm đến nhé!
lang_multi_text.db	CommonVoice_Linnai_2_1	3.4	Hội thoại/Cốt truyện	Dữ liệu âm thanh	NPC #100085		跟我来！	With me!	あたしに付いてきて！	Đi theo mình!
lang_multi_text.db	CommonVoice_Linnai_3_1	3.4	Hội thoại/Cốt truyện	Dữ liệu âm thanh	NPC #100085		在那边。	Over there.	あっちだよ。	Ở bên đó.
lang_multi_text.db	CommonVoice_Linnai_4_1	3.4	Hội thoại/Cốt truyện	Dữ liệu âm thanh	NPC #100085		当心！	Heads up!	危ない！	Cẩn thận!
lang_multi_text.db	CommonVoice_Linnai_5_1	3.4	Hội thoại/Cốt truyện	Dữ liệu âm thanh	NPC #100085		有危险。	Contact, dead ahead.	ヤバいかも。	Có nguy hiểm.
lang_multi_text.db	CommonVoice_Linnai_6_1	3.4	Hội thoại/Cốt truyện	Dữ liệu âm thanh	NPC #100085		……要小心了。	...And you say I'm reckless.	……気をつけないと。	...Phải cẩn thận rồi.
lang_multi_text.db	CommonVoice_Linnai_7_1	3.4	Hội thoại/Cốt truyện	Dữ liệu âm thanh	NPC #100085		呵，不过如此嘛。	Heh. All too easy.	ふん、たいしたことないじゃん。	Hơ, cũng chỉ đến thế mà thôi.
lang_multi_text.db	CommonVoice_Linnai_8_1	3.4	Hội thoại/Cốt truyện	Dữ liệu âm thanh	NPC #100085		搞定。	Done and done.	はい、おしまい！	Xong việc.
lang_multi_text.db	CommonVoice_Linnai_9_1	3.4	Hội thoại/Cốt truyện	Dữ liệu âm thanh	NPC #100085		解决了。	Threat neutralized.	片付いたね。	Giải quyết rồi.
lang_multi_text.db	CommonVoice_Luokeke_10_1	3.4	Hội thoại/Cốt truyện	Dữ liệu âm thanh	NPC #1533		来试试吧。	Give it a try.	やってみよう。	Thử xem nào.
lang_multi_text.db	CommonVoice_Luokeke_11_1	3.4	Hội thoại/Cốt truyện	Dữ liệu âm thanh	NPC #1533		不成问题。	We can do it.	簡単だよ。	Không thành vấn đề.
lang_multi_text.db	CommonVoice_Luokeke_12_1	3.4	Hội thoại/Cốt truyện	Dữ liệu âm thanh	NPC #1533		冷静思考……	Think again.	冷静に考えよう。	Bình tĩnh suy nghĩ...
lang_multi_text.db	CommonVoice_Luokeke_13_1	3.4	Hội thoại/Cốt truyện	Dữ liệu âm thanh	NPC #1533		好了。	Alright.	よし。	Được rồi.
lang_multi_text.db	CommonVoice_Luokeke_14_1	3.4	Hội thoại/Cốt truyện	Dữ liệu âm thanh	NPC #1533		结束了。	It's done.	これで終わり。	Kết thúc rồi.
lang_multi_text.db	CommonVoice_Luokeke_15_1	3.4	Hội thoại/Cốt truyện	Dữ liệu âm thanh	NPC #1533		辛苦了。	Good job.	お疲れ様。	Vất vả rồi.
lang_multi_text.db	CommonVoice_Luokeke_16_1	3.4	Hội thoại/Cốt truyện	Dữ liệu âm thanh	NPC #1533		好样的。	Well done.	すごいね。	Giỏi lắm.
lang_multi_text.db	CommonVoice_Luokeke_17_1	3.4	Hội thoại/Cốt truyện	Dữ liệu âm thanh	NPC #1533		很棒。	Excellent.	ビックリした。	Tuyệt vời.
lang_multi_text.db	CommonVoice_Luokeke_18_1	3.4	Hội thoại/Cốt truyện	Dữ liệu âm thanh	NPC #1533		佩洛也在对你表示赞赏。	Pero thinks you're amazing.	ペロも褒めてるよ。	Pero cũng đang khen ngợi cậu đấy.
lang_multi_text.db	CommonVoice_Luokeke_19_1	3.4	Hội thoại/Cốt truyện	Dữ liệu âm thanh	NPC #1533		那个方向，不对。	You're going the wrong way.	そっちじゃない。	Hướng đó, sai rồi.
lang_multi_text.db	CommonVoice_Luokeke_1_1	3.4	Hội thoại/Cốt truyện	Dữ liệu âm thanh	NPC #1533		走这边。	This way.	こっち。	Đi lối này.
lang_multi_text.db	CommonVoice_Luokeke_20_1	3.4	Hội thoại/Cốt truyện	Dữ liệu âm thanh	NPC #1533		那边危险，快回来。	It's dangerous there. Come back.	危ない、戻ろう。	Bên đó nguy hiểm, mau quay lại.
lang_multi_text.db	CommonVoice_Luokeke_21_1	3.4	Hội thoại/Cốt truyện	Dữ liệu âm thanh	NPC #1533		要去哪里？不要走太远。	Where are you going? Don't go too far.	どこ行くの？あまり遠くに行かないで。	Cậu định đi đâu? Đừng đi quá xa.
lang_multi_text.db	CommonVoice_Luokeke_22_1	3.4	Hội thoại/Cốt truyện	Dữ liệu âm thanh	NPC #1533		还好吗？	Are you alright?	大丈夫？	Vẫn ổn chứ?
lang_multi_text.db	CommonVoice_Luokeke_23_1	3.4	Hội thoại/Cốt truyện	Dữ liệu âm thanh	NPC #1533		要休息下吗？	Do you need a break?	少し休む？	Cần nghỉ ngơi một lát không?
lang_multi_text.db	CommonVoice_Luokeke_24_1	3.4	Hội thoại/Cốt truyện	Dữ liệu âm thanh	NPC #1533		先休息一会儿吧。	Let's get some rest first.	休憩しよう。	Nghỉ ngơi trước một lát nhé.
lang_multi_text.db	CommonVoice_Luokeke_2_1	3.4	Hội thoại/Cốt truyện	Dữ liệu âm thanh	NPC #1533		跟紧我。	Follow me.	付いてきて。	Theo sát mình.
lang_multi_text.db	CommonVoice_Luokeke_3_1	3.4	Hội thoại/Cốt truyện	Dữ liệu âm thanh	NPC #1533		这个方向。	Here.	この方向だよ。	Hướng này.
lang_multi_text.db	CommonVoice_Luokeke_4_1	3.4	Hội thoại/Cốt truyện	Dữ liệu âm thanh	NPC #1533		当心。	Careful.	気をつけて。	Cẩn thận.
lang_multi_text.db	CommonVoice_Luokeke_5_1	3.4	Hội thoại/Cốt truyện	Dữ liệu âm thanh	NPC #1533		我们上。	Time to shine.	来たよ。	Tiến lên thôi.
lang_multi_text.db	CommonVoice_Luokeke_6_1	3.4	Hội thoại/Cốt truyện	Dữ liệu âm thanh	NPC #1533		不需要手下留情。	Don't hold back.	手加減は必要ない。	Không cần nương tay.
lang_multi_text.db	CommonVoice_Luokeke_7_1	3.4	Hội thoại/Cốt truyện	Dữ liệu âm thanh	NPC #1533		走吧。	Let's go.	行こう。	Đi thôi.
lang_multi_text.db	CommonVoice_Luokeke_8_1	3.4	Hội thoại/Cốt truyện	Dữ liệu âm thanh	NPC #1533		我们走。	Come on.	行くよ。	Chúng ta đi.
lang_multi_text.db	CommonVoice_Luokeke_9_1	3.4	Hội thoại/Cốt truyện	Dữ liệu âm thanh	NPC #1533		要行动起来了。	Let's get moving.	任務開始。	Phải hành động rồi.
lang_multi_text.db	CommonVoice_Moning_17_1	3.4	Hội thoại/Cốt truyện	Dữ liệu âm thanh	NPC #100099		你想要再休息一会吗？	Would you like to rest?	もうしばらく休みますか？	Anh muốn nghỉ ngơi thêm chút nữa không?
lang_multi_text.db	CommonVoice_Moning_18_1	3.4	Hội thoại/Cốt truyện	Dữ liệu âm thanh	NPC #100099		我就在旁边等你。	I'll wait for you here.	私はここで待っています。	Em sẽ đợi ở bên cạnh.
lang_multi_text.db	CommonVoice_Moning_19_1	3.4	Hội thoại/Cốt truyện	Dữ liệu âm thanh	NPC #100099		小心。	Careful.	気をつけてください。	Cẩn thận.
lang_multi_text.db	CommonVoice_Moning_20_1	3.4	Hội thoại/Cốt truyện	Dữ liệu âm thanh	NPC #100099		注意危险。	Watch out.	危険です。	Cẩn thận nguy hiểm.
lang_multi_text.db	CommonVoice_Moning_25_1	3.4	Hội thoại/Cốt truyện	Dữ liệu âm thanh	NPC #100099		嗯？	Eh?	あれ？	Hửm?
lang_multi_text.db	CommonVoice_Moning_28_1	3.4	Hội thoại/Cốt truyện	Dữ liệu âm thanh	NPC #100099		快速处理一下吧。	Let's wrap this up quickly.	速やかに始末しましょう。	Xử lý nhanh nhé.
lang_multi_text.db	CommonVoice_Moning_29_1	3.4	Hội thoại/Cốt truyện	Dữ liệu âm thanh	Diễn Viên Số 1		前辈？你的头发要被风吹乱了……	Mentor, the wind may have... messed your hair...?	先輩？髪が風で崩れそうですが……	Tiền bối? Tóc anh sắp bị gió thổi rối bù lên rồi...
lang_multi_text.db	CommonVoice_Moning_2_1	3.4	Hội thoại/Cốt truyện	Dữ liệu âm thanh	NPC #100099		走这边。	Let's walk this way.	こちらです。	Đi lối này.
lang_multi_text.db	CommonVoice_Moning_30_1	3.4	Hội thoại/Cốt truyện	Dữ liệu âm thanh	NPC #100099		检测到目标能量信号增强。前辈，多加小心。	I'm detecting strong energy signals from the target. Please be careful.	目標のエナジーシグナル増加を検知。先輩、気をつけてください。	Phát hiện tín hiệu năng lượng của mục tiêu tăng mạnh. Tiền bối, cẩn thận nhé.
lang_multi_text.db	CommonVoice_Moning_31_1	3.4	Hội thoại/Cốt truyện	Dữ liệu âm thanh	NPC #100099		前辈，注意它的位置。	Watch its position, Mentor.	先輩、敵の位置に注意してください。	Tiền bối, chú ý vị trí của nó.
lang_multi_text.db	CommonVoice_Moning_32_1	3.4	Hội thoại/Cốt truyện	Dữ liệu âm thanh	NPC #100099		启用最大输出功率，全力压制目标！	Initiating max power output. Suppressing target!	最大出力で目標を押さえます！	Bật công suất đầu ra tối đa, dốc toàn lực áp chế mục tiêu!
lang_multi_text.db	CommonVoice_Moning_33_1	3.4	Hội thoại/Cốt truyện	Dữ liệu âm thanh	NPC #100099		压制完成，前辈，趁现在。	Suppression complete. Now's your chance!	制圧完了……先輩、今です。	Áp chế hoàn tất, tiền bối, nhân lúc này.
lang_multi_text.db	CommonVoice_Moning_3_1	3.4	Hội thoại/Cốt truyện	Dữ liệu âm thanh	NPC #100099		在这里。	Over here.	この方向です。	Ở đây.
lang_multi_text.db	CommonVoice_Moning_6_1	3.4	Hội thoại/Cốt truyện	Dữ liệu âm thanh	NPC #100099		那里好像有什么……	There's something over there...	あそこに何かあるようですね……	Hình như có gì đó ở chỗ kia...
lang_multi_text.db	CommonVoice_Moning_7_1	3.4	Hội thoại/Cốt truyện	Dữ liệu âm thanh	NPC #100099		该出发了。	Time to go.	出発の時間です。	Đến giờ xuất phát rồi.
lang_multi_text.db	CommonVoice_Moning_8_1	3.4	Hội thoại/Cốt truyện	Dữ liệu âm thanh	NPC #100099		我们走吧。	Let's go.	行きましょう。	Chúng ta đi thôi.
lang_multi_text.db	CommonVoice_Moning_9_1	3.4	Hội thoại/Cốt truyện	Dữ liệu âm thanh	NPC #100099		嗯，并肩行动。	Let's tackle this together.	ええ、一緒に行動しましょう。	Ừm, cùng hành động nào.
lang_multi_text.db	CommonVoice_Zanni_10_1	3.4	Hội thoại/Cốt truyện	Dữ liệu âm thanh	NPC #1477		做得好。	Well done.	よくやった。	Làm tốt lắm.
lang_multi_text.db	CommonVoice_Zanni_1_1	3.4	Hội thoại/Cốt truyện	Dữ liệu âm thanh	NPC #1477		往这边走吧。	Here.	こっちに行こう。	Đi hướng này đi.
lang_multi_text.db	CommonVoice_Zanni_2_1	3.4	Hội thoại/Cốt truyện	Dữ liệu âm thanh	NPC #1477		这个方向。	This way.	こっちだ。	Hướng này.
lang_multi_text.db	CommonVoice_Zanni_3_1	3.4	Hội thoại/Cốt truyện	Dữ liệu âm thanh	NPC #1477		走，跟我来。	Come, follow me.	付いてきて。	Đi, theo tôi.
lang_multi_text.db	CommonVoice_Zanni_4_1	3.4	Hội thoại/Cốt truyện	Dữ liệu âm thanh	NPC #1477		注意了。	Attention.	気を引き締めよう。	Chú ý.
lang_multi_text.db	CommonVoice_Zanni_5_1	3.4	Hội thoại/Cốt truyện	Dữ liệu âm thanh	NPC #1477		已就位。	I'm in place.	いつでも行ける。	Đã vào vị trí.
lang_multi_text.db	CommonVoice_Zanni_6_1	3.4	Hội thoại/Cốt truyện	Dữ liệu âm thanh	NPC #1477		准备好。	Brace yourself.	戦闘の準備を。	Chuẩn bị sẵn sàng.
lang_multi_text.db	CommonVoice_Zanni_7_1	3.4	Hội thoại/Cốt truyện	Dữ liệu âm thanh	NPC #1477		试试看？	Shall we try?	やってみようか？	Thử xem sao?
lang_multi_text.db	CommonVoice_Zanni_8_1	3.4	Hội thoại/Cốt truyện	Dữ liệu âm thanh	NPC #1477		真是强大的执行力。	Impressive execution.	実行完了だね。	Sức mạnh thực thi tuyệt vời.
lang_multi_text.db	CommonVoice_Zanni_9_1	3.4	Hội thoại/Cốt truyện	Dữ liệu âm thanh	NPC #1477		效率挺高。	That was fast.	効率良く動けたね。	Hiệu suất khá cao.
lang_multi_text.db	MusicDes_10000001_Text	3.4	Hội thoại/Cốt truyện	Dữ liệu âm thanh			登陆索拉里斯时的背景音乐，初次登录游戏时解锁该曲目。	Background music played while landing on Solaris-3. Unlocked upon first-time login.	ソラリスにログインする時のBGM。初めてゲームにログインすることで解放。	Nhạc nền khi hạ cánh xuống Solaris-3, mở khóa bản nhạc này khi lần đầu đăng nhập game.
lang_multi_text.db	MusicDes_10000002_Text	3.4	Hội thoại/Cốt truyện	Dữ liệu âm thanh			乘霄山的背景音乐。	Background music of Mt. Firmament.	乗霄山のBGM。	Nhạc nền của núi Thừa Tiêu.
lang_multi_text.db	MusicDes_10000003_Text	3.4	Hội thoại/Cốt truyện	Dữ liệu âm thanh			与今汐初次相会时的背景音乐。	Background music played during your first encounter with Jinhsi.	今汐に初めて会う時のBGM。	Nhạc nền khi lần đầu gặp gỡ Jinhsi.
lang_multi_text.db	MusicDes_10000004_Text	3.4	Hội thoại/Cốt truyện	Dữ liệu âm thanh			记录着思念重要之人的心情的背景音乐。	Background music that captures the mood of missing someone important.	大切な人を思う気持ちを記録したBGM。	Nhạc nền ghi lại tâm trạng nhớ nhung người quan trọng.
lang_multi_text.db	MusicDes_10000005_Text	3.4	Hội thoại/Cốt truyện	Dữ liệu âm thanh			伴星任务「啸野归城」的主题背景音乐。	Theme music of Companion Story "Wild Heart's Return."	連星任務「荒野からの帰還」のテーマBGM。	Nhạc nền chủ đề của Nhiệm Vụ Đồng Hành "Hú Sói Về Thành".
lang_multi_text.db	MusicDes_10000006_Text	3.4	Hội thoại/Cốt truyện	Dữ liệu âm thanh			无光之森的背景音乐。	Background music of the Dim Forest.	光なき森のBGM。	Nhạc nền của Rừng Vô Quang.
lang_multi_text.db	MusicDes_10000007_Text	3.4	Hội thoại/Cốt truyện	Dữ liệu âm thanh			潮汐任务「往岁乘霄醒惊蛰」的决战主题音乐。	Background music played during the final battle in Main Quest "Thaw of Eons."	潮汐任務「春雷明かす乗霄の暗雲」の決戦時のBGM。	Nhạc nền chủ đề trận quyết chiến trong Nhiệm vụ Minh Triều "Kinh Trập Của Chuyến Đi Lên Mây Những Năm Trở Trước".
lang_multi_text.db	MusicDes_10000008_Text	3.4	Hội thoại/Cốt truyện	Dữ liệu âm thanh			伴星任务「离火弈长生」的主题背景音乐。	Theme music of Companion Story "Immortal Blaze."	連星任務「盤上に長く灯る離火」のテーマBGM。	Nhạc nền chủ đề của Nhiệm Vụ Đồng Hành "Ly Hỏa Dịch Trường Sinh".
lang_multi_text.db	MusicDes_10000009_Text	3.4	Hội thoại/Cốt truyện	Dữ liệu âm thanh			伴星任务「自问丹青」的主题背景音乐。	Theme music of Companion Story "True Colors."	連星任務「悔いなき筆振り」のテーマBGM。	Nhạc nền chủ đề của Nhiệm Vụ Đồng Hành "Tự Hỏi Đan Thanh".
lang_multi_text.db	MusicDes_10000010_Text	3.4	Hội thoại/Cốt truyện	Dữ liệu âm thanh			与长离一同前往乘霄山时的背景音乐。	Background music played during your journey into Mt. Firmament with Changli.	長離と一緒に乗霄山に向かう時のBGM。	Nhạc nền khi cùng Changli đến núi Thừa Tiêu.
lang_multi_text.db	MusicDes_10000011_Text	3.4	Hội thoại/Cốt truyện	Dữ liệu âm thanh			与角对决时的背景音乐。	Background music played during your showdown with Jué.	角と対決する時のBGM。	Nhạc nền khi đối đầu với Giác.
lang_multi_text.db	MusicDes_10000012_Text	3.4	Hội thoại/Cốt truyện	Dữ liệu âm thanh			潮汐任务「往岁乘霄醒惊蛰」的主题背景音乐。	Theme music of Main Quest "Thaw of Eons."	潮汐任務「春雷明かす乗霄の暗雲」のテーマBGM。	Nhạc nền chủ đề của Nhiệm vụ Minh Triều "Kinh Trập Của Chuyến Đi Lên Mây Những Năm Trở Trước".
lang_multi_text.db	MusicDes_12000001_Text	3.4	Hội thoại/Cốt truyện	Dữ liệu âm thanh			迷失的灵魂，请尽情地重生吧。	Lost soul, be reborn as you please.	夢は醒めぬ、永久の輪廻。	Linh hồn lạc lối, xin hãy tái sinh thỏa thích đi.
lang_multi_text.db	MusicDes_12000002_Text	3.4	Hội thoại/Cốt truyện	Dữ liệu âm thanh			迷失的灵魂，请尽情地重生吧。	Lost soul, be reborn as you please.	夢は醒めぬ、永久の輪廻。	Linh hồn lạc lối, xin hãy tái sinh thỏa thích đi.
lang_multi_text.db	MusicDes_12000003_Text	3.4	Hội thoại/Cốt truyện	Dữ liệu âm thanh			迷失的灵魂，请尽情地重生吧。	Lost soul, be reborn as you please.	夢は醒めぬ、永久の輪廻。	Linh hồn lạc lối, xin hãy tái sinh thỏa thích đi.
lang_multi_text.db	MusicDes_12000004_Text	3.4	Hội thoại/Cốt truyện	Dữ liệu âm thanh			迷失的灵魂，请尽情地重生吧。	Lost soul, be reborn as you please.	夢は醒めぬ、永久の輪廻。	Linh hồn lạc lối, xin hãy tái sinh thỏa thích đi.
lang_multi_text.db	MusicDes_12000005_Text	3.4	Hội thoại/Cốt truyện	Dữ liệu âm thanh			让赛场听见我胜利的怒吼，别无所求。	Let the arena hear my victorious roar, I desire nothing else.	上げる勝利の咆哮、それ以外は何も望まない。	Hãy để đấu trường nghe thấy tiếng gầm chiến thắng của ta, không cầu gì hơn.
lang_multi_text.db	MusicDes_12000006_Text	3.4	Hội thoại/Cốt truyện	Dữ liệu âm thanh			哒~哒啦哒哒哒啦~哒哒哒啦哒啦哒~	La~Ladiladiladila~Lalalaladida~	ダ〜ダラダダダラ〜ダダダラダラダ〜	Da~Daladadadala~Dadadaladalada~
lang_multi_text.db	MusicDes_12000007_Text	3.4	Hội thoại/Cốt truyện	Dữ liệu âm thanh			哒~哒啦哒哒哒啦~哒哒哒啦哒啦哒~	La~Ladiladiladila~Lalalaladida~	ダ〜ダラダダダラ〜ダダダラダラダ〜	Da~Daladadadala~Dadadaladalada~
lang_multi_text.db	MusicDes_12000008_Text	3.4	Hội thoại/Cốt truyện	Dữ liệu âm thanh			哒~哒啦哒哒哒啦~哒哒哒啦哒啦哒~	La~Ladiladiladila~Lalalaladida~	ダ〜ダラダダダラ〜ダダダラダラダ〜	Da~Daladadadala~Dadadaladalada~
lang_multi_text.db	MusicDes_12000009_Text	3.4	Hội thoại/Cốt truyện	Dữ liệu âm thanh			哒~哒啦哒哒哒啦~哒哒哒啦哒啦哒~	La~Ladiladiladila~Lalalaladida~	ダ〜ダラダダダラ〜ダダダラダラダ〜	Da~Daladadadala~Dadadaladalada~
lang_multi_text.db	MusicDes_12000010_Text	3.4	Hội thoại/Cốt truyện	Dữ liệu âm thanh			哒~哒啦哒哒哒啦~哒哒哒啦哒啦哒~	La~Ladiladiladila~Lalalaladida~	ダ〜ダラダダダラ〜ダダダラダラダ〜	Da~Daladadadala~Dadadaladalada~
lang_multi_text.db	MusicDes_12000011_Text	3.4	Hội thoại/Cốt truyện	Dữ liệu âm thanh			哒~哒啦哒哒哒啦~哒哒哒啦哒啦哒~	La~Ladiladiladila~Lalalaladida~	ダ〜ダラダダダラ〜ダダダラダラダ〜	Da~Daladadadala~Dadadaladalada~
lang_multi_text.db	MusicDes_12000012_Text	3.4	Hội thoại/Cốt truyện	Dữ liệu âm thanh			哒~哒啦哒哒哒啦~哒哒哒啦哒啦哒~	La~Ladiladiladila~Lalalaladida~	ダ〜ダラダダダラ〜ダダダラダラダ〜	Da~Daladadadala~Dadadaladalada~
lang_multi_text.db	MusicDes_12000013_Text	3.4	Hội thoại/Cốt truyện	Dữ liệu âm thanh			若自由必需穿过波涛，就把冠冕熔成飞鸟；在风潮的尽头，看鸢尾绽放。	If freedom must pierce the waves, then melt the crown into a bird. At the end of the storm, watch the irises bloom.	波の向こうに自由があるのなら――冠を融かし、飛び立つ鳥に変えよう。風の果てで、アイリスの花は咲き誇る。	Nếu sự tự do bắt buộc phải xuyên qua sóng lớn, thì hãy nung chảy vương miện thành chim trời; ở tận cùng của cơn bão, ngắm nhìn hoa diên vĩ nở rộ.
lang_multi_text.db	MusicDes_12000014_Text	3.4	Hội thoại/Cốt truyện	Dữ liệu âm thanh			Lulala, Lululala, Lulala~	Lulala, Lululala, Lulala~	Lulala, Lululala, Lulala~	Lulala, Lululala, Lulala~
lang_multi_text.db	MusicDes_12000015_Text	3.4	Hội thoại/Cốt truyện	Dữ liệu âm thanh			Lulala, Lululala, Lulala~	Lulala, Lululala, Lulala~	Lulala, Lululala, Lulala~	Lulala, Lululala, Lulala~
lang_multi_text.db	MusicDes_12000016_Text	3.4	Hội thoại/Cốt truyện	Dữ liệu âm thanh			Lulala, Lululala, Lulala~	Lulala, Lululala, Lulala~	Lulala, Lululala, Lulala~	Lulala, Lululala, Lulala~
lang_multi_text.db	MusicDes_12000017_Text	3.4	Hội thoại/Cốt truyện	Dữ liệu âm thanh			Lulala, Lululala, Lulala~	Lulala, Lululala, Lulala~	Lulala, Lululala, Lulala~	Lulala, Lululala, Lulala~
lang_multi_text.db	MusicDes_12000018_Text	3.4	Hội thoại/Cốt truyện	Dữ liệu âm thanh			北落野的晨露，乘霄山的融雪，海岸的波纹，千岛的怒涛……\n微小的水滴因你汇聚成了奔流不息的浪潮。\n奔流，因你不息！	The morning dew of Norfall Barrens. The melting snow of Mt. Firmament. The ripples over the Shores. The angry waves of the Thousand Isles...\nTiny water drops gather because of you, forming an endless flowing tide.\nThe tide continues endlessly because of you!	北落野原の朝露、乗霄山の雪解け、海岸のさざ波、島々を打つ怒涛……\nあなたが束ねてくれた小さな雫は、やがて絶え間なくうねる大波へ。\nあなたがいるから、潮は果てなく流れゆく！	Sương mai của Bình Nguyên Norfall, tuyết tan ở núi Thừa Tiêu, gợn sóng của Bờ Biển Đen, sóng dữ của Quần Đảo Thousand Isles...\nNhững giọt nước nhỏ bé vì cậu mà tụ tập thành một làn sóng cuồn cuộn không ngừng.\nCuộn chảy, vì cậu mà không ngừng nghỉ!
lang_multi_text.db	MusicDes_12000019_Text	3.4	Hội thoại/Cốt truyện	Dữ liệu âm thanh			北落野的晨露，乘霄山的融雪，海岸的波纹，千岛的怒涛……\n微小的水滴因你汇聚成了奔流不息的浪潮。\n奔流，因你不息！	The morning dew of Norfall Barrens. The melting snow of Mt. Firmament. The ripples over the Shores. The angry waves of the Thousand Isles...\nTiny water drops gather because of you, forming an endless flowing tide.\nThe tide continues endlessly because of you!	北落野原の朝露、乗霄山の雪解け、海岸のさざ波、島々を打つ怒涛……\nあなたが束ねてくれた小さな雫は、やがて絶え間なくうねる大波へ。\nあなたがいるから、潮は果てなく流れゆく！	Sương mai của Bình Nguyên Norfall, tuyết tan ở núi Thừa Tiêu, gợn sóng của Bờ Biển Đen, sóng dữ của Quần Đảo Thousand Isles...\nNhững giọt nước nhỏ bé vì cậu mà tụ tập thành một làn sóng cuồn cuộn không ngừng.\nCuộn chảy, vì cậu mà không ngừng nghỉ!
lang_multi_text.db	MusicDes_12000020_Text	3.4	Hội thoại/Cốt truyện	Dữ liệu âm thanh			北落野的晨露，乘霄山的融雪，海岸的波纹，千岛的怒涛……\n微小的水滴因你汇聚成了奔流不息的浪潮。\n奔流，因你不息！	The morning dew of Norfall Barrens. The melting snow of Mt. Firmament. The ripples over the Shores. The angry waves of the Thousand Isles...\nTiny water drops gather because of you, forming an endless flowing tide.\nThe tide continues endlessly because of you!	北落野原の朝露、乗霄山の雪解け、海岸のさざ波、島々を打つ怒涛……\nあなたが束ねてくれた小さな雫は、やがて絶え間なくうねる大波へ。\nあなたがいるから、潮は果てなく流れゆく！	Sương mai của Bình Nguyên Norfall, tuyết tan ở núi Thừa Tiêu, gợn sóng của Bờ Biển Đen, sóng dữ của Quần Đảo Thousand Isles...\nNhững giọt nước nhỏ bé vì cậu mà tụ tập thành một làn sóng cuồn cuộn không ngừng.\nCuộn chảy, vì cậu mà không ngừng nghỉ!
lang_multi_text.db	MusicDes_12000021_Text	3.4	Hội thoại/Cốt truyện	Dữ liệu âm thanh			北落野的晨露，乘霄山的融雪，海岸的波纹，千岛的怒涛……\n微小的水滴因你汇聚成了奔流不息的浪潮。\n奔流，因你不息！	The morning dew of Norfall Barrens. The melting snow of Mt. Firmament. The ripples over the Shores. The angry waves of the Thousand Isles...\nTiny water drops gather because of you, forming an endless flowing tide.\nThe tide continues endlessly because of you!	北落野原の朝露、乗霄山の雪解け、海岸のさざ波、島々を打つ怒涛……\nあなたが束ねてくれた小さな雫は、やがて絶え間なくうねる大波へ。\nあなたがいるから、潮は果てなく流れゆく！	Sương mai của Bình Nguyên Norfall, tuyết tan ở núi Thừa Tiêu, gợn sóng của Bờ Biển Đen, sóng dữ của Quần Đảo Thousand Isles...\nNhững giọt nước nhỏ bé vì cậu mà tụ tập thành một làn sóng cuồn cuộn không ngừng.\nCuộn chảy, vì cậu mà không ngừng nghỉ!
lang_multi_text.db	MusicDes_12000022_Text	3.4	Hội thoại/Cốt truyện	Dữ liệu âm thanh			......再来个自愿的义务加班。	...Another round of enforced voluntary overtime.	……ボランティア残業もう一丁。	...... Lại thêm một buổi tự nguyện tăng ca nghĩa vụ nữa.
lang_multi_text.db	MusicDes_12000023_Text	3.4	Hội thoại/Cốt truyện	Dữ liệu âm thanh			......再来个自愿的义务加班。	...Another round of enforced voluntary overtime.	……ボランティア残業もう一丁。	...... Lại thêm một buổi tự nguyện tăng ca nghĩa vụ nữa.
lang_multi_text.db	MusicDes_12000024_Text	3.4	Hội thoại/Cốt truyện	Dữ liệu âm thanh			......再来个自愿的义务加班。	...Another round of enforced voluntary overtime.	……ボランティア残業もう一丁。	...... Lại thêm một buổi tự nguyện tăng ca nghĩa vụ nữa.
lang_multi_text.db	MusicDes_12000025_Text	3.4	Hội thoại/Cốt truyện	Dữ liệu âm thanh			......再来个自愿的义务加班。	...Another round of enforced voluntary overtime.	……ボランティア残業もう一丁。	...... Lại thêm một buổi tự nguyện tăng ca nghĩa vụ nữa.
lang_multi_text.db	MusicDes_12000026_Text	3.4	Hội thoại/Cốt truyện	Dữ liệu âm thanh			这片海会包容一切的遗忘与深爱。	This sea will embrace all that is forgotten and the deepest of love.	この海が全てを包み込む。	Vùng biển này sẽ bao dung mọi sự lãng quên và tình yêu sâu đậm.
lang_multi_text.db	MusicDes_12000027_Text	3.4	Hội thoại/Cốt truyện	Dữ liệu âm thanh			这片海会包容一切的遗忘与深爱。	This sea will embrace all that is forgotten and the deepest of love.	この海が全てを包み込む。	Vùng biển này sẽ bao dung mọi sự lãng quên và tình yêu sâu đậm.
lang_multi_text.db	MusicDes_12000028_Text	3.4	Hội thoại/Cốt truyện	Dữ liệu âm thanh			这片海会包容一切的遗忘与深爱。	This sea will embrace all that is forgotten and the deepest of love.	この海が全てを包み込む。	Vùng biển này sẽ bao dung mọi sự lãng quên và tình yêu sâu đậm.
lang_multi_text.db	MusicDes_12000029_Text	3.4	Hội thoại/Cốt truyện	Dữ liệu âm thanh			这片海会包容一切的遗忘与深爱。	This sea will embrace all that is forgotten and the deepest of love.	この海が全てを包み込む。	Vùng biển này sẽ bao dung mọi sự lãng quên và tình yêu sâu đậm.
lang_multi_text.db	MusicDes_12000030_Text	3.4	Hội thoại/Cốt truyện	Dữ liệu âm thanh			惊涛骇浪只不过是一点浪花，撼动不了我们的航向。放声高歌！欢呼吧！	Fierce waves and tumultuous storms are merely splashes of water, unable to drive us off course. Sing loudly! Cheer joyously!	荒れ狂う波も、ただのさざ波に過ぎん！俺たちの航路は揺るがない！ 声を上げろ！歓声をとどろかせろ！	Sóng to gió lớn chẳng qua cũng chỉ là một chút bọt nước, không thể lay chuyển hướng đi của chúng ta. Hát vang lên! Hoan hô đi!
lang_multi_text.db	MusicDes_12000031_Text	3.4	Hội thoại/Cốt truyện	Dữ liệu âm thanh			惊涛骇浪只不过是一点浪花，撼动不了我们的航向。放声高歌！欢呼吧！	Fierce waves and tumultuous storms are merely splashes of water, unable to drive us off course. Sing loudly! Cheer joyously!	荒れ狂う波も、ただのさざ波に過ぎん！俺たちの航路は揺るがない！ 声を上げろ！歓声をとどろかせろ！	Sóng to gió lớn chẳng qua cũng chỉ là một chút bọt nước, không thể lay chuyển hướng đi của chúng ta. Hát vang lên! Hoan hô đi!
lang_multi_text.db	MusicDes_12000032_Text	3.4	Hội thoại/Cốt truyện	Dữ liệu âm thanh			惊涛骇浪只不过是一点浪花，撼动不了我们的航向。放声高歌！欢呼吧！	Fierce waves and tumultuous storms are merely splashes of water, unable to drive us off course. Sing loudly! Cheer joyously!	荒れ狂う波も、ただのさざ波に過ぎん！俺たちの航路は揺るがない！ 声を上げろ！歓声をとどろかせろ！	Sóng to gió lớn chẳng qua cũng chỉ là một chút bọt nước, không thể lay chuyển hướng đi của chúng ta. Hát vang lên! Hoan hô đi!
lang_multi_text.db	MusicDes_12000033_Text	3.4	Hội thoại/Cốt truyện	Dữ liệu âm thanh			惊涛骇浪只不过是一点浪花，撼动不了我们的航向。放声高歌！欢呼吧！	Fierce waves and tumultuous storms are merely splashes of water, unable to drive us off course. Sing loudly! Cheer joyously!	荒れ狂う波も、ただのさざ波に過ぎん！俺たちの航路は揺るがない！ 声を上げろ！歓声をとどろかせろ！	Sóng to gió lớn chẳng qua cũng chỉ là một chút bọt nước, không thể lay chuyển hướng đi của chúng ta. Hát vang lên! Hoan hô đi!
lang_multi_text.db	MusicDes_12000034_Text	3.4	Hội thoại/Cốt truyện	Dữ liệu âm thanh			将扶风水畔的一朵朵雏菊，编织成这一顶雏菊冠。它让你知晓：无论相隔多远，我们都能将温暖分享给彼此。	Weave the daisies by Whisperwind Haven into a daisy crown. It tells you: no matter how far apart we are, we can still find warmth in each other.	そよ風のヘイヴンで咲いたデイジーを編み込んで、この冠を作り上げました。それは、どれだけ遠く離れていても、お互いの温もりが届き合うことを教えてくれるのです。	Bện từng đóa hoa cúc bên bờ nước Whisperwind thành chiếc vòng hoa cúc này. Nó cho bạn biết: Dù cách xa bao nhiêu, chúng ta đều có thể chia sẻ hơi ấm cho nhau.
lang_multi_text.db	MusicDes_12000035_Text	3.4	Hội thoại/Cốt truyện	Dữ liệu âm thanh			将扶风水畔的一朵朵雏菊，编织成这一顶雏菊冠。它让你知晓：无论相隔多远，我们都能将温暖分享给彼此。	Weave the daisies by Whisperwind Haven into a daisy crown. It tells you: no matter how far apart we are, we can still find warmth in each other.	そよ風のヘイヴンで咲いたデイジーを編み込んで、この冠を作り上げました。それは、どれだけ遠く離れていても、お互いの温もりが届き合うことを教えてくれるのです。	Bện từng đóa hoa cúc bên bờ nước Whisperwind thành chiếc vòng hoa cúc này. Nó cho bạn biết: Dù cách xa bao nhiêu, chúng ta đều có thể chia sẻ hơi ấm cho nhau.
lang_multi_text.db	MusicDes_12000036_Text	3.4	Hội thoại/Cốt truyện	Dữ liệu âm thanh			将扶风水畔的一朵朵雏菊，编织成这一顶雏菊冠。它让你知晓：无论相隔多远，我们都能将温暖分享给彼此。	Weave the daisies by Whisperwind Haven into a daisy crown. It tells you: no matter how far apart we are, we can still find warmth in each other.	そよ風のヘイヴンで咲いたデイジーを編み込んで、この冠を作り上げました。それは、どれだけ遠く離れていても、お互いの温もりが届き合うことを教えてくれるのです。	Bện từng đóa hoa cúc bên bờ nước Whisperwind thành chiếc vòng hoa cúc này. Nó cho bạn biết: Dù cách xa bao nhiêu, chúng ta đều có thể chia sẻ hơi ấm cho nhau.
lang_multi_text.db	MusicDes_12000037_Text	3.4	Hội thoại/Cốt truyện	Dữ liệu âm thanh			将扶风水畔的一朵朵雏菊，编织成这一顶雏菊冠。它让你知晓：无论相隔多远，我们都能将温暖分享给彼此。	Weave the daisies by Whisperwind Haven into a daisy crown. It tells you: no matter how far apart we are, we can still find warmth in each other.	そよ風のヘイヴンで咲いたデイジーを編み込んで、この冠を作り上げました。それは、どれだけ遠く離れていても、お互いの温もりが届き合うことを教えてくれるのです。	Bện từng đóa hoa cúc bên bờ nước Whisperwind thành chiếc vòng hoa cúc này. Nó cho bạn biết: Dù cách xa bao nhiêu, chúng ta đều có thể chia sẻ hơi ấm cho nhau.
lang_multi_text.db	MusicDes_12000038_Text	3.4	Hội thoại/Cốt truyện	Dữ liệu âm thanh			一颗颗被拾起、连结的海萤石，是船葬滩上的遗落之光，是永远相伴的我们。	Luceanites plucked from the sand and strung together are the lights lost on the Strand, binding us together forever.	繋がるルーシャンナイトは、一度失われ、また拾い集めた光、そして別れることのない私たちの証。	Từng viên Luceanite được nhặt lên, kết nối lại, là ánh sáng bị lãng quên trên Bãi Chôn Tàu, là chúng ta mãi mãi ở bên nhau.
lang_multi_text.db	MusicDes_12000039_Text	3.4	Hội thoại/Cốt truyện	Dữ liệu âm thanh			在虹音塔顶端俯瞰万家灯火时的背景音乐。	Background music played while looking down at the lights on top of Neon Tower.	ネオンタワーの頂上から街の灯火を見下ろす時のBGM。	Nhạc nền khi nhìn xuống ánh đèn rực rỡ từ trên đỉnh Tháp Neon.
lang_multi_text.db	MusicDes_12000040_Text	3.4	Hội thoại/Cốt truyện	Dữ liệu âm thanh			穗波市的背景音乐	Background music in Honami City.	穂波市のBGM。	Nhạc nền của thành phố Honami
lang_multi_text.db	MusicDes_12000041_Text	3.4	Hội thoại/Cốt truyện	Dữ liệu âm thanh			与「群骸挽歌」决战时的背景音乐	Background played when battling the Elegy of the Fallen.	「音骸たちのレクイエム」と決戦する時のBGM。	Nhạc nền khi quyết chiến với "Khúc Ca Tàn Hài"
lang_multi_text.db	MusicDes_12000042_Text	3.4	Hội thoại/Cốt truyện	Dữ liệu âm thanh			「列车长咖啡厅」未经修葺时的背景音乐	Background music in the unrenovated Shashou Cafe.	リニューアル前の「車掌カフェ」のBGM。	Nhạc nền khi "Quán Cà Phê Trưởng Tàu" chưa được sửa chữa
lang_multi_text.db	MusicDes_12000043_Text	3.4	Hội thoại/Cốt truyện	Dữ liệu âm thanh			坠入穗波市时的背景音乐	Background music played when falling into Honami City.	穂波市へ落ちていく時のBGM。	Nhạc nền khi rơi xuống thành phố Honami
lang_multi_text.db	MusicDes_12000044_Text	3.4	Hội thoại/Cốt truyện	Dữ liệu âm thanh			虹音塔的背景音乐	Background music in Neon Tower.	ネオンタワーのBGM。	Nhạc nền của Tháp Neon
lang_multi_text.db	MusicDes_12000045_Text	3.4	Hội thoại/Cốt truyện	Dữ liệu âm thanh			澄夏告别时刻的背景音乐	Background music played when bidding farewell to Sumika.	澄夏が別れを告げる時のBGM。	Nhạc nền khoảnh khắc Sumika nói lời tạm biệt
lang_multi_text.db	MusicDes_13000001_Text	3.4	Hội thoại/Cốt truyện	Dữ liệu âm thanh			初次来到拉海洛时的背景音乐。	Background music played when you arrived at Lahai-Roi for the first time.	初めてラハイロイを訪れた時のBGM。	Nhạc nền khi lần đầu đến Lahai-Roi.
lang_multi_text.db	MusicDes_13000002_Text	3.4	Hội thoại/Cốt truyện	Dữ liệu âm thanh			与琳奈一同前往研究院时的背景音乐。	Background music played when heading to the Research Institute with Lynae.	リンネーと共に研究院へ向かう時のBGM。	Nhạc nền khi cùng Lynae đến Viện Nghiên Cứu.
lang_multi_text.db	MusicDes_13000003_Text	3.4	Hội thoại/Cốt truyện	Dữ liệu âm thanh			莉亚娜赠予的老唱片中的歌曲。	A song kept on an old phonograph record gifted by Lianna.	リアナから贈られた古いレコードの曲。	Bài hát trong chiếc đĩa hát cũ mà Lianna tặng.
lang_multi_text.db	MusicDes_13000004_Text	3.4	Hội thoại/Cốt truyện	Dữ liệu âm thanh			星炬竞速赛的背景音乐。	Background music of the Startorch Racing.	スタートーチバイクレースのBGM。	Nhạc nền của giải Đua Xe Startorch.
lang_multi_text.db	MusicDes_13000005_Text	3.4	Hội thoại/Cốt truyện	Dữ liệu âm thanh			危行任务「车手一号」中模拟赛道的背景音乐。	Background music played in the simulated track in the Exploration Quest "No. 1 Biker."	危地任務「ライダー・No.1」のシミュレーションコースのBGM。	Nhạc nền của đường đua mô phỏng trong Nhiệm vụ Thám Hiểm "Tay Đua Số Một".
lang_multi_text.db	MusicDes_14000001_Text	3.4	Hội thoại/Cốt truyện	Dữ liệu âm thanh			于3.0版本登陆索拉里斯时的背景音乐。	Background music of the 3.0 login page.	バージョン3.0でソラリスへのログイン画面のBGM。	Nhạc nền khi đăng nhập vào Solaris-3 ở phiên bản 3.0.
lang_multi_text.db	MusicDes_14000002_Text	3.4	Hội thoại/Cốt truyện	Dữ liệu âm thanh			与琳奈一起击败虚诞虫时的背景音乐。	Background music played when defeating the Voidworm with Lynae.	リンネーと共にヴォイドワームを倒した時のBGM。	Nhạc nền khi cùng Lynae đánh bại Voidworm.
lang_multi_text.db	MusicDes_14000003_Text	3.4	Hội thoại/Cốt truyện	Dữ liệu âm thanh			莫宁回想起某片星空时的背景音乐。	Background music played when Mornye is reminiscing about a starry night.	モーニエがある星空を思い出した時のBGM。	Nhạc nền khi Mornye nhớ lại một bầu trời sao nào đó.
lang_multi_text.db	MusicDes_14000004_Text	3.4	Hội thoại/Cốt truyện	Dữ liệu âm thanh			星炬学院日间的背景音乐。	Daytime background music of Startorch Academy.	スタートーチ学園の昼のBGM。	Nhạc nền ban ngày của Học viện Startorch.
lang_multi_text.db	MusicDes_14000005_Text	3.4	Hội thoại/Cốt truyện	Dữ liệu âm thanh			星炬学院夜间的背景音乐。	Nighttime background music of Startorch Academy.	スタートーチ学園の夜のBGM。	Nhạc nền ban đêm của Học viện Startorch.
lang_multi_text.db	MusicDes_14000006_Text	3.4	Hội thoại/Cốt truyện	Dữ liệu âm thanh			联运椎骨基座的背景音乐。	Background music played while at the base of the Starward Riseway.	リンクドスパイン基部のBGM。	Nhạc nền của Căn Cứ Xương Sống Liên Vận.
lang_multi_text.db	MusicDes_14000007_Text	3.4	Hội thoại/Cốt truyện	Dữ liệu âm thanh			研究院室内的背景音乐。	Background music played while inside the Research Institute.	研究院室内のBGM。	Nhạc nền trong nhà của Viện Nghiên Cứu.
lang_multi_text.db	MusicDes_14000008_Text	3.4	Hội thoại/Cốt truyện	Dữ liệu âm thanh			浮光林日间的背景音乐。	Daytime background music of Bjartr Woods.	ビヤートル・ウーズの昼のBGM。	Nhạc nền ban ngày của Rừng Bjartr.
lang_multi_text.db	MusicDes_14000009_Text	3.4	Hội thoại/Cốt truyện	Dữ liệu âm thanh			浮光林夜间的背景音乐。	Nighttime background music of Bjartr Woods.	ビヤートル・ウーズの夜のBGM。	Nhạc nền ban đêm của Rừng Bjartr.
lang_multi_text.db	MusicDes_14000010_Text	3.4	Hội thoại/Cốt truyện	Dữ liệu âm thanh			赫尔琉斯的背景音乐。	Background music of Haldarheim.	ハルダーハイムのBGM。	Nhạc nền của Haldarheim.
lang_multi_text.db	MusicDes_14000011_Text	3.4	Hội thoại/Cốt truyện	Dữ liệu âm thanh			引日殿日间的背景音乐。	Daytime background music of Solisylum.	ソリサイルムの昼のBGM。	Nhạc nền ban ngày của Solisylum.
lang_multi_text.db	MusicDes_14000012_Text	3.4	Hội thoại/Cốt truyện	Dữ liệu âm thanh			坠剑湖的背景音乐。	Background music of Sundermere.	サンダーミールのBGM。	Nhạc nền của Sundermere.
lang_multi_text.db	MusicDes_14000013_Text	3.4	Hội thoại/Cốt truyện	Dữ liệu âm thanh			蚀刻平原日间的背景音乐。	Daytime background music of the Etching Plains.	エッチングの平原の昼のBGM。	Nhạc nền ban ngày của Đồng bằng Etching.
lang_multi_text.db	MusicDes_14000014_Text	3.4	Hội thoại/Cốt truyện	Dữ liệu âm thanh			蚀刻平原夜间的背景音乐。	Nighttime background music of the Etching Plains.	エッチングの平原の夜のBGM。	Nhạc nền ban đêm của Đồng bằng Etching.
lang_multi_text.db	MusicDes_14000015_Text	3.4	Hội thoại/Cốt truyện	Dữ liệu âm thanh			深空测界台·拓原工程的背景音乐。	Background music of Spacetrek Observatory: Foundation Phase.	スペーストレック観測台のプロジェクト・ファンデーションのBGM。	Nhạc nền của Đài Đo Không Gian Sâu . Công Trình Mở Mang.
lang_multi_text.db	MusicDes_14000016_Text	3.4	Hội thoại/Cốt truyện	Dữ liệu âm thanh			深空测界台·望域工程的背景音乐。	Background music of Spacetrek Observatory: Overwatch Phase.	スペーストレック観測台のプロジェクト・ウォッチャーのBGM。	Nhạc nền của Đài Đo Không Gian Sâu . Công Trình Khảo Sát.
lang_multi_text.db	MusicDes_14000017_Text	3.4	Hội thoại/Cốt truyện	Dữ liệu âm thanh			石化的游空鲼再度翱翔时的背景音乐。	Background music played when the petrified Jetrays soar in the sky again.	石化したフユウトビエイが再び空を舞う時のBGM。	Nhạc nền khi những Jetray hóa đá một lần nữa vút bay.
lang_multi_text.db	MusicDes_14000018_Text	3.4	Hội thoại/Cốt truyện	Dữ liệu âm thanh			日灵们举办欢迎会时的背景音乐。	Background music played at the Soliskin's welcome party.	太陽の精霊たちが歓迎会を開いた時のBGM。	Nhạc nền khi các Soliskin tổ chức tiệc chào mừng.
lang_multi_text.db	MusicDes_14000019_Text	3.4	Hội thoại/Cốt truyện	Dữ liệu âm thanh			松迪丝制作的复古音乐。	Retro music produced by Songdis.	ソングディスが制作したレトロな音楽。	Âm nhạc cổ điển do Songdis sáng tác.
lang_multi_text.db	MusicDes_14000020_Text	3.4	Hội thoại/Cốt truyện	Dữ liệu âm thanh			虚质磁暴区内的战斗音乐。	Background music played when fighting in the Void Storm Zones.	ヴォイドストーム活発エリア内の戦闘BGM。	Nhạc nền chiến đấu trong Vùng Bão Từ Hư Chất.
lang_multi_text.db	MusicDes_14000021_Text	3.4	Hội thoại/Cốt truyện	Dữ liệu âm thanh			觎星之使女·海维夏的战斗音乐。	Background music played when fighting Starward Handmaiden: Hyvatia.	星に焦がれる使女・ハイヴェイシャの戦闘BGM。	Nhạc nền chiến đấu với Tỳ Nữ Hướng Sao . Hyvatia.
lang_multi_text.db	MusicDes_14000022_Text	3.4	Hội thoại/Cốt truyện	Dữ liệu âm thanh			炉芯机骸·灼暮沉晖的战斗音乐。	Background music played when fighting Reactor Husk: Duskfall's Blaze.	ドライブの機骸・サンセットブレイズの戦闘BGM。	Nhạc nền chiến đấu với Hài Cốt Lõi Lò . Tịch Dương Rực Rỡ.
lang_multi_text.db	MusicDes_14000023_Text	3.4	Hội thoại/Cốt truyện	Dữ liệu âm thanh			拉海洛的战斗音乐。	Background music played when fighting in the open world of Lahai-Roi.	ラハイロイの戦闘BGM。	Nhạc nền chiến đấu của Lahai-Roi.
lang_multi_text.db	MusicDes_15000001_Text	3.4	Hội thoại/Cốt truyện	Dữ liệu âm thanh			女神异闻录５ 皇家版 联动歌曲	Persona 5 Royal: Collab Track	ペルソナ５ ザ・ロイヤル コラボ楽曲	Bài hát hợp tác Persona 5 Royal
lang_multi_text.db	MusicDes_15000002_Text	3.4	Hội thoại/Cốt truyện	Dữ liệu âm thanh			女神异闻录５ 皇家版 联动歌曲	Persona 5 Royal: Collab Track	ペルソナ５ ザ・ロイヤル コラボ楽曲	Bài hát hợp tác Persona 5 Royal
lang_multi_text.db	MusicDes_15000003_Text	3.4	Hội thoại/Cốt truyện	Dữ liệu âm thanh			女神异闻录５ 皇家版 联动歌曲	Persona 5 Royal: Collab Track	ペルソナ５ ザ・ロイヤル コラボ楽曲	Bài hát hợp tác Persona 5 Royal
lang_multi_text.db	MusicDes_15000004_Text	3.4	Hội thoại/Cốt truyện	Dữ liệu âm thanh			女神异闻录５ 皇家版 联动歌曲	Persona 5 Royal: Collab Track	ペルソナ５ ザ・ロイヤル コラボ楽曲	Bài hát hợp tác Persona 5 Royal
lang_multi_text.db	MusicDes_15000005_Text	3.4	Hội thoại/Cốt truyện	Dữ liệu âm thanh			女神异闻录５ 皇家版 联动歌曲	Persona 5 Royal: Collab Track	ペルソナ５ ザ・ロイヤル コラボ楽曲	Bài hát hợp tác Persona 5 Royal
lang_multi_text.db	MusicDes_16000001_Text	3.4	Hội thoại/Cốt truyện	Dữ liệu âm thanh			女神异闻录３ Reload 联动歌曲	Persona 3 Reload: Collab Track	ペルソナ３ リロード コラボ楽曲	Bài hát hợp tác Persona 3 Reload
lang_multi_text.db	MusicDes_16000002_Text	3.4	Hội thoại/Cốt truyện	Dữ liệu âm thanh			女神异闻录３ Reload 联动歌曲	Persona 3 Reload: Collab Track	ペルソナ３ リロード コラボ楽曲	Bài hát hợp tác Persona 3 Reload
lang_multi_text.db	MusicDes_17000001_Text	3.4	Hội thoại/Cốt truyện	Dữ liệu âm thanh			刺猬索尼克 联动歌曲	Sonic the Hedgehog: Collab Track	ソニック・ザ・ヘッジホッグ コラボ楽曲	Bài hát hợp tác Nhím Sonic
lang_multi_text.db	MusicDes_17000002_Text	3.4	Hội thoại/Cốt truyện	Dữ liệu âm thanh			刺猬索尼克 联动歌曲	Sonic the Hedgehog: Collab Track	ソニック・ザ・ヘッジホッグ コラボ楽曲	Bài hát hợp tác Nhím Sonic
lang_multi_text.db	MusicDes_18000001_Text	3.4	Hội thoại/Cốt truyện	Dữ liệu âm thanh			所有美好全部come for ya	All beauty comes for ya.	美しきすべてよ、come for ya	Tất cả những điều tốt đẹp đều come for ya
lang_multi_text.db	MusicDes_19000001_Text	3.4	Hội thoại/Cốt truyện	Dữ liệu âm thanh			Together face it. We will be the saving light.	Together face it. We will be the saving light.	Together face it. We will be the saving light.	Together face it. We will be the saving light.
lang_multi_text.db	MusicDes_19000002_Text	3.4	Hội thoại/Cốt truyện	Dữ liệu âm thanh			自沉默旧规之外，我正与新浪潮同来。	I'm crashing through the silence. I'm coming with the rising tide.	呼び覚ませエコー、僕もエゴ鳴らせ。	Vượt ra ngoài những lề thói im lặng cũ kỹ, tôi đang cùng làn sóng mới trào dâng.
lang_multi_text.db	MusicDes_19000008_Text	3.4	Hội thoại/Cốt truyện	Dữ liệu âm thanh			At the Carnival！\n 狂欢在宣召，快来加入这场盛大的狂欢宴会吧！	At the Carnival!\nCome one, come all, hearken to the call, the celebratory echoes of our grand carnival!	今夜はずっとthe carnival!	At the Carnival!\nLễ hội cuồng hoan đang vẫy gọi, mau đến tham gia bữa tiệc cuồng hoan hoành tráng này nào!
lang_multi_text.db	MusicDes_19000009_Text	3.4	Hội thoại/Cốt truyện	Dữ liệu âm thanh			Every Day A Carnival	Every day a Carnival.	Every Day A Carnival	Every day a Carnival.
lang_multi_text.db	MusicDes_19000010_Text	3.4	Hội thoại/Cốt truyện	Dữ liệu âm thanh			将扶风水畔的一朵朵雏菊，编织成这一顶雏菊冠。它让你知晓：无论相隔多远，我们都能将温暖分享给彼此。	Weave the daisies by Whisperwind Haven into a daisy crown. It tells you: no matter how far apart we are, we can still find warmth in each other.	そよ風のヘイヴンで咲いたデイジーを編み込んで、この冠を作り上げました。それは、どれだけ遠く離れていても、お互いの温もりが届き合うことを教えてくれるのです。	Bện từng đóa hoa cúc bên bờ nước Whisperwind thành chiếc vòng hoa cúc này. Nó cho bạn biết: Dù cách xa bao nhiêu, chúng ta đều có thể chia sẻ hơi ấm cho nhau.
lang_multi_text.db	MusicDes_19000011_Text	3.4	Hội thoại/Cốt truyện	Dữ liệu âm thanh			惊涛骇浪只不过是一点浪花，撼动不了我们的航向。放声高歌！欢呼吧！	Fierce waves and tumultuous storms are merely splashes of water, unable to drive us off course. Sing loudly! Cheer joyously!	荒れ狂う波も、ただのさざ波に過ぎん！俺たちの航路は揺るがない！ 声を上げろ！歓声をとどろかせろ！	Sóng to gió lớn chẳng qua cũng chỉ là một chút bọt nước, không thể lay chuyển hướng đi của chúng ta. Hát vang lên! Hoan hô đi!
lang_multi_text.db	MusicDes_19000013_Text	3.4	Hội thoại/Cốt truyện	Dữ liệu âm thanh			I feel invincible just knowing that you're here.	I feel invincible just knowing that you're here.	I feel invincible just knowing that you're here.	I feel invincible just knowing that you're here.
lang_multi_text.db	MusicDes_19000015_Text	3.4	Hội thoại/Cốt truyện	Dữ liệu âm thanh			北落野的晨露，乘霄山的融雪，海岸的波纹，千岛的怒涛……\n微小的水滴因你汇聚成了奔流不息的浪潮。\n奔流，因你不息！	The morning dew of Norfall Barrens. The melting snow of Mt. Firmament. The ripples over the Shores. The angry waves of the Thousand Isles...\nTiny water drops gather because of you, forming an endless flowing tide.\nThe tide continues endlessly because of you!	北落野原の朝露、乗霄山の雪解け、海岸のさざ波、島々を打つ怒涛……\nあなたが束ねてくれた小さな雫は、やがて絶え間なくうねる大波へ。\nあなたがいるから、潮は果てなく流れゆく！	Sương mai của Bình Nguyên Norfall, tuyết tan ở núi Thừa Tiêu, gợn sóng của Bờ Biển Đen, sóng dữ của Quần Đảo Thousand Isles...\nNhững giọt nước nhỏ bé vì cậu mà tụ tập thành một làn sóng cuồn cuộn không ngừng.\nCuộn chảy, vì cậu mà không ngừng nghỉ!
lang_multi_text.db	MusicDes_19000016_Text	3.4	Hội thoại/Cốt truyện	Dữ liệu âm thanh			若自由必需穿过波涛，就把冠冕熔成飞鸟；在风潮的尽头，看鸢尾绽放。	If freedom must pierce the waves, then melt the crown into a bird. At the end of the storm, watch the irises bloom.	波の向こうに自由があるのなら――冠を融かし、飛び立つ鳥に変えよう。風の果てで、アイリスの花は咲き誇る。	Nếu sự tự do bắt buộc phải xuyên qua sóng lớn, thì hãy nung chảy vương miện thành chim trời; ở tận cùng của cơn bão, ngắm nhìn hoa diên vĩ nở rộ.
lang_multi_text.db	MusicDes_19000017_Text	3.4	Hội thoại/Cốt truyện	Dữ liệu âm thanh			让赛场听见我胜利的怒吼，别无所求。	Let the arena hear my victorious roar. I desire nothing else.	上げる勝利の咆哮、それ以外は何も望まない。	Hãy để đấu trường nghe thấy tiếng gầm chiến thắng của ta, không cầu gì hơn.
lang_multi_text.db	MusicDes_200000001_Text	3.4	Hội thoại/Cốt truyện	Dữ liệu âm thanh			飞行雪绒歌友会举办时的背景音乐	Background music played at the Fleet Snowfluff Fan Meeting.	「フリート・スノーフラッフ」ファンクラブのイベント開催時のBGM。	Nhạc nền phát tại buổi họp fan Câu Lạc Bộ Lông Tuyết Bay.
lang_multi_text.db	MusicDes_200000002_Text	3.4	Hội thoại/Cốt truyện	Dữ liệu âm thanh			在虚质空间前行时的背景音乐	Background music played when moving ahead in Voidspace.	ヴォイドスペースを進む時のBGM。	Nhạc nền khi tiến về phía trước trong Không Gian Hư Chất.
lang_multi_text.db	MusicDes_200000003_Text	3.4	Hội thoại/Cốt truyện	Dữ liệu âm thanh			纸飞机飞向天穹时的背景音乐	Background music played when the paper plane soars into the sky.	紙飛行機が空へ舞い上がる時のBGM。	Nhạc nền khi máy bay giấy bay vút lên bầu trời.
lang_multi_text.db	MusicDes_200000004_Text	3.4	Hội thoại/Cốt truyện	Dữ liệu âm thanh			在雪中漫步时的背景音乐	Background music played when strolling in the snow.	雪の中を歩く時のBGM。	Nhạc nền khi đi dạo trong tuyết.
lang_multi_text.db	MusicDes_200000005_Text	3.4	Hội thoại/Cốt truyện	Dữ liệu âm thanh			在冰原骑行时的背景音乐	Background music played when riding the motorbike in the frostlands.	氷原を駆ける時のBGM。	Nhạc nền khi lái xe trên cánh đồng băng.
lang_multi_text.db	MusicDes_200000006_Text	3.4	Hội thoại/Cốt truyện	Dữ liệu âm thanh			罗伊冰原上的洞窟中的背景音乐。	Background music played while inside the caves in the Frostlands Surface.	ロイ氷原の洞窟で流れるBGM。	Nhạc nền trong hang động trên Cánh Đồng Băng Roy.
lang_multi_text.db	MusicDes_200000007_Text	3.4	Hội thoại/Cốt truyện	Dữ liệu âm thanh			罗伊冰原日间的背景音乐之一。	Daytime background music of the Frostlands Surface.	ロイ氷原・昼間のBGMのひとつ。	Một trong những bản nhạc nền ban ngày của Cánh Đồng Băng Roy.
lang_multi_text.db	MusicDes_200000008_Text	3.4	Hội thoại/Cốt truyện	Dữ liệu âm thanh			罗伊冰原日间的背景音乐之一。	Daytime background music of the Frostlands Surface.	ロイ氷原・昼間のBGMのひとつ。	Một trong những bản nhạc nền ban ngày của Cánh Đồng Băng Roy.
lang_multi_text.db	MusicDes_200000009_Text	3.4	Hội thoại/Cốt truyện	Dữ liệu âm thanh			沉眠隧者的背景音乐	Background music for the slumbering Exostrider.	眠りのエクソストライダーのBGM。	Nhạc nền của Exostrider đang ngủ say.
lang_multi_text.db	MusicDes_200000010_Text	3.4	Hội thoại/Cốt truyện	Dữ liệu âm thanh			曾一度活动的沉眠隧者的背景音乐	Background music for the slumbering Exostrider.	かつて活動していた眠りのエクソストライダーのBGM。	Nhạc nền của Exostrider từng một thời hoạt động.
lang_multi_text.db	MusicDes_200000011_Text	3.4	Hội thoại/Cốt truyện	Dữ liệu âm thanh			罗伊冰原夜间的背景音乐。	Nighttime background music of the Frostlands Surface.	ロイ氷原・夜間のBGM。	Nhạc nền ban đêm của Cánh Đồng Băng Roy.
lang_multi_text.db	MusicDes_200000012_Text	3.4	Hội thoại/Cốt truyện	Dữ liệu âm thanh			罗伊冰原夜间特殊区域的背景音乐。	Nighttime background music played in specific areas of the Frostlands Surface.	ロイ氷原・特殊エリアの夜間のBGM。	Nhạc nền ban đêm của khu vực đặc biệt trên Cánh Đồng Băng Roy.
lang_multi_text.db	MusicDes_200000013_Text	3.4	Hội thoại/Cốt truyện	Dữ liệu âm thanh			元林再生舱的背景音乐。	Background music of the Upphaf Life Chamber.	始元林の再生チャンバーのBGM。	Nhạc nền của Buồng Tái Sinh Nguyên Lâm.
lang_multi_text.db	MusicDes_200000014_Text	3.4	Hội thoại/Cốt truyện	Dữ liệu âm thanh			元林再生舱的背景音乐。	Background music of the Upphaf Life Chamber.	始元林の再生チャンバーのBGM。	Nhạc nền của Buồng Tái Sinh Nguyên Lâm.
lang_multi_text.db	MusicDes_200000015_Text	3.4	Hội thoại/Cốt truyện	Dữ liệu âm thanh			天槎空间站内行动时的背景音乐	Background music played while inside the SkyArk Space Station.	スカイアークで行動する時のBGM。	Nhạc nền khi hành động trong Trạm Không Gian SkyArk
lang_multi_text.db	MusicDes_200000016_Text	3.4	Hội thoại/Cốt truyện	Dữ liệu âm thanh			渐湖小屋日间的背景音乐	Daytime background music of the Ginnungamere cabin.	ギンヌンガミールの家・昼のBGM。	Nhạc nền ban ngày của ngôi nhà ở Ginnungamere
lang_multi_text.db	MusicDes_200000017_Text	3.4	Hội thoại/Cốt truyện	Dữ liệu âm thanh			渐湖小屋夜间的背景音乐	Nighttime background music of the Ginnungamere cabin.	ギンヌンガミールの家・夜のBGM。	Nhạc nền ban đêm của ngôi nhà ở Ginnungamere
lang_multi_text.db	MusicDes_200000018_Text	3.4	Hội thoại/Cốt truyện	Dữ liệu âm thanh			渐湖的背景音乐	Background music of Ginnungamere.	ギンヌンガミールのBGM。	Nhạc nền của Ginnungamere
lang_multi_text.db	MusicDes_20000001_Text	3.4	Hội thoại/Cốt truyện	Dữ liệu âm thanh			初次来到黑海岸时的背景音乐。	Background music played when you arrived at the Black Shores for the first time.	初めてブラックショアに来た時のBGM。	Nhạc nền khi lần đầu đến Bờ Biển Đen.
lang_multi_text.db	MusicDes_20000002_Text	3.4	Hội thoại/Cốt truyện	Dữ liệu âm thanh			黑海岸下层的背景音乐。	Background music of the Black Shores underground area.	ブラックショア下層のBGM。	Nhạc nền tầng dưới của Bờ Biển Đen.
lang_multi_text.db	MusicDes_20000003_Text	3.4	Hội thoại/Cốt truyện	Dữ liệu âm thanh			潮汐任务「行至海岸尽头」中的背景音乐。	Background music of Main Quest "To the Shore's End."	潮汐任務「岸の最果てまで」のBGM。	Nhạc nền trong Nhiệm vụ Minh Triều "Đến Điểm Tận Cùng Bờ Biển".
lang_multi_text.db	MusicDes_20000004_Text	3.4	Hội thoại/Cốt truyện	Dữ liệu âm thanh			黑海岸上层的背景音乐。	Background music of the Black Shores surface area.	ブラックショア上層のBGM。	Nhạc nền tầng trên của Bờ Biển Đen.
lang_multi_text.db	MusicDes_20000005_Text	3.4	Hội thoại/Cốt truyện	Dữ liệu âm thanh			潮汐任务「行至海岸尽头」中的背景音乐。	Background music of Main Quest "To the Shore's End."	潮汐任務「岸の最果てまで」のBGM。	Nhạc nền trong Nhiệm vụ Minh Triều "Đến Điểm Tận Cùng Bờ Biển".
lang_multi_text.db	MusicDes_20000006_Text	3.4	Hội thoại/Cốt truyện	Dữ liệu âm thanh			潮汐任务「行至海岸尽头」中的背景音乐。	Background music of Main Quest "To the Shore's End."	潮汐任務「岸の最果てまで」のBGM。	Nhạc nền trong Nhiệm vụ Minh Triều "Đến Điểm Tận Cùng Bờ Biển".
lang_multi_text.db	MusicDes_20000007_Text	3.4	Hội thoại/Cốt truyện	Dữ liệu âm thanh			潮汐任务「行至海岸尽头」中的背景音乐。	Background music of Main Quest "To the Shore's End."	潮汐任務「岸の最果てまで」のBGM。	Nhạc nền trong Nhiệm vụ Minh Triều "Đến Điểm Tận Cùng Bờ Biển".
lang_multi_text.db	MusicDes_20000008_Text	3.4	Hội thoại/Cốt truyện	Dữ liệu âm thanh			潮汐任务「行至海岸尽头」中的背景音乐。	Background music of Main Quest "To the Shore's End."	潮汐任務「岸の最果てまで」のBGM。	Nhạc nền trong Nhiệm vụ Minh Triều "Đến Điểm Tận Cùng Bờ Biển".
lang_multi_text.db	MusicDes_20000009_Text	3.4	Hội thoại/Cốt truyện	Dữ liệu âm thanh			黑海岸下层的背景音乐。	Background music of the Black Shores underground area.	ブラックショア下層のBGM。	Nhạc nền tầng dưới của Bờ Biển Đen.
lang_multi_text.db	MusicDes_20000010_Text	3.4	Hội thoại/Cốt truyện	Dữ liệu âm thanh			与无归的谬误对决时的背景音乐。	Background music played during your battle with Fallacy of No Return.	フェイタルエラーと対決する時のBGM。	Nhạc nền khi đối đầu với Fallacy of No Return.
lang_multi_text.db	MusicDes_20000011_Text	3.4	Hội thoại/Cốt truyện	Dữ liệu âm thanh			「漂泊的终点」的背景音乐。	Background music of End of Wandering.	「漂泊の終着点」のBGM。	Nhạc nền của "Điểm Cuối Của Cuộc Hành Trình".
lang_multi_text.db	MusicDes_20000012_Text	3.4	Hội thoại/Cốt truyện	Dữ liệu âm thanh			伴星任务「小小羊咩大冒险」的背景音乐。	Background music of Companion Story "Small Wooly, Big Adventures."	連星任務「小さいメェたちの大きな冒険」のBGM。	Nhạc nền của Nhiệm Vụ Đồng Hành "Chuyến Thám Hiểm Lớn Của Cừu Nhỏ".
lang_multi_text.db	MusicDes_20000013_Text	3.4	Hội thoại/Cốt truyện	Dữ liệu âm thanh			伴星任务「小径分岔的星海」的背景音乐。	Background music of Companion Quest "Forking Paths Among the Stars."	連星任務「八岐の星の海」のBGM。	Nhạc nền của Nhiệm Vụ Đồng Hành "Biển Sao Trên Con Đường Rẽ Nhánh".
lang_multi_text.db	MusicDes_20000014_Text	3.4	Hội thoại/Cốt truyện	Dữ liệu âm thanh			伴星任务「小径分岔的星海」的背景音乐。	Background music of Companion Quest "Forking Paths Among the Stars."	連星任務「八岐の星の海」のBGM。	Nhạc nền của Nhiệm Vụ Đồng Hành "Biển Sao Trên Con Đường Rẽ Nhánh".
lang_multi_text.db	MusicDes_20000015_Text	3.4	Hội thoại/Cốt truyện	Dữ liệu âm thanh			伴星任务「小径分岔的星海」的背景音乐。	Background music of Companion Quest "Forking Paths Among the Stars."	連星任務「八岐の星の海」のBGM。	Nhạc nền của Nhiệm Vụ Đồng Hành "Biển Sao Trên Con Đường Rẽ Nhánh".
lang_multi_text.db	MusicDes_20000016_Text	3.4	Hội thoại/Cốt truyện	Dữ liệu âm thanh			伴星任务「小径分岔的星海」的背景音乐。	Background music of Companion Quest "Forking Paths Among the Stars."	連星任務「八岐の星の海」のBGM。	Nhạc nền của Nhiệm Vụ Đồng Hành "Biển Sao Trên Con Đường Rẽ Nhánh".
lang_multi_text.db	MusicDes_20000017_Text	3.4	Hội thoại/Cốt truyện	Dữ liệu âm thanh			伴星任务「小径分岔的星海」的背景音乐。	Background music of Companion Quest "Forking Paths Among the Stars."	連星任務「八岐の星の海」のBGM。	Nhạc nền của Nhiệm Vụ Đồng Hành "Biển Sao Trên Con Đường Rẽ Nhánh".
lang_multi_text.db	MusicDes_20000018_Text	3.4	Hội thoại/Cốt truyện	Dữ liệu âm thanh			伴星任务「小径分岔的星海」的背景音乐。	Background music of Companion Quest "Forking Paths Among the Stars."	連星任務「八岐の星の海」のBGM。	Nhạc nền của Nhiệm Vụ Đồng Hành "Biển Sao Trên Con Đường Rẽ Nhánh".
lang_multi_text.db	MusicDes_20000019_Text	3.4	Hội thoại/Cốt truyện	Dữ liệu âm thanh			伴星任务「小径分岔的星海」的背景音乐。	Background music of Companion Quest "Forking Paths Among the Stars."	連星任務「八岐の星の海」のBGM。	Nhạc nền của Nhiệm Vụ Đồng Hành "Biển Sao Trên Con Đường Rẽ Nhánh".
lang_multi_text.db	MusicDes_20000020_Text	3.4	Hội thoại/Cốt truyện	Dữ liệu âm thanh			伴星任务「小径分岔的星海」的背景音乐。	Background music of Companion Quest "Forking Paths Among the Stars."	連星任務「八岐の星の海」のBGM。	Nhạc nền của Nhiệm Vụ Đồng Hành "Biển Sao Trên Con Đường Rẽ Nhánh".
lang_multi_text.db	MusicDes_20000021_Text	3.4	Hội thoại/Cốt truyện	Dữ liệu âm thanh			伴星任务「小径分岔的星海」的背景音乐。	Background music of Companion Quest "Forking Paths Among the Stars."	連星任務「八岐の星の海」のBGM。	Nhạc nền của Nhiệm Vụ Đồng Hành "Biển Sao Trên Con Đường Rẽ Nhánh".
lang_multi_text.db	MusicDes_210000001_Text	3.4	Hội thoại/Cốt truyện	Dữ liệu âm thanh			「向着节拍起航」的背景音乐。	Background music of "Soar to the Beat."	「リズムの波に乗って」のBGM。	Nhạc nền của [Theo Nhịp Khởi Hành].
lang_multi_text.db	MusicDes_210000002_Text	3.4	Hội thoại/Cốt truyện	Dữ liệu âm thanh			深潜游戏室的背景音乐。	Background music of the Mind Dive Arcade.	マインドダイブゲームルームのBGM。	Nhạc nền của Phòng Trò Chơi Lặn Sâu.
lang_multi_text.db	MusicDes_210000003_Text	3.4	Hội thoại/Cốt truyện	Dữ liệu âm thanh			拉贝尔学部的背景音乐之一。	Background music of Rabelle College.	ラベル学部のBGM。	Một trong những bản nhạc nền của Khoa Rabelle.
lang_multi_text.db	MusicDes_210000004_Text	3.4	Hội thoại/Cốt truyện	Dữ liệu âm thanh			换日庆典的背景音乐之一。	Background music of the New Solar Celebration.	陽換えの祝典のBGM。	Một trong những bản nhạc nền của Lễ Hội Đổi Nhật.
lang_multi_text.db	MusicDes_210000005_Text	3.4	Hội thoại/Cốt truyện	Dữ liệu âm thanh			换日庆典的背景音乐之一。	Background music of the New Solar Celebration.	陽換えの祝典のBGM。	Một trong những bản nhạc nền của Lễ Hội Đổi Nhật.
lang_multi_text.db	MusicDes_210000006_Text	3.4	Hội thoại/Cốt truyện	Dữ liệu âm thanh			学院暗面的背景音乐之一。	Background music of the Academy's Dark Side.	裏学園のBGM。	Một trong những bản nhạc nền của Mặt Tối Học Viện.
lang_multi_text.db	MusicDes_210000007_Text	3.4	Hội thoại/Cốt truyện	Dữ liệu âm thanh			学院暗面的背景音乐之一。	Background music of the Academy's Dark Side.	裏学園のBGM。	Một trong những bản nhạc nền của Mặt Tối Học Viện.
lang_multi_text.db	MusicDes_210000008_Text	3.4	Hội thoại/Cốt truyện	Dữ liệu âm thanh			学院暗面的背景音乐之一。	Background music of the Academy's Dark Side.	裏学園のBGM。	Một trong những bản nhạc nền của Mặt Tối Học Viện.
lang_multi_text.db	MusicDes_220000001_Text	3.4	Hội thoại/Cốt truyện	Dữ liệu âm thanh			沉眠于漫长光阴中的岛屿背景音乐。	Background music of an island long dormant.	悠久の時の中で眠りについた島のBGM。	Nhạc nền hòn đảo chìm vào giấc ngủ qua năm tháng dài đằng đẵng.
lang_multi_text.db	MusicDes_220000002_Text	3.4	Hội thoại/Cốt truyện	Dữ liệu âm thanh			重新焕发生机的岛屿的背景音乐。	Background music of an island awakened.	再び活力を取り戻した島のBGM。	Nhạc nền hòn đảo khôi phục sức sống.
lang_multi_text.db	MusicDes_220000003_Text	3.4	Hội thoại/Cốt truyện	Dữ liệu âm thanh			被虚质侵蚀的薄暮森林的背景音乐。	Background music of the Twilight Woodlands contaminated by Voidmatter.	ヴォイドマターに侵された薄暮れの林のBGM。	Nhạc nền Rừng Hoàng Hôn bị Hư Chất ăn mòn.
lang_multi_text.db	MusicDes_220000004_Text	3.4	Hội thoại/Cốt truyện	Dữ liệu âm thanh			再度迎来新生的薄暮森林的背景音乐。	Background music of the Twilight Woodlands restored to life.	再び新生を迎えた薄暮れの林のBGM。	Nhạc nền Rừng Hoàng Hôn tái sinh lần nữa.
lang_multi_text.db	MusicDes_220000005_Text	3.4	Hội thoại/Cốt truyện	Dữ liệu âm thanh			隐藏在黯原中的虚妄摇篮的背景音乐。	Background music of Voidthirst Cradle hidden in the Dimmr Plains.	ディマー・プレーンズに潜む虚妄の揺りかごのBGM。	Nhạc nền Cái Nôi Hư Vọng ẩn trong Ám Nguyên.
lang_multi_text.db	MusicDes_220000006_Text	3.4	Hội thoại/Cốt truyện	Dữ liệu âm thanh			重返拉海洛时的背景音乐。	Background music played when returning to Lahai-Roi.	ラハイロイへ帰還する時のBGM。	Nhạc nền khi quay trở lại Lahai-Roi.
lang_multi_text.db	MusicDes_220000007_Text	3.4	Hội thoại/Cốt truyện	Dữ liệu âm thanh			拉海洛重归平稳时的背景音乐。	Background music played when Lahai-Roi returns to peace.	ラハイロイに平穏が訪れた時のBGM。	Nhạc nền khi Lahai-Roi trở lại yên bình.
lang_multi_text.db	MusicDes_220000008_Text	3.4	Hội thoại/Cốt truyện	Dữ liệu âm thanh			与众人一起聆听宇宙中传回的声音时的背景音乐。	Background music played when listening with others to the echoes of the universe.	仲間たちと共に、宇宙から届く声に耳を傾ける時のBGM。	Nhạc nền khi cùng mọi người lắng nghe âm thanh từ vũ trụ truyền về.
lang_multi_text.db	MusicDes_220000009_Text	3.4	Hội thoại/Cốt truyện	Dữ liệu âm thanh			再次回到虚质空间时的背景音乐。	Background music played when returning to Voidspace again.	再びヴォイドスペースへ戻る時のBGM。	Nhạc nền khi quay lại không gian Hư Chất.
lang_multi_text.db	MusicDes_220000010_Text	3.4	Hội thoại/Cốt truyện	Dữ liệu âm thanh			直面阿列夫一时的背景音乐。	Background music played when confronting Aleph-1 head-on.	アレフ1と対峙する時のBGM。	Nhạc nền khi đối mặt trực tiếp với Aleph-1.
lang_multi_text.db	MusicDes_220000011_Text	3.4	Hội thoại/Cốt truyện	Dữ liệu âm thanh			绯雪与玉露作别时的背景音乐。	Backgrond music played when Hiyuki bids farewell to Gyokuro.	緋雪が玉露と別れを告げる時のBGM。	Nhạc nền khi Hiyuki chia tay Gyokuro.
lang_multi_text.db	MusicDes_220000012_Text	3.4	Hội thoại/Cốt truyện	Dữ liệu âm thanh			和达妮娅眺望夜空时的背景音乐。	Background music played when gazing at the night sky with Denia.	ダーニャと夜空を眺める時のBGM。	Nhạc nền khi cùng Denia ngắm bầu trời đêm.
lang_multi_text.db	MusicDes_220000013_Text	3.4	Hội thoại/Cốt truyện	Dữ liệu âm thanh			聆听达妮娅的留言时的背景音乐。	Background music played as you listen to Denia's message.	ダーニャのメッセージに耳を傾ける時のBGM。	Nhạc nền khi lắng nghe lời nhắn của Denia.
lang_multi_text.db	MusicDes_220000014_Text	3.4	Hội thoại/Cốt truyện	Dữ liệu âm thanh			与西格莉卡共同见证极光桥出现时的背景音乐。	Background music played when witnessing the appearance of the Aurora Bridge with Sigrika.	シグリカと共にオーロラの橋の出現を見届ける時のBGM。	Nhạc nền khi cùng Sigrika chứng kiến Cầu Cực Quang xuất hiện.
lang_multi_text.db	MusicDes_220000015_Text	3.4	Hội thoại/Cốt truyện	Dữ liệu âm thanh			达妮娅离开时的背景音乐。	Background music played when Denia leaves.	ダーニャが離れる時のBGM。	Nhạc nền khi Denia rời đi.
lang_multi_text.db	MusicDes_230000001_Text	3.4	Hội thoại/Cốt truyện	Dữ liệu âm thanh			联手对抗梦魇残象时的背景音乐。	Background music played when everyone stood together against the Nightmare Tacet Discord.	仲間とともにナイトメア残像へ立ち向かう時のBGM。	Âm nhạc nền khi cùng nhau đối đầu với Tàn Tượng Ác Mộng.
lang_multi_text.db	MusicDes_240000001_Text	3.4	Hội thoại/Cốt truyện	Dữ liệu âm thanh			《赛博朋克：边缘行者》: Rosa Walton	Cyberpunk: Edgerunners: Rosa Walton	『サイバーパンク エッジランナーズ』: Rosa Walton	Cyberpunk: Edgerunners: Rosa Walton
lang_multi_text.db	MusicDes_250000001_Text	3.4	Hội thoại/Cốt truyện	Dữ liệu âm thanh			与浪潮竞逐，触碰天际——这才是真正的我。	To chase the waves and reach the sky—this is who I truly am.	潮と競って、空に届きたい——それが本当のあたし！	Đua cùng Triều dâng, chạm đến tận chân trời - đây mới là chính mình thực sự.
lang_multi_text.db	MusicDes_250000002_Text	3.4	Hội thoại/Cốt truyện	Dữ liệu âm thanh			全力奔赴着，去见证漫天的群星。	Run to see and touch the galaxy.	力の限り駆けていく、満天の星を見るために。	Dốc hết sức Lao Đến, để chứng kiến quần tinh rực rỡ khắp trời.
lang_multi_text.db	MusicDes_250000003_Text	3.4	Hội thoại/Cốt truyện	Dữ liệu âm thanh			备注：准时宝提醒各位师生，合理安排工作与学业，注意休息。	Note: TARD-E reminds all students and faculty to plan work and study wisely and to take proper rest.	※TARD-Eより：教職員・学生の皆さまは、仕事と学業の予定を無理なく調整し、こまめに休息をお取りください。	Lưu ý: TARD-E nhắc nhở các thầy cô và sinh viên hãy sắp xếp công việc và học tập hợp lý, chú ý nghỉ ngơi.
lang_multi_text.db	MusicDes_250000004_Text	3.4	Hội thoại/Cốt truyện	Dữ liệu âm thanh			思绪划过流星的刹那，光芒依旧璀璨闪耀。	My thoughts are shooting stars, never losing their spark.	想いが流れ星をなぞる一瞬、光は眩しく瞬いてる。	Sát Na dòng suy nghĩ lướt qua sao băng, hào quang vẫn Lấp Lánh chói lọi như Ánh sáng.
lang_multi_text.db	MusicDes_250000005_Text	3.4	Hội thoại/Cốt truyện	Dữ liệu âm thanh			滴答，花瓣飘落——忽然记起那些如花朵般绽放的时刻。	Tick-tock, petals fall. Moments bloomed, I recall.	チクタク、花びらが落ちる——咲いた瞬間を思い出す。	Tích tắc, cánh hoa rơi rụng — bỗng nhớ lại những khoảnh khắc nở rộ như đóa hoa.
lang_multi_text.db	MusicDes_250000006_Text	3.4	Hội thoại/Cốt truyện	Dữ liệu âm thanh			纵使终将飞向坠落的命运，仍用那星炬的火光，照亮宇宙。	Even if I fall, I will light the startorch for the universe.	たとえ墜ちゆく運命へ飛び込むとしても、ともしびで宇宙を照らす。	Dù Số mệnh cuối cùng là bay đến vực rơi, vẫn dùng ánh lửa Ánh sáng của Tinh Cự, soi sáng vũ trụ.
lang_multi_text.db	MusicDes_250000007_Text	3.4	Hội thoại/Cốt truyện	Dữ liệu âm thanh			毕业快乐。向着远方……飞吧。	Happy graduation. Now, take flight... toward the farthest horizon.	卒業おめでとう。さあ、遠くへ飛び立とう。	Chúc mừng tốt nghiệp. Hướng về phương xa... bay đi thôi.
lang_multi_text.db	MusicDes_250000008_Text	3.4	Hội thoại/Cốt truyện	Dữ liệu âm thanh			毕业快乐。向着远方……飞吧。	Happy graduation. Now, take flight... toward the farthest horizon.	卒業おめでとう。さあ、遠くへ飛び立とう。	Chúc mừng tốt nghiệp. Hãy bay... về phía chân trời xa thẳm.
lang_multi_text.db	MusicDes_250000009_Text	3.4	Hội thoại/Cốt truyện	Dữ liệu âm thanh			毕业快乐。向着远方……飞吧。	Happy graduation. Now, take flight... toward the farthest horizon.	卒業おめでとう。さあ、遠くへ飛び立とう。	Chúc mừng tốt nghiệp. Hãy bay... về phía chân trời xa thẳm.
lang_multi_text.db	MusicDes_250000010_Text	3.4	Hội thoại/Cốt truyện	Dữ liệu âm thanh			毕业快乐。向着远方……飞吧。	Happy graduation. Now, take flight... toward the farthest horizon.	卒業おめでとう。さあ、遠くへ飛び立とう。	Chúc mừng tốt nghiệp. Hãy bay... về phía chân trời xa thẳm.
lang_multi_text.db	MusicDes_250000011_Text	3.4	Hội thoại/Cốt truyện	Dữ liệu âm thanh			如果黎明能够再次降临，让我再次得见那抹金色。	May it dawn again. Till I see the gold again.	もし暁がまた訪れて、あの金色がこの目に映るのなら。	Nếu Bình minh có thể một lần nữa Giáng Lâm, hãy để ta lại được thấy sắc vàng ấy.
lang_multi_text.db	MusicDes_250000012_Text	3.4	Hội thoại/Cốt truyện	Dữ liệu âm thanh			我们一起迈向阳光~	Together, towards the sunlight.	私たちは太陽の光を目指して~	Chúng ta cùng nhau tiến về phía ánh nắng~
lang_multi_text.db	MusicDes_250000013_Text	3.4	Hội thoại/Cốt truyện	Dữ liệu âm thanh			（韩）怀抱无限雀跃的想法，站上无尽求索前路的分岔。我们要平视太阳，宣告新生光芒万丈。	(KR) With hearts full of boundless joy, we stand at the crossroads of endless exploration. We face the sun without flinching, declaring the brilliance of our new beginnings.	（韓）星から生まれた灯火を掲げて、まだ見ぬ未来を見つけよう。	(KR) Mang theo niềm hân hoan vô tận, chúng ta đứng trước ngã rẽ của hành trình khám phá không cùng. Chúng ta ngẩng đầu nhìn thẳng mặt trời, tuyên bố hào quang rực rỡ của một khởi đầu mới.
lang_multi_text.db	MusicDes_250000014_Text	3.4	Hội thoại/Cốt truyện	Dữ liệu âm thanh			（英）怀抱无限雀跃的想法，站上无尽求索前路的分岔。我们要平视太阳，宣告新生光芒万丈。	(EN) With hearts full of boundless joy, we stand at the crossroads of endless exploration. We face the sun without flinching, declaring the brilliance of our new beginnings.	（英）星から生まれた灯火を掲げて、まだ見ぬ未来を見つけよう。	(EN) Mang theo niềm hân hoan vô tận, chúng ta đứng trước ngã rẽ của hành trình khám phá không cùng. Chúng ta ngẩng đầu nhìn thẳng mặt trời, tuyên bố hào quang rực rỡ của một khởi đầu mới.
lang_multi_text.db	MusicDes_250000015_Text	3.4	Hội thoại/Cốt truyện	Dữ liệu âm thanh			（日）怀抱无限雀跃的想法，站上无尽求索前路的分岔。我们要平视太阳，宣告新生光芒万丈。	(JP) With hearts full of boundless joy, we stand at the crossroads of endless exploration. We face the sun without flinching, declaring the brilliance of our new beginnings.	（日）星から生まれた灯火を掲げて、まだ見ぬ未来を見つけよう。	(JP) Mang theo niềm hân hoan vô tận, chúng ta đứng trước ngã rẽ của hành trình khám phá không cùng. Chúng ta ngẩng đầu nhìn thẳng mặt trời, tuyên bố hào quang rực rỡ của một khởi đầu mới.
lang_multi_text.db	MusicDes_250000016_Text	3.4	Hội thoại/Cốt truyện	Dữ liệu âm thanh			（中）怀抱无限雀跃的想法，站上无尽求索前路的分岔。我们要平视太阳，宣告新生光芒万丈。	(CN) With hearts full of boundless joy, we stand at the crossroads of endless exploration. We face the sun without flinching, declaring the brilliance of our new beginnings.	（中）星から生まれた灯火を掲げて、まだ見ぬ未来を見つけよう。	(CN) Mang theo niềm hân hoan vô tận, chúng ta đứng trước ngã rẽ của hành trình khám phá không cùng. Chúng ta ngẩng đầu nhìn thẳng mặt trời, tuyên bố hào quang rực rỡ của một khởi đầu mới.
lang_multi_text.db	MusicDes_30000001_Text	3.4	Hội thoại/Cốt truyện	Dữ liệu âm thanh			拉古那城的背景音乐。	Background music of Ragunna City.	ラグーナ城のBGM。	Nhạc nền của thành phố Ragunna.
lang_multi_text.db	MusicDes_30000002_Text	3.4	Hội thoại/Cốt truyện	Dữ liệu âm thanh			埃格拉小镇的背景音乐。	Background music of Egla Town.	エグラの町のBGM。	Nhạc nền của thị trấn Egla.
lang_multi_text.db	MusicDes_30000003_Text	3.4	Hội thoại/Cốt truyện	Dữ liệu âm thanh			氤柔水境的日间背景音乐。	Daytime background music of Nimbus Sanctum.	霞立つ水境の昼のBGM。	Nhạc nền ban ngày của Nimbus Sanctum.
lang_multi_text.db	MusicDes_30000004_Text	3.4	Hội thoại/Cốt truyện	Dữ liệu âm thanh			拉古那城的背景音乐。	Background music of Ragunna City.	ラグーナ城のBGM。	Nhạc nền của thành phố Ragunna.
lang_multi_text.db	MusicDes_30000005_Text	3.4	Hội thoại/Cốt truyện	Dữ liệu âm thanh			拂风水畔的背景音乐。	Background music of Whisperwind Haven.	そよ風のヘイヴンのBGM。	Nhạc nền của Whisperwind Haven.
lang_multi_text.db	MusicDes_30000006_Text	3.4	Hội thoại/Cốt truyện	Dữ liệu âm thanh			氤柔水境的夜间背景音乐。	Nighttime background music of Nimbus Sanctum.	霞立つ水境の夜のBGM。	Nhạc nền ban đêm của Nimbus Sanctum.
lang_multi_text.db	MusicDes_30000007_Text	3.4	Hội thoại/Cốt truyện	Dữ liệu âm thanh			拉古那城的夜间背景音乐。	Nighttime background music of Ragunna City.	ラグーナ城の夜のBGM。	Nhạc nền ban đêm của thành phố Ragunna.
lang_multi_text.db	MusicDes_30000008_Text	3.4	Hội thoại/Cốt truyện	Dữ liệu âm thanh			水星天教堂的背景音乐。	Background music of Cathedral of Mercury.	マーキュリー礼拝堂のBGM。	Nhạc nền của Nhà thờ Cathedral of Mercury.
lang_multi_text.db	MusicDes_30000009_Text	3.4	Hội thoại/Cốt truyện	Dữ liệu âm thanh			悲叹墓岛的日间背景音乐。	Daytime background music of Penitent's End.	ペニテントの吹き溜まりの昼のBGM。	Nhạc nền ban ngày của Penitent's End.
lang_multi_text.db	MusicDes_30000010_Text	3.4	Hội thoại/Cốt truyện	Dữ liệu âm thanh			埃格拉小镇的夜间背景音乐。	Nighttime background music of Egla Town.	エグラの町の夜のBGM。	Nhạc nền ban đêm của thị trấn Egla.
lang_multi_text.db	MusicDes_30000011_Text	3.4	Hội thoại/Cốt truyện	Dữ liệu âm thanh			狂欢节期间的背景音乐。	Background music during the Carnevale.	カルネヴァーレ期間中のBGM。	Nhạc nền trong thời gian Lễ hội Carnevale.
lang_multi_text.db	MusicDes_30000012_Text	3.4	Hội thoại/Cốt truyện	Dữ liệu âm thanh			青栎庭院的背景音乐。	Background music of Oakheart Highcourt.	オークの庭のBGM。	Nhạc nền của Oakheart Highcourt.
lang_multi_text.db	MusicDes_30000013_Text	3.4	Hội thoại/Cốt truyện	Dữ liệu âm thanh			狄萨莱海脊的背景音乐。	Background music of Thessaleo Fells.	ディサレー海嶺のBGM。	Nhạc nền của Thessaleo Fells.
lang_multi_text.db	MusicDes_30000014_Text	3.4	Hội thoại/Cốt truyện	Dữ liệu âm thanh			悲叹墓岛的夜间背景音乐。	Nighttime background music of Penitent's End.	ペニテントの吹き溜まりの夜のBGM。	Nhạc nền ban đêm của Penitent's End.
lang_multi_text.db	MusicDes_30000015_Text	3.4	Hội thoại/Cốt truyện	Dữ liệu âm thanh			赞悼圣迹的背景音乐。	Background music of the Hallowed Reach.	ハロウド・リーチのBGM。	Nhạc nền của Thánh Tích Ca Ngợi.
lang_multi_text.db	MusicDes_30000016_Text	3.4	Hội thoại/Cốt truyện	Dữ liệu âm thanh			剧团的成员们齐唱的歌曲。	Song sung by the troupe members.	劇団のメンバーたちが歌った曲。	Bài hát đồng ca của các thành viên đoàn kịch.
lang_multi_text.db	MusicDes_30000017_Text	3.4	Hội thoại/Cốt truyện	Dữ liệu âm thanh			埃弗拉德金库内的背景音乐。	Background music inside Averardo Vault.	アヴェラルド金庫内のBGM。	Nhạc nền bên trong Ngân Hàng Averardo.
lang_multi_text.db	MusicDes_30000018_Text	3.4	Hội thoại/Cốt truyện	Dữ liệu âm thanh			残息海岸的背景音乐。	Background music of the Shores of Last Breath.	ラストブレスショアのBGM。	Nhạc nền của Bờ Biển Hơi Tàn.
lang_multi_text.db	MusicDes_30000019_Text	3.4	Hội thoại/Cốt truyện	Dữ liệu âm thanh			驾驶贡多拉时的背景音乐。	Background music played while riding a Gondola.	ゴンドラに乗る時のBGM。	Nhạc nền khi lái thuyền Gondola.
lang_multi_text.db	MusicDes_30000020_Text	3.4	Hội thoại/Cốt truyện	Dữ liệu âm thanh			在禁书院收集的乐章。	Scores collected from the Forbidden Archive.	禁書院で集めた楽章。	Chương nhạc thu thập được trong Cấm Thư Viện.
lang_multi_text.db	MusicDes_30000021_Text	3.4	Hội thoại/Cốt truyện	Dữ liệu âm thanh			愚人乐土的背景音乐。	Background music of the Fool's Elysium.	愚者の楽園のBGM。	Nhạc nền của Vùng Đất Kẻ Ngốc.
lang_multi_text.db	MusicDes_30000022_Text	3.4	Hội thoại/Cốt truyện	Dữ liệu âm thanh			波蒂维诺堡的背景音乐。	Background music of Porto-Veno Castle.	ポルトヴィーノ城のBGM。	Nhạc nền của Lâu Đài Porto-Veno.
lang_multi_text.db	MusicDes_30000023_Text	3.4	Hội thoại/Cốt truyện	Dữ liệu âm thanh			埃弗拉德金库外的背景音乐。	Background music outside Averardo Vault.	アヴェラルド金庫外のBGM。	Nhạc nền bên ngoài Ngân Hàng Averardo.
lang_multi_text.db	MusicDes_30000024_Text	3.4	Hội thoại/Cốt truyện	Dữ liệu âm thanh			布偶乐队的演奏曲目。	Music played by the Plushie Squad.	ぬいぐるみのバンドが演奏した曲。	Bản nhạc do Ban Nhạc Thú Bông biểu diễn.
lang_multi_text.db	MusicDes_30000025_Text	3.4	Hội thoại/Cốt truyện	Dữ liệu âm thanh			声骸挑战·幻觉中的背景音乐。	Background music of Echo Challenge: Illusion.	音骸挑戦・幻境のBGM。	Nhạc nền trong Thử Thách Echo . Ảo Giác.
lang_multi_text.db	MusicDes_30000026_Text	3.4	Hội thoại/Cốt truyện	Dữ liệu âm thanh			黎乔利群岛的日间背景音乐	Daytime background music of Riccioli Islands.	リジョリ群島の昼のBGM。	Nhạc nền ban ngày của Quần đảo Riccioli
lang_multi_text.db	MusicDes_30000027_Text	3.4	Hội thoại/Cốt truyện	Dữ liệu âm thanh			莱耶斯遗迹群的背景音乐	Background music of Reyes Ruins.	レイエス遺跡群のBGM。	Nhạc nền của Quần Thể Di Tích Reyes
lang_multi_text.db	MusicDes_30000028_Text	3.4	Hội thoại/Cốt truyện	Dữ liệu âm thanh			黎乔利群岛的夜间背景音乐	Nighttime background music of Riccioli Islands.	リジョリ群島の夜のBGM。	Nhạc nền ban đêm của Quần đảo Riccioli
lang_multi_text.db	MusicDes_30000029_Text	3.4	Hội thoại/Cốt truyện	Dữ liệu âm thanh			与罗蕾莱对决时的背景音乐	Background music played while confronting Lorelei.	ローレライと対決する時のBGM。	Nhạc nền khi đối đầu với Lorelei
lang_multi_text.db	MusicDes_30000030_Text	3.4	Hội thoại/Cốt truyện	Dữ liệu âm thanh			与黎那汐塔相遇时的背景音乐	Background music played when first arriving in Rinascita.	リナシータに初めて会う時のBGM。	Nhạc nền khi lần đầu đến Rinascita
lang_multi_text.db	MusicDes_30000031_Text	3.4	Hội thoại/Cốt truyện	Dữ liệu âm thanh			伴星任务「启航日，船长！」的背景音乐	Background music of Companion Story "Sail Day, Captain!"	連星任務「出航だ、キャプテン！」のBGM。	Nhạc nền của Nhiệm Vụ Đồng Hành "Ngày Ra Khơi, Thuyền Trưởng!"
lang_multi_text.db	MusicDes_30000032_Text	3.4	Hội thoại/Cốt truyện	Dữ liệu âm thanh			伴星任务「启航日，船长！」的背景音乐	Background music of Companion Story "Sail Day, Captain!"	連星任務「出航だ、キャプテン！」のBGM。	Nhạc nền của Nhiệm Vụ Đồng Hành "Ngày Ra Khơi, Thuyền Trưởng!"
lang_multi_text.db	MusicDes_30000033_Text	3.4	Hội thoại/Cốt truyện	Dữ liệu âm thanh			埃弗拉德金库中的背景音乐	Background music of Averardo Vault.	アヴェラルド金庫内のBGM。	Nhạc nền bên trong Ngân Hàng Averardo
lang_multi_text.db	MusicDes_30000034_Text	3.4	Hội thoại/Cốt truyện	Dữ liệu âm thanh			与异构武装对决时的音乐	Background music played while confronting Sentry Construct.	ゼノコロッサスと対決する時のBGM。	Nhạc nền khi đối đầu với Cấu Trúc Đột Biến
lang_multi_text.db	MusicDes_30000035_Text	3.4	Hội thoại/Cốt truyện	Dữ liệu âm thanh			潮汐任务「昔我悲伤，今却歌唱」中的背景音乐	Background music of Main Quest "What Yesterday Wept, Today Doth Sing."	潮汐任務「悲しき過去を背負って、今歌う」のBGM。	Nhạc nền trong Nhiệm vụ Minh Triều "Ta Từng Đau Khổ, Nay Đã Cất Tiếng Hát"
lang_multi_text.db	MusicDes_30000036_Text	3.4	Hội thoại/Cốt truyện	Dữ liệu âm thanh			埃弗拉德金库中的背景音乐	Background music of Averardo Vault.	アヴェラルド金庫内のBGM。	Nhạc nền bên trong Ngân Hàng Averardo
lang_multi_text.db	MusicDes_30000037_Text	3.4	Hội thoại/Cốt truyện	Dữ liệu âm thanh			与叹息古龙对决时的背景音乐其一	Background music 1 played while confronting Dragon of Dirge.	嘆きのドレイクと対決する時のBGMその一。	Nhạc nền khi đối đầu với Rồng Cổ Đại Thở Dài - Phần 1
lang_multi_text.db	MusicDes_30000038_Text	3.4	Hội thoại/Cốt truyện	Dữ liệu âm thanh			与叹息古龙对决时的背景音乐其二	Background music 2 played while confronting Dragon of Dirge.	嘆きのドレイクと対決する時のBGMその二。	Nhạc nền khi đối đầu với Rồng Cổ Đại Thở Dài - Phần 2
lang_multi_text.db	MusicDes_40000001_Text	3.4	Hội thoại/Cốt truyện	Dữ liệu âm thanh			Together face it. We will be the saving light.	Together face it. We will be the saving light.	Together face it. We will be the saving light.	Together face it. We will be the saving light.
lang_multi_text.db	MusicDes_40000002_Text	3.4	Hội thoại/Cốt truyện	Dữ liệu âm thanh			（中）自沉默旧规之外，我正与新浪潮同来。	[CHN] I'm crashing through the silence. I'm coming with the rising tide.	（中）呼び覚ませエコー、僕もエゴ鳴らせ。	(Trung) Vượt ra ngoài những lề thói im lặng cũ kỹ, tôi đang cùng làn sóng mới trào dâng.
lang_multi_text.db	MusicDes_40000003_Text	3.4	Hội thoại/Cốt truyện	Dữ liệu âm thanh			（日）自沉默旧规之外，我正与新浪潮同来。	[JPN] I'm crashing through the silence. I'm coming with the rising tide.	（日）呼び覚ませエコー、僕もエゴ鳴らせ。	(Nhật) Vượt ra ngoài những lề thói im lặng cũ kỹ, tôi đang cùng làn sóng mới trào dâng.
lang_multi_text.db	MusicDes_40000004_Text	3.4	Hội thoại/Cốt truyện	Dữ liệu âm thanh			（英）自沉默旧规之外，我正与新浪潮同来。	[ENG] I'm crashing through the silence. I'm coming with the rising tide.	（英）呼び覚ませエコー、僕もエゴ鳴らせ。	(Anh) Vượt ra ngoài những lề thói im lặng cũ kỹ, tôi đang cùng làn sóng mới trào dâng.
lang_multi_text.db	MusicDes_40000005_Text	3.4	Hội thoại/Cốt truyện	Dữ liệu âm thanh			（韩）自沉默旧规之外，我正与新浪潮同来。	[KOR] I'm crashing through the silence. I'm coming with the rising tide.	（韓）呼び覚ませエコー、僕もエゴ鳴らせ。	(Hàn) Vượt ra ngoài những lề thói im lặng cũ kỹ, tôi đang cùng làn sóng mới trào dâng.
lang_multi_text.db	MusicDes_40000006_Text	3.4	Hội thoại/Cốt truyện	Dữ liệu âm thanh			我们终将坚定走向，沉寂过后重回的黎明。	In time, we'll set forth toward the dawn that follows the silence.	たへがたきおもい、えさらぬさだめを。	Chúng ta rồi sẽ kiên định bước tới bình minh trở lại sau sự tĩnh lặng.
lang_multi_text.db	MusicDes_40000007_Text	3.4	Hội thoại/Cốt truyện	Dữ liệu âm thanh			我们终将坚定走向，沉寂过后重回的黎明。	In time, we'll set forth toward the dawn that follows the silence.	たへがたきおもい、えさらぬさだめを。	Chúng ta rồi sẽ kiên định bước tới bình minh trở lại sau sự tĩnh lặng.
lang_multi_text.db	MusicDes_40000008_Text	3.4	Hội thoại/Cốt truyện	Dữ liệu âm thanh			我们终将坚定走向，沉寂过后重回的黎明。	In time, we'll set forth toward the dawn that follows the silence.	たへがたきおもい、えさらぬさだめを。	Chúng ta rồi sẽ kiên định bước tới bình minh trở lại sau sự tĩnh lặng.
lang_multi_text.db	MusicDes_40000009_Text	3.4	Hội thoại/Cốt truyện	Dữ liệu âm thanh			我们终将坚定走向，沉寂过后重回的黎明。	In time, we'll set forth toward the dawn that follows the silence.	たへがたきおもい、えさらぬさだめを。	Chúng ta rồi sẽ kiên định bước tới bình minh trở lại sau sự tĩnh lặng.
lang_multi_text.db	MusicDes_40000010_Text	3.4	Hội thoại/Cốt truyện	Dữ liệu âm thanh			伴随轻松的频率，深呼吸…… \n静下心来投入今天的工作和学习中吧。	With this calming rhythm, take a deep breath... Quiet your mind, and ready yourself for a new day ahead.	軽やかな周波数に乗り、深呼吸を……\n落ち着いて今日の仕事や勉強に集中しよう。	Cùng với tần số nhẹ nhàng, hít một hơi thật sâu...\nHãy tĩnh tâm để bắt đầu công việc và học tập hôm nay nhé.
lang_multi_text.db	MusicDes_40000011_Text	3.4	Hội thoại/Cốt truyện	Dữ liệu âm thanh			一切都从那段记忆中的旋律开始。\n在漫长的等待中，她不停地演奏着，盼望某天可以创作出属于自己的曲子。\n她想编写出恰当而动人的话语，尝试着揭开那些神秘而复杂的人心。\n当抚上熟悉的琴键，她的脑海里总是浮现出一个身影，仿佛从未离开过，仿佛正在靠近，仿佛故事永远不会中止……	It all began with the melody from that distant memory.\nThrough the long stretch of waiting, she played it over and over again, hoping that one day she could create a piece of her own.\nShe dreamed of composing something meaningful, something to help her unravel the mysteries of the human soul.\nEvery time her fingers brushed the keys, a familiar figure emerged from the depths of her memories—never truly gone, always drawing closer, like the lingering afterwords of a story that never ends...	すべては記憶にあるあのメロディーから始まる。\n彼女は待ち暮らす中、ずっと演奏を続けている。いつか、自分だけの曲が作れることを望みながら。\n人の心を打つようなメロディーを編み、謎に満ちた複雑な人の心を覗こうとしている。\n鍵盤に触れると、彼女はいつも誰かの姿を思い浮かべる。その姿はまるで、ずっとそばにいてくれていたように、近づいてきているように……まるで、この物語には終わりなどないかのように……	Mọi thứ đều bắt đầu từ giai điệu trong ký ức đó.\nTrong khoảng thời gian chờ đợi đằng đẵng, cô ấy không ngừng chơi đàn, hy vọng một ngày nào đó có thể sáng tác ra bản nhạc của riêng mình.\nCô ấy muốn viết nên những lời ca phù hợp và lay động lòng người, thử khám phá những tâm hồn bí ẩn và phức tạp ấy.\nKhi chạm vào những phím đàn quen thuộc, trong đầu cô ấy luôn hiện lên một bóng hình, như thể chưa từng rời đi, như thể đang tiến lại gần, như thể câu chuyện sẽ không bao giờ kết thúc...
lang_multi_text.db	MusicDes_40000012_Text	3.4	Hội thoại/Cốt truyện	Dữ liệu âm thanh			一切都从那段记忆中的旋律开始。\n在漫长的等待中，她不停地演奏着，盼望某天可以创作出属于自己的曲子。\n她想编写出恰当而动人的话语，尝试着揭开那些神秘而复杂的人心。\n当抚上熟悉的琴键，她的脑海里总是浮现出一个身影，仿佛从未离开过，仿佛正在靠近，仿佛故事永远不会中止……	It all began with the melody from that distant memory.\nThrough the long stretch of waiting, she played it over and over again, hoping that one day she could create a piece of her own.\nShe dreamed of composing something meaningful, something to help her unravel the mysteries of the human soul.\nEvery time her fingers brushed the keys, a familiar figure emerged from the depths of her memories—never truly gone, always drawing closer, like the lingering afterwords of a story that never ends...	すべては記憶にあるあのメロディーから始まる。\n彼女は待ち暮らす中、ずっと演奏を続けている。いつか、自分だけの曲が作れることを望みながら。\n人の心を打つようなメロディーを編み、謎に満ちた複雑な人の心を覗こうとしている。\n鍵盤に触れると、彼女はいつも誰かの姿を思い浮かべる。その姿はまるで、ずっとそばにいてくれていたように、近づいてきているように……まるで、この物語には終わりなどないかのように……	Mọi thứ đều bắt đầu từ giai điệu trong ký ức đó.\nTrong khoảng thời gian chờ đợi đằng đẵng, cô ấy không ngừng chơi đàn, hy vọng một ngày nào đó có thể sáng tác ra bản nhạc của riêng mình.\nCô ấy muốn viết nên những lời ca phù hợp và lay động lòng người, thử khám phá những tâm hồn bí ẩn và phức tạp ấy.\nKhi chạm vào những phím đàn quen thuộc, trong đầu cô ấy luôn hiện lên một bóng hình, như thể chưa từng rời đi, như thể đang tiến lại gần, như thể câu chuyện sẽ không bao giờ kết thúc...
lang_multi_text.db	MusicDes_40000013_Text	3.4	Hội thoại/Cốt truyện	Dữ liệu âm thanh			一切都从那段记忆中的旋律开始。\n在漫长的等待中，她不停地演奏着，盼望某天可以创作出属于自己的曲子。\n她想编写出恰当而动人的话语，尝试着揭开那些神秘而复杂的人心。\n当抚上熟悉的琴键，她的脑海里总是浮现出一个身影，仿佛从未离开过，仿佛正在靠近，仿佛故事永远不会中止……	It all began with the melody from that distant memory.\nThrough the long stretch of waiting, she played it over and over again, hoping that one day she could create a piece of her own.\nShe dreamed of composing something meaningful, something to help her unravel the mysteries of the human soul.\nEvery time her fingers brushed the keys, a familiar figure emerged from the depths of her memories—never truly gone, always drawing closer, like the lingering afterwords of a story that never ends...	すべては記憶にあるあのメロディーから始まる。\n彼女は待ち暮らす中、ずっと演奏を続けている。いつか、自分だけの曲が作れることを望みながら。\n人の心を打つようなメロディーを編み、謎に満ちた複雑な人の心を覗こうとしている。\n鍵盤に触れると、彼女はいつも誰かの姿を思い浮かべる。その姿はまるで、ずっとそばにいてくれていたように、近づいてきているように……まるで、この物語には終わりなどないかのように……	Mọi thứ đều bắt đầu từ giai điệu trong ký ức đó.\nTrong khoảng thời gian chờ đợi đằng đẵng, cô ấy không ngừng chơi đàn, hy vọng một ngày nào đó có thể sáng tác ra bản nhạc của riêng mình.\nCô ấy muốn viết nên những lời ca phù hợp và lay động lòng người, thử khám phá những tâm hồn bí ẩn và phức tạp ấy.\nKhi chạm vào những phím đàn quen thuộc, trong đầu cô ấy luôn hiện lên một bóng hình, như thể chưa từng rời đi, như thể đang tiến lại gần, như thể câu chuyện sẽ không bao giờ kết thúc...
lang_multi_text.db	MusicDes_40000014_Text	3.4	Hội thoại/Cốt truyện	Dữ liệu âm thanh			一切都从那段记忆中的旋律开始。\n在漫长的等待中，她不停地演奏着，盼望某天可以创作出属于自己的曲子。\n她想编写出恰当而动人的话语，尝试着揭开那些神秘而复杂的人心。\n当抚上熟悉的琴键，她的脑海里总是浮现出一个身影，仿佛从未离开过，仿佛正在靠近，仿佛故事永远不会中止……	It all began with the melody from that distant memory.\nThrough the long stretch of waiting, she played it over and over again, hoping that one day she could create a piece of her own.\nShe dreamed of composing something meaningful, something to help her unravel the mysteries of the human soul.\nEvery time her fingers brushed the keys, a familiar figure emerged from the depths of her memories—never truly gone, always drawing closer, like the lingering afterwords of a story that never ends...	すべては記憶にあるあのメロディーから始まる。\n彼女は待ち暮らす中、ずっと演奏を続けている。いつか、自分だけの曲が作れることを望みながら。\n人の心を打つようなメロディーを編み、謎に満ちた複雑な人の心を覗こうとしている。\n鍵盤に触れると、彼女はいつも誰かの姿を思い浮かべる。その姿はまるで、ずっとそばにいてくれていたように、近づいてきているように……まるで、この物語には終わりなどないかのように……	Mọi thứ đều bắt đầu từ giai điệu trong ký ức đó.\nTrong khoảng thời gian chờ đợi đằng đẵng, cô ấy không ngừng chơi đàn, hy vọng một ngày nào đó có thể sáng tác ra bản nhạc của riêng mình.\nCô ấy muốn viết nên những lời ca phù hợp và lay động lòng người, thử khám phá những tâm hồn bí ẩn và phức tạp ấy.\nKhi chạm vào những phím đàn quen thuộc, trong đầu cô ấy luôn hiện lên một bóng hình, như thể chưa từng rời đi, như thể đang tiến lại gần, như thể câu chuyện sẽ không bao giờ kết thúc...
lang_multi_text.db	MusicDes_40000015_Text	3.4	Hội thoại/Cốt truyện	Dữ liệu âm thanh			失落的小径中，我们发现，每一个终结都是新的开始。	Down the lost trail we found, every ending leads to a new memory.	失意の小道で気付いたのだ。終わりはみんな、新たな始まりだということに。	Trên con đường nhỏ bị lãng quên, chúng ta nhận ra rằng, mỗi một sự kết thúc đều là một khởi đầu mới.
lang_multi_text.db	MusicDes_40000016_Text	3.4	Hội thoại/Cốt truyện	Dữ liệu âm thanh			失落的小径中，我们发现，每一个终结都是新的开始。	Down the lost trail we found, every ending leads to a new memory.	失意の小道で気付いたのだ。終わりはみんな、新たな始まりだということに。	Trên con đường nhỏ bị lãng quên, chúng ta nhận ra rằng, mỗi một sự kết thúc đều là một khởi đầu mới.
lang_multi_text.db	MusicDes_40000017_Text	3.4	Hội thoại/Cốt truyện	Dữ liệu âm thanh			At the Carnival！\n狂欢在宣召，快来加入这场盛大的狂欢宴会吧！	At the Carnival!\nCome one, come all, hearken to the call, the celebratory echoes of our grand carnival!	今夜はずっとthe carnival!	At the Carnival!\nLễ hội cuồng hoan đang vẫy gọi, mau đến tham gia bữa tiệc cuồng hoan hoành tráng này nào!
lang_multi_text.db	MusicDes_40000018_Text	3.4	Hội thoại/Cốt truyện	Dữ liệu âm thanh			At the Carnival！\n狂欢在宣召，快来加入这场盛大的狂欢宴会吧！	At the Carnival!\nCome one, come all, hearken to the call, the celebratory echoes of our grand carnival!	今夜はずっとthe carnival!	At the Carnival!\nLễ hội cuồng hoan đang vẫy gọi, mau đến tham gia bữa tiệc cuồng hoan hoành tráng này nào!
lang_multi_text.db	MusicDes_40000019_Text	3.4	Hội thoại/Cốt truyện	Dữ liệu âm thanh			At the Carnival！\n狂欢在宣召，快来加入这场盛大的狂欢宴会吧！	At the Carnival!\nCome one, come all, hearken to the call, the celebratory echoes of our grand carnival!	今夜はずっとthe carnival!	At the Carnival!\nLễ hội cuồng hoan đang vẫy gọi, mau đến tham gia bữa tiệc cuồng hoan hoành tráng này nào!
lang_multi_text.db	MusicDes_40000020_Text	3.4	Hội thoại/Cốt truyện	Dữ liệu âm thanh			At the Carnival！\n狂欢在宣召，快来加入这场盛大的狂欢宴会吧！	At the Carnival!\nCome one, come all, hearken to the call, the celebratory echoes of our grand carnival!	今夜はずっとthe carnival!	At the Carnival!\nLễ hội cuồng hoan đang vẫy gọi, mau đến tham gia bữa tiệc cuồng hoan hoành tráng này nào!
lang_multi_text.db	MusicDes_40000021_Text	3.4	Hội thoại/Cốt truyện	Dữ liệu âm thanh			At the Carnival！\n狂欢在宣召，快来加入这场盛大的狂欢宴会吧！	At the Carnival!\nCome one, come all, hearken to the call, the celebratory echoes of our grand carnival!	今夜はずっとthe carnival!	At the Carnival!\nLễ hội cuồng hoan đang vẫy gọi, mau đến tham gia bữa tiệc cuồng hoan hoành tráng này nào!
lang_multi_text.db	MusicDes_40000022_Text	3.4	Hội thoại/Cốt truyện	Dữ liệu âm thanh			At the Carnival！\n狂欢在宣召，快来加入这场盛大的狂欢宴会吧！	At the Carnival!\nCome one, come all, hearken to the call, the celebratory echoes of our grand carnival!	今夜はずっとthe carnival!	At the Carnival!\nLễ hội cuồng hoan đang vẫy gọi, mau đến tham gia bữa tiệc cuồng hoan hoành tráng này nào!
lang_multi_text.db	MusicDes_50000001_Text	3.4	Hội thoại/Cốt truyện	Dữ liệu âm thanh			与芙露德莉斯对决后的背景音乐	Background music played after your battle with Fleurdelys.	フルールドリスと対決した後のBGM。	Nhạc nền sau khi đối đầu với Fleurdelys
lang_multi_text.db	MusicDes_50000002_Text	3.4	Hội thoại/Cốt truyện	Dữ liệu âm thanh			与芙露德莉斯对决时的背景音乐	Background music played during your battle with Fleurdelys.	フルールドリスと対決する時のBGM。	Nhạc nền khi đối đầu với Fleurdelys
lang_multi_text.db	MusicDes_50000003_Text	3.4	Hội thoại/Cốt truyện	Dữ liệu âm thanh			英仙湖的背景音乐	Background music of Lake of Spirits.	精霊の湖のBGM。	Nhạc nền của Hồ Anh Tiên
lang_multi_text.db	MusicDes_50000004_Text	3.4	Hội thoại/Cốt truyện	Dữ liệu âm thanh			阿维纽林神学院的日间背景音乐	Daytime background music of Avinoleum Theological Seminary.	アヴィノレーム神学校の昼のBGM。	Nhạc nền ban ngày của Học Viện Thần Học Avinoleum
lang_multi_text.db	MusicDes_50000005_Text	3.4	Hội thoại/Cốt truyện	Dữ liệu âm thanh			阿维纽林神学院的夜间背景音乐	Nighttime background music of Avinoleum Theological Seminary.	アヴィノレーム神学校の夜のBGM。	Nhạc nền ban đêm của Học Viện Thần Học Avinoleum
lang_multi_text.db	MusicDes_50000006_Text	3.4	Hội thoại/Cốt truyện	Dữ liệu âm thanh			波蒂维诺堡的背景音乐	Background music of Porto-Veno Castle.	ポルトヴィーノ城のBGM。	Nhạc nền của Lâu Đài Porto-Veno
lang_multi_text.db	MusicDes_50000007_Text	3.4	Hội thoại/Cốt truyện	Dữ liệu âm thanh			我走向你，烟花照亮你的笑脸。我们对视时，一切都变成慢镜头。让我们一直走下去吧，像一首永不结束的歌。	I walk toward you, the fireworks lighting up your smile. The moment we lock eyes, everything seems to freeze, as if time slows down. Let our story continue, like an eversinging song.	花火に照らされ、微笑むあなたへ駆け出した。目が合った瞬間、すべてがスローモーションに変わった。このままずっと、あなたのそばを歩いていたい――永遠に終わらぬ、唄のように。	Mình bước về phía cậu, pháo hoa chiếu sáng nụ cười của cậu. Khi chúng ta nhìn nhau, mọi thứ đều biến thành thước phim quay chậm. Hãy cứ bước tiếp như vậy nhé, như một bài ca không bao giờ kết thúc.
lang_multi_text.db	MusicDes_50000008_Text	3.4	Hội thoại/Cốt truyện	Dữ liệu âm thanh			天空，是飞鸟翱翔之地，也是人类向往之地。我们抬头高歌，待飞鸟振翅高飞，奏响对自由的向往。	The sky, where birds fly free, is also where our dreams soar. With our heads lifted, we sing, as the birds spread their wings, our song of freedom.	鳥が翔ける空に、人もまた夢を見る。羽ばたく時を待ちながら、私たちは顔を上げ歌声を響かせて、自由への情熱を奏でる。	Bầu trời, là nơi chim bay lượn, cũng là nơi con người hướng về. Chúng ta ngẩng đầu hát vang, chờ khi bầy chim vỗ cánh bay cao, tấu lên niềm khao khát tự do.
lang_multi_text.db	MusicDes_50000009_Text	3.4	Hội thoại/Cốt truyện	Dữ liệu âm thanh			隐海试验场的背景音乐	Background music in the Fabricatorium of the Deep	隠海実験場のBGM	Nhạc nền của Khu Thử Nghiệm Biển Ẩn
lang_multi_text.db	MusicDes_50000010_Text	3.4	Hội thoại/Cốt truyện	Dữ liệu âm thanh			未被使用的隐海试验场调律旧曲	Unused music piece in the Fabricatorium of the Deep	使用されていない隠海実験場の古い曲	Khúc nhạc cũ điều luật chưa được sử dụng trong Khu Thử Nghiệm Biển Ẩn
lang_multi_text.db	MusicDes_50000011_Text	3.4	Hội thoại/Cốt truyện	Dữ liệu âm thanh			与芬莱克·异海归途对决时的背景音乐	Background music when fighting "Fenrico: Deliverance in the Deep"	フェンリコ・異海の帰還と対決する時のBGM	Nhạc nền khi đối đầu với Fenrico: Đường Về Nơi Biển Sâu
lang_multi_text.db	MusicDes_50000021_Text	3.4	Hội thoại/Cốt truyện	Dữ liệu âm thanh			狩猎者营地的背景音乐	Background music of Hunter's Den.	狩人のキャンプのBGM。	Nhạc nền của Doanh Trại Thợ Săn
lang_multi_text.db	MusicDes_50000022_Text	3.4	Hội thoại/Cốt truyện	Dữ liệu âm thanh			受蚀地的背景音乐	Background music of the Wastelands.	潮蝕地のBGM。	Nhạc nền của Vùng Đất Bị Bào Mòn
lang_multi_text.db	MusicDes_50000023_Text	3.4	Hội thoại/Cốt truyện	Dữ liệu âm thanh			赤林猎场的背景音乐	Background music of Maroonwood.	マルーンウッド狩り場のBGM。	Nhạc nền của Bãi Săn Rừng Đỏ
lang_multi_text.db	MusicDes_50000024_Text	3.4	Hội thoại/Cốt truyện	Dữ liệu âm thanh			四方殿的背景音乐	Background music of Tetragon Temple.	テトラゴン真殿のBGM。	Nhạc nền của Đền Tứ Phương
lang_multi_text.db	MusicDes_50000025_Text	3.4	Hội thoại/Cốt truyện	Dữ liệu âm thanh			往世花平野的背景音乐	Background music of Asphodel Barrens.	アスポデロスの野のBGM。	Nhạc nền của Đồng Bằng Hoa Quá Khứ
lang_multi_text.db	MusicDes_50000026_Text	3.4	Hội thoại/Cốt truyện	Dữ liệu âm thanh			与奥古斯塔交锋时的背景音乐	Background music played when crossing blades with Augusta.	オーガスタと戦う時のBGM。	Nhạc nền khi giao chiến với Augusta
lang_multi_text.db	MusicDes_50000027_Text	3.4	Hội thoại/Cốt truyện	Dữ liệu âm thanh			与奥古斯塔一同送别“英灵”时的背景音乐	Background music played when seeing the heroes' spirits off with Augusta.	オーガスタと共に「英霊」を送別する時のBGM。	Nhạc nền khi cùng Augusta tiễn biệt "Anh Linh"
lang_multi_text.db	MusicDes_50000028_Text	3.4	Hội thoại/Cốt truyện	Dữ liệu âm thanh			与尤诺再度重逢时的背景音乐	Background music played when reuniting with Iuno.	ユーノと再会する時のBGM。	Nhạc nền khi đoàn tụ với Iuno
lang_multi_text.db	MusicDes_50000029_Text	3.4	Hội thoại/Cốt truyện	Dữ liệu âm thanh			尤诺亵渎命运指引时的背景音乐	Background music played when Iuno defies fate.	ユーノが運命の導きを冒涜する時のBGM。	Nhạc nền khi Iuno phỉ báng sự chỉ dẫn của số phận
lang_multi_text.db	MusicDes_50000030_Text	3.4	Hội thoại/Cốt truyện	Dữ liệu âm thanh			在拉古那辞别仇远时的背景音乐	Background music played when bidding farewell to Qiuyuan in Ragunna	ラグーナで仇遠と別れを告げる時のBGM。	Nhạc nền khi từ biệt Qiuyuan ở Ragunna
lang_multi_text.db	MusicDes_50000031_Text	3.4	Hội thoại/Cốt truyện	Dữ liệu âm thanh			与利维亚坦决战时的背景音乐。	Background music played when battling Leviathan.	レビヤタンと決戦する時のBGM。	Nhạc nền khi quyết chiến với Leviathan.
lang_multi_text.db	MusicDes_50000032_Text	3.4	Hội thoại/Cốt truyện	Dữ liệu âm thanh			嘉贝莉娜的「磁带」中播放的音乐。	Galbrena's "Cassette" music.	ガルブレーナの「カセット」から流れるBGM。	Nhạc được phát trong "Băng Cassette" của Galbrena.
lang_multi_text.db	MusicDes_60000001_Text	3.4	Hội thoại/Cốt truyện	Dữ liệu âm thanh			于浸梦海床中收集到的音乐，记载了心之集域中的独特曲调。	Music found within Dreaming Deep, bearing unique tunes of the Somnoire.	夢現のシーベッドで集めた曲。心の集域ならではの、独特なメロディーが記されている。	Bản nhạc thu thập được dưới Đáy Biển Tẩm Mộng, ghi lại giai điệu độc đáo trong Vùng Đất Trái Tim.
lang_multi_text.db	MusicDes_60000002_Text	3.4	Hội thoại/Cốt truyện	Dữ liệu âm thanh			于浸梦海床中收集到的音乐，记载了心之集域中的独特曲调。	Music found within Dreaming Deep, bearing unique tunes of the Somnoire.	夢現のシーベッドで集めた曲。心の集域ならではの、独特なメロディーが記されている。	Bản nhạc thu thập được dưới Đáy Biển Tẩm Mộng, ghi lại giai điệu độc đáo trong Vùng Đất Trái Tim.
lang_multi_text.db	MusicDes_60000003_Text	3.4	Hội thoại/Cốt truyện	Dữ liệu âm thanh			于浸梦海床中收集到的音乐，记载了心之集域中的独特曲调。	Music found within Dreaming Deep, bearing unique tunes of the Somnoire.	夢現のシーベッドで集めた曲。心の集域ならではの、独特なメロディーが記されている。	Bản nhạc thu thập được dưới Đáy Biển Tẩm Mộng, ghi lại giai điệu độc đáo trong Vùng Đất Trái Tim.
lang_multi_text.db	MusicDes_60000004_Text	3.4	Hội thoại/Cốt truyện	Dữ liệu âm thanh			于浸梦海床中收集到的音乐，记载了心之集域中的独特曲调。	Music found within Dreaming Deep, bearing unique tunes of the Somnoire.	夢現のシーベッドで集めた曲。心の集域ならではの、独特なメロディーが記されている。	Bản nhạc thu thập được dưới Đáy Biển Tẩm Mộng, ghi lại giai điệu độc đáo trong Vùng Đất Trái Tim.
lang_multi_text.db	MusicDes_60000005_Text	3.4	Hội thoại/Cốt truyện	Dữ liệu âm thanh			于浸梦海床中收集到的音乐，记载了心之集域中的独特曲调。	Music found within Dreaming Deep, bearing unique tunes of the Somnoire.	夢現のシーベッドで集めた曲。心の集域ならではの、独特なメロディーが記されている。	Bản nhạc thu thập được dưới Đáy Biển Tẩm Mộng, ghi lại giai điệu độc đáo trong Vùng Đất Trái Tim.
lang_multi_text.db	MusicDes_60000006_Text	3.4	Hội thoại/Cốt truyện	Dữ liệu âm thanh			于浸梦海床中收集到的音乐，记载了心之集域中的独特曲调。	Music found within Dreaming Deep, bearing unique tunes of the Somnoire.	夢現のシーベッドで集めた曲。心の集域ならではの、独特なメロディーが記されている。	Bản nhạc thu thập được dưới Đáy Biển Tẩm Mộng, ghi lại giai điệu độc đáo trong Vùng Đất Trái Tim.
lang_multi_text.db	MusicDes_60000007_Text	3.4	Hội thoại/Cốt truyện	Dữ liệu âm thanh			于浸梦海床中收集到的音乐，记载了心之集域中的独特曲调。	Music found within Dreaming Deep, bearing unique tunes of the Somnoire.	夢現のシーベッドで集めた曲。心の集域ならではの、独特なメロディーが記されている。	Bản nhạc thu thập được dưới Đáy Biển Tẩm Mộng, ghi lại giai điệu độc đáo trong Vùng Đất Trái Tim.
lang_multi_text.db	MusicDes_60000008_Text	3.4	Hội thoại/Cốt truyện	Dữ liệu âm thanh			于浸梦海床中收集到的音乐，记载了心之集域中的独特曲调。	Music found within Dreaming Deep, bearing unique tunes of the Somnoire.	夢現のシーベッドで集めた曲。心の集域ならではの、独特なメロディーが記されている。	Bản nhạc thu thập được dưới Đáy Biển Tẩm Mộng, ghi lại giai điệu độc đáo trong Vùng Đất Trái Tim.
lang_multi_text.db	MusicDes_60000009_Text	3.4	Hội thoại/Cốt truyện	Dữ liệu âm thanh			于浸梦海床中收集到的音乐，记载了心之集域中的独特曲调。	Music found within Dreaming Deep, bearing unique tunes of the Somnoire.	夢現のシーベッドで集めた曲。心の集域ならではの、独特なメロディーが記されている。	Bản nhạc thu thập được dưới Đáy Biển Tẩm Mộng, ghi lại giai điệu độc đáo trong Vùng Đất Trái Tim.
lang_multi_text.db	MusicDes_60000010_Text	3.4	Hội thoại/Cốt truyện	Dữ liệu âm thanh			于浸梦海床中收集到的音乐，记载了心之集域中的独特曲调。	Music found within Dreaming Deep, bearing unique tunes of the Somnoire.	夢現のシーベッドで集めた曲。心の集域ならではの、独特なメロディーが記されている。	Bản nhạc thu thập được dưới Đáy Biển Tẩm Mộng, ghi lại giai điệu độc đáo trong Vùng Đất Trái Tim.
lang_multi_text.db	MusicDes_60000011_Text	3.4	Hội thoại/Cốt truyện	Dữ liệu âm thanh			于浸梦海床中收集到的音乐，记载了心之集域中的独特曲调。	Music found within Dreaming Deep, bearing unique tunes of the Somnoire.	夢現のシーベッドで集めた曲。心の集域ならではの、独特なメロディーが記されている。	Bản nhạc thu thập được dưới Đáy Biển Tẩm Mộng, ghi lại giai điệu độc đáo trong Vùng Đất Trái Tim.
lang_multi_text.db	MusicDes_60000012_Text	3.4	Hội thoại/Cốt truyện	Dữ liệu âm thanh			于浸梦海床中收集到的音乐，记载了心之集域中的独特曲调。	Music found within Dreaming Deep, bearing unique tunes of the Somnoire.	夢現のシーベッドで集めた曲。心の集域ならではの、独特なメロディーが記されている。	Bản nhạc thu thập được dưới Đáy Biển Tẩm Mộng, ghi lại giai điệu độc đáo trong Vùng Đất Trái Tim.
lang_multi_text.db	MusicDes_60000013_Text	3.4	Hội thoại/Cốt truyện	Dữ liệu âm thanh			于浸梦海床中收集到的音乐，记载了心之集域中的独特曲调。	Music found within Dreaming Deep, bearing unique tunes of the Somnoire.	夢現のシーベッドで集めた曲。心の集域ならではの、独特なメロディーが記されている。	Bản nhạc thu thập được dưới Đáy Biển Tẩm Mộng, ghi lại giai điệu độc đáo trong Vùng Đất Trái Tim.
lang_multi_text.db	MusicDes_60000014_Text	3.4	Hội thoại/Cốt truyện	Dữ liệu âm thanh			于浸梦海床中收集到的音乐，记载了心之集域中的独特曲调。	Music found within Dreaming Deep, bearing unique tunes of the Somnoire.	夢現のシーベッドで集めた曲。心の集域ならではの、独特なメロディーが記されている。	Bản nhạc thu thập được dưới Đáy Biển Tẩm Mộng, ghi lại giai điệu độc đáo trong Vùng Đất Trái Tim.
lang_multi_text.db	MusicDes_60000015_Text	3.4	Hội thoại/Cốt truyện	Dữ liệu âm thanh			于浸梦海床中收集到的音乐，记载了心之集域中的独特曲调。	Music found within Dreaming Deep, bearing unique tunes of the Somnoire.	夢現のシーベッドで集めた曲。心の集域ならではの、独特なメロディーが記されている。	Bản nhạc thu thập được dưới Đáy Biển Tẩm Mộng, ghi lại giai điệu độc đáo trong Vùng Đất Trái Tim.
lang_multi_text.db	MusicDes_60000016_Text	3.4	Hội thoại/Cốt truyện	Dữ liệu âm thanh			于浸梦海床中收集到的音乐，记载了心之集域中的独特曲调。	Music found within Dreaming Deep, bearing unique tunes of the Somnoire.	夢現のシーベッドで集めた曲。心の集域ならではの、独特なメロディーが記されている。	Bản nhạc thu thập được dưới Đáy Biển Tẩm Mộng, ghi lại giai điệu độc đáo trong Vùng Đất Trái Tim.
lang_multi_text.db	MusicDes_60000017_Text	3.4	Hội thoại/Cốt truyện	Dữ liệu âm thanh			于浸梦海床中收集到的音乐，记载了心之集域中的独特曲调。	Music found within Dreaming Deep, bearing unique tunes of the Somnoire.	夢現のシーベッドで集めた曲。心の集域ならではの、独特なメロディーが記されている。	Bản nhạc thu thập được dưới Đáy Biển Tẩm Mộng, ghi lại giai điệu độc đáo trong Vùng Đất Trái Tim.
lang_multi_text.db	MusicDes_60000018_Text	3.4	Hội thoại/Cốt truyện	Dữ liệu âm thanh			于浸梦海床中收集到的音乐，记载了心之集域中的独特曲调。	Music found within Dreaming Deep, bearing unique tunes of the Somnoire.	夢現のシーベッドで集めた曲。心の集域ならではの、独特なメロディーが記されている。	Bản nhạc thu thập được dưới Đáy Biển Tẩm Mộng, ghi lại giai điệu độc đáo trong Vùng Đất Trái Tim.
lang_multi_text.db	MusicDes_60000019_Text	3.4	Hội thoại/Cốt truyện	Dữ liệu âm thanh			于浸梦海床中收集到的音乐，记载了心之集域中的独特曲调。	Music found within Dreaming Deep, bearing unique tunes of the Somnoire.	夢現のシーベッドで集めた曲。心の集域ならではの、独特なメロディーが記されている。	Bản nhạc thu thập được dưới Đáy Biển Tẩm Mộng, ghi lại giai điệu độc đáo trong Vùng Đất Trái Tim.
lang_multi_text.db	MusicDes_60000020_Text	3.4	Hội thoại/Cốt truyện	Dữ liệu âm thanh			于浸梦海床中收集到的音乐，记载了心之集域中的独特曲调。	Music found within Dreaming Deep, bearing unique tunes of the Somnoire.	夢現のシーベッドで集めた曲。心の集域ならではの、独特なメロディーが記されている。	Bản nhạc thu thập được dưới Đáy Biển Tẩm Mộng, ghi lại giai điệu độc đáo trong Vùng Đất Trái Tim.
lang_multi_text.db	MusicDes_70000001_Text	3.4	Hội thoại/Cốt truyện	Dữ liệu âm thanh			2025生日纪念，由布偶小队倾情演奏。	The birthday song for 2025, magnificently performed by the Plushie Squad.	ぬいぐるみスクワッドが精一杯演奏してくれた、2025年の誕生日記念曲。	Bài hát kỷ niệm sinh nhật năm 2025, được biểu diễn hết mình bởi Đội Thú Bông.
lang_multi_text.db	MusicDes_70000002_Text	3.4	Hội thoại/Cốt truyện	Dữ liệu âm thanh			轻盈而明亮的旋律，像在午后吹拂过你的那阵风，它藏着每一段同行的记忆，也藏着说不出口的感激和眷恋。当音符跃动，那些幸福的日子也在心间涌现，这是为你而作的歌，也是为你停驻的时间。生日快乐，漂泊者。	A piece of music as gentle and bright as the afternoon breeze that once brushed your cheek. It carries shared memories of adventures, unspoken gratitude, and quiet longing. With every note, the happy days you lived through return once more. This isn't merely a song written for you. It's a moment in time, carefully kept for you.\nHappy birthday, Rover.	軽やかで明るい旋律は、午後にそよぐ風のよう。そこには、共に歩んだ旅の思い出と、言葉にできない感謝の気持ちが込められている。音符が弾むたびに、あの幸福な日々が心に蘇る。これはあなたのために作られた歌であり、あなただけのために刻まれる時間。\n誕生日おめでとう、漂泊者。	Giai điệu nhẹ nhàng và tươi sáng, như cơn gió thoảng qua cậu vào buổi chiều. Nó chứa đựng mọi kỷ niệm đồng hành, cũng như sự biết ơn và lòng lưu luyến không thể nói thành lời. Khi những nốt nhạc vang lên, những ngày tháng hạnh phúc ấy lại ùa về trong tim. Đây là bài hát viết cho cậu, cũng là khoảng thời gian dừng lại vì cậu. Chúc mừng sinh nhật, Rover.
lang_multi_text.db	MusicDes_80000001_Text	3.4	Hội thoại/Cốt truyện	Dữ liệu âm thanh			与海之女对决时的背景音乐	Background music played during the fight with the Lady of the Sea	海の娘と対決する時のBGM。	Nhạc nền khi đối đầu với Nữ Thần Biển Cả
lang_multi_text.db	MusicDes_80000002_Text	3.4	Hội thoại/Cốt truyện	Dữ liệu âm thanh			与七丘相遇时的背景音乐	Background music played when first arriving in Septimont	セブン・ヒルズに初めて会う時のBGM。	Nhạc nền khi lần đầu đến Septimont
lang_multi_text.db	MusicDes_80000003_Text	3.4	Hội thoại/Cốt truyện	Dữ liệu âm thanh			岩间中枢的背景音乐	Background music for the Central Hub	岩窟中枢のBGM。	Nhạc nền của Trung Tâm Nham Gian
lang_multi_text.db	MusicDes_80000004_Text	3.4	Hội thoại/Cốt truyện	Dữ liệu âm thanh			危行任务「天穹之下的相会」的背景音乐	Background music played during Exploration Quest “When the Sky Watches Us Meet”	危地任務「天穹の下の出会い」のBGM。	Nhạc nền của nhiệm vụ nguy hiểm [Gặp Gỡ Dưới Bầu Trời]
lang_multi_text.db	MusicDes_80000005_Text	3.4	Hội thoại/Cốt truyện	Dữ liệu âm thanh			潮汐任务「荣耀暗面」的背景音乐	Background music played during the Main Quest "Shadow of Glory."	潮汐任務「影を落とす栄光」のBGM。	Nhạc nền của nhiệm vụ thủy triều [Mặt Tối Của Vinh Quang]
lang_multi_text.db	MusicJet_1000_Plant	3.4	Hội thoại/Cốt truyện	Dữ liệu âm thanh			星海探索区域	Sea of Stars	星海探査エリア	Vùng Viễn Chinh Tinh Hải
lang_multi_text.db	MusicJet_10011_Desc	3.4	Hội thoại/Cốt truyện	Dữ liệu âm thanh			鸣潮先约电台 / Ream雨舒	Wuthering Waves Pioneer Podcast / Yushu	鳴潮先駆ラジオ / YuShu	Đài Tiên Phong Minh Triều / Ream Yushu
lang_multi_text.db	MusicJet_10011_Name	3.4	Hội thoại/Cốt truyện	Dữ liệu âm thanh			《试玩关卡》	Tutorial Track	『チュートリアル』	[Màn Chơi Thử]
lang_multi_text.db	MusicJet_1001_Plant	3.4	Hội thoại/Cốt truyện	Dữ liệu âm thanh			星云漫游	Nebulas Walk	星雲トラベル	Dạo Bước Tinh Vân
lang_multi_text.db	MusicJet_10021_Desc	3.4	Hội thoại/Cốt truyện	Dữ liệu âm thanh			鸣潮先约电台 / Ream雨舒	Wuthering Waves Pioneer Podcast / Yushu	鳴潮先駆ラジオ / YuShu	Đài Tiên Phong Minh Triều / Ream Yushu
lang_multi_text.db	MusicJet_10021_Name	3.4	Hội thoại/Cốt truyện	Dữ liệu âm thanh			《新手教学》	Tutorial Track	『チュートリアル』	[Hướng Dẫn Nhập Môn]
lang_multi_text.db	MusicJet_10022_Desc	3.4	Hội thoại/Cốt truyện	Dữ liệu âm thanh			鸣潮先约电台 / jixwang / jkinss	Wuthering Waves Pioneer Podcast / jixwang / jkinss	鳴潮先駆ラジオ / jixwang / jkinss	Đài Tiên Phong Minh Triều / jixwang / jkinss
lang_multi_text.db	MusicJet_10022_Name	3.4	Hội thoại/Cốt truyện	Dữ liệu âm thanh			《论灵魂De Anima》	De Anima	『De Anima / On the Soul』	[De Anima: Luận Về Linh Hồn]
lang_multi_text.db	MusicJet_10023_Desc	3.4	Hội thoại/Cốt truyện	Dữ liệu âm thanh			鸣潮先约电台 / Gokou / Tarokiki	Wuthering Waves Pioneer Podcast / Gokou / Tarokiki	鳴潮先駆ラジオ / Gokou / Tarokiki	Đài Tiên Phong Minh Triều / Gokou / Tarokiki
lang_multi_text.db	MusicJet_10023_Name	3.4	Hội thoại/Cốt truyện	Dữ liệu âm thanh			《万千星语》	Whispers of Stars	『Whispers of Stars』	[Lời Thì Thầm Của Sao]
lang_multi_text.db	MusicJet_10024_Desc	3.4	Hội thoại/Cốt truyện	Dữ liệu âm thanh			鸣潮先约电台 / Ream雨舒 / DaHua	Wuthering Waves Pioneer Podcast / Yushu / DaHua	鳴潮先駆ラジオ / YuShu / DaHua	Đài Tiên Phong Minh Triều / Ream Yushu / DaHua
lang_multi_text.db	MusicJet_10024_Name	3.4	Hội thoại/Cốt truyện	Dữ liệu âm thanh			《此刻寻光星间》	Moments Captured Among the Stars	『Moments Captured Among the Stars』	[Tầm Quang Giữa Tinh Không]
lang_multi_text.db	MusicJet_10025_Desc	3.4	Hội thoại/Cốt truyện	Dữ liệu âm thanh			鸣潮先约电台 / Koimoon / Risa Yuzuki	Wuthering Waves Pioneer Podcast / Koimoon / Risa Yuzuki	鳴潮先駆ラジオ/ Koimoon / Risa Yuzuki	Đài Tiên Phong Minh Triều / Koimoon / Risa Yuzuki
lang_multi_text.db	MusicJet_10025_Name	3.4	Hội thoại/Cốt truyện	Dữ liệu âm thanh			《致那暖明黄金》	To Bright Warm Gold	『To Bright Warm Gold』	[Gửi Sắc Vàng Ấm Áp]
lang_multi_text.db	MusicJet_1002_Plant	3.4	Hội thoại/Cốt truyện	Dữ liệu âm thanh			行星探索	Planet Tales	プラネット探索	Hành Trình Tinh Cầu
lang_multi_text.db	MusicJet_10031_Desc	3.4	Hội thoại/Cốt truyện	Dữ liệu âm thanh			鸣潮先约电台 / jixwang / VISION SOUND	Wuthering Waves Pioneer Podcast / jixwang / VISION SOUND	鳴潮先駆ラジオ / jixwang / VISION SOUND	Đài Tiên Phong Minh Triều / jixwang / VISION SOUND
lang_multi_text.db	MusicJet_10031_Name	3.4	Hội thoại/Cốt truyện	Dữ liệu âm thanh			《悠忽舞于梦中》	Dancing Through Fantasies	『Dancing Through Fantasies』	[Vũ Điệu Trong Mơ]
lang_multi_text.db	MusicJet_10032_Desc	3.4	Hội thoại/Cốt truyện	Dữ liệu âm thanh			鸣潮先约电台 / jixwang / VISION SOUND	Wuthering Waves Pioneer Podcast / jixwang / VISION SOUND	鳴潮先駆ラジオ / jixwang / VISION SOUND	Đài Tiên Phong Minh Triều / jixwang / VISION SOUND
lang_multi_text.db	MusicJet_10032_Name	3.4	Hội thoại/Cốt truyện	Dữ liệu âm thanh			《愿戴荣光坠入天渊》	With Glory I Shall Fall	『With Glory I Shall Fall』	[Mang Theo Vinh Quang Sa Vào Vực Thẳm]
lang_multi_text.db	MusicJet_10033_Desc	3.4	Hội thoại/Cốt truyện	Dữ liệu âm thanh			鸣潮先约电台 / Empty old City	Wuthering Waves Pioneer Podcast / Empty old City	鳴潮先駆ラジオ / Empty old City	Đài Tiên Phong Minh Triều / Empty old City
lang_multi_text.db	MusicJet_10033_Name	3.4	Hội thoại/Cốt truyện	Dữ liệu âm thanh			《Daisy Crown》	Daisy Crown	『Daisy Crown』	Daisy Crown
lang_multi_text.db	MusicJet_10034_Desc	3.4	Hội thoại/Cốt truyện	Dữ liệu âm thanh			鸣潮先约电台 / YUE.STEVEN / Mars Atlas	Wuthering Waves Pioneer Podcast / YUE.STEVEN / Mars Atlas	鳴潮先駆ラジオ / YUE.STEVEN / Mars Atlas	Đài Tiên Phong Minh Triều / YUE.STEVEN / Mars Atlas
lang_multi_text.db	MusicJet_10034_Name	3.4	Hội thoại/Cốt truyện	Dữ liệu âm thanh			《逐光筑昼》	Till Dawn	『Till Dawn』	[Đuổi Sáng Xây Bình Minh]
lang_multi_text.db	MusicJet_1003_Plant	3.4	Hội thoại/Cốt truyện	Dữ liệu âm thanh			恒星冒险	Star Frontier	スターアド<word>ベンチャー</word>	Chinh Phục Tinh Không
lang_multi_text.db	MusicJet_10041_Desc	3.4	Hội thoại/Cốt truyện	Dữ liệu âm thanh			鸣潮先约电台 / baitian / 李长庚 / VISION SOUND	Wuthering Waves Pioneer Podcast / baitian / Gone Li / VISION SOUND	鳴潮先駆ラジオ / baitian / Gone Li / VISION SOUND	Đài Tiên Phong Minh Triều / baitian / Gone Li / VISION SOUND
lang_multi_text.db	MusicJet_10041_Name	3.4	Hội thoại/Cốt truyện	Dữ liệu âm thanh			《光耀诸天群海》	Radiance Across Sea and Sky	『Radiance Across Sea and Sky』	[Hào Quang Phủ Khắp Trời Biển]
lang_multi_text.db	MusicJet_10042_Desc	3.4	Hội thoại/Cốt truyện	Dữ liệu âm thanh			鸣潮先约电台 / jixwang / VISION SOUND	Wuthering Waves Pioneer Podcast / jixwang / VISION SOUND	鳴潮先駆ラジオ / jixwang / VISION SOUND	Đài Tiên Phong Minh Triều / jixwang / VISION SOUND
lang_multi_text.db	MusicJet_10042_Name	3.4	Hội thoại/Cốt truyện	Dữ liệu âm thanh			《于无羁之昼点亮真彩（Throttle Up!)》	A Splash of True Colors (Throttle Up!)	『A Splash of True Colors (Throttle Up!)』	[Sắc Màu Ngày Tự Tại (Throttle Up!)]
lang_multi_text.db	MusicJet_10043_Desc	3.4	Hội thoại/Cốt truyện	Dữ liệu âm thanh			鸣潮先约电台 / jkinss / Zho Davis / Aderemi Adesoji Adeniyi / VISION SOUND	Wuthering Waves Pioneer Podcast / jkinss / Zho Davis / Aderemi Adesoji Adeniyi / VISION SOUND	鳴潮先駆ラジオ / jkinss / Zho Davis / Aderemi Adesoji Adeniyi / VISION SOUND	Đài Tiên Phong Minh Triều / jkinss / Zho Davis / Aderemi Adesoji Adeniyi / VISION SOUND
lang_multi_text.db	MusicJet_10043_Name	3.4	Hội thoại/Cốt truyện	Dữ liệu âm thanh			《烈阳啊，请见我真名》	O Sun, Witness My Name	『O Sun, Witness My Name』	[Thái Dương Ơi, Hãy Chứng Kiến Chân Danh Ta]
lang_multi_text.db	MusicJet_10044_Desc	3.4	Hội thoại/Cốt truyện	Dữ liệu âm thanh			鸣潮先约电台 / Minase	Wuthering Waves Pioneer Podcast / Minase	鳴潮先駆ラジオ / Minase	Đài Tiên Phong Minh Triều / Minase
lang_multi_text.db	MusicJet_10044_Name	3.4	Hội thoại/Cốt truyện	Dữ liệu âm thanh			《死秽失乐福音》	The Sound of Lost Joy	『The Sound of Lost Joy』	[Phúc Âm Của Niềm Vui Đã Mất]
lang_multi_text.db	MusicJet_1004_Plant	3.4	Hội thoại/Cốt truyện	Dữ liệu âm thanh			Musedash	Muse Dash	Musedash	Khu Vực Muse Dash
lang_multi_text.db	MusicJet_10051_Desc	3.4	Hội thoại/Cốt truyện	Dữ liệu âm thanh			熊子/ANK/砂糖协会	Sugar&Co. (ANK feat kumako)	鳴潮先駆ラジオ / Sugar&Co.（ANK feat kumako）	Kumako/ANK/Sugar Association
lang_multi_text.db	MusicJet_10051_Name	3.4	Hội thoại/Cốt truyện	Dữ liệu âm thanh			《雨后甜点》	Drizzle & Dolce	『Drizzle & Dolce』	[Vị Ngọt Sau Cơn Mưa]
lang_multi_text.db	MusicJet_10052_Desc	3.4	Hội thoại/Cốt truyện	Dữ liệu âm thanh			Lime	Lime	Lime	Lime
lang_multi_text.db	MusicJet_10052_Name	3.4	Hội thoại/Cốt truyện	Dữ liệu âm thanh			《Final Step！》	Final Step!	『Final Step！』	[Bước Cuối Cùng!]
lang_multi_text.db	MusicJet_10053_Desc	3.4	Hội thoại/Cốt truyện	Dữ liệu âm thanh			USAO	USAO	USAO	USAO
lang_multi_text.db	MusicJet_10053_Name	3.4	Hội thoại/Cốt truyện	Dữ liệu âm thanh			《Cthugha》	Cthugha	『Cthugha』	Cthugha!
lang_multi_text.db	MusicName_10000001_Text	3.4	Hội thoại/Cốt truyện	Dữ liệu âm thanh			致新世界	Saving Light	Saving Light	Gửi Thế Giới Mới
lang_multi_text.db	MusicName_10000002_Text	3.4	Hội thoại/Cốt truyện	Dữ liệu âm thanh			山霁浮古今	Lifted Clouds of Eons	Lifted Clouds of Eons	Núi Tạnh Trôi Cổ Kim
lang_multi_text.db	MusicName_10000003_Text	3.4	Hội thoại/Cốt truyện	Dữ liệu âm thanh			三日为期	In Three Days' Time	In Three Days' Time	Kỳ Hạn Ba Ngày
lang_multi_text.db	MusicName_10000004_Text	3.4	Hội thoại/Cốt truyện	Dữ liệu âm thanh			春草如故	Pastures Like Old Times	Pastures Like Old Times	Emortia Như Xưa
lang_multi_text.db	MusicName_10000005_Text	3.4	Hội thoại/Cốt truyện	Dữ liệu âm thanh			林野踽行	Wilderness Wanderer	Wilderness Wanderer	Độc Hành Chốn Rừng Hoang
lang_multi_text.db	MusicName_10000006_Text	3.4	Hội thoại/Cốt truyện	Dữ liệu âm thanh			繁林收阳彩	Vast Lush Grounds	Vast Lush Grounds	Rừng Rậm Đón Nắng Chiều
lang_multi_text.db	MusicName_10000007_Text	3.4	Hội thoại/Cốt truyện	Dữ liệu âm thanh			决天命	Prophet's Message	Prophet's Message	Định Đoạt Thiên Mệnh
lang_multi_text.db	MusicName_10000008_Text	3.4	Hội thoại/Cốt truyện	Dữ liệu âm thanh			寒山独见君	Rendezvous in the Mountains	Rendezvous in the Mountains	Hàn Sơn Độc Ngộ Quân
lang_multi_text.db	MusicName_10000009_Text	3.4	Hội thoại/Cốt truyện	Dữ liệu âm thanh			枝繁春风时	Spring in Full Swing	Spring in Full Swing	Cành Lá Sum Suê Đón Gió Xuân
lang_multi_text.db	MusicName_10000010_Text	3.4	Hội thoại/Cốt truyện	Dữ liệu âm thanh			烟波画船	Rowing Towards Firmament	Rowing Towards Firmament	Thuyền Hoa Khói Sóng
lang_multi_text.db	MusicName_10000011_Text	3.4	Hội thoại/Cốt truyện	Dữ liệu âm thanh			烛照引天光	Daybreak Arises	Daybreak Arises	Đuốc Sáng Dẫn Thiên Quang
lang_multi_text.db	MusicName_10000012_Text	3.4	Hội thoại/Cốt truyện	Dữ liệu âm thanh			天光落万顷	Daybreak Descends	Daybreak Descends	Thiên Quang Trải Vạn Khoảnh
lang_multi_text.db	MusicName_12000001_Text	3.4	Hội thoại/Cốt truyện	Dữ liệu âm thanh			피안의 진혼곡	피안의 진혼곡	피안의 진혼곡	Requiem of the Beyond (Tiếng Hàn)
lang_multi_text.db	MusicName_12000002_Text	3.4	Hội thoại/Cốt truyện	Dữ liệu âm thanh			Requiem of the Beyond	Requiem of the Beyond	Requiem of the Beyond	Requiem of the Beyond
lang_multi_text.db	MusicName_12000003_Text	3.4	Hội thoại/Cốt truyện	Dữ liệu âm thanh			彼岸のレクイエム	彼岸のレクイエム	彼岸のレクイエム	Requiem of the Beyond (Tiếng Nhật)
lang_multi_text.db	MusicName_12000004_Text	3.4	Hội thoại/Cốt truyện	Dữ liệu âm thanh			彼岸的安魂曲	彼岸的安魂曲	彼岸的安魂曲	Requiem of the Beyond (Tiếng Trung)
lang_multi_text.db	MusicName_12000005_Text	3.4	Hội thoại/Cốt truyện	Dữ liệu âm thanh			RUNNING FOR YOUR LIFE (无所遁藏)	RUNNING FOR YOUR LIFE	RUNNING FOR YOUR LIFE	RUNNING FOR YOUR LIFE (Không Chốn Dung Thân)
lang_multi_text.db	MusicName_12000006_Text	3.4	Hội thoại/Cốt truyện	Dữ liệu âm thanh			风语者的即兴舞宴 (8-Bit Remix)	Wind Talker's Impromptu Show (8-Bit Remix)	Wind Talker's Impromptu Show (8-Bit Remix)	Vũ Yến Ngẫu Hứng Của Phong Ngữ Giả (8-Bit Remix)
lang_multi_text.db	MusicName_12000007_Text	3.4	Hội thoại/Cốt truyện	Dữ liệu âm thanh			风语者的即兴舞宴 (Deep House Remix)	Wind Talker's Impromptu Show (Deep House Remix)	Wind Talker's Impromptu Show (Deep House Remix)	Vũ Yến Ngẫu Hứng Của Phong Ngữ Giả (Deep House Remix)
lang_multi_text.db	MusicName_12000008_Text	3.4	Hội thoại/Cốt truyện	Dữ liệu âm thanh			风语者的即兴舞宴 (Rock Fury Remix)	Wind Talker's Impromptu Show (Rock Fury Remix)	Wind Talker's Impromptu Show (Rock Fury Remix)	Vũ Yến Ngẫu Hứng Của Phong Ngữ Giả (Rock Fury Remix)
lang_multi_text.db	MusicName_12000009_Text	3.4	Hội thoại/Cốt truyện	Dữ liệu âm thanh			风语者的即兴舞宴 (Electro Blast Remix)	Wind Talker's Impromptu Show (Electro Blast Remix)	Wind Talker's Impromptu Show (Electro Blast Remix)	Vũ Yến Ngẫu Hứng Của Phong Ngữ Giả (Electro Blast Remix)
lang_multi_text.db	MusicName_12000010_Text	3.4	Hội thoại/Cốt truyện	Dữ liệu âm thanh			风语者的即兴舞宴 (Symphonic Remix)	Wind Talker's Impromptu Show (Symphonic Remix)	Wind Talker's Impromptu Show (Symphonic Remix)	Vũ Yến Ngẫu Hứng Của Phong Ngữ Giả (Symphonic Remix)
lang_multi_text.db	MusicName_12000011_Text	3.4	Hội thoại/Cốt truyện	Dữ liệu âm thanh			风语者的即兴舞宴 (Acoustic Remix)	Wind Talker's Impromptu Show (Acoustic Remix)	Wind Talker's Impromptu Show (Acoustic Remix)	Vũ Yến Ngẫu Hứng Của Phong Ngữ Giả (Acoustic Remix)
lang_multi_text.db	MusicName_12000012_Text	3.4	Hội thoại/Cốt truyện	Dữ liệu âm thanh			风语者的即兴舞宴 (Oriental Wave Remix)	Wind Talker's Impromptu Show (Oriental Wave Remix)	Wind Talker's Impromptu Show (Oriental Wave Remix)	Vũ Yến Ngẫu Hứng Của Phong Ngữ Giả (Oriental Wave Remix)
lang_multi_text.db	MusicName_12000013_Text	3.4	Hội thoại/Cốt truyện	Dữ liệu âm thanh			Against the Tide（逆潮）	Against the Tide	Against the Tide	Against the Tide (Nghịch Triều)
lang_multi_text.db	MusicName_12000014_Text	3.4	Hội thoại/Cốt truyện	Dữ liệu âm thanh			Lulala! Lululala!（韩文版）	Lulala! Lululala! (KR)	Lulala! Lululala!（韓国語）	Lulala! Lululala! (Tiếng Hàn)
lang_multi_text.db	MusicName_12000015_Text	3.4	Hội thoại/Cốt truyện	Dữ liệu âm thanh			Lulala! Lululala!（英文版）	Lulala! Lululala! (EN)	Lulala! Lululala!（英語）	Lulala! Lululala! (Tiếng Anh)
lang_multi_text.db	MusicName_12000016_Text	3.4	Hội thoại/Cốt truyện	Dữ liệu âm thanh			Lulala! Lululala!（日文版）	Lulala! Lululala! (JP)	Lulala! Lululala!（日本語）	Lulala! Lululala! (Tiếng Nhật)
lang_multi_text.db	MusicName_12000017_Text	3.4	Hội thoại/Cốt truyện	Dữ liệu âm thanh			Lulala! Lululala!（中文版）	Lulala! Lululala! (CN)	Lulala! Lululala!（中国語）	Lulala! Lululala! (Tiếng Trung)
lang_multi_text.db	MusicName_12000018_Text	3.4	Hội thoại/Cốt truyện	Dữ liệu âm thanh			Everflow（韩文版）	Everflow (KR)	Everflow（韓国語）	Everflow (Tiếng Hàn)
lang_multi_text.db	MusicName_12000019_Text	3.4	Hội thoại/Cốt truyện	Dữ liệu âm thanh			Everflow（英文版）	Everflow (EN)	Everflow（英語）	Everflow (Tiếng Anh)
lang_multi_text.db	MusicName_12000020_Text	3.4	Hội thoại/Cốt truyện	Dữ liệu âm thanh			Everflow（日文版）	Everflow (JP)	Everflow（日本語）	Everflow (Tiếng Nhật)
lang_multi_text.db	MusicName_12000021_Text	3.4	Hội thoại/Cốt truyện	Dữ liệu âm thanh			Everflow（中文版）	Everflow (CN)	Everflow（中国語）	Everflow (Tiếng Trung)
lang_multi_text.db	MusicName_12000022_Text	3.4	Hội thoại/Cốt truyện	Dữ liệu âm thanh			퇴근?	퇴근?	퇴근?	OFF WORK? (Tiếng Hàn)
lang_multi_text.db	MusicName_12000023_Text	3.4	Hội thoại/Cốt truyện	Dữ liệu âm thanh			OFF WORK?	OFF WORK?	OFF WORK?	OFF WORK?
lang_multi_text.db	MusicName_12000024_Text	3.4	Hội thoại/Cốt truyện	Dữ liệu âm thanh			退勤？	退勤？	退勤？	OFF WORK? (Tiếng Nhật)
lang_multi_text.db	MusicName_12000025_Text	3.4	Hội thoại/Cốt truyện	Dữ liệu âm thanh			下班？	下班？	下班？	OFF WORK? (Tiếng Trung)
lang_multi_text.db	MusicName_12000026_Text	3.4	Hội thoại/Cốt truyện	Dữ liệu âm thanh			바닷속 환상의 자장가	바닷속 환상의 자장가	바닷속 환상의 자장가	Elusive Seas (Tiếng Hàn)
lang_multi_text.db	MusicName_12000027_Text	3.4	Hội thoại/Cốt truyện	Dữ liệu âm thanh			Elusive Seas	Elusive Seas	Elusive Seas	Elusive Seas
lang_multi_text.db	MusicName_12000028_Text	3.4	Hội thoại/Cốt truyện	Dữ liệu âm thanh			沈む幻海	沈む幻海	沈む幻海	Elusive Seas (Tiếng Nhật)
lang_multi_text.db	MusicName_12000029_Text	3.4	Hội thoại/Cốt truyện	Dữ liệu âm thanh			沉沦幻海	沉沦幻海	沉沦幻海	Elusive Seas (Tiếng Trung)
lang_multi_text.db	MusicName_12000030_Text	3.4	Hội thoại/Cốt truyện	Dữ liệu âm thanh			자유로운 영혼의왕 (자칭) (DESTINED)	자유로운 영혼의왕 (자칭) (DESTINED)	자유로운 영혼의왕 (자칭) (DESTINED)	THE KING OF WAYWARD SOULS (SELF PROCLAIMED) (BUT DESTINED) (Tiếng Hàn)
lang_multi_text.db	MusicName_12000031_Text	3.4	Hội thoại/Cốt truyện	Dữ liệu âm thanh			THE KING OF WAYWARD SOULS (SELF PROCLAIMED) (BUT DESTINED)	THE KING OF WAYWARD SOULS (SELF PROCLAIMED) (BUT DESTINED)	THE KING OF WAYWARD SOULS (SELF PROCLAIMED) (BUT DESTINED)	THE KING OF WAYWARD SOULS (SELF PROCLAIMED) (BUT DESTINED)
lang_multi_text.db	MusicName_12000032_Text	3.4	Hội thoại/Cốt truyện	Dữ liệu âm thanh			自由気儘な魂が誇る愚者の王 (自任) (但し天命のキャプテン)	自由気儘な魂が誇る愚者の王 (自任) (但し天命のキャプテン)	自由気儘な魂が誇る愚者の王 (自任) (但し天命のキャプテン)	THE KING OF WAYWARD SOULS (SELF PROCLAIMED) (BUT DESTINED) (Tiếng Nhật)
lang_multi_text.db	MusicName_12000033_Text	3.4	Hội thoại/Cốt truyện	Dữ liệu âm thanh			不羁灵魂之王 (虽然是自封) (但包的)	不羁灵魂之王 (虽然是自封) (但包的)	不羁灵魂之王 (虽然是自封) (但包的)	THE KING OF WAYWARD SOULS (SELF PROCLAIMED) (BUT DESTINED) (Tiếng Trung)
lang_multi_text.db	MusicName_12000034_Text	3.4	Hội thoại/Cốt truyện	Dữ liệu âm thanh			Daisy Crown（韩文版）	Daisy Crown (KR)	Daisy Crown（韓国語）	Daisy Crown (Tiếng Hàn)
lang_multi_text.db	MusicName_12000035_Text	3.4	Hội thoại/Cốt truyện	Dữ liệu âm thanh			Daisy Crown（英文版）	Daisy Crown (EN)	Daisy Crown（英語）	Daisy Crown (Tiếng Anh)
lang_multi_text.db	MusicName_12000036_Text	3.4	Hội thoại/Cốt truyện	Dữ liệu âm thanh			Daisy Crown（日文版）	Daisy Crown (JP)	Daisy Crown（日本語）	Daisy Crown (Tiếng Nhật)
lang_multi_text.db	MusicName_12000037_Text	3.4	Hội thoại/Cốt truyện	Dữ liệu âm thanh			Daisy Crown（中文版）	Daisy Crown (CN)	Daisy Crown（中国語）	Daisy Crown (Tiếng Trung)
lang_multi_text.db	MusicName_12000038_Text	3.4	Hội thoại/Cốt truyện	Dữ liệu âm thanh			ONE	ONE	ONE	ONE
lang_multi_text.db	MusicName_12000039_Text	3.4	Hội thoại/Cốt truyện	Dữ liệu âm thanh			不散的夏之灯	Lingering Summer Light	Lingering Summer Light	Ánh Đèn Mùa Hạ Bất Tận
lang_multi_text.db	MusicName_12000040_Text	3.4	Hội thoại/Cốt truyện	Dữ liệu âm thanh			结线之花	Tangled Flower	Tangled Flower	Đóa Hoa Kết Tơ
lang_multi_text.db	MusicName_12000041_Text	3.4	Hội thoại/Cốt truyện	Dữ liệu âm thanh			奔赴终焉之地	Towards the End	Towards the End	Tiến Về Nơi Tận Cùng
lang_multi_text.db	MusicName_12000042_Text	3.4	Hội thoại/Cốt truyện	Dữ liệu âm thanh			蝉鸣褪去以前	Before the Cicadas Fade	Before the Cicadas Fade	Trước Khi Tiếng Ve Lặng Im
lang_multi_text.db	MusicName_12000043_Text	3.4	Hội thoại/Cốt truyện	Dữ liệu âm thanh			坍缩的黎明	Collapsing Dawn	Collapsing Dawn	Bình Minh Sụp Đổ
lang_multi_text.db	MusicName_12000044_Text	3.4	Hội thoại/Cốt truyện	Dữ liệu âm thanh			无序在延展	Unfolding Chaos	Unfolding Chaos	Hỗn Loạn Lan Tỏa
lang_multi_text.db	MusicName_12000045_Text	3.4	Hội thoại/Cốt truyện	Dữ liệu âm thanh			当你怀拥真理	When You Hold the Truth	When You Hold the Truth	Khi Người Nắm Giữ Chân Lý
lang_multi_text.db	MusicName_13000001_Text	3.4	Hội thoại/Cốt truyện	Dữ liệu âm thanh			未竟之旅	Unfinished Journey	Unfinished Journey	Hành Trình Dang Dở
lang_multi_text.db	MusicName_13000002_Text	3.4	Hội thoại/Cốt truyện	Dữ liệu âm thanh			赴每一程未知	Venture into the Unknown	To Every Unknown Journey	Tiến Vào Mỗi Hành Trình Vô Định
lang_multi_text.db	MusicName_13000003_Text	3.4	Hội thoại/Cốt truyện	Dữ liệu âm thanh			此刻寻光星间	Moments Captured Among the Stars	Moments Captured Among the Stars	Tầm Quang Giữa Tinh Không
lang_multi_text.db	MusicName_13000004_Text	3.4	Hội thoại/Cốt truyện	Dữ liệu âm thanh			星炬竞速赛，开跑！	Rev It Up! Startorch Race!	Rev It Up! Startorch Race!	Cuộc Đua Startorch, Bắt Đầu!
lang_multi_text.db	MusicName_13000005_Text	3.4	Hội thoại/Cốt truyện	Dữ liệu âm thanh			头号车手	Ready Biker One	Ready Biker One	Tay Đua Số Một
lang_multi_text.db	MusicName_14000001_Text	3.4	Hội thoại/Cốt truyện	Dữ liệu âm thanh			远航星	Starfaring	Starfaring	Ngôi Sao Viễn Hàng
lang_multi_text.db	MusicName_14000002_Text	3.4	Hội thoại/Cốt truyện	Dữ liệu âm thanh			Throttle Up！（全速前进！）	Throttle Up!	Throttle Up!	Throttle Up! (Tiến Lên Toàn Tốc!)
lang_multi_text.db	MusicName_14000003_Text	3.4	Hội thoại/Cốt truyện	Dữ liệu âm thanh			星辉抵达之日	The Day the Starlight Arrived	The Day the Starlight Arrived	Ngày Ánh Sao Đến
lang_multi_text.db	MusicName_14000004_Text	3.4	Hội thoại/Cốt truyện	Dữ liệu âm thanh			响晴巡铃	The Sound of Midday Bells	The Sound of Midday Bells	Tiếng Chuông Ngày Quang
lang_multi_text.db	MusicName_14000005_Text	3.4	Hội thoại/Cốt truyện	Dữ liệu âm thanh			灵感热夜	Hot Night Inspiration	Hot Night Inspiration	Đêm Nóng Cảm Hứng
lang_multi_text.db	MusicName_14000006_Text	3.4	Hội thoại/Cốt truyện	Dữ liệu âm thanh			深空地平线	Horizon of Space	Horizon of Space	Chân Trời Deep Space
lang_multi_text.db	MusicName_14000007_Text	3.4	Hội thoại/Cốt truyện	Dữ liệu âm thanh			未来如你所见	Future as You See It	Future as You See It	Tương Lai Như Bạn Thấy
lang_multi_text.db	MusicName_14000008_Text	3.4	Hội thoại/Cốt truyện	Dữ liệu âm thanh			炉芯照耀处	Where the Reactor Drive Shines	Where the Reactor Drive Shines	Nơi Lò Phản Ứng Tỏa Sáng
lang_multi_text.db	MusicName_14000009_Text	3.4	Hội thoại/Cốt truyện	Dữ liệu âm thanh			日树沉眠时	When the Solistree Slumbers	When the Solistree Slumbers	Khi Nhật Thụ Ngủ Say
lang_multi_text.db	MusicName_14000010_Text	3.4	Hội thoại/Cốt truyện	Dữ liệu âm thanh			休息吧，此刻仍在家园	Rest Now, You Are Still Home	Rest Now, You Are Still Home	Nghỉ Ngơi Đi, Lúc Này Vẫn Còn Ở Quê Nhà
lang_multi_text.db	MusicName_14000011_Text	3.4	Hội thoại/Cốt truyện	Dữ liệu âm thanh			星与日，万物恒转	Stars, the Sun, and Everything in Between	Stars, the Sun, and Everything in Between	Sao, Mặt Trời Và Vạn Vật Xoay Vần
lang_multi_text.db	MusicName_14000012_Text	3.4	Hội thoại/Cốt truyện	Dữ liệu âm thanh			天外沉锋	Celestial Edge	Celestial Edge	Mũi Kiếm Ngoài Trời
lang_multi_text.db	MusicName_14000013_Text	3.4	Hội thoại/Cốt truyện	Dữ liệu âm thanh			再无理想的荒原	Land of Dead Dreams	Land of Dead Dreams	Hoang Nguyên Không Còn Lý Tưởng
lang_multi_text.db	MusicName_14000014_Text	3.4	Hội thoại/Cốt truyện	Dữ liệu âm thanh			缀拾坠绪的落星	Falling Stars, Wandering Thoughts	Falling Stars, Wandering Thoughts	Sao Rơi Nhặt Lấy Tâm Tư Lạc Lối
lang_multi_text.db	MusicName_14000015_Text	3.4	Hội thoại/Cốt truyện	Dữ liệu âm thanh			远野上的绽放	A Bloom on the Plains	A Bloom on the Plains	Đóa Hoa Nở Trên Đồng Xa
lang_multi_text.db	MusicName_14000016_Text	3.4	Hội thoại/Cốt truyện	Dữ liệu âm thanh			重启远望的目光	Gaze Again into the Faraway	Gaze Again into the Faraway	Khởi Động Lại Ánh Nhìn Xa Xăm
lang_multi_text.db	MusicName_14000017_Text	3.4	Hội thoại/Cốt truyện	Dữ liệu âm thanh			于风最近的乐声	A Melody upon the Wind	A Melody upon the Wind	Khúc Nhạc Gần Gió Nhất
lang_multi_text.db	MusicName_14000018_Text	3.4	Hội thoại/Cốt truyện	Dữ liệu âm thanh			日脉的问候	From the Solsvein	From the Solsvein	Lời Chào Từ Nhật Mạch
lang_multi_text.db	MusicName_14000019_Text	3.4	Hội thoại/Cốt truyện	Dữ liệu âm thanh			十六亿比特	Sixteen Centimillion Bits	Sixteen Centimillion Bits	Một Tỷ Sáu Trăm Triệu Bit
lang_multi_text.db	MusicName_14000020_Text	3.4	Hội thoại/Cốt truyện	Dữ liệu âm thanh			阿列夫一：虚质节点	Aleph-1: Voidmatter Node	アレフ1：ヴォイドマターノード	Aleph-1: Void Matter Node (Nút Hư Chất)
lang_multi_text.db	MusicName_14000021_Text	3.4	Hội thoại/Cốt truyện	Dữ liệu âm thanh			Q.E.D.（证明终了）	Q.E.D.	Q.E.D.	Q.E.D. (Chứng Minh Hoàn Tất)
lang_multi_text.db	MusicName_14000022_Text	3.4	Hội thoại/Cốt truyện	Dữ liệu âm thanh			细胞焦亡	Pyroptosis	Pyroptosis	Tế Bào Tự Hủy
lang_multi_text.db	MusicName_14000023_Text	3.4	Hội thoại/Cốt truyện	Dữ liệu âm thanh			失真域	Warp Zone	Warp Zone	Vùng Méo Mó
lang_multi_text.db	MusicName_15000001_Text	3.4	Hội thoại/Cốt truyện	Dữ liệu âm thanh			Beneath the Mask	Beneath the Mask	Beneath the Mask	Beneath the Mask
lang_multi_text.db	MusicName_15000002_Text	3.4	Hội thoại/Cốt truyện	Dữ liệu âm thanh			Life Will Change	Life Will Change	Life Will Change	Life Will Change
lang_multi_text.db	MusicName_15000003_Text	3.4	Hội thoại/Cốt truyện	Dữ liệu âm thanh			Hoshi To Bokura To	Hoshi To Bokura To	星と僕らと	Hoshi To Bokura To
lang_multi_text.db	MusicName_15000004_Text	3.4	Hội thoại/Cốt truyện	Dữ liệu âm thanh			Last Surprise	Last Surprise	Last Surprise	Last Surprise
lang_multi_text.db	MusicName_15000005_Text	3.4	Hội thoại/Cốt truyện	Dữ liệu âm thanh			Rivers in the Desert	Rivers in the Desert	Rivers in the Desert	Rivers in the Desert
lang_multi_text.db	MusicName_16000001_Text	3.4	Hội thoại/Cốt truyện	Dữ liệu âm thanh			Color Your Night	Color Your Night	Color Your Night	Color Your Night
lang_multi_text.db	MusicName_16000002_Text	3.4	Hội thoại/Cốt truyện	Dữ liệu âm thanh			Full Moon Full Life	Full Moon Full Life	Full Moon Full Life	Full Moon Full Life
lang_multi_text.db	MusicName_17000001_Text	3.4	Hội thoại/Cốt truyện	Dữ liệu âm thanh			Undefeatable	Undefeatable	Undefeatable	Undefeatable
lang_multi_text.db	MusicName_17000002_Text	3.4	Hội thoại/Cốt truyện	Dữ liệu âm thanh			Find Your Flame	Find Your Flame	Find Your Flame	Find Your Flame
lang_multi_text.db	MusicName_18000001_Text	3.4	Hội thoại/Cốt truyện	Dữ liệu âm thanh			For Ya	For Ya	For Ya	For Ya
lang_multi_text.db	MusicName_19000001_Text	3.4	Hội thoại/Cốt truyện	Dữ liệu âm thanh			Saving Light（Remix Ver.）	Saving Light (Remix Ver.)	Saving Light (Remix Ver.)	Saving Light (Remix Ver.)
lang_multi_text.db	MusicName_19000002_Text	3.4	Hội thoại/Cốt truyện	Dữ liệu âm thanh			Waking of a World（Remix Ver.）	Waking of a World (Remix Ver.)	Waking of a World (Remix Ver.)	Waking of a World (Remix Ver.)
lang_multi_text.db	MusicName_19000008_Text	3.4	Hội thoại/Cốt truyện	Dữ liệu âm thanh			昼梦盛宴 （Remix Ver.）	Grand Feast Daydream (Remix Ver.)	Grand Feast Daydream (Remix Ver.)	Đại Tiệc Mộng Ban Ngày (Remix Ver.)
lang_multi_text.db	MusicName_19000009_Text	3.4	Hội thoại/Cốt truyện	Dữ liệu âm thanh			日常嘉年华（Remix Ver.）	Every Day A Carnival (Remix Ver.)	Every Day A Carnival (Remix Ver.)	Every Day A Carnival (Remix Ver.)
lang_multi_text.db	MusicName_19000010_Text	3.4	Hội thoại/Cốt truyện	Dữ liệu âm thanh			Daisy Crown（Remix Ver.）	Daisy Crown (Remix Ver.)	Daisy Crown (Remix Ver.)	Daisy Crown (Remix Ver.)
lang_multi_text.db	MusicName_19000011_Text	3.4	Hội thoại/Cốt truyện	Dữ liệu âm thanh			不羁灵魂之王（Remix Ver.）	The King of Wayward Souls (Remix Ver.)	King of Unbridled Passion (Remix Ver.)	The King of Wayward Souls (Remix Ver.)
lang_multi_text.db	MusicName_19000013_Text	3.4	Hội thoại/Cốt truyện	Dữ liệu âm thanh			永不结束的歌（Remix Ver.）	Eversinging Song (Remix Ver.)	Eversinging Song (Remix Ver.)	Khúc Ca Không Bao Giờ Kết Thúc (Remix Ver.)
lang_multi_text.db	MusicName_19000015_Text	3.4	Hội thoại/Cốt truyện	Dữ liệu âm thanh			Everflow（Remix Ver.）	Everflow (Remix Ver.)	Everflow (Remix Ver.)	Everflow (Remix Ver.)
lang_multi_text.db	MusicName_19000016_Text	3.4	Hội thoại/Cốt truyện	Dữ liệu âm thanh			Against the Tide（逆潮）（Remix Ver.）	Against the Tide (Remix Ver.)	Against the Tide (Remix Ver.)	Against the Tide (Remix Ver.)
lang_multi_text.db	MusicName_19000017_Text	3.4	Hội thoại/Cốt truyện	Dữ liệu âm thanh			RUNNING FOR YOUR LIFE (无所遁藏）（Remix Ver.）	RUNNING FOR YOUR LIFE (Remix Ver.)	RUNNING FOR YOUR LIFE (Remix Ver.)	RUNNING FOR YOUR LIFE (Remix Ver.)
lang_multi_text.db	MusicName_200000001_Text	3.4	Hội thoại/Cốt truyện	Dữ liệu âm thanh			小小奇迹	A Small Miracle	A Small Miracle	Phép Màu Nhỏ Bé
lang_multi_text.db	MusicName_200000002_Text	3.4	Hội thoại/Cốt truyện	Dữ liệu âm thanh			远航星的告别	Voyaging Star's Farewell	Voyaging Star's Farewell	Lời Tạm Biệt Của Viễn Hàng Tinh
lang_multi_text.db	MusicName_200000003_Text	3.4	Hội thoại/Cốt truyện	Dữ liệu âm thanh			那颗星梦见的春日(Game Ver.)	Vernal Days Dreamed by the Star (Game Ver.)	Vernal Days Dreamed by the Star (Game Ver.)	Ngày Xuân Mà Ngôi Sao Ấy Mơ Thấy (Game Ver.)
lang_multi_text.db	MusicName_200000004_Text	3.4	Hội thoại/Cốt truyện	Dữ liệu âm thanh			风雪同行	Together Through Wind and Snow	Together Through Wind and Snow	Cùng Đi Trong Gió Tuyết
lang_multi_text.db	MusicName_200000005_Text	3.4	Hội thoại/Cốt truyện	Dữ liệu âm thanh			走入落雪	Into Falling Snow	Into Falling Snow	Đi Vào Màn Tuyết Rơi
lang_multi_text.db	MusicName_200000006_Text	3.4	Hội thoại/Cốt truyện	Dữ liệu âm thanh			避雪遮霜之隅	Where Snow Can't Reach	Where Snow Can't Reach	Góc Nhỏ Khuất Tuyết Sương
lang_multi_text.db	MusicName_200000007_Text	3.4	Hội thoại/Cốt truyện	Dữ liệu âm thanh			逾百年的远冬	A Long, Long Winter	A Long, Long Winter	Mùa Đông Xa Hơn Trăm Năm
lang_multi_text.db	MusicName_200000008_Text	3.4	Hội thoại/Cốt truyện	Dữ liệu âm thanh			仍未至的春晓	Delayed Spring	Delayed Spring	Bình Minh Xuân Vẫn Chưa Đến
lang_multi_text.db	MusicName_200000009_Text	3.4	Hội thoại/Cốt truyện	Dữ liệu âm thanh			巨人安眠之地	Where the Giant Rests	Where the Giant Rests	Nơi Người Khổng Lồ Yên Giấc
lang_multi_text.db	MusicName_200000010_Text	3.4	Hội thoại/Cốt truyện	Dữ liệu âm thanh			沉默的守望	A Silent Watcher	A Silent Watcher	Người Canh Giữ Lặng Thầm
lang_multi_text.db	MusicName_200000011_Text	3.4	Hội thoại/Cốt truyện	Dữ liệu âm thanh			冰封峡湾的寒夜	A Frozen Fjord on an Icy Night	A Frozen Fjord on an Icy Night	Đêm Lạnh Nơi Vịnh Hẹp Đóng Băng
lang_multi_text.db	MusicName_200000012_Text	3.4	Hội thoại/Cốt truyện	Dữ liệu âm thanh			冻结花海的原野	A Frozen Sea of Flowers	A Frozen Sea of Flowers	Cánh Đồng Biển Hoa Đóng Băng
lang_multi_text.db	MusicName_200000013_Text	3.4	Hội thoại/Cốt truyện	Dữ liệu âm thanh			将苏之森	A Forest Waking Up	A Forest Waking Up	Rừng Sắp Tỉnh Giấc
lang_multi_text.db	MusicName_200000014_Text	3.4	Hội thoại/Cốt truyện	Dữ liệu âm thanh			深埋之林	A Forest Buried Deep	A Forest Buried Deep	Rừng Bị Vùi Sâu
lang_multi_text.db	MusicName_200000015_Text	3.4	Hội thoại/Cốt truyện	Dữ liệu âm thanh			群星可触的时代	When the Stars Were Reachable	When the Stars Were Reachable	Thời Đại Có Thể Chạm Tới Quần Tinh
lang_multi_text.db	MusicName_200000016_Text	3.4	Hội thoại/Cốt truyện	Dữ liệu âm thanh			她所眷恋的	What She Longs For	What She Longs For	Điều Cô Ấy Lưu Luyến
lang_multi_text.db	MusicName_200000017_Text	3.4	Hội thoại/Cốt truyện	Dữ liệu âm thanh			星辉的安眠曲	Starlit Lullaby	Starlit Lullaby	Khúc Ru Của Ánh Sao
lang_multi_text.db	MusicName_200000018_Text	3.4	Hội thoại/Cốt truyện	Dữ liệu âm thanh			因果停驻之湖光	Lake Where Causality Halts	Lake Where Causality Halts	Ánh Hồ Nơi Nhân Quả Dừng Lại
lang_multi_text.db	MusicName_200000019_Text	3.4	Hội thoại/Cốt truyện	Dữ liệu âm thanh			那颗星梦见的春日(Full Ver.)	Vernal Days Dreamed by the Star (Full Ver.)	Vernal Days Dreamed by the Star (Full Ver.)	Ngày Xuân Mà Ngôi Sao Ấy Mơ Thấy (Full Ver.)
lang_multi_text.db	MusicName_20000001_Text	3.4	Hội thoại/Cốt truyện	Dữ liệu âm thanh			海浪之间	Between the Waves	Between the Waves	Giữa Những Đợt Sóng
lang_multi_text.db	MusicName_20000002_Text	3.4	Hội thoại/Cốt truyện	Dữ liệu âm thanh			论灵魂 De Anima	De Anima / On the Soul	De Anima / On the Soul	De Anima: Luận Về Linh Hồn
lang_multi_text.db	MusicName_20000003_Text	3.4	Hội thoại/Cốt truyện	Dữ liệu âm thanh			远行的孤舟	Solitary Boat on a Long Voyage	Solitary Boat on a Long Voyage	Cô Thuyền Viễn Hành
lang_multi_text.db	MusicName_20000004_Text	3.4	Hội thoại/Cốt truyện	Dữ liệu âm thanh			论天穹  De Caelo	De Caelo / On the Heavens	De Caelo / On the Heavens	De Caelo: Luận Về Bầu Trời
lang_multi_text.db	MusicName_20000005_Text	3.4	Hội thoại/Cốt truyện	Dữ liệu âm thanh			繁星、新生，与你 Astrum Unicum	Astrum Unicum / Stars, Rebirth, and You	Astrum Unicum / Stars, Rebirth, and You	Astrum Unicum: Quần Tinh, Tân Sinh Và Em
lang_multi_text.db	MusicName_20000006_Text	3.4	Hội thoại/Cốt truyện	Dữ liệu âm thanh			一个世界的毁灭	The End of a World	The End of a World	Sự Hủy Diệt Của Một Thế Giới
lang_multi_text.db	MusicName_20000007_Text	3.4	Hội thoại/Cốt truyện	Dữ liệu âm thanh			毁灭的回声	Echoes of Destruction	Echoes of Destruction	Tiếng Vọng Của Sự Hủy Diệt
lang_multi_text.db	MusicName_20000008_Text	3.4	Hội thoại/Cốt truyện	Dữ liệu âm thanh			论生灭 De Generatione et Corruptione	De Generatione et Corruptione / On Generation and Corruption	De Generatione et Corruptione / On Generation and Corruption	De Generatione et Corruptione: Luận Về Sinh Diệt
lang_multi_text.db	MusicName_20000009_Text	3.4	Hội thoại/Cốt truyện	Dữ liệu âm thanh			库洛洛之歌	Song of KU-Roro	Song of KU-Roro	Bài Ca Của KU-Roro
lang_multi_text.db	MusicName_20000010_Text	3.4	Hội thoại/Cốt truyện	Dữ liệu âm thanh			论谬误 De Sophisticis Elenchis	De Sophisticis Elenchis / Sophistical Refutations	De Sophisticis Elenchis / Sophistical Refutations	De Sophisticis Elenchis: Luận Về Ngụy Biện
lang_multi_text.db	MusicName_20000011_Text	3.4	Hội thoại/Cốt truyện	Dữ liệu âm thanh			孑遗者的故乡	Refuge of the Survivors	Refuge of the Survivors	Quê Hương Của Những Kẻ Sống Sót
lang_multi_text.db	MusicName_20000012_Text	3.4	Hội thoại/Cốt truyện	Dữ liệu âm thanh			所有找回的故事	All the Rediscovered Tales	All the Rediscovered Tales	Tất Cả Những Câu Chuyện Tìm Lại Được
lang_multi_text.db	MusicName_20000013_Text	3.4	Hội thoại/Cốt truyện	Dữ liệu âm thanh			蓦然回首	A Glance Backward	A Glance Backward	Chợt Ngoảnh Đầu Nhìn Lại
lang_multi_text.db	MusicName_20000014_Text	3.4	Hội thoại/Cốt truyện	Dữ liệu âm thanh			萼上舞者	Dancer amid the Blooms	Dancer amid the Blooms	Vũ Công Trên Đài Hoa
lang_multi_text.db	MusicName_20000015_Text	3.4	Hội thoại/Cốt truyện	Dữ liệu âm thanh			不可语冰	Fickleness of Life	Fickleness of Life	Vô Thường Của Đời Người
lang_multi_text.db	MusicName_20000016_Text	3.4	Hội thoại/Cốt truyện	Dữ liệu âm thanh			无瑕的种核	Seed of Purity	Seed of Purity	Hạt Nhân Tinh Khiết
lang_multi_text.db	MusicName_20000017_Text	3.4	Hội thoại/Cốt truyện	Dữ liệu âm thanh			旋涡	Vortex	Vortex	Xoáy Nước
lang_multi_text.db	MusicName_20000018_Text	3.4	Hội thoại/Cốt truyện	Dữ liệu âm thanh			赤椿	When the Camellia Bleeds	When the Camellia Bleeds	Khi Đóa Sơn Trà Rỉ Máu
lang_multi_text.db	MusicName_20000019_Text	3.4	Hội thoại/Cốt truyện	Dữ liệu âm thanh			趁枯萎前	Before I Wither	Before I Wither	Trước Khi Tàn Úa
lang_multi_text.db	MusicName_20000020_Text	3.4	Hội thoại/Cốt truyện	Dữ liệu âm thanh			刹那之哀恸	Fleeting Sorrow	Fleeting Sorrow	Nỗi Bi Thương Khoảnh Khắc
lang_multi_text.db	MusicName_20000021_Text	3.4	Hội thoại/Cốt truyện	Dữ liệu âm thanh			永恒之渴慕	Everlasting Longing	Everlasting Longing	Niềm Khao Khát Vĩnh Hằng
lang_multi_text.db	MusicName_210000001_Text	3.4	Hội thoại/Cốt truyện	Dữ liệu âm thanh			致那暖明黄金	To Bright Warm Gold	To Bright Warm Gold	Gửi Sắc Vàng Ấm Áp
lang_multi_text.db	MusicName_210000002_Text	3.4	Hội thoại/Cốt truyện	Dữ liệu âm thanh			解臻幻想之境	Unraveling of a Fantasy	Unraveling of a Fantasy	Mở Lối Vào Cõi Ảo Mộng
lang_multi_text.db	MusicName_210000003_Text	3.4	Hội thoại/Cốt truyện	Dữ liệu âm thanh			向着星炬奔跑	Running Towards Startorch	Running Towards Startorch	Chạy Về Phía Startorch
lang_multi_text.db	MusicName_210000004_Text	3.4	Hội thoại/Cốt truyện	Dữ liệu âm thanh			日出欢跃之时	Moments of a Joyous Sunrise	Moments of a Joyous Sunrise	Khoảnh Khắc Bình Minh Hân Hoan
lang_multi_text.db	MusicName_210000005_Text	3.4	Hội thoại/Cốt truyện	Dữ liệu âm thanh			日落安憩之刻	Moments of a Tranquil Sunset	Moments of a Tranquil Sunset	Khoảnh Khắc Hoàng Hôn An Yên
lang_multi_text.db	MusicName_210000006_Text	3.4	Hội thoại/Cốt truyện	Dữ liệu âm thanh			紧追之阴影	Shadows on Your Tail	Shadows on Your Tail	Bóng Tối Bám Đuổi
lang_multi_text.db	MusicName_210000007_Text	3.4	Hội thoại/Cốt truyện	Dữ liệu âm thanh			漩涡之下	Beneath the Vortex	Beneath the Vortex	Dưới Xoáy Nước
lang_multi_text.db	MusicName_210000008_Text	3.4	Hội thoại/Cốt truyện	Dữ liệu âm thanh			戏剧人生	A Life of Drama	A Life of Drama	Cuộc Đời Như Kịch
lang_multi_text.db	MusicName_220000001_Text	3.4	Hội thoại/Cốt truyện	Dữ liệu âm thanh			林隙的低语	Whispers in the Woods	Whispers in the Woods	Lời Thì Thầm Giữa Khe Rừng
lang_multi_text.db	MusicName_220000002_Text	3.4	Hội thoại/Cốt truyện	Dữ liệu âm thanh			暮影安歇之地	Where Dusk Comes to Rest	Where Dusk Comes to Rest	Nơi Bóng Chiều Nghỉ Ngơi
lang_multi_text.db	MusicName_220000003_Text	3.4	Hội thoại/Cốt truyện	Dữ liệu âm thanh			落日尽头的森林	The Forest at Sunset's End	The Forest at Sunset's End	Khu Rừng Nơi Hoàng Hôn Tận Cùng
lang_multi_text.db	MusicName_220000004_Text	3.4	Hội thoại/Cốt truyện	Dữ liệu âm thanh			余晖亦如朝阳	Evening Light, Morning Glow	Evening Light, Morning Glow	Tà Dương Cũng Tựa Ánh Bình Minh
lang_multi_text.db	MusicName_220000005_Text	3.4	Hội thoại/Cốt truyện	Dữ liệu âm thanh			予以宽慰的黑夜	A Comforting Night	A Comforting Night	Màn Đêm Vỗ Về
lang_multi_text.db	MusicName_220000006_Text	3.4	Hội thoại/Cốt truyện	Dữ liệu âm thanh			再于终末归还	Return Again at the End	Return Again at the End	Trở Về Nơi Tận Cùng
lang_multi_text.db	MusicName_220000007_Text	3.4	Hội thoại/Cốt truyện	Dữ liệu âm thanh			前路广阔	The Vastness Before Us	The Vastness Before Us	Con Đường Rộng Mở Phía Trước
lang_multi_text.db	MusicName_220000008_Text	3.4	Hội thoại/Cốt truyện	Dữ liệu âm thanh			眺望者们	The Watchers	The Watchers	Những Người Dõi Trông
lang_multi_text.db	MusicName_220000009_Text	3.4	Hội thoại/Cốt truyện	Dữ liệu âm thanh			自无垠处归航之星	Homecoming Star from the Unbound	Homecoming Star from the Unbound	Vì Sao Trở Về Từ Cõi Vô Biên
lang_multi_text.db	MusicName_220000010_Text	3.4	Hội thoại/Cốt truyện	Dữ liệu âm thanh			「拉海洛」之心	Heart of Lahai-Roi	Heart of Lahai-Roi	Trái Tim Của "Lahai-Roi"
lang_multi_text.db	MusicName_220000011_Text	3.4	Hội thoại/Cốt truyện	Dữ liệu âm thanh			融雪铭春	When Snow Melts into Spring	When Snow Melts into Spring	Tuyết Tan Khắc Ghi Mùa Xuân
lang_multi_text.db	MusicName_220000012_Text	3.4	Hội thoại/Cốt truyện	Dữ liệu âm thanh			梦的余温	Lingering Warmth of Dreams	Lingering Warmth of Dreams	Dư Ấm Của Giấc Mơ
lang_multi_text.db	MusicName_220000013_Text	3.4	Hội thoại/Cốt truyện	Dữ liệu âm thanh			拉海洛最后的夜晚	The Last Night in Lahai-Roi	The Last Night in Lahai-Roi	Đêm Cuối Cùng Ở Lahai-Roi
lang_multi_text.db	MusicName_220000014_Text	3.4	Hội thoại/Cốt truyện	Dữ liệu âm thanh			于那斑斓尽头	What Awaits Beyond the Radiance	What Awaits Beyond the Radiance	Nơi Tận Cùng Rực Rỡ Ấy
lang_multi_text.db	MusicName_220000015_Text	3.4	Hội thoại/Cốt truyện	Dữ liệu âm thanh			最初和最后的礼物	First and Last Gift	First and Last Gift	Món Quà Đầu Tiên Và Cuối Cùng
lang_multi_text.db	MusicName_230000001_Text	3.4	Hội thoại/Cốt truyện	Dữ liệu âm thanh			倘若相拥于月	To Hold You on the Moon	To Hold You on the Moon	Nếu Ôm Nhau Dưới Trăng
lang_multi_text.db	MusicName_240000001_Text	3.4	Hội thoại/Cốt truyện	Dữ liệu âm thanh			I Really Want to Stay At Your House	I Really Want to Stay At Your House	I Really Want to Stay At Your House	I Really Want to Stay At Your House
lang_multi_text.db	MusicName_250000001_Text	3.4	Hội thoại/Cốt truyện	Dữ liệu âm thanh			Catch Me If You Can	Catch Me If You Can	Catch Me If You Can	Catch Me If You Can
lang_multi_text.db	MusicName_250000002_Text	3.4	Hội thoại/Cốt truyện	Dữ liệu âm thanh			Unwritten in the Stars（若能触及群星）	Unwritten in the Stars	星々に触れられるなら	Unwritten in the Stars (Nếu Có Thể Chạm Tới Những Vì Sao)
lang_multi_text.db	MusicName_250000003_Text	3.4	Hội thoại/Cốt truyện	Dữ liệu âm thanh			Deadline Disco（极限迪斯科）	Deadline Disco	Deadline Disco	Deadline Disco
lang_multi_text.db	MusicName_250000004_Text	3.4	Hội thoại/Cốt truyện	Dữ liệu âm thanh			靛青宇宙	Indigo Universe	Indigo Universe	Vũ Trụ Chàm
lang_multi_text.db	MusicName_250000005_Text	3.4	Hội thoại/Cốt truyện	Dữ liệu âm thanh			碎花	Fallen Petals	Fallen Petals	Hoa Vụn
lang_multi_text.db	MusicName_250000006_Text	3.4	Hội thoại/Cốt truyện	Dữ liệu âm thanh			纸飞机	Paper Plane	Paper Plane	Máy Bay Giấy
lang_multi_text.db	MusicName_250000007_Text	3.4	Hội thoại/Cốt truyện	Dữ liệu âm thanh			星炬不熄	星炬不熄	星炬不熄	Ngọn Đuốc Không Tắt
lang_multi_text.db	MusicName_250000008_Text	3.4	Hội thoại/Cốt truyện	Dữ liệu âm thanh			흔들리지 않는 스타토치	흔들리지 않는 스타토치	흔들리지 않는 스타토치	Unwavering Startorch (KR)
lang_multi_text.db	MusicName_250000009_Text	3.4	Hội thoại/Cốt truyện	Dữ liệu âm thanh			Unwavering Startorch	Unwavering Startorch	Unwavering Startorch	Unwavering Startorch (EN)
lang_multi_text.db	MusicName_250000010_Text	3.4	Hội thoại/Cốt truyện	Dữ liệu âm thanh			絶やさぬスタートーチ	絶やさぬスタートーチ	絶やさぬスタートーチ	絶やさぬスタートーチ
lang_multi_text.db	MusicName_250000011_Text	3.4	Hội thoại/Cốt truyện	Dữ liệu âm thanh			Thawing Light（融光）	Thawing Light	溶けゆく光	Thawing Light (Ánh Sáng Tan Băng)
lang_multi_text.db	MusicName_250000012_Text	3.4	Hội thoại/Cốt truyện	Dữ liệu âm thanh			L!!!!ght	L!!!!ght	L!!!!ght	L!!!!ght
lang_multi_text.db	MusicName_250000013_Text	3.4	Hội thoại/Cốt truyện	Dữ liệu âm thanh			Dawnbreaker（韩文版）	Dawnbreaker (KR)	Dawnbreaker (Korean Ver.)	Dawnbreaker (Bản Hàn)
lang_multi_text.db	MusicName_250000014_Text	3.4	Hội thoại/Cốt truyện	Dữ liệu âm thanh			Dawnbreaker（英文版）	Dawnbreaker (EN)	Dawnbreaker (English Ver.)	Dawnbreaker (Bản Anh)
lang_multi_text.db	MusicName_250000015_Text	3.4	Hội thoại/Cốt truyện	Dữ liệu âm thanh			Dawnbreaker（日文版）	Dawnbreaker (JP)	Dawnbreaker (Japanese Ver.)	Dawnbreaker (Bản Nhật)
lang_multi_text.db	MusicName_250000016_Text	3.4	Hội thoại/Cốt truyện	Dữ liệu âm thanh			Dawnbreaker（中文版）	Dawnbreaker (CN)	Dawnbreaker (Chinese Ver.)	Dawnbreaker (Bản Trung)
lang_multi_text.db	MusicName_30000001_Text	3.4	Hội thoại/Cốt truyện	Dữ liệu âm thanh			海风与城的游行	City Bathed in Sea Breeze	City Bathed in Sea Breeze	Thành Phố Tắm Trong Gió Biển
lang_multi_text.db	MusicName_30000002_Text	3.4	Hội thoại/Cốt truyện	Dữ liệu âm thanh			微风吹拂的村庄	Wind-kissed Haven	Wind-kissed Haven	Ngôi Làng Được Gió Nhẹ Vuốt Ve
lang_multi_text.db	MusicName_30000003_Text	3.4	Hội thoại/Cốt truyện	Dữ liệu âm thanh			雾浸的白昼梦	A Dream Soaked in Mist	A Dream Soaked in Mist	Giấc Mộng Ban Ngày Đẫm Sương
lang_multi_text.db	MusicName_30000004_Text	3.4	Hội thoại/Cốt truyện	Dữ liệu âm thanh			诗意地栖居	The Idyllic Refuge	The Idyllic Refuge	Chốn Nương Náu Thơ Mộng
lang_multi_text.db	MusicName_30000005_Text	3.4	Hội thoại/Cốt truyện	Dữ liệu âm thanh			故风吟游之地	Where Wind Whispers	Where Wind Whispers	Nơi Gió Thì Thầm
lang_multi_text.db	MusicName_30000006_Text	3.4	Hội thoại/Cốt truyện	Dữ liệu âm thanh			子夜的哀歌	The Midnight Elegy	The Midnight Elegy	Khúc Bi Ca Nửa Đêm
lang_multi_text.db	MusicName_30000007_Text	3.4	Hội thoại/Cốt truyện	Dữ liệu âm thanh			波浪赴城安眠	Waves Sing Goodnight	Waves Sing Goodnight	Sóng Hát Ru Thành Phố Ngủ Yên
lang_multi_text.db	MusicName_30000008_Text	3.4	Hội thoại/Cốt truyện	Dữ liệu âm thanh			救我于尘世汪洋	Save Me From the Tides of Mundanity	Save Me From the Tides of Mundanity	Cứu Tôi Khỏi Đại Dương Trần Thế
lang_multi_text.db	MusicName_30000009_Text	3.4	Hội thoại/Cốt truyện	Dữ liệu âm thanh			安息之日	The Day of Final Rest	The Day of Final Rest	Ngày Yên Nghỉ Cuối Cùng
lang_multi_text.db	MusicName_30000010_Text	3.4	Hội thoại/Cốt truyện	Dữ liệu âm thanh			揭开幻想帷幕	Curtains Up for Reveries	Curtains Up for Reveries	Vén Bức Màn Mộng Tưởng
lang_multi_text.db	MusicName_30000011_Text	3.4	Hội thoại/Cốt truyện	Dữ liệu âm thanh			献予人间的欢宴	In the Name of Humanity	In the Name of Humanity	Bữa Tiệc Dâng Tặng Nhân Gian
lang_multi_text.db	MusicName_30000012_Text	3.4	Hội thoại/Cốt truyện	Dữ liệu âm thanh			迷失于朝圣之径	Lost on the Pilgrim's Path	Lost on the Pilgrim's Path	Lạc Lối Trên Con Đường Hành Hương
lang_multi_text.db	MusicName_30000013_Text	3.4	Hội thoại/Cốt truyện	Dữ liệu âm thanh			夜幕披于海脊	When Night Rests on the Cliffs	When Night Rests on the Cliffs	Khi Màn Đêm Phủ Lên Vách Đá
lang_multi_text.db	MusicName_30000014_Text	3.4	Hội thoại/Cốt truyện	Dữ liệu âm thanh			覆舟之人的搁浅	Wrecked and Stranded	Wrecked and Stranded	Người Đắm Tàu Mắc Cạn
lang_multi_text.db	MusicName_30000015_Text	3.4	Hội thoại/Cốt truyện	Dữ liệu âm thanh			诚如神明教诲	As the Divine Hath Spoken	As the Divine Hath Spoken	Đúng Như Lời Thần Linh Răn Dạy
lang_multi_text.db	MusicName_30000016_Text	3.4	Hội thoại/Cốt truyện	Dữ liệu âm thanh			造云计划	Cloudcasting Project	Cloudcasting Project	Kế Hoạch Tạo Mây
lang_multi_text.db	MusicName_30000017_Text	3.4	Hội thoại/Cốt truyện	Dữ liệu âm thanh			精密啮合的艺术	The Art of Precision	The Art of Precision	Nghệ Thuật Ăn Khớp Tinh Vi
lang_multi_text.db	MusicName_30000018_Text	3.4	Hội thoại/Cốt truyện	Dữ liệu âm thanh			神谕消弭之所	Where Oracles Are No Longer Heard	Where Oracles Are No Longer Heard	Nơi Lời Thần Dụ Tan Biến
lang_multi_text.db	MusicName_30000019_Text	3.4	Hội thoại/Cốt truyện	Dữ liệu âm thanh			遨游的贡多拉	Gondola's Journey	Gondola's Journey	Chiếc Gondola Phiêu Du
lang_multi_text.db	MusicName_30000020_Text	3.4	Hội thoại/Cốt truyện	Dữ liệu âm thanh			云海乐章	The Nimbus Chorale	The Nimbus Chorales	Nhạc Chương Biển Mây
lang_multi_text.db	MusicName_30000021_Text	3.4	Hội thoại/Cốt truyện	Dữ liệu âm thanh			愚人浪歌	Song of the Fools	Song of the Fools	Khúc Sóng Của Kẻ Ngốc
lang_multi_text.db	MusicName_30000022_Text	3.4	Hội thoại/Cốt truyện	Dữ liệu âm thanh			夜幕溺于幽海	As Night Sinks into Abyss	As Night Sinks into Abyss	Màn Đêm Chìm Trong Biển Sâu
lang_multi_text.db	MusicName_30000023_Text	3.4	Hội thoại/Cốt truyện	Dữ liệu âm thanh			效率即是财富	Efficiency is Wealth	Efficiency is Wealth	Hiệu Quả Chính Là Tài Phú
lang_multi_text.db	MusicName_30000024_Text	3.4	Hội thoại/Cốt truyện	Dữ liệu âm thanh			快乐布偶朋友	Merry Plushie Friends	Merry Plushie Friends	Những Người Bạn Búp Bê Vui Vẻ
lang_multi_text.db	MusicName_30000025_Text	3.4	Hội thoại/Cốt truyện	Dữ liệu âm thanh			悠忽舞于梦中	Dancing Through Fantasies	Dancing Through Fantasies	Nhảy Múa Phiêu Hốt Trong Mộng
lang_multi_text.db	MusicName_30000026_Text	3.4	Hội thoại/Cốt truyện	Dữ liệu âm thanh			逐波而来的欢唱	Serenade Carried by the Waves	Serenade Carried by the Waves	Khúc Hoan Ca Theo Sóng Trôi Về
lang_multi_text.db	MusicName_30000027_Text	3.4	Hội thoại/Cốt truyện	Dữ liệu âm thanh			止于暗浪的旅途	A Journey Concluded in the Tides	A Journey Concluded in the Tides	Hành Trình Khép Lại Giữa Sóng Tối
lang_multi_text.db	MusicName_30000028_Text	3.4	Hội thoại/Cốt truyện	Dữ liệu âm thanh			归港时分	Homebound Hour	Homebound Hour	Giờ Khắc Hồi Cảng
lang_multi_text.db	MusicName_30000029_Text	3.4	Hội thoại/Cốt truyện	Dữ liệu âm thanh			涤罪的咏叹调	Aria of Absolution	Aria of Absolution	Khúc Vịnh Ca Gột Tội
lang_multi_text.db	MusicName_30000030_Text	3.4	Hội thoại/Cốt truyện	Dữ liệu âm thanh			A Fairy Tale	A Fairy Tale	A Fairy Tale	A Fairy Tale
lang_multi_text.db	MusicName_30000031_Text	3.4	Hội thoại/Cốt truyện	Dữ liệu âm thanh			戏焰人生	The Flames that Thrive	The Flames that Thrive	Đời Người Trong Lửa Kịch
lang_multi_text.db	MusicName_30000032_Text	3.4	Hội thoại/Cốt truyện	Dữ liệu âm thanh			华服下的真心	Sincerity Beneath the Mask	Sincerity beneath the Mask	Tấm Chân Tình Dưới Lớp Hoa Phục
lang_multi_text.db	MusicName_30000033_Text	3.4	Hội thoại/Cốt truyện	Dữ liệu âm thanh			时间就是金钱	Time is Money	Time is Money	Thời Gian Chính Là Tiền Bạc
lang_multi_text.db	MusicName_30000034_Text	3.4	Hội thoại/Cốt truyện	Dữ liệu âm thanh			全金属警戒	Full Metal Alert!	Full Metal Alert!	Cảnh Giới Toàn Kim Loại!
lang_multi_text.db	MusicName_30000035_Text	3.4	Hội thoại/Cốt truyện	Dữ liệu âm thanh			步履交错	Entwined Footsteps	Entwined Footsteps	Bước Chân Đan Xen
lang_multi_text.db	MusicName_30000036_Text	3.4	Hội thoại/Cốt truyện	Dữ liệu âm thanh			无声珍宝	Silence's Treasure	Silence's Treasure	Trân Bảo Vô Thanh
lang_multi_text.db	MusicName_30000037_Text	3.4	Hội thoại/Cốt truyện	Dữ liệu âm thanh			赎罪者的控告	Accusation of the Penitent	Accusation of the Penitent	Lời Tố Cáo Của Kẻ Chuộc Tội
lang_multi_text.db	MusicName_30000038_Text	3.4	Hội thoại/Cốt truyện	Dữ liệu âm thanh			负罪者的审判	Judgment upon the Guilty	Judgment upon the Guilty	Phán Xét Kẻ Mang Tội
lang_multi_text.db	MusicName_40000001_Text	3.4	Hội thoại/Cốt truyện	Dữ liệu âm thanh			Saving Light	Saving Light	Saving Light	Gửi Thế Giới Mới
lang_multi_text.db	MusicName_40000002_Text	3.4	Hội thoại/Cốt truyện	Dữ liệu âm thanh			Waking of a World	Waking of a World	Waking of a World	Waking of a World
lang_multi_text.db	MusicName_40000003_Text	3.4	Hội thoại/Cốt truyện	Dữ liệu âm thanh			Waking of a World	Waking of a World	Waking of a World	Waking of a World
lang_multi_text.db	MusicName_40000004_Text	3.4	Hội thoại/Cốt truyện	Dữ liệu âm thanh			Waking of a World	Waking of a World	Waking of a World	Waking of a World
lang_multi_text.db	MusicName_40000005_Text	3.4	Hội thoại/Cốt truyện	Dữ liệu âm thanh			Waking of a World	Waking of a World	Waking of a World	Waking of a World
lang_multi_text.db	MusicName_40000006_Text	3.4	Hội thoại/Cốt truyện	Dữ liệu âm thanh			往岁乘霄	往岁乘霄	往岁乘霄	Thawing Fates (Tiếng Trung)
lang_multi_text.db	MusicName_40000007_Text	3.4	Hội thoại/Cốt truyện	Dữ liệu âm thanh			過ぎし乗霄山の歳月	過ぎし乗霄山の歳月	過ぎし乗霄山の歳月	Thawing Fates (Tiếng Nhật)
lang_multi_text.db	MusicName_40000008_Text	3.4	Hội thoại/Cốt truyện	Dữ liệu âm thanh			Thawing Fates	Thawing Fates	Thawing Fates	Tháng Năm Thừa Tiêu
lang_multi_text.db	MusicName_40000009_Text	3.4	Hội thoại/Cốt truyện	Dữ liệu âm thanh			승소산의 메아리	승소산의 메아리	승소산의 메아리	Thawing Fates (Tiếng Hàn)
lang_multi_text.db	MusicName_40000010_Text	3.4	Hội thoại/Cốt truyện	Dữ liệu âm thanh			月华如愿	By Moon's Grace	By Moon's Grace	Ánh Trăng Như Ý
lang_multi_text.db	MusicName_40000011_Text	3.4	Hội thoại/Cốt truyện	Dữ liệu âm thanh			未尽之歌	未尽之歌	未尽之歌	An Unfinished Song (Tiếng Trung)
lang_multi_text.db	MusicName_40000012_Text	3.4	Hội thoại/Cốt truyện	Dữ liệu âm thanh			未完成の歌	未完成の歌	未完成の歌	An Unfinished Song (Tiếng Nhật)
lang_multi_text.db	MusicName_40000013_Text	3.4	Hội thoại/Cốt truyện	Dữ liệu âm thanh			An Unfinished Song	An Unfinished Song	An Unfinished Song	Bài Hát Dang Dở
lang_multi_text.db	MusicName_40000014_Text	3.4	Hội thoại/Cốt truyện	Dữ liệu âm thanh			끝나지 않는 노래	끝나지 않는 노래	끝나지 않는 노래	An Unfinished Song (Tiếng Hàn)
lang_multi_text.db	MusicName_40000015_Text	3.4	Hội thoại/Cốt truyện	Dữ liệu âm thanh			一千万种可能	一千万种可能	一千万种可能	A Million Possibilities (Tiếng Trung)
lang_multi_text.db	MusicName_40000016_Text	3.4	Hội thoại/Cốt truyện	Dữ liệu âm thanh			A Million Possibilities	A Million Possibilities	A Million Possibilities	Mười Triệu Khả Năng
lang_multi_text.db	MusicName_40000017_Text	3.4	Hội thoại/Cốt truyện	Dữ liệu âm thanh			Grand Feast Daydream	Grand Feast Daydream	Grand Feast Daydream	Grand Feast Daydream
lang_multi_text.db	MusicName_40000018_Text	3.4	Hội thoại/Cốt truyện	Dữ liệu âm thanh			昼梦盛宴（特别演绎版）	Grand Feast Daydream (Special Edition)	Grand Feast Daydream (Special Edition)	Đại Tiệc Mộng Ngày (Bản Diễn Đặc Biệt)
lang_multi_text.db	MusicName_40000019_Text	3.4	Hội thoại/Cốt truyện	Dữ liệu âm thanh			昼梦盛宴	昼梦盛宴	昼梦盛宴	Grand Feast Daydream (Tiếng Trung)
lang_multi_text.db	MusicName_40000020_Text	3.4	Hội thoại/Cốt truyện	Dữ liệu âm thanh			昼夢グランドフィースト	昼夢グランドフィースト	昼夢グランドフィースト	Grand Feast Daydream (Tiếng Nhật)
lang_multi_text.db	MusicName_40000021_Text	3.4	Hội thoại/Cốt truyện	Dữ liệu âm thanh			꿈의 카니발	꿈의 카니발	꿈의 카니발	Grand Feast Daydream (Tiếng Hàn)
lang_multi_text.db	MusicName_40000022_Text	3.4	Hội thoại/Cốt truyện	Dữ liệu âm thanh			昼梦盛宴（伴奏）	Grand Feast Daydream (Instrumental)	Grand Feast Daydream (Instrumental)	Đại Tiệc Mộng Ngày (Hòa Tấu)
lang_multi_text.db	MusicName_50000001_Text	3.4	Hội thoại/Cốt truyện	Dữ liệu âm thanh			愿戴荣光坠入天渊	With Glory I Shall Fall	With Glory I Shall Fall	Mang Theo Vinh Quang Sa Vào Vực Thẳm
lang_multi_text.db	MusicName_50000002_Text	3.4	Hội thoại/Cốt truyện	Dữ liệu âm thanh			誓约之枷，应许之愿	Chains of Oath, Echoes of Promise	Chains of Oath, Echoes of Promise	Xiềng Xích Thệ Ước, Âm Vọng Lời Hứa
lang_multi_text.db	MusicName_50000003_Text	3.4	Hội thoại/Cốt truyện	Dữ liệu âm thanh			垂落星夜的涟漪	Rippling Starlight	Rippling Starlight	Gợn Sóng Đêm Sao Buông Rủ
lang_multi_text.db	MusicName_50000004_Text	3.4	Hội thoại/Cốt truyện	Dữ liệu âm thanh			虚悬高阁的昏晓	Suspended Twilight	Suspended Twilight	Hoàng Hôn Treo Lửng Lầu Cao
lang_multi_text.db	MusicName_50000005_Text	3.4	Hội thoại/Cốt truyện	Dữ liệu âm thanh			风吹月影的独步	Moonlit Solitude	Moonlit Solitude	Độc Bước Dưới Bóng Trăng Trong Gió
lang_multi_text.db	MusicName_50000006_Text	3.4	Hội thoại/Cốt truyện	Dữ liệu âm thanh			泅溺幽海的迷离	Lost at Sea	Lost at Sea	Mê Hoặc Chìm Trong Biển Sâu
lang_multi_text.db	MusicName_50000007_Text	3.4	Hội thoại/Cốt truyện	Dữ liệu âm thanh			永不结束的歌	Eversinging Song	Eversinging Song	Khúc Ca Không Hồi Kết
lang_multi_text.db	MusicName_50000008_Text	3.4	Hội thoại/Cốt truyện	Dữ liệu âm thanh			当飞鸟划过天空	When the Bird Glides Across the Sky	When the Bird Glides Across the Sky	Khi Cánh Chim Lướt Qua Bầu Trời
lang_multi_text.db	MusicName_50000009_Text	3.4	Hội thoại/Cốt truyện	Dữ liệu âm thanh			残梦之壳	Husk of Broken Dreams	Husk of Broken Dreams	Vỏ Bọc Của Giấc Mộng Tàn
lang_multi_text.db	MusicName_50000010_Text	3.4	Hội thoại/Cốt truyện	Dữ liệu âm thanh			终焉沉落	Sunken Elegy	Sunken Elegy	Khúc Bi Ca Chìm Sâu
lang_multi_text.db	MusicName_50000011_Text	3.4	Hội thoại/Cốt truyện	Dữ liệu âm thanh			光耀诸天群海	Radiance Across Sea and Sky	Radiance Across Sea and Sky	Rạng Ngời Khắp Trời Biển
lang_multi_text.db	MusicName_50000021_Text	3.4	Hội thoại/Cốt truyện	Dữ liệu âm thanh			风起巡原	Windswept Watch	Windswept Watch	Gió Nổi Trên Đồng Tuần
lang_multi_text.db	MusicName_50000022_Text	3.4	Hội thoại/Cốt truyện	Dữ liệu âm thanh			溃界的葬列	Funeral of the Fractured Realm	Funeral of the Fractured Realm	Đám Tang Của Cõi Vỡ
lang_multi_text.db	MusicName_50000023_Text	3.4	Hội thoại/Cốt truyện	Dữ liệu âm thanh			无铭的凋原	Witherland of the Nameless	Witherland of the Nameless	Đồng Hoang Vô Danh
lang_multi_text.db	MusicName_50000024_Text	3.4	Hội thoại/Cốt truyện	Dữ liệu âm thanh			若能缀连命运之线	If We Could Thread the Fate	If We Could Thread the Fate	Nếu Có Thể Kết Nối Sợi Chỉ Định Mệnh
lang_multi_text.db	MusicName_50000025_Text	3.4	Hội thoại/Cốt truyện	Dữ liệu âm thanh			归于往世花野	Return to Asphodel's Embrace	Return to Asphodel's Embrace	Trở Về Đồng Hoa Asphodel
lang_multi_text.db	MusicName_50000026_Text	3.4	Hội thoại/Cốt truyện	Dữ liệu âm thanh			烈阳啊，请见我真名	O Sun, Witness My Name	O Sun, Witness My Name	Mặt Trời Hỡi, Xin Chứng Kiến Tên Thật Của Tôi
lang_multi_text.db	MusicName_50000027_Text	3.4	Hội thoại/Cốt truyện	Dữ liệu âm thanh			葬我以日光	Bury Me in Sunlight	Bury Me in Sunlight	Hãy Chôn Tôi Trong Ánh Mặt Trời
lang_multi_text.db	MusicName_50000028_Text	3.4	Hội thoại/Cốt truyện	Dữ liệu âm thanh			持续瞬间的永恒	Eternity in a Breath	Eternity in a Breath	Vĩnh Hằng Trong Khoảnh Khắc
lang_multi_text.db	MusicName_50000029_Text	3.4	Hội thoại/Cốt truyện	Dữ liệu âm thanh			月终恒常于瞬息	In Moments Does Moon Persist	In Moments Does Moon Persist	Trăng Mãi Trường Tồn Trong Sát Na
lang_multi_text.db	MusicName_50000030_Text	3.4	Hội thoại/Cốt truyện	Dữ liệu âm thanh			苍剑行	Travails of a Steely Sword	Travails of a Steely Sword	Thương Kiếm Hành
lang_multi_text.db	MusicName_50000031_Text	3.4	Hội thoại/Cốt truyện	Dữ liệu âm thanh			直至黎明	Till Dawn	Till Dawn	Cho Đến Bình Minh
lang_multi_text.db	MusicName_50000032_Text	3.4	Hội thoại/Cốt truyện	Dữ liệu âm thanh			浴火天使	Firebound Angel	Firebound Angel	Thiên Sứ Tắm Lửa
lang_multi_text.db	MusicName_60000001_Text	3.4	Hội thoại/Cốt truyện	Dữ liệu âm thanh			二次启程时呜鸣	The Second Departure	Mourns of Second Departure	Tiếng Bi Ai Khi Khởi Hành Lần Hai
lang_multi_text.db	MusicName_60000002_Text	3.4	Hội thoại/Cốt truyện	Dữ liệu âm thanh			第三十三扇门扉后	Behind Gateway Thirty Three	Behind Door Thirty Three	Sau Cánh Cửa Thứ Ba Mươi Ba
lang_multi_text.db	MusicName_60000003_Text	3.4	Hội thoại/Cốt truyện	Dữ liệu âm thanh			第六十六根管道中	Inside Pipe Sixty Six	Within Pipe Sixty Six	Trong Đường Ống Thứ Sáu Mươi Sáu
lang_multi_text.db	MusicName_60000004_Text	3.4	Hội thoại/Cốt truyện	Dữ liệu âm thanh			五次沉溺后窒息	Drowning Five Times Over	Fifth Drown's the Charm	Ngạt Thở Sau Năm Lần Chìm Đắm
lang_multi_text.db	MusicName_60000005_Text	3.4	Hội thoại/Cốt truyện	Dữ liệu âm thanh			七个泳池里的恶魔	Seven Pools of Evil	Seven Pools of Devils	Ác Ma Trong Bảy Bể Bơi
lang_multi_text.db	MusicName_60000006_Text	3.4	Hội thoại/Cốt truyện	Dữ liệu âm thanh			八次掩埋后复活	Risen After Eight Burials	Eight Down, One To Go	Hồi Sinh Sau Tám Lần Chôn Vùi
lang_multi_text.db	MusicName_60000007_Text	3.4	Hội thoại/Cốt truyện	Dữ liệu âm thanh			第九十九号废墟外	Beyond Ruin Nighty Nine	Beyond Ruin Ninety Nine	Bên Ngoài Phế Tích Số Chín Mươi Chín
lang_multi_text.db	MusicName_60000008_Text	3.4	Hội thoại/Cốt truyện	Dữ liệu âm thanh			十幢危楼下的幽灵	Phantoms of Ten Towers	Ten Condemned Buildings of the Haunted	Bóng Ma Dưới Mười Tòa Nhà Đổ Nát
lang_multi_text.db	MusicName_60000009_Text	3.4	Hội thoại/Cốt truyện	Dữ liệu âm thanh			夜幕永不终结	Never-ending Night	Night Curtains Eternal	Màn Đêm Không Bao Giờ Kết Thúc
lang_multi_text.db	MusicName_60000010_Text	3.4	Hội thoại/Cốt truyện	Dữ liệu âm thanh			被桎梏的愤怒	Beringal's Rage	Fettered Rage	Cơn Thịnh Nộ Bị Xiềng Xích
lang_multi_text.db	MusicName_60000011_Text	3.4	Hội thoại/Cốt truyện	Dữ liệu âm thanh			未止息的恸哭	Mourning Aix's Dance	Forever Cries	Tiếng Khóc Than Không Dứt
lang_multi_text.db	MusicName_60000012_Text	3.4	Hội thoại/Cốt truyện	Dữ liệu âm thanh			被合一的夙念	Mech Evolution	Melded Wishes	Ước Nguyện Hợp Nhất
lang_multi_text.db	MusicName_60000013_Text	3.4	Hội thoại/Cốt truyện	Dữ liệu âm thanh			卑怯者的英勇	Inferno Valiance	Coward's Courage	Lòng Quả Cảm Của Kẻ Hèn Nhát
lang_multi_text.db	MusicName_60000014_Text	3.4	Hội thoại/Cốt truyện	Dữ liệu âm thanh			呓语者的齐鸣	Chorus of Myriads	Whisperer's Volley	Hòa Âm Của Kẻ Mê Sảng
lang_multi_text.db	MusicName_60000015_Text	3.4	Hội thoại/Cốt truyện	Dữ liệu âm thanh			癫狂者的真诚	Scarred Sincerity	Madman's Sincerity	Lòng Chân Thành Của Kẻ Điên Loạn
lang_multi_text.db	MusicName_60000016_Text	3.4	Hội thoại/Cốt truyện	Dữ liệu âm thanh			风与雷暴之意	Will of Thunder	Will of Wind and Thunderstorm	Ý Chí Của Gió Và Bão Sét
lang_multi_text.db	MusicName_60000017_Text	3.4	Hội thoại/Cốt truyện	Dữ liệu âm thanh			千古不移之职	Bell-Bearer's Duty	Eternal Duty	Thiên Chức Vạn Cổ Bất Di
lang_multi_text.db	MusicName_60000018_Text	3.4	Hội thoại/Cốt truyện	Dữ liệu âm thanh			不灭者的初愿	Daybreak Arises	Vow of the Undying	Tâm Nguyện Ban Đầu Của Kẻ Bất Diệt
lang_multi_text.db	MusicName_60000019_Text	3.4	Hội thoại/Cốt truyện	Dữ liệu âm thanh			论谬误 De Sophisticis Elenchis	De Sophisticis Elenchis / Sophistical Refutations	De Sophisticis Elenchis / Sophistical Refutations	De Sophisticis Elenchis: Luận Về Ngụy Biện
lang_multi_text.db	MusicName_60000020_Text	3.4	Hội thoại/Cốt truyện	Dữ liệu âm thanh			承其重的欲念	Heavy is the Desire	Weight of Desires	Dục Vọng Nặng Trĩu
lang_multi_text.db	MusicName_70000001_Text	3.4	Hội thoại/Cốt truyện	Dữ liệu âm thanh			偶祝你生日快乐！	Happie Birthdaie!	ぬいぐるみからハッピーバースデー！	Thú Bông Chúc Cậu Sinh Nhật Vui Vẻ!
lang_multi_text.db	MusicName_70000002_Text	3.4	Hội thoại/Cốt truyện	Dữ liệu âm thanh			此刻悄然应许	A Promised Moment	今結ぶ、密やかなる約束	Lời Hứa Trong Im Lặng Giây Phút Này
lang_multi_text.db	MusicName_80000001_Text	3.4	Hội thoại/Cốt truyện	Dữ liệu âm thanh			致以无名的抗争者	Ode to the Nameless Martyr	Ode to the Nameless Martyr	Khúc Ca Tặng Người Kháng Chiến Vô Danh
lang_multi_text.db	MusicName_80000002_Text	3.4	Hội thoại/Cốt truyện	Dữ liệu âm thanh			七丘诗记	The Ballad of Septimont	The Ballad of Septimont	Thi Ký Bảy Ngọn Đồi
lang_multi_text.db	MusicName_80000003_Text	3.4	Hội thoại/Cốt truyện	Dữ liệu âm thanh			万千星语	Whispers of Stars	Whispers of Stars	Vạn Lời Tinh Tú
lang_multi_text.db	MusicName_80000004_Text	3.4	Hội thoại/Cốt truyện	Dữ liệu âm thanh			不灭的荣耀之诗	Anthem of the Unbroken	Anthem of the Unbroken	Khúc Thi Vinh Quang Bất Diệt
lang_multi_text.db	MusicName_80000005_Text	3.4	Hội thoại/Cốt truyện	Dữ liệu âm thanh			烁星的独白	A Blazing Star's Soliloquy	A Blazing Star's Soliloquy	Khúc Độc Thoại Của Vì Sao Rực Cháy
lang_multi_text.db	MusicUnlock_12000039_Text	3.4	Hội thoại/Cốt truyện	Dữ liệu âm thanh			完成潮汐任务「曙光停摆于荒地之上」后解锁。	Unlocked after completing Main Quest "Stagnant Dawn on Wastelands."	潮汐任務「時の凍りついた街」クリアで解放。	Mở khóa sau khi hoàn thành nhiệm vụ Minh Triều [Ánh Sáng Ngừng Lại Trên Vùng Đất Hoang].
lang_multi_text.db	MusicUnlock_12000040_Text	3.4	Hội thoại/Cốt truyện	Dữ liệu âm thanh			完成潮汐任务「曙光停摆于荒地之上」后解锁。	Unlocked after completing Main Quest "Stagnant Dawn on Wastelands."	潮汐任務「時の凍りついた街」クリアで解放。	Mở khóa sau khi hoàn thành nhiệm vụ Minh Triều [Ánh Sáng Ngừng Lại Trên Vùng Đất Hoang].
lang_multi_text.db	MusicUnlock_12000041_Text	3.4	Hội thoại/Cốt truyện	Dữ liệu âm thanh			完成潮汐任务「曙光停摆于荒地之上」后解锁。	Unlocked after completing Main Quest "Stagnant Dawn on Wastelands."	潮汐任務「時の凍りついた街」クリアで解放。	Mở khóa sau khi hoàn thành nhiệm vụ Minh Triều [Ánh Sáng Ngừng Lại Trên Vùng Đất Hoang].
lang_multi_text.db	MusicUnlock_12000042_Text	3.4	Hội thoại/Cốt truyện	Dữ liệu âm thanh			完成潮汐任务「曙光停摆于荒地之上」后解锁。	Unlocked after completing Main Quest "Stagnant Dawn on Wastelands."	潮汐任務「時の凍りついた街」クリアで解放。	Mở khóa sau khi hoàn thành nhiệm vụ Minh Triều [Ánh Sáng Ngừng Lại Trên Vùng Đất Hoang].
lang_multi_text.db	MusicUnlock_12000043_Text	3.4	Hội thoại/Cốt truyện	Dữ liệu âm thanh			完成潮汐任务「曙光停摆于荒地之上」后解锁。	Unlocked after completing Main Quest "Stagnant Dawn on Wastelands."	潮汐任務「時の凍りついた街」クリアで解放。	Mở khóa sau khi hoàn thành nhiệm vụ Minh Triều [Ánh Sáng Ngừng Lại Trên Vùng Đất Hoang].
lang_multi_text.db	MusicUnlock_12000044_Text	3.4	Hội thoại/Cốt truyện	Dữ liệu âm thanh			完成潮汐任务「曙光停摆于荒地之上」后解锁。	Unlocked after completing Main Quest "Stagnant Dawn on Wastelands."	潮汐任務「時の凍りついた街」クリアで解放。	Mở khóa sau khi hoàn thành nhiệm vụ Minh Triều [Ánh Sáng Ngừng Lại Trên Vùng Đất Hoang].
lang_multi_text.db	MusicUnlock_12000045_Text	3.4	Hội thoại/Cốt truyện	Dữ liệu âm thanh			完成潮汐任务「曙光停摆于荒地之上」后解锁。	Unlocked after completing Main Quest "Stagnant Dawn on Wastelands."	潮汐任務「時の凍りついた街」クリアで解放。	Mở khóa sau khi hoàn thành nhiệm vụ Minh Triều [Ánh Sáng Ngừng Lại Trên Vùng Đất Hoang].
lang_multi_text.db	MusicUnlock_13000001_Text	3.4	Hội thoại/Cốt truyện	Dữ liệu âm thanh			完成潮汐任务「冰原下的星炬」后解锁。	Unlocked after completing Main Quest "What Burns Beneath Frostlands."	潮汐任務「氷原の下に灯るトーチ」クリアで解放。	Mở khóa sau khi hoàn thành nhiệm vụ Minh Triều [Ngọn Đuốc Dưới Lớp Băng].
lang_multi_text.db	MusicUnlock_13000002_Text	3.4	Hội thoại/Cốt truyện	Dữ liệu âm thanh			完成潮汐任务「冰原下的星炬」后解锁。	Unlocked after completing Main Quest "What Burns Beneath Frostlands."	潮汐任務「氷原の下に灯るトーチ」クリアで解放。	Mở khóa sau khi hoàn thành nhiệm vụ Minh Triều [Ngọn Đuốc Dưới Lớp Băng].
lang_multi_text.db	MusicUnlock_13000003_Text	3.4	Hội thoại/Cốt truyện	Dữ liệu âm thanh			完成纪闻任务「被光影定格的瞬间」后解锁。	Unlocked after completing Side Quest "Moments Captured in Light."	逸話任務「光と影に止まった瞬間」クリアで解放。	Mở khóa sau khi hoàn thành nhiệm vụ kỷ văn [Khoảnh Khắc Được Ánh Sáng Định Hình].
lang_multi_text.db	MusicUnlock_13000005_Text	3.4	Hội thoại/Cốt truyện	Dữ liệu âm thanh			完成危行任务「车手一号」后解锁。	Unlocked after completing Exploration Quest "No. 1 Biker."	危地任務「ライダー・No.1」クリアで解放。	Mở khóa sau khi hoàn thành nhiệm vụ nguy hiểm [Tay Đua Số 1].
lang_multi_text.db	MusicUnlock_14000002_Text	3.4	Hội thoại/Cốt truyện	Dữ liệu âm thanh			完成潮汐任务「冰原下的星炬」后解锁。	Unlocked after completing Main Quest "What Burns Beneath Frostlands."	潮汐任務「氷原の下に灯るトーチ」クリアで解放。	Mở khóa sau khi hoàn thành nhiệm vụ Minh Triều [Ngọn Đuốc Dưới Lớp Băng].
lang_multi_text.db	MusicUnlock_14000003_Text	3.4	Hội thoại/Cốt truyện	Dữ liệu âm thanh			完成潮汐任务「致第二次日出」后解锁。	Unlocked after completing Main Quest "Ode to the Second Sunrise."	潮汐任務「二度目の日の出へ」クリアで解放。	Mở khóa sau khi hoàn thành nhiệm vụ Minh Triều [Gửi Lần Mặt Trời Mọc Thứ Hai].
lang_multi_text.db	MusicUnlock_14000015_Text	3.4	Hội thoại/Cốt truyện	Dữ liệu âm thanh			完成危行任务「深空测界台·拓原工程」后解锁。	Unlocked after completing Exploration Quest "Spacetrek Observatory: Foundation Phase."	危地任務「スペーストレック観測台 プロジェクト・ファンデーション」クリアで解放。	Mở khóa sau khi hoàn thành nhiệm vụ nguy hiểm [Trạm Đo Lường Không Gian Sâu・Dự Án Mở Rộng].
lang_multi_text.db	MusicUnlock_14000016_Text	3.4	Hội thoại/Cốt truyện	Dữ liệu âm thanh			完成危行任务「深空测界台·望域工程」后解锁。	Unlocked after completing Exploration Quest "Spacetrek Observatory: Overwatch Phase."	危地任務「スペーストレック観測台 プロジェクト・ウォッチャー」クリアで解放。	Mở khóa sau khi hoàn thành nhiệm vụ nguy hiểm [Trạm Đo Lường Không Gian Sâu・Dự Án Quan Sát Khu Vực].
lang_multi_text.db	MusicUnlock_14000017_Text	3.4	Hội thoại/Cốt truyện	Dữ liệu âm thanh			完成危行任务「失落的乐声」后解锁。	Unlocked after completing Exploration Quest "The Lost Melody."	危地任務「失われた音色」クリアで解放。	Mở khóa sau khi hoàn thành nhiệm vụ nguy hiểm [Giai Điệu Bị Mất].
lang_multi_text.db	MusicUnlock_14000018_Text	3.4	Hội thoại/Cốt truyện	Dữ liệu âm thanh			完成危行任务「光的来处」后解锁。	Unlocked after completing Exploration Quest "Where Light Takes Shape."	危地任務「光が生まれる場所」クリアで解放。	Mở khóa sau khi hoàn thành nhiệm vụ nguy hiểm [Nơi Ánh Sáng Đi Đến].
lang_multi_text.db	MusicUnlock_14000019_Text	3.4	Hội thoại/Cốt truyện	Dữ liệu âm thanh			完成纪闻任务「十六亿比特」后解锁。	Unlocked after completing Side Quest "Sixteen Centimillion Bits."	逸話任務「十六億ビット」クリアで解放。	Mở khóa sau khi hoàn thành nhiệm vụ kỷ văn [Một Tỷ Sáu Trăm Triệu Bit].
lang_multi_text.db	MusicUnlock_14000021_Text	3.4	Hội thoại/Cốt truyện	Dữ liệu âm thanh			完成潮汐任务「致第二次日出」后解锁。	Unlocked after completing Main Quest "Ode to the Second Sunrise."	潮汐任務「二度目の日の出へ」クリアで解放。	Mở khóa sau khi hoàn thành nhiệm vụ Minh Triều [Gửi Lần Mặt Trời Mọc Thứ Hai].
lang_multi_text.db	MusicUnlock_14000022_Text	3.4	Hội thoại/Cốt truyện	Dữ liệu âm thanh			完成潮汐任务「致第二次日出」后解锁。	Unlocked after completing Main Quest "Ode to the Second Sunrise."	潮汐任務「二度目の日の出へ」クリアで解放。	Mở khóa sau khi hoàn thành nhiệm vụ Minh Triều [Gửi Lần Mặt Trời Mọc Thứ Hai].
lang_multi_text.db	MusicUnlock_200000001_Text	3.4	Hội thoại/Cốt truyện	Dữ liệu âm thanh			在潮汐任务「远航星」中，观看飞行雪绒歌友会后解锁。	Unlocked after watching the Fleet Snowfluff Fan Meeting in Main Quest "The Star That Voyages Far."	潮汐任務「旅立つ星」で「フリート・スノーフラッフ」ファンクラブのイベントを鑑賞すると解放。	Mở khóa sau khi xem buổi họp fan Câu Lạc Bộ Lông Tuyết Bay trong nhiệm vụ thủy triều [Ngôi Sao Viễn Hàng].
lang_multi_text.db	MusicUnlock_200000002_Text	3.4	Hội thoại/Cốt truyện	Dữ liệu âm thanh			完成潮汐任务「远航星」后解锁。	Unlocked after completing Main Quest "The Star That Voyages Far."	潮汐任務「旅立つ星」クリアで解放。	Mở khóa sau khi hoàn thành nhiệm vụ thủy triều [Ngôi Sao Viễn Hàng].
lang_multi_text.db	MusicUnlock_200000003_Text	3.4	Hội thoại/Cốt truyện	Dữ liệu âm thanh			完成潮汐任务「远航星」后解锁。	Unlocked after completing Main Quest "The Star That Voyages Far."	潮汐任務「旅立つ星」クリアで解放。	Mở khóa sau khi hoàn thành nhiệm vụ thủy triều [Ngôi Sao Viễn Hàng].
lang_multi_text.db	MusicUnlock_200000004_Text	3.4	Hội thoại/Cốt truyện	Dữ liệu âm thanh			完成潮汐任务「日光落处」后解锁。	Unlocked after completing Main Quest "All That Sunlight Touches."	潮汐任務「陽の光が差し込む場所」クリアで解放。	Mở khóa sau khi hoàn thành nhiệm vụ thủy triều [Nơi Ánh Sáng Mặt Trời Rọi Xuống].
lang_multi_text.db	MusicUnlock_200000005_Text	3.4	Hội thoại/Cốt truyện	Dữ liệu âm thanh			完成潮汐任务「远航星」后解锁。	Unlocked after completing Main Quest "The Star That Voyages Far."	潮汐任務「旅立つ星」クリアで解放。	Mở khóa sau khi hoàn thành nhiệm vụ thủy triều [Ngôi Sao Viễn Hàng].
lang_multi_text.db	MusicUnlock_200000010_Text	3.4	Hội thoại/Cốt truyện	Dữ liệu âm thanh			完成潮汐任务「远航星」后解锁。	Unlocked after completing Main Quest "The Star That Voyages Far."	潮汐任務「旅立つ星」クリアで解放。	Mở khóa sau khi hoàn thành nhiệm vụ thủy triều [Ngôi Sao Viễn Hàng].
lang_multi_text.db	MusicUnlock_200000013_Text	3.4	Hội thoại/Cốt truyện	Dữ liệu âm thanh			完成危行任务「冰与铁之歌」后解锁。	Unlocked after completing Exploration Quest "The Song of Ice and Steel."	危地任務「氷と鉄の歌」クリアで解放。	Mở khóa sau khi hoàn thành nhiệm vụ nguy hiểm [Bài Hát Của Băng Và Sắt].
lang_multi_text.db	MusicUnlock_200000014_Text	3.4	Hội thoại/Cốt truyện	Dữ liệu âm thanh			完成危行任务「冰与铁之歌」后解锁。	Unlocked after completing Exploration Quest "The Song of Ice and Steel."	危地任務「氷と鉄の歌」クリアで解放。	Mở khóa sau khi hoàn thành nhiệm vụ nguy hiểm [Bài Hát Của Băng Và Sắt].
lang_multi_text.db	MusicUnlock_200000015_Text	3.4	Hội thoại/Cốt truyện	Dữ liệu âm thanh			完成潮汐任务「远航星」后解锁。	Unlocked after completing Main Quest "The Star That Voyages Far."	潮汐任務「旅立つ星」クリアで解放。	Mở khóa sau khi hoàn thành nhiệm vụ thủy triều [Ngôi Sao Viễn Hàng].
lang_multi_text.db	MusicUnlock_200000016_Text	3.4	Hội thoại/Cốt truyện	Dữ liệu âm thanh			完成潮汐任务「远航星」后解锁。	Unlocked after completing Main Quest "The Star That Voyages Far."	潮汐任務「旅立つ星」クリアで解放。	Mở khóa sau khi hoàn thành nhiệm vụ thủy triều [Ngôi Sao Viễn Hàng].
lang_multi_text.db	MusicUnlock_200000017_Text	3.4	Hội thoại/Cốt truyện	Dữ liệu âm thanh			完成潮汐任务「远航星」后解锁。	Unlocked after completing Main Quest "The Star That Voyages Far."	潮汐任務「旅立つ星」クリアで解放。	Mở khóa sau khi hoàn thành nhiệm vụ thủy triều [Ngôi Sao Viễn Hàng].
lang_multi_text.db	MusicUnlock_210000001_Text	3.4	Hội thoại/Cốt truyện	Dữ liệu âm thanh			完成潮汐任务「影下不落的黄金」后解锁。	Unlocked after completing Main Quest "Gold Suspended in Shadows."	潮汐任務「影に染まることのない黄金」をクリア後に解放。	Mở khóa sau khi hoàn thành nhiệm vụ thủy triều [Khoảng Vàng Không Chìm Dưới Bóng Đêm].
lang_multi_text.db	MusicUnlock_210000002_Text	3.4	Hội thoại/Cốt truyện	Dữ liệu âm thanh			完成潮汐任务「影下不落的黄金」后解锁。	Unlocked after completing Main Quest "Gold Suspended in Shadows."	潮汐任務「影に染まることのない黄金」をクリア後に解放。	Mở khóa sau khi hoàn thành nhiệm vụ thủy triều [Khoảng Vàng Không Chìm Dưới Bóng Đêm].
lang_multi_text.db	MusicUnlock_210000003_Text	3.4	Hội thoại/Cốt truyện	Dữ liệu âm thanh			完成潮汐任务「影下不落的黄金」后解锁。	Unlocked after completing Main Quest "Gold Suspended in Shadows."	潮汐任務「影に染まることのない黄金」をクリア後に解放。	Mở khóa sau khi hoàn thành nhiệm vụ thủy triều [Khoảng Vàng Không Chìm Dưới Bóng Đêm].
lang_multi_text.db	MusicUnlock_210000004_Text	3.4	Hội thoại/Cốt truyện	Dữ liệu âm thanh			完成潮汐任务「影下不落的黄金」后解锁。	Unlocked after completing Main Quest "Gold Suspended in Shadows."	潮汐任務「影に染まることのない黄金」をクリア後に解放。	Mở khóa sau khi hoàn thành nhiệm vụ thủy triều [Khoảng Vàng Không Chìm Dưới Bóng Đêm].
lang_multi_text.db	MusicUnlock_210000005_Text	3.4	Hội thoại/Cốt truyện	Dữ liệu âm thanh			完成潮汐任务「影下不落的黄金」后解锁。	Unlocked after completing Main Quest "Gold Suspended in Shadows."	潮汐任務「影に染まることのない黄金」をクリア後に解放。	Mở khóa sau khi hoàn thành nhiệm vụ thủy triều [Khoảng Vàng Không Chìm Dưới Bóng Đêm].
lang_multi_text.db	MusicUnlock_210000006_Text	3.4	Hội thoại/Cốt truyện	Dữ liệu âm thanh			完成潮汐任务「影下不落的黄金」后解锁。	Unlocked after completing Main Quest "Gold Suspended in Shadows."	潮汐任務「影に染まることのない黄金」をクリア後に解放。	Mở khóa sau khi hoàn thành nhiệm vụ thủy triều [Khoảng Vàng Không Chìm Dưới Bóng Đêm].
lang_multi_text.db	MusicUnlock_210000007_Text	3.4	Hội thoại/Cốt truyện	Dữ liệu âm thanh			完成潮汐任务「影下不落的黄金」后解锁。	Unlocked after completing Main Quest "Gold Suspended in Shadows."	潮汐任務「影に染まることのない黄金」をクリア後に解放。	Mở khóa sau khi hoàn thành nhiệm vụ thủy triều [Khoảng Vàng Không Chìm Dưới Bóng Đêm].
lang_multi_text.db	MusicUnlock_210000008_Text	3.4	Hội thoại/Cốt truyện	Dữ liệu âm thanh			完成潮汐任务「影面颠倒的兔影」后解锁。	Unlocked after completing Main Quest "Rabbit Reflected in Shades."	潮汐任務「反転した世界に映る兎の影」をクリア後に解放。	Mở khóa sau khi hoàn thành nhiệm vụ thủy triều [Bóng Thỏ Trong Thế Giới Ngược].
lang_multi_text.db	MusicUnlock_220000006_Text	3.4	Hội thoại/Cốt truyện	Dữ liệu âm thanh			完成潮汐任务「昨夜群星」后解锁。	Unlocked after completing Main Quest "Starlights from Yesterdays."	潮汐任務「昨夜を照らす星々」をクリア後に解放。	Mở khóa sau khi hoàn thành Nhiệm Vụ Thủy Triều "Những Vì Sao Đêm Qua".
lang_multi_text.db	MusicUnlock_220000011_Text	3.4	Hội thoại/Cốt truyện	Dữ liệu âm thanh			完成潮汐任务·幕间「愿系铃中·续」后解锁。	Unlocked after completing Main Quest - Segue "Wishes in the Bell: Epilogue."	潮汐任務・幕間「鈴の音に祈って・続」をクリア後に解放。	Mở khóa sau khi hoàn thành Nhiệm Vụ Thủy Triều - Chuyển Tiếp "Nguyện Ước Trong Chuông: Tiếp Nối".
lang_multi_text.db	MusicUnlock_220000012_Text	3.4	Hội thoại/Cốt truyện	Dữ liệu âm thanh			完成潮汐任务·幕间「在熔解的夜空下」后解锁。	Unlocked after completing Main Quest - Segue "Beneath a Melting Night Sky."	潮汐任務・幕間「溶けゆく夜空の下で」をクリア後に解放。	Mở khóa sau khi hoàn thành Nhiệm Vụ Thủy Triều - Chuyển Tiếp "Dưới Bầu Trời Đêm Tan Chảy".
lang_multi_text.db	MusicUnlock_220000014_Text	3.4	Hội thoại/Cốt truyện	Dữ liệu âm thanh			完成危行任务「完美飞行日」后解锁。	Unlocked after completing Exploration Quest "A Perfect Day for Flying."	危地任務「パーフェクトフライングデー」をクリア後に解放。	Mở khóa sau khi hoàn thành Nhiệm Vụ Hiểm Nguy "Ngày Bay Hoàn Hảo".
lang_multi_text.db	MusicUnlock_220000015_Text	3.4	Hội thoại/Cốt truyện	Dữ liệu âm thanh			完成潮汐任务·幕间「在熔解的夜空下」后解锁。	Unlocked after completing Main Quest - Segue "Beneath a Melting Night Sky."	潮汐任務・幕間「溶けゆく夜空の下で」をクリア後に解放。	Mở khóa sau khi hoàn thành Nhiệm Vụ Thủy Triều - Chuyển Tiếp "Dưới Bầu Trời Đêm Tan Chảy".
lang_multi_text.db	MusicUnlock_230000001_Text	3.4	Hội thoại/Cốt truyện	Dữ liệu âm thanh			完成异闻任务「边缘幻梦」后解锁。	Complete Episodic Quest "At Dream's Edge" to unlock.	異聞任務「ドリームエッジ」クリアで解放。	Hoàn thành Nhiệm vụ Dị Văn "Mộng Bên Rìa" để mở khóa.
lang_multi_text.db	MusicUnlock_30000001_Text	3.4	Hội thoại/Cốt truyện	Dữ liệu âm thanh			完成道引任务「爱乐之骸」后解锁。	Complete Tutorial Quest "La La Echo" to unlock.	道標任務「ラ・ラ・エコー」をクリア後に解放。	Mở khóa sau khi hoàn thành nhiệm vụ dẫn đường [Echo Yêu Âm Nhạc].
lang_multi_text.db	MusicUnlock_30000002_Text	3.4	Hội thoại/Cốt truyện	Dữ liệu âm thanh			在拂风水畔的音乐飞萤处获得该乐曲的鸣奏之匣。	Obtain the Melody Box for this song from the Musicfly in Whisperwind Haven.	そよ風のヘイヴンにいる音楽の蛍からメロディーボックスを獲得できる。	Nhận được Hộp Giai Điệu của bản nhạc này từ Đom Đóm Âm Nhạc ở Whisperwind Haven.
lang_multi_text.db	MusicUnlock_30000003_Text	3.4	Hội thoại/Cốt truyện	Dữ liệu âm thanh			在氤柔水境的音乐飞萤处获得该乐曲的鸣奏之匣。	Obtain the Melody Box for this song from the Musicfly in Nimbus Sanctum.	霞立つ水境にいる音楽の蛍からメロディーボックスを獲得できる。	Nhận được Hộp Giai Điệu của bản nhạc này từ Đom Đóm Âm Nhạc ở Nimbus Sanctum.
lang_multi_text.db	MusicUnlock_30000004_Text	3.4	Hội thoại/Cốt truyện	Dữ liệu âm thanh			在埃弗拉德金库的音乐飞萤处获得该乐曲的鸣奏之匣。	Obtain the Melody Box for this song from the Musicfly in Averardo Vault.	アヴェラルド金庫にいる音楽の蛍からメロディーボックスを獲得できる。	Nhận được Hộp Giai Điệu của bản nhạc này từ Đom Đóm Âm Nhạc ở Kho Bạc Averardo.
lang_multi_text.db	MusicUnlock_30000005_Text	3.4	Hội thoại/Cốt truyện	Dữ liệu âm thanh			在拂风水畔的音乐飞萤处获得该乐曲的鸣奏之匣。	Obtain the Melody Box for this song from the Musicfly in Whisperwind Haven.	そよ風のヘイヴンにいる音楽の蛍からメロディーボックスを獲得できる。	Nhận được Hộp Giai Điệu của bản nhạc này từ Đom Đóm Âm Nhạc ở Whisperwind Haven.
lang_multi_text.db	MusicUnlock_30000006_Text	3.4	Hội thoại/Cốt truyện	Dữ liệu âm thanh			在氤柔水境的音乐飞萤处获得该乐曲的鸣奏之匣。	Obtain the Melody Box for this song from the Musicfly in Nimbus Sanctum.	霞立つ水境にいる音楽の蛍からメロディーボックスを獲得できる。	Nhận được Hộp Giai Điệu của bản nhạc này từ Đom Đóm Âm Nhạc ở Nimbus Sanctum.
lang_multi_text.db	MusicUnlock_30000007_Text	3.4	Hội thoại/Cốt truyện	Dữ liệu âm thanh			在狄萨莱海脊的音乐飞萤处获得该乐曲的鸣奏之匣。	Obtain the Melody Box for this song from the Musicfly in Thessaleo Fells.	ディサレー海嶺にいる音楽の蛍からメロディーボックスを獲得できる。	Nhận được Hộp Giai Điệu của bản nhạc này từ Đom Đóm Âm Nhạc ở Thessaleo Fells.
lang_multi_text.db	MusicUnlock_30000008_Text	3.4	Hội thoại/Cốt truyện	Dữ liệu âm thanh			在埃弗拉德金库的音乐飞萤处获得该乐曲的鸣奏之匣。	Obtain the Melody Box for this song from the Musicfly in Averardo Vault.	アヴェラルド金庫にいる音楽の蛍からメロディーボックスを獲得できる。	Nhận được Hộp Giai Điệu của bản nhạc này từ Đom Đóm Âm Nhạc ở Kho Bạc Averardo.
lang_multi_text.db	MusicUnlock_30000009_Text	3.4	Hội thoại/Cốt truyện	Dữ liệu âm thanh			在悲叹墓岛的音乐飞萤处获得该乐曲的鸣奏之匣。	Obtain the Melody Box for this song from the Musicfly in Penitent's End.	ペニテントの吹き溜まりにいる音楽の蛍からメロディーボックスを獲得できる。	Nhận được Hộp Giai Điệu của bản nhạc này từ Đom Đóm Âm Nhạc ở Penitent's End.
lang_multi_text.db	MusicUnlock_30000010_Text	3.4	Hội thoại/Cốt truyện	Dữ liệu âm thanh			在拂风水畔的音乐飞萤处获得该乐曲的鸣奏之匣。	Obtain the Melody Box for this song from the Musicfly in Whisperwind Haven.	そよ風のヘイヴンにいる音楽の蛍からメロディーボックスを獲得できる。	Nhận được Hộp Giai Điệu của bản nhạc này từ Đom Đóm Âm Nhạc ở Whisperwind Haven.
lang_multi_text.db	MusicUnlock_30000011_Text	3.4	Hội thoại/Cốt truyện	Dữ liệu âm thanh			完成潮汐任务「昔我悲伤，今却歌唱」后解锁。	Complete "What Yesterday Wept, Today Doth Sing" to unlock.	潮汐任務「悲しき過去を背負って、今歌う」をクリア後に解放。	Mở khóa sau khi hoàn thành nhiệm vụ thủy triều [Ta Từng Đau Khổ, Nay Đã Cất Tiếng Hát].
lang_multi_text.db	MusicUnlock_30000012_Text	3.4	Hội thoại/Cốt truyện	Dữ liệu âm thanh			在槲生半岛的音乐飞萤处获得该乐曲的鸣奏之匣。	Obtain the Melody Box for this song from the Musicfly in the Fagaceae Peninsula.	ブナ半島にいる音楽の蛍からメロディーボックスを獲得できる。	Nhận được Hộp Giai Điệu của bản nhạc này từ Đom Đóm Âm Nhạc ở Bán Đảo Fagaceae.
lang_multi_text.db	MusicUnlock_30000013_Text	3.4	Hội thoại/Cốt truyện	Dữ liệu âm thanh			在狄萨莱海脊的音乐飞萤处获得该乐曲的鸣奏之匣。	Obtain the Melody Box for this song from the Musicfly in Thessaleo Fells.	ディサレー海嶺にいる音楽の蛍からメロディーボックスを獲得できる。	Nhận được Hộp Giai Điệu của bản nhạc này từ Đom Đóm Âm Nhạc ở Thessaleo Fells.
lang_multi_text.db	MusicUnlock_30000014_Text	3.4	Hội thoại/Cốt truyện	Dữ liệu âm thanh			在悲叹墓岛的音乐飞萤处获得该乐曲的鸣奏之匣。	Obtain the Melody Box for this song from the Musicfly in Penitent's End.	ペニテントの吹き溜まりにいる音楽の蛍からメロディーボックスを獲得できる。	Nhận được Hộp Giai Điệu của bản nhạc này từ Đom Đóm Âm Nhạc ở Penitent's End.
lang_multi_text.db	MusicUnlock_30000015_Text	3.4	Hội thoại/Cốt truyện	Dữ liệu âm thanh			在赞悼圣迹的音乐飞萤处获得该乐曲的鸣奏之匣。	Obtain the Melody Box for this song from the Musicfly in the Hallowed Reach.	ハロウド・リーチにいる音楽の蛍からメロディーボックスを獲得できる。	Nhận được Hộp Giai Điệu của bản nhạc này từ Đom Đóm Âm Nhạc ở Hallowed Reach.
lang_multi_text.db	MusicUnlock_30000016_Text	3.4	Hội thoại/Cốt truyện	Dữ liệu âm thanh			在潮汐任务「昔我悲伤，今却歌唱」中解锁。	Unlocked in the Main Quest "What Yesterday Wept, Today Doth Sing."	潮汐任務「悲しき過去を背負って、今歌う」で獲得できる。	Mở khóa trong nhiệm vụ thủy triều [Ta Từng Đau Khổ, Nay Đã Cất Tiếng Hát].
lang_multi_text.db	MusicUnlock_30000017_Text	3.4	Hội thoại/Cốt truyện	Dữ liệu âm thanh			在潮汐任务「夜与昼，均请摘下面纱」中解锁。	Unlocked in the Main Quest "Veils Off in Sun or Shadow".	潮汐任務「夜も昼も、ベールはお外しに」で獲得できる。	Mở khóa trong nhiệm vụ thủy triều [Đêm Và Ngày, Xin Hãy Tháo Khăn Voan].
lang_multi_text.db	MusicUnlock_30000018_Text	3.4	Hội thoại/Cốt truyện	Dữ liệu âm thanh			在槲生半岛的音乐飞萤处获得该乐曲的鸣奏之匣。	Obtain the Melody Box for this song from the Musicfly in the Fagaceae Peninsula.	ブナ半島にいる音楽の蛍からメロディーボックスを獲得できる。	Nhận được Hộp Giai Điệu của bản nhạc này từ Đom Đóm Âm Nhạc ở Bán Đảo Fagaceae.
lang_multi_text.db	MusicUnlock_30000019_Text	3.4	Hội thoại/Cốt truyện	Dữ liệu âm thanh			在槲生半岛的音乐飞萤处获得该乐曲的鸣奏之匣。	Obtain the Melody Box for this song from the Musicfly in the Fagaceae Peninsula.	ブナ半島にいる音楽の蛍からメロディーボックスを獲得できる。	Nhận được Hộp Giai Điệu của bản nhạc này từ Đom Đóm Âm Nhạc ở Bán Đảo Fagaceae.
lang_multi_text.db	MusicUnlock_30000020_Text	3.4	Hội thoại/Cốt truyện	Dữ liệu âm thanh			完成危行任务「氤柔云海之歌·骤雨之章」后解锁。	Complete Exploration Quest "Hymn of the Sea of Clouds: Storm" to unlock.	危地任務「幽玄なる雲海の調べ・にわか雨の章」をクリア後に解放。	Mở khóa sau khi hoàn thành nhiệm vụ nguy hiểm [Bài Hát Biển Mây Yên Tĩnh・Chương Mưa Rào].
lang_multi_text.db	MusicUnlock_30000021_Text	3.4	Hội thoại/Cốt truyện	Dữ liệu âm thanh			在悲叹墓岛的音乐飞萤处获得该乐曲的鸣奏之匣。	Obtain the Melody Box for this song from the Musicfly in Penitent's End.	ペニテントの吹き溜まりにいる音楽の蛍からメロディーボックスを獲得できる。	Nhận được Hộp Giai Điệu của bản nhạc này từ Đom Đóm Âm Nhạc ở Penitent's End.
lang_multi_text.db	MusicUnlock_30000022_Text	3.4	Hội thoại/Cốt truyện	Dữ liệu âm thanh			在狄萨莱海脊的音乐飞萤处获得该乐曲的鸣奏之匣。	Obtain the Melody Box for this song from the Musicfly in Thessaleo Fells.	ディサレー海嶺にいる音楽の蛍からメロディーボックスを獲得できる。	Nhận được Hộp Giai Điệu của bản nhạc này từ Đom Đóm Âm Nhạc ở Thessaleo Fells.
lang_multi_text.db	MusicUnlock_30000023_Text	3.4	Hội thoại/Cốt truyện	Dữ liệu âm thanh			在埃弗拉德金库的音乐飞萤处获得该乐曲的鸣奏之匣。	Obtain the Melody Box for this song from the Musicfly in Averardo Vault.	アヴェラルド金庫にいる音楽の蛍からメロディーボックスを獲得できる。	Nhận được Hộp Giai Điệu của bản nhạc này từ Đom Đóm Âm Nhạc ở Kho Bạc Averardo.
lang_multi_text.db	MusicUnlock_30000024_Text	3.4	Hội thoại/Cốt truyện	Dữ liệu âm thanh			在氤柔水境的音乐飞萤处获得该乐曲的鸣奏之匣。	Obtain the Melody Box for this song from the Musicfly in Nimbus Sanctum.	霞立つ水境にいる音楽の蛍からメロディーボックスを獲得できる。	Nhận được Hộp Giai Điệu của bản nhạc này từ Đom Đóm Âm Nhạc ở Nimbus Sanctum.
lang_multi_text.db	MusicUnlock_30000025_Text	3.4	Hội thoại/Cốt truyện	Dữ liệu âm thanh			在声骸挑战·幻觉中与罗蕾莱共同遨游云海后解锁。	Cruise Nimbus Sanctum with Lorelei in Echo Challenge: Illusion to unlock.	「音骸挑戦・幻境」でローレライと一緒にソアーの挑戦をクリア後に解放。	Mở khóa sau khi bay lượn trên biển mây cùng Lorelei trong Thử Thách Echo・Ảo Giác.
lang_multi_text.db	MusicUnlock_30000026_Text	3.4	Hội thoại/Cốt truyện	Dữ liệu âm thanh			在黎乔利群岛舵盘村的音乐飞萤处获得该乐曲的鸣奏之匣。	Obtain the Melody Box for this song from the Musicfly in Helm Village of Riccioli Islands.	リジョリ群島ヘルム村にいる音楽の蛍からメロディーボックスを獲得できる。	Nhận được Hộp Giai Điệu của bản nhạc này từ Đom Đóm Âm Nhạc ở Làng Bánh Lái, Quần Đảo Riccioli.
lang_multi_text.db	MusicUnlock_30000027_Text	3.4	Hội thoại/Cốt truyện	Dữ liệu âm thanh			在黎乔利群岛莱耶斯遗迹群的音乐飞萤处获得该乐曲的鸣奏之匣。	Obtain the Melody Box for this song from the Musicfly in Reyes Ruins of Riccioli Islands.	リジョリ群島レイエス遺跡群にいる音楽の蛍からメロディーボックスを獲得できる。	Nhận được Hộp Giai Điệu của bản nhạc này từ Đom Đóm Âm Nhạc ở Quần Thể Di Tích Reyes, Quần Đảo Riccioli.
lang_multi_text.db	MusicUnlock_30000028_Text	3.4	Hội thoại/Cốt truyện	Dữ liệu âm thanh			在黎乔利群岛沉静湾的音乐飞萤处获得该乐曲的鸣奏之匣。	Obtain the Melody Box for this song from the Musicfly in Serene Bay of Riccioli Islands.	リジョリ群島セリーン湾にいる音楽の蛍からメロディーボックスを獲得できる。	Nhận được Hộp Giai Điệu của bản nhạc này từ Đom Đóm Âm Nhạc ở Vịnh Tĩnh Lặng, Quần Đảo Riccioli.
lang_multi_text.db	MusicUnlock_30000029_Text	3.4	Hội thoại/Cốt truyện	Dữ liệu âm thanh			在黎乔利群岛莱耶斯遗迹群山顶处供奉祭坛后解锁。	Unlocked after offering the altar at the top of the mountain in Reyes Ruins of Riccioli Islands.	リジョリ群島レイエス遺跡群の山頂にある祭壇に供えることで解放。	Mở khóa sau khi cúng bái tế đàn ở Đỉnh Núi Quần Thể Di Tích Reyes, Quần Đảo Riccioli.
lang_multi_text.db	MusicUnlock_30000030_Text	3.4	Hội thoại/Cốt truyện	Dữ liệu âm thanh			完成活动任务「老人鱼海」后解锁。	Complete Quest "Old Man and the Whale" to unlock.	イベント「老人と魚と海」クリアで解放。	Mở khóa sau khi hoàn thành nhiệm vụ sự kiện [Ông Lão Bờ Biển Và Nàng Tiên Cá].
lang_multi_text.db	MusicUnlock_30000031_Text	3.4	Hội thoại/Cốt truyện	Dữ liệu âm thanh			完成伴星任务「启航日，船长！」后解锁。	Complete Companion Story "Sail Day, Captain!" to unlock.	連星任務「出航だ、キャプテン！」をクリアで解放。	Mở khóa sau khi hoàn thành nhiệm vụ đồng hành [Ngày Ra Khơi, Thuyền Trưởng!].
lang_multi_text.db	MusicUnlock_30000032_Text	3.4	Hội thoại/Cốt truyện	Dữ liệu âm thanh			在黎乔利群岛德雷克岛的音乐飞萤处获得该乐曲的鸣奏之匣。	Obtain the Melody Box for this song from the Musicfly in Drake's Island of Riccioli Islands.	リジョリ群島ドラコ島にいる音楽の蛍からメロディーボックスを獲得できる。	Nhận được Hộp Giai Điệu của bản nhạc này từ Đom Đóm Âm Nhạc ở Đảo Drake, Quần Đảo Riccioli.
lang_multi_text.db	MusicUnlock_30000033_Text	3.4	Hội thoại/Cốt truyện	Dữ liệu âm thanh			在埃弗拉德金库的音乐飞萤处获得该乐曲的鸣奏之匣。	Obtain the Melody Box for this song from the Musicfly in Averardo Vault.	アヴェラルド金庫にいる音楽の蛍からメロディーボックスを獲得できる。	Nhận được Hộp Giai Điệu của bản nhạc này từ Đom Đóm Âm Nhạc ở Kho Bạc Averardo.
lang_multi_text.db	MusicUnlock_30000034_Text	3.4	Hội thoại/Cốt truyện	Dữ liệu âm thanh			在埃弗拉德金库的音乐飞萤处获得该乐曲的鸣奏之匣。	Obtain the Melody Box for this song from the Musicfly in Averardo Vault.	アヴェラルド金庫にいる音楽の蛍からメロディーボックスを獲得できる。	Nhận được Hộp Giai Điệu của bản nhạc này từ Đom Đóm Âm Nhạc ở Kho Bạc Averardo.
lang_multi_text.db	MusicUnlock_30000035_Text	3.4	Hội thoại/Cốt truyện	Dữ liệu âm thanh			在埃弗拉德金库的音乐飞萤处获得该乐曲的鸣奏之匣。	Obtain the Melody Box for this song from the Musicfly in Averardo Vault.	アヴェラルド金庫にいる音楽の蛍からメロディーボックスを獲得できる。	Nhận được Hộp Giai Điệu của bản nhạc này từ Đom Đóm Âm Nhạc ở Kho Bạc Averardo.
lang_multi_text.db	MusicUnlock_30000036_Text	3.4	Hội thoại/Cốt truyện	Dữ liệu âm thanh			在埃弗拉德金库的人才藏馆向水池中的岁主雕像祈祷后解锁。	Unlocked after praying to the Sentinel's statue in the Talent Depository of Averardo Vault.	アヴェラルド金庫の人材収蔵エリアで池の中の歳主の彫像にお祈りをすることで解放。	Mở khóa sau khi cầu nguyện trước tượng Tuế Chủ trong hồ nước tại Phòng Trưng Bày Nhân Tài của Kho Bạc Averardo.
lang_multi_text.db	MusicUnlock_30000037_Text	3.4	Hội thoại/Cốt truyện	Dữ liệu âm thanh			在埃弗拉德金库的声骸藏馆吊灯上的奇藏中获得该乐曲的鸣奏之匣。	Obtain the Melody Box for this song from the Supply Chest on the chandelier in the Echo Depository of Averardo Vault.	アヴェラルド金庫の音骸収蔵エリアにあるシャンデリアの上の秘蔵の中からメロディーボックスを獲得できる。	Nhận được Hộp Giai Điệu của bản nhạc này từ Kho Báu Kỳ Diệu trên đèn chùm tại Phòng Trưng Bày Echo của Kho Bạc Averardo.
lang_multi_text.db	MusicUnlock_30000038_Text	3.4	Hội thoại/Cốt truyện	Dữ liệu âm thanh			在埃弗拉德金库的声骸藏馆吊灯上的奇藏中获得该乐曲的鸣奏之匣。	Obtain the Melody Box for this song from the Supply Chest on the chandelier in the Echo Depository of Averardo Vault.	アヴェラルド金庫の音骸収蔵エリアにあるシャンデリアの上の秘蔵の中からメロディーボックスを獲得できる。	Nhận được Hộp Giai Điệu của bản nhạc này từ Kho Báu Kỳ Diệu trên đèn chùm tại Phòng Trưng Bày Echo của Kho Bạc Averardo.
lang_multi_text.db	MusicUnlock_50000001_Text	3.4	Hội thoại/Cốt truyện	Dữ liệu âm thanh			在阿维纽林神学院·联结之塔的音乐飞萤处获得该乐曲的鸣奏之匣。	Obtain the Melody Box for this song from the Musicfly in Tower of Unity, Avinoleum Theological Seminary.	アヴィノレーム神学校・繋ぎの塔にいる音楽の蛍からメロディーボックスを獲得できる。	Nhận được Hộp Giai Điệu của bản nhạc này từ Đom Đóm Âm Nhạc ở Tháp Liên Kết của Chủng Viện Thần Học Avinoleum.
lang_multi_text.db	MusicUnlock_50000002_Text	3.4	Hội thoại/Cốt truyện	Dữ liệu âm thanh			在阿维纽林神学院·主塔的音乐飞萤处获得该乐曲的鸣奏之匣。	Obtain the Melody Box for this song from the Musicfly in Main Tower, Avinoleum Theological Seminary.	アヴィノレーム神学校・主塔にいる音楽の蛍からメロディーボックスを獲得できる。	Nhận được Hộp Giai Điệu của bản nhạc này từ Đom Đóm Âm Nhạc ở Tháp Chính của Chủng Viện Thần Học Avinoleum.
lang_multi_text.db	MusicUnlock_50000003_Text	3.4	Hội thoại/Cốt truyện	Dữ liệu âm thanh			在阿维纽林神学院·向上之塔的音乐飞萤处获得该乐曲的鸣奏之匣。	Obtain the Melody Box for this song from the Musicfly in Tower of Ascension, Avinoleum Theological Seminary.	アヴィノレーム神学校・昇華の塔にいる音楽の蛍からメロディーボックスを獲得できる。	Nhận được Hộp Giai Điệu của bản nhạc này từ Đom Đóm Âm Nhạc ở Tháp Thăng Tiến của Chủng Viện Thần Học Avinoleum.
lang_multi_text.db	MusicUnlock_50000004_Text	3.4	Hội thoại/Cốt truyện	Dữ liệu âm thanh			在阿维纽林神学院·扉页书馆·遗址的音乐飞萤处获得该乐曲的鸣奏之匣。	Obtain the Melody Box for this song from the Musicfly in Titular Repository: Ruins, Avinoleum Theological Seminary.	アヴィノレーム神学校・本扉図書館にいる音楽の蛍からメロディーボックスを獲得できる。	Nhận được Hộp Giai Điệu của bản nhạc này từ Đom Đóm Âm Nhạc ở Thư Viện Trang Tiêu Đề・Di Chỉ của Chủng Viện Thần Học Avinoleum.
lang_multi_text.db	MusicUnlock_50000005_Text	3.4	Hội thoại/Cốt truyện	Dữ liệu âm thanh			在阿维纽林神学院·向上之塔的音乐飞萤处获得该乐曲的鸣奏之匣。	Obtain the Melody Box for this song from the Musicfly in Tower of Ascension, Avinoleum Theological Seminary.	アヴィノレーム神学校・昇華の塔にいる音楽の蛍からメロディーボックスを獲得できる。	Nhận được Hộp Giai Điệu của bản nhạc này từ Đom Đóm Âm Nhạc ở Tháp Thăng Tiến của Chủng Viện Thần Học Avinoleum.
lang_multi_text.db	MusicUnlock_50000006_Text	3.4	Hội thoại/Cốt truyện	Dữ liệu âm thanh			在阿维纽林神学院·剑授大厅·遗址的音乐飞萤处获得该乐曲的鸣奏之匣。	Obtain the Melody Box for this song from the Musicfly in Hall of Swordsmanship: Ruins, Avinoleum Theological Seminary.	アヴィノレーム神学校・剣授ホール・遺跡にいる音楽の蛍から、メロディーボックスを獲得できる。	Nhận được Hộp Giai Điệu của bản nhạc này từ Đom Đóm Âm Nhạc ở Sảnh Truyền Kiếm・Di Chỉ của Chủng Viện Thần Học Avinoleum.
lang_multi_text.db	MusicUnlock_50000007_Text	3.4	Hội thoại/Cốt truyện	Dữ liệu âm thanh			在活动任务「团团团团转」中解锁。	Unlocked in the Event Quest "Cube, Cubic n Cubie."	イベント任務「ダンゴでダンジョン」で獲得できる。	Mở khóa trong nhiệm vụ sự kiện [Đoàn Tử Quay Mòng Mòng].
lang_multi_text.db	MusicUnlock_50000008_Text	3.4	Hội thoại/Cốt truyện	Dữ liệu âm thanh			在「唯你的长夏永不凋落」中解锁。	Unlocked in "Your Summer Will Never Wither."	「常夏に書き綴る詩」で獲得できる。	Mở khóa trong [Chỉ Có Mùa Hè Dài Của Cậu Không Bao Giờ Phai Tàn].
lang_multi_text.db	MusicUnlock_50000009_Text	3.4	Hội thoại/Cốt truyện	Dữ liệu âm thanh			完成潮汐任务「捕梦于神秘园中」后解锁。	Complete Main Quest "Dreamcatchers in the Secret Gardens" to unlock.	潮汐任務「秘密の花園にて、夢を追う」クリアで解放。	Mở khóa sau khi hoàn thành nhiệm vụ thủy triều [Bắt Giấc Mơ Trong Khu Vườn Bí Ẩn].
lang_multi_text.db	MusicUnlock_50000010_Text	3.4	Hội thoại/Cốt truyện	Dữ liệu âm thanh			完成纪闻任务「终焉沉落乐歌」后解锁。	Complete Main Quest "The Sunken Elegy" to unlock.	逸話任務「終焉に沈む楽歌」クリアで解放。	Mở khóa sau khi hoàn thành nhiệm vụ kỷ văn [Bài Hát Vui Vẻ Tận Cùng Chìm Nghỉm].
lang_multi_text.db	MusicUnlock_50000011_Text	3.4	Hội thoại/Cốt truyện	Dữ liệu âm thanh			完成潮汐任务「捕梦于神秘园中」后解锁。	Complete Main Quest "Dreamcatchers in the Secret Gardens" to unlock.	潮汐任務「秘密の花園にて、夢を追う」クリアで解放。	Mở khóa sau khi hoàn thành nhiệm vụ thủy triều [Bắt Giấc Mơ Trong Khu Vườn Bí Ẩn].
lang_multi_text.db	MusicUnlock_50000021_Text	3.4	Hội thoại/Cốt truyện	Dữ liệu âm thanh			在狩猎者营地的音乐飞萤处获得该乐曲的鸣奏之匣。	Obtain the Melody Box of this track from the Musicfly in Hunter's Den.	狩人のキャンプにいる音楽の蛍からメロディーボックスを獲得できる。	Nhận được Hộp Giai Điệu của bản nhạc này từ Đom Đóm Âm Nhạc ở Doanh Trại Thợ Săn.
lang_multi_text.db	MusicUnlock_50000022_Text	3.4	Hội thoại/Cốt truyện	Dữ liệu âm thanh			在受蚀地的音乐飞萤处获得该乐曲的鸣奏之匣。	Obtain the Melody Box of this track from the Musicfly in the Wastelands.	潮蝕地にいる音楽の蛍からメロディーボックスを獲得できる。	Nhận được Hộp Giai Điệu của bản nhạc này từ Đom Đóm Âm Nhạc ở Vùng Đất Bị Xói Mòn.
lang_multi_text.db	MusicUnlock_50000023_Text	3.4	Hội thoại/Cốt truyện	Dữ liệu âm thanh			在赤林猎场的音乐飞萤处获得该乐曲的鸣奏之匣。	Obtain the Melody Box of this track from the Musicfly in Maroonwood.	マルーンウッド狩り場にいる音楽の蛍からメロディーボックスを獲得できる。	Nhận được Hộp Giai Điệu của bản nhạc này từ Đom Đóm Âm Nhạc ở Khu Săn Bắn Rừng Đỏ.
lang_multi_text.db	MusicUnlock_50000024_Text	3.4	Hội thoại/Cốt truyện	Dữ liệu âm thanh			在四方殿的音乐飞萤处获得该乐曲的鸣奏之匣。	Obtain the Melody Box of this track from the Musicfly in Tetragon Temple.	テトラゴン真殿にいる音楽の蛍からメロディーボックスを獲得できる。	Nhận được Hộp Giai Điệu của bản nhạc này từ Đom Đóm Âm Nhạc ở Đền Thờ Tetragon.
lang_multi_text.db	MusicUnlock_50000025_Text	3.4	Hội thoại/Cốt truyện	Dữ liệu âm thanh			在往世花平野的音乐飞萤处获得该乐曲的鸣奏之匣。	Obtain the Melody Box of this track from the Musicfly in Asphodel Barrens.	アスポデロスの野にいる音楽の蛍からメロディーボックスを獲得できる。	Nhận được Hộp Giai Điệu của bản nhạc này từ Đom Đóm Âm Nhạc ở Cánh Đồng Hoa Kiếp Trước.
lang_multi_text.db	MusicUnlock_50000026_Text	3.4	Hội thoại/Cốt truyện	Dữ liệu âm thanh			完成潮汐任务「灼我以烈阳」后解锁。	Unlocked after completing Main Quest "By Sun's Burning Hand."	潮汐任務「赫耀の陽に灼かれて」をクリア後に解放。	Mở khóa sau khi hoàn thành nhiệm vụ thủy triều [Đốt Cháy Ta Dưới Nắng Gắt].
lang_multi_text.db	MusicUnlock_50000027_Text	3.4	Hội thoại/Cốt truyện	Dữ liệu âm thanh			完成潮汐任务「灼我以烈阳」后解锁。	Unlocked after completing Main Quest "By Sun's Burning Hand."	潮汐任務「赫耀の陽に灼かれて」をクリア後に解放。	Mở khóa sau khi hoàn thành nhiệm vụ thủy triều [Đốt Cháy Ta Dưới Nắng Gắt].
lang_multi_text.db	MusicUnlock_50000028_Text	3.4	Hội thoại/Cốt truyện	Dữ liệu âm thanh			完成潮汐任务「今夜，注定属于月亮」后解锁。	Unlocked after completing Main Quest "By Moon's Fated Light."	潮汐任務「今宵は月の手のもとに」をクリア後に解放。	Mở khóa sau khi hoàn thành nhiệm vụ thủy triều [Đêm Nay Thuộc Về Mặt Trăng].
lang_multi_text.db	MusicUnlock_50000029_Text	3.4	Hội thoại/Cốt truyện	Dữ liệu âm thanh			完成潮汐任务「今夜，注定属于月亮」后解锁。	Unlocked after completing Main Quest "By Moon's Fated Light."	潮汐任務「今宵は月の手のもとに」をクリア後に解放。	Mở khóa sau khi hoàn thành nhiệm vụ thủy triều [Đêm Nay Thuộc Về Mặt Trăng].
lang_multi_text.db	MusicUnlock_50000030_Text	3.4	Hội thoại/Cốt truyện	Dữ liệu âm thanh			完成潮汐任务「独在异乡为异客 」后解锁。	Complete Main Quest "A Stranger in a Strange Land" to unlock.	潮汐任務「独り異郷にありて異客となる」をクリア後に解放。	Mở khóa sau khi hoàn thành nhiệm vụ thủy triều [Một Rover Lạc Lõng Giữa Vùng Đất Xa Lạ].
lang_multi_text.db	MusicUnlock_50000031_Text	3.4	Hội thoại/Cốt truyện	Dữ liệu âm thanh			完成潮汐任务「暗潮将映的黎明 」后解锁。	Complete Main Quest "Dawn Breaks on Dark Tides" to unlock.	潮汐任務「暗き潮に映る夜明け」をクリア後に解放。	Mở khóa sau khi hoàn thành nhiệm vụ thủy triều [Ánh Bình Minh Sắp Phản Chiếu Cơn Sóng Ngầm].
lang_multi_text.db	MusicUnlock_50000032_Text	3.4	Hội thoại/Cốt truyện	Dữ liệu âm thanh			完成潮汐任务「暗潮将映的黎明 」后解锁。	Complete Main Quest "Dawn Breaks on Dark Tides" to unlock.	潮汐任務「暗き潮に映る夜明け」をクリア後に解放。	Mở khóa sau khi hoàn thành nhiệm vụ thủy triều [Ánh Bình Minh Sắp Phản Chiếu Cơn Sóng Ngầm].
lang_multi_text.db	MusicUnlock_60000001_Text	3.4	Hội thoại/Cốt truyện	Dữ liệu âm thanh			于常驻活动浸梦海床中解锁该背景音乐。	This background music can be unlocked from Permanent Event: Dreaming Deep	恒常イベント「夢現のシーベッド」で獲得できる。	Mở khóa bản nhạc nền này trong sự kiện thường trực Đáy Biển Tẩm Mộng.
lang_multi_text.db	MusicUnlock_60000002_Text	3.4	Hội thoại/Cốt truyện	Dữ liệu âm thanh			于常驻活动浸梦海床中解锁该背景音乐。	This background music can be unlocked from Permanent Event: Dreaming Deep	恒常イベント「夢現のシーベッド」で獲得できる。	Mở khóa bản nhạc nền này trong sự kiện thường trực Đáy Biển Tẩm Mộng.
lang_multi_text.db	MusicUnlock_60000003_Text	3.4	Hội thoại/Cốt truyện	Dữ liệu âm thanh			于常驻活动浸梦海床中解锁该背景音乐。	This background music can be unlocked from Permanent Event: Dreaming Deep	恒常イベント「夢現のシーベッド」で獲得できる。	Mở khóa bản nhạc nền này trong sự kiện thường trực Đáy Biển Tẩm Mộng.
lang_multi_text.db	MusicUnlock_60000004_Text	3.4	Hội thoại/Cốt truyện	Dữ liệu âm thanh			于常驻活动浸梦海床中解锁该背景音乐。	This background music can be unlocked from Permanent Event: Dreaming Deep	恒常イベント「夢現のシーベッド」で獲得できる。	Mở khóa bản nhạc nền này trong sự kiện thường trực Đáy Biển Tẩm Mộng.
lang_multi_text.db	MusicUnlock_60000005_Text	3.4	Hội thoại/Cốt truyện	Dữ liệu âm thanh			于常驻活动浸梦海床中解锁该背景音乐。	This background music can be unlocked from Permanent Event: Dreaming Deep	恒常イベント「夢現のシーベッド」で獲得できる。	Mở khóa bản nhạc nền này trong sự kiện thường trực Đáy Biển Tẩm Mộng.
lang_multi_text.db	MusicUnlock_60000006_Text	3.4	Hội thoại/Cốt truyện	Dữ liệu âm thanh			于常驻活动浸梦海床中解锁该背景音乐。	This background music can be unlocked from Permanent Event: Dreaming Deep	恒常イベント「夢現のシーベッド」で獲得できる。	Mở khóa bản nhạc nền này trong sự kiện thường trực Đáy Biển Tẩm Mộng.
lang_multi_text.db	MusicUnlock_60000007_Text	3.4	Hội thoại/Cốt truyện	Dữ liệu âm thanh			于常驻活动浸梦海床中解锁该背景音乐。	This background music can be unlocked from Permanent Event: Dreaming Deep	恒常イベント「夢現のシーベッド」で獲得できる。	Mở khóa bản nhạc nền này trong sự kiện thường trực Đáy Biển Tẩm Mộng.
lang_multi_text.db	MusicUnlock_60000008_Text	3.4	Hội thoại/Cốt truyện	Dữ liệu âm thanh			于常驻活动浸梦海床中解锁该背景音乐。	This background music can be unlocked from Permanent Event: Dreaming Deep	恒常イベント「夢現のシーベッド」で獲得できる。	Mở khóa bản nhạc nền này trong sự kiện thường trực Đáy Biển Tẩm Mộng.
lang_multi_text.db	MusicUnlock_60000009_Text	3.4	Hội thoại/Cốt truyện	Dữ liệu âm thanh			于常驻活动浸梦海床中解锁该背景音乐。	This background music can be unlocked from Permanent Event: Dreaming Deep	恒常イベント「夢現のシーベッド」で獲得できる。	Mở khóa bản nhạc nền này trong sự kiện thường trực Đáy Biển Tẩm Mộng.
lang_multi_text.db	MusicUnlock_60000020_Text	3.4	Hội thoại/Cốt truyện	Dữ liệu âm thanh			于常驻活动浸梦海床中解锁该背景音乐。	This background music can be unlocked from Permanent Event: Dreaming Deep	恒常イベント「夢現のシーベッド」で獲得できる。	Mở khóa bản nhạc nền này trong sự kiện thường trực Đáy Biển Tẩm Mộng.
lang_multi_text.db	MusicUnlock_70000001_Text	3.4	Hội thoại/Cốt truyện	Dữ liệu âm thanh			在布偶与伙伴们的祝福中度过生日时可获得该乐曲的奏鸣之匣	Celebrate your birthday surrounded by Plushies and companions to receive the song's Melody Box.	ぬいぐるみと仲間たちと一緒に誕生日を過ごすと、メロディーボックスを獲得できる。	Nhận được Hộp Giai Điệu của bản nhạc này khi đón sinh nhật cùng lời chúc phúc từ Thú Bông và những người bạn.
lang_multi_text.db	MusicUnlock_70000002_Text	3.4	Hội thoại/Cốt truyện	Dữ liệu âm thanh			2026生日纪念曲，由伙伴们为你改编的特别定制版。	The 2026 birthday song, specially readapted by your dear friends.	2026年の誕生日記念曲。仲間たちがあなたのためにアレンジした、特別バージョン。	Bài hát kỷ niệm sinh nhật năm 2026, phiên bản được điều chỉnh đặc biệt bởi những người bạn dành cho cậu.
lang_multi_text.db	MusicUnlock_80000001_Text	3.4	Hội thoại/Cốt truyện	Dữ liệu âm thanh			完成潮汐任务「燃烧的心」后解锁。	Unlocked after completing the Main Quest "Flames of Heart."	潮汐任務「燃え上がる心」をクリア後に解放。	Mở khóa sau khi hoàn thành nhiệm vụ thủy triều [Trái Tim Bốc Cháy].
lang_multi_text.db	MusicUnlock_80000002_Text	3.4	Hội thoại/Cốt truyện	Dữ liệu âm thanh			在巨石原·渡口的音乐飞萤处获得该乐曲的鸣奏之匣。	Obtain the Melody Box for this song from the Musicfly at the ferry terminal in Titanbone Expanse.	タイタンボーン・エクスパンス・渡し場にいる音楽の蛍からメロディーボックスを獲得できる。	Nhận được Hộp Giai Điệu của bản nhạc này từ Đom Đóm Âm Nhạc ở Titanbone Expanse・Bến Phà.
lang_multi_text.db	MusicUnlock_80000003_Text	3.4	Hội thoại/Cốt truyện	Dữ liệu âm thanh			在巨石原的音乐飞萤处获得该乐曲的鸣奏之匣。	Obtain the Melody Box for this song from the Musicfly in the Titanbone Expanse.	タイタンボーン・エクスパンスにいる音楽の蛍からメロディーボックスを獲得できる。	Nhận được Hộp Giai Điệu của bản nhạc này từ Đom Đóm Âm Nhạc ở Titanbone Expanse.
lang_multi_text.db	MusicUnlock_80000004_Text	3.4	Hội thoại/Cốt truyện	Dữ liệu âm thanh			在巨石原·英灵古道的音乐飞萤处获得该乐曲的鸣奏之匣。	Obtain the Melody Box for this song from the Musicfly at the Hero's Way of Titanbone Expanse.	タイタンボーン・エクスパンスのウィア・ヘロイカにいる音楽の蛍からメロディーボックスを獲得できる。	Nhận được Hộp Giai Điệu của bản nhạc này từ Đom Đóm Âm Nhạc ở Titanbone Expanse・Anh Linh Cổ Đạo.
lang_multi_text.db	MusicUnlock_80000005_Text	3.4	Hội thoại/Cốt truyện	Dữ liệu âm thanh			在卡庇托山山麓的音乐飞萤处获得该乐曲的鸣奏之匣。	Obtain the Melody Box for this song from the Musicfly on Capitoline Foothills.	カンピドーノの丘・麓にいる音楽の蛍からメロディーボックスを獲得できる。	Nhận được Hộp Giai Điệu của bản nhạc này từ Đom Đóm Âm Nhạc ở Chân Núi Capitoline.
lang_multi_text.db	PhonographMusic_Des01_Text	3.4	Hội thoại/Cốt truyện	Dữ liệu âm thanh			今天的你，想为拉古那带来何种音乐？	What kind of music will you bring to Ragunna today?	我が友よ、今日はラグーナにどんな音楽を響かせてくれるんだい？	Hôm nay cậu muốn mang loại âm nhạc nào đến Ragunna?
lang_multi_text.db	PhonographMusic_Des08_Text	3.4	Hội thoại/Cốt truyện	Dữ liệu âm thanh			这是专属于你的唱片，记录着有关你的一切频率。	A special record for you, preserving all the frequencies linked with you.	あなたのためだけに作られたアルバム。あなたにまつわるすべての周波数が記されている。	Đây là đĩa hát dành riêng cho bạn, ghi lại mọi tần số liên quan đến bạn.
lang_multi_text.db	PhonographMusic_Name01_Text	3.4	Hội thoại/Cốt truyện	Dữ liệu âm thanh			致新世界	To the New World	To the New World	Gửi Thế Giới Mới
lang_multi_text.db	PhonographMusic_Name02_Text	3.4	Hội thoại/Cốt truyện	Dữ liệu âm thanh			五浔深处	Into the Depths	Into the Depths	Sâu Thẳm Ngũ Tầm
lang_multi_text.db	PhonographMusic_Name03_Text	3.4	Hội thoại/Cốt truyện	Dữ liệu âm thanh			缄默欢歌	Through the Silent Veil	Through the Silent Veil	Khúc Hoan Ca Lặng Lẽ
lang_multi_text.db	PhonographMusic_Name04_Text	3.4	Hội thoại/Cốt truyện	Dữ liệu âm thanh			Waking of a World	Waking of a World	Waking of a World	Waking of a World
lang_multi_text.db	PhonographMusic_Name06_Text	3.4	Hội thoại/Cốt truyện	Dữ liệu âm thanh			真伪之塔	Duplicitous Tower	Duplicitous Tower	Tháp Thật Giả
lang_multi_text.db	PhonographMusic_Name07_Text	3.4	Hội thoại/Cốt truyện	Dữ liệu âm thanh			白日的入梦曲	Daydream Lullaby	Daydream Lullaby	Khúc Nhập Mộng Ban Ngày
lang_multi_text.db	PhonographMusic_Name08_Text	3.4	Hội thoại/Cốt truyện	Dữ liệu âm thanh			弦汐未央	The Waves Play On	The Waves Play On	Sóng Vỗ Bất Tận
lang_multi_text.db	PhonographMusic_Name09_Text	3.4	Hội thoại/Cốt truyện	Dữ liệu âm thanh			呼嚎于山麓之巅	Applause Greets the Hill	Applause Greets the Hill	Tiếng Gào Trên Đỉnh Núi
lang_multi_text.db	PhonographMusic_Name10_Text	3.4	Hội thoại/Cốt truyện	Dữ liệu âm thanh			无悼荣辉	Glory Unwept	Glory Unwept	Vinh Quang Không Tiếc Thương
lang_multi_text.db	PhonographMusic_Name11_Text	3.4	Hội thoại/Cốt truyện	Dữ liệu âm thanh			千岛余音	Thousand Island Aftertune	千の島の調べ	Dư Âm Ngàn Đảo
lang_multi_text.db	PhonographMusic_Name12_Text	3.4	Hội thoại/Cốt truyện	Dữ liệu âm thanh			夏日尽头	Summer's End	Summer's End	Cuối Hạ
lang_multi_text.db	PhonographMusic_Name13_Text	3.4	Hội thoại/Cốt truyện	Dữ liệu âm thanh			Pioneer's Roadtrip Mix	Pioneer's Roadtrip Mix	Pioneer's Roadtrip Mix	Pioneer's Roadtrip Mix
lang_multi_text.db	PhonographMusic_Name14_Text	3.4	Hội thoại/Cốt truyện	Dữ liệu âm thanh			引星为炬	Our Torch, The Stars	Star as Torch	Lấy Sao Làm Đuốc
lang_multi_text.db	PhonographMusic_Name15_Text	3.4	Hội thoại/Cốt truyện	Dữ liệu âm thanh			女神异闻录５ 皇家版 联动专辑	Persona 5 Royal: Collab Album	ペルソナ５ ザ・ロイヤル コラボアルバム	Album Hợp Tác Persona 5 Royal
lang_multi_text.db	PhonographMusic_Name16_Text	3.4	Hội thoại/Cốt truyện	Dữ liệu âm thanh			女神异闻录３ Reload联动专辑	Persona 3 Reload: Collab Album	ペルソナ３ リロード コラボアルバム	Album Hợp Tác Persona 3 Reload
lang_multi_text.db	PhonographMusic_Name17_Text	3.4	Hội thoại/Cốt truyện	Dữ liệu âm thanh			刺猬索尼克 联动专辑	Sonic the Hedgehog: Collab Album	ソニック・ザ・ヘッジホッグ コラボアルバム	Album Hợp Tác Nhím Sonic
lang_multi_text.db	PhonographMusic_Name18_Text	3.4	Hội thoại/Cốt truyện	Dữ liệu âm thanh			For Ya	For Ya	For Ya	For Ya
lang_multi_text.db	PhonographMusic_Name19_Text	3.4	Hội thoại/Cốt truyện	Dữ liệu âm thanh			Neo-Tide | Remix Album	Neo-Tide | Remix Album	Neo-Tide | Remix Album	Neo-Tide | Remix Album
lang_multi_text.db	PhonographMusic_Name20_Text	3.4	Hội thoại/Cốt truyện	Dữ liệu âm thanh			行至漫漫雪色	To the Snowland	To the Snowland	Hướng Về Miền Tuyết Trắng
lang_multi_text.db	PhonographMusic_Name21_Text	3.4	Hội thoại/Cốt truyện	Dữ liệu âm thanh			若期待鎏金	Gilded Expectations	Gilded Expectations	Nếu Mong Chờ Ánh Vàng
lang_multi_text.db	PhonographMusic_Name22_Text	3.4	Hội thoại/Cốt truyện	Dữ liệu âm thanh			旧夜群星闪耀时	Beneath the Stars of the Old Night	Beneath the Stars of the Old Night	Khi Quần Tinh Tỏa Sáng Đêm Cũ
lang_multi_text.db	PhonographMusic_Name23_Text	3.4	Hội thoại/Cốt truyện	Dữ liệu âm thanh			倘若相拥于月	To Hold You on the Moon	To Hold You on the Moon	Nếu Ôm Nhau Dưới Trăng
lang_multi_text.db	PhonographMusic_Name24_Text	3.4	Hội thoại/Cốt truyện	Dữ liệu âm thanh			Cyberpunk: Edgerunners	Cyberpunk: Edgerunners	Cyberpunk: Edgerunners	Cyberpunk: Edgerunners
lang_multi_text.db	PhonographMusic_Name25_Text	3.4	Hội thoại/Cốt truyện	Dữ liệu âm thanh			回响弦歌 Vol.3	Echoes of Melodies Vol. 3	Echoes of Melodies Vol. 3	Tiếng Vọng Huyền Ca Vol.3
lang_multi_text.db	MusicDes_250000017_Text	3.5	Hội thoại/Cốt truyện	Dữ liệu âm thanh			让我接过，所有那些遗留于世的愿望……	Lay them on me, those wishes that have been left behind...	妾が受け継ごう、この世に遺された数多の願いを……	Hãy để tôi tiếp nhận, tất cả những ước nguyện còn lưu lại trên đời……
lang_multi_text.db	MusicDes_250000018_Text	3.5	Hội thoại/Cốt truyện	Dữ liệu âm thanh			（英）让我接过，所有那些遗留于世的愿望……	Lay them on me, those wishes that have been left behind...	（英）妾が受け継ごう、この世に遺された数多の願いを……	(Anh) Hãy để tôi tiếp nhận, tất cả những ước nguyện còn lưu lại trên đời……
lang_multi_text.db	MusicDes_250000019_Text	3.5	Hội thoại/Cốt truyện	Dữ liệu âm thanh			（日）让我接过，所有那些遗留于世的愿望……		（日）妾が受け継ごう、この世に遺された数多の願いを……	(Nhật) Hãy để tôi tiếp nhận, tất cả những ước nguyện còn lưu lại trên đời……
lang_multi_text.db	MusicDes_250000020_Text	3.5	Hội thoại/Cốt truyện	Dữ liệu âm thanh			（韩）让我接过，所有那些遗留于世的愿望……		（韓）妾が受け継ごう、この世に遺された数多の願いを……	(Hàn) Hãy để tôi tiếp nhận, tất cả những ước nguyện còn lưu lại trên đời……
lang_multi_text.db	MusicDes_250000021_Text	3.5	Hội thoại/Cốt truyện	Dữ liệu âm thanh			我想留在大家身边……从过去，一同迈向明天。	I will be there for everyone... As we head toward our shared future, leaving the past behind.	みんなと一緒にいたい。これからも……過去を乗り越えて、一緒に明日へ。	Tôi muốn ở lại bên mọi người…… Từ quá khứ, cùng nhau tiến về ngày mai.
lang_multi_text.db	MusicDes_250000022_Text	3.5	Hội thoại/Cốt truyện	Dữ liệu âm thanh			别低头看，别回头望，就让时间停止摆荡。	Don't look down. Don't look back. Let time stand still.	下を見ないで、下を見ないで、このまま時が止まればいい。	Đừng cúi đầu nhìn, đừng ngoảnh đầu ngó, cứ để thời gian ngừng đong đưa.
lang_multi_text.db	MusicDes_250000023_Text	3.5	Hội thoại/Cốt truyện	Dữ liệu âm thanh			生日快乐，达妮娅。	Happy birthday, Denia!	お誕生日おめでとう、ダーニャ。	Chúc mừng sinh nhật, Denia.
lang_multi_text.db	MusicDes_260000001_Text	3.5	Hội thoại/Cốt truyện	Dữ liệu âm thanh			于3.5版本登陆索拉里斯时的背景音乐。	Background music played as you log in to Version 3.5 to land on Solaris-3.	バージョン3.5でソラリスへのログイン画面のBGM。	Nhạc nền khi đăng nhập Solaris ở phiên bản 3.5.
lang_multi_text.db	MusicDes_260000002_Text	3.5	Hội thoại/Cốt truyện	Dữ liệu âm thanh			穿越玄方界门时的背景音乐。	Background music played while crossing the Gates of Xuanfang.	玄方界門を通る時のBGM。	Nhạc nền khi băng qua Cửa Giới Huyền Phương.
lang_multi_text.db	MusicDes_260000003_Text	3.5	Hội thoại/Cốt truyện	Dữ liệu âm thanh			曾在玄方地界广为传唱的一首歌谣。	A song once popular in the Land of Xuanfang.	かつて玄方地界で広く歌い継がれていた歌。	Một khúc ca từng được truyền hát rộng rãi ở vùng đất Huyền Phương.
lang_multi_text.db	MusicDes_260000004_Text	3.5	Hội thoại/Cốt truyện	Dữ liệu âm thanh			秧秧与流息交谈时的背景音乐。	Background music played during Yangyang's conversation with the Streams.	秧秧と流れ息と話す時のBGM。	Nhạc nền khi Yangyang trò chuyện với Lưu Tức.
lang_multi_text.db	MusicDes_260000005_Text	3.5	Hội thoại/Cốt truyện	Dữ liệu âm thanh			与万囮牢·朽躯激战时的背景音乐。	Background music played while battling Myriad Snare: Rustfire Chassis.	万囮の檻・朽躯と決戦する時のBGM。	Nhạc nền khi kịch chiến với Vạn Ngoa Lao·Hủ Khu.
lang_multi_text.db	MusicDes_260000006_Text	3.5	Hội thoại/Cốt truyện	Dữ liệu âm thanh			直面千傀重楼时的背景音乐。	Background music played while confronting Thousand-Puppet Pavilion.	千傀の重楼と対峙する時のBGM。	Nhạc nền khi đối mặt trực tiếp với Thiên Khôi Trùng Lâu.
lang_multi_text.db	MusicDes_260000007_Text	3.5	Hội thoại/Cốt truyện	Dữ liệu âm thanh			为昔日的将士们带去解脱时的背景音乐。	Background music played while bringing release to the soldiers of days past.	昔の将兵たちを苦痛から解放する時のBGM。	Nhạc nền khi mang lại sự giải thoát cho các tướng sĩ ngày xưa.
lang_multi_text.db	MusicDes_260000008_Text	3.5	Hội thoại/Cốt truyện	Dữ liệu âm thanh			与众人告别，离开星炬学院时的背景音乐。	Background music played while saying goodbye and leaving Startorch Academy.	皆に別れを告げ、スタートーチ学園を離れる時のBGM。	Nhạc nền khi từ biệt mọi người, rời khỏi Học Viện Startorch.
lang_multi_text.db	MusicDes_260000009_Text	3.5	Hội thoại/Cốt truyện	Dữ liệu âm thanh			穗穗从心月狐手上赢得赌注时的背景音乐。	Background music played when Suisui wins her bet with Hsin the Moon Fox.	穂穂が心月狐との賭けに勝利した時のBGM。	Nhạc nền khi Suisui thắng cược từ tay Tâm Nguyệt Hồ.
lang_multi_text.db	MusicDes_260000010_Text	3.5	Hội thoại/Cốt truyện	Dữ liệu âm thanh			玄方城夜间的背景音乐。	Nighttime background music of Xuanfang Hold.	玄方城の夜のBGM。	Nhạc nền ban đêm của Huyền Phương Thành.
lang_multi_text.db	MusicDes_260000011_Text	3.5	Hội thoại/Cốt truyện	Dữ liệu âm thanh			玄方城日间的背景音乐。	Daytime background music of Xuanfang Hold.	玄方城の昼のBGM。	Nhạc nền ban ngày của Huyền Phương Thành.
lang_multi_text.db	MusicDes_260000012_Text	3.5	Hội thoại/Cốt truyện	Dữ liệu âm thanh			悬天构的背景音乐。	Background music of the Skyworks.	懸天の構のBGM。	Nhạc nền của Huyền Thiên Cấu.
lang_multi_text.db	MusicDes_260000013_Text	3.5	Hội thoại/Cốt truyện	Dữ liệu âm thanh			春季时雀回苑的背景音乐。	Background music of the Bird-Return Garden in Spring.	春の雀回苑で流れるBGM。	Nhạc nền của Tước Hồi Uyển vào mùa xuân.
lang_multi_text.db	MusicDes_260000014_Text	3.5	Hội thoại/Cốt truyện	Dữ liệu âm thanh			冬季时雀回苑的背景音乐。	Background music of the Bird-Return Garden in Winter.	冬の雀回苑で流れるBGM。	Nhạc nền của Tước Hồi Uyển vào mùa đông.
lang_multi_text.db	MusicDes_260000015_Text	3.5	Hội thoại/Cốt truyện	Dữ liệu âm thanh			秋季时雀回苑的背景音乐。	Background music of the Bird-Return Garden in Autumn.	秋の雀回苑で流れるBGM。	Nhạc nền của Tước Hồi Uyển vào mùa thu.
lang_multi_text.db	MusicDes_260000016_Text	3.5	Hội thoại/Cốt truyện	Dữ liệu âm thanh			夏季时雀回苑的背景音乐。	Background music of the Bird-Return Garden in Summer.	夏の雀回苑で流れるBGM。	Nhạc nền của Tước Hồi Uyển vào mùa hè.
lang_multi_text.db	MusicDes_260000017_Text	3.5	Hội thoại/Cốt truyện	Dữ liệu âm thanh			玄方城危机时刻的背景音乐。	Background music played during the Xuanfang Hold crisis.	玄方城が危機に陥っ時のBGM。	Nhạc nền vào thời khắc nguy cơ của Huyền Phương Thành.
lang_multi_text.db	MusicName_250000017_Text	3.5	Hội thoại/Cốt truyện	Dữ liệu âm thanh			愿 (One More Wish) (中文版)			Nguyện (One More Wish) (Bản Trung)
lang_multi_text.db	MusicName_250000018_Text	3.5	Hội thoại/Cốt truyện	Dữ liệu âm thanh			One More Wish (英文版)	One More Wish	One More Wish (English Ver.)	One More Wish (Bản Anh)
lang_multi_text.db	MusicName_250000019_Text	3.5	Hội thoại/Cốt truyện	Dữ liệu âm thanh			One More Wish (日文版)		One More Wish (Japanese Ver.)	One More Wish (Bản Nhật)
lang_multi_text.db	MusicName_250000020_Text	3.5	Hội thoại/Cốt truyện	Dữ liệu âm thanh			One More Wish (韩文版)		One More Wish (Korean Ver.)	One More Wish (Bản Hàn)
lang_multi_text.db	MusicName_250000021_Text	3.5	Hội thoại/Cốt truyện	Dữ liệu âm thanh			Turning Around（余烬重燃）	Turning Around	Turning Around	Turning Around (Tàn Tro Bùng Cháy)
lang_multi_text.db	MusicName_250000022_Text	3.5	Hội thoại/Cốt truyện	Dữ liệu âm thanh			坠入虚无 (Decensus Ad Nihilum)	Decensus Ad Nihilum	Decensus Ad Nihilum	Rơi Vào Hư Vô (Decensus Ad Nihilum)
lang_multi_text.db	MusicName_250000023_Text	3.5	Hội thoại/Cốt truyện	Dữ liệu âm thanh			直到下次再见 (Dasvidaniya)	Dasvidaniya	Dasvidaniya	Đến Khi Gặp Lại Lần Sau (Dasvidaniya)
lang_multi_text.db	MusicName_260000001_Text	3.5	Hội thoại/Cốt truyện	Dữ liệu âm thanh			新泉之涌	Surge of the New Spring		Tân Tuyền Chi Dũng
lang_multi_text.db	MusicName_260000002_Text	3.5	Hội thoại/Cốt truyện	Dữ liệu âm thanh			别有天	A Different Sky		Biệt Hữu Thiên
lang_multi_text.db	MusicName_260000003_Text	3.5	Hội thoại/Cốt truyện	Dữ liệu âm thanh			玄翎谣	Song of Xuanling		Khúc Ca Huyền Linh
lang_multi_text.db	MusicName_260000004_Text	3.5	Hội thoại/Cốt truyện	Dữ liệu âm thanh			风的起点	Where the Wind Starts		Điểm Khởi Đầu Của Gió
lang_multi_text.db	MusicName_260000005_Text	3.5	Hội thoại/Cốt truyện	Dữ liệu âm thanh			神机怒涛	Rage of Machines		Thần Cơ Nộ Đào
lang_multi_text.db	MusicName_260000006_Text	3.5	Hội thoại/Cốt truyện	Dữ liệu âm thanh			Penumbra（半影）	Penumbra		Penumbra (Bán Ảnh)
lang_multi_text.db	MusicName_260000007_Text	3.5	Hội thoại/Cốt truyện	Dữ liệu âm thanh			万音之梁	Sum of Ten Thousand Voices		Vạn Âm Chi Lương
lang_multi_text.db	MusicName_260000008_Text	3.5	Hội thoại/Cốt truyện	Dữ liệu âm thanh			星辉再度远航	The Star That Voyages Again		Ánh Sao Lại Viễn Hành
lang_multi_text.db	MusicName_260000009_Text	3.5	Hội thoại/Cốt truyện	Dữ liệu âm thanh			所愿悬火长明	May the Fire Forever Burn		Nguyện Lửa Treo Sáng Mãi
lang_multi_text.db	MusicName_260000010_Text	3.5	Hội thoại/Cốt truyện	Dữ liệu âm thanh			夜千重	A Thousandfold Night		Dạ Thiên Trùng
lang_multi_text.db	MusicName_260000011_Text	3.5	Hội thoại/Cốt truyện	Dữ liệu âm thanh			踏玄方	Into Xuanfang		Đạp Huyền Phương
lang_multi_text.db	MusicName_260000012_Text	3.5	Hội thoại/Cốt truyện	Dữ liệu âm thanh			天陲要塞	Citadel in the Sky		Thiên Thùy Yếu Tái
lang_multi_text.db	MusicName_260000013_Text	3.5	Hội thoại/Cốt truyện	Dữ liệu âm thanh			木鸢乘风	Wooden Wings on the Wind		Mộc Diên Thừa Phong
lang_multi_text.db	MusicName_260000014_Text	3.5	Hội thoại/Cốt truyện	Dữ liệu âm thanh			冰凝玉砌	Ice and Jade		Băng Ngưng Ngọc Thế
lang_multi_text.db	MusicName_260000015_Text	3.5	Hội thoại/Cốt truyện	Dữ liệu âm thanh			煌华归庭	When Brilliance Returns		Hoàng Hoa Quy Đình
lang_multi_text.db	MusicName_260000016_Text	3.5	Hội thoại/Cốt truyện	Dữ liệu âm thanh			水轮引虹	A Water Wheel Rainbow		Thủy Luân Dẫn Hồng
lang_multi_text.db	MusicName_260000017_Text	3.5	Hội thoại/Cốt truyện	Dữ liệu âm thanh			昼前狭缝之时	The Moment Before Daybreak		Khoảnh Khắc Trước Ban Ngày
lang_multi_text.db	MusicUnlock_260000002_Text	3.5	Hội thoại/Cốt truyện	Dữ liệu âm thanh			在潮汐任务「山雨欲来风满楼」中抵达四鸣井后解锁。	Reach the Four Chime Shaftpost in Main Quest "The Wind Before the Storm" to unlock.	潮汐任務「山雨来たらんと欲して風楼に満つ」で四鳴の井戸に到達すると解放	Mở khóa sau khi đến Tứ Minh Tỉnh trong nhiệm vụ Minh Triều 「Sơn Vũ Dục Lai Phong Mãn Lâu」.
lang_multi_text.db	MusicUnlock_260000003_Text	3.5	Hội thoại/Cốt truyện	Dữ liệu âm thanh			在潮汐任务「玄翎振壑定澜音」中击败千傀重楼后解锁。	Defeat Thousand-Puppet Pavilion in Main Quest "Xuanling Sings, Storm Quelled" to unlock.	潮汐任務「荒波鎮めるは玄翎の声」で千傀の重楼を倒すと解放	Mở khóa sau khi đánh bại Thiên Khôi Trùng Lâu trong nhiệm vụ Minh Triều 「Huyền Linh Chấn Hác Định Lan Âm」.
lang_multi_text.db	MusicUnlock_260000004_Text	3.5	Hội thoại/Cốt truyện	Dữ liệu âm thanh			完成潮汐任务·幕间「灵籁之契冥相因」后解锁。	Complete Main Quest - Segue "The Chant of Unseen Ties" to unlock.	潮汐任務・幕間「霊響の契り、冥々の定め」クリア後に解放	Mở khóa sau khi hoàn thành nhiệm vụ Minh Triều·Màn Đệm 「Linh Lại Chi Khế Minh Tương Nhân」.
lang_multi_text.db	MusicUnlock_260000005_Text	3.5	Hội thoại/Cốt truyện	Dữ liệu âm thanh			在潮汐任务「玄翎振壑定澜音」中完成穗穗路线，并与穗穗在玄方城会合后解锁。	Complete Suisui's Route and meet up with her in Xuanfang Hold in Main Quest "Xuanling Sings, Storm Quelled" to unlock.	潮汐任務「荒波鎮めるは玄翎の声」で穂穂ルートをクリアし、玄方城で穂穂と合流すると解放	Mở khóa sau khi hoàn thành tuyến của Suisui trong Nhiệm Vụ Minh Triều 「Huyền Linh Chấn Hác Định Lan Âm」 và gặp lại Suisui tại Huyền Phương Thành.
lang_multi_text.db	MusicUnlock_260000006_Text	3.5	Hội thoại/Cốt truyện	Dữ liệu âm thanh			在潮汐任务「玄翎振壑定澜音」中击败千傀重楼后解锁。	Defeat Thousand-Puppet Pavilion in Main Quest "Xuanling Sings, Storm Quelled" to unlock.	潮汐任務「荒波鎮めるは玄翎の声」で千傀の重楼を倒すと解放	Mở khóa sau khi đánh bại Thiên Khôi Trùng Lâu trong nhiệm vụ Minh Triều 「Huyền Linh Chấn Hác Định Lan Âm」.
lang_multi_text.db	MusicUnlock_260000007_Text	3.5	Hội thoại/Cốt truyện	Dữ liệu âm thanh			在潮汐任务「玄翎振壑定澜音」中击败千傀重楼后解锁。	Defeat Thousand-Puppet Pavilion in Main Quest "Xuanling Sings, Storm Quelled" to unlock.	潮汐任務「荒波鎮めるは玄翎の声」で千傀の重楼を倒すと解放	Mở khóa sau khi đánh bại Thiên Khôi Trùng Lâu trong nhiệm vụ Minh Triều 「Huyền Linh Chấn Hác Định Lan Âm」.
lang_multi_text.db	MusicUnlock_260000008_Text	3.5	Hội thoại/Cốt truyện	Dữ liệu âm thanh			在潮汐任务「山雨欲来风满楼」中抵达四鸣井后解锁。	Reach the Four Chime Shaftpost in Main Quest "The Wind Before the Storm" to unlock.	潮汐任務「山雨来たらんと欲して風楼に満つ」で四鳴の井戸に到達すると解放	Mở khóa sau khi đến Tứ Minh Tỉnh trong nhiệm vụ Minh Triều 「Sơn Vũ Dục Lai Phong Mãn Lâu」.
lang_multi_text.db	MusicUnlock_260000009_Text	3.5	Hội thoại/Cốt truyện	Dữ liệu âm thanh			在潮汐任务「玄翎振壑定澜音」中完成穗穗路线，并与穗穗在玄方城会合后解锁。	Complete Suisui's Route and meet up with her in Xuanfang Hold in Main Quest "Xuanling Sings, Storm Quelled" to unlock.	潮汐任務「荒波鎮めるは玄翎の声」で穂穂ルートをクリアし、玄方城で穂穂と合流すると解放	Mở khóa sau khi hoàn thành tuyến của Suisui trong Nhiệm Vụ Minh Triều 「Huyền Linh Chấn Hác Định Lan Âm」 và gặp lại Suisui tại Huyền Phương Thành.
lang_multi_text.db	MusicUnlock_260000013_Text	3.5	Hội thoại/Cốt truyện	Dữ liệu âm thanh			改变雀回苑的季节后即可解锁。			Mở khóa sau khi thay đổi mùa của Tước Hồi Uyển.
lang_multi_text.db	MusicUnlock_260000013_Text\n5	3.5	Hội thoại/Cốt truyện	Dữ liệu âm thanh			改变雀回苑的季节后即可解锁。			Mở khóa sau khi thay đổi mùa của Tước Hồi Uyển.
lang_multi_text.db	MusicUnlock_260000017_Text	3.5	Hội thoại/Cốt truyện	Dữ liệu âm thanh			在潮汐任务「山雨欲来风满楼」中抵达四鸣井后解锁。	Reach the Four Chime Shaftpost in Main Quest "The Wind Before the Storm" to unlock.	潮汐任務「山雨来たらんと欲して風楼に満つ」で四鳴の井戸に到達すると解放	Mở khóa sau khi đến Tứ Minh Tỉnh trong nhiệm vụ Minh Triều 「Sơn Vũ Dục Lai Phong Mãn Lâu」.
lang_multi_text.db	PhonographMusic_Name26_Text	3.5	Hội thoại/Cốt truyện	Dữ liệu âm thanh			万声弥新			Vạn Thanh Di Tân
lang_multi_text.db	VoiceDIY_Button_ApplySyncPlan	3.5	Hội thoại/Cốt truyện	Dữ liệu âm thanh			应用云端方案		クラウドプランを適用する	Áp dụng phương án trên đám mây
lang_multi_text.db	VoiceDIY_Button_Cancel	3.5	Hội thoại/Cốt truyện	Dữ liệu âm thanh			取消	Cancel	キャンセル	Hủy
lang_multi_text.db	VoiceDIY_Button_Confirm	3.5	Hội thoại/Cốt truyện	Dữ liệu âm thanh			确认	Confirm	決定	Xác nhận
lang_multi_text.db	VoiceDIY_Button_ContinueDownloading	3.5	Hội thoại/Cốt truyện	Dữ liệu âm thanh			继续下载	Continue to download	ダウンロード続行	Tiếp tục tải xuống
lang_multi_text.db	VoiceDIY_Button_DownloadResources	3.5	Hội thoại/Cốt truyện	Dữ liệu âm thanh			下载资源		リソースダウンロード	Tải tài nguyên
lang_multi_text.db	VoiceDIY_Button_Downloading	3.5	Hội thoại/Cốt truyện	Dữ liệu âm thanh			下载中	Downloading	ダウンロード中	Đang tải
lang_multi_text.db	VoiceDIY_Button_KeepCurrent	3.5	Hội thoại/Cốt truyện	Dữ liệu âm thanh			保留当前方案		設定を維持	Giữ phương án hiện tại
lang_multi_text.db	VoiceDIY_DefaultVoice	3.5	Hội thoại/Cốt truyện	Dữ liệu âm thanh			默认语音		デフォルト	Giọng nói mặc định
lang_multi_text.db	VoiceDIY_DeleteResourceResetDefaultTip	3.5	Hội thoại/Cốt truyện	Dữ liệu âm thanh			删除语音资源后，设置为该语音的角色语音将切换为默认语音		ボイスリソースを削除すると、一部使用中の共鳴者ボイスはデフォルト設定に変更します	Sau khi xóa tài nguyên giọng nói, giọng của các nhân vật đã cài đặt giọng này sẽ chuyển về giọng mặc định
lang_multi_text.db	VoiceDIY_DeleteResourceResetDefault_Login	3.5	Hội thoại/Cốt truyện	Dữ liệu âm thanh			删除后，使用该语音的角色将切换为默认配音语音		削除すると、このボイスを使用中のキャラクターはデフォルトボイスに切り替わります。	Sau khi xóa, nhân vật dùng giọng nói này sẽ chuyển sang giọng lồng tiếng mặc định
lang_multi_text.db	VoiceDIY_DeleteResource_Login	3.5	Hội thoại/Cốt truyện	Dữ liệu âm thanh			删除资源会导致使用该语音的角色自定义语音方案失效		リリースを削除すると、設定したキャラボイスが無効になります	Xóa tài nguyên sẽ khiến phương án giọng nói tùy chỉnh của nhân vật dùng giọng này mất hiệu lực
lang_multi_text.db	VoiceDIY_Dubbing	3.5	Hội thoại/Cốt truyện	Dữ liệu âm thanh			配音：{0}		ボイス：{0}	Lồng tiếng: {0}
lang_multi_text.db	VoiceDIY_Tips_CannotDelete_DefaultVoice	3.5	Hội thoại/Cốt truyện	Dữ liệu âm thanh			默认语音资源不可删除		デフォルトのボイスリソースは削除できません	Tài nguyên giọng nói mặc định không thể xóa
lang_multi_text.db	VoiceDIY_Tips_CannotDelete_Inuse	3.5	Hội thoại/Cốt truyện	Dữ liệu âm thanh			使用中语音资源不可删除		使用中のボイスリソースは削除できません	Tài nguyên giọng nói đang sử dụng không thể xóa
lang_multi_text.db	VoiceDIY_Tips_CannotDelete_NotDownloaded	3.5	Hội thoại/Cốt truyện	Dữ liệu âm thanh			未下载语音资源不可删除		未ダウンロードのボイスリソースは削除できません	Tài nguyên giọng nói chưa tải không thể xóa
lang_multi_text.db	VoiceDIY_Tips_DeleteResources	3.5	Hội thoại/Cốt truyện	Dữ liệu âm thanh			是否删除当前已下载资源		ダウンロード済みのリソースを削除しますか	Xóa tài nguyên đã tải hiện tại?
lang_multi_text.db	VoiceDIY_Tips_DownloadingEntireVoice	3.5	Hội thoại/Cốt truyện	Dữ liệu âm thanh			正在下载全量语音资源，暂不支持单独下载角色语音		全ボイスデータをダウンロード中です。現在、キャラクターごとの個別ダウンロードには対応しておりません。	Đang tải toàn bộ tài nguyên giọng nói, tạm thời không hỗ trợ tải riêng giọng nói nhân vật
lang_multi_text.db	VoiceDIY_Tips_ExitInterface	3.5	Hội thoại/Cốt truyện	Dữ liệu âm thanh			是否退出语音自定义设置，退出后不会影响云端语音自定义方案		ボイス設定画面を閉じますか	Thoát khỏi cài đặt tùy chỉnh giọng nói? Sau khi thoát sẽ không ảnh hưởng đến phương án giọng nói tùy chỉnh trên đám mây
lang_multi_text.db	VoiceDIY_Tips_ExitWhileDownload	3.5	Hội thoại/Cốt truyện	Dữ liệu âm thanh			已下载部分语音资源，退出会清空已下载内容，是否继续退出？退出不会影响云端语音自定义方案		一部ボイスリソースのダウンロードが完了しました。退出するとダウンロード内容が消えます、続行しますか？退出しても、ボイスのクラウドプランに影響することはありません	Đã tải một phần tài nguyên giọng nói, thoát sẽ xóa nội dung đã tải, có tiếp tục thoát không? Thoát sẽ không ảnh hưởng đến phương án giọng nói tùy chỉnh trên đám mây
lang_multi_text.db	VoiceDIY_Tips_KeepCurrentWhileDownload	3.5	Hội thoại/Cốt truyện	Dữ liệu âm thanh			已下载部分语音资源，是否继续使用当前设备语音自定义方案？		一部ボイスリソースのダウンロードが完了しました。このまま現在の端末にカスタム設定されたボイスプランを利用しますか？	Đã tải một phần tài nguyên giọng nói, có tiếp tục dùng phương án giọng nói tùy chỉnh của thiết bị hiện tại không?
lang_multi_text.db	VoiceDIY_Tips_KeepCurrentWhileDownloadCompleted	3.5	Hội thoại/Cốt truyện	Dữ liệu âm thanh			云端方案语音资源已下载完成，是否仍应用当前设备自定义语音方案？		クラウドプランのボイスリソースダウンロードが完了しました。このまま現在の端末にカスタム設定されたボイスプランを利用しますか？	Tài nguyên giọng nói của phương án trên đám mây đã tải xong, vẫn áp dụng phương án giọng nói tùy chỉnh của thiết bị hiện tại chứ?
lang_multi_text.db	VoiceDIY_Tips_OutOfMemory	3.5	Hội thoại/Cốt truyện	Dữ liệu âm thanh			当前设备内存不足，无法下载语音资源		空きスペース不足のため、ダウンロードできません	Bộ nhớ thiết bị hiện tại không đủ, không thể tải tài nguyên giọng nói
