dbfile	key	version	category	folder	speaker	mission	trung_cn	anh_en	nhat_jp	viet_vi
lang_area.db	1	3.4	Hệ thống/Thế giới	Hệ thống/Thế giới			test/大世界			test/Đại Thế Giới
lang_area.db	10	3.4	Hệ thống/Thế giới	Hệ thống/Thế giới			怨鸟泽	Whining Aix's Mire	怨鳥の沼	Oán Điểu Trạch
lang_area.db	100	3.4	Hệ thống/Thế giới	Hệ thống/Thế giới			补给站	Supply Station	補給所	Trạm Tiếp Tế
lang_area.db	101	3.4	Hệ thống/Thế giới	Hệ thống/Thế giới			鲧巢港	Lair of Gun	鲧巣の港	Cảng Cổn Sào
lang_area.db	102	3.4	Hệ thống/Thế giới	Hệ thống/Thế giới			寒蚀湾	Frosting Harbour	寒蝕湾	Hàn Thực Loan
lang_area.db	103	3.4	Hệ thống/Thế giới	Hệ thống/Thế giới			稷廷遗址	Jiting Remnant	稷廷跡地	Di Chỉ Tắc Đình
lang_area.db	104	3.4	Hệ thống/Thế giới	Hệ thống/Thế giới			巨浪战场旧址	Waving Battlefield	津波戦場跡地	Di Chỉ Chiến Trường Cự Lãng
lang_area.db	105	3.4	Hệ thống/Thế giới	Hệ thống/Thế giới			塬上废墟	Plateau Ruins	高原の廃墟	Phế Tích Nguyên Thượng
lang_area.db	106	3.4	Hệ thống/Thế giới	Hệ thống/Thế giới			陨落坟冢	Fallen Grave	落鳥塚	Vẫn Lạc Phần Trủng
lang_area.db	107	3.4	Hệ thống/Thế giới	Hệ thống/Thế giới			原点科考站	Zero Point Research Station	原点研究所	Trạm Nghiên Cứu Nguyên Điểm
lang_area.db	108	3.4	Hệ thống/Thế giới	Hệ thống/Thế giới			test/天城电梯底部空气墙			test/Tường khí đáy thang máy Thiên Thành
lang_area.db	109	3.4	Hệ thống/Thế giới	Hệ thống/Thế giới			test/天城电梯顶部空气墙			test/Tường khí đỉnh thang máy Thiên Thành
lang_area.db	11	3.4	Hệ thống/Thế giới	Hệ thống/Thế giới			黑海岸	Black Shores	黒海岸	Hắc Hải Ngạn
lang_area.db	110	3.4	Hệ thống/Thế giới	Hệ thống/Thế giới			test/龙主居所副本空气墙1			test/Tường khí phụ bản Long Chủ Cư Sở 1
lang_area.db	111	3.4	Hệ thống/Thế giới	Hệ thống/Thế giới			test/龙主居所副本空气墙2			test/Tường khí phụ bản Long Chủ Cư Sở 2
lang_area.db	112	3.4	Hệ thống/Thế giới	Hệ thống/Thế giới			test/龙主居所副本空气墙3			test/Tường khí phụ bản Long Chủ Cư Sở 3
lang_area.db	113	3.4	Hệ thống/Thế giới	Hệ thống/Thế giới			test/一次性爬塔空气墙			test/Tường khí leo tháp một lần
lang_area.db	114	3.4	Hệ thống/Thế giới	Hệ thống/Thế giới			test/龙主居所副本空气墙4			test/Tường khí phụ bản Long Chủ Cư Sở 4
lang_area.db	115	3.4	Hệ thống/Thế giới	Hệ thống/Thế giới			废弃地铁站	Abandoned Subway	廃棄地下鉄ステーション	Trạm Tàu Điện Ngầm Bỏ Hoang
lang_area.db	116	3.4	Hệ thống/Thế giới	Hệ thống/Thế giới			test/循环爬塔副本空气墙1			test/Tường khí phụ bản leo tháp vòng lặp 1
lang_area.db	117	3.4	Hệ thống/Thế giới	Hệ thống/Thế giới			test/循环爬塔副本空气墙2			test/Tường khí phụ bản leo tháp vòng lặp 2
lang_area.db	118	3.4	Hệ thống/Thế giới	Hệ thống/Thế giới			test/啊呜角色副本空气墙			test/Tường khí phụ bản nhân vật A Ngô
lang_area.db	119	3.4	Hệ thống/Thế giới	Hệ thống/Thế giới			test/北落野流程战斗空气墙			test/Tường khí chiến đấu tiến trình Bắc Lạc Dã
lang_area.db	12	3.4	Hệ thống/Thế giới	Hệ thống/Thế giới			虎口山脉	Hukou, the Tiger's Maw	虎口の山脈	Sơn Mạch Hổ Khẩu
lang_area.db	120	3.4	Hệ thống/Thế giới	Hệ thống/Thế giới			test/北落野流程战斗空气墙			test/Tường khí chiến đấu tiến trình Bắc Lạc Dã
lang_area.db	121	3.4	Hệ thống/Thế giới	Hệ thống/Thế giới			test/北落野流程战斗空气墙			test/Tường khí chiến đấu tiến trình Bắc Lạc Dã
lang_area.db	122	3.4	Hệ thống/Thế giới	Hệ thống/Thế giới			test/北落野流程战斗空气墙			test/Tường khí chiến đấu tiến trình Bắc Lạc Dã
lang_area.db	123	3.4	Hệ thống/Thế giới	Hệ thống/Thế giới			test/北落野流程战斗空气墙			test/Tường khí chiến đấu tiến trình Bắc Lạc Dã
lang_area.db	124	3.4	Hệ thống/Thế giới	Hệ thống/Thế giới			test/北落野流程空气墙			test/Tường khí tiến trình Bắc Lạc Dã
lang_area.db	125	3.4	Hệ thống/Thế giới	Hệ thống/Thế giới			test/北落野流程空气墙			test/Tường khí tiến trình Bắc Lạc Dã
lang_area.db	126	3.4	Hệ thống/Thế giới	Hệ thống/Thế giới			北落之谷			Bắc Lạc Chi Cốc
lang_area.db	127	3.4	Hệ thống/Thế giới	Hệ thống/Thế giới			悬浮废墟			Phế Tích Huyền Phù
lang_area.db	128	3.4	Hệ thống/Thế giới	Hệ thống/Thế giới			无冠者之像			Tượng Vô Quan Giả
lang_area.db	129	3.4	Hệ thống/Thế giới	Hệ thống/Thế giới			破碎湾岛			Đảo Phá Toái Loan
lang_area.db	13	3.4	Hệ thống/Thế giới	Hệ thống/Thế giới			奥尔琴岛	Zero Point Research Station	原点研究所	Trạm Nghiên Cứu Nguyên Điểm
lang_area.db	130	3.4	Hệ thống/Thế giới	Hệ thống/Thế giới			test/北落野流程大空气墙			test/Tường khí lớn tiến trình Bắc Lạc Dã
lang_area.db	131	3.4	Hệ thống/Thế giới	Hệ thống/Thế giới			test/TD测试用例空气墙			test/Tường khí trường hợp thử nghiệm TD
lang_area.db	132	3.4	Hệ thống/Thế giới	Hệ thống/Thế giới			test/93-TD测试空气墙			test/Tường khí thử nghiệm 93-TD
lang_area.db	133	3.4	Hệ thống/Thế giới	Hệ thống/Thế giới			test/忌炎副本空气墙1			test/Tường khí phụ bản Kỵ Viêm 1
lang_area.db	134	3.4	Hệ thống/Thế giới	Hệ thống/Thế giới			test/忌炎副本空气墙1			test/Tường khí phụ bản Kỵ Viêm 1
lang_area.db	135	3.4	Hệ thống/Thế giới	Hệ thống/Thế giới			test/忌炎副本空气墙1			test/Tường khí phụ bản Kỵ Viêm 1
lang_area.db	136	3.4	Hệ thống/Thế giới	Hệ thống/Thế giới			test/忌炎副本空气墙1			test/Tường khí phụ bản Kỵ Viêm 1
lang_area.db	137	3.4	Hệ thống/Thế giới	Hệ thống/Thế giới			test/忌炎副本空气墙1			test/Tường khí phụ bản Kỵ Viêm 1
lang_area.db	138	3.4	Hệ thống/Thế giới	Hệ thống/Thế giới			test/忌炎副本空气墙1			test/Tường khí phụ bản Kỵ Viêm 1
lang_area.db	139	3.4	Hệ thống/Thế giới	Hệ thống/Thế giới			test/忌炎副本空气墙1			test/Tường khí phụ bản Kỵ Viêm 1
lang_area.db	14	3.4	Hệ thống/Thế giới	Hệ thống/Thế giới			乘霄山			Núi Thừa Tiêu
lang_area.db	140	3.4	Hệ thống/Thế giới	Hệ thống/Thế giới			test/忌炎副本空气墙1			test/Tường khí phụ bản Kỵ Viêm 1
lang_area.db	141	3.4	Hệ thống/Thế giới	Hệ thống/Thế giới			test/忌炎副本空气墙1			test/Tường khí phụ bản Kỵ Viêm 1
lang_area.db	142	3.4	Hệ thống/Thế giới	Hệ thống/Thế giới			test/忌炎副本空气墙1			test/Tường khí phụ bản Kỵ Viêm 1
lang_area.db	143	3.4	Hệ thống/Thế giới	Hệ thống/Thế giới			test/忌炎副本空气墙1			test/Tường khí phụ bản Kỵ Viêm 1
lang_area.db	144	3.4	Hệ thống/Thế giới	Hệ thống/Thế giới			test/忌炎副本空气墙1			test/Tường khí phụ bản Kỵ Viêm 1
lang_area.db	145	3.4	Hệ thống/Thế giới	Hệ thống/Thế giới			test/忌炎副本空气墙1			test/Tường khí phụ bản Kỵ Viêm 1
lang_area.db	146	3.4	Hệ thống/Thế giới	Hệ thống/Thế giới			test/忌炎副本空气墙1			test/Tường khí phụ bản Kỵ Viêm 1
lang_area.db	147	3.4	Hệ thống/Thế giới	Hệ thống/Thế giới			test/忌炎副本空气墙1			test/Tường khí phụ bản Kỵ Viêm 1
lang_area.db	148	3.4	Hệ thống/Thế giới	Hệ thống/Thế giới			test/忌炎角色任务用空气墙			test/Tường khí dùng cho nhiệm vụ nhân vật Kỵ Viêm
lang_area.db	149	3.4	Hệ thống/Thế giới	Hệ thống/Thế giới			test/忌炎角色任务用空气墙			test/Tường khí dùng cho nhiệm vụ nhân vật Kỵ Viêm
lang_area.db	15	3.4	Hệ thống/Thế giới	Hệ thống/Thế giới			test/无冠者空气墙			test/Tường khí Vô Quan Giả
lang_area.db	16	3.4	Hệ thống/Thế giới	Hệ thống/Thế giới			test/主线第一个触发区域			test/Khu vực kích hoạt chủ tuyến thứ nhất
lang_area.db	17	3.4	Hệ thống/Thế giới	Hệ thống/Thế giới			test/主线第二个触发区域			test/Khu vực kích hoạt chủ tuyến thứ hai
lang_area.db	18	3.4	Hệ thống/Thế giới	Hệ thống/Thế giới			test/云陵谷新手空气墙1			test/Tường khí tân thủ Vân Lăng Cốc 1
lang_area.db	19	3.4	Hệ thống/Thế giới	Hệ thống/Thế giới			test/云陵谷新手空气墙2			test/Tường khí tân thủ Vân Lăng Cốc 2
lang_area.db	2	3.4	Hệ thống/Thế giới	Hệ thống/Thế giới			云陵谷	Gorges of Spirits	雲陵谷	Vân Lăng Cốc
lang_area.db	20	3.4	Hệ thống/Thế giới	Hệ thống/Thế giới			test/云陵谷新手空气墙3			test/Tường khí tân thủ Vân Lăng Cốc 3
lang_area.db	21	3.4	Hệ thống/Thế giới	Hệ thống/Thế giới			test/云陵谷新手空气墙4			test/Tường khí tân thủ Vân Lăng Cốc 4
lang_area.db	22	3.4	Hệ thống/Thế giới	Hệ thống/Thế giới			test/云陵谷新手空气墙5			test/Tường khí tân thủ Vân Lăng Cốc 5
lang_area.db	23	3.4	Hệ thống/Thế giới	Hệ thống/Thế giới			test/云陵谷新手空气墙6			test/Tường khí tân thủ Vân Lăng Cốc 6
lang_area.db	24	3.4	Hệ thống/Thế giới	Hệ thống/Thế giới			test/云陵谷新手空气墙7			test/Tường khí tân thủ Vân Lăng Cốc 7
lang_area.db	25	3.4	Hệ thống/Thế giới	Hệ thống/Thế giới			test/云陵谷新手空气墙8			test/Tường khí tân thủ Vân Lăng Cốc 8
lang_area.db	26	3.4	Hệ thống/Thế giới	Hệ thống/Thế giới			test/云陵谷出口空气墙			test/Tường khí lối ra Vân Lăng Cốc
lang_area.db	27	3.4	Hệ thống/Thế giới	Hệ thống/Thế giới			test/遗落原乡支线空气墙			test/Tường khí nhiệm vụ phụ Di Lạc Nguyên Hương
lang_area.db	28	3.4	Hệ thống/Thế giới	Hệ thống/Thế giới			test/云陵谷新手空气墙9			test/Tường khí tân thủ Vân Lăng Cốc 9
lang_area.db	29	3.4	Hệ thống/Thế giới	Hệ thống/Thế giới			test/主线第一二章限制区域空气墙			test/Tường khí khu vực giới hạn chương 1-2 chủ tuyến
lang_area.db	3	3.4	Hệ thống/Thế giới	Hệ thống/Thế giới			天城	Tiancheng	天城	Thiên Thành
lang_area.db	30	3.4	Hệ thống/Thế giới	Hệ thống/Thế giới			test/遗落原乡宽线性空气墙			test/Tường khí tuyến tính rộng Di Lạc Nguyên Hương
lang_area.db	31	3.4	Hệ thống/Thế giới	Hệ thống/Thế giới			test/遗落原乡宽线性空气墙2			test/Tường khí tuyến tính rộng Di Lạc Nguyên Hương 2
lang_area.db	32	3.4	Hệ thống/Thế giới	Hệ thống/Thế giới			test/遗落原乡宽线性BOSS战空气墙			test/Tường khí trận chiến BOSS tuyến tính rộng Di Lạc Nguyên Hương
lang_area.db	33	3.4	Hệ thống/Thế giới	Hệ thống/Thế giới			test/云陵谷乌龟空气墙			test/Tường khí Rùa Vân Lăng Cốc
lang_area.db	34	3.4	Hệ thống/Thế giới	Hệ thống/Thế giới			test/皇龙国家地理怪物空气墙			test/Tường khí quái vật địa lý quốc gia Hoàng Long
lang_area.db	35	3.4	Hệ thống/Thế giới	Hệ thống/Thế giới			test/秧秧角色任务用空气墙			test/Tường khí dùng cho nhiệm vụ nhân vật Ương Ương
lang_area.db	36	3.4	Hệ thống/Thế giới	Hệ thống/Thế giới			城郊	Outskirt	城外	Ngoại Ô
lang_area.db	37	3.4	Hệ thống/Thế giới	Hệ thống/Thế giới			工业区	Industrial Area	工業区域	Khu Công Nghiệp
lang_area.db	38	3.4	Hệ thống/Thế giới	Hệ thống/Thế giới			天城城区	Tiancheng Urban Area	天城生活区域	Khu Đô Thị Thiên Thành
lang_area.db	39	3.4	Hệ thống/Thế giới	Hệ thống/Thế giới			中枢指挥厅	Center Comand Hall	中枢指揮庭	Sảnh Chỉ Huy Trung Tâm
lang_area.db	4	3.4	Hệ thống/Thế giới	Hệ thống/Thế giới			中曲台地	Central Plains	中部台地	Trung Khúc Đài Địa
lang_area.db	40	3.4	Hệ thống/Thế giới	Hệ thống/Thế giới			潮生崖	Tide Rising Cliff	潮生崖	Triều Sinh Nhai
lang_area.db	41	3.4	Hệ thống/Thế giới	Hệ thống/Thế giới			叠石坪	Stone Pile Plain	重ね石の平地	Điệp Thạch Bình
lang_area.db	42	3.4	Hệ thống/Thế giới	Hệ thống/Thế giới			谷北关口	Gubei Pass	谷北部の関所	Cốc Bắc Quan Khẩu
lang_area.db	43	3.4	Hệ thống/Thế giới	Hệ thống/Thế giới			开觅旧址	Kaini Remnant Site	開覓旧址	Di Chỉ Khai Mịch
lang_area.db	44	3.4	Hệ thống/Thế giới	Hệ thống/Thế giới			龙望郊	Long's Gaze Suburbs	望龍郊	Long Vọng Giao
lang_area.db	45	3.4	Hệ thống/Thế giới	Hệ thống/Thế giới			祈池村	Qichi Village	祈池村	Thôn Kỳ Trì
lang_area.db	46	3.4	Hệ thống/Thế giới	Hệ thống/Thế giới			夜明坡	Yeming Slide	夜明け坂	Dạ Minh Pha
lang_area.db	47	3.4	Hệ thống/Thế giới	Hệ thống/Thế giới			残响集域	Remnant Center	残響集域	Tàn Hưởng Tập Vực
lang_area.db	48	3.4	Hệ thống/Thế giới	Hệ thống/Thế giới			离岛群	Lone Isle	離島群	Quần Đảo Ly Đảo
lang_area.db	49	3.4	Hệ thống/Thế giới	Hệ thống/Thế giới			新枝地	New Branch	新枝地	Tân Chi Địa
lang_area.db	5	3.4	Hệ thống/Thế giới	Hệ thống/Thế giới			荒石高地	Desorock Highland	石崩れの高地	Hoang Thạch Cao Địa
lang_area.db	50	3.4	Hệ thống/Thế giới	Hệ thống/Thế giới			遗蜕花圃	Fossil Garden	遺変の花園	Vườn Hoa Di Thuế
lang_area.db	51	3.4	Hệ thống/Thế giới	Hệ thống/Thế giới			test/boss场地空气墙			test/Tường khí trận địa boss
lang_area.db	52	3.4	Hệ thống/Thế giới	Hệ thống/Thế giới			落定岭	Settle Range	落定嶺	Lạc Định Lĩnh
lang_area.db	53	3.4	Hệ thống/Thế giới	Hệ thống/Thế giới			无存残所	Empty Depository	無残の遺所	Vô Tồn Tàn Sở
lang_area.db	54	3.4	Hệ thống/Thế giới	Hệ thống/Thế giới			归思岛	Nostalgia Isle	帰思島	Đảo Quy Tư
lang_area.db	55	3.4	Hệ thống/Thế giới	Hệ thống/Thế giới			凋零防线	Withering Frontline	崩れ散った戦線	Phòng Tuyến Điêu Linh
lang_area.db	56	3.4	Hệ thống/Thế giới	Hệ thống/Thế giới			岭西基地	West Range Base	西嶺の基地	Căn Cứ Lĩnh Tây
lang_area.db	57	3.4	Hệ thống/Thế giới	Hệ thống/Thế giới			焚焰海	Incineranur	焚焔海	Phần Diệm Hải
lang_area.db	58	3.4	Hệ thống/Thế giới	Hệ thống/Thế giới			岭西基地焚焰花区域			Khu vực Hoa Phần Diệm Căn Cứ Lĩnh Tây
lang_area.db	59	3.4	Hệ thống/Thế giới	Hệ thống/Thế giới			焚焰海区域			Khu vực Phần Diệm Hải
lang_area.db	6	3.4	Hệ thống/Thế giới	Hệ thống/Thế giới			遗落原乡	Forsaken Abundance	去られた大地	Di Lạc Nguyên Hương
lang_area.db	60	3.4	Hệ thống/Thế giới	Hệ thống/Thế giới			基地焚焰花区域			Khu vực Hoa Phần Diệm căn cứ
lang_area.db	61	3.4	Hệ thống/Thế giới	Hệ thống/Thế giới			test/CE通用气墙			test/Tường khí thông dụng CE
lang_area.db	62	3.4	Hệ thống/Thế giới	Hệ thống/Thế giới			test/伤痕二阶段空气墙			test/Tường khí giai đoạn hai Thương Ngấn
lang_area.db	63	3.4	Hệ thống/Thế giới	Hệ thống/Thế giới			test/等级突破副本空气墙			test/Tường khí phụ bản đột phá cấp độ
lang_area.db	64	3.4	Hệ thống/Thế giới	Hệ thống/Thế giới			test/副本空气墙测试			test/Thử nghiệm tường khí phụ bản
lang_area.db	65	3.4	Hệ thống/Thế giới	Hệ thống/Thế giới			test/副本空气墙测试			test/Thử nghiệm tường khí phụ bản
lang_area.db	66	3.4	Hệ thống/Thế giới	Hệ thống/Thế giới			test/副本空气墙测试			test/Thử nghiệm tường khí phụ bản
lang_area.db	67	3.4	Hệ thống/Thế giới	Hệ thống/Thế giới			test/副本空气墙测试			test/Thử nghiệm tường khí phụ bản
lang_area.db	68	3.4	Hệ thống/Thế giới	Hệ thống/Thế giới			test/技能副本A空气墙			test/Tường khí phụ bản kỹ năng A
lang_area.db	69	3.4	Hệ thống/Thế giới	Hệ thống/Thế giới			test/技能副本B空气墙			test/Tường khí phụ bản kỹ năng B
lang_area.db	7	3.4	Hệ thống/Thế giới	Hệ thống/Thế giới			无光之森	Dim Forest	光なき森	Rừng Vô Quang
lang_area.db	70	3.4	Hệ thống/Thế giới	Hệ thống/Thế giới			test/武器副本A空气墙			test/Tường khí phụ bản vũ khí A
lang_area.db	71	3.4	Hệ thống/Thế giới	Hệ thống/Thế giới			test/武器副本B空气墙			test/Tường khí phụ bản vũ khí B
lang_area.db	72	3.4	Hệ thống/Thế giới	Hệ thống/Thế giới			鸣钟涧	Tolling Stream	鳴鐘の流れ	Minh Chung Giản
lang_area.db	73	3.4	Hệ thống/Thế giới	Hệ thống/Thế giới			纪念广场	Memento Square	記念広場	Quảng Trường Kỷ Niệm
lang_area.db	74	3.4	Hệ thống/Thế giới	Hệ thống/Thế giới			云崖	Cloud Cliff	雲崖	Vân Nhai
lang_area.db	75	3.4	Hệ thống/Thế giới	Hệ thống/Thế giới			湖区入口	Lake District Entrance	湖への入口	Lối Vào Khu Hồ
lang_area.db	76	3.4	Hệ thống/Thế giới	Hệ thống/Thế giới			龙之泪	Long's Tear	龍の涙	Long Chi Lệ
lang_area.db	77	3.4	Hệ thống/Thế giới	Hệ thống/Thế giới			迷航海岸	Misty Coast	迷路の海岸	Mê Hàng Hải Ngạn
lang_area.db	78	3.4	Hệ thống/Thế giới	Hệ thống/Thế giới			黑石林	Tacetite Forest	黒石林	Rừng Hắc Thạch
lang_area.db	79	3.4	Hệ thống/Thế giới	Hệ thống/Thế giới			黑石崖	Tacetite Cliff	黒石崖	Vách Hắc Thạch
lang_area.db	8	3.4	Hệ thống/Thế giới	Hệ thống/Thế giới			旧城遗址	Wasted Metropolis	廃城跡	Di Tích Cựu Thành
lang_area.db	80	3.4	Hệ thống/Thế giới	Hệ thống/Thế giới			鹰嘴崖	Olecranon Cliff	鷹啄崖	Ưng Chủy Nhai
lang_area.db	81	3.4	Hệ thống/Thế giới	Hệ thống/Thế giới			远望营地	Distant Watch Camp	遠望のキャンブ	Trại Viễn Vọng
lang_area.db	82	3.4	Hệ thống/Thế giới	Hệ thống/Thế giới			test/主线第一二章限制荒石区域空气墙			test/Tường khí khu vực giới hạn Hoang Thạch chương 1-2 chủ tuyến
lang_area.db	83	3.4	Hệ thống/Thế giới	Hệ thống/Thế giới			海蚀之墟	Sea Corrode Ruin	海蝕の廃墟	Hải Thực Chi Khư
lang_area.db	84	3.4	Hệ thống/Thế giới	Hệ thống/Thế giới			野客聚落	Hermit Settlement	野人の集落	Tụ Lạc Dã Khách
lang_area.db	85	3.4	Hệ thống/Thế giới	Hệ thống/Thế giới			破碎街区	Broken Block	砕かれた街	Phá Toái Nhai Khu
lang_area.db	86	3.4	Hệ thống/Thế giới	Hệ thống/Thế giới			挑战空气墙			Tường khí thách đấu
lang_area.db	87	3.4	Hệ thống/Thế giới	Hệ thống/Thế giới			闻野滩	Wenye Beach	聞野浜	Văn Dã Than
lang_area.db	88	3.4	Hệ thống/Thế giới	Hệ thống/Thế giới			紫月榕	Purple Moon Ficus	紫月榕	Tử Nguyệt Dung
lang_area.db	89	3.4	Hệ thống/Thế giới	Hệ thống/Thế giới			露天剧场	Amphitheater	露天劇場	Lộ Thiên Kịch Trường
lang_area.db	9	3.4	Hệ thống/Thế giới	Hệ thống/Thế giới			北落野	Norfall Barrens	北落野原	Bắc Lạc Dã
lang_area.db	90	3.4	Hệ thống/Thế giới	Hệ thống/Thế giới			幽闭禁林	Forbidden Forest	幽閉の禁林	U Bế Cấm Lâm
lang_area.db	91	3.4	Hệ thống/Thế giới	Hệ thống/Thế giới			丛棘步道	Thorny Passage	茨群れの歩道	Tùng Cức Bộ Đạo
lang_area.db	92	3.4	Hệ thống/Thế giới	Hệ thống/Thế giới			横牙岭			Hoành Nha Lĩnh
lang_area.db	93	3.4	Hệ thống/Thế giới	Hệ thống/Thế giới			隐天一线	Sky Ray	隠天の一線	Ẩn Thiên Nhất Tuyến
lang_area.db	94	3.4	Hệ thống/Thế giới	Hệ thống/Thế giới			尘封地轨	Dust-Sealed Track	埋められた軌道	Trần Phong Địa Quỹ
lang_area.db	95	3.4	Hệ thống/Thế giới	Hệ thống/Thế giới			鹤栖涧	Crane-Habitat Stream	鶴棲川	Hạc Tê Giản
lang_area.db	96	3.4	Hệ thống/Thế giới	Hệ thống/Thế giới			集散中心	Distribution Center	集散センター	Trung Tâm Tập Tán
lang_area.db	97	3.4	Hệ thống/Thế giới	Hệ thống/Thế giới			虎口矿场	Hukou Mine	虎口採鉱場	Mỏ Hổ Khẩu
lang_area.db	98	3.4	Hệ thống/Thế giới	Hệ thống/Thế giới			星垂江	Star Gaze River	星垂れ江	Tinh Thùy Giang
lang_area.db	99	3.4	Hệ thống/Thế giới	Hệ thống/Thế giới			玉关峰	Jade Gate Peak	玉関峰	Ngọc Quan Phong
lang_country.db	1	3.4	Hệ thống/Thế giới	Hệ thống/Thế giới			随机势力	Random Forces.	ランダム勢力	Thế Lực Ngẫu Nhiên
lang_country.db	10	3.4	Hệ thống/Thế giới	Hệ thống/Thế giới			流放者-猪婆帮	The Piggy.	猪の会	Kẻ Lưu Đày - Trư Bà Bang
lang_country.db	11	3.4	Hệ thống/Thế giới	Hệ thống/Thế giới			流放者是各国对游荡在城市外以犯罪和拾荒方式为生的团体的统称。流放者没有统一的组织架构，每个营地之中战力最强的人会作为首领发号施令。在皇龙地区，他们主要集中在旧城遗址中，因人数众多理念不同，已经形成了两个帮派，其中的“猪婆帮”出于某些原因，对外来者似乎没有那么排斥。	Exile is a name for all the individuals and organizations who was tossed out of the city and committed crime and scavenge for a living. They follow no jurisdiction. The most powerful individuals of each camp will have the right to give orders. In Huanglong, they gather in Wasted Metropolis. They're divided into 2 different group cause of their believes. One of the gang seems to be quite welcoming when it comes to outsiders.	追放者とは、各国が犯罪と回収業で生計を立てる都市の外を放浪する人々の集団に対する総称である。 追放者は統一された組織がなく、各陣営で最も強い戦士がリーダーとして命令を下す。皇龍では、主に廃城跡に集中しており、理念の違いによって、2つのギャングを形成しており、一方猪の会の方は、なぜか外来者に対して警戒心が薄いようだ。	Kẻ Lưu Đày là tên gọi chung mà các nước dùng để chỉ những nhóm người sống lang thang bên ngoài thành phố bằng cách phạm tội và nhặt nhạnh. Kẻ Lưu Đày không có cơ cấu tổ chức thống nhất, người mạnh nhất trong mỗi trại sẽ làm thủ lĩnh ra lệnh. Tại khu vực Hoàng Long, họ chủ yếu tập trung ở khu di tích thành cũ, do đông người và khác biệt về lý tưởng, đã hình thành hai băng nhóm, trong đó "Trư Bà Bang" vì một số lý do, dường như không quá bài xích đối với người ngoài.
lang_country.db	12	3.4	Hệ thống/Thế giới	Hệ thống/Thế giới			残星会	Fractsidus	残星会	Tàn Tinh Hội
lang_country.db	13	3.4	Hệ thống/Thế giới	Hệ thống/Thế giới			游走于世界各地秘密结社，组织中对力量与进化的崇拜近乎病态，目前可知该组织成员外形相对诡异，更多的情报尚在调查中。	A secret association wandered around the world. Their members crave for only power and evolutions and all preserve weird looks. More info of them await for revealing.	世界の各地の秘密結社にに歩き回る。力と進化を病的に追い求めている、メンバーは比較的奇抜な外見をしていることは知られている。詳細な情報はまだ調査中。	Hội kín lang thang khắp nơi trên thế giới, sự sùng bái sức mạnh và tiến hóa trong tổ chức gần như là bệnh thái. Hiện đã biết các thành viên của tổ chức có ngoại hình tương đối kỳ dị, các thông tin chi tiết hơn vẫn đang được điều tra.
lang_country.db	14	3.4	Hệ thống/Thế giới	Hệ thống/Thế giới			黑海岸	Black Shores	黒海岸	Hắc Hải Ngạn
lang_country.db	15	3.4	Hệ thống/Thế giới	Hệ thống/Thế giới			以黑海岸之名建立神秘的救世组织，游走在世界最险恶之地，不断集聚同伴，始终怀抱理想主义的热火，拯救这个摇摇欲坠的世界。黑海岸的成员与被邀请登岛的客人，都会佩戴一朵黑花作为信物。	A secret organization sworn to save the world under the name of Black Shore. They venture to the most dangerous place and gather allies with the same will to save the world. Their members and their guest will all carry a black flower as a symbol.	黒海岸の名のもとに成立された救世組織、最も危険なところに動き回り、仲間を集め、理想主義を抱き、苦しんでいる世界を救ってみたい。 黒海岸のメンバーに招いたゲストは、その証として黒い花を身につける。	Tổ chức cứu thế thần bí được thành lập dưới danh nghĩa Hắc Hải Ngạn, lang thang ở những nơi hiểm ác nhất thế giới, không ngừng tụ tập đồng đội, luôn ấp ủ ngọn lửa lý tưởng chủ nghĩa, để cứu vớt thế giới đang lung lay này. Các thành viên của Hắc Hải Ngạn và những khách được mời lên đảo đều sẽ đeo một bông hoa đen làm tín vật.
lang_country.db	2	3.4	Hệ thống/Thế giới	Hệ thống/Thế giới			先行公约	Pioneer Association	先駆条約	Hiệp Ước Tiên Phong
lang_country.db	3	3.4	Hệ thống/Thế giới	Hệ thống/Thế giới			先行公约会是人类共同体在鸣式战争后讨论并成立的组织——“先行公约”，简称先约。\n在皇龙，因为全体人民对共鸣者更加信任，共鸣者与普通人之间的矛盾极为少见，因此先约的规模较大，承担了诸多的责任与功能。先约组织的成员在皇龙被视为一种光荣的职业，也是孩童梦想中的英雄。	Pioneer Association was founded after the Wuthering War by human community. They sometimes go by PA for short.\nDue to the trusting relationship between Resonators and regular people in Huanglong, PA got relatively huge scale in Huanglong, and take on more responsibility. Joining the PA is something worth being proud of in Huanglong.	先駆条約会は、人類共同体が鳴式戦争の後、議論の末で成立した組織である。「先駆条約」略して先約と呼ぶ。\n皇龍では、すべての人々が共鳴者をより信頼しているため、共鳴者と一般の人々との対立は非常にまれであるため、先約の規模は比較的大きく、多くの責任と機能を引き受けている。先約のメンバーは、皇龍で名誉ある職業と見なされており、子供たちの夢のヒーローでもある。	Hiệp Ước Tiên Phong là tổ chức được cộng đồng nhân loại thảo luận và thành lập sau Chiến tranh <ano=Threnodian>Minh Thức</ano> - "Hiệp Ước Tiên Phong", gọi tắt là Tiên Ước.\nTại Hoàng Long, do toàn thể nhân dân tin tưởng <ano=Resonator>Cộng Hưởng Giả</ano> hơn, mâu thuẫn giữa <ano=Resonator>Cộng Hưởng Giả</ano> và người thường rất hiếm gặp, do đó quy mô của Tiên Ước khá lớn, gánh vác nhiều trách nhiệm và chức năng. Thành viên của tổ chức Tiên Ước được coi là một nghề nghiệp vinh quang tại Hoàng Long, cũng là người hùng trong giấc mơ của trẻ em.
lang_country.db	4	3.4	Hệ thống/Thế giới	Hệ thống/Thế giới			皇龙分部	Huanglong Branch	皇龍支部	Chi Nhánh Hoàng Long
lang_country.db	5	3.4	Hệ thống/Thế giới	Hệ thống/Thế giới			吱吱快运	Squeak Express	ぎいぎい宅配便	Chuyển Phát Chít Chít
lang_country.db	6	3.4	Hệ thống/Thế giới	Hệ thống/Thế giới			业务遍布全球的运输企业，承担过许多重要而危险的运输任务，深受多方信任。秉持“和气生财”的理念，吱吱快运及旗下成员都会主动避免用武力解决问题。	A transportation company with their business all over the world. They would commit to the most dangerous transportation task and were trusted by many forces. With the belief "Peace brings fortune", They always avoid any force situation.	世界中で事業を展開している運輸会社は、多くの重要で危険な運輸業務を引き受けており、多くの関係者から深く信頼されている。 「お互いにの仲を重視し、お金は自然に生じる」というコンセプトを堅持し、ぎいぎい宅配便とそのメンバーは武力を使用して問題を解決方法を避けているようだ。	Doanh nghiệp vận tải có hoạt động trải khắp toàn cầu, từng đảm nhận nhiều nhiệm vụ vận chuyển quan trọng và nguy hiểm, được nhiều bên tin tưởng. Với phương châm "hòa khí sinh tài", Chuyển Phát Chít Chít và các thành viên trực thuộc luôn chủ động tránh dùng vũ lực để giải quyết vấn đề.
lang_country.db	7	3.4	Hệ thống/Thế giới	Hệ thống/Thế giới			皇龙分部	Huanglong Branch	皇龍支部	Chi Nhánh Hoàng Long
lang_country.db	8	3.4	Hệ thống/Thế giới	Hệ thống/Thế giới			蛟龙帮	The Sea Drake.	蛟龍団	Giao Long Bang
lang_country.db	9	3.4	Hệ thống/Thế giới	Hệ thống/Thế giới			以蛟龙修理厂为据点，活跃在皇龙各地的发明爱好者团体，因崇尚帮派文化自称为蛟龙帮。爱好：拉投资。特长：惹事生非。	They gather in the Serpent Repair Shop, and is a group of invention lovers from different places of Huanglong. They call themselves the Sea Drakes. While they're all trying to get investment, things always go south for them.	蛟龍整備工場を拠点に、皇龍の各地で活動している発明愛好家グループだ。ギャング文化を擁護することから、蛟龍団と自称するわけだ。趣味：投資を吸収。特技：トラブルを起こす。	Lấy Xưởng Sửa Chữa Giao Long làm căn cứ, là nhóm những người đam mê phát minh hoạt động khắp các nơi tại Hoàng Long, vì sùng bái văn hóa băng đảng nên tự xưng là Giao Long Bang. Sở thích: kêu gọi đầu tư. Sở trường: gây chuyện thị phi.
lang_multi_text.db	AreaExploreProgress	3.4	Hội thoại/Cốt truyện	Hệ thống/Thế giới			{0}探索度{1}%	{0} Exploration Progress: {1}%	{0}探索進捗{1}%	Tiến độ khám phá {0} {1}%
lang_multi_text.db	AreaReportContent_Text1	3.4	Hội thoại/Cốt truyện	Hệ thống/Thế giới			一部根据史实编排的说书戏，讲述了瑝珑今州地区的演变历史。\n\n……	A storyteller's script based on historical events, recounting the history of the Jinzhou region in Huanglong.\n \n ...	史実に基づいて編纂された講談の物語。瑝瓏の今州地域における歴史の変遷について語られている。\n\n……	Một vở thuyết thư biên soạn dựa trên sử thực, kể về lịch sử diễn biến của khu vực Kim Châu Hoàng Long.\n\n...
lang_multi_text.db	AreaReportContent_Text10	3.4	Hội thoại/Cốt truyện	Hệ thống/Thế giới			现在是，几点了，六点？应该是早上六点吧。下一台手术马上开始了，我们现在聚集在大楼高层区的一间会议室里，这种时候也计较不了那么多了，就我这一队带着的人来看，至少需要三架游隼级的扑翼机才能都带走。\n……阿托品只剩下十三支了，这里越来越热，我们不太好控制伤员的体温。\n支援呢！空中部队的支援呢！总部！请求支援！坐标已经返回到泰缇斯系统了，支援！\n……哪怕……把这些妇孺老人带走……\n越来越热了，老布兰登他们还没回来……请求支援……\n………………\n不要放弃……希望……	What time is it now? Six? It must be six in the morning. The next surgery should start soon. We're gathered in a meeting room on one of the higher floors, but this isn't the time to be picky. A team this size needs at least three Peregrine Falcon ornithopters for evacuation.\n \n...We're down to just 13 doses of atropine. The heat is rising, and keeping the wounded cool is becoming impossible.\n \nWhere are the reinforcements? Where is the air force? HQ! This is a call for immediate support! Coordinates are back to the Tethys System—we need reinforcements!\n \n...At least... evacuate the elders and children...\n \nIt's getting hotter and hotter, and Brandon's team hasn't returned... Calling for reinforcements...\n...\nDon't lose... hope...	今は何時だ、6時？おそらく朝の6時だろう。次の手術がすぐに始まる。我々は今、ビルの高層エリアにある会議室に集まっている。こんな時には細かいことなんか気にしちゃいられない。私のチームだけでも、運び出すには少なくとも3機のファルコン級のオーニソプターが必要なんだ。\n……アトロピンは残り13本しかない。ここも暑くなってきている。負傷者の体温をうまくコントロールできない。\n支援は？空中部隊の支援はどうなっている！総司令部！支援をお願いします！位置情報はテティスシステムに送信済みです、どうか支援を！\n……ここにいる……せめて女性や子供、老人だけでも……\nどんどん暑くなってきた、ブランドンたちはまだ戻ってこない……支援を……\n………………\n諦めたら……だめだ……	Bây giờ là, mấy giờ rồi, sáu giờ? Chắc là sáu giờ sáng đi. Ca phẫu thuật tiếp theo sắp bắt đầu rồi, bây giờ chúng ta đang tập trung trong một phòng họp trên khu tầng cao của tòa nhà, đến lúc này cũng không thể tính toán nhiều như vậy được nữa, nhìn những người do đội của tôi dẫn theo, ít nhất cần ba chiếc trực thăng vũ trang cấp chim cắt mới có thể dẫn đi hết được.\n... Atropine chỉ còn lại 13 ống, ở đây càng ngày càng nóng, chúng ta không dễ khống chế nhiệt độ cơ thể người bị thương lắm.\nChi viện đâu! Cứu viện của không quân đâu! Trụ sở chính! Yêu cầu chi viện! Tọa độ đã trở lại Hệ Thống Tethys, chi viện!\n... Dù... mang những người già yếu phụ nữ trẻ em này đi...\nCàng lúc càng nóng, đám Brandon già còn chưa trở lại... Yêu cầu hỗ trợ...\n..................\nĐừng bỏ cuộc... Hy vọng...
lang_multi_text.db	AreaReportContent_Text11	3.4	Hội thoại/Cốt truyện	Hệ thống/Thế giới			……我们对戏猿的行为进行了全方位的考察，并将其整理成册。以下，我们将摘选几段关于戏猿行为的观察记录，便于读者对比戏猿在被毒雾孢子感染前后以及无光之森生态情况好转前后的行为变化。\n\n未被毒雾孢子感染的戏猿：\n戏猿是以「家长制」为核心的族群。它们具有一定的群居意识和领地意识。族群的核心会驱使猿群分队合作，一同对抗试图入侵猿群领地的生物。\n未感染的戏猿能够做出与其他戏猿交流的举动，并能够使用由石子、木棍制成的简单工具。	...We have conducted extensive research on Hoochief behaviors, compiled in this book. Below are excerpts from our observations, so that our readers can compare behavioral changes in Hoochiefs before and after exposure to toxic spores, as well as before and after improvements in the biological environment of the Dim Forest.\n \nHoochiefs Not Exposed to Toxic Spores:\nHoochiefs are a patriarchal, pack-oriented species with a strong territorial instinct. The core members of the pack lead them to collaborate in teams to repel any intruders from their domain.\n\nUninfected Hoochiefs can communicate with each other and use simple tools made of stones and sticks.	……私たちはいたずら猿の行動に対してあらゆる角度から調査を行い、その結果をまとめました。以下の内容は、いたずら猿の行動に関する観察記録から抜粋したものです。毒胞子の感染前後、及び光なき森の生態環境改善前後におけるいたずら猿の行動の変化について、読者が比較しやすいようまとめています。\n\n毒胞子未感染のいたずら猿：\nいたずら猿は「家父長制」を中心に群れを形成しており、一定の集団意識と縄張り意識を持っています。リーダー格の猿は集団内の個体が別々のチームに分かれて互いに協力するよう取りまとめ、群れの縄張りに侵入しようとする生物に立ち向かわせます。\n未感染の猿は他の猿とのコミュニケーションを図る行動を示し、石や木の棒で作られた簡単な道具を扱うことができます。	...Chúng tôi đã tiến hành khảo sát toàn diện về hành vi của Hí Viên và biên soạn thành sách. Dưới đây, chúng tôi sẽ trích dẫn một vài đoạn ghi chép quan sát về hành vi của Hí Viên, để người đọc tiện so sánh sự thay đổi hành vi của Hí Viên trước và sau khi bị lây nhiễm bào tử sương độc, cũng như trước và sau khi tình trạng sinh thái của Rừng Vô Quang được cải thiện.\n\nHí Viên chưa bị nhiễm bào tử sương độc:\nHí Viên là một quần thể lấy "Chế độ gia trưởng" làm cốt lõi. Chúng có ý thức bầy đàn và ý thức lãnh thổ nhất định. Cốt lõi của quần thể sẽ thúc đẩy bầy vượn chia đội hợp tác, cùng nhau chống lại những sinh vật cố gắng xâm nhập lãnh địa bầy vượn.\nHí Viên chưa bị nhiễm bệnh có thể thực hiện những cử chỉ giao tiếp với Hí Viên khác, và có thể sử dụng các công cụ đơn giản làm từ đá, gậy gỗ.
lang_multi_text.db	AreaReportContent_Text12	3.4	Hội thoại/Cốt truyện	Hệ thống/Thế giới			受毒雾孢子感染的戏猿：\n受到感染的戏猿双目灰白，呈现出不安、焦躁的感觉。毒雾孢子会侵入戏猿体内，受到感染的戏猿不停咳嗽、呕吐，并会不断抓挠、撕扯背部。而到感染末期，戏猿的每一次剧烈咳嗽都会使其周身扬起一阵鳞粉般的孢子雾，此时的戏猿已经完全沦为感染源。\n受感染的戏猿会对周围出现的其他生物进行无差别的攻击。\n\n无光之森生态情况好转后的戏猿：\n在无光之森生态情况好转后，戏猿新受毒雾孢子感染的情况大幅减小。结合无光之森勘查组研究的抗体对其进行干预，戏猿感染情况已逐渐消失，笼罩无光之森多年的阴霾终于消散。	Hoochiefs Exposed to Toxic Spores:\nInfected Hoochiefs develop grey eyes and exhibit anxious, erratic behaviors as the toxic spores infiltrate their bodies, resulting in frequent coughing and vomiting. They may also compulsively scratch and tear at their own backs. In the final stage of infection, each violent cough releases a mist of spores, making them highly contagious sources of infection.\n\nInfected Hoochiefs attack any nearby creatures indiscriminately.\n \nHoochiefs After Environmental Improvements in the Dim Forest:\nFollowing improvements to the Dim Forest's biological environment, new cases of Hoochief infections from toxic spores have dropped significantly. Thanks to the intervention of antibodies developed by the Dim Forest exploration team, infections among Hoochiefs have gradually disappeared, ultimately dispelling the darkness that once shrouded the Dim Forest.	毒胞子に感染したいたずら猿：\n感染したいたずら猿の両目は灰白色になり、不安や焦燥感が目立つようになります。毒胞子はいたずら猿の体内に侵入するため、感染したいたずら猿には咳や嘔吐の症状が現れ、掻破行動及び背部の掻破傷を引き起こす場合もあります。末期に至ると、激しく咳き込むたびに全身から鱗粉のような胞子の霧が立ち上ります。この段階のいたずら猿は、すでに立派な感染源となっています。\n感染したいたずら猿は、周囲に現れた他の生物に対して無差別に攻撃を行います。\n\n光なき森の生態環境改善後のいたずら猿：\n光なき森の生態環境が改善されてからは、いたずら猿が新たに毒胞子に感染するケースが大幅に減少しました。光なき森調査隊が研究した抗体を用いて介入した結果、いたずら猿の感染は徐々に減少し、長年光なき森を覆っていた霧も消失しました。	Hí Viên bị nhiễm bào tử sương độc:\nHai mắt của Hí Viên bị nhiễm bệnh trắng bệch, có cảm giác bất an, nôn nóng. Bào tử sương độc sẽ xâm nhập vào cơ thể Hí Viên, Hí Viên bị nhiễm bệnh không ngừng ho khan, nôn mửa, và sẽ không ngừng cào gãi, xé rách lưng. Mà đến giai đoạn cuối của quá trình lây nhiễm, mỗi lần ho khan dữ dội của Hí Viên đều sẽ khiến sương bào tử giống như lân phấn bay lượn khắp người nó, lúc này Hí Viên đã hoàn toàn trở thành nguồn lây nhiễm.\nHí Viên bị lây nhiễm sẽ tiến hành công kích không phân biệt đối với các sinh vật khác xuất hiện xung quanh.\n\nHí Viên sau khi tình trạng sinh thái Rừng Vô Quang được cải thiện:\nSau khi tình hình sinh thái Rừng Vô Quang chuyển biến tốt, tình trạng Hí Viên mới bị nhiễm bào tử sương độc đã giảm đi đáng kể. Kết hợp với kháng thể do Tổ Khảo Sát Rừng Vô Quang nghiên cứu để can thiệp vào nó, tình trạng lây nhiễm của Hí Viên đã dần dần biến mất, khói mù bao phủ Rừng Vô Quang nhiều năm cuối cùng cũng tiêu tan.
lang_multi_text.db	AreaReportContent_Text13	3.4	Hội thoại/Cốt truyện	Hệ thống/Thế giới			流放者并非一个统一的有组织的势力团伙，而是人们对于出没在野外、不愿接受当地官方法度的一类人的泛称，他们来路不一，龙蛇混杂，虽然并非大奸大恶，但也对盗窃抢劫等不法行为毫不顾忌。\n\n为了能在缺乏保护的野外生存，他们会基于已有的技术造物进行改造和废物利用，同时各自都配备有非法渠道获得的黑石武器，以应对来自残象或其他团伙流放者的威胁。\n\n今州对于流放者的态度是以警戒防治为主，会在流放者出没的区域加大治安力量投入，对于没有重大恶劣行径的流放者会较为宽大，甚至采取有条件的劝降。而对于冥顽不灵、已经构成安全风险的流放者则会进行雷厉风行的清剿。\n\n不过，关于流放者这个称呼的形成由来已久，很难追溯第一名“真正意义上的流放者”是什么时候出现的。\n\n成为流放者的原因有很多，一个偷了东西不想被巡尉捉拿归案的窃贼，一个在战场上逃跑自觉无颜面对战友的军人，一个自诩武力足以自保却不想被当地法制的条条框框束缚的共鸣者，都有可能选择流落野外——想要成为流放者，首先要击败一名流放者：不论是痛下杀手，亦或是明抢暗偷，夺走他者的镣环，象征与主流社会的切割与决断。如此，才能成为一名被同行承认的流放者。	The Exiles are not a criminal organization with a unified leadership. Rather, the term refers to individuals who reject the control of local authorities and roam the wilds. They come from all walks of life and form a diverse, mixed group. While not inherently malicious, they have few qualms about committing illegal acts such as theft or robbery.\n \nTo survive in the harsh, unsheltered wilderness, they make use of scavenged materials and repurpose technology. Each Exile is typically armed with a Tacetite Weapon, obtained through illegal means, to defend against the threat of TDs or rival Exile gangs.\n \nJinzhou's stance toward the Exiles is primarily preventative, with security forces deployed in areas frequented by them. For those Exiles without significant offenses, the authorities generally adopt a more lenient approach and sometimes try to persuade them to submit under certain conditions. However, for Exiles who are recalcitrant and pose a security risk, the authorities are quick to eliminate them without hesitation.\n \nGiven the Exiles' long history, it is now difficult to trace when the first true Exile emerged.\n \nThere are numerous reasons why someone might choose to join the Exiles in the wilderness: a thief seeking to escape the Patrollers, a deserter too ashamed to face their comrades, or a Resonator who believes they can protect themselves but refuses to adhere to local laws. To become an Exile, one must first defeat another Exile—whether by taking their life, stealing their Ring, or seizing it by force, a symbol of severance from mainstream society. That is how an Exile earns recognition from their peers.	追放者とは統率が取れた組織や団体ではなく、野外に出没し、地域のルールを受け入れたくない人々の総称だ。異なる生い立ちで多様な人々が混在しており、大悪党ではないものの、盗みや強盗などの不法行為は全く気にしない。\n\n安全確保が難しい野外で生き残るために、追放者は既存の物を改造したり、廃棄物を再利用したりする。また、残像や他の追放者集団からの脅威に対処できるよう、各自が違法なルートで入手した黒石武器を所持している。\n\n今州では追放者に対して警戒と予防の態勢を敷いており、追放者が出没する地域の治安対策を強化している。一方で、重大な犯罪行為のない追放者に対しては比較的寛大であり、条件付きの勧告を行う場合もある。聞く耳を持たず、安全を脅かすリスクのある追放者に対しては、迅速かつ厳格な排除が行われる。\n\nとはいえ、「追放者」という呼称が定着したのは遥か昔のことであり、最初に「本来の意味での追放者」が現れた時期を特定するのは難しい。\n\n追放者になる理由はさまざまで、盗みを働いて巡尉に捕まるのを恐れている泥棒、戦場で逃げ出し仲間に顔向けできないと感じた兵士、腕に覚えがあるがその地のルールに縛られたくない共鳴者など、誰もが追放者の道を選ぶ可能性がある。追放者になるためには、まずいずれかの追放者を打ち負かさなければならない。直接命を奪ったり、略奪を行ったりして相手の手かせを奪い取り、その行為により一般社会との断絶を示すことで、仲間に認められた追放者になることができる。	Kẻ Lưu Đày không phải là một băng nhóm thế lực có tổ chức thống nhất, mà là tên gọi chung của người ta đối với một loại người xuất hiện ở ngoài dã ngoại, không muốn chấp nhận luật pháp chính quyền địa phương, lai lịch của họ không giống nhau, rồng rắn lẫn lộn, mặc dù không phải là đại gian đại ác, nhưng cũng không kiêng nể gì những hành vi phạm pháp như trộm cắp cướp bóc.\n\nĐể có thể sống sót ở vùng dã ngoại thiếu sự bảo vệ, họ sẽ dựa trên các kỹ thuật chế tạo hiện có để cải tạo và tái sử dụng phế liệu, đồng thời đều được trang bị vũ khí Hắc Thạch thu được từ con đường bất hợp pháp, nhằm ứng phó với mối đe dọa từ Tàn Tượng hoặc Kẻ Lưu Đày của các băng nhóm khác.\n\nThái độ của Kim Châu đối với Kẻ Lưu Đày chủ yếu là cảnh giác phòng trị, sẽ tăng cường đầu tư lực lượng an ninh vào khu vực Kẻ Lưu Đày xuất hiện, sẽ khoan dung hơn đối với những Kẻ Lưu Đày không có hành vi ác liệt nghiêm trọng, thậm chí áp dụng khuyên hàng có điều kiện. Còn đối với những Kẻ Lưu Đày ngoan cố, đã tạo thành rủi ro an toàn thì sẽ tiến hành tiễu trừ sấm rền gió cuốn.\n\nTuy nhiên, sự hình thành của xưng hô Kẻ Lưu Đày này đã có từ lâu, rất khó truy tìm "Kẻ Lưu Đày theo đúng nghĩa" đầu tiên xuất hiện khi nào.\n\nCó rất nhiều nguyên nhân trở thành Kẻ Lưu Đày, một tên trộm ăn trộm đồ không muốn bị Tuần Úy bắt giữ, một quân nhân chạy trốn trên chiến trường tự cảm thấy không còn mặt mũi đối mặt với chiến hữu, một Cộng Hưởng Giả tự xưng vũ lực đủ để tự vệ nhưng không muốn bị trói buộc bởi những luật lệ địa phương, đều có khả năng lựa chọn lưu lạc bên ngoài - muốn trở thành Kẻ Lưu Đày, trước tiên phải Đánh Bại một Kẻ Lưu Đày: Cho dù là ra tay tàn độc, hay là cướp đoạt công khai hay lén lút, cướp đi vòng cùm của người khác, tượng trưng cho việc cắt đứt và quyết đoán với xã hội xu hướng chính. Như vậy, mới có thể trở thành một Kẻ Lưu Đày được đồng nghiệp thừa nhận.
lang_multi_text.db	AreaReportContent_Text14	3.4	Hội thoại/Cốt truyện	Hệ thống/Thế giới			在野外生存的压力是巨大的，因此你不要指望一名流放者会具备多么文明礼貌的谈吐举止。大部分流放者都信奉弱肉强食的法则，在野外只有自己的肌肉与狡猾是最值得依赖的。他们会在营地内锻炼身体、训练武器，也会分辨一些特殊的植物或矿物，在山岭和水系中准确找到只有他们自己清楚的小径，甚至一定程度上掌握了如何不引起某些残象注意的方式。\n\n这些生存秘笈被不同团队的流放者视作生命般珍贵的财富，不过如果筹码合适，他们也不介意为市民、旅行者或商人提供付费服务，如充当打手、搜寻稀有材料或其他类似的不太能见光的任务。与流放者交易虽然并不算是违反今州的法律，但不受今州的法律保护。一旦他们认为你是一只好宰的肥羊，那么比起乖乖进行交易，他们更愿意把你洗劫一空之后随手扔在路边。\n\n只有极少数流放者还保存着尊严与操守，他们认为自己与官方势力只是道不同不相为谋，内心却仍然将自己视为真正的人类一份子。他们会在能力范围内扫除残象，守护聚落，甚至与不同族群的流放者达成互不侵犯的默契。	Surviving in the wilderness is a harsh and unforgiving challenge, which is why you should not expect an Exile to adhere to civilized norms. Most Exiles live by the law of the jungle, where strength and cunning are the only reliable assets. They train their bodies and hone their weapon skills in camps, learn to identify rare plants and minerals, and navigate secret paths through ridges and waterways that only they know. Some even develop techniques to avoid drawing the attention of the TDs.\n\nThese survival skills are regarded as treasures by various Exile factions, as valuable as life itself. But when the price is right, they don't mind offering their services to civilians, travelers, or merchants—acting as hitmen, searching for rare materials, or handling less-than-reputable jobs. Although trading with an Exile is not illegal in Jinzhou, it is also not protected by law. If an Exile sees you as easy prey, they may simply disregard any agreements, rob you clean, and leave you by the side of the road.\n\nOnly a rare few Exiles retain any sense of dignity or honor. While they reject the authorities, they consider themselves part of human society. These Exiles will fight against TDs when they can, defend their settlements, and sometimes even form unspoken pacts of non-aggression with other Exile factions.	野外で生き残ることは決して容易ではない。そのため、礼儀正しい話し方や振る舞いをする追放者の存在を期待しない方がいい。大多数の追放者は弱肉強食の法則を信じており、野外では自身の肉体と悪知恵だけが何よりも頼りになるのだ、と考えている。彼らは拠点内で体を鍛えながら武器の訓練を行ったり、特定の植物や鉱物の識別と、山中や河川で自分たちだけが知る小道を正確に見つけ出す方法を身につける。さらには特定の残像の気を引かない方法もある程度習得している。\n\nこうした生存の秘訣は、各集団の追放者から命と同等の、価値のある貴重な財産のように見なされているが、報酬が適切であれば、市民や旅行者、商人のために揉め事の解決や希少な材料探し、その他公にできないような依頼を請け負うこともいとわない。今州において追放者との取引は違法ではないが、法律による守りの範疇でもない。簡単に扱える獲物だと思われた場合、追放者はおとなしく取引をせず、根こそぎ奪い去った後に取引の相手を道端へと投げ捨てるだろう。\n\nほんの一部の追放者だけが、尊厳と節度をわきまえている。自身と統治者の勢力は方向性が異なるがゆえに協力しないだけだという認識だが、心の中では自らを真の人間の一員だと見なしている。彼らは能力の範囲内で残像を排除して集落を守りつつ、別の集団の追放者と互いに縄張りを侵害しない、という合意まで結んでいる。	Áp lực sinh tồn ngoài tự nhiên là vô cùng lớn, vì vậy bạn đừng mong đợi một Kẻ Lưu Đày sẽ có cử chỉ nói năng văn minh lịch sự cỡ nào. Hầu hết Kẻ Lưu Đày đều tin vào quy luật cá lớn nuốt cá bé, ở dã ngoại chỉ có cơ bắp và sự giảo hoạt của mình mới là điều đáng dựa vào nhất. Họ sẽ rèn luyện thân thể, rèn luyện vũ khí trong doanh trại, cũng sẽ phân biệt một vài thực vật hoặc khoáng vật đặc biệt, tìm chính xác những con đường mòn nhỏ xíu mà chỉ có chính họ mới biết rõ trong dãy núi và thủy hệ, thậm chí còn nắm vững cách không thu hút sự chú ý của một số Tàn Tượng ở một mức độ nào đó.\n\nNhững bí kíp sinh tồn này được Kẻ Lưu Đày của các đội khác nhau coi như tài sản quý giá tựa sinh mệnh, nhưng nếu tiền cược thích hợp, họ cũng không ngại cung cấp dịch vụ trả phí cho người dân, du khách hoặc thương nhân, ví dụ như làm tay sai, tìm kiếm nguyên liệu hiếm hoặc các nhiệm vụ tương tự không mấy quang minh chính đại khác. Mặc dù giao dịch với Kẻ Lưu Đày không bị coi là vi phạm luật pháp Kim Châu, nhưng không được luật pháp Kim Châu bảo vệ. Một khi họ cho rằng bạn là một con cừu béo dễ mổ thịt, thì so với việc ngoan ngoãn tiến hành giao dịch, họ càng muốn vứt bạn ở ven đường sau khi vơ vét sạch sẽ bạn hơn.\n\nChỉ có rất ít Kẻ Lưu Đày còn lưu giữ tôn nghiêm và tiết tháo, họ cho rằng mình và thế lực chính quyền chỉ là đạo bất đồng bất tương vi mưu, nhưng trong lòng vẫn coi mình là một phần tử thật sự của nhân loại. Họ sẽ quét sạch Tàn Tượng, bảo vệ tụ lạc trong phạm vi năng lực, thậm chí đạt được sự ăn ý không xâm phạm lẫn nhau với Kẻ Lưu Đày ở các tộc quần khác nhau.
lang_multi_text.db	AreaReportContent_Text15	3.4	Hội thoại/Cốt truyện	Hệ thống/Thế giới			《报告编号：94001》\n历时半个月，在做好万全准备后，我们终于跨越荒石高地，抵达了北落峡谷。\n由于地波气障的存在，即使配备了特殊的防护装置，北落峡谷也无法容许我们的大部队批量进入，为此才需要踏白小队提前探知情报，在将军所说的……岁主预言的时刻到来之前，做好准备。\n弯刀之役，虚月当空，月如弯刀……那场战役已经过去了，但时至今日，我们重新回到这峡谷里，仍能听见那些凄厉的嚎哭，分不清究竟是残象的模拟还是将士们的“幽灵”……多少人，在这场战役中，于分不清敌我的厮杀中，带着最痛苦的迷茫与绝望死去，我已经不敢回忆……在忌炎将军的推动下，华胥研究院已经配备出了抗溯洄雨药剂，我们面对溯洄雨并非无能为力。但在被鸣式力量增强的溯洄雨中作战，除非共鸣力加持，普通人根本无法承受那种心灵上的重压……\n曾经，因情报不足而导致的冒进，在弯刀之役中给予了我们惨痛的教训。忌炎将军带领我们从北落野的腹地杀出重围，随即在北落峡谷外就近建立破阵营，坚守至今，一刻不敢懈怠……同样的惨剧，我们绝对不能再经历第二次了。\n忌炎将军已带队在北落峡谷外吸引了大部分残象的注意，为我们争取到了宝贵的时间，必须抓紧机会进行勘察……地波气障会阻碍通讯信号的传输，个人一旦与大部队脱节，便很难再被定位系统追踪到。若在此处失去音讯……几乎与死亡无异。之后的路程，只能靠我们自己了，我们的每一步行动都必须慎之又慎。\n……\n一边隐匿踪迹躲避残象，一边对抗着地波气障的重压，队员们已经疲惫不堪……但终于，我们抵达了那道断崖。\n就沿途的经历来看，北落峡谷的运输能力严重不足，大型军工设备根本无法进入，甚至需要时刻提防落石的威胁。如果战斗在此爆发，普通人想要依靠驾驶重型黑石军械参与到这场战斗中来，几乎是无稽之谈。想来，也是因为考虑到这种情况，将军才会选择改制，仅允许具有拥有共鸣力的共鸣者们加入破阵营吧。\n向北落野的腹地望去，残破的废墟仍旧悬浮在那里。我们架设起远距离观测设备——那里充斥着异常狂躁的残象，空气里还常常能听到尖锐的怪声……那声音就像是，弯刀之役时的那只怪物。	<i>Report No.: 94001</i>\n\nAfter extensive preparations, we finally crossed Desorock Highland and reached Norfall Valley within two weeks.\n\nHowever, due to the presence of the Groundwave Barrier, even with our specialized protective gear, it was impossible to deploy our full force into the valley at once. As a result, the Outriders were sent ahead to conduct reconnaissance and prepare for the moment anticipated by the General and foretold by the Sentinel.\n\nIn the Battle Beneath the Crescent, the crescent moon of doom hung high in the sky... That battle is now in the past, yet upon returning to this valley, the echoes of tragic wails still linger in the air. It is impossible to tell if they are TD simulations or the "phantoms" of fallen warriors... Countless soldiers perished in unimaginable agony and desperation during that conflict, where allies and enemies were indistinguishable. I can hardly bring myself to remember those moments... Pushed by General Jiyan, Huaxu Academy developed the Retroact Rain antidote, meaning we were not completely defenseless. But when the Retroact Rain was enhanced by the Threnodian force, only those with Resonance powers could withstand its unrelenting strain on the mind. Ordinary soldiers were powerless to bear its crushing weight...\n \nDue to limited intelligence and reckless decisions, we paid a heavy price in the Battle Beneath the Crescent. General Jiyan led us through a narrow breach out of the Norfall Barrens, establishing Vanguard Base just outside Norfall Valley, where we have held our ground ever since. We cannot afford to let such a tragedy unfold again.\n\nGeneral Jiyan has drawn the attention of most TDs outside Norfall Valley, buying us crucial time to conduct reconnaissance. The Groundwave Barrier disrupts all communication signals, so if anyone is separated from the main force, the positioning system won't be able to track them again. Getting lost here is as good as a death sentence. From this point on, we're on our own. Every step must be taken with the utmost caution.\n\n...\n\nAfter a long journey spent covering our tracks, dodging the TDs, and bearing the pressure of the Groundwave Barrier, the team is utterly exhausted. But finally, we've made it to the cliff.\n \nFrom what we've seen along the way, transportation within Norfall Valley is severely restricted—far too narrow for large military machines, especially with the constant risk of falling rocks. If a conflict erupts here, the idea of ordinary people navigating heavy Tacetite machinery is practically impossible. This must be why General Jiyan shifted tactics, allowing only Resonators with Resonance Energy to join Vanguard Base.\n \nLooking toward the depths of the Norfall Barrens, we can see that the Ruins still hover in the distance. We set up the long-range recon device, revealing a swarm of highly agitated TDs moving restlessly amid eerie shrieks echoing through the air. That sound brings back memories of the monster in the Battle Beneath the Crescent.	『報告番号：94001』\n半月の準備期間を経て、私たちはついに石崩れの高地を越え、北落谷に到達しました。\n地波の気障の存在により、特別な防護装置があっても、北落谷に大部隊で一度に進入することはできません。そのため、踏白の小隊が事前に情報を探る必要があります。そして将軍の言う歳主の予言の時が訪れる前に、準備を整えなければなりません。\n湾刀の戦い、夜空の虚月は湾刀のごとし……戦いはすでに過ぎ去りましたが、再びこの峡谷に戻れば、今もあの悲痛な泣き声が聞こえてきます。あれは残像による模倣なのか、それとも戦士たちの「幽霊」なのか……敵も味方も分からない殺し合いの中で、この上ない苦しき迷いと絶望を抱えて死んでいった人はどれほどいたのか、思い出したくありません……忌炎将軍の支持の下で華胥研究院にて抗溯洄雨薬剤が用意され、私たちは溯洄雨を前にして無力ではなくなりました。しかし、鳴式の力によって強化された溯洄雨の中で戦うには、普通の人間なら、共鳴力のサポートなしにあの心の重圧に耐えることなどできません……\nかつて情報不足が引き起こした無謀な行動は、湾刀の戦いの中で私たちに痛ましい教訓を与えました。忌炎将軍は私たちを北落野原の奥地から突破させた後、すぐに北落谷の外に陣営を築き、今日まで守り続けています。一瞬たりとも気を抜くことはできません……同じ悲劇を、二度と繰り返してはならないのです。\n忌炎将軍は北落谷の外で大部分の残像の注意を引き、私たちのために貴重な時間を稼いでくれました。この機会を逃さずに、調査を行わなくてはなりません……地波の気障は通信信号の伝送を妨げるため、大部隊とはぐれてしまうと、再び位置情報システムで追跡するのが非常に難しくなります。ここで音信不通になることは……死んだも同然です。この後の道は、自身に頼るしかありません。一歩一歩、慎重に行動しなくてはなりません。\n……\n残像から身を隠しながら地波の気障の重圧に耐えてきた隊員たちは、すでに疲れ果てています……ですが、ついに私たちはその断崖に到達しました。\nこれまでの道のりからして、北落谷の輸送能力は深刻なほどに不足しており、大型軍需設備は一切搬入できず、常に落石を警戒しなくてはなりません。仮に戦闘がここで勃発すれば、一般人が大型黒石兵器を操縦してこの戦闘に参加するのはほぼ不可能と言っていいでしょう。となると、将軍は状況を考慮した上で共鳴力を持つ共鳴者のみがこの破陣営に参加できるよう、制度を変更したのでしょう。\n北落野原の奥地を見渡すと、壊れた廃墟がまだそこに浮かんでいるのが分かります。私たちは遠距離観測装置を設置しましたが――あの辺りには異常なほどに狂った残像であふれており、しばしば鋭い奇声が聞こえてきます……まるで、湾刀の戦いのあの怪物のような声です。	«Báo Cáo Mã Số: 94001»\nTrải qua nửa tháng, sau khi chuẩn bị xong mọi thứ, chúng tôi cuối cùng cũng vượt qua Cao Địa Hoàng Thạch, đến được Hẻm Núi Bắc Lạc.\nVì sự tồn tại của chướng khí sóng địa chấn, cho dù được trang bị thiết bị bảo hộ đặc biệt, Hẻm Núi Bắc Lạc cũng không thể cho phép đội quân lớn của chúng tôi tiến vào hàng loạt, vì vậy mới cần đội Đạp Bạch thăm dò tình báo trước, làm tốt công tác chuẩn bị trước khi thời khắc... Tuế Chủ tiên đoán mà tướng quân nói đến.\nTrận chiến Loan Đao, Vầng trăng hư ảo treo cao, Trăng như loan đao... Trận chiến đó đã qua rồi, nhưng cho đến ngày nay, chúng tôi quay lại hẻm núi này một lần nữa, vẫn có thể nghe thấy những tiếng gào khóc thảm thiết đó, không phân biệt được rốt cuộc là sự mô phỏng của Tàn Tượng hay là "U linh" của các tướng sĩ... Có bao nhiêu người, trong trận chiến này, trong sự chém giết không phân rõ địch ta, chết đi với sự mờ mịt và tuyệt vọng đau khổ nhất, mình đã không dám nhớ lại... Dưới sự thúc đẩy của Tướng Quân Jiyan, Viện Nghiên Cứu Hoa Tư đã điều chế ra dược tề chống Mưa Ngược Dòng, chúng ta đối mặt với Mưa Ngược Dòng cũng không phải bất lực. Nhưng chiến đấu trong Mưa Ngược Dòng được tăng cường sức mạnh Minh Thức, trừ phi có Cộng Hưởng Lực gia trì, người bình thường căn bản không thể chịu đựng được áp lực nặng nề về mặt tâm linh đó...\nTrước kia, vì thiếu hụt tình báo mà dẫn đến liều lĩnh, đã mang đến cho chúng tôi một bài học đau đớn trong Trận chiến Loan Đao. Tướng Quân Jiyan dẫn theo chúng tôi phá vòng vây từ nội địa của Bắc Lạc Dã, sau đó lập tức dựng Phá Trận Doanh ở gần bên ngoài Hẻm Núi Bắc Lạc, cố thủ đến nay, không dám lơi lỏng phút nào... Bi kịch tương tự, chúng ta tuyệt đối không thể trải qua lần thứ hai.\nTướng Quân Jiyan đã dẫn đội thu hút sự chú ý của phần lớn Tàn Tượng ở ngoài Hẻm Núi Bắc Lạc, tranh thủ được thời gian quý báu cho chúng tôi, phải nắm chặt cơ hội tiến hành khảo sát... Chướng khí sóng đất sẽ cản trở đường truyền tín hiệu thông tin liên lạc, một khi cá nhân tách rời khỏi đại đội, thì sẽ rất khó bị hệ thống định vị theo dõi được nữa. Nếu mất đi tin tức ở đây... gần như đồng nghĩa với cái chết. Hành trình sau đó, chỉ có thể dựa vào chính chúng tôi, mỗi một bước hành động của chúng tôi đều phải cẩn thận và thận trọng.\n...\nVừa giấu kín tung tích né tránh Tàn Tượng, vừa chống lại sức ép nặng nề của chướng khí sóng đất, các thành viên trong đội đã mệt mỏi rã rời... Nhưng cuối cùng, chúng tôi cũng đến được vách núi bị đứt gãy đó.\nXét theo những gì trải qua dọc đường, khả năng vận chuyển của Hẻm Núi Bắc Lạc thiếu hụt nghiêm trọng, thiết bị quân sự cỡ lớn căn bản không vào được, thậm chí cần phải luôn đề phòng mối đe dọa của đá lở. Nếu chiến đấu bùng nổ ở đây, người bình thường muốn dựa vào lái quân giới Hắc Thạch hạng nặng tham gia vào cuộc chiến đấu này, hầu như là chuyện vô căn cứ. Nghĩ đến, cũng là vì lo xét đến tình huống này, Tướng Quân mới chọn cách cải chế, chỉ cho phép các Cộng Hưởng Giả sở hữu sức mạnh Cộng Hưởng gia nhập Phá Trận Doanh đi.\nNhìn về nội địa của Bắc Lạc Dã, phế tích tàn tạ vẫn đang lơ lửng ở đó. Chúng tôi lắp đặt thiết bị quan sát tầm xa - Ở đó tràn ngập các Tàn Tượng cuồng táo bất thường, trong không khí còn thường xuyên nghe thấy những âm thanh sắc nhọn quái dị... m thanh kia giống như là, quái vật lúc Trận Chiến Loan Đao kia.
lang_multi_text.db	AreaReportContent_Text16	3.4	Hội thoại/Cốt truyện	Hệ thống/Thế giới			我们一直在搜集有关无相燹主的情报。在弯刀之役时，那只怪物的巨镰在战场上肆意收割生命，我们甚至亲眼目睹到……它在有意模仿我们的剑法与战术。这种能力与记载中，无相燹主“能够汲取战争的频率，以战养战”的能力类似……但那真的就是无相燹主吗？根据我们后续回收的种种资料来看，她展现出的频率与姿态更接近于“无冠者”……她或许只是无相燹主的先遣死士。\n在我们退守到北落峡谷外围后，她同样没有再度发起大规模的进攻，那么她的所为，可能只是在为无相燹主的进化汲取养分，为它的真正降临争取时间……“弯刀之役”，很可能就这样化作了它的盛宴。\n……\n小队观测到在悬浮废墟之后，有道微弱的紫光，一直在成规律地闪烁。先前有人注意到这股异状吗？难道是因为地波气障遮挡住了它的存在？它会是某种求救信号吗？难道北落野中还有幸存者……？但这个闪烁的频率，我总是有种说不上来的感觉……\n队员们商议过后，决定继续深入，准备自北落断崖降下，尝试接近悬浮废墟。但在下降的过程中，熟悉的感觉又一次出现了。我们发现，那道紫光似乎在跟随我们……我想起来了，这种闪烁的频率，这种感觉，就像是有某种物体，在眨眼……它就像是——在注视我们……\n\n边庭归档记录：\n踏白小队已基本完成对北落峡谷的探查，但在断崖处下降的过程中遭遇未知频率干扰，陷入高密度的残象包围圈。据忌炎将军所述，他借助风场感应到了踏白小队的遭遇，对后方部队下达协作指令后，强行突入地波气障，将小队成员成功带回。成员均无生命危险，小队仅损失了部分设备。然因地波气障影响，忌炎体内多处器官出现紊乱症状。休养期间，忌炎未曾离开破阵营半步。	We've been gathering intelligence on Ovathrax. In the Battle Beneath the Crescent, that creature took countless lives, and to our horror... we saw it deliberately mimic our swordplay and tactics. This ability resembles Ovathrax's recorded ability of "feeding on the frequencies of battle to fuel its own strength." But was that truly Ovathrax? According to the records we've compiled, the creature's frequency and stance align more closely with the Crownless. Most likely, it was just a vanguard sent by Ovathrax.\n\nAfter we withdrew to the outskirts of Norfall Valley, it ceased its assault, suggesting its real purpose was to gather strength—fueling Ovathrax's evolution and buying time for its ultimate arrival. The Battle Beneath the Crescent may well have served as its feast.\n\n...\n\nAfter conducting reconnaissance on the Suspended Ruins, the team observed a faint purple light blinking in a distinct pattern. Has anyone else noticed this anomaly before? Could the Groundwave Barrier have obscured its presence? Is it some sort of distress signal? Could there be survivors still in the Norfall Barrens? Yet, the frequency of the blinking fills me with a sense of unease...\n\nAfter discussing our options, the team decided to press forward and descend the Norfall Cliff in an attempt to get closer to the Suspended Ruins. But as we descended, that same unsettling feeling returned. We realized that the purple light seemed to be following us. The blinking frequency made me uneasy, reminding me of something blinking its eyes, as though it was watching us...\n\nArchived Record in the City Hall:\nThe Outriders team had completed most of the reconnaissance of Norfall Valley. However, during their descent from the cliff, they encountered interference from an unknown frequency. This disruption resulted in an ambush by a large number of TDs. According to General Jiyan's report, he sensed the situation through the winds and issued coordination orders to the rear forces. He then breached the Groundwave Barrier and successfully extracted the team. Fortunately, there were no casualties among the team members, though several devices were lost in the process. However, the strain of breaching the Groundwave Barrier caused multiple organ damage in General Jiyan. During his recovery, he remained at Vanguard Base.	これまでずっと、無相燹主に関する情報を集めてきました。湾刀の戦いの時、その怪物の巨大な鎌は戦場で無慈悲に命を刈り取っていました。さらには……奴が意図的に私たちの剣術や戦術を模倣しているのも目の当たりにしました。これは、記録にある無相燹主の「戦の周波数を吸収し、戦をもって戦をする」能力に似ています……しかし、あれは本当に無相燹主なのでしょうか？後に回収したさまざまな資料によると、彼女の周波数と姿はどちらかといえば「無冠者」に近い……彼女はおそらく無相燹主の特攻戦士に過ぎないのでしょう。\n私たちが北落谷の外側まで退却した後、彼女が再び大規模な攻撃を仕掛けてくることはありませんでした。今までの行動は、無相燹主の進化のために栄養を吸収し、その真の降臨のための時間稼ぎをしているだけかもしれません……「湾刀の戦い」は、こうして彼女の饗宴に変わったのでしょう。\n……\n空中廃墟の後方に、微弱な紫色の光が規則的に点滅しているのを小隊が観測しました。過去にこの異常に気づいた人は？もしや、地波の気障がその存在を遮っていた？あれは何らかの救助信号？北落野原に生存者が……？いずれにせよ、この点滅の周波数に何とも言えない感覚を覚えます……\n隊員たちで話し合った末に奥まで進むことを決定し、北落の断崖から降りて空中廃墟に近づくことを試みました。しかし、降りる途中で再び馴染みのある感覚がよみがえります。どうやらあの紫色の光は、私たちを追いかけているらしい……思い出しました、この点滅の周波数にこの感覚、何かの物体がまばたきをしているかのよう……まるで――こちらを見つめているかのような……\n\n辺庭アーカイブ記録：\n踏白の小隊は北落谷の探査をほぼ完了したものの、断崖を降りる過程で未知の周波数干渉に遭遇、高密度の残像包囲網に陥った。忌炎将軍の話では、風の場を利用して踏白の小隊の身に起こった出来事を感知した後、後方部隊に協力指令を出し地波の気障に強行突入、踏白の隊員を連れ帰ることに成功した。隊員は全員命に別状なく、小隊は一部の装置の損失を出すのみにとどまった。ただ地波の気障の影響により忌炎将軍の体内の器官に多くの乱れが見られたため、休養期間中は破陣営から一歩も離れなかった。	Chúng tôi vẫn luôn thu thập tình báo liên quan đến Vô Tướng Tiển Chủ. Trong Trận Chiến Loan Đao, chiếc lưỡi hái khổng lồ của con quái vật kia đã tự do thu hoạch sinh mạng trên chiến trường, chúng tôi thậm chí tận mắt nhìn thấy... Nó đang cố tình bắt chước kiếm pháp và chiến thuật của chúng tôi. Năng lực này tương tự với năng lực "Có thể hấp thụ tần số chiến tranh, lấy chiến nuôi chiến" của Vô Tướng Tiển Chủ trong ghi chép... Nhưng đó thật sự là Vô Tướng Tiển Chủ sao? Căn cứ theo các loại tài liệu mà chúng tôi thu hồi được sau đó mà xem, tần số và tư thế mà cô ta thể hiện ra càng gần với "Vô Quan Giả" hơn... Có lẽ cô ta chỉ là tử sĩ tiên phong của Vô Tướng Tiển Chủ.\nSau khi chúng tôi rút lui về ngoại vi Hẻm Núi Bắc Lạc, cô ta cũng không phát động tấn công quy mô lớn nữa, vậy những gì cô ta làm, có thể chỉ là đang hấp thụ chất dinh dưỡng để Vô Tướng Tiển Chủ tiến hóa, câu giờ cho sự giáng lâm thực sự của nó... "Trận Chiến Loan Đao", rất có thể cứ hóa thành bữa tiệc của nó như thế.\n...\nTiểu đội quan sát được sau phế tích lơ lửng có một tia sáng tím mờ nhạt vẫn luôn nhấp nháy theo quy luật. Lúc trước có ai chú ý tới tình trạng dị thường này không? Lẽ nào là vì chướng khí sóng địa chấn đã che giấu sự tồn tại của nó? Nó sẽ là một loại tín hiệu cầu cứu nào đó chăng? Lẽ nào trong Bắc Lạc Dã vẫn còn người sống sót...? Nhưng tần số nhấp nháy này, mình luôn có một cảm giác không nói nên lời...\nSau khi bàn bạc, các thành viên quyết định tiếp tục đi sâu hơn, chuẩn bị đi xuống từ vách núi Bắc Lạc, cố gắng đến gần phế tích lơ lửng. Nhưng trong quá trình đi xuống, cảm giác quen thuộc lại xuất hiện một lần nữa. Chúng tôi phát hiện ra ánh sáng tím kia dường như đang đi theo chúng tôi... Mình nhớ ra rồi, tần số nhấp nháy này, cảm giác này, giống như là có một vật thể nào đó đang chớp mắt... Nó giống như là đang - nhìn chăm chú chúng tôi...\n\nGhi chép lưu trữ của Biên Đình:\nTiểu đội Đạp Bạch đã cơ bản hoàn thành việc dò xét Hẻm Núi Bắc Lạc, nhưng trong quá trình đi xuống từ vách đứt gãy đã gặp phải sự can thiệp của tần số chưa biết, rơi vào vòng vây Tàn Tượng mật độ cao. Theo lời Tướng Quân Jiyan kể lại, mượn gió từ trận gió mà ngài đã cảm ứng được chuyện tiểu đội Đạp Bạch gặp phải, sau khi ban bố mệnh lệnh phối hợp cho bộ đội phía sau, thì mạnh mẽ lao vào chướng khí sóng địa chấn, mang các thành viên trong đội về thành công. Thành viên đều không gặp nguy hiểm về tính mạng, tiểu đội chỉ tổn thất một số thiết bị. Nhưng vì ảnh hưởng của chướng khí sóng địa chấn, nhiều cơ quan trong cơ thể Jiyan xuất hiện triệu chứng rối loạn. Trong thời gian an dưỡng, Jiyan chưa từng rời Phá Trận Doanh nửa bước.
lang_multi_text.db	AreaReportContent_Text17	3.4	Hội thoại/Cốt truyện	Hệ thống/Thế giới			这是一份来自心之集域的……索拉电影节的评审记录？\n天哪，居然有人在心之集域里过电影节？\n\n【纯真梦幻】奇幻冒险家多萝西 看过  9分\n太过分了！编剧实在是太过分了，呜呜呜我不能接受这个结局！为什么！阿九他曾经说过想给月慧一个好结局，什么叫做“我不想道别，也不想和你约定”，我不能接受！最后两个人坐着大鸟在天空重逢的那一幕的确是很美的……可是他们就不能回到过去么呜呜呜。太坏了，给你扣一分！\n\n【晴空祈愿】橘子小姐 看过 8分\n一部讨论爱情的电影，影片令我印象最深的一段就是阿九和月慧历经千辛万苦，终于回到最初初遇的那个呜呜物流站相见时的台词。这段对白很好的说明了爱情的本质是什么：填充生命的总归还是生活而不是浪漫，因为两个人和两只鸟不一样，往后的漫漫人生阿九会遇到更好的，也许也会迫使自己尝试忘记，但总有一些东西会提示你永远记住她，就像结尾他一个人在今州茶馆发呆时，看到的墙上的那张画。	This is... a record of movie reviews from the Solaris Film Festival in the Somnoire?\nOh my gosh, people actually held a film festival in the Somnoire?\n \nReview by [Pure Dream] Dorothy the Wonderous Adventurer; Rating: 9/10\n \nUgh, this is too much! The screenwriter is just... too much! I can't accept this ending! Why, why, why?! Jiu promised he'd give Yuehui a happy ending, but then he says, "I don't want to say goodbye, nor make promises with you." What does that even mean?! The final scene, with them reuniting on those big birds, was beautiful, yes... but why can't they just go back to how it was? Noooo! That sucked! I'm knocking off a point for this!\n\nReview by [Wishes Under a Clear Sky] Miss Orange; Rating: 8/10\n\nThis is a film about love, and the scene that sticks with me the most is when Jiu and Yuehui finally reunite at that Lollo Logistics station, the place where they first met. Their dialogue there really nailed the essence of love. It's not just about the romance, but the real, everyday life that makes us feel whole. People are unlike the two legendary birds. Sure, Jiu will eventually meet someone else, or maybe try to force himself to forget, but some things will always remind him of her. It's just like that last scene when he's lost in thought at the Jinzhou Teahouse, staring at the painting on the wall.	これは心の集域の……ソラ映画祭の映画レビュー？\n心の集域で映画祭を開催する人がいるなんて！\n\n【ピュアは夢幻に】奇幻冒険家ドロシー 見た 9点\nやりすぎ！脚本家は本当にひどすぎるよ！うう、こんな結末はムリ！どうして！キューは月慧を幸せにしてあげたいって言ってたのに、「さよならも、君との約束もしたくない」って何よ！こんなのやだ！最後に2人が大きな鳥に乗って空で再会するシーンは確かに美しいけど……過去に戻ることはもう無理かな。あんまりだよ、マイナス1点！\n\n【晴天の願い】みかんさん 見た 8点\n愛をテーマにした映画として最も印象に残ったシーンは、数々の苦難乗り越えたキューと月慧が、初めて出会ったブブ物流ステーションで再会した時のセリフです。このセリフは、愛の本質とは何かをよく表しています。人生というのは、結局のところロマンではなく生活です。2人は2羽の鳥とは違い、今後の長い人生でキューはより素敵な人に出会うかもしれませんし、記憶から消し去ろうとするかもしれません。ですが、ラストシーンの今州の茶屋で1人ぼんやりしながら壁の絵を見た時のように、これから先も折に触れて彼女を思い出すことでしょう。	Đây là một... biên bản đánh giá liên hoan phim Sola đến từ Tâm Chi Tập Vực?\nTrời ạ, lại có người đón liên hoan phim trong Tâm Chi Tập Vực sao?\n\n[Giấc Mộng Trong Trẻo] Nhà thám hiểm kỳ ảo Dorothy Đã xem 9 điểm\nQuá đáng! Biên kịch thực sự quá đáng rồi, hu hu hu tui không thể chấp nhận kết cục này! Tại sao! A Cửu anh ấy từng nói muốn cho Nguyệt Tuệ một kết thúc tốt đẹp, cái gì mà "Anh không muốn nói lời tạm biệt, cũng không muốn hứa hẹn với em", tui không thể chấp nhận! Cảnh cuối cùng hai người ngồi con chim lớn gặp lại nhau trên bầu trời quả thực rất đẹp... nhưng bọn họ không thể trở về quá khứ được sao hu hu hu. Quá tồi, trừ bạn một điểm!\n\n[Cầu Nguyện Trời Quang] Cô bé quả quýt Đã xem 8 điểm\nMột bộ phim thảo luận về tình yêu, đoạn làm mình ấn tượng sâu sắc nhất của bộ phim chính là lời thoại lúc A Cửu và Nguyệt Tuệ trải qua muôn vàn khó khăn, cuối cùng quay lại trạm hậu cần WooWoo gặp nhau lần đầu tiên. Đoạn đối thoại này đã nói rõ bản chất của tình yêu là gì: Thứ lấp đầy sinh mệnh rốt cuộc vẫn là cuộc sống chứ không phải lãng mạn, bởi vì hai người và hai con chim không giống nhau, cuộc đời dằng dặc về sau A Cửu sẽ gặp được người tốt hơn, có lẽ cũng sẽ ép mình cố gắng quên đi, nhưng luôn có thứ gì đó sẽ nhắc nhở bạn mãi mãi nhớ đến cô ấy, giống như khi anh ấy ngẩn ngơ một mình ở quán trà Kim Châu ở phần cuối, nhìn thấy bức tranh trên tường kia.
lang_multi_text.db	AreaReportContent_Text18	3.4	Hội thoại/Cốt truyện	Hệ thống/Thế giới			【深海孤独】纯白小鱼干 看过 10分\n不能够完全理解人类的情感，但并不妨碍我们品尝它的美味。满分，好吃喵。\n\n【死疫天枰】奥蕾莉亚 看过 8.3\n这部电影的制作剪辑非常老练，故事节奏张弛有度，在节奏相对松弛的环节，一些今州街头的手持跟随拍摄反而营造了优秀的氛围，成为我印象最深的镜头；片中跟随动作的进戏转场或是镜头的选用都非常考究，呜呜物流站避雨时关键的越轴反打也完成了意外事件的暗示。剧本方面，线性叙事娓娓道来了两位主角从相遇到分别的经历，整体结构上，最后收束回最初相遇的地方形成一个闭环，虽然规整老套但却真挚动人，将经典的剧本发挥得淋漓尽致。这部电影整体而言可以给到8.3分，是不可多得的佳作。	Review by [Deepsea Solitude] White Dried Fish; Rating: 10/10\n \nAlthough we can't fully understand human emotions, it doesn't stop us from savoring them. A solid 10! Yummy, meow.\n \nReview by [Scales of Death] Aurelia; Rating: 8.3/10\n \nThis movie's editing? Top-notch. The pacing? Chef's kiss. During the slower parts, the handheld shots on Jinzhou's streets really nailed the vibe. That moment lives on in my head rent-free. The transitions and camera choices, especially when following the characters, were so on point. And that reverse shot at the Lollo Logistics station during the rain? Pure brilliance. It hinted at the unexpected twist without giving anything away.\n\nStory-wise, it's a classic: the two leads meet, then part ways, with the plot coming full circle at the end. It's a little predictable and very tidy, but honestly, it works. It's sincere, and that's what makes it hit hard. I'm giving it an 8.3 because it's a true gem in today's world of cinema.	【深海の孤独】まっしろ干し魚 見た 10点\n人間の感情を完全に理解することはできなくても、その美しさを味わうことはできる。満点、美味しいニャ。\n\n【死疫の天秤】オーレリア 見た 8.3点\nこの映画の制作と編集は非常に洗練されており、ストーリーの流れにも緩急があります。テンポが比較的緩やかな部分では、今州の街頭でのハンドヘルド撮影がかえって優れた雰囲気を醸し出し、私の中で最も印象に残るシーンとなりました。動きに合わせたシーンの切り替えやカメラの選択も、細かく考慮されています。ブブ物流ステーションでの雨宿りの際には、大胆なカメラワークで予期せぬ出来事が起こることを暗示していました。脚本面では、時間軸に沿った物語が2人の主人公の出会いから別れまでを語っています。物語の構造は、ラストで最初の出会いの場所に戻って幕を閉じる形となっており、きちんとしていて古典的ではありながらも心打たれる感動的なストーリーであり、オーソドックスな脚本を見事に表現しています。この映画は総合的に8.3点をあげたいと思える、貴重な傑作です。	[Biển Sâu Cô Đơn] Cá Khô Nhỏ Trắng Tinh - Đã xem - 10 điểm\nDù không thể hoàn toàn hiểu được tình cảm của con người, nhưng điều đó không cản trở chúng ta thưởng thức hương vị thơm ngon của nó. Điểm tuyệt đối, ngon miệng meo.\n\n[Cán Cân Tử Dịch] Aurelia - Đã xem - 8.3 điểm\nKhâu sản xuất và cắt dựng của bộ phim này vô cùng lão luyện, nhịp độ câu chuyện được điều chỉnh rất tốt. Ở những phân đoạn có nhịp độ chậm hơn, các cảnh quay cầm tay bám theo nhân vật trên đường phố Kim Châu lại tạo ra bầu không khí tuyệt vời, trở thành cảnh quay khiến mình ấn tượng nhất; việc chuyển cảnh theo chuyển động hay lựa chọn góc máy trong phim đều được chăm chút vô cùng tỉ mỉ, góc máy đảo chiều đầy tinh tế lúc trú mưa ở Trạm Hậu Cần WooWoo cũng đã ngầm ám chỉ về những biến cố bất ngờ. Về mặt kịch bản, lối kể chuyện tuyến tính đã khắc họa rõ nét hành trình từ lúc gặp gỡ đến khi chia xa của hai nhân vật chính. Về cấu trúc tổng thể, cái kết đưa họ quay lại nơi lần đầu gặp mặt để tạo thành một vòng khép kín, tuy là một mô-típ quen thuộc nhưng lại vô cùng chân thành và cảm động, phát huy được trọn vẹn tinh túy của một kịch bản kinh điển. Nhìn chung, bộ phim này xứng đáng nhận 8.3 điểm, là một tuyệt tác hiếm có.
lang_multi_text.db	AreaReportContent_Text19	3.4	Hội thoại/Cốt truyện	Hệ thống/Thế giới			库塔塔发给新枝的员工手册第一页，这是一份关于黑海岸上层的基础信息汇总。\n\n作为救世与悲鸣预警的智库，黑海岸在过去也被称作“悲鸣观测的奇点”，与文明同行，在漫长的时间里负责悲鸣与海蚀现象观测。黑海岸的成员会去往世界各地的悲鸣区域收集遗留的残响样本，借助“泰缇斯系统”逆向解析悲鸣区遗留的残响，加以复现悲鸣发生的前兆与历程，并以此接近悲鸣的原点。借由残响样本的大量输入，以进一步提高悲鸣与海蚀现象预警的精度，从而帮助同盟降低悲鸣带来的损失。\n\n黑海岸岛链本身就是一块巨大的、蕴含着高维回音能量的黑石，这也成为了支持黑海岸“泰缇斯系统”巨大能耗的核心。而黑石频率的形成的巨大能量场，成为了黑海岸隐匿于海中的天然屏障。对组织外人员而言，需要得到黑海岸的邀请，才能因循守岸人的指引到达。	The first page of the New Branch Employee Handbook, distributed by KU-Tata. It provides an overview of the Black Shores ground level.\n \nAs the think tank for Lament prediction and world salvation, the Black Shores is also referred to as the "singularity for observing the Lament." Over the course of civilization, it has focused on studying the Lament and Waveworn Phenomena. Black Shores members travel globally to collect Reverberation samples from Lament zones, using the Tethys System to reverse-engineer them. Their goal is to replicate the premonitions and processes of the Lament in order to pinpoint its original source. By feeding a large volume of Reverberation specimens into the system, they aim to improve the accuracy of the Lament and Waveworn Phenomenon forecasts, reducing losses for their allies.\n\nThe Black Shores Archipelago is built on a massive piece of Tacetite, rich in high-dimensional Remnant Energy, which powers the endless computational cost of the Tethys System. Additionally, the vast energy field generated by the Tacetite's frequency forms a natural barrier that conceals the Black Shores within the seas. For those outside the organization, entry to the Black Shores is by invitation only, under the guidance of the Shorekeeper.	クタタが新人メンバーに配布したマニュアルの最初のページ。これは、ブラックショアの上層に関する基本情報をまとめたもの。\n\n救済と悲鳴の警告を担うシンクタンクとして、ブラックショアはかつて「悲鳴観測の特異点」と呼ばれ、文明の発展とともに歩みつつ、長い間悲鳴と海蝕現象の観測を担当してきました。ブラックショアのメンバーは世界中の悲鳴エリアへと赴き、残響サンプルを収集します。そして「テティスシステム」で悲鳴エリアに残された残響に対して逆解析を行い、悲鳴が発生する前兆及び経過を再現することで悲鳴の原因を突き止めようとしています。大量の残響サンプルを解析することで、悲鳴と海蝕現象の警告精度をさらに向上させ、悲鳴による同盟の損失を軽減します。\n\nブラックショア列島そのものが巨大な高次元の反響エナジーを含む黒石であり、これがブラックショア「テティスシステム」の巨大なエネルギー消費を支える核となっています。そして黒石周波数が形成する巨大なエナジーフィールドは、ブラックショアを海中に隠す天然障壁となっています。組織外の人間はブラックショアの招待を受けてから、ショアキーパーの案内の下でしかたどり着くことができません。	Trang đầu tiên của sổ tay nhân viên mà Ku-Tata gửi cho Tân Chi, đây là bản tóm tắt thông tin cơ bản về tầng trên của Bờ Biển Đen.\n\nLà một trung tâm tri thức cứu thế và cảnh báo trước Bi Minh, Bờ Biển Đen trong quá khứ cũng được gọi là "Điểm kỳ dị quan sát Bi Minh", đồng hành cùng nền văn minh, phụ trách quan sát hiện tượng xói mòn biển và Bi Minh trong suốt một thời gian dài. Thành viên của Bờ Biển Đen sẽ đi đến khu vực Bi Minh khắp thế giới thu thập mẫu tàn vang sót lại, mượn "Hệ Thống Tethys" phân tích ngược chiều tàn vang do khu Bi Minh để lại, để phục hiện điềm báo và quá trình xảy ra Bi Minh, đồng thời dựa vào đó tiến gần đến ngọn nguồn của Bi Minh. Nhờ vào việc đưa một lượng lớn mẫu tàn vang vào, để nâng cao độ chính xác của việc cảnh báo trước hiện tượng xói mòn biển và Bi Minh, từ đó giúp đồng minh giảm bớt tổn thất do Bi Minh mang đến.\n\nChuỗi đảo Bờ Biển Đen vốn là một khối Hắc Thạch khổng lồ ẩn chứa năng lượng tiếng vọng chiều không gian cao, điều này cũng trở thành cốt lõi hỗ trợ cho năng lượng khổng lồ hao tổn của "Hệ Thống Tethys" của Bờ Biển Đen. Mà trường năng lượng khổng lồ hình thành từ tần số Hắc Thạch, đã trở thành bức bình phong tự nhiên giúp Bờ Biển Đen ẩn nấp trong biển. Đối với nhân viên ngoài tổ chức, cần phải nhận được lời mời của Bờ Biển Đen, mới có thể đến được theo sự chỉ dẫn của Shorekeeper.
lang_multi_text.db	AreaReportContent_Text2	3.4	Hội thoại/Cốt truyện	Hệ thống/Thế giới			这今州是瑝珑边境的要塞关城，也是由外海进入瑝珑的第一道陆上口岸。那一道纵贯南北的云陵山脉将瑝珑分隔开来，六州关内，今州在关外。这山脉形同天堑，谷中则是入关的必经之路，也是瑝珑的咽喉，长久以来都由今州夜归的众将士昼夜把守。\n说起这瑝珑关外第一要塞的建制契机，却是始于昔日北落野无音区的生成，那不断引发残象潮的无音区祸害得关外满目疮痍。数月的战火过去，戍边的军团不敌源源不断的残象潮，只得一路退守至云陵谷，以此为最终界限。那最后的守关一役连绵数日，将士殊死奋战，阵地数次易手。此时瑝珑各州的海蚀现象亦进入活跃期，残象们似有首脑指引，意图在关内集聚。\n危难关头，六州向边关派来增援，戍士们死守云陵谷不退。拉锯战进行到极致时，那无冠者的诞生却霎时间打破了艰难维持的僵局。那无冠者所至时乌云蔽日、四野昏沉，众将士只觉呼吸都凝滞住，仅凭吊着一口气维系着战线，让其不至于崩溃，以牺牲换得时间，试图摧毁云陵谷口以阻隔残象潮——但，这也意味着大部戍士将随着残象一同被永远阻隔在关外。\n此攸关存亡之际，云陵谷深处传来了低沉的龙吟。那龙吟在谷中不断回荡，变得愈发声势浩荡，形同怒啸。吼声冲出谷口，冲开了试图涌入云陵谷的残象大军，戍士们忽见天空中游弋的龙影，云霞明灭之间拨云见日，万顷天光回落大地。但见金瞳异人的身影亘于残象潮与戍士间，与无冠者呈对垒之势，六州的增援旋即赶到。甲光向日，金鳞洞开。劫后余生的戍士们同仇敌忾，终于将残象潮和那无冠者退治到中曲以北。\n此役后，关外大地浴火重生。鸣式与神兽皆现，建都则势在必行，而这第七州就承担瑝珑关城的职责，取「关津」之「津」音，「龙吟解困」之「吟」形，定名为「今」，故名今州。	Jinzhou, the fortress city that guards the border of Huanglong, also stands as Huanglong's first border of entry for those arriving from overseas. The Mountains of Spirits stretch from north to south, splitting Huanglong into two regions: Inner Huanglong, home to six cities, and Outer Huanglong, where Jinzhou stands vigilant. These mountains form a natural barrier, with the gorges acting as the only gateway into Inner Huanglong, protected day and night by Jinzhou's Midnight Rangers.\n \nThe establishment of the first fortress in Outer Huanglong began with the emergence of the Norfall Barrens Tacet Field, where TD Outbreaks began to ravage the region. After enduring months of grueling combat, the army could no longer withstand the onslaught of the TD Outbreaks and was forced to retreat to the Gorges of Spirits, making their final stand. The warriors held their ground for days, fiercely battling as the defense lines were breached and reclaimed multiple times. During this time, the Waveworn Phenomenon across Huanglong appeared to be in an active phase, and it seemed as though the TDs were being led by a mysterious leader, aiming to converge in Inner Huanglong.\n\nAt the critical moment, reinforcements from the six cities were dispatched to the Gorges of Spirits, where the border warriors were still fighting with unwavering resolve. As the battle reached its peak, the appearance of the Crownless shattered the stalemate. Wherever the Crownless manifested, darkness enveloped the sky, and an oppressive atmosphere took hold, suffocating the warriors. Still, they held the line, willing to sacrifice themselves to buy time to destroy the entrance to the Gorges of Spirits and halt the TD Outbreak. They did so knowing it would trap most of them in Outer Huanglong with the TDs forever.\n \nIn that moment of life and death, a mighty Loong's roar emerged from the depths of the Gorges of Spirits, reverberating like thunder across the land. The roar burst forth from the Gorge, forcing back the TD army poised to flood in. In the blink of an eye, a Loong soared through the sky, scattering the dark clouds and bringing sunlight back to the land. Then, an otherworldly figure with golden eyes appeared, standing between the TDs and the warriors, confronting the Crownless in a fierce standoff. As the poem goes, "Armors gleam golden with Loong scales in the sun." As reinforcements from the six cities arrived, the united forces drove the TD Outbreaks and the Crownless back to the northern reaches of the Central Plains.\n \nAfter this battle, Outer Huanglong was reborn from the ashes. The emergence of both the Threnodian and the holy creature signaled the need for a new city to rise and serve as Huanglong's border stronghold. Drawing inspiration from the "Jin" sound in "Guan Jin," meaning "the pass," and the form of Jin from the character symbolizing the roar of a Loong, this city was named Jinzhou.	ここ今州は瑝瓏の辺境にある要塞の関所であり、外海から瑝瓏に入るための最初の陸上の門戸でもある。南北に広がる雲陵山脈が瑝瓏を隔てており、六州は関内に、今州は関外にある。山脈は天然の壁となっており、関所に入るためには必ず谷間を通過しなくてはならない。瑝瓏の要衝の地でもあるここは、昼夜問わず長い間今州の夜帰の兵士に守られてきた。\nこの瑝瓏関外第一要塞の建設は、かつて北落野原に無音区が現れたことがきっかけだ。この無音区によって頻繁に残像潮が発生し、関外は荒廃を極めた。戦いは数ヶ月間続き、辺境の守備軍は次から次へと襲いかかる残像潮に太刀打ちできず、雲陵谷までの退却を余儀なくされ、後にこの地を最後の防衛線と定めた。数日間にわたる最終防衛戦で兵士たちは死に物狂いで戦い、陣地を奪い合った。この時、瑝瓏各州の海蝕現象も活動期に入り、残像たちは何者かの指揮を受けているかのように、関内に集まろうとしていた。\n危機が迫る中、六州は辺境へと増援を派遣し、守備兵たちも一歩も退かず雲陵谷を死守する。互角の攻防戦が極限に達した頃、かろうじて保たれていた均衡は、無冠者の誕生によって一瞬で崩れることとなった。無冠者が現れた時、黒雲が空を覆い、辺りは暗く沈み始める。息詰まるような空気の中、兵士たちは防衛戦が突破されないよう、わずかな気力で陣形を維持し続けていた。犠牲を払いつつ時間を稼ぎ、残像潮を阻止するために雲陵谷の入り口を破壊しようと試みるが――それは多くの守備兵が、残像とともに永遠に関外へと締め出されることを意味する。\n存亡が危ぶまれたその瞬間、雲陵谷の奥深くから龍の低い唸り声が聞こえてきた。声は絶え間なく谷間に響き渡り、怒れる咆哮のように強大になっていく。やがてそれは雲陵谷の入り口を突き抜け、押し寄せる残象の大軍を一気に押し戻した。守備兵たちは、空を舞う龍の影と、たなびく黒雲の隙間から差し込む大地を照らす光、そして残像潮と守備兵の間に立つ金眼の人物が、無冠者と対峙する様子を目にした。ほどなくして六州の援軍が駆けつけ、その眩い姿に兵士たちは士気が高まった。九死に一生を得た守備兵たちは一致団結し、ついに残像潮と無冠者を中部の北へと追いやった。\nこの戦火を経て関外の地は再び生まれ変わり、鳴式と神獣の出現により、都の建設は急務となった。瑝瓏の関所としての役割を担うこの第七州は、「龍吟（龍の唸り）苦境を破る」の「吟」のつくりから「今」字が用いられ、今州と名付けられた。	Kim Châu này là pháo đài biên giới của Hoàng Long, cũng là cửa khẩu trên đất liền đầu tiên từ biển ngoài đi vào Hoàng Long. Dãy núi Vân Lăng chạy dọc Nam Bắc đã chia cắt Hoàng Long ra, Lục Châu ở trong quan, Kim Châu ở ngoài quan. Dãy núi này như một lạch trời, còn thung lũng là con đường tất yếu để nhập quan, cũng là yết hầu của Hoàng Long, từ lâu đã do Dạ Quy Kim Châu ngày đêm canh giữ.\nNói về cơ hội xây dựng đệ nhất pháo đài ngoài quan Hoàng Long này, lại bắt đầu từ sự hình thành Vùng Vô Thanh Bắc Lạc Dã ngày trước. Vùng Vô Thanh liên tục gây ra thủy triều Tàn Tượng đã tàn phá ngoài quan thành cảnh điêu tàn. Khói lửa chiến tranh trải qua mấy tháng, quân đoàn biên phòng không địch lại được thủy triều Tàn Tượng liên miên không dứt, đành phải lui về cố thủ thung lũng Vân Lăng, lấy đây làm giới hạn cuối cùng. Trận chiến giữ quan cuối cùng kéo dài mấy ngày, tướng sĩ liều mạng chiến đấu, trận địa đổi chủ mấy lần. Lúc này hiện tượng xói mòn biển các châu Hoàng Long cũng tiến vào thời kỳ hoạt động, bọn Tàn Tượng tựa hồ có thủ lĩnh chỉ dẫn, có ý đồ tập trung lại ở trong quan.\nLúc nguy nan, Lục Châu phái viện binh đến biên quan, binh lính canh giữ tử thủ thung lũng Vân Lăng không lùi. Lúc chiến tranh giằng co kéo dài tới cực hạn, sự ra đời của Vô Quan Giả kia lại chớp mắt phá vỡ thế bí khó khăn duy trì. Chỗ Vô Quan Giả kia đến mây đen che khuất mặt trời, bốn bề mờ mịt, chúng tướng sĩ chỉ cảm thấy hô hấp đều đình trệ, chỉ dựa vào một ngụm khí duy trì chiến tuyến để không bị sụp đổ, lấy hy sinh đổi lấy thời gian, ý đồ phá hủy cửa thung lũng Vân Lăng để ngăn cản thủy triều Tàn Tượng - nhưng điều này cũng có nghĩa là phần lớn binh lính sẽ bị nhốt lại ngoài quan cùng Tàn Tượng mãi mãi.\nLúc sống còn này, chỗ sâu thung lũng Vân Lăng truyền đến tiếng rồng ngâm trầm thấp. Tiếng rồng ngâm kia không ngừng vang vọng trong thung lũng, trở nên càng thêm to lớn, như một tiếng rống giận. Tiếng gầm xông ra khỏi miệng cốc, đánh văng đại quân Tàn Tượng đang ý đồ tràn vào thung lũng Vân Lăng, các binh lính bỗng thấy bóng rồng bay lượn trên bầu trời, mây mù chớp tắt gạt mây nhìn thấy mặt trời, hàng vạn luồng ánh sáng rơi xuống đất. Lại thấy bóng dáng dị nhân đồng tử vàng vắt ngang giữa thủy triều Tàn Tượng và binh lính, hiện thế đối chọi với Vô Quan Giả, viện binh của Lục Châu lập tức chạy đến. Ánh sáng giáp chiếu mặt trời, vảy vàng mở rộng. Các binh lính sau kiếp nạn đồng lòng thù ghét, rốt cục cũng đuổi được thủy triều Tàn Tượng và Vô Quan Giả kia về phía Bắc Trung Khúc.\nSau trận chiến này, đại địa ngoài quan dục hỏa trùng sinh. Minh Thức và Thần thú đều hiện, việc kiến đô thì bắt buộc phải làm, mà đệ thất châu này đã gánh vác chức trách quan thành Hoàng Long, lấy âm "Tân" trong "Quan Tân", hình "Ngâm" của "Long Ngâm Giải Khốn", định tên là "Kim", nên gọi là Kim Châu.
lang_multi_text.db	AreaReportContent_Text20	3.4	Hội thoại/Cốt truyện	Hệ thống/Thế giới			黑海岸的地上的群岛以岛屿为单位划分职能，分别用于人事管理、发布预警信息、接待外国使节，或作为黑海岸客卿与执花的生活区、整备区。\n而黑海岸真正的核心工作区位于地下的“泰缇斯之底”，也是任何非黑海岸成员无法进入的机密场所。\n\n长久以来，黑海岸持续收集残响数据、招贤纳士，与各国接洽以推进解析悲鸣的协同计划。\n作为救世组织，黑海岸需要降低文明遭受侵害，协助同盟势力进行避险，并提供重建支援，或以中立身份作为灾害应对的顾问，不过值得一提的是，黑海岸仅地表区域对各国使节开放，地表地区负责访客接待、日常事务与信息收发。	Each area within the Black Shores Archipelago serves a specific function, including personnel management, issuing warnings, hosting international envoys, and providing living and preparation areas for Black Shores Consultants and Bloom Bearers.\n\nIts true core, however, lies deep underground in Tethys' Deep—a highly classified zone off-limits to anyone outside the organization.\n\nFor years, the Black Shores has been collecting Reverberation data, recruiting skilled personnel, and liaising with other nations to advance efforts in analyzing the Lament.\n\nAs a global salvation organization, the Black Shores aims to minimize the impact of the Lament on civilization, help allies avoid threats, assist with reconstruction, and offer neutral advisory services during disasters. Notably, only the ground level is accessible to international envoys, where visitors are welcomed, daily affairs are managed, and information is exchanged.	ブラックショアの地上にある群島は島ごとに機能が分かれており、人事管理、警告情報の発信、外国使節の接待、またはブラックショア協力者と花持ちの生活エリア、整備エリアの用途で使用されています。\nブラックショアの真の核心作業エリアは地下の「テティスの底」に位置しており、ブラックショアのメンバー以外は誰も入ることができない機密エリアです。\n\n長い間、ブラックショアでは残響データの収集や優秀な人材の募集、各国と連携して悲鳴の解析を進める共同計画を推進してきました。\nブラックショアは、救済組織として文明の侵害防止や同盟勢力の避難及び再建の支援に努めています。また、中立的な立場での災害アドバイザーとしても活動しています。ただし、各国の使節に開放されているのはブラックショアの地表エリアのみで、ここでは訪問者の受け入れや日常業務、情報の送受信が行われています。	Quần đảo trên mặt đất của Bờ Biển Đen phân chia chức năng theo đơn vị hòn đảo, lần lượt dùng để quản lý nhân sự, công bố thông tin cảnh báo, tiếp đón sứ giả nước ngoài, hoặc làm khu sinh hoạt, khu chỉnh trang của khách khanh và Chấp Hoa Bờ Biển Đen.\nCòn khu vực làm việc cốt lõi thực sự của Bờ Biển Đen nằm ở "Đáy Tethys" dưới lòng đất, cũng là nơi cơ mật mà bất cứ người nào không phải là thành viên Bờ Biển Đen đều không thể vào.\n\nTừ lâu, Bờ Biển Đen không ngừng thu thập dữ liệu tàn vang, chiêu hiền nạp sĩ, đàm phán với các quốc gia để thúc đẩy kế hoạch hợp tác phân tích Bi Minh.\nLà một tổ chức cứu thế, Bờ Biển Đen cần giảm thiểu sự xâm hại mà nền văn minh phải chịu, hỗ trợ các thế lực đồng minh tránh rủi ro, và cung cấp hỗ trợ tái thiết, hoặc đóng vai trò cố vấn ứng phó thảm họa với tư cách trung lập, nhưng đáng nhắc tới là, Bờ Biển Đen chỉ mở khu vực trên mặt đất cho sứ giả các nước, khu vực trên mặt đất phụ trách tiếp đón khách đến thăm, công việc hàng ngày và thu phát thông tin.
lang_multi_text.db	AreaReportContent_Text21	3.4	Hội thoại/Cốt truyện	Hệ thống/Thế giới			《关于辉萤矿的报告》\n\n虎口矿场为复合型矿场，主要产出资源为辉萤石，同时有多种伴生矿物与少量黑石矿产出。\n\n关于虎口矿坑的形成，华胥研究院与天工经过历时多年联合考察一致得出结论——\n海蚀现象引发的地壳变动，改变了今州的板块结构，将千万年前的矿石翻到了上层，辉萤石继而进入了人类的视野。\n关于辉萤石矿脉的初步勘察结论如下：\n\n形态：大部分辉萤石的结构为立方体单体或多个穿插，其方正的形状也为采集提供了一定的便利。高温可融，融化后易塑形。\n特性：辉萤石因其特殊的形成方式，使得辉萤石的内部结构呈现出如同电路一般的排布方式，是绝佳的半导体片材。\n应用：可作为终端与信标的晶片，用于各类精密元器件的制造（需进一步评估）。	<i>Report on Lampylumen</i>\n \nThe Tiger's Maw Mine primarily produces Lampylumen along with other ore deposits, as well as a minor quantity of Tacetite ores.\n\nFollowing years of joint research by Huaxu Academy and the Ministry of Development, a unanimous conclusion has been reached regarding the formation of the Tiger's Maw.\n\nThey found that tectonic shifts caused by the Waveworn Phenomenon altered the plate tectonics in Jinzhou, uplifting ore deposits formed tens of millions of years ago to the upper crust and introducing Lampylumen into the domain of human knowledge.\n\nThe initial survey of the Lampylumen veins has led to the following conclusions:\n\nForm: Lampylumen typically has a cubic structure, often found as singular cubes or stacked formations, and its rectangular shape allows for easy extraction. It melts at high temperatures, making it easy to shape.\n\nProperties: Due to its unique formation, Lampylumen has an internal structure arranged like an electrical network, making it an ideal material for semiconductor sheets.\n\nApplication: Lampylumen can be used in chips for Terminals and Resonance Beacons, as well as in the manufacturing of various high-precision components (further assessment required).	『輝光石鉱山に関する報告』\n\n虎口採掘場は複合型採掘場で、輝光石の産出を主とし、同時に多種の鉱物と少量の黒石鉱石を産出する。\n\n虎口採掘場の形成について、華胥研究院と天工は長年の共同調査を経て、一致した結論に至った――\n海蝕現象による地殻変動で今州のプレート構造に変化が生じ、一千万年前の鉱石が上層に押し上げられたことで、輝光石は人類の視界に入る位置に移動した。\n輝光石鉱脈に関する初歩的な調査の結論は以下の通り。\n\n形態：大部分の輝光石の構造は立方体の単体もしくは複数の交差から成り立っており、その角ばった形状は採集する上で比較的便利。高温で溶け、溶けた後は成形しやすい。\n特性：輝光石はその特異な形成方法により内部構造が回路のようになっているため、優れた半導体材料となる。\n応用：デバイスと信号塔のチップとして使用でき、さまざまな精密部品の製造に利用可能（さらなる検証が必要）。	«Báo cáo về quặng Huy Huỳnh»\n\nMỏ Khoáng Miệng Hổ là khu mỏ phức hợp, tài nguyên sản xuất chính là quặng Huy Huỳnh, đồng thời có nhiều loại khoáng vật đi kèm và một lượng nhỏ khoáng sản Hắc Thạch.\n\nVề sự hình thành của Hố Mỏ Miệng Hổ, Viện Nghiên Cứu Hoa Tư và Thiên Công trải qua nhiều năm hợp tác khảo sát đã thống nhất đưa ra kết luận -\nSự thay đổi vỏ trái đất do hiện tượng xói mòn biển gây ra đã thay đổi cấu trúc mảng kiến tạo của Kim Châu, lật tung quặng đá có từ ngàn vạn năm trước lên tầng trên, đá Huy Huỳnh từ đó đã bước vào tầm nhìn của con người.\nKết luận khảo sát sơ bộ về mạch khoáng đá Huy Huỳnh như sau:\n\nHình thái: Cấu trúc của hầu hết đá Huy Huỳnh là các khối lập phương đơn lẻ hoặc nhiều khối đan xen nhau, hình dạng vuông vức của nó cũng mang lại sự tiện lợi nhất định cho việc thu thập. Có thể tan chảy ở nhiệt độ cao, sau khi tan chảy dễ tạo hình.\nĐặc tính: Đá Huy Huỳnh bởi vì phương thức hình thành đặc biệt của nó, khiến cho cấu trúc bên trong của đá Huy Huỳnh có cách sắp xếp giống như mạch điện, là một tấm bán dẫn tuyệt vời.\nỨng dụng: Có thể dùng làm chip của thiết bị đầu cuối và tín hiệu, dùng để sản xuất các loại linh kiện tinh vi (cần đánh giá thêm).
lang_multi_text.db	AreaReportContent_Text22	3.4	Hội thoại/Cốt truyện	Hệ thống/Thế giới			《关于失温症的报告》\n\n新勘探的T36E8号矿洞中涌现了低温迷雾，特殊的嗡鸣声伴随着迷雾不断蔓延。在探明迷雾源之前，暂停T36E8号矿洞的勘探工作。\n低温迷雾出现后，开采器械无法达到运行温度无法报警。多为矿工的健康监测表出现低温报警，夜归小队深入矿洞中，展开紧急救援。\n伤员的救治工作转交由华胥研究院的医疗科进行。天工已派遣防事科进一步封锁T36E8号矿洞。\n谵妄、幻听、失温……伤员们的种种临床表现与指征无法通过常规的医疗手段缓解，初步判定为残象袭击导致的安全事故。	<i>Report on Hypothermia Incident</i>\n\nThe newly surveyed mine, designated T36E8, has developed a freezing fog accompanied by an unusual buzzing sound that spreads with the mist. Until the source of the fog is identified, all survey operations in mine T36E8 have been suspended.\n\nFollowing the appearance of the freezing fog, mining machinery has been unable to reach operating temperatures or issue safety warnings. Multiple health monitors on-site have reported hypothermia warnings among workers. The Midnight Rangers have entered the mine to conduct an emergency rescue.\n\nWounded miners have been transferred to the Medical Division of Huaxu Academy. In response, the Ministry of Development has deployed the Defense Division to secure and lock down the T36E8 site.\n\nSymptoms among the affected miners include delirium, hallucinations, and hypothermia. These conditions, along with abnormal vital signs, have not responded to standard medical treatments. The preliminary assessment points to a potential assault incident involving TDs.	『低体温症に関する報告』\n\n新たに探査が行われたT36E8号鉱洞では低温の霧が発生し、奇妙なブンブンという音が霧とともに広がっている。霧の発生源を特定するまでの間、T36E8号鉱山の探査作業を一時停止する。\n低温の霧が発生すると、掘削機は運転可能温度に達することができず、警報が鳴らせない。多くの場合は鉱山労働者の健康チェック表に低温警報が発生し、夜帰のチームが鉱洞へと入り、緊急救助活動を展開する。\n負傷者の治療は華胥研究院の医療課に引き継がれ、天工は防事科を派遣してT36E8号鉱洞のさらなる封鎖を行った。\nせん妄、幻聴、低体温……こうした負傷者たちのさまざまな症状は通常の医療手段では緩和できず、初見では残像襲撃による事故だと判断された。	«Báo cáo về chứng mất nhiệt»\n\nSương mù nhiệt độ thấp xuất hiện trong hầm mỏ T36E8 mới được thăm dò, tiếng ù ù đặc thù kèm theo sương mù không ngừng lan ra. Tạm dừng công tác thăm dò hầm mỏ T36E8 trước khi tìm ra nguồn gốc của sương mù.\nSau khi sương mù nhiệt độ thấp xuất hiện, máy móc khai thác không thể đạt tới nhiệt độ vận hành không thể báo động. Đa số đồng hồ theo dõi sức khỏe của thợ mỏ xuất hiện báo động nhiệt độ thấp, tiểu đội Dạ Quy thâm nhập vào trong hầm mỏ, triển khai cứu viện khẩn cấp.\nCông tác cứu chữa người bị thương chuyển giao cho khoa y tế Viện Nghiên Cứu Hoa Tư tiến hành. Thiên Công đã phái khoa phòng sự tiến thêm một bước phong tỏa hầm mỏ T36E8.\nMê sảng, ảo thính, mất nhiệt... Các loại biểu hiện và dấu hiệu lâm sàng của người bị thương không thể giảm bớt bằng phương pháp y tế thông thường, bước đầu nhận định là tai nạn an toàn do Tàn Tượng tập kích.
lang_multi_text.db	AreaReportContent_Text23	3.4	Hội thoại/Cốt truyện	Hệ thống/Thế giới			一份先行公约撰写的旅游指南，是关于乘霄山虹镇温泉的特别报道。\n\n【极致治愈的仙境旅馆】落泉居！\n落泉居是虹镇传承数百年的温泉旅馆，依山而建，靠泉坐落，和其他店家一样保有着独特建筑的风貌。自乘霄山的时流解封后，落泉居也终于开放了对外接待的服务——清冷的白雪飘舞，蒸汽在橘黄灯光中升腾，躺在这样惬意的温泉中凝望乘霄山上层层叠叠的山峦和朦胧雪景，能够治愈您心中一切疲惫和创伤！大部分游客都在离开虹镇后有种亦真亦幻、如访仙境的留恋感，使这里一跃成为全瑝珑最受欢迎的温泉圣地！\n\n【温泉蛋挑战】完美流心！\n作为全索拉里斯至今传承最久的温泉旅馆，落泉居从住宿到吃食，都完整地保留了原汁原味的乘霄山特色，受到广大住客的一致好评。落泉居的旅馆老板是远近闻名的饕餮，最懂得享受生活，享受美食。依靠温泉得天独厚的优势，他独创了温泉漫煮烹饪法，可以将食物放入密封陶罐，再放于温泉水中浸煮。\n每年落泉居会举办温泉蛋挑战赛，根据参赛者煮出温泉蛋的流心状态来决定胜负，据说冠军可以获得一年的免费住宿权！	A tourism guide penned by the Pioneer Association, featuring reports on the Hongzhen hot spring in Mt. Firmament.\n\n[Tranquility’s Healing Touch] Spring's Taste\n\nSpring's Taste is a centuries-old hot spring inn nestled in Hongzhen, set against the foothills beside a natural hot spring and known for its distinctive architectural style. After the slowed time flow on Mt. Firmament was lifted, the inn has finally opened to outside visitors. Here, snowflakes drift down as steam rises into the warm glow of lantern light, creating a serene atmosphere for guests soaking in the hot spring, with views of the undulating, snow-laden mountains in Mt. Firmament. This experience promises to dissolve all fatigue and stress! Many visitors leave Hongzhen with a lingering sense of awe and wonder, as though they've glimpsed a celestial realm—making Spring's Taste the top hot spring destination in all of Huanglong!\n \n[Hot Spring Egg Challenge] Perfect Coddled Egg\n \nAs the oldest hot spring inn on Solaris-3, Spring's Taste offers food and lodging that reflect the authentic essence of Mt. Firmament, earning unanimous praise from its guests. The owner is a renowned foodie with a deep love for life and gourmet cuisine. Taking full advantage of the natural hot spring, he invented a unique method of "hot spring slow cooking," where food is sealed in jars and soaked in the hot spring to cook slowly.\n \nEach year, Spring's Taste hosts a Hot Spring Egg Challenge, where participants compete to cook the perfect egg with a custard-like yolk. The winner is said to earn a year of free accommodations at the inn!	先駆条約が作成した旅行ガイドで、乗霄山の虹鎮温泉についての記事。\n\n【とことん癒しの仙境旅館】落泉居！\n落泉居は虹鎮にある数百年の歴史を持つ温泉旅館で、山のふもとの温泉近くに位置し、他の旅館と同様に独特の建築様式を持っています。乗霄山の時の流れが解かれた後、落泉居はついに外部に向けたおもてなしサービスがスタートしました――冷たい白雪が舞い、オレンジ色の灯りの中で蒸気が立ち上る。心地良い温泉に浸かりながら乗霄山に連なる山々と淡い雪景色を眺めることで、心の疲れと傷をすべて癒すことができますよ！虹鎮を離れた観光客のほとんどが、夢うつつの仙境を訪れたかのような名残惜しさを感じます。そのような体験ができる落泉居は、瑝瓏全域においてまさに今一番人気の温泉の聖地！\n\n【温泉卵チャレンジ】パーフェクトなとろとろ！\n全ソラリスで最も長い歴史を持つ温泉旅館として、落泉居は宿泊から食事に至るまで乗霄山の特徴を完全に保ち、多くの宿泊客から高い評価を得ています。落泉居の主人は有名な美食家で、ライフスタイルや美食の楽しみを誰よりも心得ています。そこで温泉ならではのメリットを活かし、陶器の密封容器に食材を入れて温泉水に浸して調理する「温泉じっくり煮込み調理法」を独自に考案しました。\nここ落泉居では、温泉卵チャレンジ大会が毎年開催されます。煮込んだ温泉卵のとろとろ具合で参加者の勝敗が決まり、優勝者は1年間の無料宿泊権が得られるそうですよ！	Một cuốn sách hướng dẫn du lịch do Hiệp Ước Tiên Phong biên soạn, là bản báo cáo đặc biệt về suối nước nóng Thị Trấn Hồng của Núi Thừa Tiêu.\n\n[Khách sạn tiên cảnh chữa lành cực độ] Cư Xá Lạc Tuyền!\nCư Xá Lạc Tuyền là khách sạn suối nước nóng được truyền lại hàng trăm năm ở Thị Trấn Hồng, được xây dựng tựa vào núi, nằm cạnh dòng suối, giữ được phong mạo kiến trúc độc đáo giống như những quán khác. Kể từ khi dòng thời gian của Núi Thừa Tiêu được giải phong, Cư Xá Lạc Tuyền cuối cùng cũng đã mở dịch vụ tiếp đón người ngoài - Bạch tuyết lạnh lẽo bay múa, hơi nước bốc lên trong ánh đèn vàng cam, nằm trong suối nước nóng dễ chịu như vậy ngắm nhìn những dãy núi trùng trùng điệp điệp và cảnh tuyết mông lung trên Núi Thừa Tiêu, có thể chữa lành mọi mệt mỏi và tổn thương trong lòng bạn! Đa số du khách sau khi rời khỏi Thị Trấn Hồng đều có cảm giác lưu luyến nửa thực nửa mơ, như đi thăm tiên cảnh, khiến nơi đây lập tức trở thành thánh địa suối nước nóng được hoan nghênh nhất ở toàn Hoàng Long!\n\n[Thử Thách Trứng Suối Nước Nóng] Lòng Đào Hoàn Hảo!\nLà khách sạn suối nước nóng có lịch sử lâu đời nhất truyền thừa đến nay ở toàn cõi Solaris, Cư Xá Lạc Tuyền từ chỗ ở đến đồ ăn, đều giữ lại nguyên vẹn đặc sắc nguyên bản của Núi Thừa Tiêu, nhận được sự khen ngợi nhất trí từ đông đảo khách trọ. Ông chủ khách sạn của Cư Xá Lạc Tuyền là người sành ăn nổi tiếng xa gần, biết tận hưởng cuộc sống, tận hưởng đồ ăn ngon nhất. Dựa vào ưu thế được trời ban cho của suối nước nóng, ông ta đã sáng tạo ra phương pháp nấu ăn đun chậm bằng suối nước nóng, có thể cho thức ăn vào bình gốm bịt kín, sau đó để vào nước suối nóng ngâm nấu.\nMỗi năm Cư Xá Lạc Tuyền sẽ tổ chức cuộc thi thử thách trứng suối nước nóng, quyết định thắng thua dựa theo trạng thái lòng đào của trứng suối nước nóng mà người tham gia luộc ra, nghe nói nhà vô địch có thể nhận được quyền ở miễn phí một năm!
lang_multi_text.db	AreaReportContent_Text24	3.4	Hội thoại/Cốt truyện	Hệ thống/Thế giới			【飞流直下的天然景观】雪影成溪！\n乘霄山有多处天然地热温泉，而被称为“雪影成溪”的景观点则是虹镇天然温泉的源头，一树花枝承接着从山崖上落下的飞瀑，周转给整个虹镇的温泉系统。\n山河流转，岁月变迁，昔日虹镇建镇时，先人植下小花枝现已破石而长，亭亭玉立。泉水日夜击打在山石之上，原本坚硬如铁的山石也被打磨得形状圆润，质地松散。\n后来，现代的虹镇人在原有的基础上加强造景，还原了乘霄山雪影成溪的典故：据说数百年前有一异人游历山中，见大雪封山，村民柴薪用尽，那人就用共鸣之力开山凿路，引山泉落村。霎时，雾气与融冰顺着河流向西而去，如同众仙归海，美不胜收。	[Nature's Majestic Cascade] Snowy Stream\n \nMt. Firmament is home to many natural hot springs, and the scenic Snowy Stream is the source of Hongzhen's hot springs. A blooming tree's branches cradle the cascading waterfalls from the cliff, nourishing the entire hot spring system of Hongzhen.\n \nThis tree was planted by Hongzhen's first settlers when the town was first established. Over time, it has grown from a crack in the rock and now stands tall and proud. The waterfalls, constantly beating against the mountain rocks, have gradually polished the once-hard stones into smooth, rounded surfaces.\n \nLater, the people of modern-day Hongzhen refined the landscape to replicate the legendary story of Snowy Stream from Mt. Firmament. Several centuries ago, a mysterious figure journeyed through the region when a heavy snowfall sealed off the mountain passes. Seeing the villagers' firewood supplies dwindling, the traveler used Resonance power to carve a passage through the mountains and divert the mountain stream to the village. In an instant, mist and melting ice flowed westward with the stream, creating a breathtaking sight as if ethereal immortals were gliding across the water's surface.	【飛泉直下の自然景観】雪解け渓流！\n乗霄山には数多くの天然地熱温泉があり、「雪解け渓流」と呼ばれる景観は虹鎮の天然温泉の源でもあります。花の枝が崖から流れ落ちる滝を受け止め、虹鎮全体の温泉システムに循環させています。\n時が流れて景色も変わり、虹鎮の誕生時に先人が植えた小さな花の枝は今や石を破って成長し、まっすぐに伸びています。泉水は日夜山石を打ち、鉄のように硬かった山石も丸みを帯びて滑らかになりました。\nのちに、現代の虹鎮の人々が元の基盤の上に景観を作りこみ、乗霄山の雪解け渓流を再現しました。話によれば、数百年前にある風変わりな者が山中を旅している時、大雪で山が塞がれてしまい、村人たちの薪も尽きてしまいました。そこでその者は共鳴の力を使って山を開き、道を作って山泉を村に引き込みました。あっという間に霧と解けた氷が川に沿って西へと流れ去り、その光景はまるで多くの仙人が海に向かって帰るかのようで、圧倒されるほどの美しさだったそうです。	[Cảnh Quan Thiên Nhiên Thác Nước Chảy Thẳng Xuống] Tuyết Ảnh Thành Khê!\nNúi Thừa Tiêu có nhiều nơi có suối nước nóng địa nhiệt thiên nhiên, mà địa điểm thắng cảnh được gọi là "Tuyết Ảnh Thành Khê" chính là nguồn gốc suối nước nóng thiên nhiên của Thị Trấn Hồng, một thân cây đầy hoa đón lấy thác nước đổ xuống từ trên vách núi, luân chuyển cho cả hệ thống suối nước nóng của Thị Trấn Hồng.\nNúi sông luân chuyển, năm tháng biến thiên, lúc lập Thị Trấn Hồng thuở trước, nhánh hoa nhỏ do người đi trước trồng xuống hiện giờ đã phá đá mà lớn, thướt tha yêu kiều. Nước suối ngày đêm đánh vào sơn thạch, sơn thạch vốn cứng như sắt cũng được mài giũa thành hình dạng tròn trịa, chất đá lỏng lẻo.\nSau đó, người Thị Trấn Hồng hiện đại đã tăng cường tạo cảnh trên nền tảng sẵn có, tái hiện lại điển tích Tuyết Ảnh Thành Khê của Núi Thừa Tiêu: Nghe nói mấy trăm năm trước có một dị nhân du ngoạn trong núi, thấy đại tuyết phong tỏa ngọn núi, củi lửa của thôn dân cạn kiệt, người đó bèn dùng sức mạnh Cộng Hưởng đục núi mở đường, dẫn suối nước trên núi chảy xuống thôn. Thoắt cái, sương mù và băng tan xuôi theo dòng sông chảy về phía Tây, giống như quần tiên trở về biển, đẹp không sao tả xiết.
lang_multi_text.db	AreaReportContent_Text25	3.4	Hội thoại/Cốt truyện	Hệ thống/Thế giới			库塔塔发给新枝的员工手册的中间一页，这是一份关于黑海岸下层信息的简要说明。\n\n黑海岸的地下是数据空间与现实的交界地，也被称作泰缇斯之底。\n\n换言之，黑海岸地下空间即是泰缇斯系统本机。贯穿地上与地下的四柱空间稳定锚如同防火墙般，稳定着数据区域与现实区域的平衡，使二者的运转互不干扰。\n而稳定锚一旦出现故障，【泰缇斯系统】内的数据区域将对现实区域产生“入侵”，根据卷宗的记录，包括但不限于：\n数据空间对现实世界产生区域性覆盖；执花与客卿出现空间认知障碍的概率提升；沙盘系统中的模拟造物逃逸至现实等异常现象。	A page of the New Branch Employee Handbook, distributed by KU-Tata. It provides an overview of the Black Shores underground level.\n\nThe underground of the Black Shores is where its data space intersects with reality, also known as Tethys' Deep.\n\nIn other words, the underground space of the Black Shores is the Tethys System itself. Space Anchors, stabilizing devices positioned throughout the surface and underground levels, act as firewalls to maintain the balance between the data zone and reality, ensuring they do not interfere with each other.\n\nIf the Space Anchors malfunction, the data zone within the Tethys System can "invade" reality, triggering anomalies that, according to the records, include but are not limited to:\n\nRegional overlap between the digital space and the physical world, an increased likelihood of Consultants and Bloom Bearers developing spatial perception disorders, and simulated objects from the Sand Table escaping into reality.	クタタが「枝」の従業員に配布したマニュアルの真ん中のページ。これは、ブラックショアの下層に関する情報を簡単に説明したもの。\n\nブラックショアの地下はデータ空間と現実の境界であり、テティスの底とも呼ばれています。\n\n言い換えれば、ブラックショアの地下空間はテティスシステムの本体なのです。地上と地下を貫通する四本の柱の空間安定アンカーは、防火壁のようにデータ領域と現実領域のバランスを安定させ、両者の運用が互いに干渉しないようにします。\n安定アンカーが故障すると、【テティスシステム】内のデータ領域が現実領域に「侵入」します。この限りではありませんが、記録によれば以下が含まれます。\nデータ空間が現実世界を地域的に覆う、花持ちと協力者の間で空間認知障害が発生する確率が上昇する、サンドボックスシステム内でシミュレーションされた創造物が現実に逃げ出すなどの異常現象が発生する。	Trang giữa của sổ tay nhân viên mà Ku-Tata gửi cho Tân Chi, đây là một bản giải thích tóm tắt về thông tin tầng dưới của Bờ Biển Đen.\n\nDưới lòng đất của Bờ Biển Đen là vùng giao thoa giữa không gian dữ liệu và hiện thực, cũng được gọi là Đáy Tethys.\n\nNói cách khác, không gian dưới lòng đất của Bờ Biển Đen chính là máy chủ của Hệ Thống Tethys. Mỏ Neo Ổn Định Không Gian bốn trụ xuyên qua mặt đất và dưới lòng đất giống như tường lửa, ổn định sự cân bằng giữa khu vực dữ liệu và khu vực hiện thực, khiến cho sự vận hành của cả hai không can thiệp lẫn nhau.\nMà một khi Mỏ Neo Ổn Định xuất hiện sự cố trục trặc, khu vực dữ liệu trong [Hệ Thống Tethys] sẽ sinh ra "Xâm nhập" đối với khu vực hiện thực, dựa theo ghi chép trong hồ sơ, bao gồm nhưng không giới hạn ở:\nKhông gian dữ liệu sinh ra che phủ mang tính khu vực đối với thế giới hiện thực; Tỷ lệ xuất hiện chướng ngại nhận thức không gian ở Chấp Hoa và Khách Khanh tăng cao; Vật tạo mô phỏng trong hệ thống sa bàn trốn thoát đến hiện thực cùng các hiện tượng dị thường khác.
lang_multi_text.db	AreaReportContent_Text26	3.4	Hội thoại/Cốt truyện	Hệ thống/Thế giới			泰缇斯系统的核心构成有二，其一为数据洪流，其二为仿若星空的超级演算沙盘——星图。\n使用悲鸣的数据观测悲鸣，解析悲鸣的原理，以预警未来的悲鸣，即是「群星」的职责所在。\n\n不过这仅仅只是对泰缇斯系统运用与探索的开端，黑海岸的客卿们正致力于进一步发掘泰缇斯系统的潜力。\n传说中，黑海岸最高权限的拥有者，能够倾尽星图的算力模拟文明的走向，但这一尝试致使泰缇斯系统因算力过耗而近乎停转。	The Tethys System consists of two key components: the Data Torrent and the Stellar Matrix, a supercomputational Sand Table that imitates the celestial bodies.\n\nUsing the data of the Lament to observe and analyze its mechanisms, and thereby forewarn future occurrences of the Lament, are the duties of the "stars."\n\nHowever, this is just the beginning of the application and exploration of the Tethys System. The Black Shores Consultants are actively working to unlock its full potential.\n \nThey say that the one with the highest clearance within the Black Shores was able to harness the Stellar Matrix's full computational capacity to simulate the future of civilization. However, this attempt led to the system's resources being drained to the point of near-total shutdown.	テティスシステムの核心は2つから構成されています。1つはデータの激流、もう1つは星空のようなスーパーシミュレーションサンドボックス――星図です。\n悲鳴のデータを使用して悲鳴を観測し、悲鳴の原理を解析して未来の悲鳴を予警することが、「群星」の責務です。\n\nこれは、あくまでテティスシステムの運用と探求の始まりに過ぎず、ブラックショアの協力者らは現在テティスシステムの潜在能力をさらに引き出せるよう取り組んでいます。\n伝説では、ブラックショアの最高権限の所有者が、一度星図の計算能力を総動員して文明の発展をシミュレーションしたものの、計算能力の過剰な稼働により、テティスシステムがほぼ停止状態になったと言われています。	Cốt lõi cấu tạo của Hệ Thống Tethys có hai, thứ nhất là dòng thác dữ liệu, thứ hai là sa bàn tính toán siêu cấp tựa như tinh không - Bản Đồ Sao.\nSử dụng dữ liệu Bi Minh quan sát Bi Minh, phân tích nguyên lý của Bi Minh, để cảnh báo trước Bi Minh của tương lai, chính là chức trách của "Quần Tinh".\n\nNhưng đây chỉ là sự mở đầu cho việc vận dụng và khám phá Hệ Thống Tethys, Khách Khanh của Bờ Biển Đen đang dốc sức vào việc tiếp tục khai thác tiềm lực của Hệ Thống Tethys.\nTrong truyền thuyết, người sở hữu quyền hạn cao nhất của Bờ Biển Đen, có thể dốc hết khả năng tính toán của Bản Đồ Sao để mô phỏng hướng đi của nền văn minh, nhưng sự cố gắng này đã khiến cho Hệ Thống Tethys gần như ngừng hoạt động do tiêu hao quá mức năng lực tính toán.
lang_multi_text.db	AreaReportContent_Text27	3.4	Hội thoại/Cốt truyện	Hệ thống/Thế giới			尽管修会时常称颂水的静谧、柔和、孕育生命，蕴藏宝藏。但实际上，「水」有时也意味着无常，拉古那时常要面对海潮与洪水的威胁。他们的一切来自于海洋，一切又消失于海洋。\n加之拉古那城四面环海，人们与水同居，枕水而眠。无论是出于热爱还是恐惧，拉古那人对水的态度，最终都呈现为了一种尊敬。在某种程度上，这也可以看作是人们对岁主口中「最后的潮汐」的焦虑惶恐。\n人们举行种种仪式，向岁主祈祷——人们不仅祈求岁主带他们行过此世的浪潮，更求祂能带领人类，度过「最后的浪潮」。\n修会的学者们，也依据有关岁主英白拉多的神话，创造出了一套有关「水」的思想理论。\n\n【其一：世界的本源来自于水】\n「水」普遍地存在于世间一切事物之中，而它又能包容一切事物，代表着一种无界限。它是某种本性是无限的东西，万事万物皆自水中「分离」，从中产生出所有的天以及一切世界。\n【其二：水具有运动性，正如潮汐从不停下千变万化的运动】\n水在运动中分裂出冷和热、干和湿等对立面，构成世间万物。水的运动即是潮汐。万物在最初的潮汐中诞生，也将在「最后的潮汐」中迎来终结。但终结并非意味着结束，正如万物由水中分离，终结不过意味着重新回归水的怀抱，迎来统一。这种运动最终会呈现出一种轮回，万事万物终将在海中重逢。人类将在统一中再度分离。届时，人类会从「无限」中，有如「春禾」般再度苏生。	While the Order often lauds water for its tranquility, gentleness, birthing of life, and enriching nature, it can also symbolize instability. Ragunna faces constant threats from tides and floods. Everything in Ragunna arises from the sea, yet everything ultimately returns to it.\n\nSurrounded by the sea, the people of Ragunna live in harmony with the water. Whether driven by love or fear, the Ragunnesi hold a deep reverence for it. In a sense, this also reflects their anxiety and fear of the Final Tide, as foretold by the Sentinel.\n\nThey hold various rituals to pray to the Sentinel, hoping that the Sentinel will guide them through the tides of this life and ultimately lead them through the Final Tide.\n\nScholars of the Order have also drawn inspiration from myths surrounding the Sentinel Imperator, developing an entire set of theories about water.\n\n[Theory I: The Origin of the World is Water]\nWater is universally present in everything and encompasses all things, representing infinity. It is an object of infinite nature. Everything originates from water, including the creation of the world itself.\n\n[Theory II: Water is Fluid, Like the Constant Movement of the Tide]\nIn its movement, water is divided into the contrasting sides of cold and hot, dry and wet, forming the world. The movement of water is the tide. Everything is born in the tide and will eventually end in the Final Tide. However, this end does not signify obliteration. Just as everything originates from water, the end is merely a return to the embrace of water. This movement creates a cycle, ultimately reuniting everything in the sea. From this reunion, humans will again be separated, only to be reborn like spring shoots, in an infinite cycle.	穏やかで柔らか、生命を育む水は宝を秘めているのだと教団はしばしば称賛するが、実際「水」は時に無常を意味し、ラグーナでは常に潮の満ち引きや洪水の脅威にさらされている。すべては海からやってきて、海へと消えていく。\nラグーナ城は海に囲まれており、人々は水とともに暮らし、眠る。愛にせよ恐怖にせよ、ラグーナの人々は、最終的に水に対してある種の尊敬の念を抱いている。ある意味でこれは、人々が歳主の言う「最後の潮汐」に不安と恐れを抱いていると捉えてもよいだろう。\n人々は様々な儀式を行い、歳主に祈りを捧げる――この世の波を越えることだけでなく、「最後の波」を乗り越えられるよう人類を導いてほしい、と願っている。\n教団の学者たちは歳主インペラトルの神話に基づき、「水」に関する思想の理論を生み出した。\n\n【その一：世界の根源は水である】\n「水」はこの世の万物に普遍的に存在し、万物を包容することができ、境界がないことを象徴している。それはある種の本質が無限のものであり、万物は水の中で「分離」し、そこからすべての天界と世界が誕生する。\n【その二：水は運動性を持つ。ゆえに、潮の満ち引きは止まることなく千変万化の運動を続ける】\n水は運動の中で冷と熱、乾と湿などの対立する要素を分裂させ、この世の万物を構成している。水の運動は潮汐であり、万物は最初の潮汐の中から誕生し、「最後の潮汐」で終わりを迎える。しかしながら、終わりは終結を意味するわけではなく、万物が水から分離されるように、終結はただ水の懐に戻り、統一されることを意味する。この運動は最終的に輪廻の事象を呈し、万物はいずれ海の中で再会することになり、人類は統一の中で再び分離する。その時、人類は「無限」から「萌芽」のように再びよみがえるのである。	Mặc dù Tu Hội thường ca tụng sự tĩnh mịch, dịu dàng, ấp ủ sinh mệnh, ẩn chứa bảo tàng của nước. Nhưng trên thực tế, "Nước" đôi khi cũng mang ý nghĩa vô thường, Ragunna thường xuyên phải đối mặt với mối đe dọa của thủy triều và lũ lụt. Mọi thứ của họ đều đến từ đại dương, mọi thứ lại biến mất vào đại dương.\nThêm vào đó thành Ragunna bốn bề là biển, con người sống chung với nước, gối nước mà ngủ. Dù là vì nhiệt tình yêu thương hay vì sợ hãi, thái độ của người Ragunna đối với nước, cuối cùng đều thể hiện ra thành một loại tôn kính. Ở một mức độ nào đó, điều này cũng có thể coi là nỗi lo âu hoảng sợ của mọi người đối với "Thủy triều cuối cùng" trong miệng Tuế Chủ.\nMọi người cử hành đủ loại nghi thức, cầu nguyện với Tuế Chủ - Mọi người không chỉ cầu mong Tuế Chủ đưa họ đi qua cơn sóng của cõi đời này, mà còn mong Ngài ấy có thể dẫn dắt nhân loại, vượt qua "Cơn sóng cuối cùng".\nCác học giả của Tu Hội, cũng dựa vào thần thoại liên quan đến Tuế Chủ Imperator, sáng tạo ra một hệ thống tư tưởng lý luận liên quan đến "Nước".\n\n[Thứ nhất: Bản nguyên của thế giới đến từ nước]\n"Nước" tồn tại phổ biến trong mọi sự vật trên thế gian, mà nó lại có thể bao dung mọi sự vật, đại diện cho một loại không giới hạn. Nó là một cái gì đó có bản tính vô hạn, vạn vật đều "tách ra" từ trong nước, từ đó sinh ra toàn bộ bầu trời và mọi thế giới.\n[Thứ hai: Nước mang tính vận động, cũng giống như thủy triều không bao giờ dừng lại chuyển động biến hóa kỳ ảo]\nTrong lúc chuyển động nước phân chia ra các mặt đối lập như nóng và lạnh, khô và ướt, cấu thành nên vạn vật trên thế gian. Sự vận động của nước chính là thủy triều. Vạn vật sinh ra trong thủy triều ban đầu, cũng sẽ đón nhận sự kết thúc trong "Thủy triều cuối cùng". Nhưng kết thúc không có nghĩa là kết thúc, giống như vạn vật tách ra từ trong nước, kết thúc chẳng qua chỉ mang ý nghĩa một lần nữa trở về vòng tay của nước, đón nhận sự thống nhất. Sự vận động này cuối cùng sẽ thể hiện ra một loại luân hồi, mọi sự vật cuối cùng rồi sẽ gặp lại nhau trong biển cả. Nhân loại sẽ lại phân chia ra một lần nữa trong sự thống nhất. Đến lúc đó, nhân loại sẽ lại hồi sinh giống như "Mầm Xuân" từ trong "Vô hạn".
lang_multi_text.db	AreaReportContent_Text28	3.4	Hội thoại/Cốt truyện	Hệ thống/Thế giới			【其三：水具有反身性】\n拉古那人认为，水会无差别地反映一切，人们能够在水中看见另一个自我。\n水照映出拉古那人的面貌，拉古那人在水中窥见自我。如果将世界视作一片汪洋，人与世界的频率相互影响，相互塑造。这奇妙的「水」，被灌输了人类的精神，代表着生与死的循环。 如果水是潜意识生活的形象，那么它也就是离奇幻觉与欲望的港湾。\n正因如此，对于回音领域的研究也在修会之中颇为盛行。\n黎那汐塔的旧神学院曾被云海淹没，后被证实此地蔓延的云海，实为一种回音能量——它们会无差别地记录一切人类的情感与记忆，并将其反映在现实之中。\n加之神学院旧址的存在，云海对于修会的教士们有着一种特别的吸引力。教士们常会前去巡礼，或在云海中打捞旧日的典籍。\n有部分学者认为，回音云是「水」的一种高维表现。也有人认为，云海之下或许已经生成了「另一个世界」。\n【其四：水包容一切】\n因而修会所带领的拉古那也是一座开放的城，它包容不同出身的流亡者，给予所有人平等的权利。而狂欢节也成为了这种包容性的最佳见证。来自各个岛邦，又重新团聚在一起的拉古那人，为了纪念在悲鸣中消失的家乡与逝去的家人，穿上了各自的民族衣装，戴上了象征先祖与图腾的面具，演绎着不同的戏剧。多元与兼容，构成了狂欢节各式剧目的精神内核。\n【其五：联结】\n基于水的包容性，芬莱克主座即位后，从中引申出「联结」的教义，将之编入圣典。\n对于悲鸣过后，由无数流亡者建立起来的黎那汐塔人来说，宗教不只是人们在教堂里实践的东西，它就是科学、哲学、政治、个人身份和拯救的希望。黎那汐塔的文明以「信仰」作为锚点，如此，宗教对于黎那汐塔人而言，不单是一种个人爱好，而是一种永恒普遍的，用以解释世界，定义自身的真理。\n任何可能否定，动摇信仰的异端学说，就成了插在此种真理心脏上的利刃，它不但会危及周围人的「存在」，还会令社会结构四分五裂，给这座摇摇欲坠的海上城邦带来灭顶之灾。\n芬莱克主座认为，每当这种「分裂」的思潮到达顶峰，名为「黑潮」的灾难便会从天而降，为黎那汐塔带来危机。故即使是彰显「包容」一义的狂欢节，也理应需要修会的管控。	[Theory III: Water is Reflective]\nThe Ragunnesi believe that water reflects everything without discrimination, allowing humans to see another version of themselves within it.\n\nWater mirrors the appearance of the Ragunnesi, and the Ragunnesi, in turn, see their reflections in the water. If the world is like an ocean, then the frequencies of humans and the world influence and shape one another. The wondrous water has been imbued with the human spirit, symbolizing the cycle of life and death. If water represents the subconscious, it also serves as a harbor for fantasies and desires.\n\nThis is why research into the Remnant domain is also prevalent within the Order.\n\nThe Seminary of the Forgotten in Rinascita was once flooded by Nimbus Sanctum, which later proved to be a manifestation of Remnant Energy, recording the emotions and memories of humans without distinction, and then reflecting them in reality.\n\nWith the old site of the Seminary still present, Nimbus Sanctum holds a special allure for Acolytes of the Order, who visit to pray or salvage ancient texts.\nSome scholars believe the Remnant Cloud is a higher-dimensional form of water, while others speculate that another world exists beneath Nimbus Sanctum.\n\n[Theory IV: Water is All-Encompassing]\nThis all-encompassing nature is why Ragunna, under the guidance of the Order, is a city that welcomes exiles from all walks of life and grants them equal rights. The Carnevale is the epitome of this inclusiveness. Ragunnesi from various isles unite to honor their hometowns and families lost in the Lament. Dressed in their traditional clothing and wearing masks symbolizing ancestors and totems, they perform a variety of dramas. The diversity and inclusiveness lie at the core of the performances during the Carnevale.\n\n[Theory V: Unity]\nTaking inspiration from the all-encompassing nature of water, Primus Fenrico, upon assuming power, developed the doctrine of Unity and enshrined it in the Codex.\n\nFor the exiled people of Rinascita, formed after the Lament, religion is not merely a practice in the Order but a collection of science, philosophy, politics, individual identity, and the hope for salvation. The civilization of Rinascita is anchored around faith, meaning religion is not just a personal pursuit but a universal truth that explains the world and defines one's place within it.\n\nAny heretical theory that undermines or challenges this faith is seen as a dagger aimed at the heart of truth itself. Such ideas threaten the existence of those around them and risk tearing apart the fabric of society, bringing calamity and destruction to this city by the sea.\n\nThe Primus believes that whenever the ideology of Division reaches its zenith, the calamity of the Dark Tide will descend from above, endangering the very existence of Rinascita. For this reason, even the Carnevale, which embodies the spirit of inclusiveness, must be overseen by the Order.	【その三：水は再帰性を持つ】\nラグーナの人々は水が無差別にすべてを反映し、水中でもう1人の自分を見ることができると考えている。\n水はラグーナの人々の顔を映し出す時、ラグーナの人々はまた水中で自分を覗き見ているのである。世界を広大な海に例えるならば、人と世界の周波数は互いに影響し合い、互いを形作っている。この不思議な「水」には人間の精神が含まれており、生と死の循環を表している。 水が潜在意識の生活のイメージであるなら、それは同時に奇妙な幻想と欲望の器でもある。\nゆえに、教団内でも反響領域の研究が非常に盛んである。\nリナシータの旧神学校が雲海に飲み込まれた後、この地に広がる雲海は実際には反響エナジーであることが確認された――この反響エナジーは無差別にすべての人類の感情と記憶を記録し、それを現実に反映させる。\nさらに旧神学校の旧跡の存在が、教団の司祭たちに雲海への興味に拍車をかけている。司祭たちはよく巡礼に出かけたり、雲海の中で昔の典籍を引き上げたりする。\n一部の学者は、反響雲は「水」の一種の高次元の表現であると考えている。また、雲海の下にはすでに「もう1つの世界」が生成されているかもしれない、と考える人もいる。\n【その四：水はすべてを包容する】\n教団が率いるラグーナは開かれた街であり、異なる出身の流れ者を受け入れ、すべての人に平等な権利を与えている。そしてカルネヴァーレは、この包摂性を示す最良の証となった。別々の島からやって来た人々が再び集まり、悲鳴の中で消えた故郷と亡き家族を偲ぶために、それぞれの民族衣装を身にまとい、先祖とトーテムを象徴するお面をかぶり、異なる劇を演じる。多様性と包容性が、カルネヴァーレの各演目の精神的な核を形成しているといえよう。\n【その五：繋ぎ】\n水の包摂性に基づき、フェンリコ主座の即位後「繋ぎ」の教義が示され、聖典に編纂された。\n悲鳴の後、無数の流れ者によって築かれた国リナシータの人々にとって、宗教は人々が教会で実践するだけにとどまらず、科学、哲学、政治、個人のアイデンティティ、そして救済の希望そのものである。リナシータの文明は「信仰」を軸としているため、宗教はリナシータの人々にとって単なる個人的な趣味ではなく、世界を説明し、自分自身を定義するための永遠の普遍的な真理である。\n信仰を否定し、信仰心を揺るがす可能性のある異端の理論は、宗教真理の心臓に突き刺さる刃となり、周囲の人々の「存在」を危ういものにするだけでなく、社会構造にまで分断を引き起こし、この揺れ動く海上都市に壊滅的な災害をもたらすことになる。\nフェンリコ主座は、この「分裂」の思想が頂点に達するたびに、「黒潮」と呼ばれる災害が天から降り注ぎ、リナシータに危機をもたらすため、「包容」を示すカルネヴァーレであっても、教団の管理が必要だと考えている。	[Thứ ba: Nước có tính phản thân]\nNgười Ragunna cho rằng, nước sẽ phản ánh vô phân biệt tất cả mọi thứ, con người có thể nhìn thấy một cái tôi khác trong nước.\nNước chiếu ra diện mạo của người Ragunna, người Ragunna nhìn trộm cái tôi trong nước. Nếu xem thế giới như một vùng biển mênh mông, tần số của con người và thế giới ảnh hưởng lẫn nhau, nhào nặn lẫn nhau. "Nước" kỳ diệu này, đã được truyền vào tinh thần của nhân loại, đại diện cho vòng tuần hoàn sinh và tử. Nếu nước là hình tượng của cuộc sống tiềm thức, vậy thì nó chính là bến cảng của ảo giác và dục vọng kỳ lạ.\nChính vì lý do đó, các nghiên cứu đối với lĩnh vực tiếng vọng cũng khá thịnh hành trong Tu Hội.\nHọc viện thần học cũ của Rinascita từng bị biển mây nhấn chìm, sau đó chứng thực được biển mây lan tràn nơi đây, thực chất là một loại năng lượng tiếng vọng - Chúng sẽ ghi chép lại mọi tình cảm và ký ức của nhân loại không phân biệt, đồng thời phản ánh nó vào trong hiện thực.\nThêm sự tồn tại của di chỉ học viện thần học, biển mây có một sức hút đặc biệt đối với các giáo sĩ của Tu Hội. Các giáo sĩ thường sẽ đi hành hương, hoặc trục vớt những cuốn sách cổ ngày xưa trong biển mây.\nCó một số học giả cho rằng, mây tiếng vọng là một loại biểu hiện không gian đa chiều của "Nước". Cũng có người cho rằng, dưới biển mây có lẽ đã hình thành "Một thế giới khác".\n[Thứ tư: Nước bao dung tất cả]\nBởi vậy Ragunna do Tu Hội dẫn dắt cũng là một thành phố cởi mở, nó bao dung những kẻ lưu vong có xuất thân khác nhau, trao cho mọi người quyền lợi bình đẳng. Mà lễ hội hóa trang cũng trở thành minh chứng tốt nhất cho tính bao dung này. Người Ragunna đến từ các đảo bang lại tụ họp cùng nhau một lần nữa, vì để tưởng niệm quê hương biến mất và người nhà đã khuất trong Bi Minh, đã mặc trang phục dân tộc của từng người, đeo lên chiếc mặt nạ tượng trưng cho tiên tổ và vật tổ, diễn dịch những vở kịch khác nhau. Đa nguyên và tương dung, đã cấu thành hạt nhân tinh thần của các loại vở kịch lễ hội hóa trang.\n[Thứ năm: Kết nối]\nDựa vào tính bao dung của nước, Chủ Tọa Fenrico sau khi lên ngôi, đã diễn rộng ra thành giáo lý "Kết nối", biên soạn nó vào Thánh Điển.\nĐối với người Rinascita do vô số kẻ lưu vong thành lập lên sau Bi Minh, tôn giáo không chỉ là thứ mà con người thực hành trong giáo đường, nó chính là khoa học, triết học, chính trị, thân phận cá nhân và niềm hy vọng được cứu rỗi. Nền văn minh của Rinascita lấy "Tín ngưỡng" làm mỏ neo, như thế, tôn giáo đối với người Rinascita mà nói, không chỉ đơn thuần là một sở thích cá nhân, mà là một loại vĩnh hằng phổ biến, chân lý dùng để giải thích thế giới, định nghĩa bản thân.\nBất cứ học thuyết dị đoan nào có khả năng phủ định, dao động tín ngưỡng, liền trở thành lưỡi dao sắc nhọn cắm vào trái tim của loại chân lý này, nó không những sẽ gây nguy hiểm cho "Sự tồn tại" của người xung quanh, mà còn khiến cho kết cấu xã hội chia năm xẻ bảy, mang đến tai họa ngập đầu cho thành bang trên biển đang lung lay sắp đổ này.\nChủ Tọa Fenrico cho rằng, mỗi khi trào lưu tư tưởng "Phân liệt" này đạt tới đỉnh điểm, tai họa mang tên "Hắc Triều" sẽ từ trên trời giáng xuống, mang đến nguy cơ cho Rinascita. Do đó dù là lễ hội hóa trang biểu dương ý nghĩa "Bao dung", thì theo lý cũng cần Tu Hội quản lý.
lang_multi_text.db	AreaReportContent_Text29	3.4	Hội thoại/Cốt truyện	Hệ thống/Thế giới			我曾经和朋友开过一个玩笑，我说如果你有一天做空或者债务买卖的事情败露了，被全索拉里斯人通缉……那么相信我的判断，除了直接给自己修个坟，你最好的选择就是藏在黎那汐塔的埃弗拉德金库里，只要你能证明自己的价值，莫塔里人就算捏着鼻子也要把你保住——他们甚至会出钱帮你取保候审，组一个专业的国际法务团队，前提只有一个：只要你和他们建立足够的业务联系。\n相信我，我经常和莫塔里人打交道。他们比大多数商人更尊重所谓的“契约精神”。\n在几十年前我还年轻的时候，我最讨厌这些海岛来的愣头青，他们不懂规矩，干劲满满，口无遮拦，和从前认识的那些只会歌舞的黎那汐塔人截然不同；可后来我发现，他们这些人做生意有一个特点是其他人模仿不来的……那就是他们的服务向来明码标价。他们简直就是世界上最好懂的商人，因为莫塔里人的世界只遵循一个规则：合同！而驱动这个规则的载体永远只有一个：利益。\n\n——节选自《如何实现贝币自由》	I once joked to a friend that if, one day, you find yourself wanted across all of Solaris-3 for illegal actions like short selling or trading in debts, then, based on my experience, apart from digging your own grave, your best bet would be to hide in Averardo Vault in Rinascita. As long as you can prove your worth, the Montelli family will keep you safe—even if it means turning a blind eye. They'll go so far as to pay your bail out of their own pockets and assemble a professional international legal team for you, with only one condition: that you build strong business ties with them.\n\nTrust me on this, I deal a lot with the Montellis. They value the so-called "spirit of the contract" more than most businessmen.\n \nBack when I was younger, I couldn't stand those brash islanders. They didn't play by the rules, were full of energy, and always spoke their minds. They were nothing like the Rinascitan people I knew, who were all about dance and performance. But over time, I came to recognize a trait in them that others lacked. They always price everything upfront. The Montellis are by far the easiest businessmen to understand because their world operates on just one principle: the contract. And the only thing driving that principle? Profit.\n\n —Excerpt from <i>How to Get Unlimited Shell Credits</i>	かつて友人と冗談を言ったことがあるんですよ。もしも、ある日突然空売りや債務取引のことが露見して、ソラリス全土の人から追われることになったら……どうか、私の判断を信じてください。自分の墓を作る以外にできる最善の選択は、リナシータのアヴェラルド金庫に隠れることです。自分の価値さえ証明できれば、モンテリの人は嫌々ながらもあなたを守るでしょうから――彼らはあなたのために保釈金を出して、専門の国際法務チームまで作るかもしれません。ただし、一つだけ前提があります……それは、あなたが彼らと十分なビジネス関係を築くことです。\n信じてください、私はよくモンテリの人と取引をしているんですから。彼らは他の多くの商人よりも、「契約精神」というものを尊重しています。\n数十年前、私がまだ若かった頃は、この島から来た若者たちのことが大嫌いでした。ルールを知らず、やる気満々で、口が軽くて、昔から知っている歌や踊りしかできないリナシータ人とは大違いです。しかし、後に私は彼らがビジネスをする際に、他の人には真似できないような特徴があることに気づきました。それは、彼らのサービスが常に明朗会計だということです。彼らは世界で一番分かりやすい商人です。なぜなら、モンテリの人のルールはただ1つ、それは……契約です！そして、このルールの原動力もただ1つ、利益だけなのです。\n\n――『シェルコインの自由を実現する方法』から抜粋	Tôi từng đùa với bạn tôi một câu, tôi nói nếu có một ngày việc làm khống hoặc mua bán nợ nần của bạn bị bại lộ, bị toàn bộ người trên Solaris truy nã... vậy thì hãy tin phán đoán của tôi, ngoại trừ việc trực tiếp xây cho mình một ngôi mộ, sự lựa chọn tốt nhất của bạn chính là trốn trong kho bạc Averardo của Rinascita, chỉ cần bạn có thể chứng minh được giá trị của bản thân, người Montelli dù có bóp mũi cũng phải giữ bạn lại - Bọn họ thậm chí sẽ bỏ tiền ra giúp bạn lấy bảo lãnh chờ xét xử, lập một đội ngũ pháp lý quốc tế chuyên nghiệp, tiền đề chỉ có một: Chỉ cần bạn thiết lập đủ liên hệ nghiệp vụ với họ.\nHãy tin tôi, tôi thường xuyên giao du với người Montelli. Bọn họ tôn trọng cái gọi là "Tinh thần khế ước" hơn đa số các thương nhân.\nVào mấy chục năm trước khi tôi còn trẻ, tôi ghét nhất là những thằng nhóc ngốc nghếch đến từ hải đảo này, bọn họ không hiểu quy củ, tràn đầy nghị lực, ăn nói bừa bãi, khác hoàn toàn với những người Rinascita chỉ biết ca múa mà tôi từng quen biết trước đây; Nhưng sau đó tôi phát hiện ra, những người này làm ăn buôn bán có một đặc điểm mà người khác không thể bắt chước được... Đó chính là dịch vụ của bọn họ luôn được định giá rõ ràng. Bọn họ quả thực là thương nhân dễ hiểu nhất thế giới, bởi vì thế giới của người Montelli chỉ tuân theo một quy tắc: Hợp đồng! Mà vật chứa thúc đẩy quy tắc này mãi mãi chỉ có một: Lợi ích.\n\n- Trích đoạn từ «Làm Thế Nào Để Đạt Được Tự Do Vỏ Sò»
lang_multi_text.db	AreaReportContent_Text3	3.4	Hội thoại/Cốt truyện	Hệ thống/Thế giới			一份记载于边庭的天工部的报告书，从归档日期来看，这份报告距今已经有几十年了。\n\n瑝珑今州天工部基建科：\n\n我单位负责开发的今州城二期扩建项目已经完成相关前期准备工作，特申报建设项目用地预审，现就该项目有关情况报告如下：\n一、建设单位基本情况：\n天工部基建科土地开发组是从属于今州天工部的工程建设单位，负责承担今州地区土方建设工作，原编制六十人。经过战后的人员招聘和外部调动，单位目前临时扩充至四百人，原在岗剩余三十一人，华胥研究院、夜归、天工部防事科调度共计一百九十人，今州地区临时志愿者共计一百二十人，其他地区调度共计五十人，无籍人士九人。	A report from the Ministry of Development, archived in the City Hall. Its filing date suggests that it was submitted decades ago.\n \nInfrastructure Division of the Ministry of Development in Jinzhou of Huanglong:\n \nThe Jinzhou Expansion Project Phase II has completed its initial preparation work. We are now submitting the land use application for construction approval. Below is the relevant information regarding the project:\n \nI. Construction Undertaker Overview:\n \nThe Land Development Team of the Infrastructure Division is a construction project undertaker affiliated with Jinzhou's Ministry of Development, responsible for managing construction efforts in the Jinzhou region. Initially, the team consisted of 60 employees. Following the recruitment and transfers during the post-war period, the team has now grown to 400 ad-hoc members. This includes 31 individuals from the original staff, 190 transfers from Huaxu Academy, the Midnight Rangers, and the Defense Division of the Ministry of Development, 120 volunteers from Jinzhou, 50 transfers from other regions, and 9 individuals of unknown origin.	辺庭の天工部に記録された報告書。アーカイブの日付から見ると、今から数十年前のものであることが分かる。\n\n瑝瓏今州天工部施設科：\n\n当部署が担当する今州城第二期拡張事業関連の準備作業が完了しましたので、建設事業用地の事前審査を申請します。事業に関する現状については、以下の通りです。\n一、担当部署の基本情報：\n天工部施設科土地開発チームは、今州天工部における工事・建設部門で、今州エリアの土木建設作業を担当しています。当初は60名から成るチームでしたが、戦後の人員募集と外部異動を経て、現在は一時的に400名まで増員しました。内訳は、元部署の在職者31名、華胥研究院、夜帰、天工部防事科からの異動者190名、今州地域の臨時ボランティア120名、他エリアからの異動者50名、その他無所属の9名です。	Một bản báo cáo được Thiên Công Bộ Biên Đình ghi chép lại, từ ngày lưu trữ mà xem, phần báo cáo này đã được nộp từ mấy chục năm trước.\n\nKhoa Xây Dựng Thiên Công Bộ Kim Châu Hoàng Long:\n\nDự án mở rộng thành Kim Châu giai đoạn 2 do đơn vị chúng tôi phụ trách phát triển đã hoàn thành các công tác chuẩn bị sơ bộ liên quan, đặc biệt xin thẩm định trước khu đất xây dựng dự án, nay xin báo cáo về tình hình liên quan của dự án này như sau:\nMột, tình hình cơ bản của đơn vị xây dựng:\nTổ phát triển đất đai thuộc khoa Xây Dựng Thiên Công Bộ là đơn vị xây dựng công trình trực thuộc Thiên Công Bộ Kim Châu, phụ trách gánh vác công tác xây dựng đất đai khu vực Kim Châu, biên chế gốc 60 người. Thông qua việc tuyển dụng nhân sự và điều động bên ngoài sau chiến tranh, hiện tại đơn vị tạm thời mở rộng tới 400 người, số người đang tại chức ban đầu còn lại 31 người, điều động từ Viện Nghiên Cứu Hoa Tư, Dạ Quy, khoa Phòng Sự Thiên Công Bộ tổng cộng 190 người, tình nguyện viên tạm thời khu vực Kim Châu tổng cộng 120 người, điều động từ khu vực khác tổng cộng 50 người, nhân sĩ không có quốc tịch 9 người.
lang_multi_text.db	AreaReportContent_Text30	3.4	Hội thoại/Cốt truyện	Hệ thống/Thế giới			只要最终收益能高于风险期望，莫塔里人就会创造一切条件去完成这份合同；他们从不拒绝上门的生意，永远一手交钱，一手交货；他们的团队仿佛有着巨大的向心力，将所有追名逐利的人凝聚在一起；从不谈道义和交情，一切都屈从于可被量化的利益。\n很难想象吧？一个把控着声骸技术、海外贸易、银行业务，私人武装，甚至曾将手伸向货币的家族，居然不依靠血统来维系组织体系。几十年过去了，那埃弗拉德大金库之下收藏的财富已经远远超出了一般人的想象。为了加强安保措施，他们甚至从某个地方进口了一种特殊装置，将声骸改造成了恐怖的战术装甲——相信我，绅士们，无论你对自己的能力有多自信，都不要打那个大金库的主意。\n\n——节选自《如何实现贝币自由》	As long as projected earnings outweigh the risks, the Montellis will go to any lengths to fulfill the contract. They never turn down a deal that lands on their doorstep and always deliver once the client has paid. Their team possesses a unique, almost magnetic force, uniting individuals driven by ambition and the promise of fame. But don't expect to hear talk of ethics or loyalty—profit is the only metric that matters.\n \nIt's hard to wrap your head around, isn't it? A family that has its hands in Echo technology, global trade, banking, private arms, and once even currency manipulation, yet they don't rely on bloodlines to sustain the empire. Decades have passed, and the fortune stashed in Averardo Vault must be beyond imagination. To protect it, they've even imported specialized tech and upgraded their Echoes into formidable war machines. Trust me, gentlemen—no matter how confident you are in your abilities, never, ever even entertain the thought of going after that vault.\n \n —Excerpt from <i>How to Get Unlimited Shells</i>	最終的な利益が予想したリスクを上回る限り、モンテリの人はこの契約の履行のためにあらゆる条件を整えます。彼らは来る者を拒まず、常にその場で支払い、その場で商品の受け渡しをするのです。彼らのチームはまるで巨大な求心力を持っているかのように、名声や利益を追求する人々をひとつにまとめています。そして義理人情は決して語らず、すべては計算可能な利益に従います。\nイメージが湧かないでしょう？音骸技術、海外貿易、銀行業務、武器の保有、さらには通貨にまで手を伸ばしていた集団が、血統に頼らず組織体系を維持していることには驚かされますよ。あれから数十年が経ち、アヴェラルドの大金庫に収められた富は、人々の想像をはるかに超えています。セキュリティ対策を強化するために、彼らは特別な装置をどこからか輸入して音骸を恐ろしい戦術アーマーに改造したんです――紳士の皆さん、私の言うことを聞いてください。いくらご自身の能力に自信をお持ちであっても、その大金庫に手を出すことはお考えにならない方がよろしいですよ。\n\n――『シェルコインの自由を実現する方法』から抜粋	Chỉ cần lợi nhuận cuối cùng có thể cao hơn kỳ vọng rủi ro, người Montelli sẽ tạo ra mọi điều kiện để hoàn thành bản hợp đồng này; Bọn họ chưa từng từ chối những thương vụ tìm đến tận cửa, mãi mãi một tay giao tiền, một tay giao hàng; Đội ngũ của bọn họ phảng phất có một lực hướng tâm to lớn, ngưng tụ tất cả những kẻ đuổi danh trục lợi lại với nhau; Chưa bao giờ nói đến đạo nghĩa và tình giao hảo, tất cả đều khuất phục trước lợi ích có thể lượng hóa.\nRất khó tưởng tượng đúng không? Một gia tộc kiểm soát kỹ thuật Echo, mậu dịch nước ngoài, nghiệp vụ ngân hàng, vũ trang cá nhân, thậm chí từng vươn tay tới tiền tệ, vậy mà lại không dựa vào huyết thống để duy trì hệ thống tổ chức. Mấy chục năm trôi qua, khối tài sản được cất giấu dưới kho bạc lớn Averardo kia đã vượt xa sự tưởng tượng của người bình thường. Để tăng cường biện pháp an ninh, bọn họ thậm chí đã nhập khẩu một loại thiết bị đặc biệt từ một nơi nào đó, cải tạo Echo thành chiến giáp chiến thuật đáng sợ - Tin tôi đi, các quý ông, cho dù bạn có tự tin vào năng lực của bản thân đến mức nào đi chăng nữa, thì cũng đừng đánh chủ ý lên cái kho bạc lớn kia.\n\n- Trích đoạn từ «Làm Thế Nào Để Đạt Được Tự Do Vỏ Sò»
lang_multi_text.db	AreaReportContent_Text31	3.4	Hội thoại/Cốt truyện	Hệ thống/Thế giới			根据笔者的观察，直到六七年前，大多数被送上愚人船的人还并不相信自己真的会上船。\n在那个时代，教士们还会苦口婆心地劝说那些行事怪异的家伙们，告诉他们你们还可以选择，你们还可以改变，如果你们真的知道了自己的命运你们就一定可以改变。\n笔者相信那个时候大多数教士是真的带着一种仁慈在规范人们，即使他们无法预见后果。\n毕竟，所有需要被预见的，都书写在首座大人的神谕之中了不是么？\n\n“不要等愚人犯下愚行再去弥补错误，而要在他们犯下愚行前就予其救赎。”	In my observation, up until six or seven years ago, most people sent to the Fool's Sails never really believed they'd end up there.\n\nBack then, Acolytes still tried to persuade those who had gone astray, reminding them they had a choice and could still change their ways. If only they knew their fate, they would surely alter it.\n\nI believe that at the time, most Acolytes genuinely preached with compassion, even though they couldn't foresee the consequences.\n\nAfter all, everything that needs to be foreseen is already laid out in the oracle of the Primus, isn't it?\n\n"Wait not to correct mistakes after they are made. Save the misguided before they act foolishly."	筆者の観察によれば、6、7年前までは、愚者の船に送られたほとんどの人々は自分が本当に船に乗るとは思わなかったようだ。\nあの頃は行動が奇妙な連中に対して、侍祭たちが「あなたたちはまだ選択できる、変わることができる。あなたたちが本当に自分の運命を知っているのなら、必ず変えることができる」と苦心して説得していた。\n筆者は、結果の予見ができなくても、当時の侍祭のほとんどは慈悲深さから人々を諭しているのだと信じてやまなかった。\n結局のところ、予見されるべきすべてのことは神託に書かれているはずでは？\n\n「愚者が愚行を犯してから償わせるのではなく、愚行を犯す前に救済を与えるべきである」と。	Theo quan sát của người viết, mãi đến sáu, bảy năm trước, đa số những người bị đưa lên Thuyền Kẻ Ngốc vẫn không tin rằng mình sẽ thực sự lên thuyền.\nTrong thời đại đó, các giáo sĩ vẫn còn kiên nhẫn khuyên bảo những kẻ có hành vi kỳ lạ, nói với họ rằng các bạn vẫn còn lựa chọn, vẫn có thể thay đổi, nếu các bạn thực sự biết được vận mệnh của mình thì nhất định có thể thay đổi nó.\nNgười viết tin rằng lúc đó phần lớn các giáo sĩ thực sự mang trong mình lòng nhân từ khi uốn nắn người dân, dù họ không thể thấy trước được hậu quả.\nSuy cho cùng, tất cả những gì cần được thấy trước đều đã được viết trong thần dụ của ngài Primus rồi mà, phải không?\n\n"Đừng đợi kẻ ngốc phạm sai lầm rồi mới bù đắp, mà hãy ban cho họ sự cứu rỗi trước khi họ hành động ngu ngốc."
lang_multi_text.db	AreaReportContent_Text32	3.4	Hội thoại/Cốt truyện	Hệ thống/Thế giới			如果没有神启者带来的启示，我认为这句话毫无疑问就是一个悖论——人类无法在因之前先决定果，就像人类的子嗣不可能先母体一步降生在世界上——但这也正是神启者大人芬莱克的伟大之处不是么？这才是岁主大人所降下的恩典啊！\n笔者不禁由衷赞叹：\n太伟大了神启者芬莱克，太伟大了岁主英白拉多！\n这些被送上船的愚人，本身就是拉古那社会定义中怪异的少数人。他们不懂修会合而为一的理念，正如那句戏剧中的台词所言：一即是全，全即是一，一就是拉古那的标准，而无法将自己塑造成一的人，自然也没有资格成为全的一部分。\n\n批示：执行该异端的登船手续！立即执行！阴阳怪气，其心可诛！\n\n“嘿，你干了什么坏事被他们流放到这里来？”\n“我？我只是把他们说过的话都模仿了一遍……”	Without the revelation of the Enlightened One, this idea is undoubtedly a paradox: humans cannot decide the outcome before the cause—just as it is impossible for a child to be born before the mother. But this, in fact, is the very greatness of the Primus. This is the grace granted by our Sentinel!\n\nI am simply filled with awe:\n\nO how great you are, Fenrico, the Enlightened One! O how great Thou are, Sentinel Imperator!\n\nThe Fools who were sent to the ship are the peculiar outliers marked by Ragunna, unable to understand the principle of Unity upheld by the Order. As the line from that famous play says, "One is all, and all is one." To be "one" is the ideal of Ragunna, and those who cannot shape themselves into that singular ideal can never truly belong to the "all."\n\nNotes: Send this heathen to the ship immediately! No delay! Such rebellious, sarcastic talk must be dealt with!\n\n"Hey, what did you do to get banished here?"\n\n"Me? I just repeated they were saying..."	神の代弁者による啓示がなければ、この言葉は紛れもなくパラドックスだと思う――人類は、原因の前に結果を決めることなどできないのだ。人類の子孫が母体よりも先に、この世界に降り立つことが不可能であるように――しかし、これこそが神の代弁者フェンリコの偉大さではないだろうか？これぞ、歳主様がくださった恩恵なのだ！\n筆者としては、心から感嘆せざるを得ない……\n偉大なる神の代弁者フェンリコ、偉大なる歳主インペラトル！\n船に送られた愚者たちは、ラグーナ社会の定義において変わった少数派そのものである。彼らは、教団の一つになるという理念を理解していない。まさに、あの劇のセリフの通りだ。「一つはすべてですべては一つ、一つはラグーナの基準である。自身を一つに形作れぬ者は、すべての一部になる資格もない。\n\n指示：この異端者の乗船手続きを実行せよ！今すぐにだ！皮肉を言う奴らは罰されるがいい！\n\n「ねえ、何か悪いことでもしてここに追放されたの？」\n「私？彼らが言った言葉を真似しただけ……」	Nếu không có sự khai sáng từ Người Khai Sáng, tôi cho rằng câu nói này không còn nghi ngờ gì nữa là một nghịch lý-con người không thể quyết định kết quả trước nguyên nhân, giống như con cái không thể chào đời trước mẹ-nhưng đây chẳng phải chính là sự vĩ đại của ngài Người Khai Sáng Fenrico sao? Đây mới là ân điển mà Tuế Chủ ban xuống!\nNgười viết không khỏi chân thành ca ngợi:\nThật vĩ đại Người Khai Sáng Fenrico, thật vĩ đại Tuế Chủ Imperator!\nNhững Kẻ Ngốc bị đưa lên thuyền này, bản thân họ chính là nhóm thiểu số kỳ dị trong định nghĩa của xã hội Ragunna. Họ không hiểu lý tưởng hợp nhất của tu hội, giống như lời thoại trong vở kịch đó: Một là tất cả, tất cả là một, một chính là tiêu chuẩn của Ragunna, và người không thể biến mình thành một, tự nhiên cũng không có tư cách trở thành một phần của tất cả.\n\nPhê duyệt: Thực hiện thủ tục lên thuyền cho kẻ dị giáo này! Làm ngay lập tức! Ăn nói kỳ quái, tâm địa đáng tru diệt!\n\n"Này, anh đã làm chuyện xấu gì mà bị lưu đày đến đây thế?"\n"Tôi á? Tôi chỉ bắt chước những gì họ từng nói thôi..."
lang_multi_text.db	AreaReportContent_Text33	3.4	Hội thoại/Cốt truyện	Hệ thống/Thế giới			这是修会记载的一篇古老歌剧的最后一幕唱词，据悉已经无人再记得它的旋律：\n\n云海啊！\n停下你的运行！\n那水下暗淡的辉光\n是我爱人们的痕迹！\n就让永恒的大海\n将家乡和我一并带走！\n永恒而不安的梦境！\n就这样在我眼前降临！\n英白拉多大人啊！\n我能否在度过了痛苦的一生后\n在对你的虔诚中收获苦苦追寻的安宁！\n不！那只是一种憧憬！\n永远无法借助神使在此降临！	These are the lyrics from the final scene of an ancient opera, preserved by the Order. It is said that no one remembers its melody:\n \nO sea of clouds!\nCease your workings!\nThe faint shimmer beneath the water,\nIt's the trace of my beloved!\nLet the endless sea\nTake me and my homeland away!\nThe eternal, unsettling dream!\nIt descended upon me!\nO mighty Imperator!\nAfter a life of sorrow,\nMight I finally find the peace I've prayed for?\nBut no! It's only an empty longing!\nPeace never comes through a Divine Envoy!	教団に記録された古いオペラの最後の一幕の歌詞で、もはや誰もそのメロディーを覚えていないと言われている。\n\n雲海よ！\n止まるのです！\nその水中の淡い光\nそれはわが愛する人たちの痕跡！\n永遠の海に身を委ね\n故郷と私を連れて行って！\n永遠に不安な夢の世界！\nこうして私の目の前に降り立った！\nインペラトル様！\n苦しい人生を過ごした後\nあなたへの信仰心から、必死に追い求めた安らぎを得られるでしょうか！\nいいえ！それはただの憧れ！\n神使の助けでここに降臨することは永遠にできない！	Đây là lời hát trong cảnh cuối cùng của một vở nhạc kịch cổ do tu hội ghi lại, nghe nói không còn ai nhớ được giai điệu của nó:\n\nBiển mây ơi!\nHãy ngừng vận hành!\nÁnh sáng mờ ảo dưới mặt nước kia\nLà dấu vết của những người ta yêu!\nHãy để biển cả vĩnh hằng\nMang theo cả tôi và quê hương đi!\nGiấc mộng vĩnh hằng và bất an!\nCứ thế giáng xuống trước mắt tôi!\nNgài Imperator vĩ đại ơi!\nLiệu sau một đời đau khổ\nTôi có thể tìm thấy sự bình yên hằng khao khát trong lòng thành kính với ngài không!\nKhông! Đó chỉ là một niềm khao khát!\nMãi mãi không thể nhờ sứ giả của thần để giáng xuống nơi đây!
lang_multi_text.db	AreaReportContent_Text34	3.4	Hội thoại/Cốt truyện	Hệ thống/Thế giới			这是修会记载的一篇古老歌剧的最后一幕唱词，据悉已经无人再记得它的旋律：\n\n救赎永远地消失了！\n家乡将永远沉眠于水底！\n出海！出海！\n永远地在海上航行！\n升起船帆！松开船锚！\n向旧拉古那道出永恒的告别！	These are the lyrics from the final scene of an ancient opera, preserved by the Order. It is said that no one remembers its melody:\n \nSalvation fades, lost forever!\nOur home will eternally sleep beneath the waves!\nOnward to the sea! Onward to the sea!\nSail onward, forever upon the waves!\nRaise the sail! Weigh the anchor!\nBid farewell to old Ragunna!	教団に記録された古いオペラの最後の一幕の歌詞で、もはや誰もそのメロディーを覚えていないと言われている。\n\n救済は永遠に消えた！\n故郷は永遠に水の底で眠り続ける！\n出航！出航！\n終わりなき航海を始めよう！\n帆を上げろ！錨を上げろ！\nかつてのラグーナに永遠の別れを告げるのだ！	Đây là lời hát trong cảnh cuối cùng của một vở nhạc kịch cổ do tu hội ghi lại, nghe nói không còn ai nhớ được giai điệu của nó:\n\nSự cứu rỗi đã tan biến mãi mãi!\nQuê hương sẽ mãi chìm sâu dưới đáy nước!\nRa khơi! Ra khơi!\nMãi mãi lênh đênh trên biển cả!\nGiương buồm! Nhổ neo!\nNói lời tạm biệt vĩnh viễn với Ragunna cũ!
lang_multi_text.db	AreaReportContent_Text35	3.4	Hội thoại/Cốt truyện	Hệ thống/Thế giới			作为先行公约拉古那分部的员工，我很少和其他同事谈起我的家乡。\n我来自一个叫做埃格拉镇的小地方，那里符合你对“小镇”这个词的一切定义……落后，古朴，不算热闹（至少白天不算）。在我行走世界各地的职业生涯里，这样的村镇我见过很多。为了避免被残象或是悲鸣吞没的命运，它们大多会自然而然地并入更大的城塞中。可鲜为人知的是，其实埃格拉镇作为人口聚集区的历史不比如今的拉古那城更短，它甚至倔强地保有着自己最初的样子。\n轻易别惹埃格拉镇的老人，这句话几乎是修会内部的一个共识。\n如果你去那里旅行，你也许会见到一些精神矍铄的老人，但你一定不会想到，这些看似镇长或者旅馆老板的扫地大爷，曾经也是手握神权、规制一方的人物。他们其中的某些人甚至是从修会中退休下来的老教士，有些人曾经身居高位，与首座长久共事，解读神谕或是修订教义。在过去拉古那迁徙的时代，他们或者他们的父辈也曾在第一线奔波，投入到城市建设中去，最后上了年纪，选择回到当初那个镇子里。	As an employee at the Ragunna branch of the Pioneer Association, I rarely bring up my hometown with colleagues.\n\nI come from a small town called Egla, which fits every definition of a "small town"—simple, a bit behind the times, and quiet, at least during daylight hours. Through my business travels worldwide, I've seen many such towns. Most eventually merge into larger, fortified cities for protection from TDs or the Lament. Few people realize, however, that Egla's history as a settlement is nearly as ancient as Ragunna's, and it had stubbornly kept much of its original character.\n\nWithin the Order, there's a well-known piece of advice: never anger the elders of Egla.\n\nVisitors to Egla might encounter a few lively elders who seem like humble figures, be it a local mayor or an innkeeper. But behind these modest roles, many were once people of influence, even retired Acolytes or Priests of the Order who served alongside the Primus, interpreted the oracles, or shaped doctrines. When Ragunna was still a city on the rise, these elders—or their forebears—stood on the front lines, helping lay its very foundations. After long, distinguished careers, they returned to Egla, choosing to spend their later years in the place where it all began.	先駆条約ラグーナ支部の従業員である私は、他の同僚と故郷について話すことはほとんどありません。\n私は、エグラという小さな町から来ました。そこは「小さな町」と呼ぶのにぴったりの町です……時代遅れで、地味で、賑やかとはいえません（少なくとも昼間はそうでした）。世界中を歩き回る仕事の中で、このような村や町をたくさん見てきました。そのほとんどが、残像や悲鳴に飲み込まれる運命を避けるため、より大きな都市に吸収されていくのです。実際エグラの町は、人口集中地区としての歴史は現在のラグーナ城と同じくらい長く、今も変わることなく最初の町並みを保ち続けています。\nエグラの町の老人を軽々しく怒らせてはならない、というのは教団内でほぼ共通認識と化しています。\nエグラの町へ旅行に行くと、元気な老人たちに出会うかもしれません。町長や旅館の主人のような見た目のお掃除おじいさんたちが、かつては神の権力を握り、地域を治めていた人物であるとは思わないでしょう。中には教団から引退した古い司祭や、かつて高い地位にいて長い間主座とともに働き、神託を解釈したり教義を修正したりしていた人々もいます。かつてのラグーナ移住の時代、第一線で奮闘しながら都市建設に尽力した人々（あるいはその子ども）が年を取り、最後に最初にいた町へと戻ることを選んだのです。	Là nhân viên của chi nhánh Ragunna thuộc Hiệp Ước Tiên Phong, tôi hiếm khi nói về quê hương với các đồng nghiệp khác.\nTôi đến từ một nơi nhỏ bé tên là thị trấn Egla, nơi đáp ứng mọi định nghĩa của bạn về từ "thị trấn nhỏ"... lạc hậu, mộc mạc, không quá náo nhiệt (ít nhất là vào ban ngày không tính). Trong suốt sự nghiệp bôn ba khắp thế giới của mình, tôi đã thấy rất nhiều ngôi làng, thị trấn như vậy. Để tránh số phận bị Tàn Tượng hoặc Bi Minh nuốt chửng, phần lớn chúng sẽ tự nhiên sáp nhập vào các thành phố lớn hơn. Nhưng ít ai biết rằng, lịch sử của thị trấn Egla với tư cách là một khu vực đông dân cư thực chất không ngắn hơn thành phố Ragunna ngày nay, nó thậm chí còn ngoan cường giữ được diện mạo ban đầu của mình.\nĐừng dễ dàng đắc tội với những người già ở thị trấn Egla, câu nói này gần như là một nhận thức chung trong nội bộ tu hội.\nNếu bạn đến đó du lịch, có thể bạn sẽ gặp vài ông lão quắc thước, nhưng bạn chắc chắn sẽ không ngờ rằng, những ông lão quét rác có vẻ ngoài như trưởng trấn hay ông chủ nhà nghỉ này, cũng từng là những nhân vật nắm trong tay thần quyền, cai quản một phương. Một số người trong số họ thậm chí là những giáo sĩ lão làng đã nghỉ hưu từ tu hội, có người từng giữ chức vị cao, làm việc lâu năm với Primus, giải mã thần dụ hoặc sửa đổi giáo lý. Trong thời đại di cư của Ragunna trước đây, họ hoặc thế hệ cha ông của họ cũng từng ngược xuôi trên tiền tuyến, dốc sức vào việc xây dựng thành phố, để rồi khi tuổi cao, họ chọn quay trở lại thị trấn thuở ban đầu đó.
lang_multi_text.db	AreaReportContent_Text36	3.4	Hội thoại/Cốt truyện	Hệ thống/Thế giới			所以埃格拉镇到底有什么魔力？\n其实，我也无法理解那一代人的事。\n最后一次离开老家前，我看见老人们在一处破落的宅邸前絮叨，像是吊唁。\n他们在那安静地站了许久，然后怀念起过去的日子：\n“老家伙，时光是不能倒流的，一个人是不能沉溺在可能的状况中无法自拔的，你应该明白如今并不比过去更差，或许还更好……我们注定救不了那个孩子，救下大多数人，我们就应该心存感激才是。”	What is it, exactly, that keeps people returning to Egla Town?\n \nHonestly, I can't quite understand the mindset of that generation.\n \nThe last time I left my hometown, I saw a group of elders gathered in front of an abandoned house, almost as if they were holding a vigil.\n \nThey stood there for a long time in silence before one of them spoke, reflecting on the past:\n \n"Old friend, time doesn't turn back. You can't live forever in what might have been. You need to understand that the present isn't necessarily worse than the past. It might even be better... We couldn't save that child in the end. But we should be grateful for the majority we did save."	エグラの町には、一体どんな魔力があるのでしょうか？\n実際、私もあの世代の人々を理解することはできません。\n最後に故郷を離れる前、私は老人たちが荒れ果てた邸宅の前でおしゃべりしているのを見ました。それはまるで、弔いのようでした。\n彼らは静かに立ち続けていて、過去の日々を懐かしんでいました。\n「老いぼれよ、時間は巻き戻せない。可能性におぼれて抜け出せないのはよくない。今は過去よりもマシだということを理解すべきだ。いや、もっと良くなっているかもしれない……私たちはあの子を救う運命にはないが、大勢の人を救うことができたのなら、むしろ感謝すべきだろう。」	Vậy rốt cuộc thị trấn Egla có sức hút gì?\nThực ra, tôi cũng không thể hiểu được chuyện của thế hệ đó.\nLần cuối cùng trước khi rời quê, tôi thấy các ông lão đang rầm rì trước một căn nhà cũ nát, giống như đang viếng tang.\nHọ đứng đó lặng lẽ rất lâu, rồi hoài niệm về những ngày đã qua:\n"Ông bạn già à, thời gian không thể quay ngược lại, một người không thể mãi đắm chìm trong những tình huống có thể xảy ra mà không dứt ra được, ông nên hiểu rằng hiện tại không hề tệ hơn quá khứ, có lẽ còn tốt hơn... Chúng ta đã định sẵn là không thể cứu đứa trẻ đó, cứu được phần lớn mọi người, chúng ta nên thấy biết ơn mới phải."
lang_multi_text.db	AreaReportContent_Text37	3.4	Hội thoại/Cốt truyện	Hệ thống/Thế giới			这一份莫塔里家族内部的访谈记录。\n\n——您好，我是被指派来的人事中介顾问，你可以叫我35号。\n——35号。你的真名是什么？\n——请您理解，先生，做我们这行的，最不希望和别人在业务以外扯上关系。\n——行，那么说说你对这份员工合同的处理方案吧。\n——解雇。\n——然后呢……？关于那些心理辅导，善后，还有善意的谎言呢？\n——没了。就这样。\n——什么？那莫塔里为什么要雇你？这种事情我自己也能办到，还能比你做得更好。\n——真的能么？先生，您真的能做到，面不改色地对着一个牵挂着母亲、孤身一人来为贵家族卖命的女孩说：“抱歉，你没能为家族创造足够的价值，所以我们不得不解雇你。”这样的话来么？	This is a transcript of an interview that occurred in the Montelli family.\n\n- Good day. I've been assigned as your consultant for this case. You can refer to me as No. 35.\n\n- No. 35? Don't you have an actual name?\n\n- I beg your understanding, sir. Those of us in this line of work prefer to keep our dealings strictly professional, with no entanglement beyond the task at hand.\n\n- Alright, then. What's your plan regarding this employee's contract?\n\n- Termination.\n\n- And...? No emotional support, no severance, no kind words to soften the blow?\n\n- No. Just termination.\n\n- What? Then why would the Montellis need you for this? I could handle it myself, and probably better.\n\n- Are you sure, sir? Are you prepared to look this young woman in the eye—a girl who's worked tirelessly for this family, despite being separated from her own mother—and tell her, without a hint of empathy, "I'm sorry, but you haven't brought sufficient value to the family. We have to let you go." If you're certain you can do that, then be my guest.	モンテリファミリーの内部インタビュー記録。\n\n――こんにちは、私はここに派遣された人事仲介コンサルタントです。35号とお呼びください。\n――35号か。本名は何と？\n――どうかご理解ください。我々の業界でのタブーは、他の人と業務上以外の関係を持つことなんです。\n――いいだろう。では、この従業員契約の処理案について話してくれ。\n――解雇します。\n――それで……？あの心理カウンセリング、アフターケア、そして善意の嘘は？\n――なくなりました。ま、そういうことです。\n――何だって？じゃあ、モンテリはなぜ君を雇ったんだ？これなら私だって対処できる、むしろ君より上手くできるだろう。\n――本当に？母を想いながら身売りに来た少女に、顔色ひとつ変えずに「ごめんよ、君は役立たずだから解雇せざるをえないんだ」なんて言えます？	Đây là bản ghi chép phỏng vấn nội bộ của gia tộc Montelli.\n\n- Chào ngài, em là cố vấn môi giới nhân sự được chỉ định đến đây, ngài có thể gọi em là số 35.\n- Số 35? Tên thật của anh là gì?\n- Mong ngài thông cảm, thưa ngài, làm nghề như chúng tôi, điều không mong muốn nhất là dính líu với người khác ngoài công việc.\n- Được thôi, vậy hãy nói về phương án xử lý hợp đồng của nhân viên này đi.\n- Sa thải.\n- Rồi sao...? Còn những chuyện như tư vấn tâm lý, lo hậu sự, và những lời nói dối thiện chí thì sao?\n- Không có. Chỉ vậy thôi.\n- Cái gì? Vậy Montelli thuê anh để làm gì? Chuyện này em tự làm cũng được, lại còn làm tốt hơn anh.\n- Thật sự có thể sao? Thưa ngài, ngài thực sự có thể làm được, mặt không đổi sắc nói với một cô gái đang vướng bận mẹ già, thân cô thế cô đến bán mạng cho gia tộc ngài rằng: "Xin lỗi, cô đã không tạo ra đủ giá trị cho gia tộc, nên chúng tôi buộc phải sa thải cô." Những lời như vậy sao?
lang_multi_text.db	AreaReportContent_Text38	3.4	Hội thoại/Cốt truyện	Hệ thống/Thế giới			——我……有什么做不到的，况且我也没必要说的那么过分吧？\n——如果不那样果决的话，下一个被家族抛弃的人就是您了，这位先生。如果您太过温和，那您不仅没能为家族创造足够的价值，还会白白损失一笔赔偿费；就算侥幸解雇成功了，那么您也会被员工们冠以一个冷血的称谓……毕竟，莫塔里可是以家族为名联系起来的不是么？有谁会这样对待自己的家人呢？\n——那……就因为这个？我就要花这么一笔钱来雇你解雇她？这太不划算了，不过，你说得对，家族的名声可不能坏在我这里……\n——或者，您也可以给我一个必须解雇她的理由，这样，我可以尝试和她讲讲道理。\n——理由？货送丢了就是理由！一个非共鸣者，没有幻觉抵抗力，护不住货物，那她到底有什么用？\n——所以您想用一个普通雇员的薪水招聘一位共鸣者或者一位能挺过幻觉的人？况且……货物真的是被她弄丢的么？我记得我的上一个雇主在被通知解雇后，流着泪和我说了关于他领导的事……\n——你，你……你居然……这个话题到此为止吧，就按你的规矩办。\n\n「执行人」批注：启动对该区域经理的审查。还有，记得给那女孩安排个新工作。	- I... I can certainly do that. Besides, there's no need to be so harsh, is there?\n\n- If you're not harsh enough, sir, you may very well be the next to face dismissal. Be too lenient, and you risk failing to generate value for the family and wasting extra compensation. Even if you manage the dismissal, the staff may start seeing you as cold-hearted. The Montellis are a big family, aren't they? Who would do that to their own family?\n\n- So... That's it? I'm supposed to pay a hefty sum to hire you just to let her go? Feels like extortion. But you're right. I can't be the one damaging the family's reputation.\n\n- Or, you could give me a reason why she must be dismissed. Then I might be able to make her understand.\n\n- A reason? Isn't losing the cargo enough? She's not a Resonator. She couldn't resist the hallucinations and failed to protect the cargo... What use is she?\n\n- So, you plan to hire a Resonator or someone with similar resistance at the standard employee wage? Besides, are we certain she actually lost the cargo? My last employer once broke down when he was dismissed, sharing a story about his supervisor...\n\n- You... How dare you bring that up? This conversation is over. Just do it your way.\n\nNotes from the Executor: Initiate a review of this regional manager. Also, arrange a new position for the dismissed girl.	――私に……できないことなどない。それに、そこまでひどい言い方をする必要もないだろう？\n――ハッキリと伝えなければ、次に見捨てられるのはあなたですよ。優しすぎるせいでファミリーに十分な価値を創造できなかっただけでなく、無駄に賠償金を支払うことになるんです。たとえ運良く解雇が成功したとしても、あなたは従業員たちから無情な称号を与えられることになるでしょうね……結局のところ、モンテリはファミリーの名のもとに結びついているのでしょう？普通なら、自分の家族にこんな仕打ちをすると思います？\n――で……そのせいで、彼女を解雇するために大金を支払って君を雇わなければならないのか？まったくもって割に合わないが、君の言う通り、私のせいでファミリーの名声に泥を塗るわけにはいかない……\n――それか、彼女を解雇するための理由を伝えていただければ、私から彼女を説得してみてもかまいませんよ。\n――理由だって？荷物の紛失以外に何がある！非共鳴者で幻覚への抵抗力がなく、荷物を守ることができないなら、彼女は一体何ができる？\n――つまり、普通の従業員の給料で共鳴者や幻覚に耐えられる人を雇いたかったのですか？それに……本当に彼女が荷物を失くしたのでしょうか？確か前の雇用主が解雇された後、涙を流しながら私に自分の上司について話していましたよね……\n――き、き……君はまさか……この話題はここまでにしよう、君のやり方で進めてくれればいい。\n\n「エグゼキューター」コメント：該当エリアのマネージャーの審査を開始。それと、その少女に新しい仕事を用意すること。	- Em... có gì mà không làm được, huống hồ em cũng không cần phải nói quá đáng như vậy chứ?\n- Nếu không quyết đoán như thế, người tiếp theo bị gia tộc vứt bỏ sẽ là ngài đấy, thưa ngài. Nếu ngài quá ôn hòa, ngài không những không tạo ra đủ giá trị cho gia tộc, mà còn mất toi một khoản bồi thường; ngay cả khi may mắn sa thải thành công, ngài cũng sẽ bị nhân viên gán cho cái danh máu lạnh... Suy cho cùng, Montelli được gắn kết lại bằng danh nghĩa gia tộc mà, đúng không? Có ai lại đối xử với người nhà em như vậy chứ?\n- Vậy... chỉ vì lý do này? Mà em phải tốn một khoản tiền lớn như thế để thuê anh sa thải cô ta? Thật quá không đáng, nhưng, anh nói đúng, danh tiếng của gia tộc không thể bị hủy hoại trong tay em được...\n- Hoặc là, ngài cũng có thể cho em một lý do bắt buộc phải sa thải cô ta, như vậy, em có thể thử nói lý lẽ với cô ấy.\n- Lý do? Mất hàng chính là lý do! Một người không phải Cộng Hưởng Giả, không có sức đề kháng với ảo giác, không bảo vệ được hàng hóa, vậy cô ta rốt cuộc có tác dụng gì?\n- Vậy nên ngài muốn dùng mức lương của một nhân viên bình thường để tuyển một Cộng Hưởng Giả hoặc một người có thể vượt qua ảo giác? Huống hồ... hàng hóa thực sự do cô ta làm mất sao? Em nhớ người chủ cũ của em sau khi nhận thông báo sa thải, đã vừa khóc vừa kể với em về chuyện của cấp trên anh ta...\n- Anh, anh... anh dám... Chuyện này dừng ở đây thôi, cứ làm theo quy tắc của anh đi.\n\nBình duyệt của "Người Thi Hành": Khởi động việc xem xét vị giám đốc khu vực này. Còn nữa, nhớ sắp xếp cho cô gái đó một công việc mới.
lang_multi_text.db	AreaReportContent_Text39	3.4	Hội thoại/Cốt truyện	Hệ thống/Thế giới			关于先行公约出品的黎那汐塔历史纪录片「岁主之国」，你所不知道十个彩蛋！\n\n1，片中所有关于神迹和传说的取景地都在槲生半岛，因为只有这里大片生长着标志性的的青枝。事实上，从植物系谱上来分类，这种植物很大概率不是黎那汐塔的本地产物。\n\n2，关于那不盖勒二世的部分，隐海修会拒绝在圣堂建筑内部提供取景，最后剧组跑到槲生半岛的遗迹完成了这场戏。原因是因为扮演那不盖勒二世的演员曾在其他记录片中扮演过一个爱上神职人员的商人。\n\n3，片中的翡萨烈发家史其实以新联邦的传奇富商故事为原型，而关于真正的历史翡萨烈人则拒绝提供资料。\n\n4，片中的圣女小时候会帮助村民采摘水果，但事实上埃格拉镇附近没有果树，这段是在槲生半岛拍的。	10 Fun Facts You May Have Missed in the Pioneer Association's Historical Documentary: Land of the Sentinel!\n\n1. All scenes depicting miracles and myths were filmed on the Fagaceae Peninsula, the only location abundant with the distinctive Viscum Viride. Interestingly, plant lineage studies suggest that Viscum Viride is most likely not native to Rinascita.\n \n2. For scenes featuring Napoli the Second, the Order of the Deep denied the crew access to film within their Cathedral. Instead, the crew used ruins in the Fagaceae Peninsula to complete these shots. The reason for the denial was that the actor portraying Napoli the Second had previously played a merchant who falls in love with an Acolyte in another documentary.\n\n3. The backstory of the Fisalia family's rise to prominence is loosely based on a legendary wealthy merchant from the New Federation, as the Fisalia family declined to share their own history for the documentary.\n\n4. In the documentary, the Blessed Maiden is shown helping villagers pick fruit as a child. However, there are no fruit trees near Egla Town. This scene was actually filmed on the Fagaceae Peninsula.	先駆条約が制作したリナシータの歴史ドキュメンタリー「歳主の国」について、あなたの知らない10の撮影秘話をご紹介！\n\n1. ドキュメンタリーに登場する霊跡や伝説にまつわるロケ地は、いずれもブナ半島です。象徴的なウィスクムが広がるのは、ここブナ半島だけ。実際に植物の系譜から分類すると、この植物がリナシータ原産である可能性は低いです。\n\n2. ナポリ二世に関する映像は、隠海教団が聖堂の内部での撮影を拒否したため、最終的に撮影チームがブナ半島の遺跡に移動してシーンを完成させました。撮影が拒否された理由は、ナポリ二世を演じた俳優が、他のドキュメンタリーで聖職者に恋した商人を演じたことがあるからです。\n\n3. 作中のフィサリアファミリーの成功ヒストリーは、ネオユニオンの伝説的な富豪の物語を原型としており、本当の歴史についての資料の提供をフィサリアの人は拒否しています。\n\n4. ドキュメンタリーの中の聖女は、子供の頃に村人たちの果物摘みを手伝っていましたが、実際のエグラの町の近くには果樹がなく、該当シーンはブナ半島で撮影されました。	10 bí mật bạn chưa biết về phim tài liệu lịch sử "Vùng Đất Tuế Chủ" về Rinascita do Hiệp Ước Tiên Phong sản xuất!\n\n1. Tất cả các cảnh quay về thần tích và truyền thuyết trong phim đều được quay tại Bán đảo Fagaceae, vì chỉ ở đây mới có những mảng Viscum Viride mang tính biểu tượng mọc dày đặc. Trên thực tế, phân loại theo phả hệ thực vật, loài cây này khả năng cao không phải là sản vật bản địa của Rinascita.\n\n2. Đối với phần về Napoli Đệ Nhị, Tu Hội Ẩn Hải đã từ chối cung cấp bối cảnh quay bên trong tòa thánh đường, cuối cùng đoàn làm phim phải chạy đến di tích ở Bán đảo Fagaceae để hoàn thành cảnh này. Lý do là vì diễn viên đóng vai Napoli Đệ Nhị từng đóng vai một thương nhân yêu một giáo sĩ trong một bộ phim tài liệu khác.\n\n3. Lịch sử phát triển của gia tộc Fisalia trong phim thực chất dựa trên câu chuyện về một thương nhân giàu có huyền thoại của Tân Liên Bang, còn người nhà Fisalia thực sự trong lịch sử thì từ chối cung cấp tư liệu.\n\n4. Thánh nữ trong phim khi còn nhỏ từng giúp dân làng hái trái cây, nhưng thực tế gần thị trấn Egla không có cây ăn quả, cảnh này được quay ở Bán đảo Fagaceae.
lang_multi_text.db	AreaReportContent_Text4	3.4	Hội thoại/Cốt truyện	Hệ thống/Thế giới			二、项目建设基本情况\n项目背景：今州城防战结束后，建筑设施遭受较大幅度破坏，目前已完成初步修复。我单位在令尹和天工部指示下，吸取防卫战中的战场经验，重新修订了今州城二期扩建计划。目前二期计划用地总规模相比一期扩大了二倍，主要用地部分为被破坏的城区和防卫战中沟堑区。依照方案书规划，一方面，我单位计划重点强化外层城防布局，将沟堑区外围土地移至东方和南方，引入海水将沟堑区改造为外层隔离区；另一方面，我们为今州城市内部规划出新的垂直分层结构，为紧急方案营造优势战术地形和撤离缓冲区、贯彻令尹第二纵深防御计划的战术思想。该项目前期准备工作历时二十一天，工程方案书先前已取得批准文件，工地规划和用地指标已由工程部确认完毕，即将开始施工，请令尹批示。\n\n特此报告。\n天工部基建科土地开发组	II. Construction Project Overview\n \nProject Background: Following the defense of Jinzhou, extensive damage was sustained to buildings and infrastructure, which have since undergone preliminary repairs. Under the guidance of the Magistrate and the Ministry of Development, we have revised the Jinzhou Expansion Project Phase II, incorporating lessons learned from the battle. The planned area for Phase II has doubled in size compared to Phase I, encompassing much of the city's damaged areas and the trench zones during the conflict. According to the revised plan, our first objective is to reinforce the defensive layout surrounding the outer city by relocating the trench zones to the east and south and channeling seawater to form an outer barrier zone. Secondly, we have planned a new vertical structure for Jinzhou's inner city, creating an advantageous tactical terrain and a buffer zone for retreating in emergency scenarios, in alignment with the Magistrate's "second line of deep defense" strategy. This project's preparation phase took 21 days. With approvals from the Engineering Department for the project plan and the land use, we are ready to begin construction. We hereby request final approval from the Magistrate.\n \nRespectfully submitted,\nLand Development Team, Infrastructure Division, Ministry of Development	二、事業の基本状況\n事業背景：今州城における防衛戦終了時点で、建築物は甚大な損害を受けていましたが、現在は初期段階の修繕が完了しています。当部署では防衛戦での現場経験を生かし、令尹殿と天工部の指導の下で今州城第二期拡張事業計画の再調整を行いました。現在、第二期計画の用地総面積は第一期の三倍に拡大、主に破壊された市街地と防衛戦時の塹壕エリアです。計画に基づき、外層における防衛の配置強化のため、塹壕外側の土地を東と南の区域に移すとともに、海水を引き込むことで塹壕エリアを外層隔離エリアへと変更します。同時に今州城の市街地内部に新たな垂直分層構造を計画、緊急時に有利な戦術地形と避難用緩衝ゾーンを作り、令尹殿の深層防衛第二計画における戦術思想の実現を目指します。この事業における準備作業の工期は21日間、工事計画書は承認済みで、工事部による施工計画と用地アセスメント調査も完了しており、まもなく着工の予定です。令尹殿のご指示をお願いします。\n\n報告は以上となります。\n天工部施設科土地開発チーム	Hai, Tình hình cơ bản về xây dựng dự án\nBối cảnh dự án: Sau khi chiến tranh phòng thủ thành Kim Châu kết thúc, các công trình kiến trúc bị phá hoại khá nặng nề, hiện đã hoàn thành tu sửa sơ bộ. Dưới sự chỉ thị của Lệnh Doãn và Thiên Công Bộ, đơn vị chúng tôi đã tiếp thu kinh nghiệm trên chiến trường trong chiến tranh phòng vệ, sửa đổi lại kế hoạch mở rộng thành Kim Châu giai đoạn hai. Tổng quy mô quỹ đất của kế hoạch giai đoạn hai hiện tại đã được mở rộng gấp hai lần so với giai đoạn một, phần đất sử dụng chính là các khu vực bị tàn phá và khu vực chiến hào trong chiến tranh phòng vệ. Dựa theo quy hoạch của phương án, một mặt, đơn vị chúng tôi lên kế hoạch trọng điểm cường hóa bố cục phòng thủ vòng ngoài, dời đất xung quanh khu chiến hào sang phía Đông và phía Nam, dẫn nước biển vào cải tạo khu chiến hào thành khu cách ly lớp ngoài; mặt khác, chúng tôi thiết kế ra cấu trúc phân tầng thẳng đứng mới cho nội bộ thành phố Kim Châu, xây dựng địa hình chiến thuật có ưu thế và vùng đệm sơ tán cho phương án khẩn cấp, quán triệt tư tưởng chiến thuật trong kế hoạch phòng thủ chiều sâu thứ hai của Lệnh Doãn. Công tác chuẩn bị sơ bộ của dự án này kéo dài hai mươi mốt ngày, phương án công trình trước đó đã lấy được văn bản phê chuẩn, quy hoạch công trường và chỉ tiêu đất đai đã được bộ công trình xác nhận xong, sắp bắt đầu thi công, xin Lệnh Doãn phê thị.\n\nĐặc biệt báo cáo.\nTổ phát triển đất đai của khoa xây dựng cơ bản Bộ Thiên Công
lang_multi_text.db	AreaReportContent_Text40	3.4	Hội thoại/Cốt truyện	Hệ thống/Thế giới			5，片中出镜的神使全部都是私人终端中的声骸假扮的，修会拒绝了让神使参与这种拍摄娱乐制品的行为。\n\n6，片中随那不盖勒二世或圣女出征的场面其实都是由赞助商扮演的，其中，有许多是来自呜呜物流的临时工。黎那汐塔的本地员工只占一小部分，但他们用一天教会了配送员们如何像个骑士一样冲锋。\n\n7，酒馆室内打架那段戏，导演自己也抡拳上去了，原因是因为在片场喝了太多槲生半岛的特酿酒。\n\n8，扮演初代朝圣船出海的那场戏只拍了一遍，因为那艘船剧组只能租半天。\n\n9，莫塔里家族的初代家族长由他们这一代家族长友情客串。\n\n10，这部纪录片至今未在拉古那城本地上映。	5. The Divine Envoys featured in the documentary were actually portrayed by the Echoes from Reserved Terminals, as the Order refused to allow the actual Divine Envoys to participate in any form of entertainment filming.\n\n6. The battle scenes involving Napoli the Second and the Blessed Maiden were largely performed by sponsors, many of whom were contractors from Lollo Logistics. Locals from Rinascita only made up a small part of the cast, but they spent an entire day teaching the couriers how to charge into their enemies like knights.\n\n7. In the bar fight scene, the director personally contributed to the fighting choreography due to having consumed too much of the special brew made in the Fagaceae Peninsula.\n\n8. The iconic scene of the first Pilgrim's Sail setting off was filmed in a single take because the crew was only able to lease the ship for half a day.\n\n9. The current head of the Montelli family made a cameo appearance, playing the role of the first family head of the Montellis.\n\n10. The documentary has yet to be shown in local cinemas in Ragunna.	5. 教団はこうしたエンタメ作品に神使を参加させることを拒否したため、登場する神使はすべて個人用デバイスの音骸が扮したものです。\n\n6. ナポリ二世や聖女が出征する場面はスポンサーによって演じられており、中でもブブ物流のアルバイトがエキストラとして多く参加しています。リナシータの現地スタッフはごく一部ですが、たった1日で騎士のように突進する方法を配達員たちに教えました。\n\n7. 酒場の室内での喧嘩のシーンでは、監督自らも拳を振るいました。その理由は、撮影現場でブナ半島の特製ワインを飲みすぎたからです。\n\n8. 初代の巡礼船が出航するシーンは、撮影クルーが半日しか船を借りられなかったためリテイクなしで撮影されました。\n\n9. モンテリファミリーの初代当主役は、現当主が友情出演で演じました。\n\n10. このドキュメンタリーは、現在に至るまでラグーナ城で上映されたことがありません。	5. Các sứ giả của thần xuất hiện trong phim đều do Echo trong thiết bị đầu cuối cá nhân đóng giả, tu hội đã từ chối để các sứ giả của thần tham gia vào hành vi quay các sản phẩm giải trí này.\n\n6. Các cảnh xuất chinh cùng Napoli Đệ Nhị hoặc thánh nữ thực chất đều do các nhà tài trợ đóng, trong đó, có rất nhiều người là nhân viên tạm thời đến từ Lollo Logistics. Nhân viên bản địa của Rinascita chỉ chiếm một phần nhỏ, nhưng họ đã dành một ngày để dạy cho các nhân viên giao hàng cách xông lên như một hiệp sĩ.\n\n7. Trong cảnh đánh nhau trong quán rượu, chính đạo diễn cũng lao vào vung nắm đấm, lý do là vì ông đã uống quá nhiều rượu đặc sản của Bán đảo Fagaceae ở trường quay.\n\n8. Cảnh quay chuyến tàu hành hương đầu tiên ra khơi chỉ quay đúng một lần, vì đoàn phim chỉ có thể thuê con tàu đó trong nửa ngày.\n\n9. Vị trưởng gia tộc đầu tiên của gia tộc Montelli do chính trưởng gia tộc đời này của họ nhận lời đóng vai khách mời.\n\n10. Bộ phim tài liệu này cho đến nay vẫn chưa được chiếu ở các rạp phim địa phương tại thành phố Ragunna.
lang_multi_text.db	AreaReportContent_Text41	3.4	Hội thoại/Cốt truyện	Hệ thống/Thế giới			这是一份多年前隐海修会赦免院的庭审记录。\n\n开庭地点：拉古那潮汐圣堂侧厅审判厅\n审判庭人员：审判长  赦免院 第十席 柯西莫\n审判员：赦免院 弗里德里希 赦免院 德沃夏克 赦免院 玛丽安娜 \n书记员：请肃静，现在宣布审判庭纪律！全体起立，请审判长，审判员入庭。\n书记员：报告审判长，原告蒂亚戈·莫塔里，被告蒂诺·翡萨烈，被告代理人朱佩塞已到庭。原告提供的证人尼科洛教士在庭外候传。终审庭前准备工作就绪，请审判长开庭。\n审判长：拉古那潮汐圣堂赦免院审判庭第十庭现依据修会教义和规定，今日于此公开审理原告莫塔里家族和被告人蒂诺·翡萨烈、被告方翡萨烈家族的纠纷一案，现在宣布开庭。\n审判长：现在核对当事人，诉讼参与人的基本情况，若双方无异议则进行法庭调查，重点调查双方当事人争议事实及证据质证。	This is a trial record from many years ago, conducted by the Order Tribunal of the Order of the Deep.\n\nTrial location: Side Hall Courtroom of the Tidal Sanctuary, Ragunna.\nTrial personnel: Presiding Judge - Cosimo from the 10th Court of the Order Tribunal\nJudicial officers - Friedrich of the Order Tribunal; Dvorak of the Order Tribunal; Marianne of the Order Tribunal\n\nCourt Clerk: Order! Order in the court! All rise for the presiding judge and judicial officers to enter the court.\n\nCourt Clerk: Your Honor, the plaintiff, Thiago Montelli, the defendant, Tino Fisalia, and the defendant's attorney, Giuseppe, are now in court. The plaintiff's witness, Acolyte Nicolo, is waiting outside the court. Preparations for the final trial have been completed. The trial may begin, Your Honor.\n\nPresiding Judge: According to the doctrines and regulations of the Order, the 10th Court of the Order Tribunal of Tidal Sanctuary, the Order of the Deep in Ragunna, shall preside over the dispute between the plaintiff, the Montelli family, and the defendants, Tino Fisalia and the Fisalia family. I hereby declare the court is now in session.\n\nPresiding Judge: We will now establish the basic information of the parties and their counsel. If there are no objections from either side, we will proceed with the inquiry and examine the disputed claims, evidence, and witnesses presented by both parties.	昔の隠海教団の内赦院の裁判記録。\n\n開廷場所：ラグーナ潮汐聖堂別室裁判所\n裁判所職員：裁判長 内赦院 第十席 コジモ\n審判員：内赦院 フリードリッヒ 内赦院 ドヴォルザーク 内赦院 マリアンナ\n書記官：静粛にしてください。これから裁判所の規律を発表します！全員起立、裁判長、裁判員は入廷してください。\n書記官：裁判長に報告します、原告ティアゴ・モンテリ、被告ティノ・フィサリア、被告代理人ジュペセが出廷しました。原告が提供した証人ニコロ司祭は、法廷の外で待機中です。最終審理の準備が整いました。裁判長、開廷をお願いします。\n裁判長：ラグーナ潮汐聖堂内赦院第十裁判団、教団の教義と規定に基づき、本日ここにおいて原告モンテリファミリーと被告ティノ・フィサリア及び被告側フィサリアファミリーとの紛争事件の公開審理を開廷します。\n裁判長：現在、当事者および訴訟参加者の基本情報を確認します。双方に異議がなければ法廷調査を開始、双方の当事者の争点となる事実および証拠の質疑を主として進めていきます。	Đây là bản ghi chép phiên tòa của Viện Xá Miễn thuộc Tu Hội Ẩn Hải từ nhiều năm trước.\n\nĐịa điểm mở phiên tòa: Phòng xét xử, Sảnh phụ Thánh đường Thủy Triều Ragunna\nNhân sự hội đồng xét xử: Thẩm phán trưởng - Cosimo, ghế thứ 10 Viện Xá Miễn\nThẩm phán viên: Friedrich thuộc Viện Xá Miễn, Dvorak thuộc Viện Xá Miễn, Marianne thuộc Viện Xá Miễn\nThư ký tòa: Đề nghị giữ trật tự, bây giờ xin tuyên bố kỷ luật của phòng xét xử! Tất cả đứng dậy, mời thẩm phán trưởng, thẩm phán viên vào phòng xét xử.\nThư ký tòa: Báo cáo thẩm phán trưởng, nguyên đơn Thiago Montelli, bị cáo Tino Fisalia, đại diện bị cáo Giuseppe đã có mặt tại tòa. Nhân chứng Nicolo giáo sĩ do nguyên đơn cung cấp đang chờ triệu tập ngoài phòng xét xử. Công tác chuẩn bị trước phiên tòa chung thẩm đã hoàn tất, xin mời thẩm phán trưởng mở phiên tòa.\nThẩm phán trưởng: Tòa án số 10 thuộc Viện Xá Miễn Thánh đường Thủy Triều Ragunna nay căn cứ theo giáo lý và quy định của tu hội, hôm nay tiến hành xét xử công khai vụ án tranh chấp giữa nguyên đơn là gia tộc Montelli và bị cáo Tino Fisalia, cùng gia tộc Fisalia của bị cáo, hiện tuyên bố bắt đầu phiên tòa.\nThẩm phán trưởng: Bây giờ tiến hành đối chiếu tình hình cơ bản của các đương sự, những người tham gia tố tụng, nếu hai bên không có ý kiến gì sẽ tiến hành điều tra tại tòa, trọng điểm điều tra thực tế tranh chấp của hai bên đương sự và đối chất chứng cứ.
lang_multi_text.db	AreaReportContent_Text42	3.4	Hội thoại/Cốt truyện	Hệ thống/Thế giới			…………\n审判长：证人，控方在庭审中所提交诉讼书内的证词是否属实？\n证人：并不属实。\n审判长：请肃静！\n审判长：请证人尼科洛教士再次确认证词，控方提供的诉讼书证词是否属实！根据赦免院庭审规定，证人在审判期间前后证词不一，影响案件判决结果，将有可能涉嫌伪证罪！\n证人：尊敬的审判长，岁主在上，我承认先前的证词并不属实。我现在申请赦免院对我和我的家庭提供人身安全庇护，我将检举莫塔里家族私下对我实行威胁，并逼迫我出庭进行伪证的行为。\n原告人：你在说什么鬼话！尼科洛！翡萨烈那伙人开庭前到底对你说了什么？\n被告人：呵。\n审判长：肃静！\n审判长：肃静！鉴于原告方证人对证词做出修改，赦免院即将重新进入质证流程，现在准备休庭，合议庭对本案双方争执问题和证人证词进行评议。明日将于中午十二时重新开庭并宣布审判结果。现宣布休庭！\n书记员：全体起立！请审判长，审判员退庭。当事人和旁听人员退庭。	...\nPresiding Judge: Witness, do you affirm that the testimony provided by the plaintiff in the complaint is truthful?\n\nWitness: It is not truthful.\n\nPresiding Judge: Order!\n\nPresiding Judge: Witness Acolyte Nicolo, I ask you again, is the testimony provided by the plaintiff in the complaint accurate? Be advised, under the Tribunal's rules, any contradictions in your testimony, should they affect the outcome of this trial, may lead to charges of perjury!\n\nWitness: Your Honor, by the Sentinel above, I admit that my prior testimony was false. I request that the Tribunal provide witness protection for myself and my family. I testify that the Montelli family coerced me into making a false statement in court.\n \nPlaintiff: What madness is this, Nicolo?! What did the Fisalias say to you before the trial?\n \nDefendant: Heh.\n \nPresiding Judge: Order!\n \nPresiding Judge: Order in the court! Given the witness's retraction of his testimony, the Order Tribunal shall now resume the examination process. The panel of judges will review the claims, the evidence, and the testimony presented. The trial will reconvene tomorrow at noon, at which time the verdict will be rendered. The court is adjourned.\n\nCourt Clerk: All rise for the presiding judge and judicial officers to depart. All parties and spectators may now exit the courtroom.	…………\n裁判長：証人に確認します、原告が法廷で提出した訴状内の証言は事実ですか？\n証人：事実ではありません。\n裁判長：静粛に！\n裁判長：証人ニコロ司祭は原告が提供した訴状内の証言は事実かどうか、再度証言を確認してください！内赦院の審理規定により、裁判期間中の前後で証人の証言が一致しない場合、事件の判決結果に影響を与える可能性があり、偽証罪に問われることになります！\n証人：尊敬なる裁判長、歳主の名の下に、以前の証言が事実でなかったことを認めます。私は今、内赦院に対し、私と家族の人身安全の保護を提供するよう申請します。そして、モンテリファミリーの私に対する脅迫と偽証を強要する行為を告発します。\n原告人：何を言っているんだ！ニコロ！フィサリアの連中が、裁判の前にお前に何か吹き込んだのか？\n被告人：ふんっ。\n裁判長：静粛に！\n裁判長：原告の証人が証言を訂正したことを考慮し、内赦院では再び証拠の質疑に入り、本日は休廷します。本件の双方の争点と証人の証言について、合議廷による評議を行います。明日正午12時に再び開廷し、判決結果を言い渡します。よって、ただいまより休廷を宣言します！\n書記官：全員起立！裁判長、審判員は退廷してください。当事者と傍聴者も退廷してください。	............\nThẩm phán trưởng: Nhân chứng, lời khai trong đơn khởi kiện do bên nguyên nộp tại phiên tòa có đúng sự thật không?\nNhân chứng: Không đúng sự thật.\nThẩm phán trưởng: Đề nghị giữ trật tự!\nThẩm phán trưởng: Đề nghị nhân chứng, giáo sĩ Nicolo xác nhận lại lời khai, lời khai trong đơn khởi kiện do bên nguyên cung cấp có đúng sự thật không! Căn cứ theo quy định xét xử của Viện Xá Miễn, nhân chứng có lời khai trước sau không nhất quán trong thời gian xét xử, ảnh hưởng đến kết quả phán quyết của vụ án, sẽ có khả năng bị nghi ngờ phạm tội khai man!\nNhân chứng: Kính thưa thẩm phán trưởng, có Tuế Chủ chứng giám, tôi thừa nhận lời khai trước đó không đúng sự thật. Bây giờ tôi xin Viện Xá Miễn cung cấp sự bảo vệ an toàn nhân thân cho tôi và gia đình tôi, tôi sẽ tố cáo hành vi gia tộc Montelli lén lút đe dọa tôi, và ép tôi ra tòa khai man.\nNguyên đơn: Ông đang nói cái quái gì vậy! Nicolo! Bọn Fisalia rốt cuộc đã nói gì với ông trước khi mở phiên tòa?\nBị cáo: Hừ.\nThẩm phán trưởng: Trật tự!\nThẩm phán trưởng: Trật tự! Xét thấy nhân chứng của bên nguyên đã thay đổi lời khai, Viện Xá Miễn sắp sửa bước vào lại quy trình đối chất chứng cứ, hiện chuẩn bị tạm nghỉ phiên tòa, hội đồng xét xử sẽ tiến hành đánh giá về các vấn đề tranh chấp của hai bên trong vụ án này và lời khai của nhân chứng. Sẽ mở lại phiên tòa vào 12 giờ trưa ngày mai và tuyên bố kết quả xét xử. Hiện tuyên bố tạm nghỉ phiên tòa!\nThư ký tòa: Tất cả đứng dậy! Mời thẩm phán trưởng, thẩm phán viên lui ra. Đương sự và những người dự thính lui ra.
lang_multi_text.db	AreaReportContent_Text43	3.4	Hội thoại/Cốt truyện	Hệ thống/Thế giới			埃弗拉德金库在职员工均持有的手册，以下是手册第一页所记载的内容。\n\n欢迎您入职埃弗拉德金库。您的到来为金库注入了新的血液，衷心期待您接下来的优异表现。\n秉持着私有“私有财产神圣不可侵犯”的条例，埃弗拉德金库内存储有大量珍贵声骸与艺术品，是黎那汐塔最为安全、稳固的场所。您的一言一行时刻代表着金库的形象，相信这本手册将会帮助您全面地了解埃弗拉德金库。\n\n金库简介：\n金库坐落于拉古那城的东侧，其中贮藏着难以计数的大量声骸和艺术品。金库分为上下两层，上层的管理区位于天堑之上，能够睥睨云海；下层的藏馆区则在云海之下，由电梯发射塔将两处相连。\n金库的保全设施由声骸构成。	The Employee Manual for all staff members of the Averardo Vault. Below is the content from the first page:\n\nWelcome to the Averardo Vault. Your arrival brings fresh energy to the Vault, and we sincerely look forward to your exceptional performance.\n\nIn keeping with the principle of "the sanctity and inviolability of private property," the Averardo Vault houses a vast collection of priceless Echoes and artworks. It is the safest and most secure place in Rinascita. Your every word and action reflect the Vault's image, and we trust this manual will help you gain a comprehensive understanding of the Averardo Vault.\n\nVault Overview:\n\nThe Vault is located east of Ragunna City, where it stores a vast array of Echoes and artworks. The Vault is divided into two zones: the Upper Management Zone, positioned above a chasm with a commanding view of the sea of clouds, and the Underground Depository Zone, situated beneath the clouds and connected to the upper zone by an elevator tower.\n\nThe Vault's security system is comprised of Echoes.	アヴェラルド金庫のスタッフ全員が持っている手帳。以下は最初のページに記載してある内容である。\n\nアヴェラルド金庫へようこそ。新たに金庫のメンバーとなったことを嬉しく思うと同時に、あなたがこれから金庫に大いなる貢献を果たすことを期待しています。\n「私有財産は神聖にして侵すべからず」という原則に則り、貴重な音骸及び芸術品が大量に収蔵されているこのアヴェラルド金庫は、リナシータにおいて最も安全で安定している場所です。あなたの言動はすべて金庫を代表していることをお忘れなく。この手帳がアヴェラルド金庫を知る上で大きな助力となるでしょう。\n\n金庫について：\n金庫はラグーナ城の東に位置しており、その中には計り知れないほどの音骸や芸術品が収蔵されている。金庫は上下の二つエリアに分かれています。上層の管理エリアは天上にあり、雲海を眺めることができます；下層の収蔵エリアは雲海の下に位置しており、エレベーター発射塔によって上層と下層が繋げられています。\n金庫の安全施設は音骸でできています。	Sổ tay mà tất cả nhân viên đang làm việc tại Kho Bạc Averardo đều giữ, dưới đây là nội dung được ghi lại ở trang đầu tiên của sổ tay.\n\nChào mừng bạn gia nhập Kho Bạc Averardo. Sự xuất hiện của bạn đã bơm dòng máu mới cho kho bạc, chân thành mong đợi sự thể hiện xuất sắc của bạn trong thời gian tới.\nTuân thủ nguyên tắc "tài sản riêng tư là thiêng liêng và bất khả xâm phạm", bên trong Kho Bạc Averardo lưu trữ một lượng lớn Echo và các tác phẩm nghệ thuật quý giá, là nơi an toàn và vững chắc nhất của Rinascita. Từng lời nói, hành động của bạn luôn đại diện cho hình ảnh của kho bạc, tin rằng cuốn sổ tay này sẽ giúp bạn hiểu toàn diện về Kho Bạc Averardo.\n\nGiới thiệu tóm tắt về kho bạc:\nKho bạc nằm ở phía đông của thành phố Ragunna, bên trong cất giữ một lượng lớn Echo và các tác phẩm nghệ thuật đếm không xuể. Kho bạc được chia thành hai tầng trên và dưới, khu vực quản lý ở tầng trên nằm trên vách núi hiểm trở, có thể bao quát biển mây; còn khu vực lưu trữ ở tầng dưới nằm dưới biển mây, hai nơi được kết nối bằng tháp phóng thang máy.\nCơ sở bảo an của kho bạc được cấu thành từ Echo.
lang_multi_text.db	AreaReportContent_Text44	3.4	Hội thoại/Cốt truyện	Hệ thống/Thế giới			您须知悉：\n职员和声骸，可活动的主要区块有以下：\n1.办公区（各位职员日常工作的场所）。\n2.地下金库区（声骸为主的区域，由经过武装的声骸巡视着地下金库内的藏品，如未申报，切勿擅自进入）。\n\n作为黎那汐塔地区最为牢固可靠的场所，金库全体职员有责任维护内部所有藏品的安全。\n所有藏品的入库出库，均需严格依照流程报备，违者将按职员手册内规定处理。	Kindly Note:\n\nStaff and Echo activity take place in the following areas:\n\n1. Office Area (The designated workspace for staff members).\n2. Underground Vault Area (Primarily housing Echoes and patrolled by armed Echoes. Do not enter this area without prior authorization and declaration).\n\nAs the most secure and reliable place in all of Rinascita, all staff members of the Vault are responsible for ensuring the safety of the items stored inside.\n\nThe deposit and withdrawal of all items must strictly follow the prescribed reporting procedures. Violations will be handled according to the rules outlined in the Employee Manual.	ご注意：\nスタッフ及び音骸の活動エリアは以下の通りです。\n1.勤務エリア（スタッフの皆さんが日常的に仕事をするエリア）。\n2.金庫の下層（音骸が多く、武装した音骸が金庫内の収蔵品を見張っているエリア。申告なしの勝手な立入りは禁止されています）。\n\n金庫はリナシータにおいて最も安全な場所として、スタッフのみなさんには、金庫内のすべての収蔵品の安全を守る責任があります。\n収蔵品の出し入れは、すべて厳格な手続きを経てから行わなければなりません。これに違反した者には、職員手帳の規定に基づき処罰が科されます。	Bạn cần biết rõ:\nNhân viên và Echo, các khu vực chính có thể hoạt động bao gồm:\n1. Khu vực làm việc (Nơi nhân viên làm việc thường ngày).\n2. Khu vực kho bạc ngầm (Khu vực chủ yếu là Echo, do các Echo được trang bị vũ trang tuần tra các món đồ sưu tầm trong kho bạc ngầm, nếu chưa báo cáo, tuyệt đối không tự ý tiến vào).\n\nLà nơi kiên cố và đáng tin cậy nhất khu vực Rinascita, toàn thể nhân viên kho bạc có trách nhiệm bảo vệ sự an toàn cho tất cả các món đồ sưu tầm bên trong.\nTất cả việc nhập kho, xuất kho các món đồ sưu tầm đều phải tuân thủ nghiêm ngặt quy trình khai báo, người vi phạm sẽ bị xử lý theo quy định trong sổ tay nhân viên.
lang_multi_text.db	AreaReportContent_Text45	3.4	Hội thoại/Cốt truyện	Hệ thống/Thế giới			一份有关于黎乔利群岛观光季的宣传海报。\n\n在黎那汐塔诸多风暴海域之间，有着这样一处平和静谧、风光旖旎的人间天堂——黎乔利群岛。\n早在黎那汐塔建立之初，就已经被当时的航海家发现了的群岛，最终以修会的天文学家和航海家黎乔利的名字命名。独特的地理位置成就了此处的天然美景，也成就了生活于这片海域的百余种奇异生物，你将在此处看到珍贵的黎乔利黑珍珠，优雅的冥河水母，奇特的毛线团鳗，以及更多、更多尚未被人们所发掘的未知物种。	A poster advertising tourism in Riccioli Islands\n\nDiscover Riccioli Islands, a hidden paradise nestled amidst Rinascita's turbulent waters.\nNamed after the renowned astronomer and seafarer of the Order, Sir Riccioli, this archipelago has been a sanctuary of natural wonders since its discovery during Rinascita's founding years. From the elusive Riccioli Black Pearls to the ethereal Stygian Phantoms and strange Yarn Eels, the archipelago is teeming with life and natural beauties thanks to the unique qualities of its geographic location with much more yet to be discovered.	リジョリ群島の観光シーズンに関する広告ポスター\n\nリナシータの数多くの嵐の吹き荒れる海域の中には、穏やかで静かな、美しい風景を誇るパラダイスがある――それがリジョリ群島。\nリナシータの建国当初から、すでに当時の航海者によって発見された群島で、その名前は教団の天文学者兼航海者であるリジョリに由来している。独特な地形は、群島の純粋な風景を形作っただけでなく、この海域に生きる百種あまりの特別な生き物たちに住処を提供している。リジョリ群島では、珍しいリジョリブラックパールをはじめ、優雅なアケロンクラゲ、不思議なケイトダマウナギが見られるほか、さらに多くの未知の生物に出会えるだろう。	Một tấm áp phích quảng cáo về mùa tham quan Quần Đảo Riccioli.\n\nGiữa muôn vàn vùng biển bão tố của Rinascita, có một chốn thiên đường nhân gian thanh bình, tĩnh lặng và phong cảnh hữu tình-Quần Đảo Riccioli.\nNgay từ khi Rinascita mới được thành lập, quần đảo này đã được các nhà hàng hải thời bấy giờ phát hiện, và cuối cùng được đặt theo tên của nhà thiên văn học và nhà hàng hải Riccioli của tu hội. Vị trí địa lý độc đáo đã tạo nên vẻ đẹp tự nhiên nơi đây, đồng thời cũng tạo nên hàng trăm loài sinh vật kỳ dị sinh sống ở vùng biển này. Bạn sẽ được chiêm ngưỡng Ngọc Trai Đen Riccioli quý giá, Sứa Stygian thanh lịch, Lươn Cuộn Len kỳ lạ và còn rất, rất nhiều loài chưa được con người khám phá.
lang_multi_text.db	AreaReportContent_Text46	3.4	Hội thoại/Cốt truyện	Hệ thống/Thế giới			在海湾之中，你能邂逅神秘的巨大古老声骸；在滩脊边缘，你能收获落在沙砾里的点点珍珠。当浪潮褪去，余晖洒向这岛屿，你也可以前往黎乔利聚落，与热情的当地人共饮一杯。\n当然，最不容错过的，还是最具黎乔利特色的——捕鱼活动！\n就是这样一个充满着生机与魅力的奇特地域，能让你在椰香与海风中无限邂逅新的故事。\n来黎乔利群岛，体验美景震撼，捕获精彩人生！	Embark on adventures to encounter the mysterious ancient Echo of the sea in secluded coves and hunt for pearls washed ashore. As the tide recedes in the sunset, join friendly locals in nearby Riccioli settlements for a refreshing drink.\nAnd last but not least, don't miss out on the signature Riccioli fishing experience!\nThere you have it, an enchanted wonderland filled with life where infinite possibilities are immersed in aromas of the sea.\nCome to the Riccioli Islands and let your heart race as you discover life's new wonders.	湾岸では、巨大な体を持ついにしえの音骸に出会うことができ、砂浜に埋もれた小さな真珠を拾うこともできる。そして潮が引き、夕焼けが島々を照らす頃、リジョリ集落に行き現地の住民たちとジョッキを交わすことも。\nもちろん、何よりも逃すことのできないイベントと言えば、リジョリの特色あふれるイベント――魚捕りイベントだ！\nここは生気や魅力で満ち溢れている。ヤシの香りと海風の中で、自分なりの物語を作ることのできる場所。\nリジョリ群島に来て、美しい景色を眺め、素晴らしいひと時を過ごそう！	Trong vịnh, bạn có thể bắt gặp Echo cổ đại khổng lồ đầy bí ẩn; ở rìa bãi cát, bạn có thể thu hoạch được những viên ngọc trai nằm rải rác trên sỏi. Khi thủy triều rút đi, ánh chiều tà rọi xuống hòn đảo, bạn cũng có thể đến khu dân cư Riccioli, cùng uống cạn ly với những người dân địa phương hiếu khách.\nTất nhiên, điều không thể bỏ qua nhất chính là hoạt động mang đậm nét đặc trưng của Riccioli-đánh cá!\nChính là một khu vực kỳ lạ tràn đầy sức sống và sức hấp dẫn như vậy, có thể để bạn vô hạn bắt gặp những câu chuyện mới trong hương dừa và gió biển.\nHãy đến Quần Đảo Riccioli, trải nghiệm vẻ đẹp chấn động, đánh bắt một cuộc sống tuyệt vời!
lang_multi_text.db	AreaReportContent_Text47	3.4	Hội thoại/Cốt truyện	Hệ thống/Thế giới			破旧的学生手册，隐约可以从残页中辨认出些许信息。\n欢迎来到阿维纽林就读，本文旨在为即将入学的新生提供引导帮助。\n1.学院内共配有三座塔楼，除日常学习的教室外，另设有一处塔楼可供学生日常交流与集会使用。该塔楼内同时挂有历代主座的肖像画，无论新老学生都可前往进行瞻仰，完毕后应有序离开切勿停留私语。\n2.瞭望塔及花园仅在每日门禁时间前开放，其余时间不可前往。严禁学生以任何形式对周遭所栖息的龙进行投喂，违禁者将面临三至五日的禁闭处罚。	A worn student handbook, its pages frayed and torn, revealing only snippets of information.\n\nWelcome to Avinoleum. This handbook serves as a guide for new students.\n\n 1. The academy consists of three towers. In addition to the classrooms used for daily lessons, one tower is specifically dedicated to student gatherings and social events. This tower also houses portraits of past Primuses. Both new and old students are welcome to visit and pay their respects. Afterward, visitors must leave in an orderly manner.\n 2. The watchtower and garden are only accessible before curfew. Entry is prohibited outside of these hours. Students are strictly forbidden from feeding the dragons that inhabit the surrounding area. Violators will face confinement for a period of three to five days.	古びた生徒手帳。残されたページから、かすかに情報を読み取ることができる。\nアヴィノレーム神学校へようこそ。この手帳は、新入生の皆様の新生活をサポートするためのものです。\n1.校内には三基の塔があります。通常の授業を行う教室の他に、生徒同士の交流や集会用の塔がもう一基あります。この塔には歴代主座の肖像画が飾られており、新旧問わず、全ての生徒の瞻仰が許されています。瞻仰を終えた者は速やかに退出し、私語は慎んでください。\n2.展望塔と庭園には門限が設けられており、それ以外の時間帯に立ち入ることはできません。また、周辺に生息するドレイクへの餌やりはいかなる形であれ厳禁です。違反者は3日から5日間の外出禁止に処されます。	Cuốn sổ tay học sinh cũ kỹ, thấp thoáng có thể nhận ra một chút thông tin từ những trang giấy rách nát.\nChào mừng bạn đến học tại Avinoleum, tài liệu này nhằm mục đích cung cấp sự hướng dẫn cho các tân học sinh sắp nhập học.\n1. Trong học viện có tất cả ba tòa tháp, ngoài phòng học dùng cho việc học hàng ngày, còn có một tòa tháp dành cho học sinh giao lưu và tụ tập. Trong tòa tháp này đồng thời treo chân dung của các đời chủ tọa, bất kể học sinh cũ hay mới đều có thể đến để chiêm ngưỡng, sau khi xong việc nên rời đi có trật tự, tuyệt đối không nán lại nói chuyện riêng.\n2. Tháp quan sát và khu vườn chỉ mở cửa trước giờ giới nghiêm hàng ngày, thời gian còn lại không được phép đến. Nghiêm cấm học sinh cho các con rồng sinh sống xung quanh ăn dưới bất kỳ hình thức nào, người vi phạm sẽ phải đối mặt với hình phạt cấm túc từ ba đến năm ngày.
lang_multi_text.db	AreaReportContent_Text48	3.4	Hội thoại/Cốt truyện	Hệ thống/Thế giới			3.学生完成骑士科目的相关课业后可自主申请参与试炼。申请者需备好材料，提前七日递交并接受审核，由导师协查是否携带违禁武器、声骸，通过后方可接受引导前往。\n4.圣授厅仅在礼拜及黎那汐塔狂欢节期间对师生开放。非狂欢节期间，受邀参与礼拜的学生需穿戴整洁的指定服饰，在修会人员的陪同下穿过阶梯前往圣授厅进行学习。\n\n岁主在上，愿每位学生都能在阿维纽林获得灵识。	3. Students who have completed the knighthood curriculum may apply to participate in the trials. Applications must be submitted with the required materials at least seven days in advance. A review process will follow, during which instructors will ensure applicants are not carrying any prohibited weapons or Echoes before proceeding to the trials.\n4. The Path of Bestowal is only open to faculty and students during divine services and the Carnevale. Outside of the Carnevale, students invited to attend divine services must wear the prescribed attire and be accompanied by a member of the Order to the Path of Bestowal for their studies.\n \nBy the Sentinel above, may every student find enlightenment in Avinoleum.	3.騎士課程を修了した者は、試練への参加を自主申請することができます。申請者は必要書類を揃え、試練の7日前までに提出して審査を受けてください。指導教官の立ち会いのもと、不適切な武器や音骸の持ち込みがないか確認し、検査を通過した者のみが試練会場に案内されます。\n4.神儀の間は、礼拝およびカルネヴァーレ期間中のみ、教職員と生徒に開放されます。カルネヴァーレ期間外に礼拝に招待された生徒は、服装規定に従い清潔な服を着用し、教団関係者の同伴のもと、階段を通って神儀の間へ行き、見学することができます。\n\n歳主に加護があらんことを。このアヴィノレーム神学校で、すべての生徒に霊識が授けられますように。	3. Học sinh sau khi hoàn thành các khóa học liên quan đến môn học hiệp sĩ có thể tự mình nộp đơn xin tham gia thử thách. Người nộp đơn cần chuẩn bị sẵn tài liệu, nộp trước bảy ngày và chờ xét duyệt. Giáo viên hướng dẫn sẽ phối hợp kiểm tra xem có mang theo vũ khí bị cấm, Echo hay không, sau khi vượt qua mới được hướng dẫn đến nơi.\n4. Sảnh ban phước chỉ mở cửa cho giáo viên và học sinh trong thời gian làm lễ và lễ hội hóa trang Rinascita. Ngoài thời gian lễ hội hóa trang, học sinh được mời tham gia làm lễ cần mặc trang phục chỉ định chỉnh tề, dưới sự đi cùng của nhân viên tu hội đi qua các bậc thang đến Sảnh ban phước để học tập.\n\nCó Tuế Chủ chứng giám, cầu chúc mọi học sinh đều có thể đắc đạo tại Avinoleum.
lang_multi_text.db	AreaReportContent_Text49	3.4	Hội thoại/Cốt truyện	Hệ thống/Thế giới			某位翡萨烈家族成员随身携带的手记，写有其告诫他人需要遵守的宗旨与禁忌。\n关于家族：一切都不可盲信，连同你的手足。身为翡萨烈家族的成员，庇佑与保护皆需依靠双手争取。若能自证价值，家族允许你利用权术不断向上，即使族长之位也不过是待价而沽的秘宝。背叛是手段，贪婪是美德，但切记，篡夺时勿忘优雅。\n关于拜访：任何对于宅邸的拜访都需要理由。对于那些无礼擅闯的老鼠，翡萨烈自有方式招待——“请”出去，或是永久留下用以警示后人。纵使被邀请入宅，造访者也当管好耳目，不要因为无谓的好奇或胆怯而将性命葬送。	A journal carried by a Fisalia member, detailing the principles and taboos that all must respect.\n\nAbout the Family: Trust nothing blindly, not even your own kin. As a Fisalia, blessings and protection are earned by your own efforts. If you prove your worth, the family permits you to use any means necessary to rise. Even the position of family head is a treasure to be claimed at the right price. Betrayal is a tool, and greed is a virtue. But remember, always wield them with grace.\n\nAbout Visiting: Every visit to the estate must be justified. For those who dare intrude without invitation, the Fisalias will show them the Fisalia way of hospitality. "Invite" them to leave, or "invite" them to stay permanently as a warning to others. When an invitation is extended, visitors must mind their manners and maintain discretion. Never allow curiosity or fear to lead to your undoing.	あるフィサリアファミリーのメンバーが所持するノート。他者に遵守を求める事項と禁忌が記されている。\nファミリーについて： 何事においても盲信は禁物。たとえ兄弟姉妹であっても。フィサリアファミリーの一員として、他人による保護は自らの手で勝ち取るもの。己が価値を証明できれば、策略を用いて上を目指すことも許される。たとえ当主の座でさえ、条件次第では天秤にかける分銅の一つに過ぎない。裏切りは手段、強欲は美徳。ただし、簒奪の際にも優雅さだけは忘れてはならない。\n訪問について： 屋敷への訪問には、いかなる場合も理由が必要である。無断で侵入する者に対しては、フィサリア流の「おもてなし」が用意されている。「丁重に」追い出すか、永久にこの屋敷に留めてもらい後世への戒めとする。招待を受けた者であっても、無用な好奇心や臆病さで命を落とさぬよう、見聞きする物に注意せよ。	Sổ tay mang theo bên mình của một thành viên nào đó thuộc gia tộc Fisalia, viết những tôn chỉ và điều cấm kỵ mà người này cảnh cáo người khác cần tuân thủ.\nVề gia tộc: Tuyệt đối không được tin tưởng mù quáng vào bất cứ điều gì, kể cả anh chị em của ngươi. Thân là thành viên của gia tộc Fisalia, sự phù hộ và bảo vệ đều cần phải dựa vào đôi bàn tay để giành lấy. Nếu có thể tự chứng minh giá trị của bản thân, gia tộc cho phép ngươi lợi dụng quyền thuật không ngừng vươn lên, ngay cả vị trí tộc trưởng cũng chỉ là bí bảo chờ người trả giá. Phản bội là thủ đoạn, tham lam là mỹ đức, nhưng hãy nhớ kỹ, khi đoạt quyền đừng quên sự thanh lịch.\nVề việc viếng thăm: Bất kỳ cuộc viếng thăm nào đến dinh thự đều cần lý do. Đối với những con chuột vô lễ xông vào, Fisalia có cách tiếp đãi riêng-"mời" ra ngoài, hoặc giữ lại vĩnh viễn để cảnh cáo đời sau. Cho dù được mời vào dinh thự, người viếng thăm cũng phải quản lý tốt tai mắt của mình, đừng vì sự tò mò vô vị hay sự hèn nhát mà làm tiêu tan tính mạng.
lang_multi_text.db	AreaReportContent_Text5	3.4	Hội thoại/Cốt truyện	Hệ thống/Thế giới			一份先行公约撰写的旅游指南，是关于今州地区中曲台地的报道。\n\n【冬歇休演，辞旧迎新】瑞狮会馆！\n 瑞狮会馆的休演季是为冬季。瑞狮会馆的大家会前往中曲台地，来到位于桃源乡的演武场闭关修习。\n 闭关也不似大家想象中悠哉，而是要利用好这段时间打磨心性，精进技艺——从制作狮具，到为来年排演新的剧目，还要为年关的「狻猊巡岁」养精蓄锐。直到辞旧迎新，瑞狮方「醒」。\n这段时间内，瑞狮会馆的各位要是出入今州，都会被打趣道：“凌阳，今年什么时候「醒」？”或是 “五方先生，该「醒」狮啦？”\n\n【瑞狮会馆的演武场】：狮童修行！\n进入呈入字分布的梅花桩阵。梅花桩由密而疏，两方狮首若为撷得阵中高杆上的朝天椒，必然以步法争夺落足处。今州内的区域有限，因此瑞狮会馆在中曲台地的桃源乡有一处院落，瑞师团将其称作「演武场」，梅花桩阵就在其中！\n桃华簌簌而落，年少的狮子郎在桩阵上踏花而行。这也成为了中曲台地的别样风景。	A tourism guide penned by the Pioneer Association, featuring reports on the Central Plains of Jinzhou.\n \n[Celebrate the New Year with Winter Training] Liondance Troupe\n \nEvery winter, the Liondance Troupe goes on hiatus as its members travel to the Central Plains to train in seclusion at their training grounds in Taoyuan Vale.\n \nContrary to popular belief, the troupe's hiatus is far from a period of rest. During this time, members focus intensely on refining characters, honing skills, crafting props, rehearsing upcoming performances, and building energy for their performance at the Suan'ni New Year Parade, when the lion truly "awakens."\n \nDuring the off-season, if the Liondance Troupe members happen to pass through Jinzhou, they're often met with playful remarks like, "Hey, Lingyang, when will you 'wake up' this year?" or "Mr. Wufang, time to 'rouse' the lion!"\n \n[Liondance Troupe Training Grounds] Liondancer's Practice\n \nThese are Plum Blossom Poles, arranged in a zigzag pattern with decreasing density, creating a challenging course for two competing lion heads as they vie for landing spots and reach for the red pepper perched atop the tallest pole. Due to limited space in Jinzhou, the Liondance Troupe set up this formation in their courtyard at Taoyuan Vale.\n \nAmidst drifting peach blossom petals, young liondancers step gracefully across the poles, creating a striking scene unique to the Central Plains.	先駆条約が作成した旅行ガイドで、今州地域の中部台地についての記事。\n\n【冬は休演、新年の準備へ】瑞獅館！\n冬は瑞獅館の休演シーズン。瑞獅館のメンバーは中部台地へと向かい、桃源郷にある演舞場で合宿に入ります。\n合宿は、皆さんが想像するようなリラックスしたものではありません。合宿期間中、メンバーは心と技を磨きます――獅子の道具制作や来年の新しい演目の準備を行うほか、年末の「狻猊巡歳」に向けてエネルギーを蓄えます。そして新年を迎えるその瞬間、瑞獅はようやく「目覚める」のです。\nこの期間中に瑞獅館のメンバーが今州に出入りすると、「凌陽、今年はいつ『目覚める』の？」「五方さん、そろそろ『目覚める』頃ですか？」と人々にからかわれることになります。\n\n【瑞獅館の演舞場】：獅童の修行！\n「入」の字の形をした梅花柱修行場に、足を踏み入れてみましょう。密から疎へと変化する梅花柱で、2人の獅子頭が高い棒の上の唐辛子を巡って、ステップを工夫しながら足を置く場所を奪い合います。今州内は場所が限られているため、瑞獅館では中部台地の桃源郷にある屋敷の中庭を「演舞場」としています。梅花柱修行場も、そこにありますよ！\n桃の花びらが舞い散る中、若き獅子郎が花を踏みつつ修行場を歩く……これも、中部台地を彩る光景の一つといえるでしょう。	Một cuốn sách hướng dẫn du lịch do Hiệp Ước Tiên Phong biên soạn, là một bài báo về Vùng Đất Trung Khúc khu vực Kim Châu.\n\n[Nghỉ Đông Nghỉ Diễn, Tiễn Cũ Đón Mới] Hội Quán Thụy Sư!\nMùa đông là mùa nghỉ diễn của Hội Quán Thụy Sư. Mọi người trong Hội Quán Thụy Sư sẽ đến Vùng Đất Trung Khúc, đi tới diễn võ trường ở Đào Nguyên Hương để bế quan tu tập.\nBế quan cũng không nhàn nhã như mọi người tưởng tượng, mà là phải tận dụng tốt khoảng thời gian này để rèn luyện tâm tính, mài giũa kỹ nghệ - từ chế tác đạo cụ sư tử, cho đến diễn tập các vở kịch mới cho năm sau, lại còn phải dưỡng sức chuẩn bị cho [Toan Nghê Tuần Tuế] dịp cuối năm. Cho đến khi tiễn cũ đón mới, Thụy Sư mới [tỉnh].\nTrong khoảng thời gian này, mọi người trong Hội Quán Thụy Sư nếu ra vào Kim Châu, đều sẽ bị trêu đùa: "Lingyang, năm nay khi nào thì [tỉnh]?" hay "Ngũ Phương tiên sinh, nên [tỉnh] sư tử rồi?"\n\n[Diễn Võ Trường của Hội Quán Thụy Sư]: Sư Đồng Tu Hành!\nĐi vào trận cọc mai hoa phân bố theo hình chữ bát. Cọc mai hoa từ dày đến thưa, đầu sư tử của hai bên nếu muốn hái ớt hiểm trên sào cao trong trận, tất nhiên phải lấy bộ pháp tranh đoạt chỗ đặt chân. Khu vực trong Kim Châu có hạn, vì vậy Hội Quán Thụy Sư có một khoảng sân ở Đào Nguyên Hương Vùng Đất Trung Khúc, đoàn Thụy Sư gọi nó là [Diễn Võ Trường], trận cọc mai hoa ngay trong đó!\nHoa đào rơi rào rạt, sư tử lang thiếu niên đạp hoa đi trên trận cọc. Điều này cũng đã trở thành phong cảnh khác biệt của Vùng Đất Trung Khúc.
lang_multi_text.db	AreaReportContent_Text50	3.4	Hội thoại/Cốt truyện	Hệ thống/Thế giới			关于宅邸：来访者若有事商讨，待族长面见前需在一层的会客厅内静心等候，期间不得擅自走动或离开；若为邀请出席的宾客，则需出示邀请后前往右侧的宴会厅，翡萨烈家族将会提供与您身价相匹的招待。除此之外，其余宅邸内的大小房间皆为禁区不可造访，包括但不限于二层的书房及外围的花圃。\n关于莫塔里：一时锋芒。记住，荣耀终归翡萨烈家族。	About the Castle: Visitors with matters to discuss must wait quietly in the reception room on the first floor until granted an audience with the family head. No wandering or departure is allowed during this time. Invited guests must present their invitations and proceed to the banquet hall on the right, where hospitality will be provided in accordance with their station. All other rooms in the mansion are off-limits for visitation, including but not limited to the study on the second floor and the surrounding garden.\n\nAbout the Montellis: Fleeting brilliance. Remember, true glory belongs to the Fisalia family.	屋敷について： 来訪者は相談事がある場合、当主との面会前に、一階の応接室で静かに待機すること。その間、勝手に歩き回ったり、部屋を離れたりしてはならない。招待を受けて出席する客人は、招待状を提示し、右側の会場へ進むこと。フィサリアファミリーは、来訪者の身分に相応しいもてなしを提供する。それ以外の屋敷内の各部屋、例えば二階の書斎や屋敷を囲む庭などは、全て立ち入り禁止区域である。\nモンテリについて： 一瞬の煌めきに過ぎない。覚えておけ、栄光は常にフィサリアにある。	Về dinh thự: Người đến thăm nếu có việc cần bàn bạc, trước khi diện kiến tộc trưởng cần phải chờ đợi yên tĩnh tại phòng khách ở tầng một, trong thời gian đó không được tự ý đi lại hay rời khỏi; nếu là khách mời tham dự, thì cần xuất trình thư mời rồi đi đến sảnh tiệc ở bên phải, gia tộc Fisalia sẽ cung cấp sự tiếp đãi xứng tầm với thân phận của ngài. Ngoài ra, các căn phòng lớn nhỏ còn lại trong dinh thự đều là khu vực cấm không được đến thăm, bao gồm nhưng không giới hạn ở thư phòng ở tầng hai và vườn hoa bên ngoài.\nVề Montelli: Chút ánh sáng lóe lên nhất thời. Hãy nhớ rằng, vinh quang cuối cùng thuộc về gia tộc Fisalia.
lang_multi_text.db	AreaReportContent_Text51	3.4	Hội thoại/Cốt truyện	Hệ thống/Thế giới			购入角斗士赛事套票时附赠的观光指南，为造访七丘的游客们提供引导帮助。\n\n远道而来的朋友们，以呼嚎向你致意！\n感谢你对角斗士赛事的大力支持，我们在此诚邀你前往奥利多斯大竞技场共同观看角斗士冠军赛。\n作为七丘地区最大也是最具影响力的声骸角斗赛事，角斗士冠军赛以四年为周期，通过数轮比赛角逐出当代最强的角斗士。\n冠、亚、季军均可获得丰厚的奖金。除此之外，冠军队伍还可以获得总督大人亲自授予的“名誉贵族”头衔。\n如果你对奖项感到心动，我们也很乐于见到你作为选手在赛场上活跃的身影——冠军赛的大门永远向每一位挑战者敞开。	A helpful introductory pamphlet to Septimont, included with your Gladiator match tickets.\n\nDear friends from afar, may applause greet you!\nThank you for supporting our Gladiators. We sincerely invite you to attend the Great Agon at Colosseum Olymdos, Septimont’s grandest arena.\nThe Great Agon, the largest and most prestigious of Septimont's Agons, is held once every four years, spanning multiple rounds to determine the mightiest warrior of the era.\nTop-ranking gladiators will win generous rewards, and the championship team will be awarded a prestigious title of noble recognition by none other than the esteemed Ephor of Septimont.\nIf the thrill of the arena calls to you, why not personally join the battle? The gates of the Great Agon are always open to brave challengers ready to carve their names into history.	闘技チャンピオンシップシリーズのセットチケット付属の観光パンフレット！セブン・ヒルズを訪れる観光客に必要な情報を掲載！\n\n遠方からの友よ、ようこそセブン・ヒルズへ！咆哮する戦士たちに祝福を！\n闘技チャンピオンシップシリーズへの変わらぬご声援、誠にありがとうございます！本年の闘技チャンピオンシップシリーズは、アウレディウスコロッセオにて開催される運びとなりました！我々は、皆さまのご臨席を心よりお待ちしております！\nセブン・ヒルズにおいて最も影響力を持つ闘技大会「闘技チャンピオンシップシリーズ」は、四年に一度の開催となり、数々の選抜試合を勝ち抜いた者たちには、最強のグラディエーターの名誉が授与されます！\n上位3名に輝いた選手たちには、莫大な賞金が贈られ、優勝チームには総督様より「名誉貴族」の称号が授けられるという、誰もが憧れる栄光が待ち受けています！\nもしこの大会で栄誉を勝ち取りたいのであれば、ぜひ選手としてご参加いただき、闘技場でその雄姿を見せてください！――チャンピオンシップシリーズは、すべての挑戦者を歓迎します！	Sách hướng dẫn tham quan được tặng kèm khi mua gói vé sự kiện đấu sĩ, nhằm cung cấp hướng dẫn giúp đỡ cho du khách đến thăm Septimont.\n\nNhững người bạn từ phương xa đến, xin gửi lời chào đến các bạn bằng tiếng reo hò!\nCảm ơn các bạn đã nhiệt tình ủng hộ sự kiện đấu sĩ, chúng tôi xin trân trọng mời các bạn đến Đấu Trường Lớn Olymdos để cùng xem Giải Vô Địch Đấu Sĩ.\nLà sự kiện đấu Echo lớn nhất và có sức ảnh hưởng nhất ở khu vực Septimont, Giải Vô Địch Đấu Sĩ có chu kỳ bốn năm một lần, thông qua nhiều vòng thi đấu để chọn ra những đấu sĩ mạnh nhất đương thời.\nCác đội vô địch, á quân và hạng ba đều có thể nhận được tiền thưởng hậu hĩnh. Ngoài ra, đội vô địch còn có thể nhận được danh hiệu "Quý tộc danh dự" do chính ngài tổng đốc trao tặng.\nNếu bạn cảm thấy rung động trước các giải thưởng, chúng tôi cũng rất vui khi được thấy hình bóng năng nổ của bạn trên đấu trường với tư cách là một tuyển thủ-Cánh cửa của giải vô địch luôn rộng mở chào đón mọi người khiêu chiến.
lang_multi_text.db	AreaReportContent_Text52	3.4	Hội thoại/Cốt truyện	Hệ thống/Thế giới			如果你是初次造访的游客，我们十分推荐你前往瑟姆斯浴场。\n作为七丘独有的文化，洗浴不仅承担着休闲娱乐的作用，更是七丘人日常社交的重要场所。\n你能在这里听到英雄的传奇，坊间的八卦。运气好的话，你还能在此碰到你所支持的选手，听他们亲口讲述过去赛场上的辉煌荣耀。\n当然，沐浴后的小酌也是不可缺少的乐趣，位于卡拉卡拉集市的「烈日」酒馆和帕萨餐厅旅馆都是你不错的选择，凭特定票券前往更可享折扣优惠。\n最后祝你行猎愉快，朋友们，愿你们能在七丘拥有一段美妙的时光。	If you're a first-time visitor to Septimont, we highly recommend beginning your adventure at the Thermes Baths, a cultural gem unique to this glorious city.\nHere, bathing isn't just for relaxation, it's a vital part of life. You’ll hear legends of heroes, gossip from the streets, and if you're lucky, you might even meet the Gladiators you’ve been cheering for and hear tales of past battles straight from their mouths!\nAfter a good soak, what better way to unwind than with a drink? Make your way to Caracalla Market, where two local favorites await: Solis Tavern and Passa Inn & Restaurant. Certain tickets entitle you to exclusive discounts at these spots, so don't miss out!\nHappy hunting, travelers! May your time in Septimont be filled with unforgettable moments.	初めてセブン・ヒルズを訪れるなら、ぜひぜひサムズ浴場へ！\nセブン・ヒルズにおいて、浴場は独自の文化と歴史が息づく場所であり、住民たちにとっては単なる休息や娯楽の場にとどまらず、日常生活の一部として頻繁に出入りする社交の場でもあります！\nここでは、英雄たちの伝説が語り継がれ、噂話やゴシップも飛び交っており、運が良ければ、自身が応援する選手とばったり出会うことも！闘技場での輝かしい歳月について、直接話を聞くことさえできるかもしれません！\nまた、入浴後の一杯もセブン・ヒルズ旅行には欠かせない楽しみのひとつ！カラカラメルカートに出店している「ソリス」や「グッド・バンティング」は、いずれも訪れる価値のある名店です！チケットをお持ちであれば、さらにお得な割引価格でご利用いただけます！\nセブン・ヒルズでの素晴らしい日々を、どうぞ心ゆくまでお楽しみください――友よ、グッド・バンティング！	Nếu bạn là du khách đến thăm lần đầu, chúng tôi vô cùng khuyên bạn nên đến nhà tắm Thermes.\nLà một nền văn hóa độc đáo của Septimont, việc tắm rửa không chỉ mang vai trò giải trí thư giãn, mà còn là địa điểm giao lưu quan trọng trong cuộc sống hàng ngày của người dân Septimont.\nBạn có thể nghe được những truyền thuyết về anh hùng, những tin đồn trong khu phố tại đây. Nếu may mắn, bạn còn có thể gặp được tuyển thủ mà bạn ủng hộ, nghe họ đích thân kể về những vinh quang huy hoàng trên đấu trường trong quá khứ.\nTất nhiên, một chút rượu sau khi tắm cũng là niềm vui không thể thiếu, quán rượu "Solis" và nhà nghỉ kiêm nhà hàng Passa nằm ở chợ Caracalla đều là những lựa chọn không tồi cho bạn, có vé đặc biệt đến đó còn có thể được hưởng ưu đãi giảm giá.\nCuối cùng, chúc các bạn đi săn vui vẻ, hỡi những người bạn, mong các bạn có thể có một khoảng thời gian tuyệt vời ở Septimont.
lang_multi_text.db	AreaReportContent_Text53	3.4	Hội thoại/Cốt truyện	Hệ thống/Thế giới			修会人员在某一日进行试验场日常区域巡查后，留下的一份非正式报告。\n\n1.千殁沉岛熔炼装置出现局部老化，导致间歇性出现声骸频率不完全分解，残留意识回传的情况，需尽快联络维修人员。\n2.生灵显地已按要求增加声骸检测步骤，避免残留意识影响新生声骸。及时发现的自带过去意识的新生声骸已立刻送至熔炼区再次分解。\n3.蓄能中枢能源存储区域仍在排查中，一经发现较为完整的意识残响立刻提取、分解。\n更加成熟的字迹：最后两行在正式报告中删掉，不要关心与你无关的事情，别和穿红色衣服的人互动，高塔上正在进行的研究也与你无关，不去探究才能保命。	Unofficial report left by members of the Order after a routine inspection of the Fabricatorium.\n\n1. Partial wear of the Fallen Grave refinery has caused intermittent incomplete decomposition of Echo frequencies, with residual consciousness being transmitted back. Urgent maintenance is needed.\n2. The Anima Cradle has added Echo detection protocols as requested to prevent residual consciousness affecting new Echoes. Newly generated Echoes carrying past consciousness that were promptly discovered have been immediately sent to the refinery for re-decomposition.\n3. Investigation of the Energy storage area of the Energy Hub is still underway. Any relatively intact Reverberations will be immediately extracted and decomposed upon discovery.\nAdditional matured handwriting: Delete the last two lines in the official report. Do not concern yourself with matters unrelated to you, do not interact with anyone wearing red clothing, and the research being conducted in the high tower has nothing to do with you. Stay quiet and maybe you'll get to live longer.	某日、教団関係者が実験場の定例巡回後に残した非公式報告書より。\n\n1．骸の島の溶錬装置に部分的な劣化を確認。これにより、音骸の周波数が正常に分解されず、残留意識が逆流する現象が断続的に発生。早急に修理作業員への連絡が必要。\n2．生命の工房では、規定に従い音骸の検査工程を強化。即時発見された、残留意識を宿したまま誕生した音骸は、再び溶錬エリアへ送致・処理済み。\n3．エナジー中枢のエナジー保管エリアは引き続き検査中。比較的完全な意識残響が見つかり次第、即時抽出・分解を実施。\n（※より威厳のある筆跡）\n……最後の二行は報告から削除された。自分に関係のないことは気にするな。赤い服を着た者と関わるな。塔の上で進行中の研究も、君には無関係だ。命惜しくば、これ以上詮索しないことだ。	Một báo cáo không chính thức do nhân viên tu hội để lại sau một ngày tuần tra khu vực thường nhật của bãi thử nghiệm.\n\n1. Thiết bị nấu chảy ở Đảo Chìm Ngàn Chết xuất hiện tình trạng lão hóa cục bộ, dẫn đến tình trạng gián đoạn phân giải không hoàn toàn tần số Echo, khiến ý thức còn sót lại truyền về, cần nhanh chóng liên hệ với nhân viên bảo trì.\n2. Vùng Đất Hiển Linh Sinh Linh đã tăng cường các bước kiểm tra Echo theo yêu cầu, nhằm tránh việc ý thức còn sót lại ảnh hưởng đến Echo mới sinh. Echo mới sinh mang theo ý thức quá khứ được phát hiện kịp thời đã lập tức được chuyển đến khu nấu chảy để phân giải lại.\n3. Khu vực lưu trữ năng lượng của trung tâm tích năng vẫn đang trong quá trình rà soát, khi phát hiện dư âm ý thức tương đối hoàn chỉnh sẽ lập tức chiết xuất, phân giải.\nNét chữ trưởng thành hơn: Hãy xóa hai dòng cuối trong báo cáo chính thức đi, đừng quan tâm đến những chuyện không liên quan đến mình, đừng giao lưu với những người mặc đồ đỏ, và những nghiên cứu đang diễn ra trên tòa tháp cao cũng không liên quan gì đến cậu, không tìm tòi mới có thể giữ được mạng sống.
lang_multi_text.db	AreaReportContent_Text54	3.4	Hội thoại/Cốt truyện	Hệ thống/Thế giới			残星会人员在某一日进行试验场日常区域巡查后，留下的一份报告。\n\n1.试验场各区域仍在正常进行公共声骸生产工作，修会人员仍在监控中，众人皆无异常。\n2.芬莱克势力与私兵扩大化进程仍在按照双方达成的合作计划正常进行。\n3.失亡彼岸扩建出现问题，会监大人连续超频时间过长，已连续15天未回归正常状态，导致空间稳定性受到共鸣能力影响产生了小范围爆炸，维稳工作已开始，等待会监大人短暂休息之后再继续进行扩建工作。\n4.已利用获取到的微量鸣式能量进行最后一次尝试，将其用于人类残响与残象融合，成功概率依旧保持极高水平。	Report left by Fractsidus after a routine inspection of the Fabricatorium.\n\n1. Common Echo production in all sections of the Fabricatorium operates at normal capacity, with members of the Order maintaining close monitoring. No anomalies were detected.\n2. The expansion process of Fenrico's men and private forces continues normally according to the collaboration agreement reached by both parties.\n3. Expansion of the Lost Beyond has encountered issues. The Grand Overseer has been in a prolonged Overclock state for 15 consecutive days, causing small-scale explosions from Resonance abilities affecting space stability. Stabilization work has begun, with further expansion to be continued after the Grand Overseer has well rested.\n4. The final attempt using the acquired microdose of the Threnodian's powers for fusing human Reverberation and Tacet Discords has been conducted, maintaining the success rate as usual.	某日、残星組織の関係者が、実験場の定例巡回後に残した公式報告書より。\n\n1．実験場の各エリアでは、公共音骸の生産業務が引き続き正常に行われており、教団関係者による監視も継続中。現場の全員に異常は確認されていない。\n2．フェンリコ勢力および私兵組織の拡張計画は、合意された協力体制のもと、順調に進行している。\n3．喪失の冥府の拡張工事において問題が発生。監察様は長時間にわたる連続オーバークロック状態により、15日間にわたり正常な状態に復帰していない。そのため、共鳴能力による空間安定性への干渉が発生し、小規模な爆発が発生。すでに安定化作業は開始されており、監察様の短期的な休息後に作業再開を予定。\n4．取得済みの微量な鳴式エナジーを用いた最後の試行を実施。人間の残響と残像の融合実験に適用した結果、依然として高い成功率を維持している。	Một báo cáo do nhân viên Hội Tàn Tinh để lại sau một ngày tuần tra khu vực thường nhật của bãi thử nghiệm.\n\n1. Các khu vực của bãi thử nghiệm vẫn đang tiến hành công việc sản xuất Echo công cộng bình thường, nhân viên tu hội vẫn đang theo dõi, mọi người đều không có gì bất thường.\n2. Quá trình mở rộng thế lực và binh lính riêng của Fenrico vẫn đang tiến hành bình thường theo kế hoạch hợp tác đã đạt được giữa hai bên.\n3. Việc mở rộng Bờ Bên Kia Tử Vong xuất hiện vấn đề, thời gian Vượt Tần liên tục của ngài Hội Giám quá dài, đã liên tục 15 ngày chưa trở lại trạng thái bình thường, dẫn đến độ ổn định không gian bị ảnh hưởng bởi khả năng cộng hưởng và tạo ra các vụ nổ phạm vi nhỏ, công tác duy trì sự ổn định đã bắt đầu, chờ sau khi ngài Hội Giám nghỉ ngơi ngắn hạn mới tiếp tục tiến hành công tác mở rộng.\n4. Đã sử dụng lượng năng lượng Minh Thức siêu nhỏ thu được để tiến hành thử nghiệm lần cuối, dùng nó cho việc dung hợp dư âm con người và Tàn Tượng, xác suất thành công vẫn duy trì ở mức cực cao.
lang_multi_text.db	AreaReportContent_Text55	3.4	Hội thoại/Cốt truyện	Hệ thống/Thế giới			被主人遗忘在营地的未完成笔记，记录了某位猎手狩猎时的心得，和部分个人经历。\n\n1、四方殿谕女们的预言已然宣示，这次涨潮期，黑潮造物的数量与进攻烈度均会远超以往。也就是说，在这次狩猎里，每个人需要除掉的黑潮数量几乎翻了倍，时间紧，任务重。\n2、阿提留斯隘口的运输队来得很勤，带来了充足的补给，甚至还有一批正流行的运动饮料。喝了一罐，口味有些太过新奇，还是留给年轻人吧。\n3、狩猎者营地的新人猎手比想象中要多。只参加过竞技的角斗士们，实战时往往会因压力，或缺少实战经验而表现失常。他们都是宝贵的新人，可不能在初次的战场上折损，看来得抽时间多进行一些战斗经验分享了。	An unfinished note was left behind at the camp. It contains a hunter's observations, practical tips, and glimpses into their personal experiences.\n\n1. The Priestesses of Tetragon Temple have already spoken: the coming High Tide will bring an unusual surge in both the number and ferocity of Dark Tide creations. Which means that for this hunt, every one of us must take down twice the usual amount. Time is short, and it's a tough assignment.\n2. The transport team from Atilius Canyon has picked up their pace as well, keeping us well-stocked with supplies. They've even brought along that trendy new energy drink everyone's talking about. I took a sip at it, and it tasted... peculiar. I think I'll save the rest for the young people.\n3. There are more newcomers in the Hunter's Den than I expected. Gladiators fresh from the Agons often struggle in the wild. They lack the experience and mettle for real hunts, and the risk of losing one on their first outing is too high. I guess I need to make time to share what I've learned.	持ち主に忘れ去られたキャンプの未完成の手記。ある狩人が狩猟中に記した心得や個人的な体験が綴られている。\n\n１、テトラゴン真殿の諭しの女たちの予言が告げている。今回の高潮では、黒潮の造物の数も攻撃の激しさもこれまでをはるかに上回るという。つまり、今回の狩猟では各自が討ち取るべき造物の数がほぼ倍増するということだ。時間はなく、責務は重い。\n２、アティリウス隘路からの輸送隊が頻繁に来ているおかげで、補給は十分に行き届いている。今流行のスポーツドリンクまであるほどだ。1本飲んでみたが、味が少々斬新すぎる……これは若い連中に譲るとしよう。\n３、キャンプには思っていた以上に多くの新人が集まっている。試合にしか参加したことのないグラディエーターたちは、実戦ではプレッシャーや経験不足から実力を発揮できないことが多い。彼らは貴重な新人だ。初めての戦場で命を落とすわけにはいかない……時間を作って、戦闘経験を少しでも多く伝えてやらねばなるまい。	Cuốn sổ tay chưa hoàn thành bị chủ nhân bỏ quên ở khu cắm trại, ghi lại những kinh nghiệm khi đi săn của một thợ săn nào đó, và một phần trải nghiệm cá nhân.\n\n1. Lời tiên tri của các giáo sĩ nữ ở Đền Tứ Phương đã tuyên bố, đợt triều cường lần này, số lượng và mức độ tấn công của các tạo vật thủy triều đen sẽ vượt xa trước đây. Có nghĩa là, trong lần đi săn này, số lượng thủy triều đen mà mỗi người cần tiêu diệt gần như gấp đôi, thời gian gấp rút, nhiệm vụ nặng nề.\n2. Đội vận chuyển của Hẻm Núi Atilius đến rất chăm chỉ, mang theo đồ tiếp tế sung túc, thậm chí còn có một lô nước tăng lực đang thịnh hành. Uống một lon, mùi vị có chút quá mới lạ, thôi cứ để lại cho người trẻ vậy.\n3. Những thợ săn mới ở khu cắm trại của thợ săn nhiều hơn tưởng tượng. Những đấu sĩ chỉ từng tham gia thi đấu đấu trường, khi thực chiến thường sẽ vì áp lực, hoặc thiếu kinh nghiệm thực chiến mà thể hiện không tốt. Họ đều là những người mới quý giá, không thể bị tổn thất trên chiến trường lần đầu tiên được, xem ra phải dành thời gian để chia sẻ thêm kinh nghiệm chiến đấu rồi.
lang_multi_text.db	AreaReportContent_Text56	3.4	Hội thoại/Cốt truyện	Hệ thống/Thế giới			被猎手从桑古伊斯狩原带回的未完成笔记，记录了某位猎手狩猎时的心得，和部分个人经历。\n\n1、赤林猎场的古木的红色，是七丘人们生命的颜色，是永远燃烧的不熄火焰。很久之前，第一次参加狩猎时，曾有某位朋友如此形容。他战斗技巧平平，却格外钟爱诗歌和音乐，常在训练时吟诵，令人耳朵起茧。\n2、后来他受了伤，无法继续战斗，干脆转职去做了专业的歌手。以他的演唱水平，真令人为他的支持者捏一把汗。\n3、或许是受到了那家伙的传染，我花了太多的时间回顾过去，应当在此搁笔了。决战将到来，猎号正吹响，剑锋已经出鞘，白花盛放的战场上，命运正在等待着我。	An unfinished note left behind at the camp. It contains a hunter's observations, practical tips, and glimpses into their personal experiences.\n\n1. The ancient brownish-red hue of Maroonwood is said to be the color of Septimontians' lives and an unquenchable flame that burns eternally. I first heard it from a friend a long time ago during my very first hunt. His fighting skills were nothing special, but he had a particular fondness for poetry and music. He'd recite verses during training so much that I swear my ears were about to fall off.\n2. Later on, he got wounded and could no longer fight. So he quit entirely and became a professional singer. Given his singing skills… well, his fans have my deepest sympathy.\n3. Maybe his sentimentality rubbed off on me. I've spent far too much time reminiscing. Time to put down the pen. The final battle draws near. The Hornett is sounding, blades are unsheathed, and on the battlefield where white flowers bloom, fate awaits me.	サングイス狩猟台地から持ち帰った未完成の手記。ある狩人が狩猟中に記した心得や個人的な体験が綴られている。\n\n１、マルーンウッド狩り場の古木の赤は、セブン・ヒルズ人にとって生命の色であり、永遠に燃え続ける炎でもある。初めての狩りに参加した頃、友人のひとりがそう言っていた。あいつは戦いの腕前こそ平凡だったが、詩や音楽をこよなく愛し、訓練中によく吟じていたせいで耳にタコができたものだ。\n２、やがて彼は負傷して戦えなくなり、思い切って職を変えて歌手になった。その歌声を思うと、あいつを応援していた者たちはさぞ気を揉んだことだろう。\n３、もしかすると、あいつの影響を受けすぎたのかもしれない。過去を振り返る時間が長すぎた。そろそろ筆を置くとしよう。決戦の時は迫り、ハンティングホーンが高らかに鳴り響く。剣はすでに鞘を離れ、白花咲き乱れる戦場で、運命が私を待っている。	Cuốn sổ tay chưa hoàn thành do thợ săn mang về từ Nguyên Điền Săn Sanguis, ghi lại những kinh nghiệm khi đi săn của một thợ săn nào đó, và một phần trải nghiệm cá nhân.\n\n1. Màu đỏ của cây cổ thụ ở Bãi Săn Rừng Đỏ, là màu sắc sinh mệnh của người dân Septimont, là ngọn lửa không bao giờ tắt. Rất lâu trước đây, khi lần đầu tham gia đi săn, từng có một người bạn miêu tả như vậy. Kỹ năng chiến đấu của cậu ta rất bình thường, nhưng lại đặc biệt yêu thích thi ca và âm nhạc, thường ngâm nga khi huấn luyện, khiến người ta nghe đến mòn cả tai.\n2. Sau đó cậu ta bị thương, không thể tiếp tục chiến đấu, nên dứt khoát chuyển nghề sang làm ca sĩ chuyên nghiệp. Với trình độ ca hát của cậu ta, thật khiến người ta đổ mồ hôi hột thay cho những người ủng hộ cậu ta.\n3. Có lẽ bị tên đó lây nhiễm, mình đã dành quá nhiều thời gian để nhìn lại quá khứ, nên gác bút tại đây thôi. Trận quyết chiến sắp đến, tù và đi săn đang thổi, lưỡi kiếm đã rút khỏi vỏ, trên chiến trường hoa trắng nở rộ, số phận đang chờ đợi mình.
lang_multi_text.db	AreaReportContent_Text57	3.4	Hội thoại/Cốt truyện	Hệ thống/Thế giới			我们在冰原上跟随“机械鹿群”行进已有数日，最终，在穿越了充满方形峭壁与石阵的沟壑后，我们竟抵达了一片位于万年冻土之下的“地下绿洲”，并在这里发现了一支古老的人类部族——“罗伊”。\n\n罗伊人的生理构造与我们并无本质差别，只是为了适应严寒地区的环境，在形貌特征上与我们略有不同。在这巨大的地下空洞之中，被罗伊人称为“巴德尔之心”的巨大能量体不息运转，提供着造物生长所必需的光能，令这地下绿洲得以存续。罗伊人也正是依靠着这份“光明”，在这里建立了新的家园。在漫长的时间里，他们通过观测“巴德尔之心”运转的规律，重新制定了时间与历法，以此判断昼夜与时季变化，过着与外部世界同步的生活。据罗伊神话记载，他们将冰原上的“机械生物群”视为“巴德尔”的万千神识分身。因感恩“巴德尔”为他们带回了“光明”，他们自发世代在冰原上引导迷途的“机械生物”回归此地，与之共存，并将这一历程视作部族的使命……受炉芯百千年的映照，现在的罗伊人即便身着拉海洛的单衣，亦能行于冻土之上。\n\n我们曾将拉海洛视作这一世纪最伟大的科考发现之一，却迟迟未将其公布于众。\n先行公约的高层们一致认为，这“轰动的消息”一经放出，或许将会引发难以预计的骚乱：无论是与外界隔绝百代的罗伊人对拉海洛外世界的好奇，还是来自现代文明对这古老文明的审视……这些究竟意味着沟通与共融，还是侵略与掠夺……没有人可以保证，先行公约必须谨慎对待这份科考报告。	For several days, we tracked a "mechanical reindeer herd" across the frostlands. Our path led us through ravines flanked by cubic cliffs and rows of monoliths, culminating in the discovery of a vast "underground haven" beneath the permafrost. There, we encountered an ancient human tribe: the Roya.\n \nPhysiologically, the Roya differ little from us. The distinctions lie mostly in the subtle traits they've developed to survive the extreme cold. Within this colossal subterranean cavern, an astonishing energy source, known to the Roya as "Baldur's Heart," pulses without end, providing the light and warmth needed to sustain life in this underground region. Sustained by this "sunlight," the Roya have built a new home under its rays. Over countless generations, they have studied the rhythms of Baldur's Heart, devising their own system of timekeeping to mark the cycle of day, night, seasons, and years, living in quiet synchrony with the world above.\n \nAccording to Royan mythology, certain "mechanical creatures" that roam the frostlands—which they call Soliskin, and we classify as the Exoswarm—are considered countless sparks of Baldur's own consciousness. In gratitude for the light Baldur bestowed, the Roya have taken up a sacred, generational duty: to guide lost Soliskin back to this sanctuary and live alongside them. After millennia bathed in the Reactor Drive's radiance, the Roya of today can now walk the frostlands wearing little more than Lahai-Roi's light garments.\n \nWe once hailed Lahai-Roi as one of the greatest scientific discoveries of the century, yet we have refrained from making it public. The Pioneer Association's leadership agrees that releasing this "earthshaking revelation" may spark uncontrollable consequences. The Roya, isolated for generations, might develop a deep curiosity for the outside world, while modern civilization, in turn, may cast its own judgment upon this ancient one. \n \nWould this lead to communication and coexistence, or to intrusion and exploitation? No one can guarantee the outcome. Thus, the Pioneer Association must handle this research report with the utmost caution.	我々は氷原で「メカレインディア」の群れを追い、数日間進み続けた。 四角い断崖と石が並ぶ深い谷を越え、ついに万年凍土の下に広がる「地下オアシス」へと辿り着いた。そこで我々は、古き歴史を持つ「ロイ」一族を発見したのだ。\n\nロイ人の体は我々と基本的に変わらないが、極寒の環境に適応したためか、見た目にはわずかな違いがある。 この巨大な地下空洞の中では、ロイ人が「バルドルの心」と呼ぶ巨大なエネルギー体が常に動いている。それが生き物の成長に必要な光とエネルギーを与え、この地下オアシスを支えているのだ。ロイ人もまた、この光を頼りにして、この地に新しい故郷を築き上げた。\n\n長い年月の中で、彼らは「バルドルの心」の動きを観察し、独自の暦と時間を作った。それによって昼や夜、季節の変化を知り、外の世界と同じリズムで生活している。 ロイの神話によると、彼らは氷原の「機械生物の群れ」を「バルドル」の意識の一部として崇めている。「バルドル」が光をくれたことに感謝し、彼らは代々、氷原で迷った「機械生物」をこの地へ導いて共に暮らすことを、一族の使命としている……\n\n「ドライブ」に数千年も照らされ続けた影響か、今のロイ人はラハイロイの薄着をまとうだけでも、凍った大地の上を歩くことができる。\n\n我々はかつて、ラハイロイを今世紀最大の科学的発見の一つだと考えたが、長い間その事実を発表することはなかった。 先駆条約の上層部は、この衝撃的なニュースが世に出れば、予測できない大混乱が起きるかもしれないと考え、意見を一致させたのだ。\n\n何代にもわたり外の世界と離れて暮らしてきたロイ人が抱く、外への好奇心。あるいは、現代文明によるこの古い文明への干渉……それがもたらすのは対話と融和か、それとも侵略と略奪か。誰にも保証できない以上、「先駆条約」はこの調査報告を慎重に扱わなくてはならない。	Chúng tôi đã đi theo "bầy hươu cơ khí" trên đồng băng nhiều ngày, cuối cùng, sau khi băng qua những khe núi đầy vách đá vuông vức và trận đồ đá, chúng tôi bất ngờ đến được một "ốc đảo ngầm" nằm dưới lớp băng vĩnh cửu, và phát hiện ra một bộ lạc con người cổ đại ở đây-"Roya".\n\nCấu tạo sinh lý của người Roya về cơ bản không khác gì chúng ta, chỉ là để thích nghi với môi trường của vùng giá rét, đặc điểm ngoại hình của họ có chút khác biệt. Trong hang động ngầm khổng lồ này, một thực thể năng lượng khổng lồ được người Roya gọi là "Trái Tim Của Baldur" vận hành không ngừng, cung cấp quang năng cần thiết cho sự phát triển của tạo vật, giúp ốc đảo ngầm này có thể tồn tại. Người Roya cũng chính dựa vào nguồn "ánh sáng" này, để xây dựng quê hương mới tại đây. Trong một thời gian dài, thông qua việc quan sát quy luật vận hành của "Trái Tim Của Baldur", họ đã lập ra thời gian và lịch pháp mới, dùng nó để phán đoán sự thay đổi của ngày đêm và các mùa, sống một cuộc sống đồng bộ với thế giới bên ngoài. Theo ghi chép thần thoại của Roya, họ coi "bầy sinh vật cơ khí" trên đồng băng là vô số phân thân thần thức của "Baldur". Vì biết ơn "Baldur" đã mang "ánh sáng" về cho họ, họ tự nguyện qua nhiều thế hệ hướng dẫn "sinh vật cơ khí" đi lạc trên đồng băng quay về nơi đây, cùng chung sống, và coi quá trình này là sứ mệnh của bộ lạc...\nNhờ sự soi rọi hàng trăm ngàn năm của lõi lò, người Roya hiện tại dù chỉ mặc áo mỏng của Lahai-Roi, cũng có thể đi lại trên vùng đất đóng băng.\n\nChúng tôi từng coi Lahai-Roi là một trong những phát kiến khảo sát khoa học vĩ đại nhất thế kỷ này, nhưng lại chậm chạp không công bố nó với công chúng.\nCác lãnh đạo cấp cao của Hiệp Ước Tiên Phong nhất trí cho rằng, "tin tức chấn động" này một khi được tung ra, có thể sẽ gây ra những xáo trộn không thể lường trước: dù là sự tò mò của người Roya đã cách ly với thế giới bên ngoài hàng trăm thế hệ đối với thế giới bên ngoài Lahai-Roi, hay là sự soi xét của nền văn minh hiện đại đối với nền văn minh cổ đại này... Những điều này rốt cuộc có ý nghĩa là giao tiếp và hòa hợp, hay là xâm lược và cướp đoạt... Không ai có thể đảm bảo, Hiệp Ước Tiên Phong phải cẩn trọng với báo cáo khảo sát khoa học này.
lang_multi_text.db	AreaReportContent_Text58	3.4	Hội thoại/Cốt truyện	Hệ thống/Thế giới			然而，时间或许已不再允许我们再讨论拖延下去。\n根据驻扎在拉海洛地区的成员传回来的消息，目前，已经有部分获得了内线情报的机构，私自派遣调查团登陆了拉海洛，试图抢先占有针对拉海洛的发现成果。\n其中虽有怀揣好奇与敬畏的科考学者，也不乏自诩来自“文明世界”的“盗猎者”——他们肆意掠夺拉海洛的自然资源，并将罗伊人视作落后的部族，向罗伊人提供外部世界中寻常不过的物资、甚至已被时代淘汰的的科技产物，试图用廉价的手段换得罗伊人的信任与感恩，从未以文明世界的准则对待罗伊人。同时，也有部分忘却，唾弃着部族使命的罗伊人，因对部族传统的叛逆与对于外部世界的好奇，正以一种激进的手段试图“闯出冰原”，他们出卖罗伊人的信息，资源，乃至技术……也因此遭到部族驱逐，成为了流落在部族之外的“流民”。\n……“冰原之下的魔盒”已经开启，先行公约最终决定，有针对性、选择性地向世界正式披露了科考报告的部分内容。\n诚如那位“黑海岸首领”所说……这是一场向世界发出的谈判：一旦拉海洛的关键信息公之于众，各国就必须先坐在同一张谈判桌上，与罗伊部族共同谈论拉海洛的未来……	Time, it seems, is a luxury we can no longer afford.\n \nAccording to our personnel in Lahai-Roi, several outside institutions, having obtained leaked intelligence, have already dispatched their own investigative teams. Their goal is to lay claim to the region's discoveries before the world can take notice.\n \nAmong them are earnest researchers, driven by curiosity and respect. But there are also "poachers" cloaked in the guise of "civilization." These intruders plunder Lahai-Roi's natural wealth at will and treat the Roya as a backward tribe. They offer the Roya trinkets common in the outside world or even obsolete technologies, attempting to purchase trust and gratitude at a paltry cost. Not once have they regarded the Roya by the ethical standards they claim to uphold.\n \nSimultaneously, some within the Roya tribe itself grow restless. Those who have forgotten or even scorn their ancestral mission. Now, driven by rebellion against tradition or by a fervent longing for the outside world, they seek to "leave the frostlands" through drastic means. They barter away tribal knowledge, resources, even technology... And for this betrayal, they have been cast out, becoming "Outcasts," wandering beyond the tribe's protection.\n \nThe "Pandora's Box beneath the frostlands" has been opened. Thus, the Pioneer Association signatories have resolved to selectively and strategically disclose portions of our scientific findings to the global public.\n \nJust as the leader of the Black Shores once remarked, this is a negotiation laid bare before all nations. Once key information about Lahai-Roi is public, every state will be compelled to approach the same table and, together with the Roya, determine the future of Lahai-Roi itself.	しかし、もう議論を先延ばしにできる時間は残されていないのかもしれない。\n報告によると、内部情報を入手した一部の組織が、ラハイロイでの成果を独占しようと勝手に調査団を送り込んでいるそうだ。\nその中には純粋な学者もいるが、「文明世界」から来たと語る「密猟者」も少なくない。 彼らは資源を好き放題に奪い、ロイ人を時代に遅れた存在と見下している。 外の世界ではありふれた物資や使い古された技術を与えることで、安く信頼を買おうとしているだけで、決して対等に接しようとはしないのだ。同時に、使命を忘れ、伝統を嫌うロイ人もいる。 外の世界への好奇心から氷原からの脱出を試み、同胞の情報や資源、技術に至るまでを売り渡した彼らは……結果として一族を追放され、さまよう流れ者となった。\n……「氷原のパンドラの箱」は、すでに開かれた。先駆条約はついに、調査報告の一部をあえて世界に公表することを決めた。\nあの「ブラックショアの指導者」が言ったように……これは世界に向けた交渉なのだ。 ラハイロイの情報が公になれば、各国は勝手な略奪をやめ、交渉のテーブルに着いて、ロイ一族と共に未来を語り合わなければならなくなるのだから……	Tuy nhiên, thời gian có lẽ không cho phép chúng ta tiếp tục thảo luận trì hoãn thêm nữa.\nTheo tin tức từ các thành viên đóng quân ở khu vực Lahai-Roi gửi về, hiện tại, đã có một số cơ quan có được thông tin nội bộ, tự ý phái đoàn điều tra đổ bộ lên Lahai-Roi, hòng tranh giành trước các thành quả phát hiện về Lahai-Roi.\nTrong đó mặc dù có những học giả khảo sát khoa học mang lòng tò mò và kính sợ, nhưng cũng không thiếu những "kẻ săn trộm" tự xưng là đến từ "thế giới văn minh"-Họ tự ý cướp đoạt tài nguyên thiên nhiên của Lahai-Roi, và coi người Roya là bộ lạc lạc hậu, cung cấp cho người Roya những vật tư quá đỗi bình thường ở thế giới bên ngoài, thậm chí là những sản phẩm công nghệ đã bị thời đại đào thải, hòng dùng thủ đoạn rẻ tiền để đổi lấy sự tin tưởng và biết ơn của người Roya, chưa từng dùng tiêu chuẩn của thế giới văn minh để đối xử với người Roya. Đồng thời, cũng có một bộ phận người Roya quên đi, ruồng bỏ sứ mệnh của bộ lạc, vì sự nổi loạn với truyền thống bộ lạc và sự tò mò với thế giới bên ngoài, đang dùng một phương thức quyết liệt hòng "xông ra khỏi đồng băng", họ bán đứng thông tin, tài nguyên, thậm chí cả công nghệ của người Roya... Cũng vì thế mà bị bộ lạc trục xuất, trở thành những kẻ lưu lạc bên ngoài bộ lạc.\n..."Chiếc hộp Pandora dưới đồng băng" đã được mở ra, Hiệp Ước Tiên Phong cuối cùng quyết định, công bố chính thức một phần nội dung của báo cáo khảo sát khoa học với thế giới một cách có chọn lọc và có trọng điểm.\nĐúng như vị "thủ lĩnh Bờ Biển Đen" đó đã nói... Đây là một cuộc đàm phán gửi đến thế giới: Một khi thông tin quan trọng của Lahai-Roi được công bố với công chúng, các quốc gia phải ngồi vào cùng một bàn đàm phán, cùng thảo luận với bộ lạc Roya về tương lai của Lahai-Roi...
lang_multi_text.db	AreaReportContent_Text59	3.4	Hội thoại/Cốt truyện	Hệ thống/Thế giới			基于先行公约国的一致立场与和平协作的共研原则，各国首脑经过多轮磋商，决定成立名为「极地联合」（编者注*即「深空联合」前身）的政府间联合组织。\n而在这场会议的终末，一位被称为「昭日者」的罗伊族长老出现在了会场之中。\n\n人们纷纷猜测着他此行的目的，但更多的人，则是以一种“带有文明社会骄傲”的目光审视着这位古老部族的来客。被称为「昭日者」的长老不为所动，只是喃喃自语，旁若无人地开始绘制起一系列晦涩的图案。起初，有不少人只认为这是一种诅咒或涂鸦，而在图案成型之后，人们才逐渐明白……那是一种“公式”。尽管与我们使用的数系不同，但在将罗伊人使用的古老图案“转译”为对应的数字符号之后，其表达与我们目前所知的种种“足以改变世界的高等方程”如出一辙。\n与会众人此刻也明悟，「昭日者」的这一举动意味着什么——这既代表着罗伊人拥有着不亚于我们的学识与数学成就，也代表着，他们愿意与我们交流，并将自己所掌握的古老知识分享给「极地联合」。\n此刻，数学成为了会场中唯一的语言。点线在须臾之间，便以朴素的形式完成了极点的天文线测算。其精准程度，并不输于任何现代科技所能得出的结果。人们的神情也逐渐从惊异转变为了沉默……毫无疑问的是，罗伊人的成就，已经触及，甚至动摇了所谓文明世界的的傲慢独裁。\n会场内的沉默并未持续多久，「昭日者」继而列出了另一套“算式”。这套算式表现了拉海洛存在有某种海蚀现象，且海蚀现象的活跃度正随着时间推移变得活跃。然而，在这套算式的最后……「昭日者」却迟迟未给出“答案”\n与此同时，黑海岸的现身加剧了众人的不安：泰缇斯系统虽曾观测到拉海洛存在鸣式的痕迹，但这一鸣式的频率与索拉里斯任何现有的鸣式，都缺乏共性——换言之，这一鸣式有可能并非来自索拉里斯，也不孳生于任何形式的文明。\n伴随着学者们的深入讨论，一种无形的恐惧也逐渐在与会众人之间蔓延……究竟是我们的理解有误，还是算法本身存在问题……也许。「昭日者」并非不想给出答案，而是答案本身即是：「不可知」。\n这也意味着，这一次，人类并不，甚至是无法知晓自己需要对抗的「概念」究竟为何物。\n我们要如何对抗一个“不可知的敌人”？无法知晓「概念」，也就意味这无法知晓这鸣式的能力与形式，人类所研究的一切武器，或都将失效，一切也将尽数沦为「未知」。	To uphold their shared commitment to peace and cooperation, the signatories of the Pioneer Association met. After lengthy talks, their heads of state decided to form a new intergovernmental organization named the "Polar Collective" (Editor's note: the predecessor to the Spacetrek Collective).\n \nJust as the conference was ending, a Roya elder, one of their revered Solsworn, appeared before the assembly.\n \nSpeculation and whispers about his intentions rippled through the hall. Most delegates regarded him with the subtle arrogance of a "civilized world" appraising a representative of an ancient tribe. Unfazed, the Solsworn began to draw a series of intricate, cryptic patterns, murmuring to himself as he worked. At first, many dismissed them as nothing more than curses or meaningless doodles. But as the patterns took shape, the truth emerged—they were formulae.\n \nThe symbols he used were from a numbering system entirely alien to our own, but once "converted" into modern notation, the structures they described matched some of our most advanced equations. The very kind of mathematics we believe can change the world. In that moment, the assembly understood the significance of the Solsworn's act. It demonstrated that the Roya possessed knowledge and mathematical mastery on par with our own, and more importantly, that they were willing to share this ancient wisdom with the Polar Collective.\n \nIn that moment, mathematics became the only language in the room. With a few simple points and lines drawn in an instant, the Solsworn completed an astronomical measurement of the polar axis. Its precision matched, perhaps even surpassed, that of our finest contemporary instruments. Awe gradually gave way to silence. There was no longer any doubt: the Roya's accomplishments had not only reached but now challenged the intellectual dominion claimed by the so-called civilized world.\n \nThe silence did not last. The Solsworn then presented a second set of equations. They described the presence of the Waveworn Phenomenon within Lahai-Roi, showing that its activity had been steadily increasing over time. Yet, at the conclusion of this formulation, the Solsworn offered no solution.\n \nMeanwhile, the arrival of the Black Shores only deepened the unease. Observations from the Tethys System had long indicated traces of a Threnodian in Lahai-Roi, but its frequency shared no commonality with any known Threnodian signature on Solaris. In other words, it did not originate from Solaris, nor from any recognizable civilization.\n \nAs scholars debated the equations, a formless dread seeped through the assembly. Were they misinterpreting the data? Or was the formulation itself incomplete? Perhaps the Solsworn was not deliberately withholding the final answer. Perhaps the answer itself was  "unknowable." \n\nThis implied that, for the first time, humanity did not know, and was incapable of uncovering, the true nature of the "concept" it faced.\n \nHow does one fight an unknowable enemy? If the "concept" of this Threnodian cannot be known, then its form and capabilities remain equally opaque. In other words, every weapon humanity has devised could be rendered useless.\n \nAll would collapse into a single, all-consuming unknown.	「先駆条約」の加盟国は、平和的な協力と共同研究という原則のもとで議論を重ねた。その結果、政府間組織「ポーラー・コレクティブ」（後の「スペーストレック・コレクティブ」）の設立が決まった。 会議の終わり際、「<ano=太陽に契りし者>ソル・スウォーン</ano>」と呼ばれるロイ一族の長老が会場に現れた。\n\n人々は彼が何をしに来たのかと噂し合ったが、その多くは文明社会の驕りから、この古い一族の客を見下していた。しかし長老は動じることなく、独り言を呟きながら難解な図形を描き始めた。 最初は呪いか落書きだと思われていたが、図形が完成するにつれ、人々はそれが「数式」だと気づき始めた。数字の書き方こそ違うが、現代の数字に置き換えると、それは世界を変えるほど高度な方程式と同じものだったのだ。\n\nその瞬間、会場にいた誰もが長老の意図を悟った。ロイ一族は我々に劣らない知識と数学力を持っていること。そして、その古い知識を「ポーラー・コレクティブ」と共有する気があるということだ。 数学が、会場における唯一の共通言語となった。点と線だけの素朴な図は、瞬く間に極点の複雑な計算を解いてみせた。その精度は現代科学にも劣らない。人々の表情は驚きから、次第に沈黙へと変わっていった。ロイ一族の成果は、文明世界の傲慢さを打ち砕いたのだ。\n\n沈黙は長く続かなかった。長老は続けて、もう一つの計算式を示した。それはラハイロイで「海蝕現象」が起きており、時間と共に活発になっていることを示していた。しかし、式の最後にあるはずの「答え」を、長老は書こうとしなかった。\n\n同時に、「ブラックショア」の出現が人々の不安を煽った。テティスシステムはかつてラハイロイに「鳴式」の痕跡を観測していたが、その周波数はソラリスのどの鳴式とも共通点がなかった。つまり、この鳴式はソラリスのものではなく、どの文明から生まれたものでもない可能性があったのだ。\n\n議論が深まるにつれ、会場には見えない恐怖が広がっていった。我々の理解が間違っているのか、それとも式自体に問題があるのか。あるいは、長老は答えを出したくないのではなく、答えそのものが「知ることができない」ものなのかもしれない。 それはつまり、今回人類が戦う相手は、正体を知ることさえできない存在だという意味になる。\n\n我々はどうやって、この「正体不明の敵」と戦えばいいのか。相手の正体が分からなければ、能力も形も分からない。人類が作ってきたあらゆる武器は通用せず、すべてが「未知」に飲み込まれていくのかもしれない。	Dựa trên lập trường thống nhất của các nước Hiệp Ước Tiên Phong và nguyên tắc hợp tác nghiên cứu hòa bình, người đứng đầu các nước qua nhiều vòng đàm phán, đã quyết định thành lập một tổ chức liên chính phủ có tên "Liên Minh Địa Cực" (Biên tập viên chú thích* tức là tiền thân của "Liên Minh Không Gian Sâu").\nVà vào cuối hội nghị này, một vị trưởng lão tộc Roya được gọi là "Kẻ Thề Với Mặt Trời" đã xuất hiện trong hội trường.\n\nMọi người thi nhau suy đoán mục đích chuyến đi này của ông, nhưng phần lớn, là dùng ánh mắt "mang theo sự kiêu ngạo của xã hội văn minh" để soi xét vị khách đến từ bộ lạc cổ đại này. Vị trưởng lão được gọi là "Kẻ Thề Với Mặt Trời" không mảy may lay động, chỉ lẩm bẩm một mình, bắt đầu vẽ một loạt các hoa văn khó hiểu mà không để tâm đến người khác. Ban đầu, có không ít người chỉ cho rằng đây là một loại lời nguyền hoặc nét vẽ nguệch ngoạc, và sau khi hoa văn thành hình, mọi người mới dần hiểu ra... Đó là một loại "công thức". Mặc dù khác với hệ đếm mà chúng ta sử dụng, nhưng sau khi "dịch" các hoa văn cổ đại mà người Roya sử dụng thành các ký hiệu số tương ứng, cách diễn đạt của nó lại giống hệt với các loại "phương trình bậc cao đủ sức thay đổi thế giới" mà chúng ta biết hiện nay.\nNhững người tham gia hội nghị lúc này cũng hiểu ra, hành động này của "Kẻ Thề Với Mặt Trời" có ý nghĩa gì-Điều này vừa đại diện cho việc người Roya sở hữu kiến thức và thành tựu toán học không thua kém chúng ta, đồng thời cũng đại diện cho việc họ sẵn sàng giao lưu với chúng ta, và chia sẻ kiến thức cổ đại mà họ nắm giữ cho "Liên Minh Địa Cực".\nLúc này, toán học trở thành ngôn ngữ duy nhất trong hội trường. Các điểm và đường thẳng chỉ trong chớp mắt, đã hoàn thành phép tính đường thiên văn của cực điểm dưới hình thức mộc mạc. Độ chính xác của nó, không hề thua kém bất kỳ kết quả nào mà công nghệ hiện đại có thể đưa ra. Biểu cảm của mọi người cũng dần chuyển từ kinh ngạc sang im lặng... Không còn nghi ngờ gì nữa, thành tựu của người Roya, đã chạm đến, thậm chí làm lung lay sự độc tài kiêu ngạo của cái gọi là thế giới văn minh.\nSự im lặng trong hội trường không kéo dài lâu, "Kẻ Thề Với Mặt Trời" tiếp tục đưa ra một "thuật toán" khác. Thuật toán này thể hiện sự tồn tại của một hiện tượng xói mòn biển nào đó ở Lahai-Roi, và mức độ hoạt động của hiện tượng xói mòn biển đang ngày càng trở nên mạnh mẽ theo thời gian. Tuy nhiên, ở phần cuối của thuật toán này... "Kẻ Thề Với Mặt Trời" lại chần chừ không đưa ra "đáp án".\nCùng lúc đó, sự xuất hiện của Bờ Biển Đen đã làm tăng thêm sự bất an của mọi người: Hệ thống Tethys tuy từng quan sát thấy dấu vết của Minh Thức ở Lahai-Roi, nhưng tần số của Minh Thức này lại thiếu tính tương đồng với bất kỳ Minh Thức hiện có nào của Solaris-nói cách khác, Minh Thức này có khả năng không đến từ Solaris, cũng không sinh sôi ở bất kỳ hình thức văn minh nào.\nCùng với cuộc thảo luận sâu sắc của các học giả, một nỗi sợ vô hình cũng dần lan tỏa giữa những người tham gia hội nghị... Rốt cuộc là sự hiểu biết của chúng ta có lỗi, hay bản thân thuật toán có vấn đề... Có lẽ, "Kẻ Thề Với Mặt Trời" không phải không muốn đưa ra đáp án, mà bản thân đáp án chính là: "Không thể biết".\nĐiều này cũng có nghĩa là, lần này, con người không, thậm chí là không thể biết được "khái niệm" mà mình cần đối kháng rốt cuộc là thứ gì.\nChúng ta phải làm sao để đối kháng với một "kẻ thù không thể biết"? Không thể biết "khái niệm", cũng có nghĩa là không thể biết năng lực và hình thức của Minh Thức này, tất cả vũ khí do con người nghiên cứu, có lẽ đều sẽ mất tác dụng, mọi thứ cũng sẽ hoàn toàn rơi vào "chưa biết".
lang_multi_text.db	AreaReportContent_Text6	3.4	Hội thoại/Cốt truyện	Hệ thống/Thế giới			【五方狮舞，俛仰驯狎承七星】：瑝珑太平乐！\n瑝珑太平乐，今州亦称狮子舞。其发源于瑝珑的兵团祈庆凯旋的战舞，「狮」音同「师」，是为班师回朝、旗开得胜。习演狮舞，需气势高涨，鼓声喧天、步法多变，以求舞者气势激昂、观者士气高涨。\n作为阵前战舞，狮舞逐渐成为勇气的象征，也成为祈求太平的象征——除扫惧厄、辟邪求吉。\n有道是：五方狮舞，俛仰驯狎承七星。师五方者，谙七星定音；师七星者，谙五方形神。\n若舞狮者兴致高涨，脚下步法轮回变化，从喜进悲、循怒入醉，鼓乐者需跟随舞狮者步形步法身形变化转换对应鼓点，或雨瀑或惊雷。舞狮者亦根据鼓乐者的指引，淋漓地展现瑞狮的架势与神态，或惊或喜、或跑或停。瑞狮受惊，则锣鼓消声；瑞狮四顾，鼓声便细细如雨；若瑞狮得意小跑，鼓声也应轻松愉快；若瑞狮咆哮，鼓声当震震作响。	[Wufang Liondance: A Fusion of Music and Movement] Huanglong Taiping Musical\n \nThe Huanglong Taiping Musical, also known as the liondance in Jinzhou, began as a battle dance commemorating the victories of Huanglong's army. At the heart of the performance is the lion, representing a triumphant return, accompanied by powerful drumbeats, lively music, and dynamic movements. These elements energize the dancers while uplifting the audience's morale.\n \nOriginally a battle dance, the liondance gradually evolved into a symbol of courage and a ritual for invoking peace—driving away bad omens while welcoming good fortune.\n \nAs the saying goes, the Wufang Lion Dance illustrates the lion's tameness and playfulness within the Seven Stars. To follow the Five Directions, one must understand the Seven Stars, and vice versa.\n \nThe liondancers, full of energy, change their steps to convey emotions from joy to sadness, shifting from rage to drunkenness. The drum beats mirror these transitions, moving from gentle to thunderous. The dancers follow the rhythm to portray the lion's various moods and movements—sometimes startled, sometimes joyful, sometimes running, sometimes pausing. When the lion is surprised, the drumming halts; when it looks around, the beats soften like a drizzle. When the lion is spirited, the drumming intensifies; and when the lion roars, the beats become thunderous.	【五方の獅子舞、七星とともに舞う】：瑝瓏太平楽！\n今州で獅子舞とも称される瑝瓏太平楽は、瑝瓏兵の凱旋を祝う舞を起源に持ち、獅子舞の「獅」と同音の「師」は軍隊を指し、すぐに勝利を収め、凱旋を祝うという意味も込められています。獅子舞を演じるには気勢を高め、太鼓の音が響き渡る中で多様なステップを披露しなければなりません。これにより、踊り手の勢いが高まり、観客も盛り上がります。\n前線の戦いの舞である獅子舞は徐々に勇気の象徴となり、同時に平和を祈り、恐れを払い、邪を退け、吉を求めるための象徴となったのです。\n人曰く：「五方の獅子舞、生き生きとした姿で七星とともに舞う。五方を師とするものは七星の音を熟知し、七星を師とするものは五方の心身を熟知する。」\n獅子舞の演者が高揚するにつれ、足元のステップが喜びから悲しみへ、怒りから酔いへと目まぐるしく変化します。そのため、太鼓の奏者は獅子舞のステップや動きの変化に合わせ、時に雨打つ滝のように、時に鳴り響く雷のように、打ち方を変えなければなりません。獅子舞の演者は太鼓に合わせて驚いたり喜んだり、走ったり立ち止まったりして、瑞獅の表情や動きを余すところなく表現します。瑞獅が驚くと太鼓の音が消え、瑞獅が四方を見回すと太鼓の音は細やかな雨のようになります。瑞獅が得意げに小走りすれば太鼓の音も軽やかで楽しげになり、瑞獅が吠えると太鼓の音はずっしりと響き渡るのです。	[Múa Sư Tử Ngũ Phương, Cúi Ngửa Thuần Phục Chịu Bảy Sao]: Thái Bình Nhạc Hoàng Long!\nThái Bình Nhạc Hoàng Long, Kim Châu cũng gọi là múa sư tử. Bắt nguồn từ chiến vũ chúc mừng chiến thắng của binh đoàn Hoàng Long, âm [Sư] trong Sư Tử giống âm [Sư] trong Quân Sư, nghĩa là khải hoàn trở về, cờ mở đắc thắng. Tập múa sư tử, cần khí thế lên cao, tiếng trống vang dội, bộ pháp đa biến, để cầu khí thế của người múa phấn chấn, tinh thần của người xem dâng cao.\nLàm chiến vũ trước trận, múa sư tử dần trở thành biểu tượng của dũng khí, cũng trở thành biểu tượng cầu mong thái bình - trừ quét sợ hãi tai ách, tránh tà cầu lành.\nCó câu: Múa sư tử ngũ phương, cúi ngửa thuần phục chịu bảy sao. Thầy của ngũ phương, hiểu được âm của bảy sao; Thầy của bảy sao, hiểu được hình thần của ngũ phương.\nNếu người múa sư tử dâng trào hứng thú, bộ pháp dưới chân luân hồi biến hóa, từ vui chuyển sang buồn, theo giận vào say, người đánh trống phải đi theo sự biến hóa bộ pháp, hình thức, hình dáng của người múa sư tử để chuyển đổi tiếng trống tương ứng, lúc như mưa trút lúc như sấm sét. Người múa sư tử cũng dựa vào sự chỉ dẫn của người đánh trống, thể hiện thế đứng và thần thái của thụy sư một cách đẫm lệ, lúc kinh lúc vui, lúc chạy lúc dừng. Thụy sư sợ hãi thì chiêng trống tắt tiếng; Thụy sư nhìn quanh, tiếng trống liền li ti như mưa; Nếu thụy sư đắc ý chạy chậm, tiếng trống cũng nên thoải mái vui vẻ; Nếu thụy sư gầm thét, tiếng trống nên vang lên rền rĩ.
lang_multi_text.db	AreaReportContent_Text60	3.4	Hội thoại/Cốt truyện	Hệ thống/Thế giới			罗伊人对拉海洛各现象的了解程度、掌握的数据无疑远超于与会的各国代表，若想深入拉海洛找到破局之法，必须依赖于罗伊人这条“路径”；而纵然罗伊人拥有关于拉海洛的诸多学识，但仅凭部族目前的科技实力，也无法应对鸣式所带来的灾难。这也许正是「昭日者」出现在这场会议上的原因：为应对拉海洛所潜藏的鸣式危机，他们早有与外部世界进行联手合作的意愿，只是在等待一个时机，一个被他们称为“黄昏纪之始”的时机。\n\n对于罗伊人来说，将自身暴露在外部世界的目光之下，或许是一场赌博，但陌生的鸣式一旦复苏，将会为整个索拉里斯带来巨大的灾难……为此，他们早已有所觉悟。\n如此，各国也表明了自己的态度：「极地联合」将与罗伊部族正式缔结盟约，展开对拉海洛的科考合作。同时，「极地联合」所进行的活动必须建立在“和平缔约”的基础之上，不得对罗伊社会造成任何侵犯与干扰。\n会议最终在一片和睦中落下了帷幕，但离席之时，每个人的神情都并不轻松……我们怀揣着对未知的好奇试图了解拉海洛，收获的……却是对未知的恐惧。\n于时，最后一位离席的新联邦学者如此讲诉——“这是一种难以言明的、存在于人类心中最古老又最强烈的情感……恐惧。而对于人类而言，最古老又最强烈的恐惧，永远是「未知」。”\n\n……	The Roya's understanding of the phenomena within Lahai-Roi and the data they possess far surpasses that of any outside representative. If the world is to delve deeper into Lahai-Roi and find a solution, it must rely on the Roya as its "guide." Yet even with their vast knowledge, the Roya's current technological capabilities are insufficient to withstand the calamities born of the Threnodian. This, perhaps, is why the Solsworn appeared at the conference: in the face of Lahai-Roi's looming Threnodian crisis, the Roya had long harbored a willingness to cooperate with the outside world. They were simply waiting for the right moment, the moment they call the beginning of the "Twilight Epoch."\n\nFor the Roya, exposing themselves to the outside world may well be a gamble. But they believe that once this unfamiliar Threnodian awakens, the scale of its destruction will engulf all of Solaris... And for this, they have already steeled themselves.\n \nThus, each nation declared its stance: the Polar Collective would formally establish an alliance with the Roya and embark on joint expeditions into Lahai-Roi. At the same time, all activities carried out by the Collective must rest upon the foundation of peaceful agreements, causing no harm or disruption to Royan society.\n \nThe conference ended in harmony, yet no one left at ease. We had arrived driven by curiosity for Lahai-Roi's unknowns, only to depart with nothing but fear of that very unknown.\n \nAs the last New Federation scholar to leave remarked: "This fear... it's hard to name, but it's the oldest and strongest within us. And for humanity, that fear has always been the fear of the unknown."	ロイ人が持つラハイロイへの知識とデータは、会議に参加した各国の代表をはるかに上回っていることは間違いない。 ラハイロイを深く調査し、解決の道を見つけるには、ロイ人という「ルート」を頼るしかないのだ。 一方で、いくらロイ人に知識があっても、彼らの今の技術だけでは、「鳴式」がもたらす災いには対抗できない。 これこそが、「<ano=太陽に契りし者>ソル・スウォーン</ano>」が会議に現れた理由なのだろう。 彼らはずっと前から、危機に備えて外の世界と協力するつもりだったのだ。 ただ、彼らが「黄昏紀の始まり」と呼ぶ好機を待っていたに過ぎない。\n\n自分たちの存在を外の世界にさらすことは、ロイ人にとって賭けだったかもしれない。 しかし、未知の鳴式が目覚めれば、ソラリス全体に恐ろしい災いが降りかかる……彼らはとっくにその覚悟を決めていたのだ。\n\nこうして、各国も態度を決めた。 「ポーラー・コレクティブ」はロイ一族と正式に協定を結び、ラハイロイの共同調査を行うことになった。 同時に、その活動は「平和条約」に基づき、ロイ人の社会を決して侵害したり干渉したりしないことが条件とされた。\n\n会議は和やかに終わったが、席を立つ人々の表情は晴れやかではなかった。 我々は好奇心からラハイロイを理解しようとしたが、そこで得たものは……未知への恐怖だけだったからだ。\n\nその時、最後に席を立ったネオユニオンの学者がこう言った。 「言葉にできない、人の心にある最も古くて強い感情……それは恐怖だ。そして、最も古くて強い恐怖とは、いつだって『未知』なのだ」	Mức độ hiểu biết về các hiện tượng ở Lahai-Roi, dữ liệu mà người Roya nắm giữ chắc chắn vượt xa các đại diện của các nước tham gia hội nghị, nếu muốn tiến sâu vào Lahai-Roi tìm ra cách phá giải, bắt buộc phải dựa vào "con đường" người Roya; mà dẫu cho người Roya có được nhiều kiến thức về Lahai-Roi, nhưng chỉ dựa vào năng lực công nghệ hiện tại của bộ lạc, cũng không thể đối phó với thảm họa do Minh Thức mang lại. Đây có lẽ chính là lý do "Kẻ Thề Với Mặt Trời" xuất hiện tại hội nghị này: Để đối phó với cuộc khủng hoảng Minh Thức tiềm ẩn ở Lahai-Roi, họ đã sớm có ý nguyện liên thủ hợp tác với thế giới bên ngoài, chỉ đang chờ một thời cơ, một thời cơ được họ gọi là "khởi đầu của Kỷ Hoàng Hôn".\n\nĐối với người Roya, việc phơi bày bản thân trước ánh mắt của thế giới bên ngoài, có lẽ là một vụ đánh cược, nhưng Minh Thức xa lạ một khi thức tỉnh, sẽ mang đến thảm họa to lớn cho toàn bộ Solaris... Vì điều này, họ đã sớm có giác ngộ.\nNhư vậy, các nước cũng bày tỏ thái độ của mình: "Liên Minh Địa Cực" sẽ chính thức ký kết minh ước với bộ lạc Roya, triển khai hợp tác khảo sát khoa học về Lahai-Roi. Đồng thời, các hoạt động do "Liên Minh Địa Cực" tiến hành phải được xây dựng trên cơ sở "ký kết hòa bình", không được gây ra bất kỳ sự xâm phạm và can thiệp nào đối với xã hội Roya.\nHội nghị cuối cùng đã khép lại trong sự hòa hợp, nhưng khi rời ghế, biểu cảm của mỗi người đều không mấy nhẹ nhõm... Chúng tôi ôm trong lòng sự tò mò về những điều chưa biết hòng tìm hiểu Lahai-Roi, nhưng thứ thu được... lại là sự sợ hãi về những điều chưa biết.\nLúc đó, vị học giả Tân Liên Bang rời ghế cuối cùng đã kể thế này-"Đó là một loại cảm xúc khó nói thành lời, loại cảm xúc cổ xưa nhất và mãnh liệt nhất tồn tại trong lòng con người... sợ hãi. Mà đối với con người, nỗi sợ hãi cổ xưa nhất và mãnh liệt nhất, luôn luôn là 'chưa biết'."\n\n...
lang_multi_text.db	AreaReportContent_Text61	3.4	Hội thoại/Cốt truyện	Hệ thống/Thế giới			……\n\n罗伊人来自地表，来自万千年前奔腾着格洛犸图与格洛犸提的原野。\n在寒带的峡湾中，他们的祖先以游牧为生，直至如今，牧人的天赋仍流淌在他们的血脉中。\n\n在罗伊族中，有牧者，昭日者以及秘日六席这三大特殊身份。\n被日灵认可的罗伊人，将成为引导日灵的“牧羊人”，获得引导隧群繁衍生息的职责。\n而在筹算历法方面具备天赋，并与日灵和隧者具备一定程度共感能力的人，才能步入引日殿，成为昭日者的一员，他们同时也是秘日六席的候选人。\n\n可以看到，被日灵与隧群认可，是成为牧者，昭日者以及秘日六席的必要条件。\n在罗伊人心中，日灵，隧群，乃至拉海洛的万物生灵都至关重要——对生命的尊重，对隧者献出炉芯造就的天地的尊重，是每个罗伊人成年时的必修课。\n\n……\n\n在拉海洛的地下空洞中，浮光林是少有的不受虚质磁暴影响的地区，基于这一性质，罗伊人在此处修建了引日殿。\n平日里，罗伊人引导隧群成长、迁徙，而在虚质磁暴高的时期，罗伊人则会休牧，带领它们聚集于引日殿避难。\n当隧群完全长成之际，它们将亲历迁徙，最终回归冰原上的隧者，以对隧者的身躯进行修复。\n\n引日殿除了承担着保管隧群部件的职责，也是罗伊人的数据与记录的集散中心。\n各个聚落的罗伊人会将自己记录的观测数据带往此处，并交给秘日六席以及辅佐的昭日者汇总计算。\n在每一季，炉芯的运转是否稳定，有多少隧群新生、长成，又有多少最终回归了隧者的身体，都在引日殿的测算之内。\n信息汇总后，秘日六席将结合炉芯的运转状态测定下一季的历法，以此引导罗伊族未来生活或工作的重心。	...\n \nThe Roya once walked the surface, on ancient plains where the Glommoths and Glommothas thundered in their thousands. In the subarctic fjords, their ancestors lived as nomads, and even now, the shepherd's instinct still flows in their blood.\n \nWithin Roya society, three distinguished callings exist: the Shepherd, the Solsworn, and the Heliodic Six. Those recognized by the Soliskin become Shepherds, tasked with tending to the Exoswarm in their growth and renewal. Only those gifted in reckoning calendars and possessing a degree of resonance with both Soliskin and the Exostrider may enter the Solisylum, there to be named among the Solsworns. These Solsworns also stand as potential successors to the Heliodic Six.\n \nThus, gaining the acknowledgment of the Soliskin and Exoswarm is essential, whether one seeks to become a Shepherd, a Solsworn, or one of the Heliodic Six. To the Roya, the Soliskin, the Exoswarm, and all living beings in Lahai-Roi hold profound importance. Respect for life and reverence for the world shaped by the Exostrider's Reactor Drive is a lesson every Roya must master upon coming of age.\n \n...\n \nWithin the vast underground cavern of Lahai-Roi lies Bjartr Woods, one of the rare regions untouched by the ravages of Void Storms. It is here that the Roya built the Solisylum. In ordinary seasons, they guide the Exoswarm in their growth and migration, while during periods of intense Void Storm activity, they cease shepherding and lead the Exoswarm to shelter within the Solisylum.\n \nWhen an Exoswarm reaches full maturity, it joins a great migration. Its final destination is the Exostrider slumbering in the frostlands. The Exoswarm offer up their components to repair this ancient mecha form.\n \nBeyond safeguarding Exoswarm parts, the Solisylum also serves as the central hub of data and records. Roya from every settlement bring their observational data here, where the Heliodic Six and their assisting Solsworns compile and calculate it. Each season, they determine whether the Reactor Drive remains stable, how many new Exoswarm have emerged and matured, and how many have completed their return to the Exostrider.\n \nOnce this information is consolidated, the Heliodic Six establishes the next season's calendar based on the Reactor Drive's activity, thereby charting the future focus of all Royan life and work.	……\n\nロイ人は数千年前、グローモスとグローモサの群れが駆け巡っていた地上の原野からやってきた。 かつて寒帯のフィヨルドで遊牧をしていた祖先の血は、今も彼らの中に「牧人」の才能として受け継がれている。\n\nロイ一族には、「牧者」、「<ano=太陽に契りし者>ソル・スウォーン</ano>」、そして「<ano=日隠れの六席>ヘリオディック・シックス</ano>」という3つの特別な役割がある。\n\n太陽の精霊に認められた者は、精霊を導く「牧者」となり、エクソスウォームを育て、守る役目を負う。 一方で、暦の計算に優れ、精霊やエクソストライダーと心を通わせることができる者だけが、ソリサイルムに入り「ソル・スウォーン」の一員となることができる。彼らは同時に、最高位である「ヘリオディック・シックス」の候補者でもある。\n\nつまり、これらの役割に就くには、精霊やエクソスウォームに認められることが絶対条件なのだ。 ロイ人にとって、精霊やエクソスウォーム、そしてラハイロイのすべての命は極めて重要だ。 生命を尊重すること、そして自らの「ドライブ」を捧げて天地を創ったエクソストライダーを敬うことは、すべてのロイ人が大人になるために必ず学ぶべきことである。\n\n……\n\nラハイロイの地下空洞において、「ビヤートル・ウーズ」はヴォイドストームの影響を受けない数少ない場所だ。そのため、ロイ人はここに「<ano=太陽の聖殿>ソリサイルム</ano>」を建設した。 普段、ロイ人はエクソスウォームを放牧しているが、ヴォイドストームが活発な時期にはソリサイルムに集まって避難する。 十分に育ったエクソスウォームは、やがて自ら氷原のエクソストライダーの元へ戻り、その体を修復する一部となる。\n\nソリサイルムはエクソスウォームのパーツを保管する倉庫であり、同時にデータと記録の収集センターでもある。 各集落のロイ人は観測データをここに持ち込み、ヘリオディック・シックスや補佐役のソル・スウォーンが集計・計算を行う。\n\nドライブの調子は安定しているか、どれだけのエクソスウォームが生まれ育ち、どれだけがエクソストライダーの元へ還ったか。それらはすべてソリサイルムで計算される。 集まった情報をもとに、ヘリオディック・シックスは来期の暦を決め、ロイ一族が今後どのような生活や仕事に力を入れるべきかを示すのである。	...\n\nNgười Roya đến từ mặt đất, từ những cánh đồng hoang dã nơi bầy Glommoth và Glommotha chạy nhảy hàng ngàn vạn năm trước.\nTrong những vịnh hẹp của đới lạnh, tổ tiên của họ kiếm sống bằng nghề du mục, cho đến nay, thiên phú của người chăn gia súc vẫn chảy trong huyết quản họ.\n\nTrong tộc Roya, có ba thân phận đặc biệt là người chăn gia súc, Kẻ Thề Với Mặt Trời và Sáu Ghế Khuất Nắng.\nNgười Roya được Mặt Trời Tinh Linh công nhận, sẽ trở thành "người chăn cừu" dẫn dắt Mặt Trời Tinh Linh, nhận được trọng trách dẫn dắt bầy đường hầm sinh sôi nảy nở.\nCòn những người có thiên phú về tính toán lịch pháp, và có mức độ đồng cảm nhất định với Mặt Trời Tinh Linh và Kẻ Đường Hầm, mới có thể bước vào Đền Dẫn Nắng, trở thành một thành viên của Kẻ Thề Với Mặt Trời, họ đồng thời cũng là ứng cử viên của Sáu Ghế Khuất Nắng.\n\nCó thể thấy, được Mặt Trời Tinh Linh và bầy đường hầm công nhận, là điều kiện cần thiết để trở thành người chăn gia súc, Kẻ Thề Với Mặt Trời và Sáu Ghế Khuất Nắng.\nTrong tâm trí người Roya, Mặt Trời Tinh Linh, bầy đường hầm, và cả vạn vật sinh linh ở Lahai-Roi đều vô cùng quan trọng-tôn trọng sự sống, tôn trọng trời đất do lõi lò của Kẻ Đường Hầm hiến dâng tạo nên, là bài học bắt buộc đối với mỗi người Roya khi trưởng thành.\n\n...\n\nTrong hang động ngầm khổng lồ của Lahai-Roi, Rừng Phù Quang là một trong số ít những khu vực không bị ảnh hưởng bởi bão từ chất ảo, dựa trên đặc tính này, người Roya đã xây dựng Đền Dẫn Nắng tại đây.\nNgày thường, người Roya dẫn dắt bầy đường hầm phát triển, di cư, còn vào thời kỳ bão từ chất ảo hoạt động mạnh, người Roya sẽ ngừng chăn thả, dẫn chúng tập trung tại Đền Dẫn Nắng để tị nạn.\nKhi bầy đường hầm trưởng thành hoàn toàn, chúng sẽ đích thân di cư, cuối cùng quay về với Kẻ Đường Hầm trên đồng băng, để tiến hành sửa chữa cơ thể của Kẻ Đường Hầm.\n\nNgoài việc gánh vác trọng trách bảo quản các bộ phận của bầy đường hầm, Đền Dẫn Nắng còn là trung tâm phân phối dữ liệu và ghi chép của người Roya.\nNgười Roya ở các khu dân cư sẽ mang theo dữ liệu quan sát mà họ ghi chép đến đây, và giao cho Sáu Ghế Khuất Nắng cùng các Kẻ Thề Với Mặt Trời phụ tá tổng hợp và tính toán.\nTrong mỗi mùa, việc vận hành lõi lò có ổn định không, có bao nhiêu bầy đường hầm mới sinh, trưởng thành, và có bao nhiêu con cuối cùng đã quay về cơ thể của Kẻ Đường Hầm, đều nằm trong sự tính toán của Đền Dẫn Nắng.\nSau khi tổng hợp thông tin, Sáu Ghế Khuất Nắng sẽ kết hợp với trạng thái vận hành của lõi lò để xác định lịch pháp cho mùa tiếp theo, từ đó định hướng trọng tâm cuộc sống hoặc công việc tương lai của tộc Roya.
lang_multi_text.db	AreaReportContent_Text62	3.4	Hội thoại/Cốt truyện	Hệ thống/Thế giới			……\n\n隧群是隧者躯体碎片分化而成的拟态机械，是修复和重构隧者的必备因素。\n为了帮助隧者，罗伊族千百年如一日地引导着隧群攀上冰原，向着隧者的沉眠地进发。\n\n在联运椎骨建成前，罗伊族必须在高不可攀的陡峭崖壁上跋涉。\n冰原外沿的悬崖锐利险峻，有时还会形成大于九十度的不可能倒角——这条险途被罗伊人称为“天梯”。\n\n在终于攀上冰原后，格洛犸图与格洛犸提便会映入罗伊人的眼帘。\n这种强大的隧群会护送罗伊人，并与其他隧群一起回归隧者的躯体。\n\n在罗伊族的神话中充满了新旧交替的概念，而他们也以此来诠释自己以及周身的万物：\n亘古以前，格洛犸图的祖先，巨大的象族动物在这片原野上肆意奔腾，将族群的生命延续。\n而如今，隧群踏破冰雪，将被给予的生命交还给自己的创造者。\n\n……	The Exoswarm are mimetic mechs, fragmented from the Exostrider's own mecha form. They are indispensable for its eventual renewal and reconstruction.\n\nFor centuries unbroken, the Roya have guided the Exoswarm up from the depths to the frostlands, toward the site of the Exostrider's slumber.\n \nBefore the Starward Riseway was constructed, the Roya had no choice but to climb treacherous cliffs of impossible heights, where overhanging slopes greater than ninety degrees were not uncommon. This perilous ascent is known among the Roya as the "Sky Ladder."\n \nWhen they finally crested the frostlands, Glommoths and Glommothas would come into view. Such formidable Exoswarm escort the Roya for the final leg of the journey, then return with the other Exoswarm to the slumbering Exostrider.\n \nRoyan mythology is woven with cycles of the old giving way to the new, and it is through this lens that they interpret both themselves and the world around them. In ages long past, the ancestors of the Glommoths, vast elephantine beasts, roamed these plains in great herds, carrying their lineage forward.\n \nAnd now, the Exoswarm tread across the ice, returning the lives they were granted to the one who created them.	……\n\nエクソスウォームは、エクソストライダーの体の一部から生まれた機械の擬態であり、エクソストライダーを修理し、再生させるために欠かせない存在である。 エクソストライダーを助けるため、ロイ一族は千百年もの間、休むことなくエクソスウォームを導いてきた。彼らは氷原を登り、エクソストライダーが眠る地を目指し続けてきたのだ。\n\n「リンクドスパイン」が建設される前、ロイ一族は登ることさえ難しい険しい崖を越えなければならなかった。 氷原の縁にある崖は鋭く切り立ち、時には90度を超えて反り返っていることさえある。この険しい道を、ロイ人は「天に届くはしご」と呼んでいた。\n\nついに氷原を登りきると、グローモスとグローモサが姿を現す。 この強力なエクソスウォームはロイ人を守りながら進み、やがて他の仲間たちと共に、エクソストライダーの体へと還っていく。\n\nロイ一族の神話には「命の交代」という考えが満ちており、彼らは自分たちや周りの世界をそう捉えている。 遥か昔、グローモスの祖先である巨大な象のような動物が、この原野を自由に駆け回り、命を繋いでいた。 そして今、エクソスウォームは氷の大地を踏みしめ、与えられたその命を、自らの創造主へと返すのである。\n\n……	...\n\nBầy đường hầm là những cỗ máy mô phỏng được phân hóa từ các mảnh vỡ cơ thể của Kẻ Đường Hầm, là yếu tố thiết yếu để sửa chữa và tái cấu trúc Kẻ Đường Hầm.\nĐể giúp đỡ Kẻ Đường Hầm, tộc Roya hàng ngàn năm như một ngày đã dẫn dắt bầy đường hầm leo lên đồng băng, tiến về nơi Kẻ Đường Hầm say ngủ.\n\nTrước khi Cột Sống Liên Vận được xây dựng, tộc Roya phải vượt qua những vách đá dốc đứng cao không thể chạm tới.\nVách đá ở rìa ngoài của đồng băng vô cùng hiểm trở, đôi khi còn tạo thành những góc lồi bất khả thi lớn hơn 90 độ-con đường hiểm nghèo này được người Roya gọi là "Thang Lên Trời".\n\nSau khi cuối cùng cũng leo lên được đồng băng, bầy Glommoth và Glommotha sẽ lọt vào tầm mắt của người Roya.\nLoài bầy đường hầm mạnh mẽ này sẽ hộ tống người Roya, và cùng các bầy đường hầm khác quay về cơ thể của Kẻ Đường Hầm.\n\nTrong thần thoại của tộc Roya tràn ngập khái niệm sự cũ mới giao thoa, và họ cũng dùng điều này để lý giải về bản thân cũng như vạn vật xung quanh:\nTừ thuở xa xưa, tổ tiên của bầy Glommoth, những loài động vật khổng lồ thuộc họ voi đã thoải mái chạy nhảy trên cánh đồng này, duy trì sự sống của bầy đàn.\nCòn hiện tại, bầy đường hầm đạp lên băng tuyết, giao trả lại sinh mệnh được ban tặng cho chính đấng sáng tạo của mình.\n\n...
lang_multi_text.db	AreaReportContent_Text63	3.4	Hội thoại/Cốt truyện	Hệ thống/Thế giới			山峦倾倒，铁星坠落\n我们在铁星的残骸下\n今日没有果树，今夜没有篝火\n\n太阳与星辰，你不再应答\n流云与夜空，你满覆泪水\n\n没有光的寂夜中\n没有火的雪原中\n\n只有如太阳般耀眼的巨人\n只有如太阳般耀眼的巨人\n\n祂说\n活下去\n\n——节选自罗伊古遥《因为巨人来过》其一\n\n根据罗伊神话与相关史料记载，在悲鸣降临拉海洛地区前，罗伊族生活在地表的峡湾森林中。\n而在悲鸣发生后，索拉里斯的▇▇▇▇▇▇发生变化，地区内气温骤降，并引发了▇▇▇▇与▇▇▇的坠落。\n彼时的罗伊人只得栖身于▇▇▇▇的残骸中，在荒芜的冰原上探索满覆冰雪的原野。	The mountains crumbled as the iron star fell.\nBeneath its wreckage, there we stood.\nNo more fruit upon the trees, no more fires for the night.\n \nO Sun and stars, you answered us no more.\nO clouds and night, you wept in silent tears.\n \nIn the hush of a lightless night,\nAcross frostlands stripped of warmth,\n \nOnly the Giant, blazing like the sun, remained.\nOnly the Giant, blazing like the sun, remained.\n \n"Keep living,"\nSo It said.\n \n—An excerpt from the Royan folksong <i>For the Giant Was Here</i>\n \nAccording to Royan myth and surviving historical records, before the Lament fell upon Lahai-Roi, the Roya lived on the surface, amidst the fjord forests. But in the aftermath of the Lament, Solaris's ▇▇▇▇▇▇ underwent significant changes. Temperatures plunged, followed by the fall of ▇▇▇▇ and ▇▇▇. \n\nThe Roya of that era could only take refuge within the remains of the ▇▇▇▇, wandering the desolate frostlands in search of life upon newly snow-covered plains.	山は崩れ、鉄の星が落ちてくる\n我らはその残骸の下\n今日は実る木もなく、今宵は焚き火もなし\n\n太陽も星も、もう答えてはくれない\n流れる雲も夜空も、涙に濡れている\n\n光のない静かな夜\n火のない雪原の中\n\n太陽のように眩しい巨人だけがいた\n太陽のように眩しい巨人だけがいた\n\n彼は言った\n「生きろ」と\n\n——ロイの古謡『巨人が来たから』その一より抜粋\n\nロイの神話や史料によると、「悲鳴」がラハイロイ地域を襲う前、ロイ一族は地上のフィヨルドにある森で暮らしていた。 しかし悲鳴の後、ソラリスの▇▇▇▇▇▇が変化して気温が急激に下がり、▇▇▇▇と▇▇▇が墜落した。 当時のロイ人は▇▇▇▇の残骸に身を寄せ、氷と雪に覆われた荒野をさまようしかなかった。	Núi non sụp đổ, sao sắt rơi xuống\nChúng tôi dưới đống tàn tích của sao sắt\nHôm nay không có cây ăn trái, đêm nay không có lửa trại\n\nMặt trời và các vì sao, các ngài không còn hồi đáp\nMây trôi và bầu trời đêm, các ngài đẫm lệ\n\nTrong đêm vắng lặng không ánh sáng\nTrong cánh đồng tuyết không ngọn lửa\n\nChỉ có Người Khổng Lồ chói lóa như mặt trời\nChỉ có Người Khổng Lồ chói lóa như mặt trời\n\nNgài nói\nHãy sống tiếp\n\n-Trích từ bài dân ca cổ Roya "Vì Người Khổng Lồ Từng Đến" phần một\n\nTheo thần thoại Roya và các tài liệu lịch sử liên quan, trước khi Bi Minh giáng xuống khu vực Lahai-Roi, tộc Roya sống trong khu rừng ven vịnh hẹp trên mặt đất.\nCòn sau khi Bi Minh xảy ra, ▇▇▇▇▇▇ của Solaris đã thay đổi, nhiệt độ trong khu vực giảm mạnh, và dẫn đến sự rơi xuống của ▇▇▇▇ và ▇▇▇.\nNgười Roya lúc bấy giờ chỉ đành trú thân trong tàn tích của ▇▇▇▇, trên đồng băng hoang vu khám phá cánh đồng phủ đầy băng tuyết.
lang_multi_text.db	AreaReportContent_Text64	3.4	Hội thoại/Cốt truyện	Hệ thống/Thế giới			七彩之柱，灭亡的虹光\n指甲，手掌，肩膀……\n母亲如烛火般熄灭\n\n漆黑之地，陷落的平原\n断木，碎冰，风雪……\n我们如旅鼠般下坠\n\n巨人与▇▇▇▇▇的战争\n平野与旧日纪的终结\n\n黑暗下降\n那是▇▇▇▇▇的怒吼\n\n太阳上升\n那是巨人的心脏\n\n虹光怎会熄灭\n黑暗怎会退却\n我们怎会生还\n\n因为巨人来过\n因为巨人来过\n因为巨人来过\n\n——罗伊古遥《因为巨人来过》其二\n\n在冰原上摸索、努力生存的罗伊人并未由此获得安稳的生活，反而迎来了有史以来的第一次虚质磁暴。\n根据罗伊古籍记载，那一天强烈的光芒冲破冰层直达天际，人们目之所及的一切都被磁暴吞噬，逐渐失去实体，从这个世界消解。\n也就是在这一场灾难中，冰原经历了规模空前的塌陷，罗伊族祖先坠入了巨大的地下空洞中。\n但在无尽的黑暗中，一颗轰鸣的炉芯却冉冉升起——那是隧者取出自己的炉芯，化作了地下世界的太阳。\n而关于与隧者大战的▇▇▇▇▇，记载中皆语焉不详，也许比起敌人的可怖，隧者的牺牲更值得罗伊人铭记。	A pillar of colorful light, a rainbow undone.\nFingertips, hands, and shoulders...\nMother faded like candlelight.\n \nA dark land, the sinking plains.\nBroken wood, shattered ice, wind, and snow...\nWe fell like lemmings into the end.\n \nThe Giant and ▇▇▇▇▇ at war—\nThe end of the plains, the end of the Old Epoch.\n \nDarkness descended,\nIt was the roar of ▇▇▇▇▇.\n \nThe sun ascended,\nIt was the Giant's beating heart.\n \nHow could the rainbow light be extinguished?\nHow could the darkness withdraw?\nHow could we have survived?\n \nFor the Giant was here.\nFor the Giant was here.\nFor the Giant was here.\n \n—An excerpt from the Royan folksong <i>For the Giant Was Here</i>\n \nDespite their struggle for survival in the frostlands, the Roya found no peace. Instead, they faced the first Void Storm in their recorded history. Royan chronicles tell of a blinding radiance that pierced the ice and speared the sky. Everything touched by that storm was consumed, stripped of substance, and erased from the world.\n \nIt was this calamity that triggered the unprecedented collapse of the frostlands, catapulting the ancestors of the Roya into a vast, subterranean cavern. Yet within that endless darkness, a rumbling Reactor Drive rose like a new dawn, for the Exostrider had plucked its own Core and set it alight to become the sun of this underworld.\n \nAs for ▇▇▇▇▇, the foe who once waged war against the Exostrider, the ancient records offer only fragments. Perhaps, to the Roya, the terror of their enemy mattered less than the sacrifice of the one who shielded them.	七色の柱、滅びの虹\n爪、手のひら、肩…… \n母は蝋燭の火のように消えていく\n\n真っ暗な大地、崩れ落ちる平原\n折れた木、砕けた氷、吹雪……\n我らはレミングのように落ちていく。\n\n巨人と▇▇▇▇▇の戦争\n平原と古い時代の終わり\n\n闇が降りる\nそれは▇▇▇▇▇の叫び\n太陽が昇る\nそれは巨人の、心の臓\n\n虹色の光はなぜ消えるのか\n闇はなぜ去るのか\n我らはなぜ生き延びたのか\n\n巨人が来たから\n巨人が来たから\n巨人が来たから\n\n——ロイの古謡『巨人が来たから』その二\n\n氷原で懸命に生きようとしたロイ人だったが、穏やかな生活は訪れず、かえって史上初の「ヴォイドストーム」に見舞われることになった。 ロイの古文書によると、あの日、強烈な光が氷を突き破って天に届いた。目に見えるすべてがヴォイドストームに飲み込まれ、次第に形を失って世界から消えていったという。 この災厄の最中、氷原はかつてない規模で崩れ落ち、ロイ一族の祖先は巨大な地下空洞へと落下した。\n\nしかし果てしない闇の中で、轟音を上げて「ドライブ」がゆっくりと昇り始めた。 ――それはエクソストライダーが自らの動力源を取り出し、地下世界の太陽となった姿だった。 エクソストライダーと激しく戦った▇▇▇▇▇については、記録が曖昧だ。おそらく敵の恐ろしさよりも、エクソストライダーの犠牲こそが、ロイ人が心に刻むべきことだったのだろう。	Trụ sáng bảy màu, ánh cầu vồng diệt vong\nMóng tay, lòng bàn tay, bờ vai...\nMẹ lụi tàn như ngọn nến\n\nVùng đất đen kịt, đồng bằng sụp đổ\nCây gãy, băng vỡ, gió tuyết...\nChúng tôi rơi xuống như loài chuột Lemmut\n\nCuộc chiến giữa Người Khổng Lồ và ▇▇▇▇▇\nSự kết thúc của cánh đồng bằng phẳng và Kỷ Cũ\n\nBóng tối bao trùm\nĐó là tiếng gầm thét của ▇▇▇▇▇\n\nMặt trời mọc lên\nĐó là trái tim của Người Khổng Lồ\n\nÁnh cầu vồng sao có thể lụi tàn\nBóng tối sao có thể rút lui\nChúng tôi sao có thể sống sót\n\nVì Người Khổng Lồ từng đến\nVì Người Khổng Lồ từng đến\nVì Người Khổng Lồ từng đến\n\n-Bài dân ca cổ Roya "Vì Người Khổng Lồ Từng Đến" phần hai\n\nNgười Roya mò mẫm, nỗ lực sinh tồn trên đồng băng không nhờ thế mà có được cuộc sống yên bình, ngược lại còn đón nhận cơn bão từ chất ảo đầu tiên trong lịch sử.\nTheo ghi chép trong sách cổ Roya, ngày hôm đó ánh sáng mãnh liệt xuyên thủng lớp băng chiếu thẳng lên bầu trời, mọi thứ trong tầm mắt của con người đều bị bão từ nuốt chửng, dần mất đi thực thể, bị phân giải khỏi thế giới này.\nCũng chính trong thảm họa này, đồng băng đã trải qua sự sụp đổ với quy mô chưa từng có, tổ tiên tộc Roya rơi vào trong hang động ngầm khổng lồ.\nNhưng trong bóng tối vô tận, một lõi lò gầm rú lại từ từ mọc lên-Đó là Kẻ Đường Hầm đã lấy lõi lò của mình ra, hóa thành mặt trời của thế giới ngầm.\nCòn về ▇▇▇▇▇ đã đại chiến với Kẻ Đường Hầm, trong ghi chép đều nói năng mập mờ, có lẽ so với sự đáng sợ của kẻ thù, sự hy sinh của Kẻ Đường Hầm đáng để người Roya ghi nhớ hơn.
lang_multi_text.db	AreaReportContent_Text65	3.4	Hội thoại/Cốt truyện	Hệ thống/Thế giới			【00:02:11】\n在罗伊族的古老传说中，██源自比拉海洛更幽深的所在。\n传说称，那是灾厄的根源，就在现今坠剑湖的下方。\n\n【00:03:49】\n 黑海岸监测确认，██的频率分布异常，出现“双源”结构：\n A 点——拉海洛，周期性出现的████区；\n B 点——坠剑湖底，信号极弱，似受干扰。\n\n【00:05:02】\n科考队沿信号潜入湖底，发现███结构，形态类似████，\n该██倒悬的███相连，主体深植地底，\n██延伸至更上层地质带，推测指向浮光林。\n\n【00:05:44】\n▇▇材质与隧者一致，表层纹理具明显的▇▇特征，仿佛意在▇▇某种存在。\n而来自炉芯的能量流经███，不断注入并滋养着██内部，\n疑似维持着某种封闭系统。\n\n【00:06:22】\n泰缇斯确认：微弱██频率来自██之后。\n研究院进而提出多种假设，主流倾向认为：\n▇▇下方，或存在连结▇▇▇▇的▇▇。▇▇的存在，正是为了断绝▇▇。\n▇▇仅封闭了部分▇▇；另一部分▇▇至拉海洛，以虚质磁暴与▇▇▇的形式继续存在。\n \n【00:07:01】\n若▇▇遭到破坏，离散为双源性的▇▇将重新聚合，\n获得完整形态——那将是……索拉里斯的▇▇。\n\n【00:08:33】\n而根据罗伊族的进一步记载，▇▇之后，正是隧者的来路。\n这条“来路”或许是一道真正意义上的▇▇，连接着▇▇▇▇。\n \n【00:09:10】\n门后的世界究竟为何？\n▇▇▇？宇宙？天空海阻断了我们向上的路；\n这条「向下」之路，也许是唯一的▇。\n\n【00:09:45】\n如其在上，如其在下……\n如▇在上，如▇在下……\n如▇▇上，如▇▇下……\n▇▇▇上，▇▇▇下……\n\n【00:10:00】\n请注意，项目编号“坠剑湖底-阿列夫一”已列入禁入探测区域。\n任何试图接近▇▇的行为，将被视为“主动干涉▇▇”。\n请注意，录音将在「▇▇▇」声后中断。\n\n【00:10:78】\n……如▇……▇▇……如▇……在……▇……\n\n【00:10:66】\n……▇……▇……\n\n【00:10:78】\n……\n\n录音异常终止。	[00:02:11]\nAncient Royan folktales suggest that ██ originates from a place deeper than Lahai-Roi itself.\n\nAccording to legend, it's the root of all disasters in the region, located directly beneath what is now Sundermere.\n\n[00:03:49]\nThe Black Shore's monitoring records confirm an anomalous, dual-source frequency signature for ██:\nPoint A: Lahai-Roi, the site of periodically emerging ████ zones.\nPoint B: The Sundermere lakebed, emitting a faint, heavily distorted signal.\n \n[00:05:02]\nThe expedition team followed the signal to the lakebed and discovered a ███ structure, its form resembling ████.\nThe ██ hangs inverted, connected by ███. Its main body is rooted deep into the ground.\n██ extends toward an upper geological stratum, likely oriented toward Bjartr Woods.\n \n[00:05:44]\n▇▇ material is consistent with that of the Exostrider. Surface patterns show distinct ▇▇ characteristics, as though intended to ▇▇ some presence.\nEnergy from the Reactor Drive flows through the ███, continuously feeding and sustaining whatever lies within ██. This appears to maintain a sealed system.\n \n[00:06:22]\nTethys confirms the faint ██ frequency originates from beyond ██.\nThe Research Institute has proposed several hypotheses. The prevailing theory suggests:\nBeneath ▇▇ lies a ▇▇ that bridges ▇▇▇▇. ▇▇ exists to sever that connection.\n▇▇ only seals part of ██; the remainder disperses toward Lahai-Roi, persisting as Void Storms and ▇▇▇.\n \n[00:07:01]\nIf ▇▇ is damaged, the now-separated dual-source ██ will converge again, regaining its complete form. That would be… Solaris' ▇▇.\n \n[00:08:33]\nFurther Royan records note that beyond ▇▇ lies the path the Exostrider once traversed. This "path" may be a literal ▇▇, linking directly to ▇▇▇▇.\n \n[00:09:10]\nWhat lies beyond the gate?\n▇▇▇? The universe? The Etheric Sea has barred our path upward.\nThis downward route may be the only remaining ▇.\n \n[00:09:45]\nAs above, so below...\nAs ▇ above, so ▇ below...\nAs ▇ above, so ▇ below...\n▇▇▇ above, ▇▇▇ below...\n \n[00:10:00]\nAttention: Project Code "Sundermere Lakebed - Aleph-1" is now classified as a restricted zone.\nAny attempt to approach ▇▇ will be treated as active interference with ▇▇.\nWarning: this recording will terminate after the "▇▇▇" sound.\n \n[00:10:78]\n…as ▇… ▇▇… as ▇… below… ▇…\n \n[00:10:66]\n…▇… ▇…\n \n[00:10:78]\n…\n \nRecording terminated abnormally.	【00:02:11】\nロイ一族の古い伝説によると、██はラハイロイよりもっと深く、神秘的な場所から来たとされている。 伝説では、それこそが災いの元であり、今のサンダーミールの下にあるという。\n\n【00:03:49】\nブラックショアの観測で、██の周波数分布に異常が見つかった。「ダブルオリジン」と呼ばれる構造が現れている。\nA地点：ラハイロイ。████エリアが周期的に現れる場所。\nB地点：サンダーミールの湖底。信号は極めて弱く、何かの干渉を受けているようだ。\n\n【00:05:02】\n調査隊は信号を追って湖底へ潜り、███構造を発見した。 形は████に似ている。その██は、逆さに吊るされた███と繋がっていた。 本体は地底深くに埋まっており、██はさらに上の地層へと伸びて、ビヤートル・ウーズの方を向いていると推測される。\n\n【00:05:44】\n▇▇の材質はエクソストライダーと同じだ。表面にははっきりと▇▇の特徴が見られ、まるで何かを▇▇しようとしているかのようだ。 ドライブからのエネルギーが███を流れ、絶えず██の内部に注ぎ込まれて栄養を与えている。それによって、ある種の「閉じたシステム」を保っているようだ。\n\n【00:06:22】\nテティスによる確認：微弱な██周波数は、██の後ろから来ている。 研究院は多くの仮説を出したが、主な見解は次の通りだ。 ▇▇の下には、もしかすると▇▇▇▇を繋ぐ▇▇があるのかもしれない。▇▇が存在するのは、まさにその▇▇を断ち切るためだ。 だが、▇▇は一部の▇▇を封じ込めたに過ぎない。別の一部の▇▇はラハイロイへ到達し、ヴォイドストームや▇▇▇という形で存在し続けている。\n\n【00:07:01】\nもし▇▇が壊されれば、二つに分かれていた▇▇は再び融合し、完全な姿を取り戻すだろう。 それは……ソラリスの▇▇となる。\n\n【00:08:33】\nロイ一族のさらなる記録によれば、▇▇の後ろこそが、エクソストライダーが通ってきた道だという。 この「道」はおそらく本当の意味での▇▇であり、▇▇▇▇と繋がっている。\n\n【00:09:10】\n門の向こうの世界とは一体何か？ ▇▇▇？ 宇宙？ 天空海は、我々の「上」への道を閉ざしてしまった。この「下」への道こそが、唯一の▇なのかもしれない。\n\n【00:09:45】\n上にあるように、下にもある……\n上に▇▇ように、下にも▇▇……\n上▇▇▇ように、下▇▇▇▇……\n上▇▇▇▇▇▇、下▇▇▇▇……\n\n【00:10:00】\nご注意ください。プロジェクト番号「サンダーミール湖底-アレフ1」は、探査禁止区域に指定されました。 ▇▇に近づこうとする行為はすべて、「▇▇への意図的な干渉」とみなされます。 ご注意ください。録音は「▇▇▇」という音の後に中断されます。\n\n【00:10:78】\n……上▇▇▇▇▇▇、下▇▇▇▇……上▇▇▇▇▇▇、下▇▇▇▇……\n\n【00:10:66】\n……▇……▇……\n\n【00:10:78】\n……\n\n録音が異常終了	[00:02:11]\nTrong truyền thuyết cổ đại của tộc Roya, ██ bắt nguồn từ một nơi sâu thẳm hơn cả Lahai-Roi.\nTruyền thuyết nói rằng, đó là cội nguồn của tai họa, nằm ngay bên dưới Hồ Sundermere hiện tại.\n\n[00:03:49]\nBờ Biển Đen theo dõi xác nhận, phân bố tần số của ██ có sự bất thường, xuất hiện cấu trúc "hai nguồn":\nĐiểm A-Lahai-Roi, khu vực ████ xuất hiện theo chu kỳ;\nĐiểm B-Đáy Hồ Sundermere, tín hiệu cực yếu, dường như bị nhiễu.\n\n[00:05:02]\nĐội khảo sát khoa học lặn xuống đáy hồ theo tín hiệu, phát hiện cấu trúc ███, hình thái giống ████,\n██ này được kết nối bởi ███ treo ngược, phần thân chính cắm sâu dưới lòng đất,\n██ kéo dài đến các dải địa chất tầng trên, suy đoán hướng về Rừng Phù Quang.\n\n[00:05:44]\nChất liệu ▇▇ giống với Kẻ Đường Hầm, kết cấu bề mặt có đặc điểm ▇▇ rõ rệt, dường như nhằm ▇▇ một tồn tại nào đó.\nCòn năng lượng từ lõi lò chảy qua ███, không ngừng truyền vào và nuôi dưỡng bên trong ██,\nNghi ngờ duy trì một hệ thống khép kín nào đó.\n\n[00:06:22]\nTethys xác nhận: Tần số ██ yếu ớt đến từ phía sau ██.\nViện nghiên cứu từ đó đưa ra nhiều giả thuyết, xu hướng chủ đạo cho rằng:\nBên dưới ▇▇, có thể tồn tại ▇▇ kết nối ▇▇▇▇. Sự tồn tại của ▇▇, chính là để cắt đứt ▇▇.\n▇▇ chỉ phong ấn một phần của ██; phần ██ còn lại lan tới Lahai-Roi, tiếp tục tồn tại dưới dạng bão từ chất ảo và ▇▇▇.\n\n[00:07:01]\nNếu ▇▇ bị phá hủy, ██ phân tán thành tính chất hai nguồn sẽ tụ hợp lại,\nĐạt được hình thái hoàn chỉnh-Đó sẽ là... ▇▇ của Solaris.\n\n[00:08:33]\nCòn theo ghi chép xa hơn của tộc Roya, phía sau ▇▇, chính là con đường đến của Kẻ Đường Hầm.\n"Con đường đến" này có lẽ là một ▇▇ theo đúng nghĩa, kết nối với ▇▇▇▇.\n\n[00:09:10]\nThế giới sau cánh cửa rốt cuộc là gì?\n▇▇▇? Vũ trụ? Biển Thiên Không đã chặn đường tiến lên của chúng ta;\nCon đường "đi xuống" này, có lẽ là ▇ duy nhất.\n\n[00:09:45]\nNhư có nó ở trên, như có nó ở dưới...\nNhư ▇ ở trên, như ▇ ở dưới...\nNhư ▇▇ trên, như ▇▇ dưới...\n▇▇▇ trên, ▇▇▇ dưới...\n\n[00:10:00]\nXin lưu ý, mã số dự án "Đáy Hồ Sundermere-Aleph-1" đã được đưa vào khu vực cấm thám hiểm.\nBất kỳ hành vi nào cố gắng tiếp cận ▇▇, sẽ bị coi là "chủ động can thiệp ▇▇".\nXin lưu ý, đoạn ghi âm sẽ bị ngắt sau tiếng "▇▇▇".\n\n[00:10:78]\n...như ▇... ▇▇... như ▇... ở... ▇...\n\n[00:10:66]\n...▇... ▇...\n\n[00:10:78]\n...\n\nĐoạn ghi âm kết thúc bất thường.
lang_multi_text.db	AreaReportContent_Text66	3.4	Hội thoại/Cốt truyện	Hệ thống/Thế giới			发言人：史考特·拉贝尔博士\n时长：00:42:11\n节选段落：00:37:12—00:41:56\n\n———\n\n███的样本分析已经确认，██的材质与██一致。\n浮光林██的能流指向表明，██正借由根系在正在持续被“供给”。\n\n（短暂停顿，轻微的呼吸声）\n\n换言之，██无时不刻不在██着██后的██。这是一种修复与损耗之间的动态平衡。\n一旦这种“供给”出现问题，这种动态平衡将失衡，██后的██将冲出██，并涌入拉海洛。\n《P.C.-LH-R/0987拉海洛阶段性研究简报》表明，「拟岁主」的状况不容乐观。\n做，或有一线生机，不做，我们必败无疑，██的开启是必然的结果。\n不论何时开启、由谁来开启，我们必须做好应对措施。\n\n（台下传来不安的絮语）\n\n岁主借由“共鸣”解限绝非孤例。\n既然我们已经成功证明了「拟岁主」与岁主的高度一致性，\n那么人为地创造「外源性共鸣」，必将是突破「拟岁主」能力上限的最优解。\n要么以我们的双手控制「拟岁主」打开██，主动迎击██后的██，\n或者是我们眼睁睁地看着██突破██，却毫无还手之力。\n显然我们没有选择。\n\n（与会者们的议论声）\n\n我知道，这听起来太像一场豪赌。\n我眼前的，是索拉里斯最出色的头脑，各个学科最出众的领军人物。\n我想……科学的精神，从来都不在确定之中，而在那一步迈向未知的勇气。\n\n因此，我们确立了计划：\n以研究隧者为核心，延伸至航天、生物共鸣与能源体系的联合项目。\n这不仅仅是一次学术尝试，更是一场文明自救的努力。\n\n我在此正式宣布：「极地联合」更名为——「深空联合」。\n与此同时，新的学研机构“星炬学院”也将于拉海洛建成。它将成为███科研的前哨——\n在那里，罗伊人与来自世界各地的学者将一同研究隧者的生物机械特性，培育能与「拟岁主」产生「外源性共鸣」的「███」，\n学院的建立将帮助我们，借由「拟岁主」研究、掌握后悲鸣时代的法则，突破天空海的封锁，到达更遥远的深空与未来。\n相信有朝一日，关于「拟岁主」的研究成果能够坦然公诸于世，惠及整个索拉里斯的人类。\n\n课题组中的学生曾问过我，我们的终点是什么？\n我想，答案很简单——不是重返深空，而是重返敢于仰望未知的勇气。\n\n（掌声，轻微电流杂音）	Speaker: Dr. Scott Rabelle\nDuration: 00:42:11\nExcerpt: 00:37:12 - 00:41:56\n \n_______\n \nThe analysis of ███ samples has confirmed that the ███ material is consistent with that of ███. Energy-flow readings from Bjartr Woods indicate that ███ is continuing to receive a sustained "supply" through its root-like structures.\n \n(Brief pause. Soft breathing audible.)\n \nIn other words, ███ is ceaselessly ███ the ███ behind ███. What we are seeing is a dynamic equilibrium, a tug of war between balance and imbalance. If this "supply" is disrupted, that equilibrium will collapse. The ███ behind ███ will break through and surge into Lahai-Roi. The P.C.–LH–R/0987 Lahai-Roi Interim Research Briefing warns that the condition of the Sentinel Analog is far from optimistic. If we take action now, there may be a sliver of hope. If we do nothing, defeat is certain. The opening of ███ is inevitable. Regardless of when it opens or who opens it, we must be prepared.\n \n(Uneasy murmuring from the audience.)\n \nThe Sentinel unbinding itself through Resonance is not without precedent. And since we have already demonstrated the near-perfect consistency between the Sentinel Analog and a true Sentinel, then artificially inducing Augmented Resonance is our most viable method to push the Sentinel Analog past its natural limits.\n \nEither we actively direct the Sentinel Analog to open ███ and actively confront the ███ beyond it... or we stand by and watch helplessly while ███ shatters ███ and overwhelms us. Obviously, we are left with no other choice.\n \n(Low discussions among attendees.)\n \nI know. It sounds like a reckless gamble. But look around you. You are Solaris’s finest minds. The pioneers of every field. And I believe… the spirit of science has never lived in certainty. It lives in the courage to take that first step into the dark.\n \nThus, we have finalized the plan:\nA unified research initiative centered on Exostrider research, extending into aerospace, biotic resonance, and energy systems. This will not be just another academic project. This is our civilization's initiative to rescue itself.\n \nI hereby announce that the Polar Collective will be renamed the Spacetrek Collective. At the same time, we will establish a new institution in Lahai-Roi: Startorch Academy. It will serve as the forward outpost for ███ research. There, the Roya and scholars from across the world will study the Exostrider's biomechanical nature and cultivate ███ capable of forming Augmented Resonance with the Sentinel Analog.\n \nThrough the Academy, we will research the Analog Sentinel to further our understanding of post-Lament era laws and ultimately break the Etheric Sea's blockade. Together, we will arrive at a deeper space and a more advanced future. And perhaps one day, our findings on the Sentinel Analog can be shared openly, for the benefit of all Solaris.\n \nA student once asked me, "What is our final destination?"\n\nI believe the answer is simple. It's not about returning to the stars. It's about reclaiming the courage to look up at the unknown.\n \n(Applause. Faint electrical static.)	発言者：スコット・ラべル博士\n長さ：00:42:11\n抜粋部分：00:37:12—00:41:56\n\n———\n\n███のサンプルを分析した結果、██の材質が██と同じであることが確認された。ビヤートル・ウーズの██のエネルギーの流れは、██が根を通じて常に「供給」を受けていることを示している。\n\n（短い沈黙、かすかな呼吸音）\n\n言い換えれば、██は休みなく、後ろにある██を██しているということだ。これは「修復」と「消耗」のバランスが取れている状態だと言える。\nもしこの「供給」に問題が起きればバランスは崩れ、後ろの██が突き破ってラハイロイへと雪崩れ込んでくるだろう。\n\n『P.C.-LH-R/0987ラハイロイ段階的研究概要』によれば、「擬似歳主」の状況は楽観できない。\nやれば、わずかな希望はあるかもしれない。やらなければ、我々は間違いなく敗北し、██が開かれるのは避けられない結果となる。\nいつ、誰が開くかに関わらず、我々は対策をしなければならないのだ。\n\n（壇下から不安げな囁きが聞こえる）\n\n歳主が「共鳴」によって制限を解除することは、決して珍しい事例ではない。\n我々がすでに「擬似歳主」と歳主がよく似ていると証明した以上、人工的に「外因性共鳴」を作り出すことこそが、「擬似歳主」の限界を超える一番の方法のはずだ。\n\n我々の手で「擬似歳主」を制御して██を開き、こちらから██の後ろの██を迎え撃つか。\nあるいは、██が██を突破するのをただ指をくわえて見守り、何もできずに終わるか。答えは明らかだ。我々に選ぶ道などない。\n\n（参加者たちのざわめき）\n\n分かっている。これはあまりにも大きな賭けに聞こえるだろう。\nだが、私の目の前にいるのは、ソラリスで最も優れた頭脳、各分野で最も傑出したリーダーたちだ。\n私は思う……科学の精神とは、「決まりきったこと」の中にあるのではない。未知へと踏み出す、その一歩の勇気の中にこそあるのだと。\n\nだからこそ、我々は計画を立てた。\nエクソストライダーの研究を中心に、宇宙飛行、生物共鳴、エネルギー体系へと広がる共同プロジェクトだ。\nこれは単なる学術的な実験ではない。文明が自分を救うための努力なのだ。\n\nここに正式に宣言する。「ポーラー・コレクティブ」は名前を変え――「スペーストレック・コレクティブ」となる。\n同時に、新たな研究機関「スタートーチ学園」もラハイロイに建設される。それは███科学研究の最前線となるだろう。\nそこで、ロイ人と世界中から集まった学者が共にエクソストライダーの特性を研究し、「擬似歳主」と「外因性共鳴」を生み出せる「███」を育てるのだ。\n\n学園の設立は我々に「擬似歳主」を通じて悲鳴の後の時代の法則を理解させ、天空海の封鎖を破り、より遠い宇宙と未来へ到達させてくれるだろう。\nいつか、「擬似歳主」に関する研究成果が堂々と世に公表され、ソラリスの全人類に恵みをもたらすと信じている。\n\n研究室の学生に聞かれたことがある。「我々のゴールはどこなのか」と。\n答えは簡単だ。深宇宙へ帰ることではない。未知を見上げる、あの勇気へ帰ることなのだ。\n\n（拍手、かすかな電流のノイズ）	Người phát ngôn: Tiến sĩ Scott Rabelle\nThời lượng: 00:42:11\nĐoạn trích: 00:37:12-00:41:56\n\n...-\n\nPhân tích mẫu của ███ đã xác nhận, chất liệu của ██ giống với ██.\nHướng dòng năng lượng của ██ ở Rừng Phù Quang cho thấy, ██ đang liên tục được "cung cấp" thông qua hệ rễ.\n\n(Dừng lại một chút, tiếng thở nhẹ)\n\nNói cách khác, ██ luôn luôn ██ ██ phía sau ██. Đây là một sự cân bằng động giữa sửa chữa và hao mòn.\nMột khi sự "cung cấp" này xuất hiện vấn đề, sự cân bằng động này sẽ mất cân bằng, ██ phía sau ██ sẽ xông ra khỏi ██, và tràn vào Lahai-Roi.\n"P.C.-LH-R/0987 Bản tin nghiên cứu giai đoạn Lahai-Roi" cho thấy, tình trạng của "Nghĩ Tuế Chủ" không mấy lạc quan.\nLàm, có thể có một tia hy vọng sống, không làm, chúng ta chắc chắn sẽ thất bại, việc ██ mở ra là kết quả tất yếu.\nBất kể mở ra khi nào, do ai mở, chúng ta phải chuẩn bị sẵn biện pháp đối phó.\n\n(Bên dưới vang lên tiếng thì thầm bất an)\n\nViệc Tuế Chủ giải trừ giới hạn thông qua "cộng hưởng" tuyệt đối không phải là trường hợp cá biệt.\nVì chúng ta đã chứng minh thành công sự đồng nhất cao độ giữa "Nghĩ Tuế Chủ" và Tuế Chủ,\nVậy thì việc tạo ra "cộng hưởng ngoại sinh" nhân tạo, chắc chắn sẽ là cách giải quyết tối ưu nhất để đột phá giới hạn năng lực của "Nghĩ Tuế Chủ".\nHoặc là dùng đôi tay của chúng ta điều khiển "Nghĩ Tuế Chủ" mở ra ██, chủ động nghênh chiến với ██ phía sau ██,\nHoặc là chúng ta trơ mắt nhìn ██ đột phá ██, mà không có sức đánh trả.\nRõ ràng là chúng ta không có sự lựa chọn.\n\n(Tiếng bàn tán của những người tham dự)\n\nTôi biết, điều này nghe giống như một canh bạc lớn.\nTrước mắt tôi, là những bộ óc xuất sắc nhất của Solaris, những nhân vật dẫn đầu nổi bật nhất trong các lĩnh vực.\nTôi nghĩ... Tinh thần khoa học, chưa bao giờ nằm ở trong sự chắc chắn, mà là ở lòng dũng cảm bước một bước về phía những điều chưa biết.\n\nVì vậy, chúng tôi đã thiết lập kế hoạch:\nLấy việc nghiên cứu Kẻ Đường Hầm làm cốt lõi, mở rộng sang dự án liên kết hệ thống hàng không vũ trụ, cộng hưởng sinh học và năng lượng.\nĐây không chỉ là một lần thử nghiệm học thuật, mà còn là một nỗ lực tự cứu của nền văn minh.\n\nTôi chính thức tuyên bố tại đây: "Liên Minh Địa Cực" đổi tên thành-"Liên Minh Không Gian Sâu".\nĐồng thời, tổ chức nghiên cứu học thuật mới "Học Viện Startorch" cũng sẽ được xây dựng tại Lahai-Roi. Nó sẽ trở thành tiền đồn của nghiên cứu khoa học ███-\nTại đó, người Roya và các học giả từ khắp nơi trên thế giới sẽ cùng nhau nghiên cứu các đặc tính cơ sinh học của Kẻ Đường Hầm, nuôi dưỡng "███" có thể tạo ra "cộng hưởng ngoại sinh" với "Nghĩ Tuế Chủ",\nViệc thành lập học viện sẽ giúp chúng ta, thông qua "Nghĩ Tuế Chủ" để nghiên cứu, nắm vững các quy luật của thời đại hậu Bi Minh, đột phá sự phong tỏa của Biển Thiên Không, vươn tới không gian sâu và tương lai xa hơn.\nTin rằng một ngày nào đó, những thành quả nghiên cứu về "Nghĩ Tuế Chủ" có thể tự hào công bố với công chúng, mang lại lợi ích cho toàn bộ nhân loại ở Solaris.\n\nSinh viên trong nhóm nghiên cứu từng hỏi tôi, đích đến của chúng ta là gì?\nTôi nghĩ, đáp án rất đơn giản-Không phải là quay lại không gian sâu, mà là quay lại với lòng dũng cảm dám ngước nhìn những điều chưa biết.\n\n(Tiếng vỗ tay, tiếng nhiễu điện nhẹ)
lang_multi_text.db	AreaReportContent_Text67	3.4	Hội thoại/Cốt truyện	Hệ thống/Thế giới			经多轮协商后，罗伊人与「极地联合」完成磋商，决定围绕冰原上的隧者巨剑、地下坠剑湖与蚀刻平原三地，联合建设科研设施。\n其中，「引日殿」提供了关键性的炉芯运转周期，与磁暴区数据，使得基建规划得以实现；罗伊人中的「牧者」则指挥隧群参与施工与物资运输，确保工程顺利进行。\n在双方协作下，「极地联合」的一期工程——冰原极地科考站，以及依附于隧者巨剑而建的巨型垂直运载电梯「联运椎骨」相继落成。\n与此同时，新联邦亦提供了其最尖端的空间工程技术，于弱重力带建造了环形研究设施——「深空研究院」。「深空研究院」将环绕既定的轨道运行，对隧者留下的巨剑进行进一步的探知与扫描。\n在对隧者及隧群展开非破坏性研究，并与罗伊人提供的数据进行综合比对后，「极地联合」得出下属结论：\n\n其一：关于隧者与岁主的关系：\n隧者与岁主具备高度同源性，但功能存在显著差异，并不具备岁主那种可“晓示预言”、引导文明的知能。\n其优势在于极高的战斗能力、机动性与生物化特性。由此，研究院提出假说：隧者是▇▇▇体系中承担运输与战斗职能的▇▇▇▇▇。\n为区分之，研究院将隧者定义为「拟岁主」。\n\n其二：关于隧者的机体特性：\n在炉芯辐照与催化作用下，脱离隧者躯体的零件会分化为动物类与植物类隧群。\n这些隧群将替代灭绝的动植物，以稳固、维持拉海洛脆弱的生态圈。通过进食与充能，隧群将在能量密度达到最高时回归隧者，并与之融合，修复其受损部分。\n\n然而，罗伊人提供的隧群分化与世代更迭数据表明：这一生物化修复过程并非无限。\n隧群的分化次数存在上限，与人类细胞相似——随着时间推移，其再生间隔不断延长，新生隧群的分化速度逐渐减缓，直至停滞。\n进一步的计算显示：已回归隧者的隧群总量，加上未来可能分化出的隧群数量，仍不足以完成隧者的整体修复。\n这意味着隧群在漫长的世代更迭中损耗严重。部分隧群已确认被虚诞虫吞噬，且有相当数量的零件下落不明。	Following multiple rounds of negotiation, the Roya and the Polar Collective reached an agreement to jointly construct scientific facilities around three key sites: the Exostrider's greatsword on the frostlands, Sundermere in the underground cavern, and the Etching Plains.\n \nThe Solisylum provided critical data on the Reactor Drive's operational cycles and Void Storm zone metrics, enabling large-scale infrastructure planning. Concurrently, Royan Shepherds coordinated the Exoswarm in excavation, transport, and logistical support, ensuring the project's continuous advancement.\n \nThrough this cooperation, the Polar Collective completed the first phase of its expansion: the Frostlands Polar Research Outpost, followed by the completion of the Starward Riseway, a massive vertical transport elevator constructed directly on the Exostrider's greatsword.\n \nAt the same time, the New Federation contributed its most advanced spatial-engineering technology to construct the Spacetrek Research Institute. This ring-shaped facility operates within a local low-gravity band, maintaining a stable orbital trajectory to perform continuous scans and deep-range probing of the greatsword left behind by the Exostrider.\n \nBased on extensive non-invasive analysis of the Exostrider and Exoswarm, combined with data provided by the Roya, the Polar Collective has reached the following conclusions:\n \n1. On the Relationship Between the Exostrider and the Sentinel\nThe Exostrider exhibits extremely high biological homology with the Sentinel, yet its functional profile is sharply divergent. It lacks the Sentinel's cognitive capacity for prophetic insight and civilizational guidance.\n \nIts strengths lie instead in specialized combat capabilities, exceptional mobility, and pronounced biomechanical adaptability. From these traits, researchers propose the hypothesis that the Exostrider is a ███ within the ███ system, fulfilling the roles of transportation and warfare. To distinguish the two, the Institute formally designates the Exostrider as a "Sentinel Analog."\n \n2. On the Physical Nature of the Exostrider\nUnder exposure to and catalysis from the Reactor Drive, components detached from the Exostrider's body differentiate into two classes of Exoswarm entities: animal-type and plant-type. These unique lifeforms replace the extinct fauna and flora of Lahai-Roi, stabilizing and supporting its fragile ecosystem. When sufficiently fed or charged, the Exoswarm return to the Exostrider and fuse back into its frame, repairing damaged sections.\n \nHowever, long-term Royan records on the Exoswarm differentiation and generational cycling reveal that this bio-mechanical restoration process is finite. Like human cells, the Exoswarm possess an upper limit to their number of divisions. Over time, regeneration intervals lengthen, the rate of new differentiation decays, and eventually the process will stop completely.\n \nOur projections are even more concerning. Calculations show that the total number of Exoswarm units that have already been reabsorbed, combined with the maximum potential yield from future differentiation, is still insufficient to achieve the Exostrider's complete structural restoration. This indicates a severe, long-term depletion of the Exoswarm population. While a portion of this loss is accounted for by Voidworm predation, a significant volume of missing components remains unaccounted for.	数度の協議を経て、ロイ一族と「ポーラー・コレクティブ」は合意に達した。氷原にある「エクソストライダー」の巨剣、地下のサンダーミール、そしてエッチングの平原――これら三ヶ所を拠点として、共同で研究施設を建設することになったのである。\nこの計画において、「<ano=太陽の聖殿>ソリサイルム</ano>」は重要なドライブのデータやヴォイドストームの情報を提供し、インフラ整備の実現に大きく貢献した。一方、ロイ一族の「牧者」たちは「エクソスウォーム」を指示して施工や物資輸送を担い、工事を円滑に進めたのである。\n双方の協力のもと、「ポーラー・コレクティブ」の第一期工事は完了した。氷原の極地観測基地、そして巨剣を利用した巨大エレベーター「リンクドスパイン」が相次いで完成したのだ。\n時を同じくして、ネオユニオンも最先端の宇宙工学技術を提供し、弱重力帯に環状の研究施設「スペーストレック研究院」を建造した。この施設は既定軌道を周回しつつ、地上に残された巨剣の探査とスキャンを行っている。\n「ポーラー・コレクティブ」は、エクソストライダーおよびエクソスウォームへの非破壊的研究を行い、ロイ一族から提供されたデータと照合した。その結果、以下の結論が導き出された。\n\n【その一：エクソストライダーと歳主の関係】\nエクソストライダーと歳主は起源において高い類似性を持つ。だがその機能には決定的な違いがある。エクソストライダーには歳主のような「予言」を行い文明を導く知能は備わっていない。\n代わりに、極めて高い戦闘能力、機動力、そして生物学的特性を持つ。研究院はこのことから、以下の仮説を立てた。「エクソストライダーとは■■■体制において輸送と戦闘の役割を担う■■■■■である」。区別のため、研究院はエクソストライダーを「擬似歳主」と定義した。\n\n【その二：エクソストライダーの機体特性】\nドライブの影響と触媒作用により、エクソストライダーの体から離れたパーツは、動物や植物を模した「エクソスウォーム」へと変化する。\nこれらは絶滅した動植物の代替となり、ラハイロイの脆弱な生態系を維持・安定させている。\nエクソスウォームはエネルギーを摂取・蓄積し、満タンになるとエクソストライダーの元へ戻って融合し、損傷箇所を修復する。\nしかし、ロイ一族のデータによれば、この修復プロセスは無限ではない。\n人間の細胞と同様に、分化回数には上限がある。時間の経過とともに再生の間隔は延び、新たなエクソスウォームの生成速度は低下し、やがて停止する。\nさらに計算を進めた結果、衝撃的な事実が判明した。すでに回収されたエクソスウォームと、将来生まれるエクソスウォームをすべて合わせても、エクソストライダーを完全に修復するには不足しているのだ。\n長い世代交代の間に、エクソスウォームは深刻な消耗を強いられてきた。一部はすでに「ヴォイドワーム」に捕食され、多くのパーツが行方不明になっているのである。	Sau nhiều vòng hiệp thương, người Roya và "Liên Minh Địa Cực" đã hoàn thành đàm phán, quyết định cùng nhau xây dựng các cơ sở nghiên cứu khoa học xoay quanh ba địa điểm là thanh kiếm khổng lồ của Kẻ Đường Hầm trên đồng băng, Hồ Sundermere ngầm và Bình Nguyên Ăn Mòn.\nTrong đó, "Đền Dẫn Nắng" đã cung cấp chu kỳ vận hành của lõi lò đóng vai trò then chốt, và dữ liệu khu vực bão từ, giúp cho quy hoạch cơ sở hạ tầng được thực hiện; những "người chăn gia súc" trong tộc Roya thì chỉ huy bầy đường hầm tham gia thi công và vận chuyển vật tư, đảm bảo công trình tiến hành thuận lợi.\nDưới sự hợp tác của hai bên, công trình giai đoạn một của "Liên Minh Địa Cực"-trạm khảo sát khoa học địa cực đồng băng, và thang máy vận chuyển thẳng đứng khổng lồ "Cột Sống Liên Vận" được xây dựng dựa trên thanh kiếm khổng lồ của Kẻ Đường Hầm lần lượt được hoàn thành.\nĐồng thời, Tân Liên Bang cũng đã cung cấp công nghệ không gian tiên tiến nhất của mình, để xây dựng cơ sở nghiên cứu hình vòng-"Viện Nghiên Cứu Không Gian Sâu" tại vành đai trọng lực yếu. "Viện Nghiên Cứu Không Gian Sâu" sẽ vận hành xung quanh quỹ đạo đã định, tiến hành thăm dò và quét sâu hơn về thanh kiếm khổng lồ mà Kẻ Đường Hầm để lại.\nSau khi tiến hành nghiên cứu không phá hủy đối với Kẻ Đường Hầm và bầy đường hầm, đồng thời tiến hành đối chiếu tổng hợp với dữ liệu do người Roya cung cấp, "Liên Minh Địa Cực" đã rút ra các kết luận sau:\n\nThứ nhất: Về mối quan hệ giữa Kẻ Đường Hầm và Tuế Chủ:\nKẻ Đường Hầm và Tuế Chủ có tính đồng nguyên rất cao, nhưng chức năng có sự khác biệt rõ rệt, không sở hữu tri thức có thể "ban lời tiên tri", dẫn dắt nền văn minh như Tuế Chủ.\nƯu thế của nó nằm ở khả năng chiến đấu, tính cơ động và đặc tính sinh học cực cao. Từ đó, viện nghiên cứu đưa ra giả thuyết: Kẻ Đường Hầm là ▇▇▇▇▇ đảm nhận chức năng vận chuyển và chiến đấu trong hệ thống ▇▇▇.\nĐể phân biệt, viện nghiên cứu định nghĩa Kẻ Đường Hầm là "Nghĩ Tuế Chủ".\n\nThứ hai: Về đặc tính cơ thể của Kẻ Đường Hầm:\nDưới sự chiếu xạ và tác dụng xúc tác của lõi lò, các bộ phận tách rời khỏi cơ thể của Kẻ Đường Hầm sẽ phân hóa thành các cá thể bầy đường hầm thuộc loài động vật và thực vật.\nNhững bầy đường hầm này sẽ thay thế các loài động thực vật đã tuyệt chủng, để củng cố, duy trì hệ sinh thái mỏng manh của Lahai-Roi. Thông qua việc ăn và sạc năng lượng, bầy đường hầm sẽ quay về với Kẻ Đường Hầm khi mật độ năng lượng đạt mức cao nhất, và dung hợp với nó, để sửa chữa các bộ phận bị tổn thương.\n\nTuy nhiên, dữ liệu về sự phân hóa của bầy đường hầm và sự thay đổi thế hệ do người Roya cung cấp cho thấy: Quá trình sửa chữa sinh học này không phải là vô hạn.\nSố lần phân hóa của bầy đường hầm có giới hạn, tương tự như tế bào của con người-Cùng với sự trôi qua của thời gian, khoảng thời gian tái sinh của chúng không ngừng kéo dài, tốc độ phân hóa của bầy đường hầm mới sinh dần chậm lại, cho đến khi đình trệ.\nCác tính toán xa hơn cho thấy: Tổng lượng bầy đường hầm đã quay về với Kẻ Đường Hầm, cộng với số lượng bầy đường hầm có thể phân hóa trong tương lai, vẫn không đủ để hoàn thành việc sửa chữa toàn bộ Kẻ Đường Hầm.\nĐiều này có nghĩa là bầy đường hầm bị hao mòn nghiêm trọng trong quá trình thay đổi thế hệ đằng đẵng. Một số bầy đường hầm đã được xác nhận bị Trùng Hư Đản nuốt chửng, và có một số lượng lớn các bộ phận không rõ tung tích.
lang_multi_text.db	AreaReportContent_Text68	3.4	Hội thoại/Cốt truyện	Hệ thống/Thế giới			续页：《隧者机能与炉芯特性补充报告》\n\n通过对拉海洛地下绿洲的进一步勘察与能级监测，课题组确认：\n隧者即便处于休眠状态，仍在以某种自律机制履行着守护拉海洛与罗伊人的本能。\n调查显示，部分隧者的零件并未再分化为具备智能的隧群个体，而是转化为支撑地壳的仿生结构，该结构在地质层中延展交错，形似骨骼脊梁，下文以「壳中之脊」进行代称。其均匀分布于地层的不稳定带，推测在维持拉海洛地壳稳定、传递炉芯产生的能源方面发挥着关键作用。\n\n关于炉芯与隧者机体的关系：\n研究进一步表明，隧者的能源驱动核心——「炉芯」，与其躯干可视为两种不同层级的造物。\n炉芯具备独立于机体的运转能力，其能源特征显示出近乎▇▇的供能潜力，显然属于▇▇▇体系中的高位造物。\n在炉芯日光的照射与催化下，脱离隧者躯体的零件得以启动分化、增殖与修复的过程，最终回归本体。\n然而，炉芯与隧者呈现为某种紧密的连结——一旦隧者个体彻底「死亡」，其对应的炉芯亦将随之寂灭。\n换言之，炉芯并非完全独立的能源结构，而是通过隧者的某种「生命」信号维持活性。\n\n结论与推演\n我们有理由怀疑，即便未来拉海洛现存与潜在的隧群完成回归，隧者的复原程度也难以达到全盛状态。\n而▇▇▇的造物一旦与共鸣者绑定，便能超越其原始形态的上限。对人类而言，若欲与此类古代造物连结、沟通，乃至操控其力量——找到其共鸣者亦成为唯一且必要的解法。	Supplemental Report: Functional Properties of the Exostrider and Reactor Drive\n \nFurther investigations and energy-level diagnostics conducted within the underground haven of Lahai-Roi confirm that, even in a dormant state, the Exostrider continues to fulfill an instinctive, self-regulating drive to safeguard both the region and the Roya.\n \nSurvey data indicate that not all components detached from the Exostrider differentiate into sentient Exoswarm units. A significant portion instead transmutes into bionic structural formations embedded within the geological strata. Branching and interlocking like vertebrae, these formations are now classified as Subcrust Spines. Distributed uniformly across unstable tectonic zones, they are hypothesized to play a crucial role in maintaining crustal integrity and channeling energy derived from the Reactor Drive.\n \nOn the Relationship Between the Reactor Drive and the Exostrider's Body:\nAdditional analysis reveals that the Exostrider's energy-generating nucleus, the Reactor Drive, and its physical chassis represent two distinct tiers of creation.\n \nThe Reactor Drive demonstrates an autonomous operational capacity, exhibiting an energy profile with near-▇▇-level output potential, clearly placing it among the higher-order constructs of the ▇▇▇ system. Under the irradiation and catalytic influence of the Reactor's light, components from the Exostrider initiate division, proliferation, and restorative metamorphosis before ultimately reuniting with the main body.\n \nHowever, despite its autonomous traits, the Drive maintains a profound link with the Exostrider itself: should the Exostrider undergo a complete "death," its corresponding Reactor Drive will inevitably be extinguished as well. This indicates that the Drive is not a wholly independent power source—it remains dependent on a form of "vital signal" emitted by the Exostrider to sustain its activity.\n \nConclusions and Projections:\nCurrent projections suggest that even if all extant and potential Exoswarm units were to complete their return, the Exostrider's restoration would still fall short of its original peak condition.\n \nMoreover, it is indicated that once ▇▇▇'s creations are bound to a Resonator, they can exceed the limitations of their base form. For humanity, this presents a clear directive: any attempt to interface with, communicate with, or harness the power of these ancient constructs depends fundamentally, and perhaps solely, on identifying their rightful Resonator.	補足資料：『エクソストライダーの機能とドライブの特性について』\n\nラハイロイの地下オアシスの調査とエネルギー測定の結果、研究グループは次のことを確認した。 エクソストライダーは休眠状態にあっても、ある種の自動的な仕組みによって、ラハイロイとロイ人を守る本能を果たし続けている。\n\n調査によると、一部のパーツは知能を持つ「エクソスウォーム」には変化せず、地殻を支える生体構造へと変わった。この構造は地層の中で網の目のように広がっており、骨格や背骨に似ているため、以下「殻の中の背骨」と呼ぶ。これは地盤の不安定な場所にまんべんなく広がっており、ラハイロイの大地を安定させ、ドライブのエネルギーを伝える重要な役割を果たしているようだ。\n\nドライブとエクソストライダーの機体の関係について：\n研究により、動力源である「ドライブ」と、その機体は、作られ方のレベルが違うことが分かってきた。ドライブは機体がなくても単独で動くことができ、そのエネルギーは▇▇に近い供給能力を持っている。これは明らかに▇▇▇体系の中でも、より高度な技術で作られたものだ。\n\nドライブの光と作用を受けることで、体から離れたパーツは変化・増殖・修復を始め、最終的には本体へと戻ることができる。しかし、ドライブと機体には深い繋がりがある。もし機体が完全に「死亡」すれば、対応するドライブも機能を停止してしまうのだ。つまり、ドライブは完全に独立しているわけではなく、機体からの何らかの「生命」信号を受け取ることで動いているのである。\n\n結論と推論 \n将来、ラハイロイにある全てのエクソスウォームが本体に戻ったとしても、エクソストライダーが完全な状態まで修復されるのは難しいと考えられる。\n\nしかし、▇▇▇の創造物は「共鳴者」と結びつくことで、本来の限界を超えることができる。 人類がこの古代の遺物と繋がり、心を通わせ、その力を操ろうとするならば―― その「共鳴者」を見つけることこそが、唯一にして絶対の解決策となるだろう。	Trang tiếp: "Báo cáo bổ sung về chức năng Kẻ Đường Hầm và đặc tính lõi lò"\n\nThông qua việc khảo sát thêm và theo dõi mức năng lượng ở ốc đảo ngầm Lahai-Roi, nhóm nghiên cứu xác nhận:\nKẻ Đường Hầm ngay cả khi ở trạng thái nghỉ ngơi, vẫn đang thực hiện bản năng bảo vệ Lahai-Roi và người Roya bằng một cơ chế tự luật nào đó.\nCác cuộc điều tra cho thấy, một phần bộ phận của Kẻ Đường Hầm không phân hóa thành các cá thể bầy đường hầm có trí tuệ nữa, mà chuyển hóa thành cấu trúc sinh học mô phỏng chống đỡ lớp vỏ trái đất, cấu trúc này vươn dài đan xen trong lớp địa chất, hình dạng giống như cột sống, dưới đây sẽ gọi tắt là "cột sống trong lớp vỏ". Nó phân bố đồng đều tại các vùng không ổn định của địa tầng, suy đoán rằng nó đóng vai trò then chốt trong việc duy trì sự ổn định của lớp vỏ trái đất Lahai-Roi, và truyền dẫn nguồn năng lượng do lõi lò tạo ra.\n\nVề mối quan hệ giữa lõi lò và cơ thể Kẻ Đường Hầm:\nNghiên cứu xa hơn cho thấy, lõi dẫn động năng lượng của Kẻ Đường Hầm-"lõi lò", và phần thân của nó có thể được coi là hai loại tạo vật ở cấp độ khác nhau.\nLõi lò có khả năng vận hành độc lập với cơ thể, đặc điểm năng lượng của nó cho thấy tiềm năng cung cấp năng lượng gần như bằng ▇▇, rõ ràng thuộc về tạo vật bậc cao trong hệ thống ▇▇▇.\nDưới sự chiếu sáng và xúc tác của ánh sáng mặt trời từ lõi lò, các bộ phận tách rời khỏi cơ thể của Kẻ Đường Hầm có thể khởi động quá trình phân hóa, tăng sinh và sửa chữa, cuối cùng quay về bản thể.\nTuy nhiên, lõi lò và Kẻ Đường Hầm thể hiện một sự kết nối chặt chẽ nào đó-Một khi cá thể Kẻ Đường Hầm hoàn toàn "chết đi", thì lõi lò tương ứng của nó cũng sẽ lụi tàn theo.\nNói cách khác, lõi lò không phải là một cấu trúc năng lượng hoàn toàn độc lập, mà duy trì tính hoạt động thông qua một loại tín hiệu "sinh mệnh" nào đó của Kẻ Đường Hầm.\n\nKết luận và suy diễn\nChúng ta có lý do để nghi ngờ rằng, ngay cả khi trong tương lai các bầy đường hầm hiện có và tiềm năng của Lahai-Roi hoàn thành việc quay về, mức độ phục hồi của Kẻ Đường Hầm cũng khó có thể đạt đến trạng thái toàn thịnh.\nCòn tạo vật của ▇▇▇ một khi liên kết với Cộng Hưởng Giả, là có thể vượt qua giới hạn hình thái ban đầu của nó. Đối với con người, nếu muốn kết nối, giao tiếp với loại tạo vật cổ đại này, thậm chí kiểm soát sức mạnh của nó-Thì việc tìm thấy Cộng Hưởng Giả của nó cũng trở thành cách giải quyết duy nhất và cần thiết.
lang_multi_text.db	AreaReportContent_Text69	3.4	Hội thoại/Cốt truyện	Hệ thống/Thế giới			星炬学院学生手册·入学指南（节选）\n\n「星炬学院」学生宣言\n于「星炬」之下，我们彼此立约：承续星炬的薪火，与志同道合的伙伴并肩，共拓知识的疆界。每一次对真理的探求，都将化作点亮天幕的星火，直至长夜褪去——我们终将携手，筑就属于我们的黎明。\n\n一、学院学制\n学院实行“2年预科＋4年专精”的培养体系。\n· 预科阶段（前2年）\n除拉贝尔学部的「适格者」外，全体学生须接受跨学科通识教育，内容涵盖基础学科、人文社科及拉海洛必备生存技能。学部分配将于预科结束时，综合学生意向与学业表现统一确定。\n特殊说明：拉贝尔学部的「适格者」自入学即确定学部归属，享有专属培养方案，不参与预科通识课程。\n· 专精阶段（后4年）\n以培养科研专才为目标，鼓励学生融入课题组，践行“学研并进”。学院将为有意留校发展的优秀学子提供全方位支持。\n\n二、学部架构\n星炬学院以「隧者」及拉海洛独特生态为核心研究对象，依研究领域划分为四个学部：\n\n· 拉贝尔学部\n（共感训练学科群／文明协同学科群）\n专注隧者外源性共鸣者的选拔与培养。\n学部以拉贝尔曲线发明者史考特·拉贝尔之名命名，采用严谨量化手段为适格者提供顶尖科研教育，素有“适格者学部”之称。作为学院核心，其研究成果已衍生出多项关键技术，为各学科提供了新的科研基础。学部配备由隧者零件与神经元构建的模拟驾驶舱，可模拟驾驭隧者的同频负荷。为保障安全而研发的适格者监测技术，已通过下属共鸣医疗科转化为“频率医疗”体系，服务于全院师生。\n\n· 隧者工学部\n（机体共融学科群／战术开发学科群）\n聚焦机械共融与战术装备研发。\n学部基于隧者部件的自我增殖特性，开展新型智械与模块化武器研究，并致力于研究实战环境下的模拟验证。该学部同时承担通过外部零件搜寻与人工培育，加速隧者修复进程的重要使命。\n\n· 虚质科学部\n（空间异变学科群）\n探索空间异变与虚质特性。\n学部从隧者研究中开发出一系列的通信与空间锚定技术，以实现跨维定位隧者，以及监测适格者的生命体征。同时，学部以解析「海蚀现象」生成逻辑为核心课题，通过对拉海洛地区虚质磁暴的观测，并辅以对其他地区海蚀现象的数据分析，力求能建立起有效的灾难预警机制。在此领域，学部与黑海岸保持着深度合作。\n\n· 光矩能源学部\n（光能矩阵学科群／生态维持学科群）\n致力于光能转化与生态维序研究。\n光能矩阵学科群通过模拟引日神殿的透镜原理，研究炉光能源的转化与存储，以供给学院内各项设施的驱动；生态维持学科群因研究场所位于“地外之壤”，且研究方向与声态保育密切相关，素有“农学部”之别称。学科群通过隧群的行为学研究，以窥见隧者知能与其代码对拉海洛声态重构的重要作用。\n\n\n三、课程导览\n通识必修\n· 《拉海洛历史》——溯源脚下土地与学院发展历程。\n· 《罗伊文化》——理解原住民社会与传统（罗伊学生可免修，并可担任助教获得额外奖励）。\n· 《实验规范》——科研入门之基石，实验安全的准则。\n· 《保密学习》——严守保密原则，是平稳度过六年学业的重要保障。\n特色选修\n· 《载具训练》——掌握拉海洛通行核心技能\n· 《体能训练》——锻造科研之躯（拉贝尔学部学生必修此课程）\n\n专业课程前瞻\n各学部课程依教学区合理排布，力求高效。拉贝尔学部学生可跨学部修读全部专业课程，培养为复合型顶尖人才——凡能自此体系圆满结业者，皆为毅力与智慧并存的卓越代表。\n晨光为证，意志为炬。每一日的早八打卡，皆是对科研信念的践行。\n\n（本手册内容如有更新，以学院最新通知为准）	Startorch Academy Student Handbook: Orientation Guide (Excerpt)\n \nStartorch Academy Student Declaration\nBeneath the Startorch, we pledge to carry its flame forward, to stand beside kindred minds, and to push back the frontiers of knowledge. Let every quest for truth be a spark against the long night until it fades. Together, we build a dawn that is ours.\n \nI. Academic Programs\nStartorch Academy follows a "Two-Year Preparatory Program + Four-Year Specialization Program" model.\n \na. Preparatory Program (Years 1–2)\nAll students (except Synchronists admitted to Rabelle College) begin with a cross-disciplinary curriculum. You'll cover foundational sciences, humanities, and essential survival skills for life in Lahai-Roi. Your specialized department placement is determined at the end of Year 2, based on your stated interest and academic performance.\n \nSpecial Note: Synchronists within Rabelle College are placed directly into their department upon admission, follow an exclusive training track, and are exempt from the general preparatory coursework.\n \nb. Specialization Program (Years 3–6)\nThis stage is dedicated to cultivating research specialists. You'll be encouraged to join research groups and embrace our "learning-through-research" ethos. Outstanding students aiming for a future within the Academy will receive institutional support.\n \nII. Departments\nStartorch Academy is organized around the study of the Exostrider and Lahai-Roi's unique ecology. Its four departments are as follows:\n \na. Rabelle College (Division of Synchronization Training / Division of Ancient Studies)\nFocused on the selection and training of Augmented Resonators, individuals capable of extra-somatic synchronization with the Exostrider. \n \nNamed after Scott Rabelle, inventor of Rabelle's Curve, the college employs rigorous quantitative methods to cultivate qualified Synchronists. Often referred to as the "Synchronist Department," it functions as the Academy's core, its research providing multiple foundational technologies for other fields.\n \nThe college is equipped with a neural-mechanical simulation cockpit constructed from Exostrider components, capable of replicating synchronization load during piloting. Safety-monitoring technology developed here has been translated by the Resonator Nursing Unit into a "Frequency Therapeutics" discipline, benefiting the entire campus community.\n \nb. Department of Exostrider Engineering (Division of Resonator-Mech Synchronization / Division of Tactical Development)\nSpecializes in mechanical integration and tactical equipment research. \n \nBy harnessing the self-replicating properties of Exostrider components, this department develops new intelligent machinery, modular weapons, and conducts applied testing in simulated combat environments. It also bears the critical mission of accelerating Exostrider restoration through external part retrieval and cultivation.\n \nc. Department of Voidmatters (Division of Spatial Warping)\nDedicated to the study of spatial anomalies and Voidmatter physics.\n \nIts research into the Exostrider has yielded communication and spatial-anchoring technologies, enabling cross-dimensional tracking and Synchronist vital-sign monitoring.\n \nIts central research theme revolves around decoding the genesis of the Waveworn Phenomenon. By observing regional Void Storms and analyzing similar events globally, it aims to build a reliable disaster early-warning system. For this reason, this department works closely with the Black Shores.\n \nd. Department of Light Energy Sciences (Division of Light Array Engineering / Division of Ecology Conservation)\nCommitted to photonic energy conversion and ecological maintenance.\n \nThe Light Array Engineering division investigates energy transformation and storage mechanisms derived from the Solis Lens Array of the Solisylum, generating the Reactor's light that powers Academy operations.\n \nThe Ecology division, situated within Exo Genesis Labs and closely tied to acoustic-ecological conservation, is informally known as the Agronomy Wing. Through the behavioral study of Exoswarm units, researchers aim to understand Exostrider cognition and its role in reshaping Lahai-Roi's Ecoacoustic system.\n \nIII. Course Overview\n \nGeneral Requirements\na. Lahai-Roi History: Trace the story of this land and the Academy's origins.\nb. Royan Culture: Understand indigenous traditions and society. (Roya students may waive this course and serve as teaching assistants for extra credit.)\nc. Laboratory Protocols: The foundation of research practice and laboratory safety.\nd. Confidentiality Studies: Mastering security regulations essential for completing the six-year program.\n \nFeatured Electives\na. Vehicle Operations Training: Master the essential mobility skills required in Lahai-Roi.\nb. Physical Conditioning: Build a body that can support a rigorous mind. (Required for all Rabelle College students.)\n \n \nSpecialization Course Preview\nCourses for each department are arranged by teaching sector to maximize efficiency.  Rabelle College Synchronists may enroll across all departmental tracks, shaping them into versatile, top-tier scholars. Those who complete this pathway are regarded as paragons of perseverance and intellect.\n \nLet the dawn be our witness, and our will, the torch. Each morning's attendance at the 8 o'clock mark is a daily recommitment to the scientific pursuit.\n \n(This guide is subject to updates. Please always refer to the latest official notices from the Academy.)	スタートーチ学園 学生ハンドブック・新入生ガイド（抜粋）\n\n「スタートーチ学園」学生宣言\n「星の明かり」の下、我々は誓う。希望の灯火を受け継ぎ、志を同じくする仲間と肩を並べ、知識の未踏の地を共に切り拓くことを。 真理を求める一歩一歩が空を照らす星の火となり、長き夜が明けるまで――我々は手を取り合い、自分たちの夜明けを築き上げるのだ。\n\n一、学園の制度\n本学園は「プレパラトリー・プログラム2年、専攻4年」の育成システムを採用しています。\n\nプレパラトリー・プログラム（前期2年）\nラベル学部の「適格者」を除き、全学生は幅広い一般教養を学びます。内容は基礎学科、人文社会科学、そしてラハイロイで生き抜くための必須スキルを含みます。 所属する学部はプレパラトリー・プログラム終了時に、本人の希望と成績を総合して決定されます。 特記事項：ラベル学部の「適格者」は入学時点で所属が決まっており、専用の育成プランがあるため、プレパラトリー・プログラムの一般教養課程には参加しません。\n\n専攻段階（後期4年）\n研究の専門家を育てることを目標とし、学生が研究グループに参加して「学びながら研究する」ことを推奨しています。学園に残り、さらに研究を続けたい優秀な学生には、手厚い支援を提供します。\n\n二、学部構成\nスタートーチ学園は「エクソストライダー」とラハイロイ独自の生態系を中心的な研究対象とし、以下の4つの学部に分かれています。\n\nラベル学部（共感訓練学科群／文明協働学科群）\nエクソストライダーの「外因性共鳴者」の選抜と育成に特化した学部です。\n学部名は「ラベル曲線」の発明者スコット・ラべル博士にちなんで名付けられました。厳格な数値基準を用いて適格者に最高レベルの科学教育を行うことから、「適格者学部」とも呼ばれています。 学園の中核として、その研究成果はすでに多くの重要技術を生み出し、各学科に新たな研究基盤を提供しています。学部にはエクソストライダーのパーツと神経回路で作られたシミュレーションコックピットがあり、操縦時の同調負荷を再現できます。 安全のために開発されたモニタリング技術は、下部組織の「共鳴医療科」を通じて「周波数療法」へと応用され、学園全体の健康を守っています。\n\nエクソストライダー工学部（共鳴者-機械同調学科群／戦術開発学科群）\n機械との同調および戦術装備の研究開発に焦点を当てています。\nエクソストライダーのパーツが持つ自己増殖の特性を活かし、新型の知能機械やモジュール化された武器の研究を行い、実戦環境でのシミュレーション検証に取り組んでいます。 また、外部パーツの捜索と人工育成を通じて、エクソストライダーの修復を早めるという重要な使命も担っています。\n\nヴォイドマター学部 （空間異変学科群）\n空間異変とヴォイドマターの特性を探求します。\nエクソストライダーの研究から通信および空間固定技術を開発し、次元を超えた位置特定や適格者のバイタルサインの監視を実現しました。 また、「海蝕現象」の発生メカニズムの解明を最重要課題とし、ラハイロイ地区のヴォイドストーム観測に加え、他地区のデータ分析も行うことで、効果的な災害予報・警報システムの確立に努めています。この分野では「ブラックショア」と深く協力しています。\n\n光エネルギー学部 （ライトアレイ学科群／生態保全学科群）\n光エネルギーの変換と生態系の維持管理に尽力しています。\n「ライトアレイ学科群」はソリサイルムのレンズ原理を模倣し、ドライブエネルギーの変換と貯蔵を研究して、学園内施設への動力供給を担っています。 「生態保全学科群」は研究拠点が「エクソジェネシス・ラボ」にあり、研究内容が生態系の保全と密接に関わっているため、「農学部」という別名で親しまれています。ここではエクソスウォームの行動学研究を通じて、エクソストライダーの知能とそのプログラムが、ラハイロイの生態系再構築に果たす役割を解明しようとしています。\n\n三、カリキュラム案内\n\n一般教養必修\n『ラハイロイ史』：足元の土地と学園の発展の道のりを学びます。\n『ロイ文化』：先住民の社会と伝統を理解します（ロイ人の学生は免除可能。TA（ティーチングアシスタント）を担当することで追加報酬が得られます）。\n『実験規範』：科学研究の基礎であり、実験を安全に行うためのルールです。\n『機密保持学習』：機密保持の原則を守ることは、6年間の学業を無事に終えるための重要な保証となります。\n\n特色ある選択科目\n『乗り物訓練』：ラハイロイでの移動に欠かせないスキルを習得します。\n『体力訓練』：科学研究に耐えうる肉体を鍛えます（ラベル学部の学生は必修）。\n\n専門課程プレビュー\n各学部のカリキュラムは教育エリアに基づいて合理的に配置され、効率化が図られています。 ラベル学部の学生は全学部の専門課程を学部を越えて履修可能であり、複合型のトップエリートとして育成されます。この厳しい課程を修了できた者は皆、不屈の精神と知恵を兼ね備えた傑出した人物と言えるでしょう。\n\n朝の光を証とし、意志を灯火とする。毎朝1限目の出欠確認は、科学研究への信念の実践です。\n\n（本ハンドブックの内容に変更がある場合は、学園の最新通知に従ってください）	Sổ Tay Sinh Viên Học Viện Startorch - Hướng Dẫn Nhập Học (Trích đoạn)\n\nTuyên Ngôn Sinh Viên "Học Viện Startorch"\nDưới ngọn đuốc Startorch, chúng ta cùng nhau lập ước: Tiếp nối ngọn lửa của Startorch, kề vai sát cánh cùng những người bạn đồng chí hướng, cùng nhau mở rộng ranh giới của tri thức. Mỗi một lần khám phá chân lý, đều sẽ hóa thành ngọn lửa nhỏ thắp sáng bầu trời đêm, cho đến khi đêm dài lùi bước - cuối cùng chúng ta sẽ nắm tay nhau, xây dựng nên bình minh thuộc về chúng ta.\n\nI. Chế Độ Học Tập\nHọc viện áp dụng hệ thống đào tạo "2 năm dự bị + 4 năm chuyên sâu".\n- Giai đoạn dự bị (2 năm đầu)\nNgoại trừ những "Thích Cách Giả" của Khoa Rabelle, toàn bộ sinh viên đều phải tiếp nhận giáo dục kiến thức chung liên ngành, nội dung bao gồm các môn cơ bản, khoa học xã hội nhân văn và kỹ năng sinh tồn thiết yếu tại Lahai-Roi. Việc phân khoa sẽ được xác định thống nhất vào cuối giai đoạn dự bị, dựa trên nguyện vọng và thành tích học tập của sinh viên.\nLưu ý đặc biệt: Những "Thích Cách Giả" của Khoa Rabelle sẽ được xác định khoa trực thuộc ngay từ khi nhập học, được hưởng chương trình đào tạo chuyên biệt và không tham gia các khóa học kiến thức chung dự bị.\n- Giai đoạn chuyên sâu (4 năm sau)\nVới mục tiêu đào tạo các chuyên gia nghiên cứu khoa học, khuyến khích sinh viên tham gia vào các nhóm nghiên cứu, thực hành "học đi đôi với hành". Học viện sẽ cung cấp hỗ trợ toàn diện cho những sinh viên xuất sắc có ý định ở lại trường phát triển.\n\nII. Cơ Cấu Khoa\nHọc viện Startorch lấy "Exostrider" và hệ sinh thái độc đáo của Lahai-Roi làm đối tượng nghiên cứu cốt lõi, dựa theo lĩnh vực nghiên cứu được chia thành 4 khoa:\n\n- Khoa Rabelle\n(Nhóm chuyên ngành Huấn Luyện Cộng Cảm / Nhóm chuyên ngành Hiệp Đồng Văn Minh)\nTập trung vào việc tuyển chọn và bồi dưỡng Thích Cách Giả ngoại sinh của Exostrider.\nKhoa được đặt theo tên của người phát minh ra đường cong Rabelle - Scott Rabelle, sử dụng các phương pháp định lượng nghiêm ngặt để cung cấp giáo dục nghiên cứu khoa học hàng đầu cho những Thích Cách Giả, thường được gọi là "Khoa Thích Cách Giả". Là cốt lõi của học viện, các thành tựu nghiên cứu của nó đã tạo ra nhiều công nghệ then chốt, cung cấp nền tảng nghiên cứu khoa học mới cho các chuyên ngành khác. Khoa được trang bị buồng lái mô phỏng được chế tạo từ các bộ phận của Exostrider và tế bào thần kinh, có thể mô phỏng tải trọng đồng tần của việc điều khiển Exostrider. Công nghệ giám sát Thích Cách Giả được phát triển để đảm bảo an toàn, đã được chuyển đổi thành hệ thống "Y Tế Tần Số" thông qua Khoa Y Tế Cộng Hưởng trực thuộc, phục vụ cho toàn thể giáo viên và học sinh của học viện.\n\n- Khoa Kỹ Thuật Exostrider\n(Nhóm chuyên ngành Dung Hợp Cơ Thể / Nhóm chuyên ngành Phát Triển Chiến Thuật)\nTập trung vào nghiên cứu dung hợp cơ khí và trang bị chiến thuật.\nDựa trên đặc tính tự nhân lên của các bộ phận Exostrider, khoa tiến hành nghiên cứu các loại vũ khí mô-đun và cơ khí thông minh mới, đồng thời cam kết nghiên cứu xác minh mô phỏng trong môi trường thực chiến. Khoa này đồng thời đảm nhận sứ mệnh quan trọng là đẩy nhanh quá trình sửa chữa Exostrider thông qua việc tìm kiếm các bộ phận bên ngoài và nuôi cấy nhân tạo.\n\n- Khoa Khoa Học Voidmatter\n(Nhóm chuyên ngành Dị Biến Không Gian)\nKhám phá các đặc tính của Dị Biến Không Gian và Voidmatter.\nTừ nghiên cứu Exostrider, khoa đã phát triển một loạt các công nghệ truyền tin và neo giữ không gian, nhằm thực hiện định vị không gian đa chiều của Exostrider, cũng như theo dõi các dấu hiệu sinh tồn của Thích Cách Giả. Đồng thời, khoa lấy việc giải mã logic tạo ra "Hiện Tượng Waveworn" làm đề tài cốt lõi, thông qua việc quan sát bão từ Voidmatter ở khu vực Lahai-Roi, và kết hợp với việc phân tích dữ liệu về các Hiện Tượng Waveworn ở các khu vực khác, nỗ lực thiết lập một cơ chế cảnh báo thảm họa hiệu quả. Trong lĩnh vực này, khoa duy trì hợp tác sâu rộng với Bờ Biển Đen.\n\n- Khoa Năng Lượng Light Array\n(Nhóm chuyên ngành Ma Trận Quang Năng / Nhóm chuyên ngành Duy Trì Sinh Thái)\nCam kết nghiên cứu chuyển hóa quang năng và duy trì sinh thái.\nNhóm chuyên ngành Ma Trận Quang Năng thông qua việc mô phỏng nguyên lý thấu kính của Solisylum, nghiên cứu việc chuyển đổi và lưu trữ năng lượng ánh sáng lò, nhằm cung cấp năng lượng cho hoạt động của các cơ sở khác nhau trong học viện; Nhóm chuyên ngành Duy Trì Sinh Thái do có địa điểm nghiên cứu nằm ở "Đất Ngoài Trái Đất", và hướng nghiên cứu liên quan mật thiết đến việc bảo tồn trạng thái âm thanh, thường được gọi là "Khoa Nông Nghiệp". Thông qua nghiên cứu hành vi của Exoswarm, nhóm chuyên ngành nhằm tìm hiểu vai trò quan trọng của nhận thức Exostrider và mã của nó đối với việc tái cấu trúc trạng thái âm thanh của Lahai-Roi.\n\n\nIII. Hướng Dẫn Khóa Học\nKiến Thức Chung Bắt Buộc\n- Lịch Sử Lahai-Roi - Truy tìm nguồn gốc vùng đất dưới chân và quá trình phát triển của học viện.\n- Văn Hóa Roya - Hiểu về xã hội và truyền thống của người bản địa (Sinh viên Roya có thể được miễn học và có thể làm trợ giảng để nhận thêm phần thưởng).\n- Quy Phạm Thực Nghiệm - Nền tảng của việc nhập môn nghiên cứu khoa học, các tiêu chuẩn về an toàn thực nghiệm.\n- Học Tập Bảo Mật - Tuân thủ nghiêm ngặt các nguyên tắc bảo mật, là sự đảm bảo quan trọng để vượt qua 6 năm học một cách suôn sẻ.\nKhóa Học Tự Chọn Đặc Biệt\n- Huấn Luyện Phương Tiện - Nắm vững các kỹ năng cốt lõi để đi lại ở Lahai-Roi.\n- Huấn Luyện Thể Lực - Rèn luyện cơ thể để phục vụ nghiên cứu khoa học (Sinh viên Khoa Rabelle bắt buộc phải học khóa này).\n\nTriển Vọng Khóa Học Chuyên Ngành\nCác khóa học của mỗi khoa được sắp xếp hợp lý theo khu vực giảng dạy, nỗ lực đạt hiệu quả cao. Sinh viên Khoa Rabelle có thể học tất cả các khóa học chuyên ngành liên khoa, được đào tạo thành những nhân tài hàng đầu đa năng - Bất cứ ai có thể tốt nghiệp xuất sắc từ hệ thống này, đều là đại diện xuất sắc của sự kiên trì và trí tuệ.\nÁnh bình minh làm chứng, ý chí làm ngọn đuốc. Mỗi ngày điểm danh lúc 8 giờ sáng, đều là sự thực hành niềm tin vào nghiên cứu khoa học.\n\n(Nội dung của sổ tay này nếu có cập nhật, vui lòng lấy thông báo mới nhất của học viện làm chuẩn)
lang_multi_text.db	AreaReportContent_Text7	3.4	Hội thoại/Cốt truyện	Hệ thống/Thế giới			《被复原的告示牌》\n欢迎来到湿地自然公园，景区围绕湿地建设，这里是候鸟迁徙的重要中转站和栖息地，每年都有数万只迁徙的候鸟在此越冬，从当年10月到次年3月均是最佳观鸟季。\n其中两种特殊的鸟类是本地的明星物种，也被统称为羽鹭。它们是大型涉禽，性格温顺，不仅家族成员之间和睦友爱，互相帮助，而且还愿意亲近人类，始终对人类保持着宝贵的信任感。\n因此景区恳请各位游客，请不要随意投喂羽鹭，如果您想为保护羽鹭种群献出爱心，欢迎联系救助站。\n………………\n………………\n不要靠近！不要靠近！不要靠近！\n我不清楚那些鸟到底怎么了，我只知道，那绝对不是符合正常人类认知的鸟类该有的样子！\n如果你觉得这一切都很正常，还想要试着去投喂它们，要么是我疯了，要么就是你疯了！不要被它的样子欺骗了！\n如果我不曾亲眼见过它们同类相食，直到羽毛与鸟喙上沾满鲜血的样子，我同样不会相信那些鬼话……\n它永远饥饿，永远无法满足……不，我到底该称呼“它”，还是“它们”……？	<i>The Restored Bulletin Board</i>\n \nWelcome to the Wetland Nature Park! Centered around a vital wetland reserve, the park serves as an important sanctuary for migratory birds. Every year, tens of thousands of birds use the park as their wintering grounds, with the prime birdwatching season stretching from October to March.\n \nAmong the park's diverse bird species, two unique ones stand out as local stars—known collectively as the Feathered Herons. These large, mild-tempered birds are not only friendly and supportive within their own families but also show a remarkable trust toward humans.\n \nFor their protection, the park kindly asks visitors not to feed the Feathered Herons. If you'd like to help protect these birds, please contact the animal protection center.\n \n...\n...\n \nDO NOT APPROACH THEM!!!\n \nI don't know what's wrong with these birds, but I know they are not acting as they should!\n \nIf you think this is normal and still try to feed them, either I'm out of my mind or you are! Don't be fooled by their appearance!\n \nIf I hadn't seen it with my own eyes—how they eat their own kind, their feathers and beaks stained with blood—I wouldn't believe those rumors either...\n \nIt's always hungry, always insatiable... No, should I say "it" or "them"...?	『復元された掲示板』\n湿地自然公園へようこそ。この観光エリアは湿地を中心に構成されています。ここは渡り鳥の重要な中継地および生息地で、毎年数万羽の渡り鳥がここで越冬します。観察に最適なシーズンは、10月から翌年3月です。\n中でも、2種類の特色ある鳥は地元のシンボルで、羽サギと呼ばれています。大型の水鳥で温和な性格の羽サギは、家族間で仲良く助け合うほか、人間にも親しみを持ち、常に特別な信頼感を抱いています。\n観光客の皆様には、観光スポットでは羽サギにむやみに餌を与えないようお願いいたします。羽サギの保護にご協力いただける方は、ヘルプステーションまでご連絡ください。\n………………\n………………\nどうか！お願い！近づかないで！\n詳しいことは分からないが、鳥という枠から外れていることだけは確かだ！\n普通の鳥だと思って奴に餌を与えるつもりなら、私かあなたのどちらかが狂っているとしか思えない！見た目に騙されちゃだめだ！\n過去に奴らが羽とくちばしを血に染めながら共食いをするのを目の当たりにしたことがなければ、こんな恐ろしい話を信じることもなかっただろう……\n奴は永遠に飢えていて、満たされることなどない……いや、あれは「奴」と呼ぶべきか、それとも「奴ら」と呼ぶべきか……？	«Biển Báo Được Phục Hồi»\nChào mừng bạn đến với công viên tự nhiên đất ngập nước, khu thắng cảnh được xây dựng xung quanh vùng đất ngập nước, đây là một trạm trung chuyển và môi trường sống quan trọng cho chim di cư, mỗi năm có hàng chục ngàn con chim di cư qua mùa đông ở đây, từ tháng 10 năm đó đến tháng 3 năm sau là mùa quan sát chim tốt nhất.\nTrong đó có hai loài chim đặc biệt là loài chim ngôi sao của địa phương, cũng được gọi chung là Vũ Lộ. Chúng là loài chim lội nước cỡ lớn, tính tình ôn hòa, không chỉ các thành viên trong gia đình hòa thuận, yêu thương, giúp đỡ lẫn nhau, mà còn sẵn sàng gần gũi với con người, luôn giữ được lòng tin quý giá đối với con người.\nVì vậy khu thắng cảnh xin quý khách, xin đừng tùy ý cho Vũ Lộ ăn, nếu như ngài muốn hiến dâng lòng yêu thương để bảo vệ quần thể Vũ Lộ, xin hoan nghênh liên hệ trạm cứu hộ.\n..................\n..................\nĐừng tới gần! Đừng tới gần! Đừng tới gần!\nMình không rõ mấy con chim đó rốt cuộc đã xảy ra chuyện gì, mình chỉ biết, đó tuyệt đối không phải là dáng vẻ mà loài chim phù hợp với nhận thức của người bình thường nên có!\nNếu bạn cảm thấy tất cả mọi thứ đều rất bình thường, mà còn muốn thử đi đút cho chúng nó ăn, hoặc là mình điên rồi, hoặc là bạn điên rồi! Đừng để bộ dạng của nó đánh lừa!\nNếu như không phải mình tận mắt nhìn thấy chúng ăn thịt đồng loại, cho đến khi máu tươi dính đầy lông chim và mỏ chim, thì mình cũng sẽ không tin những lời quỷ quái đó...\nNó mãi mãi đói khát, mãi mãi không thể thỏa mãn... Không, mình rốt cuộc nên gọi là "nó", hay là "chúng nó"...?
lang_multi_text.db	AreaReportContent_Text70	3.4	Hội thoại/Cốt truyện	Hệ thống/Thế giới			各位代表、黑海岸的诸位、罗伊的昭日者们，以及《先行公约》的见证者们：\n今天我们聚集于此，不仅是为了一座学院的奠基，更是为文明的存续寻找一条可期的道路。请允许我通过三个关键认知，阐明星炬学院建立的原因。\n\n第一，危机近在眼前。\n在座的各位，尤其是罗伊人的诸位最是清楚：拉海洛此刻正如置于高墙上的鸟卵，所有生灵皆依存于炉芯的运转。然而炉芯的能量并非永恒，此地的海蚀现象更证明危机从未远离。我们已探明▇▇的真相，知晓那文明之大敌仍在暗处蛰伏。而担负着守护之责的隧者，虽具备强大的自我修复能力，其生物机制却存在极限——隧群分化正在减缓，现存零件已不足以修复其本体。更严峻的是，大量隧群已被▇▇▇吞噬。即便隧者再度苏醒，也无力独自迎战。\n\n第二，我们唯一的出路，是以共鸣唤醒隧者，并增强其力量。\n众所周知，共鸣能极大激发目标潜能，但依赖自然发生的共鸣既不可控，也不可靠。而进行强制的人造共鸣者的实验，则从根本上违背生而为人的伦理。我们不愿将命运寄托于“偶然”，而应选择以科技实现确定性——通过外置机械装置建立意识链接，实现与隧者的「外源性共鸣」。请诸位放心，我们已掌握初步技术，并完成多轮验证。\n诸位手中的资料显示，过去三年的实验中，我们已取得阶段性突破。这证明我们所走之路正确。虽然共鸣会带来负担，但通过对适格者的系统培育，我们定能塑造出完美的桥梁，连接人类与隧者。唯有依靠他们，才能启动隧者，放逐▇▇，彻底解决此地的问题。\n\n第三，星炬学院将成为适格者的摇篮，也是我们共同希望的载体。\n我们已在对隧者的研究中发现明确规律，通过“拉贝尔曲线”的测定，可筛选出具备共鸣潜质的适格者。为系统培养这些种子，并持续提升其适配性，我们决定创立这所学院，面向世界选拔人才，同时汇聚各界精英，共同研发稳定的外源性共鸣技术，以探索对抗▇▇▇、应对▇▇威胁的多元路径。\n这一切，离不开罗伊人——这片土地真正主人的智慧与协作。我们需要各位的计算天赋，与关于隧者、隧群的深厚知识。请相信，我们的路途方向相同，而学院的大门会永远为你们敞开。\n我也恳请各地区代表信任并支持我们。这座学院所孕育的每一份成果，都将回馈于每一位支持者，在更广阔的领域创造价值。\n罗伊人，朋友们，你们守护这片土地已历久远之时；各位代表，你们手中握着人类的未来之重。星炬学院不只是一所学府，更是文明与文明的纽带，是照亮长夜的灯塔。让我们共同点燃这座星炬——为了拉海洛的黎明，也为了所有在此共生的生命。\n\n谢谢各位。	Esteemed delegates, honored members of the Black Shores, revered Royan Solsworns, and witnesses of the Pioneer Association:\n \nToday, we gather not merely to lay the foundation for an Academy, but to seek a viable path for the continuation of civilization itself. Allow me to express the purpose of Startorch Academy through three essential recognitions.\n \nFirst, the crisis is already upon us.\n \nEveryone in this room knows this, especially our Royan friends. Lahai-Roi now rests like an egg perched upon a high wall, with all life dependent on the Reactor Drive's operation. But its energy is not eternal, and the worsening Waveworn Phenomena remind us that danger has never truly receded.\n\nOur investigations have uncovered the truth behind ▇▇, revealing that the great enemy of civilization still lurks in the dark. Though the Exostrider's duty is to protect, and its self-regenerative mechanisms remain formidable, its biological processes do have limits. \n\nExoswarm differentiation has slowed. Existing components are no longer enough to restore its body. Worse still, vast numbers of Exoswarm have already been consumed by ▇▇▇. Even if the Exostrider were to awaken tomorrow, it could no longer fight alone.\n \nSecond, our only road forward is to awaken the Exostrider through Resonance and to amplify its power.\n \nAs we all know, Resonance can greatly amplify the potential of its target. But Resonance that occurs naturally is unreliable and cannot be controlled, while forced artificial Resonators violate the most fundamental principles of human ethics. We cannot build our future on chance. We must pursue certainty through science. By using external mechanical apparatuses, we can establish a cognitive link and achieve Augmented Resonance with the Exostrider. Be assured, everyone, that the foundational technology is already in our hands, and rounds of successful verification have been completed.\n \nAs the data before you shows, we have made measurable breakthroughs in the last three years. This confirms our direction is correct. Though resonating with the Exostrider places a burden on its wielder, systematic training will allow qualified Synchronists to become the ideal bridge, one capable of activating the Exostrider, repelling ▇▇, and resolving the threat that hangs over this land.\n \nThird, Startorch Academy will become the cradle of these Synchronists and the vessel of our shared hope.\n \nOur research has revealed a clear pattern. Through the measurement of Rabelle's Curve, we can identify individuals with Resonance potential.\nTo cultivate these candidates, enhance their compatibility, and sustain ongoing research, we established this Academy, open to talent from across the world, uniting experts from every field. Here, we will refine stable Augmented Resonance technology and develop diverse strategies to counter ▇▇▇ and withstand the looming threat of ▇▇.\n \nNone of this would be possible without the Roya, the true stewards of this land. Your computational gifts, your profound knowledge of the Exostrider and the Exoswarm, are indispensable. Trust that our direction aligns with yours, and that the doors of this Academy will remain open to you always. \n\nTo every delegate here today: I ask for your trust and your support. Every achievement born within these walls will return to those who stood with us, creating value far beyond these borders.\n \nMy Royan friends, you have safeguarded this land for generations. Esteemed delegates, you carry the weight of humanity's future on your shoulders. Startorch Academy is not simply an institution of learning. It is a bridge between civilizations. It is the lighthouse we light against the long night. Let us ignite this Startorch together—for the dawn of Lahai-Roi, and for every life that calls this world home.\n \nThank you.	各代表の皆様、ブラックショアの皆さん、ロイ一族の「<ano=太陽に契りし者>ソル・スウォーン</ano>」、そして先駆条約の皆様。\n\n本日私たちがここに集まったのは、単に学園の礎を築くためだけではありません。文明を存続させるための、希望の道を探すためでもあります。 なぜ今、「スタートーチ学園」が必要なのか。その理由を3つの点から説明させてください。\n\n第一に、危機は目前に迫っています。 ここにいる皆様、特にロイ人の皆様が最もよくご存じでしょう。ラハイロイは今、塀の上に置かれた卵のように危うい状態にあり、すべての生命は「ドライブ」の稼働に頼っています。 しかし、ドライブのエネルギーは永遠ではありません。この地で起きている「海蝕現象」は、危機が決して遠くないことを証明しています。\n\n我々はすでに▇▇の真相を解明し、あの文明の大敵が依然として暗闇に潜んでいることを知っています。 守護者である「エクソストライダー」は強力な自己修復能力を持っていますが、その生物的な仕組みには限界があります。「エクソスウォーム」が生まれる速度は落ちており、今のパーツだけでは本体を直すのに足りません。さらに深刻なのは、大量のエクソスウォームがすでに▇▇▇に飲み込まれてしまっていることです。 たとえエクソストライダーが再び目覚めたとしても、単独で敵を迎え撃つ力はないのです。\n\n第二に、我々の唯一の活路は、「共鳴」によってエクソストライダーを目覚めさせ、その力を強めることです。 ご存知の通り、共鳴は対象の潜在能力を最大まで引き出せますが、自然に発生する共鳴は制御できず、頼りになりません。かといって、無理やり人造の共鳴者を作る実験は、人の道に外れています。\n\n我々は運命を「偶然」に任せることはしません。科学技術によって「確実」にすることを選びました。 それは、外部の機械を通じて意識をリンクさせ、エクソストライダーとの「外因性共鳴」を実現することです。ご安心ください。我々はすでに基礎技術を確立し、数回にわたる検証を終えています。 お手元の資料にある通り、過去三年の実験で段階的な突破口を開きました。これは我々の道が正しいことの証明です。\n\n共鳴は体に負担をかけますが、「適格者」を系統的に育成することで、人類とエクソストライダーを繋ぐ完璧な架け橋を必ず築けるでしょう。 彼らの力があってこそ、エクソストライダーを起動し、▇▇を追い払い、この地の問題を根本から解決できるのです。\n\n第三に、スタートーチ学園は適格者の揺り籠となり、我々の共通の希望となります。 我々はすでにエクソストライダーの研究で明確な法則を見つけており、「ラベル曲線」の測定を通じて、共鳴の素質を持つ適格者を選び出すことができます。 この才能ある種を体系的に育て、適合性を高め続けるため、我々はこの学園を創設しました。 世界中から人材を選び、各界のエリートを集め、安定した共鳴技術を共同開発し、▇▇▇に対抗するための様々なルートを探すことを決めたのです。\n\nこれらすべては、ロイ人――この土地の主の知恵と協力なしには成り立ちません。 我々は皆様の計算における才能と、エクソストライダーやエクソスウォームに関する深い知識を必要としています。 どうか信じてください。我々の進む方向は同じであり、学園の門は永遠に皆様のために開かれています。\n\nまた、各地区の代表の皆様にも、我々を信頼し支持していただくようお願いいたします。この学園が生むすべての成果は、支持者の皆様一人ひとりに還元され、より広い分野で価値を生み出すでしょう。\n\nロイ人の皆様、我々の友よ、あなた方は遥か昔からこの土地を守ってきました。各代表の皆様、あなた方は人類の未来の重みをその手に握っています。\n\nスタートーチ学園は単なる学び舎ではありません。文明と文明の絆であり、長き夜を照らす灯台なのです。 共にこの「トーチ」を点しましょう――ラハイロイの夜明けのために、そしてここで共に生きるすべての命のために。\n\nご清聴ありがとうございました。	Kính thưa các đại biểu, các vị của Bờ Biển Đen, những người Solsworn của Roya, và những người chứng kiến Hiệp Ước Tiên Phong:\nHôm nay chúng ta tụ họp tại đây, không chỉ vì việc đặt nền móng cho một học viện, mà còn là để tìm kiếm một con đường khả thi cho sự tồn tại của nền văn minh. Xin cho phép tôi thông qua ba nhận thức then chốt, làm rõ lý do thành lập Học viện Startorch.\n\nThứ nhất, khủng hoảng đang ở ngay trước mắt.\nMọi người ở đây, đặc biệt là những người Roya hiểu rõ nhất: Lahai-Roi lúc này giống như quả trứng đặt trên bức tường cao, mọi sinh linh đều phụ thuộc vào sự vận hành của Lõi Lò. Tuy nhiên, năng lượng của Lõi Lò không phải là vĩnh cửu, hiện tượng Waveworn ở đây càng chứng minh rằng khủng hoảng chưa bao giờ rời xa. Chúng ta đã khám phá ra sự thật về ▇▇, biết rằng kẻ thù lớn của nền văn minh đó vẫn đang ẩn nấp trong bóng tối. Còn Exostrider mang trọng trách gánh vác việc bảo vệ, mặc dù có khả năng tự phục hồi mạnh mẽ, nhưng cơ chế sinh học của nó lại có giới hạn - sự phân hóa Exoswarm đang chậm lại, các bộ phận hiện có không đủ để sửa chữa bản thể của nó. Nghiêm trọng hơn, một lượng lớn Exoswarm đã bị ▇▇▇ nuốt chửng. Cho dù Exostrider có thức tỉnh một lần nữa, cũng không đủ sức một mình nghênh chiến.\n\nThứ hai, lối thoát duy nhất của chúng ta, là đánh thức Exostrider bằng sự cộng hưởng, và tăng cường sức mạnh của nó.\nNhư chúng ta đã biết, cộng hưởng có thể kích thích tiềm năng của mục tiêu một cách to lớn, nhưng việc dựa vào cộng hưởng tự nhiên vừa không thể kiểm soát, vừa không đáng tin cậy. Còn việc tiến hành các thí nghiệm cưỡng bức Thích Cách Giả nhân tạo, thì về cơ bản là vi phạm đạo đức con người. Chúng ta không muốn giao phó vận mệnh cho "sự tình cờ", mà nên chọn cách hiện thực hóa sự chắc chắn bằng khoa học công nghệ - thông qua thiết bị cơ khí bên ngoài để thiết lập liên kết ý thức, thực hiện việc "cộng hưởng ngoại sinh" với Exostrider. Xin mọi người yên tâm, chúng ta đã nắm vững công nghệ bước đầu, và đã hoàn thành nhiều vòng xác minh.\nTài liệu trong tay mọi người cho thấy, trong các thí nghiệm ba năm qua, chúng ta đã đạt được những đột phá theo từng giai đoạn. Điều này chứng minh rằng con đường chúng ta đang đi là đúng đắn. Mặc dù sự cộng hưởng sẽ mang lại gánh nặng, nhưng thông qua việc bồi dưỡng có hệ thống cho Thích Cách Giả, chúng ta nhất định có thể tạo ra một cây cầu hoàn hảo, kết nối con người và Exostrider. Chỉ có dựa vào họ, mới có thể khởi động Exostrider, trục xuất ▇▇, giải quyết triệt để vấn đề ở đây.\n\nThứ ba, Học viện Startorch sẽ trở thành cái nôi của những Thích Cách Giả, cũng là vật mang hy vọng chung của chúng ta.\nChúng ta đã phát hiện ra các quy luật rõ ràng trong việc nghiên cứu Exostrider, thông qua việc đo đạc "đường cong Rabelle", có thể sàng lọc ra những Thích Cách Giả có tiềm năng cộng hưởng. Để bồi dưỡng có hệ thống những hạt giống này, và liên tục nâng cao khả năng thích ứng của họ, chúng ta quyết định thành lập học viện này, tuyển chọn nhân tài hướng ra toàn thế giới, đồng thời tập hợp các tinh anh từ mọi tầng lớp, cùng nhau nghiên cứu và phát triển công nghệ cộng hưởng ngoại sinh ổn định, để khám phá nhiều con đường chống lại ▇▇▇, đối phó với mối đe dọa từ ▇▇.\nTất cả những điều này, không thể tách rời khỏi trí tuệ và sự hợp tác của người Roya - chủ nhân thực sự của vùng đất này. Chúng ta cần tài năng tính toán của các bạn, cùng kiến thức sâu sắc về Exostrider và Exoswarm. Xin hãy tin rằng, hướng đi của chúng ta là giống nhau, và cánh cửa của học viện sẽ luôn mở rộng chào đón các bạn.\nTôi cũng khẩn thiết yêu cầu đại diện các khu vực tin tưởng và ủng hộ chúng tôi. Mỗi một thành quả mà học viện này ấp ủ, đều sẽ được đền đáp cho mỗi người ủng hộ, tạo ra giá trị trong một lĩnh vực rộng lớn hơn.\nNgười Roya, các bạn của tôi, các bạn đã bảo vệ vùng đất này từ rất lâu rồi; các vị đại biểu, trong tay các bạn đang nắm giữ sức nặng tương lai của nhân loại. Học viện Startorch không chỉ là một trường học, mà còn là sợi dây liên kết giữa các nền văn minh, là ngọn hải đăng thắp sáng đêm dài. Hãy cùng nhau thắp sáng ngọn đuốc Startorch này - vì bình minh của Lahai-Roi, và vì tất cả những sinh mệnh đang cùng chung sống ở đây.\n\nCảm ơn mọi người.
lang_multi_text.db	AreaReportContent_Text71	3.4	Hội thoại/Cốt truyện	Hệ thống/Thế giới			“这里是……‘罗德尔’。”\n“我们在冰原之上遭遇了未曾预测到的异象：雪崩与地陷频发，冰原的裂隙处闪烁着诡异而强烈的地光……在那光芒之上，我们目击到一片幻谲的虚障……此后不久，我们便正面遭受了‘无形风暴’的袭击。”\n“巨大的呼啸与轰鸣自地光所在的方位席卷而来，无形的风暴将我们包裹……我们虽然尽可能快速地转移到了这处安全的洞窟……但……”\n“目前，除我以外的科考队成员……已全部遇难……更准确地来说……是‘全部消失’了……”\n“在这个相对安全的地方，我遵科考队成员们最后的遗愿，将他们的终端全部保存于此，其中记录了有关这场灾难的重要数据，务必回收。“\n“而我本人也因那‘灾难’的影响，逐渐丧失了行动能力，余下的体力，也无法支撑我回归研究院。所以……我决定，在最后的这段时间里，利用研究院的终端，记录下我的身体与频率所产生的一切变化。希望这段记录，能够为后来者，提供些许破解灾难的启示……”\n“拜托了，希望这个终端……能比我坚持得更久……”\n“身体机能一切正常，但……我感受到……自己的身体正在变得越来越轻盈……“\n“终端似乎也%……&*受到了影响……有了杂音%……&”\n“……身体……似乎%……&正在变得透明……”\n“￥%……&无……&*法触（*……%&碰任……&何#￥%……物……”\n“……&*完全……看不到%……&了……#￥%*……“\n“#%%……&但……我%……&*能&*#￥%……思考…￥%………我还%……存在……”\n“￥%……*思&维#￥也#……&%在远去……”\n“共赴……&*深@#^$#*空@#的$!$#……*盗%……火者%……￥&须以￥%……自身为￥%……&炬……愿￥%…人%类…&永%^&存……*”	"This is… Roald."\n \n"We encountered an unforeseen phenomenon on the frostlands. Avalanches, sudden sink holes, fissures shimmering with a strange, violent geolight… and above that radiance, we saw an illusory veil hanging in the air. Not long after, we were hit head-on by what I can only call an 'Invisible Storm.'"\n \n"A… a roar came from the direction of the light. This storm just… wrapped around us. We managed to fall back to this cavern. It's the only safe spot. But…"\n \n"At present, all members of the expedition team... everyone except me... are dead. Or… more accurately… they've all 'disappeared.'"\n \n"I've secured all their Terminals here in this refuge. It was their final wish. The data on them about the phenomenon is critical. It must be recovered."\n \n"As for myself... the effects of that 'calamity' have left me unable to move. I don't have the strength to make it back to the Institute. So… for whatever time I have left, I'm using the field Terminal to log every change in my body and frequency. I hope it gives those who come next a clue about whatever it is we're facing..."\n \n"Please... let this Terminal outlast me."\n \n"Physical functions... normal. But... I feel my body becoming lighter. Like I'm drifting..."\n \n"The Terminal seems to be %...&* compromised... Interference %...& growing..."\n \n"...My body... appears to %...& be turning transparent..."\n \n"￥%...&un...&able t—(*...%& to touch... any#￥%... thing..."\n \n"...&*can't... see anything%... &now... #￥%*..."\n \n"#%%...&but... I %...&*can&*#￥%... still think... ￥%... I still%... exist..."\n \n"￥%... *my&consciousness#￥#...&% slipping... away..."\n \n"Carry... this spark... &*star@#……￥#*ward@#we$!$#... *as%... torch%... ￥&bearers￥%... May￥%... hum%anity... &always%%^&prevail...*"	「こちら……『ローデル』」\n「我々は氷原で、予想外の異変に遭った。雪崩と崩落が続き、氷の裂け目からは不気味で強烈な光が点滅していた……その光の上に、幻のような『障壁』を見た……直後、我々は『見えざる嵐』の直撃を受けたのだ」\n「凄まじい叫びと轟音が光の方から押し寄せ、見えない嵐が我々を飲み込んだ……。急いでこの安全な洞窟へ逃げ込んだが……しかし……」\n「現在、私以外の調査隊員は……全員遭難した……いや、正確には……『全員消えて』しまった……」\n「ここは比較的安全だ。私は仲間の遺志を継ぎ、彼らのデバイスをすべてここに残す。この災難に関する重要なデータが入っている。必ず回収してくれ」\n「そして私自身も、あの『災難』の影響で、だんだんと動けなくなってきている。残った体力では、もう研究院には戻れない。だから……私は決めた。最期の時間を使って、このデバイスに、私の体と周波数に起きる変化をすべて記録する。この記録が、後に続く者たちにとって、災難を解明するヒントになることを願って……」\n「頼んだぞ。せめてこのデバイスが……私よりも長く持ってくれることを祈る……」「体の機能はすべて正常だ。だが……感じる……自分の体が、どんどん軽くなっていくのを……」\n「デバイスも%……&*影響を受けているようだ……ノイズが%……&」「……体が……まるで%……&透き通っていくようだ……」\n「￥%……&何……&も（……%&触れら……&ない#￥%……」\n「……&完全に……見えなく%……&なった……#￥%……」\n「#%%……&だが……私%……&は&#￥%……考えられる…￥%………私はまだ%……ここにいる……」\n「￥%……*意&識#￥も#……&%遠のいていく……」\n「宇……&*宙の@#^$#*奥で@#火種を$!$#……追い%……求める者よ%……￥&その身を￥%……燃やし￥%……&道しるべと……なれ……願わくは￥%…人%類が…&永%^&遠に……」	"Đây là... 'Roald'."\n"Chúng tôi đã gặp phải một hiện tượng dị thường không lường trước được trên vùng băng giá: Lở tuyết và sụt lún xảy ra thường xuyên, tại các vết nứt của vùng băng giá nhấp nháy ánh sáng địa lý kỳ lạ và dữ dội... Bên trên ánh sáng đó, chúng tôi đã chứng kiến một màn chắn ảo ảnh kỳ ảo... Không lâu sau đó, chúng tôi đã hứng chịu một trận tấn công trực diện của 'Cơn bão vô hình'."\n"Tiếng gầm rú và tiếng nổ ầm ầm khổng lồ cuồn cuộn kéo đến từ hướng có ánh sáng địa lý, cơn bão vô hình đã bao trùm lấy chúng tôi... Mặc dù chúng tôi đã cố gắng di chuyển nhanh nhất có thể đến hang động an toàn này... nhưng..."\n"Hiện tại, ngoại trừ tôi, các thành viên khác của đội khảo sát khoa học... đều đã thiệt mạng... nói chính xác hơn... là 'đều đã biến mất' rồi..."\n"Tại nơi tương đối an toàn này, tôi tuân theo di nguyện cuối cùng của các thành viên trong đội khảo sát, giữ lại toàn bộ thiết bị đầu cuối của họ ở đây, trong đó có ghi lại những dữ liệu quan trọng về thảm họa này, nhất định phải thu hồi."\n"Và bản thân tôi cũng vì ảnh hưởng của 'thảm họa' đó, dần dần mất đi khả năng hành động, thể lực còn lại cũng không thể chống đỡ để tôi trở về Viện nghiên cứu. Vì vậy... tôi quyết định, trong khoảng thời gian cuối cùng này, sử dụng thiết bị đầu cuối của Viện nghiên cứu, ghi lại mọi sự thay đổi của cơ thể và tần số của tôi. Hy vọng đoạn ghi âm này, có thể cung cấp một chút gợi ý để giải mã thảm họa cho những người đến sau..."\n"Nhờ cả vào cậu, hy vọng thiết bị đầu cuối này... có thể trụ được lâu hơn tôi..."\n"Mọi chức năng cơ thể đều bình thường, nhưng... tôi cảm thấy... cơ thể của mình đang trở nên ngày càng nhẹ nhàng..."\n"Thiết bị đầu cuối dường như cũng%...&* bị ảnh hưởng... Có tạp âm%...&"\n"...Cơ thể... dường như%...& đang trở nên trong suốt..."\n"￥%...&Không...&* thể chạm(*...%& vào bất...& cứ#￥%... vật gì..."\n"...&*Hoàn toàn... không nhìn thấy%...& nữa rồi...#￥%*..."\n"#%%...&Nhưng... tôi%...&*có&*#￥%... thể suy nghĩ... ￥%... tôi vẫn%... tồn tại..."\n"￥%... *Tư& duy#￥ cũng#...&% đang xa dần..."\n"Cùng đến... &*không gian@#^$#*sâu thẳm@#của$!$#... *kẻ trộm%... lửa%... ￥&phải lấy￥%... bản thân làm￥%...& ngọn đuốc... nguyện￥%... nhân% loại... &tồn%^& tại mãi mãi...*"
lang_multi_text.db	AreaReportContent_Text72	3.4	Hội thoại/Cốt truyện	Hệ thống/Thế giới			各位同胞，今天，我们齐聚在“炉芯”之下，既是为了共同纪念“拉海洛科考史”上的一个重要里程碑，亦是为了悼念……于冰原上遇难的“罗德尔科学考察队”全体成员。\n在此，我谨代表深空联合全体成员，向“罗德尔科学考察队”全体成员，献上深切的缅怀与敬意。\n\n源于科考队队长“罗德尔”及其队员遗留终端中的详细数据与记录，我们终于得以破解冰原上的‘无形风暴’本质，并基于其性质与影响，将其正式命名为——「虚质磁暴」。\n虚质磁暴，由鸣式“阿列夫一”所引发的次生灾害，其出现往往伴随着强烈的地光，也是因此，异常气象“拂光”的初显，也成为了相应的预兆。凡拂光笼罩处，不久便会诞生「虚质磁暴」。被卷入其中的生物都将陷入异常，失去生机——这种“生机的丧失”非同于“生物学上的死亡”，而是频率的缓慢破碎、逸散：被虚质磁暴吞噬的事物，将渐渐失去实体、变得透明，直至静默，归于虚无。幸存的事物，其频率也会因其影响，变得如同烛光一般闪烁摇曳，最终不日便会从这个世界消解……而那些被虚质磁暴吞噬的「隧群」，其零件将在鸣式力量的影响下，重构为「虚诞虫」的可怖模样。对拉海洛地区的人类而言，它同样是一种无法预测的天灾，所到之处，万物沉寂，唯余「虚无」。 \n“虚质磁暴”性质的阐明，对我们而言，无疑是是一项重大的突破，亦带来了新的艰难挑战。\n\n人类在探索未知的过程中充满荣耀，却也会伴随着巨大的风险与牺牲。然而，那些“挑战者”们的勇气与理想，依然会铭刻在人类探索精神的丰碑之上，提醒着我们在灾难前的渺小，也向我们诠释着何谓真正的勇气：即使知晓风险，却仍选择继续前行。人类，从不会因恐惧而停下脚步。\n罗德尔、昂辉、明夏、贝芙丽、巴伊切蒂奇——它们的名字，将永远镌刻在冰原之上，一如极夜中的群星般璀璨闪耀。\n\n共赴深空的盗火者，须以自身为炬……愿我们，终将破解一切灾难之谜，并从鸣式手中，夺回属于人类的净土。	My fellow people, today we gather beneath the Reactor Drive not only to commemorate a milestone in the history of Lahai-Roi exploration, but also to mourn... The entire Roald Scientific Expedition team met their end upon the frostlands. \n\nOn behalf of all members of the Spacetrek Collective, I offer our deepest respect and remembrance to Captain Roald and every member of his team.\n \nThrough the detailed data and final recordings preserved in Captain Roald's Terminal and those of his team, we have at last unraveled the nature of the "invisible storm" that sweeps across the frostlands. Based on its properties and effects, we hereby give it its formal name—the Void Storm.\n \nA Void Storm is a secondary calamity triggered by the Threnodian known as Aleph-1. Its emergence is often heralded by violent geolight, and it is for this reason that the anomalous meteorological phenomenon known as the "Shimmer" became our first grim warning. Wherever the Shimmer gathers, a Void Storm soon follows.\n \nAny living being caught within it is fatally affected, losing all vitality. This is not biological death, but a dissolution of frequency itself. Form unravels. Bodies fade, becoming translucent, then silent, until they dissolve into nothing. Those who survive initial exposure find their frequency flickering like dying candlelight… until they, too, vanish from this world.\n \nThe Exoswarm fare no better. Their devoured components, reshaped by the Threnodian's power, reconstitute into the dreadful forms we call Voidworms. For the people of Lahai-Roi, the Void Storm is a calamity that cannot be predicted. Where it strikes, the world falls silent, leaving only the void.\n \nThe clarification of the Void Storm's nature is, without question, a monumental breakthrough. Yet it confronts us with an equally monumental challenge.\n \nHumanity's pursuit of the unknown is filled with glory, but also shadowed by immense risk and sacrifice. Still, the courage and ideals of those who dare to face the unknown remain etched upon the monument of humankind's exploration. They remind us of our smallness before disaster, and demonstrate what true courage means: to continue forward, even knowing the danger. Humanity has never, and will never, stop moving forward because of fear.\n \nRoald, Koki, Mingxia, Beverly, and Bajcetic.\nThese names will forever remain upon the frostlands, shining like constellations that pierce the eternal polar night.\n \nCarry this spark starward, we as torchbearers. May we one day unravel the mystery of every calamity and seize back from the Threnodian the homeland that belongs to humanity.	同胞の皆様。 本日、我々が「ドライブ」の下に集まったのは、「ラハイロイ科学調査史」における重要な一歩を共に記念するためであり、同時に……氷原にて遭難した「ローデル科学調査隊」の全隊員を追悼するためでもあります。\n\nここに、スペーストレック・コレクティブ全メンバーを代表し、「ローデル科学調査隊」の全員に対し、深く追悼の意を表します。\n\n調査隊隊長「ローデル」および隊員たちが残したデバイスの詳細なデータと記録のおかげで、我々はついに氷原上の「見えざる嵐」の正体を解明することができました。 その性質と影響に基づき、これを正式に――「ヴォイドストーム」と名付けました。\n\nヴォイドストームは、鳴式「アレフ1」によって引き起こされる二次災害であり、その出現はしばしば強烈な光を伴います。それゆえ、異常気象「シマー」の発生は、これの前兆となります。 シマーに覆われた場所では、間もなくヴォイドストームが発生します。それに巻き込まれた生物はすべて異常をきたし、「生命力」を失います。 この「生命力の喪失」は「生物学的な死」とは異なり、周波数がゆっくりと砕け、散っていく現象です。\n\nヴォイドストームに飲み込まれたものは、次第に実体を失い、透明になり、やがて沈黙し、虚無へと消え去ります。 生き残ったものでさえ、その影響により周波数が蝋燭風中の灯火のように揺らぎ、数日のうちにこの世界から消滅してしまうのです。 そして、飲み込まれた「エクソスウォーム」のパーツは、鳴式の力によって再構築され、恐ろしい「ヴォイドワーム」へと姿を変えます。\n\nラハイロイの人類にとって、これは予測不能な天災であり、嵐が過ぎ去った後には万物の沈黙と、「虚無」だけが残されます。 「ヴォイドストーム」の性質を解明できたことは、我々にとって間違いなく大きな進歩ですが、同時に新たな難題を突きつけられたことにもなります。\n\n未知への探求は栄光に満ちていますが、巨大なリスクと犠牲も伴います。 しかし、あの「挑戦者」たちの勇気と理想は、人類の探求精神の記念碑に刻まれ続けるでしょう。それは災害の前では我々がいかに小さいかを戒めると同時に、真の勇気とは何かを教えてくれています。 真の勇気とは、リスクを知りながらも、なお前進することを選ぶことです。人類は、恐怖によって歩みを止めることは決してありません。\n\nローデル、昂輝、明夏、ベバリー、バイチェティッチ――彼らの名は永遠に氷原の上に刻まれ、極夜の中の星々のごとく輝き続けるでしょう。\n\n宇宙の奥へ火種を追い求める者よ、その身を燃やし道標となれ……願わくは我々が、いつの日かすべての災難の謎を解き明かし、鳴式の手から、人類のための浄土を取り戻せますように。	Kính thưa các đồng bào, hôm nay, chúng ta cùng tề tựu dưới "Lõi Lò", vừa là để cùng nhau kỷ niệm một cột mốc quan trọng trong "Lịch sử Khảo sát Khoa học Lahai-Roi", vừa là để tưởng nhớ... toàn thể thành viên của "Đội Khảo sát Khoa học Roald" đã tử nạn trên vùng băng giá.\nNhân đây, tôi xin thay mặt toàn thể thành viên Liên Minh Không Gian Sâu, gửi lời tưởng nhớ và sự kính trọng sâu sắc đến toàn thể thành viên của "Đội Khảo sát Khoa học Roald".\n\nDựa vào dữ liệu chi tiết và hồ sơ trong thiết bị đầu cuối để lại của Đội trưởng "Roald" và các thành viên, cuối cùng chúng ta cũng đã giải mã được bản chất của "Cơn bão vô hình" trên vùng băng giá, và dựa trên tính chất cũng như ảnh hưởng của nó, chính thức đặt tên cho nó là - "Bão Từ Voidmatter".\nBão từ Voidmatter, một thảm họa thứ cấp do Minh Thức "Aleph-1" gây ra, sự xuất hiện của nó thường đi kèm với ánh sáng địa lý dữ dội, cũng chính vì vậy, sự xuất hiện ban đầu của hiện tượng thời tiết bất thường "Shimmer", cũng đã trở thành dấu hiệu cảnh báo tương ứng. Bất cứ nơi nào Shimmer bao phủ, không lâu sau "Bão Từ Voidmatter" sẽ ra đời. Những sinh vật bị cuốn vào trong đó đều sẽ rơi vào trạng thái bất thường, mất đi sức sống - "sự mất đi sức sống" này không giống như "cái chết về mặt sinh học", mà là sự vỡ vụn và tiêu tán chậm chạp của tần số: Những thứ bị Bão Từ Voidmatter nuốt chửng, sẽ dần mất đi thực thể, trở nên trong suốt, cho đến khi tĩnh lặng, chìm vào hư vô. Những thứ may mắn sống sót, tần số của chúng cũng sẽ vì ảnh hưởng của nó, trở nên lung linh lay động như ngọn nến, cuối cùng chẳng bao lâu sẽ tiêu biến khỏi thế giới này... Còn những "Exoswarm" bị Bão Từ Voidmatter nuốt chửng, các bộ phận của chúng sẽ bị tái cấu trúc thành hình dạng đáng sợ của "Voidworm" dưới ảnh hưởng của sức mạnh Minh Thức. Đối với loài người ở khu vực Lahai-Roi mà nói, nó cũng là một thiên tai không thể dự đoán được, đi đến đâu, vạn vật tĩnh lặng, chỉ còn lại "Hư Vô". \nViệc làm rõ tính chất của "Bão Từ Voidmatter", đối với chúng ta mà nói, chắc chắn là một bước đột phá lớn, cũng mang lại những thách thức khó khăn mới.\n\nQuá trình khám phá những điều chưa biết của nhân loại tràn đầy vinh quang, nhưng cũng sẽ đi kèm với những rủi ro và hy sinh to lớn. Tuy nhiên, lòng dũng cảm và lý tưởng của những "người thách thức" đó, vẫn sẽ được khắc ghi trên đài tưởng niệm về tinh thần khám phá của nhân loại, nhắc nhở chúng ta về sự nhỏ bé trước thảm họa, và cũng giải thích cho chúng ta hiểu thế nào là lòng dũng cảm thực sự: Ngay cả khi biết rõ rủi ro, vẫn chọn tiếp tục tiến bước. Nhân loại, sẽ không bao giờ dừng bước vì sợ hãi.\nRoald, Koki, Mingxia, Beverly, Bajcetic - Tên của họ, sẽ mãi mãi được khắc ghi trên vùng băng giá, tỏa sáng rực rỡ như những vì sao trong đêm dài.\n\nKẻ trộm lửa cùng đến không gian sâu thẳm, phải lấy bản thân làm ngọn đuốc... Cầu mong chúng ta, cuối cùng sẽ giải mã được mọi bí ẩn của thảm họa, và giành lại vùng đất tịnh thổ thuộc về nhân loại từ tay Minh Thức.
lang_multi_text.db	AreaReportContent_Text73	3.4	Hội thoại/Cốt truyện	Hệ thống/Thế giới			……\n\n三纪神话研究 · 第一纪\n\n在罗伊神话中的旧日纪，人类能够借助太阳与星辰沟通，知晓世界的运转规律，人们的世界也因此温暖富足。\n但在旧日纪的末尾，一场灾害导致大地塌陷，世界坠入冰冷渊狱，帮助人类沟通的神明朔尔亦被汹涌的浪潮困于高天。\n罗伊人从此失去了与宇宙对话的媒介，如迷失在冰雪中的旅人。\n传说中，朔尔的瞳孔化为了陨石，亦被称作「朔尔之眼」或「指日石」，它能帮助罗伊人在风雪蔽日时确定太阳的方向。\n\n据笔者考察，「朔尔之眼」的原型是衍光矿，基于其特殊的光学性质，可用于判断持有人当前位置与炉芯的方位关系。\n而根据研究院的资料，衍光矿中曾发现过来自隧者的外壳部件……\n「指日石」与衍光矿，朔尔与隧者，神话与现实间千丝万缕的关系为罗伊族的历史蒙上了愈加神秘的面纱。\n\n……	...\n \nStudies on the Trine Myth: The First Epoch\n \nIn the Old Epoch of Royan mythology, humanity communed with the universe through the sun and the stars to discern how the world worked. Because of this harmony, their lands remained warm and abundant.\n \nBut at the end of that epoch, a great calamity triggered quakes that tore the earth. The world plummeted into a frozen abyss, and the deity Sol, who once guided humanity's dialogue with the cosmos, was likewise swept away by surging tides and trapped high above the sky. Thus, the Roya lost their medium of communion, becoming like travelers lost in endless snow, unable to find their way.\n \nLegend holds that Sol's pupil fell from the firmament as a meteorite. Known to the Roya as the "Eye of Sol" or "Sunstone," it is said that this relic allowed the Roya to discern the sun's direction even when blizzards smothered the sky.\n \nField investigations suggest that the Eye of Sol is actually Luxite, an ore whose peculiar optical properties reveal the spatial relationship between the holder and the Reactor Drive. Research archives further record that fragments of the Exostrider's outer armor were once found embedded within Luxite deposits...\n \nSunstone and Luxite, Sol and the Exostrider... the threads binding myth and reality weave a veil of ever-deepening mystery over the history of the Roya.\n \n...	……\n\n三紀神話研究・第一紀\n\nロイの神話における「旧き時代」。 その頃、人類は太陽や星々と心を通わせ、世界の法則を知ることができた。それゆえ、人々の世界は暖かく豊かだった。\n\nしかしその時代の終わり、ある災害によって大地が崩れ、世界は冷たい奈落へと落ちてしまった。人類の対話を助けていた神「ソル」もまた、荒れ狂う波によって空高くに囚われてしまったのだ。 こうしてロイ人は宇宙と話す手段を失い、氷と雪の中をさまよう旅人のようになってしまった。\n\n伝説によれば、ソルの瞳は隕石となって地上に落ちた。「ソルの目」、あるいは「陽向かい石」と呼ばれるその石は、吹雪が太陽を隠す時、ロイ人が太陽の方角を知るための道しるべになるという。\n\n筆者の考察では、「ソルの目」の正体は「ルクサイト」という鉱石だ。光に対する特殊な性質を持っているため、これを使えば自分の現在地と「ドライブ」の方角を割り出すことができる。 また研究院の資料によると、ルクサイトの中から「エクソストライダー」の外殻パーツが見つかったこともあるそうだ……\n\n「陽向かい石」とルクサイト。神ソルとエクソストライダー。 神話と現実の入り組んだ関係は、ロイ一族の歴史をより一層、神秘的なものにしている。\n\n……	...\n\nNghiên Cứu Thần Thoại Ba Kỷ Nguyên - Kỷ Nguyên Thứ Nhất\n\nTrong Kỷ Nguyên Cũ của thần thoại Roya, con người có thể giao tiếp với vũ trụ thông qua Mặt Trời và các vì sao, thấu hiểu quy luật vận hành của thế giới, thế giới của loài người cũng vì vậy mà ấm áp và trù phú.\nNhưng vào cuối Kỷ Nguyên Cũ, một trận thảm họa đã khiến mặt đất sụt lún, thế giới rơi vào vực sâu lạnh lẽo, vị thần Sol từng giúp con người giao tiếp cũng bị những đợt sóng dữ dội nhốt chặt trên bầu trời cao.\nNgười Roya từ đó mất đi phương tiện đối thoại với vũ trụ, như những lữ khách lạc lối trong băng tuyết.\nTruyền thuyết kể rằng, đồng tử của Sol đã hóa thành thiên thạch, cũng được gọi là "Con Mắt Của Sol" hay "Đá Chỉ Nhật", nó có thể giúp người Roya xác định hướng của Mặt Trời khi gió tuyết che khuất ánh mặt trời.\n\nTheo khảo sát của người viết, nguyên mẫu của "Con Mắt Của Sol" là quặng Luxite, dựa trên tính chất quang học đặc biệt của nó, có thể dùng để phán đoán mối quan hệ phương hướng giữa vị trí hiện tại của người giữ nó và Lõi Lò.\nCòn theo dữ liệu của Viện nghiên cứu, trong quặng Luxite đã từng phát hiện ra các bộ phận vỏ ngoài của Exostrider...\n"Đá Chỉ Nhật" và quặng Luxite, Sol và Exostrider, những mối quan hệ chằng chịt giữa thần thoại và hiện thực đã phủ lên lịch sử của tộc Roya một bức màn ngày càng bí ẩn.\n\n...
lang_multi_text.db	AreaReportContent_Text74	3.4	Hội thoại/Cốt truyện	Hệ thống/Thế giới			……\n\n罗伊人的双历法制度·一\n\n罗伊人有两套不同的历法，名为巴德历与朔尔历，分别用于日常生活与祭祀活动。\n\n巴德历来源于人们对于炉芯的观察。\n罗伊人根据炉芯的四种颜色状态，将一日分作金色的昼与黑色的夜，并将年份分为了安稳的「蓝眠之年」以及动荡的「红变之年」。\n由于此历可以反应炉芯的运作状态，被罗伊族人广泛用于指引农事、放牧和生产等工作。\n\n而朔尔历则是罗伊族人的伟大发明，其诞生源于罗伊族人尚且位于地表之时对于太阳轨迹的观测。\n在地表时，古代罗伊人将朔尔历应用于长期的游牧活动之中。\n如今，朔尔历虽然与地下世界的运作规律基本无关，但罗伊族人依然使用其作为祭祀等活动的依据。\n据笔者考察，罗伊人虽早已离开地表来到地下生活，但朔尔历与索拉里斯公历的偏差却不过数日。换言之，旧时罗伊族的天文观测精度便已达到了惊人的水平。\n\n罗伊人的双历法制度·二\n\n巴德历与朔尔历，这两种历法每年的日数不同，其年次更迭的频率亦不一致。\n但每过一段悠长的时间，巴德历与朔尔历的日期又会再次来到同一点，而这个日期，便是其「三纪神话」中纪元变更的日子。\n根据引日殿的观测，如今，第二纪元的尾声已与第三纪元的开端交叠。\n\n……	The Royan Dual-Calendar System: Part I\n \nThe Roya maintain two distinct calendar systems: the Baldur Calendar for daily life and the Sol Calendar for ritual observance.\n \nThe Baldur Calendar originates from the Roya's long-term observation of the Reactor Drive. By tracking the Core's four chromatic states, the Roya divide each day into a golden day and a dark night, and each year into the tranquil Bluedeep Year and the turbulent Redheave Year. Because this calendar reflects fluctuations in the Core's operational state, it has been widely adopted by the Roya to guide agriculture, herding, and all forms of production.\n \nThe Sol Calendar, in contrast, is regarded as one of the Roya's greatest inventions. It was born from their ancient observations of the sun's path, dating back to when they still lived on the surface. In that era, it guided their long-range nomadic migrations. Today, though its rhythms bear little relation to life in the underground, the Roya preserve it for ceremonial and religious purposes.\n \nAccording to the author's investigation, even after leaving the surface and living underground for generations, the Sol Calendar now deviates from the Solaris Standard Calendar by only a handful of days. In other words, the astronomical precision achieved by the ancient Roya was already astonishingly high.\n \nThe Royan Dual-Calendar System: Part II\n \nThe Baldur Calendar and the Sol Calendar differ not only in their annual day counts, but also in the frequency of their annual cycles. Yet, over vast spans of time, the two calendars inevitably realign on the same date—a moment designated in the Roya's Trine Myth as the day one epoch ends and another begins.\n \nAccording to observations from the Solisylum, the final days of the Second Epoch have now begun to overlap with the dawn of the Third.	……\n\nロイ人の二重暦法・その一\n\nロイ人は「バルドル暦」と「ソル暦」という、2つの異なる暦を持っており、それぞれ日常生活と儀式のために使い分けている。\n\n「バルドル暦」は、人々が「ドライブ」を観察することから生まれた。 ロイ人はドライブが放つ4色の光の状態に基づいて、時間を区切っている。「金色」を昼、「黒色」を夜とし、一年を穏やかな「青き眠りの年」と、激動の「紅き変りの年」に分けたのだ。 この暦はドライブの稼働状態をそのまま反映しているため、ロイ一族の農業、放牧、生産などの仕事のスケジュールを決めるのに広く使われている。\n\n一方、「ソル暦」はロイ一族の偉大な発明であり、彼らがまだ地表にいた頃、太陽の動きを観測して作られたものだ。 地表にいた頃、古代のロイ人はこのソル暦を使って、長期的な遊牧の計画を立てていた。 現在、地下世界で暮らす彼らにとって、ソル暦は生活のリズムとは基本的に無関係だ。しかし、ロイ一族は今でも儀式などの重要なよりどころとして、この暦を使い続けている。\n\n筆者の調査によれば、ロイ人が地表を離れて地下で暮らすようになってから長い年月が経っているにもかかわらず、ソル暦と現在の「ソラリス暦」とのズレは数日にも満たないという。 つまり、大昔のロイ一族は、すでに驚くほど正確な天体観測の技術を持っていたということだ。\n\nロイ人の二重暦法・その二\n\nバルドル暦とソル暦。この2つの暦は一年の長さが異なり、年が切り替わるタイミングもバラバラだ。 しかし、長い時が経つと、バルドル暦とソル暦の日付がピタリと重なる瞬間が訪れる。 その日こそが、「三紀神話」における「紀元交代の日」となるのだ。\n\n「<ano=太陽の聖殿>ソリサイルム</ano>」の観測によれば、今まさに、第二紀元の終わりと第三紀元の始まりが重なり合おうとしている。\n\n……	...\n\nHệ Thống Lịch Kép Của Người Roya. Một\n\nNgười Roya có hai bộ lịch khác nhau, mang tên lịch Baldur và lịch Sol, lần lượt dùng cho đời sống thường ngày và các hoạt động tế lễ.\n\nLịch Baldur bắt nguồn từ việc con người quan sát Lõi Lò.\nNgười Roya dựa trên bốn trạng thái màu sắc của Lõi Lò, chia một ngày thành ban ngày màu vàng và ban đêm màu đen, và chia các năm thành "Năm Ngủ Xanh" yên bình và "Năm Biến Đỏ" đầy biến động.\nVì loại lịch này có thể phản ánh trạng thái hoạt động của Lõi Lò, nên được người dân tộc Roya sử dụng rộng rãi để chỉ đạo các công việc như đồng áng, chăn thả và sản xuất.\n\nCòn lịch Sol lại là một phát minh vĩ đại của người dân tộc Roya, sự ra đời của nó bắt nguồn từ việc quan sát quỹ đạo của mặt trời khi người dân tộc Roya vẫn còn ở trên mặt đất.\nKhi còn ở trên mặt đất, người Roya cổ đại đã áp dụng lịch Sol vào các hoạt động du mục lâu dài.\nNgày nay, mặc dù lịch Sol về cơ bản không liên quan gì đến quy luật vận hành của thế giới ngầm, nhưng người dân tộc Roya vẫn sử dụng nó làm căn cứ cho các hoạt động như tế lễ.\nTheo khảo sát của người viết, người Roya tuy đã rời khỏi mặt đất để đến sinh sống dưới lòng đất từ lâu, nhưng độ lệch giữa lịch Sol và công lịch Solaris lại không quá vài ngày. Nói cách khác, độ chính xác trong quan sát thiên văn của tộc Roya thời xưa đã đạt đến mức độ đáng kinh ngạc.\n\nHệ Thống Lịch Kép Của Người Roya. Hai\n\nLịch Baldur và lịch Sol, hai loại lịch này có số ngày mỗi năm khác nhau, và tần suất thay đổi năm của chúng cũng không đồng nhất.\nNhưng cứ sau một khoảng thời gian dài, ngày tháng của lịch Baldur và lịch Sol lại một lần nữa trở về cùng một điểm, và ngày này, chính là ngày chuyển giao kỷ nguyên trong "Thần thoại Ba Kỷ nguyên" của họ.\nTheo quan sát của Solisylum, ngày nay, phần cuối của Kỷ nguyên thứ hai đã giao thoa với sự khởi đầu của Kỷ nguyên thứ ba.\n\n...
lang_multi_text.db	AreaReportContent_Text75	3.4	Hội thoại/Cốt truyện	Hệ thống/Thế giới			……\n直到午夜时，远航船才穿过磁暴检测区，到达了罗伊冰原附近。\n从舷窗向外望，隔着海雾，我看到了山脉般高耸的冰崖，它们如无际的白色城墙般向两侧绵延。\n我睁大双眼，看着那冰崖逐渐向我压近，感到呼吸越来越急促，昔日只存在于秘密报道中的罗伊冰原，诸国联合共建的「极地联合」——我终于要亲眼目睹这一切了。\n船只系泊的广播响起，伴随着缆绞机拉紧缆绳的低沉声响，我们抵达了罗伊不冻港。\n经过十数项严格的审查后，我和前来接应我的科考队会合，一起离开港口，坐上了前往冰原腹地的运载电梯。\n这座电梯的规模十分巨大，单次运送的物资便能支持一座小型营地半年的科考工作。\n但是当其启动后过了不过两分钟，我的感受便完全变了——这座巨大的电梯在冰崖上爬升时，就像蚂蚁在攀登一座山峰。\n……\n在科考队的带领下，我顺利到达了极地科考站。\n在登记后，队长把我叫到了物资仓，带我领取了在冰原上活下去所需的一切东西。\n随后，我被分配了一个房间，在访问期内，这个小屋将成为我每天入眠和醒来的地方。\n我把随身的行李留在了房间里，然后便开始观察科考站内的各个设施。也许是先约那边提前通知过研究员们，除少部分禁止通行的区域外，我可以毫无阻碍地前往大部分地方。\n根据我的观察，「极地联合」的一期工程，即我所在的冰原运输港此时已完全建成。据研究人员的说法，当地的罗伊族以及其引导的隧群也在建设工作中提供了极大的帮助。\n但当我询问二期工程的规划时，营地内的人员并未给我答复。\n大部分人忙于自己手头的研究和建设任务——虽然他们并未直接这么说，但当我问东问西时，他们的眼神告诉我：我没空管来自先约的“游客”。\n……\n经过我的计算，前三天一共有九十二辆重载型运输车抵达科考站，而它们所携带的物资中，只有极少数被运往了冰原其他区域，其余全部经轻轨输往了地下。\n我推测，「极地联合」二期工程的重心并非位于罗伊冰原，而是在地下，在经由「联运椎骨」才能抵达的拉海洛地区。\n……\n第六天，我如往常一般从极地科考站中醒来，到用餐区吃过早饭后，再次找到了科考队的队长，第三次向他递交了拉海洛的访问申请。\n不出意料，她再次拒绝了我的请求。\n虽然感到十分遗憾，但我能够理解。\n这里的一切发现都太过轰动，太过颠覆常理，即使有先行公约为我背书，他们依然要谨慎行事。\n……	...\n\nIt wasn't until midnight that the oceangoing vessel finally crossed the Void Storm Monitoring Zone and drew close to the Roya Frostlands.\n\nBeyond the porthole, through veils of sea mist, rose an icebound cliff stretching endlessly in both directions. I kept my eyes fixed on them, breath unconsciously quickening as the towering "white wall" loomed nearer. Until now, the frostlands had existed for me only in headlines, and the transnational Polar Collective felt impossibly distant. Yet here they were. I was about to see them with my own eyes. The ship's mooring broadcast blended with the deep groan of capstans and the strain of hawsers, announcing our arrival at the Roya Icebreak Port.\n\nAfter enduring several rounds of rigorous inspections, I joined the research team and departed the port. Together, we boarded a transfer elevator bound for the frostlands' central region. The car was large enough to carry supplies sufficient to sustain a small research station for six months. But barely two minutes after it began its ascent, my sense of scale was shattered completely. As the massive elevator crawled up the frozen cliff face, it felt like an ant struggling to climb the side of a mountain.\n\n...\n\nWith the assistance of the research team, my journey to the Polar Research Outpost went smoothly. After registration, the captain led me to the storage room, where I was issued all the necessities required for surviving in the frostlands. I was then shown to my quarters—the room that I would spend every morning and night during my stay.\n\nI left my personal luggage there and began exploring the station's facilities. Thanks to the Pioneer Association's advance notice to the researchers perhaps, I was able to move through most of the station without obstruction, aside from a handful of restricted areas. From what I could tell, Phase One of the Polar Collective's construction, namely the Frostlands Transit Port, had already been fully completed. According to the researchers, the local inhabitants, the Roya, along with the Exoswarm they herded, had played a significant role in the construction process.\n\nHowever, when I asked about the plans for Phase Two, no one gave me a clear answer. Most of the personnel were absorbed in their own research and construction duties. Though none of them said it outright, their expressions made it clear enough: they had no time for a mere "visitor" from the Pioneer Association.\n\n...\n\nBased on my observations, the research station had received a total of ninety-two trucks over the past three days. Of the supplies they carried, only a very small portion was distributed to other areas across the frostlands. Most were sent underground via the light-rail system. From this, I concluded that Phase Two of the project was not focused on the frostlands themselves, but on the subterranean Lahai-Roi region—accessible only through the Starward Riseway.\n\n...\n\nOn the sixth day, I woke as usual in the Polar Research Outpost. After breakfast in the dining area, I sought out the expedition leader once more and submitted my request to visit Lahai-Roi for the third time. As expected, my request was denied again. I couldn't hide my disappointment, but I understood their caution. Everything here—the discoveries, the implications—was too extraordinary, too deeply unsettling to established knowledge. Even with the Pioneer Association backing me, they had every reason to proceed with caution.\n...	……\n真夜中になってようやく、船はヴォイドストーム測定エリアを抜け、ロイ氷原の近くに辿り着いた。\n窓の外を眺めると、海霧の向こうに、まるで山脈のような氷の崖がそびえ立っている。果てしなく続く白い城壁のようで、視界の両側へどこまでも伸びていた。\n迫りくる氷の壁に目を奪われ、自分の息が荒くなるのを感じた。かつては極秘レポートの中にしか存在しなかった「ロイ氷原」。そして、諸国が協力して作り上げた「ポーラー・コレクティブ」。ついにその全てを、この目で見る時が来たのだ。\n停泊を告げるアナウンスが響き、ウインチがケーブルを巻き上げる低い音と共に、私たちは「ロイ不凍港」に到着した。\n厳しい審査をいくつもパスした後、出迎えの調査隊と合流。私たちは港を離れ、氷原の奥地へ向かうエレベーターに乗り込んだ。\nこのエレベーターはとてつもなく巨大で、一度動くだけで小型キャンプの半年分の物資を運べるほどだという。\nしかし、動き出してわずか2分でその感想は一変した――この巨大なエレベーターでさえ、氷壁を登る姿は、まるで蟻が山をよじ登っているかのようだったのだ。\n……調査隊の先導で、私は無事に「極地観測基地」へ到着した。\n登録手続きを済ませると、隊長に物資倉庫へ呼び出された。そこで、氷原で生き延びるために必要なあらゆる物資を受け取った。\nその後、私は一つの部屋を割り当てられた。滞在期間中、ここが私の寝床であり、生活の拠点となる場所だ。\n荷物を部屋に置き、基地内を一通り回ってみた。おそらく先駆条約側から話が通っていたのだろう。一部の立入禁止区域を除けば、ほとんどの場所へ自由に立ち入ることができた。\n見て回ったところ、「ポーラー・コレクティブ」の第一期工事――つまり私がいるこの輸送港は、すでに完成していた。研究員の話では、現地の「ロイ一族」と彼らが従える「エクソスウォーム」も、建設にかなり協力したらしい。\nだが、「第二期工事」の計画について尋ねると、キャンプの人々は口を閉ざした。\n大部分の人は、手元の研究や建設任務で忙殺されていた。直接言われたわけではないが、私が詳しく聞き回ろうとすると、彼らの目はこう語っていた――「先駆条約から来た『観光客』の相手をしてる暇なんてない」と。\n……私の計算では、最初の3日間で計92台の大型輸送車が到着した。だが、積まれた物資のうち、氷原の他エリアに運ばれたのはごく一部。残りはすべて、列車を通じて地下へ送られていたのだ。\n推測するに、「ポーラー・コレクティブ」第二期工事の重点は、この氷原ではなく「地下」にある。「リンクドスパイン」を経由して初めて到達できる、「ラハイロイ地区」に存在するのだ。\n……6日目。いつものように基地で目を覚まし、食堂で朝食を済ませた私は、再び隊長のもとを訪れた。ラハイロイへの訪問申請を出すためだ。これで三度目になる。\n予想通り、彼女はまたしても私の要請を却下した。\n非常に残念ではあるが、理解はできる。\nここでの発見はあまりにも衝撃的で、常識を覆すものだからだ。たとえ先駆条約が私の身元を保証していても、彼らは慎重にならざるを得ないのだろう。\n……	...\nMãi cho đến nửa đêm, con tàu viễn dương mới vượt qua khu vực giám sát bão từ, đến được gần Băng Nguyên Roya.\nNhìn ra ngoài từ cửa sổ mạn tàu, xuyên qua màn sương mù trên biển, tôi nhìn thấy những vách băng cao chót vót như những dãy núi, chúng trải dài sang hai bên như những bức tường thành màu trắng vô tận.\nTôi mở to mắt, nhìn vách băng đó dần tiến sát về phía mình, cảm thấy nhịp thở ngày càng dồn dập, Băng Nguyên Roya trước đây chỉ tồn tại trong các báo cáo bí mật, "Liên Minh Cực Địa" do các quốc gia cùng nhau xây dựng - cuối cùng tôi cũng sắp được tận mắt chứng kiến tất cả những điều này.\nTiếng loa thông báo tàu cập bến vang lên, cùng với tiếng gầm trầm thấp của máy tời kéo căng dây cáp, chúng tôi đã đến Cảng Phá Băng Roya.\nSau khi trải qua hàng chục cuộc kiểm tra nghiêm ngặt, tôi đã hội quân cùng đội khảo sát khoa học đến đón tôi, cùng nhau rời khỏi bến cảng, ngồi lên chiếc thang máy vận chuyển hướng về phía trung tâm vùng băng giá.\nQuy mô của chiếc thang máy này vô cùng khổng lồ, số vật tư vận chuyển trong một lần đủ để hỗ trợ công việc khảo sát khoa học của một khu cắm trại nhỏ trong nửa năm.\nNhưng chỉ chưa đầy hai phút sau khi nó khởi động, cảm giác của tôi đã hoàn toàn thay đổi - khi chiếc thang máy khổng lồ này leo lên vách băng, nó trông giống như một con kiến đang leo lên một ngọn núi.\n...\nDưới sự dẫn dắt của đội khảo sát khoa học, tôi đã thuận lợi đến được Trạm Khảo Sát Khoa Học Cực Địa.\nSau khi đăng ký, đội trưởng gọi tôi đến kho vật tư, dẫn tôi đi nhận tất cả những thứ cần thiết để sống sót trên vùng băng giá.\nSau đó, tôi được phân một căn phòng, trong suốt thời gian tham quan, căn nhà nhỏ này sẽ trở thành nơi tôi chìm vào giấc ngủ và thức dậy mỗi ngày.\nTôi để hành lý mang theo trong phòng, sau đó bắt đầu quan sát các cơ sở vật chất bên trong Trạm Khảo Sát. Có lẽ do Hiệp Ước Tiên Phong đã thông báo trước cho các nghiên cứu viên, ngoại trừ một số ít khu vực cấm qua lại, tôi có thể đi đến hầu hết mọi nơi mà không gặp trở ngại nào.\nTheo quan sát của tôi, dự án giai đoạn một của "Liên Minh Cực Địa", tức là Cảng Vận Chuyển Vùng Băng Giá nơi tôi đang ở, lúc này đã hoàn toàn được xây dựng xong. Theo lời của các nhân viên nghiên cứu, tộc Roya bản địa cùng với những Exoswarm do họ dẫn dắt cũng đã cung cấp sự giúp đỡ to lớn trong công việc xây dựng.\nNhưng khi tôi hỏi về kế hoạch của dự án giai đoạn hai, những người trong khu trại không hề trả lời tôi.\nHầu hết mọi người đều bận rộn với các nhiệm vụ nghiên cứu và xây dựng đang làm dở - mặc dù họ không nói thẳng ra như vậy, nhưng khi tôi hỏi đông hỏi tây, ánh mắt của họ đã nói rất rõ: họ không rảnh để tiếp một "du khách" đến từ Hiệp Ước Tiên Phong.\n...\nTheo tính toán của tôi, trong ba ngày đầu tiên đã có tổng cộng chín mươi hai chiếc xe vận tải hạng nặng đến Trạm Khảo Sát, và trong số những vật tư mà chúng mang theo, chỉ có một phần rất nhỏ được vận chuyển đến các khu vực khác của vùng băng giá, toàn bộ phần còn lại đều được vận chuyển xuống lòng đất thông qua hệ thống đường sắt nhẹ.\nTôi suy đoán, trọng tâm của dự án giai đoạn hai của "Liên Minh Cực Địa" không nằm ở Băng Nguyên Roya, mà là ở dưới lòng đất, tại khu vực Lahai-Roi chỉ có thể đến được thông qua "Đốt Sống Liên Vận".\n...\nNgày thứ sáu, tôi vẫn thức dậy từ Trạm Khảo Sát Khoa Học Cực Địa như thường lệ, sau khi ăn sáng ở khu vực ăn uống, tôi lại tìm đến Đội trưởng của đội khảo sát khoa học, lần thứ ba nộp cho cô ấy đơn xin tham quan Lahai-Roi.\nKhông ngoài dự đoán, cô ấy lại từ chối yêu cầu của tôi một lần nữa.\nMặc dù cảm thấy rất tiếc nuối, nhưng tôi có thể hiểu được.\nMọi khám phá ở đây đều quá đỗi chấn động, quá đảo lộn lẽ thường, cho dù có Hiệp Ước Tiên Phong bảo lãnh cho tôi, họ vẫn phải hành sự thận trọng.\n...
lang_multi_text.db	AreaReportContent_Text76	3.4	Hội thoại/Cốt truyện	Hệ thống/Thế giới			……\n在返航的前一天下午，队长找到了我，说想带我去一个地方。\n这天是我第一次，也是最后一次穿上防护服，我和其他科考人员一起乘上了破冰者号科考艇。\n经过了数十分钟的颠簸后，我忍着呕吐感，颤颤巍巍地走下了载具。\n那是我毕生难忘的一天——在一座白色、蓝色与紫色交织的建筑里，坐着几位身着异域服饰的人，在他们的身旁，一头机械的白色巨熊正在打瞌睡。\n我一脸震惊地望向队长，她告诉我说：“「极地联合」在进行保密性建设，我没法让你到拉海洛去，但我可以带你认识一下这里的原住民‘罗伊族’。他们主要生活在地下，但在冰原上也有少量营地。”\n我记得那天的每一个细节，我们待了一整个下午，却感觉十分短暂。\n我听不懂他们说话，必须经过熟知他们语言的队长转述才能与他们交流，即便如此，我也能感受到他们十分友善。\n他们介绍自己是负责引导隧群的牧者，每隔一段时间都会引导地下的隧群来到冰原，与格洛犸图还有格洛马提等冰原上的大型隧群会合，并一起向着隧者跋涉。\n最终，这些隧群会回归隧者——祂是沉眠在冰原尽头的巨大机械，据说一切隧群都来自于祂。\n在屋中，他们与我分享了一种团状的烤蔬菜，以及一种香味独特的腌制鱼肉料理。\n在离开前我们合了影，我当场影印出来赠送给了他们，而他们则赠与了我一个奇异的海螺——那上面有多得数不清的空格，以一种螺旋状的纹路规则排列。根据队长的说法，这是他们用于计算的工具。\n……\n当冰崖逐渐消失在地平线上时，我关上了舷窗。\n海浪敲打着船底，传来有节奏的“铛——铛”声，我静静听着，感到睡意渐浓。\n在梦中，我又见到了那几位罗伊族，他们伴着窗外冰原的风雪，为我奏响了告别的歌谣——\n“踏上前路，踏上前路\n如此宁静，在安详的夜里\n我正踏上前路\n\n并不遥远，就在脚下\n迎着敞开的门\n向黄昏，向远方\n将尘事完结，将忧虑尽卸\n无需再恐惧彷徨\n\n父母正翘首以盼\n旧友亦齐聚一堂\n那些熟悉的面庞\n那些熟悉的面庞”	...\n\nJust before the day I was scheduled to return, the captain sought me out. She said there was somewhere she wanted to show me. And so, wearing a protective suit for the first and last time in this journey, I boarded the expedition boat called Icecleaver with the rest of the research team.\n\nAfter around an hour of jolting through broken ice, I forced back the nausea and stumbled down the gangway.\n\nIt was a day I would never forget.\n\nAmid clusters of white, blue, and violet structures stood people dressed in unfamiliar garments. Nearby, a gigantic white, bear-shaped mech lay half-asleep. Seeing my stunned expression, the captain explained, "The Polar Collective's construction work is highly classified, so I can't take you to Lahai-Roi. But you can meet the Roya. They're the natives here. Most live underground, though a few have settled in the frostlands."\n\nI remember every detail of that day. We spent the entire afternoon there, yet it passed far too quickly.\n\nI couldn't understand their language. Every exchange had to be relayed through the captain, who was fluent in their tongue. Even so, their kindness came through unmistakably. They told me they were shepherds who herd the Exoswarm. At regular intervals, they led the Exoswarm up to the frostlands, where they gathered with larger units such as the Glommoths and Glommothas. Together, they would journey toward the Exostrider. In the end, all Exoswarm returned to the colossal Exostrider, which was said to slumber at the edge of the frostlands, the origin from which the Exoswarm were born.\n\nInside one of their dwellings, they shared a meal with me: roasted vegetables shaped into compact clusters, and a cured fish dish with a unique fragrance. Before we parted, we took a photograph together. I printed it on the spot and gave them copies. In return, they presented me with a strange seashell. Its surface was marked with countless small hollows, arranged in a precise spiral. According to the captain, it was a tool they used for counting.\n\n…\n\nWhen the ice cliffs finally sank below the horizon, I closed the porthole. Waves struck the hull in a steady rhythm—clang, clang—like a muted bell. I listened quietly as drowsiness crept in.\n\nIn my dream, I saw the Roya again. Against the howling wind and snow beyond the window, they sang a farewell song for me:\n\nWalk onward, walk onward.\nSo quiet, in this gentle night,\nI walk onward.\n\nNot far away, right beneath my feet.\nThrough the open door,\nToward the dusk, toward the distant land.\nLeaving the world behind,\nLaying all worries to rest.\nNo more fear, no more doubt.\n\nParents wait with hopeful eyes,\nOld friends gather once again.\nThose familiar faces,\nThose familiar faces.	……\n帰航を翌日に控えた午後。隊長が私の元へやって来て、ある場所へ連れて行きたいと言った。\nその日、私は最初で最後となる防護服に身を包み、他の隊員と共に科学調査船「アイスブレイカー号」に乗り込んだ。\n数十分の揺れに耐えた後、私は込み上げる吐き気をこらえ、ふらつく足取りで船を降りた。\nそれは、生涯忘れ得ぬ一日となった。白、青、紫が入り混じる建築物の内部。そこには、見たこともない衣装をまとった人々が腰を下ろし、その傍らでは機械仕掛けの白い巨熊がうたた寝をしていたのだ。\n驚きを隠せず隊長を見ると、彼女はこう言った。\n「ポーラー・コレクティブの建設は極秘裏に進められています。ですから、あなたをラハイロイへ連れて行くことはできません。\nですが、ここの先住民である『ロイ一族』に会わせることはできます。彼らは主に地下で暮らしていますが、氷原にもいくつかキャンプがあるのです」\nあの日のことは、細部まで鮮明に覚えている。私たちは午後いっぱいそこで過ごしたが、時間はあまりにも短く感じられた。\n言葉は通じず、隊長の通訳を介さなければ会話もままならなかった。それでも、彼らの温かな歓迎の気持ちは十分に伝わってきた。\n彼らは自らを、エクソスウォームを導く「牧者」だと紹介した。定期的に地下のエクソスウォームを氷原へ連れ出し、「グローモス」や「グローモサ」といった大型種と合流させ、共にエクソストライダーのもとへ旅をするのだという。\n最終的に、それらはすべてエクソストライダーへと回帰する。\n「それ」は氷原の果てに眠る巨大な機械であり、すべてのエクソスウォームは「それ」から生まれたと言われているそうだ。\n屋内では、野菜を練って焼いた団子や、独特の香りを放つ魚の漬け料理が振る舞われた。\n去り際に写真を撮り、その場で現像して手渡すと、彼らはお返しに不思議な巻貝をくれた。\nその貝殻には、無数の穴が螺旋を描き、幾何学的に並んでいた。隊長によれば、それは彼らが計算に用いる道具なのだという。\n……氷の崖が地平線に消えていくのを見届け、私は窓を閉じた。\n波が船底を打ち、「ドーン……ドーン……」という一定のリズムを伝えてくる。私はそれを静かに聴きながら、次第に濃くなる眠気に身を委ねていった。\n夢の中で、私は再びロイ一族の人々に出会った。\n彼らは窓の外で吹き荒れる風雪に合わせ、私に別れの歌を贈ってくれた――\n「旅路へ、旅路へ\n静寂の中、安らかな夜に\n私は旅路を行く\n\n遠くはない、すぐ足元に\n開かれた扉へ向かい\n黄昏へ、彼方へ\nこの世を越え、憂いを下ろし\n恐れも迷いもなく\n父や母が待ちわび\n旧友も一堂に会す\nあの懐かしい顔\nあの懐かしい顔」	...\nVào buổi chiều trước ngày khởi hành trở về, đội trưởng đã tìm tôi, nói rằng muốn đưa tôi đến một nơi.\nNgày hôm đó là lần đầu tiên, cũng là lần cuối cùng tôi mặc bộ đồ bảo hộ, tôi và các nhân viên khảo sát khoa học khác cùng nhau lên chiếc tàu khảo sát khoa học Icecleaver.\nSau vài chục phút xóc nảy, tôi kìm nén cảm giác buồn nôn, run rẩy bước xuống khỏi phương tiện di chuyển.\nĐó là một ngày khó quên trong suốt cuộc đời tôi - trong một tòa nhà đan xen giữa màu trắng, màu xanh lam và màu tím, có vài người mặc trang phục kỳ lạ đang ngồi đó, bên cạnh họ là một con gấu khổng lồ bằng cơ khí màu trắng đang ngủ gật.\nTôi nhìn đội trưởng với vẻ mặt khiếp sợ, cô ấy nói với tôi rằng: "Liên Minh Cực Địa đang tiến hành xây dựng bí mật, tôi không thể đưa cô đến Lahai-Roi được, nhưng tôi có thể dẫn cô đi làm quen với người bản địa ở đây là 'Tộc Roya'. Bọn họ chủ yếu sống ở dưới lòng đất, nhưng cũng có một số ít khu cắm trại trên vùng băng giá."\nTôi nhớ từng chi tiết của ngày hôm đó, chúng tôi đã ở đó cả một buổi chiều, nhưng lại cảm thấy thời gian trôi qua thật ngắn ngủi.\nTôi không hiểu họ nói gì, phải thông qua sự truyền đạt lại của đội trưởng - người rất am hiểu ngôn ngữ của họ thì mới có thể giao tiếp với họ, mặc dù vậy, tôi cũng có thể cảm nhận được họ vô cùng thân thiện.\nHọ giới thiệu mình là những người chăn thả chịu trách nhiệm dẫn dắt Exoswarm, cứ cách một khoảng thời gian lại dẫn dắt Exoswarm dưới lòng đất đến vùng băng giá, hội quân cùng những Exoswarm khổng lồ trên vùng băng giá như Glommoths và Glommothas, và cùng nhau băng đèo lội suối hướng về phía Exostrider.\nCuối cùng, những Exoswarm này sẽ quay trở về với Exostrider - Vị thần là cỗ máy khổng lồ đang chìm trong giấc ngủ say ở tận cùng của vùng băng giá, người ta nói rằng mọi Exoswarm đều bắt nguồn từ Vị thần đó.\nTrong nhà, họ đã chia sẻ với tôi một loại rau nướng dạng viên tròn, cùng một món cá ướp có mùi thơm độc đáo.\nTrước khi rời đi chúng tôi đã chụp ảnh chung, tôi đã in ra ngay tại chỗ để tặng cho họ, còn họ thì tặng lại tôi một chiếc vỏ ốc biển kỳ lạ - trên đó có vô số những khoảng trống, được sắp xếp có quy luật theo hình xoắn ốc. Theo lời của đội trưởng, đây là công cụ được họ sử dụng để tính toán.\n...\nKhi vách băng dần biến mất nơi chân trời, tôi đóng cửa sổ mạn tàu lại.\nSóng biển vỗ vào đáy tàu, vang lên những tiếng "keng - keng" có nhịp điệu, tôi lặng lẽ lắng nghe, cảm thấy cơn buồn ngủ dần kéo đến.\nTrong giấc mơ, tôi lại gặp những người của Tộc Roya đó, họ hòa cùng với gió tuyết của vùng băng giá ngoài cửa sổ, tấu lên cho tôi khúc ca chia tay -\n"Bước lên con đường phía trước, bước lên con đường phía trước\nThật tĩnh lặng, trong đêm khuya thanh bình\nTôi đang bước lên con đường phía trước\n\nKhông hề xa xôi, ngay dưới chân mình\nHướng về phía cánh cửa mở rộng\nHướng về ánh hoàng hôn, hướng về phương xa\nĐem chuyện trần thế kết thúc, đem bao phiền muộn trút bỏ\nKhông cần phải sợ hãi bàng hoàng nữa\n\nCha mẹ đang mỏi mắt ngóng trông\nBạn cũ cũng tề tựu đông đủ\nNhững gương mặt quen thuộc đó\nNhững gương mặt quen thuộc đó"
lang_multi_text.db	AreaReportContent_Text77	3.4	Hội thoại/Cốt truyện	Hệ thống/Thế giới			……\n这一天，先行公约的科考团首次踏足了这片冰面上的土地，并首次发现了在冰原上引导着隧群回归隧者的罗伊族。\n科考团看着眼前这些“牧人”一般的罗伊族，神情难掩激动，他们将拉海洛视作现代最伟大的发现之一。\n与与此同时，与外界隔绝了不知多少代人的罗伊人也打量着这些奇装异服的外来客，萌生了对拉海洛以外世界的好奇。\n……\n在返航途中，科考团团长便撰写出了一篇关于拉海洛的报道，从行文的每一处都流露出他激动与惊喜，她断定自己即将将要成为名留史册的传奇科考专家。\n“在遥远的极地上，存在着一个与世隔绝的奇异文明，他们是一支历史悠久原始部族，生活在极地冰盖之下的广袤世界，其服饰与现代人截然不同……他们懂得放牧，但牧群竟然是机械的牛羊，甚至还有机械的巨象……”\n然而，当这篇传奇报道发回先约总部后，事情的发展却出乎了所有科考队员的预料。他们没有被大肆宣传，没有成为闻名遐迩的冒险家——实际上，他们在抵达总部后受到了严格的监督管控。\n彼时的先行公约高层认为，这一“轰动的消息”或许将引发难以预计的骚乱。\n最终，先行公约封锁了与拉海洛相关的信息——这只科考队的一切都如同不曾存在过一样。	...\n\nOn this day, the Pioneer Association's expedition team set foot upon the frozen land for the first time and made their initial contact with the Roya, who guided the Exoswarm across the ice and led them back to the Exostrider.\n\nThe researchers gazed at the Roya acting like shepherds, their faces unmistakably lit with excitement. In their eyes, Lahai-Roi was destined to become one of the greatest discoveries of the modern age. The Roya, cut off from the outside world for countless generations, in turn studied these strangely dressed visitors with equal curiosity, awakening to the existence of a world beyond Lahai-Roi.\n\n...\n\nDuring the return voyage, the expedition leader immediately began drafting a report on Lahai-Roi, with every line brimming with excitement and wonder. She was convinced she stood on the threshold of history, soon to be remembered as a legendary explorer.\n\n"In the distant polar reaches lies a strange civilization, isolated from the world. They are an ancient people who dwell beneath the polar ice cap, within a vast hidden realm. Their attire bears no resemblance to that of modern society... They practice herding, but their herds are not of flesh and blood. Instead, they guide mechanical cattle and sheep, and even colossal, elephant-like machines..."\n \nYet when this account reached the headquarters of the Pioneer Association, events took a turn none of the expedition members had anticipated. There was no public announcement, no celebration of discovery. Instead, upon their arrival, the team was placed under strict supervision.\nThe Association's leadership believed that such a "sensational revelation" might provoke unrest on a scale impossible to predict. \n\nIn the end, all information related to Lahai-Roi was sealed. The expedition and everything it had uncovered were treated as though they had never existed.	……\nあの日、「先駆条約」の調査隊は、初めてこの極寒の大地に降り立った。\nそこで彼らは、機械の群れ「エクソスウォーム」を導き、その主である「エクソストライダー」のもとへ帰す不思議な人々――「ロイ一族」を発見したのである。\n調査隊は、目の前に現れた「牧者」のような彼らの姿に、興奮を隠せなかった。この「ラハイロイ」の発見こそが、現代における最も偉大な偉業の一つになる――彼らはそう確信したのだ。\n一方、長きにわたり外界と隔絶されてきたロイ一族もまた、奇妙な装いの訪問者たちを興味深げに観察し、外の世界への好奇心を静かに募らせていた。\n……\n帰路につく船の中で、調査隊の隊長はラハイロイに関するレポートを書き上げた。その行間からは、抑えきれない興奮と驚きが溢れ出していた。彼女は自らが、歴史に名を刻む伝説的な探検家になることを疑っていなかった。\n「遥か彼方の極地に、世間から隔絶された奇妙な文明が存在する。彼らは長い歴史を持つ民族であり、厚い氷の下に広がる世界で暮らしている。その装いは、現代人とは似ても似つかない……彼らは放牧を行うが、その家畜は機械の牛や羊であり、中には巨大なマンモスのような個体さえ存在するのだ……」\nしかし、この世紀の発見を記したレポートが本部に届くと、事態は誰も予想しなかった方向へ進んだ。彼らの功績が大々的に発表されることも、名誉ある探検家として称えられることもなかった――それどころか、本部に到着した彼らを待っていたのは、厳重な監視と軟禁だった。\n当時の上層部は、この「衝撃的なニュース」が世界に予期せぬ混乱を招くと判断したのである。\n結局、先駆条約はラハイロイに関するすべての情報を封鎖した。この調査隊の存在そのものが、まるで初めからなかったかのように闇に葬られたのだ。	...\nVào ngày này, đoàn khảo sát khoa học của Hiệp Ước Tiên Phong lần đầu tiên đặt chân lên vùng đất trên mặt băng này, và lần đầu tiên phát hiện ra Tộc Roya đang dẫn dắt Exoswarm quay trở về với Exostrider trên vùng băng giá.\nĐoàn khảo sát khoa học nhìn những Tộc Roya giống như "người chăn thả" trước mắt này, nét mặt khó giấu nổi sự kích động, họ coi Lahai-Roi là một trong những phát hiện vĩ đại nhất thời hiện đại.\nCùng lúc đó, những người Roya đã cách biệt với thế giới bên ngoài bao nhiêu thế hệ cũng đang quan sát những vị khách ngoại lai mặc trang phục kỳ lạ này, nảy sinh sự tò mò về thế giới bên ngoài Lahai-Roi.\n...\nTrên đường trở về, đoàn trưởng của đoàn khảo sát khoa học đã viết một bài báo cáo về Lahai-Roi, từ mọi nơi trong câu chữ đều bộc lộ sự kích động và bất ngờ của anh ấy, cô ấy đinh ninh rằng em sắp trở thành một chuyên gia khảo sát khoa học huyền thoại lưu danh sử sách.\n"Tại vùng cực địa xa xôi, có một nền văn minh kỳ lạ cách biệt với thế giới, họ là một bộ tộc nguyên thủy có lịch sử lâu đời, sinh sống ở một thế giới rộng lớn dưới lớp băng cực địa, trang phục của họ hoàn toàn khác biệt với người hiện đại... Họ biết chăn thả, nhưng bầy đàn lại là những con bò và cừu cơ khí, thậm chí còn có cả con voi khổng lồ bằng cơ khí..."\nTuy nhiên, khi bài báo cáo huyền thoại này được gửi về trụ sở của Hiệp Ước Tiên Phong, sự việc diễn ra lại nằm ngoài dự đoán của tất cả các thành viên trong đội khảo sát. Họ không được tuyên truyền rầm rộ, không trở thành những nhà thám hiểm lừng danh - trên thực tế, sau khi đến trụ sở, họ đã bị giám sát và quản lý nghiêm ngặt.\nGiới chức cấp cao của Hiệp Ước Tiên Phong lúc bấy giờ cho rằng, "tin tức chấn động" này có thể sẽ gây ra những cuộc bạo loạn khó lường.\nCuối cùng, Hiệp Ước Tiên Phong đã phong tỏa mọi thông tin liên quan đến Lahai-Roi - Mọi thứ về đội khảo sát khoa học này đều giống như chưa từng tồn tại.
lang_multi_text.db	AreaReportContent_Text78	3.4	Hội thoại/Cốt truyện	Hệ thống/Thế giới			然而，如此重大的发现要完全保密几乎是不可能的事。\n有部分机构突破消息封锁，获得了来自内线的情报，并开始私自派遣调查团登陆拉海洛，试图抢先占有“新大陆”的发现成果。\n部分自诩来自「文明世界」的人，将罗伊族视作落后的部族，并不打算以文明世界的准则对待他们。\n他们向罗伊人提供外部世界中寻常不过的物资、甚至已被时代淘汰的的科技产物，试图用廉价的手段换得罗伊人的信任与感恩。\n然而大部分罗伊人并不会为之所动，他们有选择地隐瞒了关于隧者的关键信息，配合扮演着“落后部族”的形象，实际上则暗中辨明着各势力的真实目的。\n……\n在各国商讨建设「极地联合」的会议上，一名「昭日者」的出现，彻底扭转了文明世界对于罗伊族的看法（编者注：关于此事的详细记载可见《罗伊算式抄卷之一》）。\n最终，罗伊族不仅保全了自身，还令外界认识到了若要探索拉海洛，若要研究隧者与隧群，一定离不开他们的协助。\n……	However, it soon became clear that discoveries of such magnitude could not be kept secret for long.\n\nCertain organizations managed to break through the information blockade and acquired intelligence from internal sources. They began dispatching their own survey teams to Lahai-Roi in secret, hoping to seize credit for the discovery of this so-called "new land" before others. Some of those who claimed to represent the "civilized world" regarded the Roya as a backward people and had no intention of treating them by the standards they professed. They offered the Roya supplies commonplace in the outside world, even including technologies long rendered obsolete, seeking to earn trust and gratitude through cheap concessions. \n\nMost of the Roya, however, were not swayed. They deliberately withheld critical information concerning the Exostrider and, when necessary, cooperated in performing the role of a "primitive tribe," all the while quietly discerning the true intentions of the various factions involved.\n\n…\n\nAt the international summit convened to discuss the construction of the Polar Collective, the appearance of a Solsworn fundamentally overturned the world's perception of the Roya (Editor's note: a detailed account of this event can be found in Royan Formulae Transcripts - Preface I).\n\nIn the end, the Roya not only safeguarded themselves, but also made the outside world understand that any attempt to explore Lahai-Roi or to study the Exostrider and the Exoswarm would be impossible without their cooperation.\n\n…	だが、これほど重大な発見を完全に隠し通すことなど、到底不可能だった。\n情報封鎖をかいくぐった一部の組織は、無断でラハイロイへ調査隊を派遣し、「新大陸」発見の成果を独占しようと、我先にと群がったのである。\n自らを「文明人」と称する彼らは、ロイ一族を「遅れた未開人」と見下し、敬意を払うことすらなかった。外の世界ではありふれた物資や、すでに時代遅れとなった技術を恩着せがましく与え、安直な取引によって信頼を得ようとしたのだ。\nしかし、ロイ一族の多くは動じなかった。彼らはあえて「無知な部族」を演じることで、「エクソストライダー」に関する核心を巧みに隠し、侵入者たちの真の目的を冷静に見極めていたのである。\n……\nその後、「ポーラー・コレクティブ」の設立会議において、一人の「<ano=太陽に契りし者>ソル・スウォーン</ano>」が現れたことで、ロイ一族に対する世界の認識は一変する。（編者注：詳細は『ロイ算式抄録・序篇一』を参照）\n結果として、ロイ一族は自らの安全を守り抜くことに成功した。それだけでなく、ラハイロイの探索および機械生命体研究において、彼らの協力が不可欠であるという事実を、世界に認めさせたのである。	Tuy nhiên, một khám phá trọng đại như vậy mà muốn giữ bí mật hoàn toàn gần như là điều không thể.\nCó một số tổ chức đã phá vỡ sự phong tỏa tin tức, thu được tình báo từ nội bộ, và bắt đầu tự ý phái các đoàn điều tra đổ bộ lên Lahai-Roi, với ý đồ giành trước thành quả khám phá "Tân Lục Địa".\nMột số người tự xưng là đến từ "Thế giới văn minh", coi Tộc Roya là những bộ tộc lạc hậu, và không có ý định đối xử với họ theo các tiêu chuẩn của thế giới văn minh.\nHọ cung cấp cho người Roya những vật tư quá đỗi bình thường ở thế giới bên ngoài, thậm chí là những sản phẩm công nghệ đã bị thời đại đào thải, cố gắng dùng những thủ đoạn rẻ mạt để đổi lấy sự tin tưởng và lòng biết ơn của người Roya.\nTuy nhiên, hầu hết người Roya đều không hề động lòng, họ có chọn lọc trong việc che giấu những thông tin then chốt về Exostrider, phối hợp đóng vai "bộ tộc lạc hậu", nhưng trên thực tế lại đang ngấm ngầm phân biệt mục đích thực sự của các thế lực.\n...\nTrong cuộc họp thảo luận về việc xây dựng "Liên Minh Cực Địa" của các quốc gia, sự xuất hiện của một "Solsworn" đã hoàn toàn đảo ngược cách nhìn của thế giới văn minh về Tộc Roya (Ghi chú của người biên tập: Ghi chép chi tiết về sự việc này có thể xem tại "Bản Sao Chép Công Thức Roya Lời Tựa 1").\nCuối cùng, Tộc Roya không chỉ bảo vệ được bản thân, mà còn khiến thế giới bên ngoài nhận ra rằng nếu muốn khám phá Lahai-Roi, nếu muốn nghiên cứu Exostrider và Exoswarm, nhất định không thể thiếu sự trợ giúp của họ.\n...
lang_multi_text.db	AreaReportContent_Text79	3.4	Hội thoại/Cốt truyện	Hệ thống/Thế giới			……\n已知，在一次悲鸣中，索拉里斯的地轴与磁极产生了偏移。当拉海洛成为新的极点时，第一次灭绝随之发生，大量近地卫星与空间站也坠落在冰原之上。\n部分坠落的空间站短暂地成为罗伊人最初的庇护所，帮助部分罗伊先民在剧烈的气候变化中幸存。而这些空间站与卫星中残留的数据，成为了他们对计算与规律的启蒙。\n……\n在这些年的探索中，大部分坠落的空间站和卫星残骸都已被定位并发掘。部分空间站受虚质磁暴影响，数据完全无法恢复，但仍有相当数量的空间站留存着珍贵的数据，成为照亮未来者的火炬。\n……\n发现新的空间站遗迹。根据发现者的报告，该空间站名为天槎空间站。科考站已向天槎空间站派出前期探索队。	…\n\nIt is now known that Solaris's axial alignment and magnetic poles were displaced during a Lament. When Lahai-Roi became the new pole, the first extinction followed soon after. Vast numbers of near-orbit satellites and space stations fell from the sky, crashing onto the frostlands.\nSome of them briefly became the earliest shelters of the Roya, allowing a group of their ancestors to survive the violent climatic upheaval. The data preserved within these stations and satellites served as the Roya's first introduction to calculation and patterns.\n\n…\n\nOver the years of exploration, most of the fallen stations and satellite remnants have been located and excavated. A number of stations suffered irreversible damage from Void Storms, causing their data to be entirely unrecoverable. Even so, a considerable portion of them still retain invaluable archives, standing as torches carried by those who seek to illuminate the future.\n\n…\n\nA new space station ruin has been discovered. According to the discoverer's report, the station is designated SkyArk Space Station. The Polar Research Outpost has dispatched a preliminary expedition team to it.	……\n周知の通り、ある「悲鳴」を境として、ソラリスの地軸と磁極には致命的なズレが生じた。ラハイロイが新たな極点となったその瞬間、「第一次絶滅」が引き起こされ、無数の人工衛星や宇宙ステーションが氷原へと墜落したのである。\n墜落したステーションの一部は、ロイ一族の祖先たちにとって最初のシェルターとなり、激変する気候から彼らを守り抜いた。そして、残された膨大なデータ群は、彼らに「計算」と「法則」を授け、文明を導く希望の光となったのだ。\n……\n近年の調査により、墜落残骸の大部分はすでに特定され、発掘作業が進められている。ヴォイドストームの影響によってデータが消失したものも存在するが、多くのステーションには貴重な記録が残されており、今なお、未来を歩む者たちを照らす灯火となっている。\n……\nそして新たに、未知の宇宙ステーション遺跡が発見された。報告によれば、その名は「スカイアーク」。観測基地は、この報を受けるや否や、直ちに先遣隊を現地へ派遣した。	...\nĐược biết, trong một lần Bi Minh, trục Trái Đất và từ cực của Solaris đã bị lệch. Khi Lahai-Roi trở thành cực mới, cuộc đại tuyệt chủng đầu tiên đã diễn ra ngay sau đó, một lượng lớn vệ tinh quỹ đạo thấp và trạm không gian cũng rơi xuống Vùng Băng Giá.\nMột phần các trạm không gian rơi xuống này đã tạm thời trở thành nơi trú ẩn đầu tiên của người Roya, giúp một bộ phận tổ tiên của người Roya sống sót trong sự thay đổi khí hậu khắc nghiệt. Và những dữ liệu còn sót lại trong các trạm không gian và vệ tinh này, đã trở thành bài học vỡ lòng của họ về tính toán và quy luật.\n...\nTrong những cuộc khám phá vào những năm này, hầu hết các tàn tích trạm không gian và vệ tinh rơi xuống đều đã được định vị và khai quật. Một số trạm không gian bị ảnh hưởng bởi Bão Từ Voidmatter, dữ liệu hoàn toàn không thể khôi phục, nhưng vẫn còn một lượng khá lớn trạm không gian lưu giữ những dữ liệu quý giá, trở thành ngọn đuốc soi sáng cho những người đến từ tương lai.\n...\nPhát hiện ra tàn tích trạm không gian mới. Theo báo cáo của người phát hiện, trạm không gian này có tên là Trạm Không Gian SkyArk. Trạm khảo sát khoa học đã cử đội khám phá tiền trạm đến Trạm Không Gian SkyArk.\n\n# ===== PART 004 =====
lang_multi_text.db	AreaReportContent_Text8	3.4	Hội thoại/Cốt truyện	Hệ thống/Thế giới			《瑝珑志异：三头灾鸟》\n荒石高地，曾经是一片水土丰美的河谷，从这里发源的诸多水流滋养着下游。\n海蚀现象发生后的异常天气使得水源大部分枯竭，湖区只剩下残余少许水体，无音区和残象也随之出现。\n没有人知道那只三头凶鸟是何时诞生的，它如同食腐的秃鹫一般窥视着灾殃，出现在任何可能孕育“死亡”的地方。\n而荒石高地作为人类抗击残象潮的前线，历年来已有无数战士流血牺牲于此，灾厄之鸟久久盘踞，乃至如同真正的鸟类一般，构筑了自己的巢穴，在湖区旁边的鹰嘴崖上静候着生灵的死亡。\n人们总说，当它离开了荒石高地的巢穴，或许预示着今州无止无休的战事即将停止，但却又有人对此心怀忧惧——毕竟无人能够知晓，它的下一个巢穴将筑在何处。	<i>Strange Tales from Huanglong: Three-Headed Calamity</i>\n \nDesorock Highland, once a fertile river valley, was the source of many streams that nourished the lands downstream.\n \nAfter the onset of the Waveworn Phenomenon, abnormal weather patterns drained most of these water sources, leaving the lake area dry and giving rise to Tacet Fields and TDs.\n \nNo one knows when the bird first appeared, but like a carrion-hunting vulture, it looms over the land as an omen of disaster, appearing wherever death may be found.\n \nAs the frontline in the fight against TD Outbreaks, Desorock Highland became a graveyard for countless warriors. The Bird of Calamity lingered so long that it even built its nest on the Olecranon Cliff by the lake, waiting for death to claim those nearby.\n \nSome believe its departure from the Highland signals the end of the endless battles in Jinzhou, but fear remains, for no one knows where its next nest will be built.	『瑝瓏奇譚：三つ頭の災鳥』\nかつて、石崩れの高地は水と土に恵まれた河谷であった。ここを起点に水流が多岐に分かれ、下流を潤していた。\n海蝕現象発生後の異常気象で、水源の大部分は枯渇した。湖の辺りにはわずかな水のみが残り、無音区や残像まで現れた。\n三つ頭の恐ろしい鳥がいつ誕生したのかは、誰も知らない。その鳥は腐肉を食らうハゲワシのように災いが訪れるのを待ち、「死」の匂いをかぎつけて現れる。\n人類と残像潮の戦いの最前線である石崩れの高地では、長年にわたり無数の戦士が命を落としてきた。長らくこの場所に留まる災厄の鳥は本物の鳥のように巣を築き、湖畔の鷹啄崖で生物の死を静かに待ち続けている。\n災鳥が石崩れの高地の巣を離れる時、それは今州の果てなき戦争の終わりを意味しているのだろう、と人々は言う。だが同時に、不安を抱いている人もいる――離れたところで、どのみち次に巣を作るのはどこなのか、誰も知ることはできないのだから。	«Ghi Chép Hoàng Long: Chim Tai Ương Ba Đầu»\nCao Địa Hoàng Thạch, từng là một thung lũng sông nước màu mỡ, nhiều dòng nước bắt nguồn từ đây đã nuôi dưỡng vùng hạ lưu.\nThời tiết bất thường do hiện tượng xói mòn biển gây ra đã làm cạn kiệt phần lớn nguồn nước, khu vực hồ chỉ còn lại một lượng nước dư thừa nhỏ, Vùng Vô Thanh và Tàn Tượng cũng theo đó xuất hiện.\nKhông ai biết con chim dữ ba đầu kia ra đời từ khi nào, nó giống như kền kền ăn xác thối dòm ngó tai ương, xuất hiện ở bất cứ nơi nào có thể ấp ủ sự "tử vong".\nMà Cao Địa Hoàng Thạch làm tiền tuyến để con người chống lại thủy triều Tàn Tượng, nhiều năm qua đã có vô số chiến sĩ đổ máu hy sinh tại đây, chim tai ương chiếm cứ rất lâu, thậm chí giống như loài chim thực sự, cấu trúc sào huyệt của riêng mình, chờ đợi cái chết của sinh linh ở trên Vách Ưng Chủy bên cạnh khu vực hồ.\nMọi người luôn nói, khi nó rời khỏi sào huyệt Cao Địa Hoàng Thạch, có lẽ dự báo chiến sự không ngừng nghỉ ở Kim Châu sắp kết thúc, nhưng lại có người ôm nỗi lo lắng sợ hãi về chuyện này - Dù sao cũng không ai có thể biết được, sào huyệt tiếp theo của nó sẽ xây ở đâu.
lang_multi_text.db	AreaReportContent_Text80	3.4	Hội thoại/Cốt truyện	Hệ thống/Thế giới			……\n天槎空间站工程由稷廷方主导推进，具备长期开展近地空间有人参与科学实验、空间技术实验与综合开发利用太空资源能力。\n……\n空间站的主要任务是：捕获天空海液滴并研究其性质、航天员长期驻留、研发并掌握空间转移技术、为终将到来的宇宙航行奠定基础、积累经验。在完成三组实验舱、六艘货运飞船等共16次飞行任务后，天槎空间站宣告全面建成，目前已转入应用与发展阶段。\n……\n目前，天空海液滴研究计划的第一阶段已完成，转移装置的性能趋于稳定，可在近地环境中投入使用。\n……\n第二阶段任务已启动实施。\n愿与各位同乘智识之舟，共游星海。	…\nThe SkyArk Space Station project was spearheaded by the Court of Savantae for sustained, crewed, near-orbital scientific research, space technology experimentation, and the integrated development of extraterrestrial resources.\n\n…\n\nIts core mission objectives are:\n\n- Capturing and analyzing Etheric Sea Droplets.\n\n- Supporting long-duration astronaut habitation to facilitate the R&D and eventual mastery of spatial transportation technologies.\n\n- Accumulating the operational experience required to lay the groundwork for humanity's future deep-space exploration.\n\nFollowing sixteen successful launch and docking missions, including three experimental modules and six cargo resupply flights, SkyArk was declared fully constructed and has now entered its operational phase.\n\n…\n\nAt present, Phase One of the Etheric Sea Droplet Research Program has concluded. The performance of the Mass Relay Device has reached a stable threshold, enabling its operational deployment within near-Solaris environments.\n\n…\n\nPhase Two has now been officially initiated.\nMay we journey together upon the vessel of knowledge and roam the sea of stars.	……\n「稷廷」の主導により進められてきたスカイアーク計画。本計画は、ソラリス近傍における長期的な有人実験および技術開発、ならびに宇宙資源の総合的活用を目的としている。\n……\n当ステーションの主な任務は、「天空海」の雫の捕獲および研究、宇宙飛行士の長期滞在、そして空間移転技術の確立にあり、これらはすべて、やがて訪れる本格的な宇宙航行時代への礎を築き、必要な知見と経験を蓄積するためのものである。\n3基の実験モジュールと六機の貨物船を含む、計十六回に及ぶ飛行任務はすべて完了した。ここにスカイアークは落成を宣言し、現在は実用および発展のフェーズへと移行している。\n……\n現在、「天空海」の液滴研究における第一段階は完了。移転装置の動作も安定しつつあり、地球近傍での実用化が可能となっている。\n……\nそして、第二段階の任務はすでに開始されている。\n諸君と共に、この「叡智の舟」に乗り、星の海へ漕ぎ出せる日が来ることを切に願っている。	...\nDự án Trạm Không Gian SkyArk do Viện Savantae chủ đạo thúc đẩy, có khả năng triển khai dài hạn các thí nghiệm khoa học có sự tham gia của con người ở không gian gần Trái Đất, thí nghiệm công nghệ không gian và phát triển toàn diện sử dụng tài nguyên vũ trụ.\n...\nNhiệm vụ chính của trạm không gian là: Thu thập các Giọt Biển Thiên Không và nghiên cứu tính chất của chúng, phi hành gia lưu trú dài hạn, nghiên cứu phát triển và làm chủ công nghệ di chuyển không gian, đặt nền móng và tích lũy kinh nghiệm cho các chuyến du hành vũ trụ sẽ đến vào một ngày nào đó. Sau khi hoàn thành 3 tổ hợp khoang thí nghiệm, 6 tàu vũ trụ chở hàng, tổng cộng 16 nhiệm vụ bay, Trạm Không Gian SkyArk tuyên bố hoàn thành toàn diện, hiện tại đã chuyển sang giai đoạn ứng dụng và phát triển.\n...\nHiện tại, giai đoạn 1 của dự án nghiên cứu Giọt Biển Thiên Không đã hoàn thành, hiệu suất của Thiết Bị Chuyển Tiếp Khối Lượng có xu hướng ổn định, có thể đưa vào sử dụng trong môi trường gần Trái Đất.\n...\nNhiệm vụ giai đoạn 2 đã được khởi động thực hiện.\nNguyện cùng mọi người ngồi chung con thuyền tri thức, dạo chơi khắp Biển Thiên Không.
lang_multi_text.db	AreaReportContent_Text81	3.4	Hội thoại/Cốt truyện	Hệ thống/Thế giới			……\n在过去，拉海洛是一片具于寒带中的峡湾，无数森林与湖泊分布其中。\n在此之中，有两个尤为重要的地区：其一是一片林地，它是彼时是罗伊族祖先取得生存资源的重要场所，被称作“元林”，意为“树木生长的地方”；其二则是一处湖泽，它是古时拉海洛的第一大湖，也是族内最重要的淡水来源，被称作为“渐湖”，意为“无边的水泽”。\n在磁极变化后，拉海洛成为新的极点，被厚重的冰雪覆盖，元林中的树木被封入冻土与冰层之中，渐湖亦因极低的气温差点化作了厚重冰盖的一部分。\n但万幸的是，在渐湖一旁的高崖上，因为地质运动生成了一处盐晶温泉，其日夜不竭地将暖流汇入渐湖中，使得渐湖成为了难得一见的不冻湖。	...\n\nIn the distant past, Lahai-Roi was a fjordland within the frigid zone, where countless forests and lakes lay scattered across the land.\n\nAmong them, two regions were of particular importance. The first was a vast forest that once served as a primary source of sustenance for the ancestors of the Roya. It was known as Upphaf Forest, meaning "the place where trees grow." The second was a great lake—the largest in ancient Lahai-Roi and the most vital source of fresh water for the people. It was called Ginnungamere, meaning "the boundless waters."\n\nAfter the shift of the magnetic poles, Lahai-Roi became the new pole and was buried beneath heavy ice and snow. The trees of Upphaf Forest were sealed within permafrost and glaciers, while Ginnungamere, under the extreme cold, nearly became part of the vast ice sheet itself.\n\nBy rare fortune, however, geological upheaval had formed a salt-crystal hot spring along the high cliffs beside Ginnungamere. Its ceaseless warmth flows into the lake day and night, preserving it as a rare ice-free lake amid the frozen world.	……\nかつて、ラハイロイは寒帯の峡湾にあり、無数の森と湖が広がる場所だった。\n中でも、特に重要な場所が二つあった。一つは「始元林」。一つは「始元林」。ロイ一族の祖先が生きる糧を得ていた林地であり、その名は「木々が生い茂る場所」を意味する。\nもう一つは「ギンヌンガミール」。かつて最大規模を誇った湖で、貴重な水源でもあった。その名は「果てしない水沢」を意味している。\nしかし、磁極の変化によってラハイロイは新たな極点となり、やがて厚い氷と雪に閉ざされることとなった。始元林は凍土と氷の下に封じ込められ、ギンヌンガミールもまた、極寒の中で凍結の危機に瀕した。\nだが幸いなことに、地殻変動によって崖の上から「塩結晶温泉」が湧き出した。枯れることのないその暖流が注ぎ込み続けたおかげで、ギンヌンガミールは奇跡的に「凍らない湖」となったのである。	...\nTrong quá khứ, Lahai-Roi là một vịnh hẹp nằm trong đới lạnh, có vô số khu rừng và hồ nước phân bố trong đó.\nTrong số này, có hai khu vực đặc biệt quan trọng: Thứ nhất là một khu rừng, đó là nơi quan trọng để tổ tiên Tộc Roya xưa kia lấy tài nguyên sinh tồn, được gọi là "Rừng Upphaf", có nghĩa là "nơi cây cối sinh trưởng"; Thứ hai là một vùng đầm hồ, đây là hồ lớn nhất của Lahai-Roi thời cổ đại, cũng là nguồn nước ngọt quan trọng nhất trong tộc, được gọi là "Ginnungamere", có nghĩa là "vùng nước vô biên".\nSau khi từ cực thay đổi, Lahai-Roi trở thành cực mới, bị bao phủ bởi lớp băng tuyết dày đặc, cây cối trong Rừng Upphaf bị phong ấn trong lớp đất đóng băng và lớp băng, Ginnungamere cũng vì nhiệt độ quá thấp mà suýt chút nữa hóa thành một phần của lớp băng phủ dày.\nNhưng may mắn thay, trên vách đá cao bên cạnh Ginnungamere, do hoạt động địa chất đã tạo ra một suối nước nóng tinh thể muối, ngày đêm không ngừng chảy dòng nước ấm vào Ginnungamere, khiến Ginnungamere trở thành một hồ nước không đóng băng hiếm thấy.
lang_multi_text.db	AreaReportContent_Text82	3.4	Hội thoại/Cốt truyện	Hệ thống/Thế giới			……\n随着先行公约的踏足，与世隔绝的拉海洛得以初次与文明世界相遇。而此时罗伊族人内部出现了两种截然不同的态度。\n大部分罗伊族人对外界的事物不为所动，他们坚持着自身的使命与文化传统，坚持着族中一直以来的生活方式。\n但也有少部分人，他们对于外部世界的好奇心压过了对于族中的规训——他们试图出卖隧者与隧群的残骸，以此作为进入文明世界的“入场券”。这些人被认定为忘却与唾弃了使命的罗伊族，他们被族人驱逐，被称作为“流民”。\n在进入拉海洛的调查团野蛮生长的时期，这些“流民”曾自诩为族人中的“开化者”，认为自己才是与文明世界接轨的人。\n但是，随着「极地联合」建立，以及罗伊族人自身也坐上谈判桌成为了影响拉海洛局势的一环，这些“流民”最终成为了不被任何一方所承认的游荡势力。\n……\n随着罗伊冰原的探索工作推进，元林遗址的挖掘行动获得了突出进展，元林再生舱得以建立——它为人们描摹出了远古时期广袤的元林的图景。\n这一发现为背弃族群的流民们提供了新的方向——他们来到元林遗址附近，期望找到远古时期的家园，为没有根基的流民群体找到新的归宿。	...\n\nAs the Pioneer Association set foot in Lahai-Roi, the land long sealed from the outside world encountered the so-called civilized world for the first time. Within the Roya, this encounter gave rise to two sharply divergent attitudes.\n\nMost of the Roya remained unmoved by the outside world. They held fast to their mission and cultural traditions, preserving the way of life their people had upheld for generations. A small group, however, found their curiosity toward the world beyond ice outweighed the disciplines of their people. They attempted to barter fragments of the Exostrider and the Exoswarm, treating these relics as an "entrance ticket" into the civilized world. Such individuals were deemed to have forgotten and betrayed their vision. They were cast out by their kin and came to be known as the Outcasts.\n\nDuring the chaotic early period when independent expedition teams flooded into Lahai-Roi, these Outcasts once styled themselves as the "enlightened" among the Roya, believing they alone were fit to bridge the gap between Lahai-Roi and the civilized world. Yet as the Polar Collective was established, and the Roya themselves took seats at the negotiating table as active agents shaping Lahai-Roi's future, the Outcasts were recognized by neither side and gradually became marginalized.\n\n…\n\nAs exploration of the Roya Frostlands advanced, excavation of the Upphaf Forest Ruins yielded significant breakthroughs, leading to the construction of the Upphaf Life Chamber. Through it, scholars reconstructed a vision of the vast primeval forest as it once was. \n\nThis discovery offered the Outcasts a new direction. Gathering near the Upphaf Forest Ruins, they sought traces of an ancient homeland, hoping to reclaim a sense of origin and to find a place of belonging for a people long without roots.	……\n「先駆条約」の到来と共に、長らく隔絶されていたラハイロイは、初めて文明世界と接触することになった。この時、一族の中には二つの相反する態度が生まれた。\n多くの者は外界の変化に動じることなく、自らの使命と伝統、そして昔ながらの生活様式を固く守ろうとした。\nだが一部の者は、掟よりも外の世界への好奇心を優先させた。彼らは機械生命体の残骸を売り渡し、それを文明世界への「入場券」としようとしたのである。\n彼らは使命を忘れた裏切り者と見なされ、同胞から追放されて「流れ者」と呼ばれた。\n調査隊が無秩序に出入りしていた時期、彼らは自らを「革新者」と称し、自分たちこそが文明世界との架け橋だと自負していた。\nしかし「ポーラー・コレクティブ」が設立され、ロイ一族が正式に交渉の場につくと、彼らの役割は急速に失われていく。結局、いずれの勢力からも顧みられない「はみ出し者」となってしまったのだ。\n……やがて氷原の探索が進み、「始元林遺跡」の発掘が成果を上げ始めると、状況が変わる。「始元林の再生チャンバー」が建設され、太古の森の光景が蘇ったのだ。\nこの発見は、行き場を失っていた流れ者たちに新たな希望をもたらした。彼らは遺跡の近くに集い、失われた故郷を探し当て、そこを安住の地としようと願い始めたのである。	...\nCùng với việc Hiệp Ước Tiên Phong đặt chân đến, Lahai-Roi vốn cách biệt với thế giới bên ngoài đã có cơ hội lần đầu tiên gặp gỡ thế giới văn minh. Và lúc này, trong nội bộ người Tộc Roya đã xuất hiện hai thái độ hoàn toàn trái ngược nhau.\nHầu hết người Tộc Roya đều không mảy may lay động trước những sự vật của thế giới bên ngoài, họ vẫn kiên trì với sứ mệnh và truyền thống văn hóa của bản thân, kiên trì với lối sống từ trước đến nay trong tộc.\nNhưng cũng có một số ít người, sự tò mò của họ đối với thế giới bên ngoài đã vượt qua những quy định của trong tộc - họ cố gắng bán đi tàn tích của Exostrider và Exoswarm, lấy đó làm "tấm vé vào cửa" để bước vào thế giới văn minh. Những người này bị coi là những người Roya đã lãng quên và phỉ báng sứ mệnh, họ bị người trong tộc xua đuổi, được gọi là "Kẻ Lưu Đày".\nTrong thời kỳ các đoàn điều tra xâm nhập Lahai-Roi một cách hoang dã, những "Kẻ Lưu Đày" này từng tự xưng là "người khai hóa" trong tộc, cho rằng bản thân mình mới là người tiếp nối thế giới văn minh.\nNhưng, cùng với việc "Liên Minh Cực Địa" được thành lập, và việc chính người Tộc Roya cũng ngồi vào bàn đàm phán trở thành một mắt xích ảnh hưởng đến cục diện của Lahai-Roi, những "Kẻ Lưu Đày" này cuối cùng đã trở thành thế lực lang thang không được bất kỳ bên nào công nhận.\n...\nCùng với việc thúc đẩy công tác khám phá Băng Nguyên Roya, hoạt động khai quật Di Chỉ Rừng Upphaf đã đạt được tiến triển vượt bậc, Buồng Tái Sinh Rừng Upphaf đã được thành lập - nó đã vẽ nên bức tranh về khu rừng Upphaf rộng lớn thời viễn cổ cho mọi người.\nPhát hiện này đã cung cấp hướng đi mới cho những Kẻ Lưu Đày phản bội bầy đàn - họ đã đến gần Di Chỉ Rừng Upphaf, kỳ vọng tìm thấy quê hương thời viễn cổ, tìm một chốn dung thân mới cho quần thể Kẻ Lưu Đày không có gốc rễ.
lang_multi_text.db	AreaReportContent_Text83	3.4	Hội thoại/Cốt truyện	Hệ thống/Thế giới			……\n曾有一位旅者曾拜访罗伊人的部族。旅者展示出的异象，证实了其与“巴德尔”的深厚联系。\n……\n旅者以此请求与当时的秘日六席对话。我们几乎从未与外界产生联系，关于是否答应这位旅者的请求，内部也有诸多不同的意见。而“巴德尔”与旅者的联系是如此深刻而不容忽视，我们不应将受其眷顾的存在拒绝于部族之外。最终，秘日六席决定向旅者发出会面的邀请。\n他们具体的谈话内容，当时的秘日六席并未誊录，只有关键的信息被保留下来：“巴德尔”本是为护送▇▇而生的存在。\n……\n在“巴德尔”最后一次运输▇▇时，其与▇▇遭遇。在到达目标地点▇▇▇前，“巴德尔”已因与██的战斗身负重伤，此后仍与▇▇持续战斗，直至来到这片我们生息的土地。\n即使这位旅者与“巴德尔”的联系确凿无疑，这些消息仍然在上层中造成了冲击。冲击过后，我们也不得不承认：这些信息与罗伊神话的段落相互印证，应相信其为真相——这即是“巴德尔”的起源。\n在商议后，当时的秘日六席决定暂时封存这些消息。\n……\n如今，深空联合已开始运转，研究院正在逐渐触及“巴德尔”的本质。当时的旅者将“巴德尔”的来处告知于我等，或许正是需要我们在此刻将这些信息分享给各位。\n愿深空联合的计划能够顺利……愿照耀冰原的巨人再次起身。	…\n\nA traveler once visited the Roya tribes, presenting a peculiar sign that confirmed a deep connection with Baldur.\n\n…\n\nThe traveler requested an audience with the Heliodic Six. Our people had almost never interacted with the outside world, and there were divided opinions on whether to grant such a request. Yet the traveler's connection to Baldur was undeniable, and we could not turn away one so clearly favored by this being. In the end, the Heliodic Six decided to extend an invitation.\n\nThe specifics of their conversation were never fully recorded. Only key information survived: \nBaldur was originally born to escort ▇▇.\n\n…\n\nDuring Baldur's final transport of ▇▇, it encountered ▇▇ and, before reaching the intended destination ▇▇▇, had already been gravely injured in combat with ██. Baldur continued to battle ▇▇ until arriving on the land where we now live.\n\nEven with the confirmed connection between the traveler and Baldur, the information caused a shock among the high-ups. Yet upon reflection, it could not be ignored: these accounts aligned with passages from Roya mythology and could reasonably be accepted as truth. This was, undoubtedly, the origin of Baldur. After deliberation, the Heliodic Six chose to temporarily seal these records.\n\n…\n\nToday, the Spacetrek Collective is fully operational, and the Research Institute is gradually uncovering the essence of Baldur. The traveler who revealed Baldur's origin to us may have done so knowing that the time had come to share this information more widely.\n\nMay the plans of the Spacetrek Collective proceed smoothly… May the giant who lights the frostlands rise once more.	……\nかつて、一人の旅人がロイ族の元を訪れた。その旅人が示した不思議な力は、彼と「バルドル」との深い絆を証明するものであった。\n旅人はその絆を理由に、当時の指導者層「<ano=日隠れの六席>ヘリオディック・シックス</ano>」との対話を求めた。\n普段、外界と関わりを持たない我々の内部では、この要求を受け入れるべきかどうか、激しい議論が交わされた。\nしかし、「バルドル」の加護を受けた者を拒むことはできない。最終的に、六席は旅人を招き入れる決断を下した。\n対話の詳細は記録されなかったが、核心となる情報だけは残された。すなわち――「バルドル」は本来、■■を護衛するために生まれた存在である、という事実である。\n……\n「バルドル」は■■を運ぶ最後の任務中に■■と遭遇し、目的地である■■■に着く前に重傷を負いながらも戦い続け、ついに我々の住むこの地へ墜落した。\nこの事実は、当時の上層部に大きな衝撃を与えた。\nだが我々は認めざるを得なかった。その話は我々の神話と符合しており、真実であると信じるほかはなかった。これこそが、「バルドル」の真の起源である。\n協議の末、これらの情報は一時的に封印されることとなった。\n……\nそして今、「スペーストレック・コレクティブ」が動き出し、研究院は「バルドル」の本質へと迫りつつある。あの旅人が真実を告げたのは、いつかこの情報を共有すべき時が来ることを予期してのことかもしれない。\n計画の成功を――そして、氷原を照らす巨人が再び立ち上がることを、我々は心から願っている。	...\nĐã từng có một lữ khách đến thăm bộ tộc của người Roya. Lữ khách này thể hiện ra dị tượng, chứng minh mối liên hệ sâu sắc giữa người đó và "Baldur".\n...\nLữ khách đã dùng điều này để yêu cầu đối thoại với Lục Tịch Bí Nhật lúc bấy giờ. Chúng ta gần như chưa bao giờ có liên hệ với thế giới bên ngoài, về việc có đồng ý với yêu cầu của lữ khách này hay không, trong nội bộ cũng có rất nhiều ý kiến khác nhau. Nhưng mối liên hệ giữa "Baldur" và lữ khách này lại sâu sắc đến mức không thể phớt lờ, chúng ta không nên từ chối sự tồn tại được nó chiếu cố ra khỏi bộ tộc. Cuối cùng, Lục Tịch Bí Nhật đã quyết định gửi lời mời gặp mặt đến lữ khách.\nNội dung cuộc nói chuyện cụ thể của họ, Lục Tịch Bí Nhật lúc bấy giờ không hề sao chép lại, chỉ có những thông tin then chốt được lưu giữ lại: "Baldur" vốn là sự tồn tại được sinh ra để hộ tống ▇▇.\n...\nTrong lần "Baldur" vận chuyển ▇▇ cuối cùng, nó đã chạm trán với ▇▇. Trước khi đến được địa điểm mục tiêu ▇▇▇, "Baldur" đã bị trọng thương do chiến đấu với ██, sau đó vẫn tiếp tục chiến đấu với ▇▇, cho đến khi đến được vùng đất nơi chúng ta đang sinh sống này.\nNgay cả khi mối liên hệ giữa vị lữ khách này và "Baldur" là chắc chắn không thể chối cãi, những tin tức này vẫn tạo ra sự chấn động trong giới thượng tầng. Sau khi sự chấn động qua đi, chúng ta cũng buộc phải thừa nhận: những thông tin này và các đoạn của thần thoại Roya có thể chứng minh cho nhau, nên tin rằng nó là sự thật - đây chính là nguồn gốc của "Baldur".\nSau khi bàn bạc, Lục Tịch Bí Nhật lúc bấy giờ đã quyết định tạm thời phong ấn những tin tức này.\n...\nNgày nay, Liên Minh Không Gian Sâu đã bắt đầu vận hành, Viện nghiên cứu đang dần chạm đến bản chất của "Baldur". Vị lữ khách lúc bấy giờ đã cho chúng ta biết nơi đến của "Baldur", có lẽ chính là muốn chúng ta chia sẻ những thông tin này cho mọi người vào thời khắc này.\nNguyện cho kế hoạch của Liên Minh Không Gian Sâu có thể thuận lợi... Nguyện cho người khổng lồ chiếu rọi vùng băng giá sẽ đứng lên một lần nữa.
lang_multi_text.db	AreaReportContent_Text84	3.4	Hội thoại/Cốt truyện	Hệ thống/Thế giới			……\n与昭日者会谈后，研究院提出的猜想被确认。而其中与▇▇相关的信息，则引起了来自瑝珑的研究者们的注意。一批研究者据此展开了与▇▇再生相关的研究，但遗憾的是，▇▇▇体系至今也处在我们无法触碰与理解的维度。\n在不久后，这项研究便被搁置了。目前我们的第一目标，仍然是研究出稳定的外源性共鸣方式，以确保隧者能够在▇▇到来时启动。\n……\n此外，谈话中提到的旅者，其下落不明。关于其身份的推断，也在一段时间后搁置。\n深空联合建立后，我们面临的挑战不止是学术上的，也有各方组织的渗透乃至于破坏。文明的阴影不止有鸣式一种，面对当前的危机，我们不得不允许一些小小的谜题继续存在。	…\n\nFollowing the audience with the Solsworn, the Research Institute's hypotheses were confirmed. Among these, information related to ▇▇ drew the attention of researchers from Huanglong. A group of scholars subsequently began studies into ▇▇'s regeneration. Unfortunately, the ▇▇▇ system is still a dimension beyond our current reach and understanding.\n\nSoon after, this line of research was suspended. Our primary objective remains the development of a stable method of Augmented Resonance, ensuring that the Exostrider can activate when ▇▇ arrives.\n\n…\n\nFurthermore, the traveler mentioned during the discussion has since gone missing. Attempts to determine this person's identity were eventually abandoned. \n\nWith the establishment of the Spacetrek Collective, the challenges we face extend beyond academia. Various organizations now seek to infiltrate or even sabotage our work. Civilization casts its shadows in more ways than the Threnodian alone. In the face of the current crisis, we have had no choice but to leave certain small mysteries unresolved.	……\n<ano=太陽に契りし者>ソル・スウォーン</ano>との会談を経て、研究院の仮説は裏付けられた。\nとりわけ、■■に関する情報は、瑝瓏の研究者たちの関心を強く引いた。\n一部の研究者が■■の再生について調査を始めたが、残念ながら■■■の仕組みは、いまだ我々の理解の及ばぬ領域にあった。\nほどなくして、その研究は中断された。我々の最優先目標は、あくまで安定した外源性共鳴方式を確立し、■■到来の際に「エクソストライダー」を確実に起動させることである。\n……\nまた、会談で話題に上った「旅人」の行方も、いまだ判明していない。その正体に関する考察も、一旦保留とされた。\n「スペーストレック・コレクティブ」の発足以降、我々が直面しているのは学術的課題だけではない。各組織によるスパイ活動や、破壊工作への対処も迫られている。\n文明に差す影は、「鳴式」だけではないのだ。目の前の危機を乗り越えるためには、急務でない問題には目をつぶり、見過ごすほかないのだろう。	...\nSau khi hội đàm với Solsworn, giả thuyết do Viện nghiên cứu đưa ra đã được xác nhận. Và trong đó, những thông tin liên quan đến ▇▇, đã thu hút sự chú ý của các nhà nghiên cứu đến từ Hoàng Long. Một nhóm nhà nghiên cứu dựa vào đó đã triển khai các nghiên cứu liên quan đến sự tái sinh của ▇▇, nhưng đáng tiếc là, hệ thống ▇▇▇ cho đến nay vẫn nằm trong chiều không gian mà chúng ta không thể chạm tới và thấu hiểu.\nKhông lâu sau đó, nghiên cứu này đã bị gác lại. Hiện tại mục tiêu số 1 của chúng ta, vẫn là nghiên cứu ra phương thức cộng hưởng ngoại sinh ổn định, để đảm bảo Exostrider có thể khởi động khi ▇▇ đến.\n...\nNgoài ra, lữ khách được nhắc đến trong cuộc nói chuyện, hiện không rõ tung tích. Việc suy đoán về thân phận của người đó, cũng đã bị gác lại sau một thời gian.\nSau khi Liên Minh Không Gian Sâu được thành lập, những thách thức mà chúng ta phải đối mặt không chỉ là về mặt học thuật, mà còn là sự xâm nhập thậm chí là phá hoại của các tổ chức khác. Cái bóng của nền văn minh không chỉ có một loại là Minh Thức, đối mặt với cuộc khủng hoảng hiện tại, chúng ta buộc phải cho phép một số bí ẩn nhỏ bé tiếp tục tồn tại.
lang_multi_text.db	AreaReportContent_Text85	3.4	Hội thoại/Cốt truyện	Hệ thống/Thế giới			【00:00:11】\n我们从黯原深井中出来了！前辈你快看那个——那个是……那到底是什么？\n【00:00:27】\n那或许就是日脉源木。我听罗伊人推测过日灵归树后的真正去处，它们会在归树后逐渐失去形体，化作温暖的日光，沿着“根系”而下……\n【00:00:55】\n失去形体？那……日灵归树会感到痛苦吗？\n【00:01:00】\n我不知道。但应该不会。\n【00:01:05】\n你怎么知道？\n【00:01:07】\n我猜的。如果日灵这种生命的本能就是归树，那从隧者存在的逻辑，以及自然演化的角度上来说，祂就不会为它们的这个行为赋予痛觉。因为这是它们生命的必然流程，所以一旦启动这个程序，那就应该收获适度的正反馈，这样才能促使它们完成自己的生命周期。\n【00:02:13】\n前辈说的有道理，但是……我总觉得应该不只是这样……\n【00:02:25】\n没关系。安妮卡，说说你的想法吧。	[00:00:11]\nThat's it! We're out of the Dimmr Plains! Hey, look—what... what is that?\n\n[00:00:27]\nThat might be the Solvein Heartwood. I've heard the Roya speculate about where Soliskin really go when they return to the Solistrees. They say they slowly lose their physical form, turning into warm sunlight that flows down along the "root system"...\n\n[00:00:55]\nLose their form? So... does it hurt? When they return to the Solistrees?\n\n[00:01:00]\nI don't know. But I reckon it shouldn't.\n\n[00:01:05]\nHow can you be sure?\n\n[00:01:07]\nIt's just a guess. If a Soliskin's natural instinct is to return to the Solistrees, then from the logic of the Exostrider's existence and the perspective of natural evolution, it wouldn't make sense for them to feel pain. It's an inevitable part of their life cycle. Once the process starts, they should get some kind of positive feedback, something that drives them to complete it.\n\n[00:02:13]\nMakes sense, but... I still feel like there's more to it than that.\n\n[00:02:25]\nThat's okay. Tell me what you're thinking, Annika.	【00:00:11】\nディマー・プレーンズの深い井戸から出られました！\n先輩、あれを見てください！\nあれは……いったい何でしょうか？\n\n【00:00:27】\nあれが日脈の源木かもしれない。\n精霊の帰還後、本当はどこへ向かうのか。以前、ロイ人からその推測を聞いたことがある。\n帰還を終え、徐々に姿を失った精霊は、暖かい日差しへと変わり、「根」に沿って下っていくそうだ……\n\n【00:00:55】\n姿を失う、ですか？\nそれなら……帰還のとき、精霊たちは痛みを感じるんでしょうか？\n\n【00:01:00】\nわからない。だが、おそらく痛みはないと思う。\n\n【00:01:05】\nどうしてそう言えるんですか？\n\n【00:01:07】\nただの勘だ。\n帰還が太陽の精霊の本能だとしよう。エクソストライダーの存在論理や自然の進化から考えて、あのお方が精霊の行動に痛みを与えるとは考えにくい。\nなぜなら、帰還は精霊にとって必然のプロセスだからだ。\n一度始まれば、必ず適度な「正の強化」が伴うはず。そうでなければ、使命を全うするための意欲は生まれない。\n\n【00:02:13】\n先輩のおっしゃる通りかもしれません。\nですが……それだけではない気もするんです。\n\n【00:02:25】\n構わない。アニカ、考えを聞かせてくれ。	[00:00:11]\nChúng ta ra khỏi Giếng Sâu Vùng Vĩnh Ám rồi! Tiền bối anh mau nhìn kìa... đó là... đó rốt cuộc là gì vậy?\n[00:00:27]\nĐó có lẽ là Nguồn Mộc Nhật Mạch. Ta từng nghe người Roya suy đoán về nơi chốn thực sự của Nhật Linh sau khi về với cội cây, chúng sẽ dần mất đi hình thể sau khi trở về, hóa thành ánh mặt trời ấm áp, xuôi theo "rễ cây" mà đi xuống...\n[00:00:55]\nMất đi hình thể? Vậy... Nhật Linh về cây có cảm thấy đau đớn không?\n[00:01:00]\nTa không biết. Nhưng chắc là không.\n[00:01:05]\nSao anh biết?\n[00:01:07]\nTa đoán thôi. Nếu bản năng sinh mệnh của loài Nhật Linh là về với cây, thì xét từ logic tồn tại của Người Hầm Ngầm, cũng như góc độ tiến hóa tự nhiên, Ngài ấy sẽ không ban cho hành vi này của chúng cảm giác đau đớn. Bởi vì đây là quy trình tất yếu trong sinh mệnh của chúng, nên một khi khởi động chương trình này, thì hẳn sẽ nhận được phản hồi tích cực ở mức độ vừa phải, như vậy mới có thể thúc đẩy chúng hoàn thành chu kỳ sinh mệnh của mình.\n[00:02:13]\nTiền bối nói có lý, nhưng... em luôn cảm thấy không chỉ như vậy...\n[00:02:25]\nKhông sao. Annika, nói suy nghĩ của em nghe xem.
lang_multi_text.db	AreaReportContent_Text86	3.4	Hội thoại/Cốt truyện	Hệ thống/Thế giới			【00:02:32】\n我觉得……以我对日灵的研究，我更倾向于从一开始就是日灵们主动选择去这么做的……不是“某一个日灵选择这么做了”，而是“日灵们，决定这么做”。前辈还记得那篇提出了“隧群的个体智能只是节点，但节点构成的网络间存在反馈链和服务器”的论文吗？论文的作者用生物的遗传物质做了类比，用于解释他对隧群演化逻辑的假设。\n【00:04:13】\n我记得，那篇论文提出的假设非常大胆，但数据拟合却是可以复现的，我记忆犹新。\n【00:04:29】\n是的，所以我想，日灵这种生物，虽然和真正的动物或是隧群都有差异，但它们也具备智能和感知情绪的能力。个体日灵拥有的隧者能量很微弱，就算燃烧自己也只能释放出有限的光和热——但这就足以短暂地驱散虚质，或是驱动隧者的元件了，而这样，就能帮助同伴或隧群渡过难关，让它们有更多机会去履行被造物者赋予的使命。因此，当网络上的大量节点都点亮了同样的火时，这种行为也就被记录在了服务器中，从而构成了日灵网络的反馈逻辑……或许，归树从来都不是单个节点选择了终结，也不来源于被造物者设定好的生命指令，它是某种复杂的，尚未解明的运转逻辑共同作用的结果。\n【00:06:04】\n我明白了，你是说，日灵族群中同样诞生了进化演变中的“利他性”？\n【00:06:19】\n是的，而这种“利他性”最终表现出的，就是黯原中央的的日脉源木。\n【00:06:29】\n现在，我们所见的这片落日，即是所有日灵的……\n【00:06:37】\n万火归一。	[00:02:32]\nI think... based on my research on Soliskin, I'm more inclined to believe that this was their choice from the very beginning. Not "a Soliskin chose to do this," but rather "the Soliskin collectively decided to do it." Do you remember that paper, the one that proposed that the individual intelligence of the Exoswarm is just nodes, but the network formed by those nodes contains feedback loops and servers? The author used biological material as an analogy to explain their hypothesis about how the Exoswarm evolved.\n\n[00:04:13]\nI remember. The hypothesis was remarkably bold, yet the data fitting was actually reproducible. It still stands out in my mind.\n\n[00:04:29]\nExactly. So here's what I've been thinking. Soliskin are different from ordinary animals and different from the Exoswarm, but they still have intelligence and the ability to perceive emotion. An individual Soliskin carries only a faint trace of the Exostrider's energy. Even if it burns itself up, it can only release a limited amount of light and heat. But that's enough to briefly disperse Voidmatter, or to power an Exostrider component. And in doing so, it can help its companions, or the Exoswarm, get through a crisis, giving them more chances to fulfill the mission their creator gave them.\n\nSo when countless nodes across the network all kindle the same flame, that behavior gets recorded on the server. That's how the feedback logic of the Soliskin network is formed.\n\nMaybe the Soliskin returning to the Solistrees was never a single node choosing its own end. Maybe it doesn't come from a life instruction set by the creator either. Instead, it's the result of something more complex, an operational logic we still don't fully understand, working in unison.\n\n[00:06:04]\nI see what you mean. You're saying that the Soliskin have also developed "altruism" through evolutionary change?\n\n[00:06:19]\nYes, and this "altruism" ultimately manifests itself as the Solvein Heartwood at the heart of the Dimmr Plains.\n\n[00:06:29]\nWhich means, this sunset we see before us... is the Soliskin's...\n\n[00:06:37]\nA thousand flames burning as one.	【00:02:32】\nはい……精霊たちの生態から言えば、最初から彼らが自発的にそう決めていたと考えたほうが自然に思えます。\n「ある精霊がそう行動した」のではなく、「精霊という種族全体がそう決断した」ということです。\n以前、こんな論文がありましたよね。\n「エクソスウォームの個体は単なる端末に過ぎない。しかし、そのネットワークには情報を統括するサーバーと、フィードバックの連鎖が存在する」という内容です。\nその著者は、エクソスウォームの進化のメカニズムを遺伝物質に例えて説明していました。\n\n【00:04:13】\nああ、覚えている。\nとても大胆な仮説だったが、データの検証には高い再現性があり、強く印象に残っている。\n\n【00:04:29】\nその通りです。だから私は、こう考えました。\n精霊は本物の動物やエクソスウォームとは違いますが、知能や感情を読み取る能力は同じように備わっているのではないでしょうか。\n精霊の個体が持つエクソストライダーのエネルギーはごくわずかで、自らを燃やして放てる光と熱には限界があります。\nそれでも、短時間ならヴォイドマターを退けたり、エクソストライダーのパーツを動かしたりするには十分です。\nそうやって身を削ることで、仲間や群れが危機を乗り越える手助けができ、創造主から与えられた使命を果たすチャンスも増やせるのです。\nそして、ネットワーク上の多くの個体が同じように火を灯せば、その行動はサーバーに記録され、精霊のネットワークにおける新たな行動原理となります。\nもしかすると帰還とは、個体が選んだ死でも、創造主に組み込まれたプログラムでもないのかもしれません。\n未だ解明されていない、複雑な協同効果が生み出した結果なのではないでしょうか。\n\n【00:06:04】\nなるほど、わかった。\nつまり、太陽の精霊という種にも、進化の過程で「利他性」が生まれたということか。\n\n【00:06:19】\nはい。そしてその「利他性」が形になったもの。\nそれが、ディマー・プレーンズの中心にある「日脈の源木」なのでしょう。\n\n【00:06:29】\n今、私たちが見ているこの夕暮れは……\nすべての太陽の精霊の……\n\n【00:06:37】\n集合体なのです。	[00:02:32]\nEm thấy... dựa vào nghiên cứu của em về Nhật Linh, em nghiêng về giả thuyết ngay từ đầu Nhật Linh đã chủ động chọn làm như vậy... không phải "một Nhật Linh nào đó chọn làm như vậy", mà là "những Nhật Linh, quyết định làm như vậy". Tiền bối còn nhớ bài luận văn đưa ra "Trí tuệ cá thể của Đàn Hầm Ngầm chỉ là các điểm nút, nhưng giữa mạng lưới do các điểm nút tạo thành có chuỗi phản hồi và máy chủ" không? Tác giả luận văn đã dùng vật chất di truyền của sinh vật để so sánh, nhằm giải thích giả thuyết của anh ấy về logic tiến hóa của Đàn Hầm Ngầm.\n[00:04:13]\nTa nhớ, giả thuyết mà luận văn đó đưa ra vô cùng táo bạo, nhưng việc khớp dữ liệu lại có thể tái hiện, ta vẫn nhớ như in.\n[00:04:29]\nVâng, cho nên em nghĩ, loài sinh vật như Nhật Linh, tuy có khác biệt với động vật thực sự hay Đàn Hầm Ngầm, nhưng chúng cũng có trí tuệ và khả năng cảm nhận cảm xúc. Năng lượng Người Hầm Ngầm mà cá thể Nhật Linh sở hữu rất yếu ớt, cho dù có đốt cháy bản thân cũng chỉ tỏa ra ánh sáng và nhiệt lượng có hạn... nhưng như vậy cũng đủ để xua tan Hư Chất trong thời gian ngắn, hoặc khởi động linh kiện của Người Hầm Ngầm rồi, và như vậy, có thể giúp đồng loại hoặc Đàn Hầm Ngầm vượt qua khó khăn, cho chúng thêm cơ hội để thực hiện sứ mệnh mà đấng tạo hóa ban cho. Do đó, khi một lượng lớn điểm nút trên mạng lưới đều thắp lên ngọn lửa giống nhau, hành vi này cũng được ghi lại trong máy chủ, từ đó tạo thành logic phản hồi của mạng lưới Nhật Linh... Có lẽ, việc về cây chưa bao giờ là sự lựa chọn kết thúc của một điểm nút đơn lẻ, cũng không bắt nguồn từ mệnh lệnh sinh mệnh do đấng tạo hóa thiết lập, nó là kết quả tác động chung của một loại logic vận hành phức tạp nào đó chưa được giải mã.\n[00:06:04]\nTa hiểu rồi, ý em là, trong quần thể Nhật Linh cũng sinh ra "tính vị tha" trong quá trình tiến hóa?\n[00:06:19]\nVâng, và thứ cuối cùng mà "tính vị tha" này thể hiện ra, chính là Nguồn Mộc Nhật Mạch ở trung tâm Vùng Vĩnh Ám.\n[00:06:29]\nBây giờ, hoàng hôn mà chúng ta đang thấy, chính là của mọi Nhật Linh...\n[00:06:37]\nVạn lửa hòa làm một.
lang_multi_text.db	AreaReportContent_Text87	3.4	Hội thoại/Cốt truyện	Hệ thống/Thế giới			提交人：洛瑟菈\n呈报对象：深空联合战略风险评估委员会\n一、调查背景与目的\n自本年度第三周以来，拉海洛全境观测到以下异常现象：\n1，虚质磁暴活跃周期骤缩至72标准时，频次提升约40%；\n2，区域虚质浓度较去年同期环比增长31.7%，且增长曲线尚未出现平缓趋势；\n3，低频段鸣式频率干扰现象频发，部分监测站记录到来源不明的谐振波动。\n依据《拉海洛虚质防护安全条例》,并鉴于上述异常指标与鸣式外溢事件的前兆特征高度吻合，故委托特聘顾问对黯原地区封存地进行紧急复查。\n执行人员：绯雪（鸣式对策组专员）\n调查地点：黯原封存地·止庭\n二、执行人员调查记录\n以下内容根据绯雪口述及行动终端记录整理：\n止庭的刀还在，但是刃口接触的地面有虚质熔蚀的痕迹。\n是。隧门另一边的东西正在加剧积蓄力量，但我无法判断它具体什么时候行动。\n……我为这把刀重新注入了频率，至少短期内，阿列夫一的力量无法逾越这里。\n记录完毕。\n三、调查结论\n综合绯雪的实地勘验及后续频谱数据分析，现就黯原封存地状况形成以下结论：\n封印主体结构仍保持完整，未出现实质破裂或外溢迹象；\n但裂隙下方的虚质活性反应呈持续上升趋势，与近期磁暴频次、浓度增长形成正相关佐证；\n基于上述，判断鸣式“阿列夫一”封印失效的时间窗口正在缩短。\n四、建议与提请事项\n鉴于当前形势，本人提请深空联合虚质科学部审议以下事项：\n立即解封“夜幕”计划预备阶段，提升拉海洛全境虚质灾害预警等级至二级响应；\n加速实战用机兵及虚质对策机兵的机体调试进程，优先完成对隧者基础框架的修复与动态负载测试；\n授权组建虚质快速反应小组，由绯雪担任战术指导，负责黯原周边区域的动态监测及应急处置；\n以上调查结论及建议，请联合审议。\n提交人签名：洛瑟菈\n【附录】相关数据附表\n表1：近三十观测日虚质浓度变化曲线\n表2：低频鸣式频率干扰记录摘要\n表3：绯雪行动终端影像记录（加密）\n（以上附表随文呈报，共计17页）	Presenter: Lucilla\nRecipient: Strategic Risk Assessment Committee, Spacetrek Collective\n\nI. Investigation Background and Objective\nSince the third week of this fiscal year, the following anomalies have been observed across Lahai-Roi:\n\n1. The active cycle of Void Storms has abruptly shortened to 72 standard hours, with frequency increasing by approximately 40%.\n2. Regional Voidmatter concentrations have increased by 31.7% compared to the same period last year, with the curve growth showing no signs of flattening.\n3. Low-frequency Threnodian interference phenomena are occurring frequently, with several monitoring stations recording harmonic fluctuations of unknown origin.\n\nIn accordance with the "Lahai-Roi Voidmatter Protection and Safety Regulations," and given that the above anomalous indicators closely match the precursor characteristics of a Threnodian overflow event, a special consultant has been commissioned to conduct an emergency reinspection of the Sealed Fissure site in the Dimmr Plains.\n\nOperator: Hiyuki (Counter-Threnodian Response Force Specialist)\nInvestigation Site: Dimmr Plains Sealed Fissure - Ceased Court\n\nII. Operator Investigation Record\nThe following content is compiled from Hiyuki's oral account and Terminal records:\n\nThe blade at the Ceased Court is still in place, but the ground where its edge makes contact shows traces of Voidmatter contamination.\nCorrect. The entity on the other side of the Stridergate is intensifying its power accumulation, but I cannot determine when it will act.\n...I have reinfused my frequency into the blade. At the very least, Aleph-1's power cannot cross this point for the time being.\n\nEnd of record.\n\nIII. Investigation Conclusions\nBased on Hiyuki's on-site survey and subsequent spectrum data analysis, the following conclusion has been reached regarding the state of the Dimmr Plains' Sealed Fissure:\n\nThe primary structure of the seal remains intact, with no signs of substantial rupture or overflow. However, Voidmatter activity beneath the fissure shows a sustained upward trend, positively correlating with the recent increase in Void Storm frequency and concentration. Based on the above, the window of time before the seal on the Threnodian Aleph-1 fails is narrowing.\n\nIV. Recommendations and Matters for Review\nGiven the current situation, I respectfully submit the following matters for review by the Spacetrek Collective Department of Voidmatters:\n\n• Immediately lift the preparatory phase of Duskveil and raise the Voidmatter disaster early warning level across Lahai-Roi to Level Two.\n• Accelerate the calibration process for combat and counter-Voidmatter Mechascouts, prioritizing the completion of repairs to the Exostrider's basic framework and dynamic load testing.\n• Authorize the formation of a Voidmatter Rapid Response Team, with Hiyuki serving as Tactical Director, responsible for dynamic monitoring and emergency response in the Dimmr Plains area.\n\nThe above investigation conclusions and recommendations are submitted for joint review.\nApplicant: Lucilla\n\n[Appendix] Data Tables\nTable 1: Voidmatter Concentration Trends for the Past Thirty Observation Days\nTable 2: Summary of Low-Frequency Threnodian Interference Records\nTable 3: Hiyuki Terminal Recordings (Encrypted)\n\n(The above tables are submitted with this document, 17 pages in total.)	報告者：ルシラー\n報告対象：スペーストレック・コレクティブ戦略リスク評定委員会\n\n一、調査の背景および目的\n本年度の第三週以降、ラハイロイ全域にて以下の異常現象が観測された。\n\n1、ヴォイドストームの活発周期が72標準時へと急激に短縮し、発生頻度が約40％上昇した。\n2、各エリアのヴォイドマター濃度が前年同期比で31.7％増加し、増加の勢いは未だ衰えていない。\n3、鳴式周波数による低周波帯の干渉が頻発し、一部の観測施設では発生源不明の共振波が記録された。\n\nこれらの異常は、鳴式漏洩事件の前兆と一致する。\nそのため、『ラハイロイヴォイドマター防護安全条例』に基づき、特別顧問の緋雪に緊急調査を依頼した。\n調査対象は、ディマー・プレーンズの封印の地である。\n\n実行者：緋雪（鳴式特別対策班所属の対策官）\n調査地点：ディマー・プレーンズ封印の地・凪の庭\n\n二、実行者の調査記録\n以下は、緋雪の口述および行動デバイスの記録をまとめたものである。\n\n凪の庭の刀はまだ残っておる。されど、刃先が触れた地面にはヴォイドマターの侵食痕が見受けられる。\nストライダーゲートの向こう側にあるものは、力の蓄積を早めておるようだが、いつ動き出すかまでは読めぬ。\n……刀には改めて周波数を注ぎ込んでおいた。しばらくの間、アレフ1の力がここを越えることはあるまい。\n\n記録終了。\n\n三、調査の結論\n緋雪の実地調査とスペクトルデータの分析結果から、現在の封印の地について以下の結論を導き出した。\n\n封印そのものに破損はなく、実質的な破裂や流出は確認されなかった。\nしかし、リフト下方におけるヴォイドマターの活性化反応は上がり続けている。\nこれは、直近のヴォイドストームの頻度および濃度の上昇と明確な相関関係にある。\n以上から、鳴式「アレフ1」の封印が失効するまでの時間は、確実に短縮しつつあると判断する。\n\n四、提案と申請事項\n現在の状況を踏まえ、スペーストレック・コレクティブ ヴォイドマター学部に下記事項の審議を提案する。\n\n「ダスクベール」計画の準備段階を直ちに解除し、ラハイロイ全域のヴォイドマター災害警戒レベルを「レスポンス2」へ引き上げる。\n実戦用およびヴォイドマター対策用メカスカウトの調整を急ぎ、エクソストライダーの基本構造の修復と動的負荷テストを優先的に完了させる。\nヴォイドマター即応チームの編成を許可し、ディマー・プレーンズ周辺の継続的な監視と応急処置を担当させる。また、緋雪を戦術指導役に任命する。\n\n以上の結論および提案について、速やかな審議を求める。\n\n報告者署名：ルシラー\n\n【付録】関連データの別表\n表1：直近30日間のヴォイドマター濃度変化曲線\n表2：低周波帯の鳴式周波数干渉記録（抜粋）\n表3：行動時、緋雪のデバイスによる映像記録（暗号化済）\n（合計17ページの別表を報告書と共に提出）	Người đệ trình: Lucilla\nĐối tượng báo cáo: Ủy ban Đánh giá Rủi ro Chiến lược Liên minh Không gian\n\nI. Bối cảnh và mục đích điều tra\nKể từ tuần thứ ba của năm nay, toàn bộ khu vực Lahai-Roi đã quan sát thấy các hiện tượng bất thường sau:\n\n1. Chu kỳ hoạt động của bão từ Hư Vô đột ngột rút ngắn xuống còn 72 giờ tiêu chuẩn, tần suất tăng khoảng 40%.\n2. Nồng độ vật chất Hư Vô trong khu vực tăng 31.7% so với cùng kỳ năm ngoái, và đường cong tăng trưởng vẫn chưa có dấu hiệu chững lại.\n3. Hiện tượng nhiễu sóng tần số Minh Thức ở dải tần thấp xảy ra thường xuyên, một số trạm giám sát ghi nhận được các dao động cộng hưởng không rõ nguồn gốc.\n\nCăn cứ vào "Quy định An toàn Phòng hộ Vật chất Hư Vô Lahai-Roi", và xét thấy các chỉ số bất thường trên cực kỳ trùng khớp với đặc điểm tiền triệu của sự cố rò rỉ Minh Thức, do đó đã ủy thác cho cố vấn đặc biệt tiến hành kiểm tra khẩn cấp Vùng Phong Ấn ở khu vực Đồng Bằng Tối Mịt.\n\nNgười thực hiện: Hiyuki (Chuyên viên tổ đối phó Minh Thức)\nĐịa điểm điều tra: Vùng Phong Ấn Đồng Bằng Tối Mịt - Sân Chờ\n\nII. Ghi chép điều tra của người thực hiện\nNội dung dưới đây được tổng hợp dựa trên lời kể của Hiyuki và ghi chép từ thiết bị đầu cuối:\n\nThanh kiếm ở Sân Chờ vẫn còn đó, nhưng mặt đất nơi lưỡi kiếm chạm vào có vết ăn mòn của vật chất Hư Vô.\nĐúng vậy. Thứ ở phía bên kia Cổng Strider đang tăng tốc độ tích lũy sức mạnh, nhưng ta không thể đoán chính xác khi nào nó sẽ hành động.\n...Ta đã truyền lại tần số vào thanh kiếm này, ít nhất trong thời gian ngắn, sức mạnh của Aleph-1 không thể vượt qua nơi này.\n\nKết thúc ghi chép.\n\nIII. Kết luận điều tra\nTổng hợp từ khảo sát thực địa của Hiyuki và phân tích dữ liệu quang phổ sau đó, hiện đưa ra các kết luận sau về tình trạng Vùng Phong Ấn Đồng Bằng Tối Mịt:\n\nCấu trúc chính của phong ấn vẫn giữ được sự nguyên vẹn, chưa xuất hiện dấu hiệu nứt vỡ hoặc rò rỉ thực tế;\nNhưng phản ứng hoạt động của vật chất Hư Vô bên dưới vết nứt đang có xu hướng tăng liên tục, tạo thành bằng chứng tương quan thuận với sự gia tăng tần suất và nồng độ bão từ gần đây;\nDựa trên những điều trên, phán đoán khoảng thời gian trước khi phong ấn Minh Thức "Aleph-1" mất tác dụng đang dần rút ngắn.\n\nIV. Đề xuất và các vấn đề cần trình lên\nXét tình hình hiện tại, kiến nghị Bộ Khoa học Vật chất Hư Vô Liên minh Không gian xem xét các vấn đề sau:\n\nLập tức gỡ bỏ giai đoạn chuẩn bị của kế hoạch "Duskveil", nâng mức cảnh báo thảm họa vật chất Hư Vô trên toàn Lahai-Roi lên mức ứng phó cấp 2;\nĐẩy nhanh tiến trình thử nghiệm máy móc của robot chiến đấu thực tế và robot đối phó vật chất Hư Vô, ưu tiên hoàn thành việc sửa chữa và kiểm tra tải trọng động đối với cấu trúc cơ bản của Exostrider;\nCấp quyền thành lập đội phản ứng nhanh vật chất Hư Vô, do Hiyuki đảm nhiệm vai trò chỉ đạo chiến thuật, chịu trách nhiệm theo dõi biến động và xử lý khẩn cấp khu vực xung quanh Đồng Bằng Tối Mịt;\n\nXin vui lòng cùng xem xét các kết luận điều tra và đề xuất trên.\n\nChữ ký người đệ trình: Lucilla\n\n[Phụ lục] Bảng dữ liệu liên quan\nBảng 1: Biểu đồ thay đổi nồng độ vật chất Hư Vô trong ba mươi ngày quan sát gần đây\nBảng 2: Tóm tắt ghi chép nhiễu sóng tần số Minh Thức dải tần thấp\nBảng 3: Ghi hình từ thiết bị đầu cuối của Hiyuki (Đã mã hóa)\n\n(Các bảng phụ lục trên được đệ trình kèm theo văn bản, tổng cộng 17 trang)
lang_multi_text.db	AreaReportContent_Text88	3.4	Hội thoại/Cốt truyện	Hệ thống/Thế giới			穗波虹音塔中找到的一段频率，似乎记载了悲鸣发生前的某段数据记录。\n【点此查看历史消息】\n【11：39】穗波疾风：【震惊】我听说，今天有人在穗波中央车站见到灼樱巫女了。\n【11：39】王牌硬汉：？？？车站？坐轨道列车？\n【11：39】波仔不会飞：【疑惑】有图吗？\n【11：40】列车长咖啡厅欢迎您：【图片】【图片】【图片】消息好像是真的。\n【11：41】AAA传统拉古那披萨：【爱心】【爱心】【爱心】巫女姐姐好有气质！是新出道的明星吗？有她的联系方式吗？\n【11：41】王牌硬汉：？\n【11：41】王牌硬汉：你给我放尊重点【发火】。\n【11：41】AAA传统拉古那披萨：诶？我说错话了？我只是想找她代言披萨罢了……\n【11：41】列车长咖啡厅欢迎您：【无语】翔太，布兰多先生是黎那汐塔人，可能没听过苇原的巫女。\n【11：41】我好想下班：可这代灼樱巫女大人的画像都印进历史教科书多少年了……\n【11：42】穗波疾风：布兰多先生，这里有关于灼樱巫女的记载，您可以了解一下。\n【11：42】穗波疾风：页面链接\n【11：42】王牌硬汉：【无语】\n【11：52】AAA传统拉古那披萨：我明白了，看来这位巫女在苇原人心中，就像是英白拉多现世一般……\n【11：53】穗波疾风：是的，虽然可能有点区别，但您这样理解也没错。\n【11：53】AAA传统拉古那披萨：可她看起来和普通的共鸣者也没什么不同啊？\n【11：53】AAA传统拉古那披萨：抱歉，我不太理解苇原的文化，我只是觉得……英白拉多身为为岁主，自然能承担凡人无法承受的重担。但就算是英白拉多大人，也需要寻找传说中的英雄王来和祂并肩战斗。\n【11：53】AAA传统拉古那披萨：<i>回复：列车长咖啡厅欢迎您：……</i>\n而这位永世灼樱巫女大人，无论怎么看，都只是个和我们一样的“人”吧，她会坐列车，会偷偷关注街边的演出……这资料里说她活了数不清的岁月，一直孤身一人，守护苇原到今天。\n【11：53】AAA传统拉古那披萨：可光是出没在车站，都会引起骚动的话……那，原本该属于这位“灼樱巫女”的生活，又去哪了呢？\n【11：55】王牌硬汉：……她身为苇原守护者做出的牺牲。你们这些外地人不会懂的。\n【11：56】AAA传统拉古那披萨：我明白翔太先生的心情，正如我们每个七丘人都深爱着奥古斯塔总督那样。穗波人，也一定都爱着这位巫女。\n【11：58】AAA传统拉古那披萨：但是，在我们七丘也有种说法叫，爱是一种向量。\n【11：58】AAA传统拉古那披萨：她走过的时间太长了。成百上千年的时间里，这位永世灼樱巫女被不同时代的苇原人以不同方式地爱着。\n【11：59】AAA传统拉古那披萨：可是，那么多向量汇聚在一起，它所形成的合力，却只能残忍地让人原地打转。\n【11：59】AAA传统拉古那披萨：在苇原的资料里，人们称她是“永世的灼樱巫女”。\n【11：59】AAA传统拉古那披萨：但我觉得，她其实，只是被永远地留在过去了。\n【00：00】列车长咖啡厅欢迎您：【流泪】	A frequency found inside Neon Tower that seems to contain a record from before the Lament.\n\n[View Previous Messages]\n\n[11:39] Honami Cyclone: [Shocked] I heard someone spotted the Miko of Flaming Sakura at Honami Central Station today.\n\n[11:39] Ace Tough Guy: ??? The station? To take a train?\n\n[11:39] Namipons Can't Fly: [Confused] Any pics?\n\n[11:40] Shashou Cafe Welcomes You: [Image][Image][Image] Looks like the rumors are true.\n\n[11:41] AAA Traditional Ragunnesi Pizza: [Heart][Heart][Heart] Oh, the elegance! Is she a celebrity? Do you have her contact info?\n\n[11:41] Ace Tough Guy: ?\n\n[11:41] Ace Tough Guy: Show some respect [Angry].\n\n[11:41] AAA Traditional Ragunnesi Pizza: Huh? Did I say something wrong? I just wanted to ask her to be in a pizza ad...\n\n[11:41] Shashou Cafe Welcomes You: [Speechless] Shota, Brando is from Rinascita. He's probably never heard of the Ashinohara miko before.\n\n[11:41] Dying2ClockOut: But... hasn't the current miko's portrait been in history textbooks for years?\n\n[11:42] Honami Cyclone: I have a documentary about the Miko of Flaming Sakura for you if you want to check it out, Brando.\n\n[11:42] Honami Cyclone: [Page Link]\n\n[11:42] Ace Tough Guy: [Speechless]\n\n[11:52] AAA Traditional Ragunnesi Pizza: I understand now. So to the people of Ashinohara, this miko is like Imperator walking among them...\n\n[11:53] Honami Cyclone: Yes. Not exactly the same, but... I guess you could put it that way.\n\n[11:53] AAA Traditional Ragunnesi Pizza: But she doesn't seem any different from an ordinary Resonator...\n\n[11:53] AAA Traditional Ragunnesi Pizza: Sorry, there's a lot I don't know about Ashinohara culture. It's just... Imperator is a Sentinel, so naturally They can bear burdens no ordinary person could. But even the great Imperator needed the legendary Hero of Heroes to fight alongside Them.\n\n[11:53] AAA Traditional Ragunnesi Pizza: <i>Replying to: Shashou Cafe Welcomes You:...</i>\nAnd this Miko of Eternal Flaming Sakura is just a "normal person" like us, no matter how you look at it, isn't she? She takes the train, secretly watches street performances... The documentary says she's lived countless ages, completely alone, protecting Ashinohara all this time.\n\n[11:53]AAA Traditional Ragunnesi Pizza: If just showing up at the station causes this much commotion... then what happened to the life that was supposed to belong to this "Miko of Flaming Sakura"?\n\n[11:55] Ace Tough Guy: A stranger like you will never understand the sacrifices she made protecting Ashinohara.\n\n[11:56] AAA Traditional Ragunnesi Pizza: I understand your feelings, Mr. Shota. It's the same feeling we Septimontians have for our Ephor Augusta. The people of Ashinohara must all love this miko deeply.\n\n[11:58] AAA Traditional Ragunnesi Pizza: But in Septimont, we also have a saying—love is a force.\n\n[11:58] AAA Traditional Ragunnesi Pizza: She's spent too long defending these lands. Across hundreds and thousands of years, this Miko of Flaming Sakura was loved by different generations of Ashinohara people in different ways.\n\n[11:59] AAA Traditional Ragunnesi Pizza: But when too many forces pull in different directions, they just end up keeping you stuck in place.\n\n[11:59] AAA Traditional Ragunnesi Pizza: In the documentary, people call her the "Eternal Miko of Flaming Sakura."\n\n[11:59] AAA Traditional Ragunnesi Pizza: But I think she's been left behind in the past forever.\n\n[00:00]Shashou Cafe Welcomes You: [Tears]	穂波ネオンタワーで見つかった周波数の欠片。悲鳴が起きる前の、あるデータが記録されているみたい。\n【タップしてチャット履歴を見る】\n【11:39】穂波の疾風：【びっくり】穂波中央駅で桜灼の巫女を見かけた人がいるらしいよ。\n【11:39】ドライなエース：？？？駅？列車に乗るのか？\n【11:39】ナミポンは飛べない：【困惑】写真は？\n【11:40】ようこそ車掌カフェへ：【画像】【画像】【画像】本当みたいだね。\n【11:41】昔ながらのラグーナピザ：【ハート】【ハート】【ハート】この巫女のお姉さん、すごく上品だね！最近デビューした芸能人？誰か連絡先知らない？\n【11:41】ドライなエース：？\n【11:41】ドライなエース：言葉を慎め！【怒り】\n【11:41】昔ながらのラグーナピザ：え？僕、何かまずいこと言った？ピザのイメージキャラクターをお願いしたいと思っただけなのに……\n【11:41】ようこそ車掌カフェへ：【呆れる】翔太、ブランドさんはリナシータ出身だから、葦ノ原の巫女様を知らないだけだよ。\n【11:41】退勤したい：でも、今の桜灼の巫女様の肖像が歴史の教科書に載ってから、もう何年経つんだろう……\n【11:42】穂波の疾風：ブランドさん、桜灼の巫女について解説した記事があるから、ちょっと読んでみて。\n【11:42】穂波の疾風：リンク先\n【11:42】ドライなエース：【呆れる】\n【11:52】昔ながらのラグーナピザ：なんとなくわかった。この巫女さんは、葦ノ原の人にとってのインペラトル様みたいな存在なんだね……\n【11:53】穂波の疾風：うん。少し違うところもあるけど、そう思ってもらって大丈夫。\n【11:53】昔ながらのラグーナピザ：でも、普通の共鳴者と大して変わらないように見えたけど……\n【11:53】昔ながらのラグーナピザ：ごめん、葦ノ原の文化をまだよく理解できてなくて。ただ……インペラトル様は歳主だから、一般人には背負いきれない重責にも耐えられる。でも、そんなインペラトル様でさえ、肩を並べて戦うための「伝説の英雄王」を探す必要があったよね？\n【11:53】昔ながらのラグーナピザ：<i>返信：ようこそ車掌カフェへ：……：</i>\nでも、この「永世の桜灼の巫女」様は、どう見ても僕たちと同じ人間にしか見えない。列車にも乗るし、気になるパフォーマンスを見に行ったりもするし……資料には、数え切れないほどの年月を生き、たった一人で葦ノ原を守ってきたって書いてあるけど。\n【11:53】昔ながらのラグーナピザ：でも、駅で目撃されただけでこんな騒ぎになるなら……「桜灼の巫女」が自分に使う時間って、いったいどこへ行ってしまったんだろう？\n【11:55】ドライなエース：……葦ノ原の守護者として、あの方がどれほどの犠牲を払ってきたか。よそ者にはわからないさ。\n【11:56】昔ながらのラグーナピザ：翔太さんの気持ちはわかるよ。僕たちセブン・ヒルズ人がオーガスタ総督を敬愛しているように、穂波の人たちも、この巫女さんを心から愛しているんだね。\n【11:58】昔ながらのラグーナピザ：でも、セブン・ヒルズには「愛は一種のベクトルだ」という言葉もあるんだ。\n【11:58】昔ながらのラグーナピザ：その「桜灼の巫女」はあまりにも長い時間を歩んできたと思う。幾千年もの間、彼女もきっと時代ごとの葦ノ原人に、さまざまな形で愛されてきたんだから。\n【11:59】昔ながらのラグーナピザ：でも、それほど多くのベクトルが作り出す「合力」は、残酷なまでに人を縛りつける。\n【11:59】昔ながらのラグーナピザ：葦ノ原の資料を見ると、人々は彼女を「永世桜灼の巫女」と呼んでいるね。\n【11:59】昔ながらのラグーナピザ：でも僕には、彼女がただ永遠に過去へ取り残されているだけのように思えてならないんだ。\n【00:00】ようこそ車掌カフェへ：【泣き】	Một đoạn tần số tìm thấy trong Tháp Neon Honami, dường như ghi lại một đoạn dữ liệu nào đó trước khi Bi Minh xảy ra.\n[Nhấp vào đây để xem tin nhắn lịch sử]\n[11:39]Honami Cyclone: [Sốc] em nghe nói, hôm nay có người nhìn thấy Vu Nữ Hỏa Anh ở Ga Trung Tâm Honami.\n[11:39]Ace Tough Guy:??? Ga tàu? Đi tàu điện á?\n[11:39]Namipons Can't Fly: [Nghi hoặc] Có ảnh không?\n[11:40]Shashou Cafe Welcomes You: [Hình ảnh][Hình ảnh][Hình ảnh] Tin này có vẻ là thật.\n[11:41]AAA Traditional Ragunnesi Pizza: [Trái tim][Trái tim][Trái tim] Chị Miko khí chất quá đi! Là ngôi sao mới ra mắt sao? Có cách thức liên lạc của chị ấy không?\n[11:41]Ace Tough Guy:?\n[11:41]Ace Tough Guy: Tôn trọng chút đi nha [Tức giận].\n[11:41]AAA Traditional Ragunnesi Pizza: Ơ? em nói sai gì sao? em chỉ muốn tìm cô ấy làm người đại diện cho pizza thôi mà...\n[11:41]Shashou Cafe Welcomes You: [Cạn lời] Shota, anh Brando là người Rinascita, có lẽ chưa từng nghe nói đến Miko của Ashinohara.\n[11:41]Dying2ClockOut: Nhưng chân dung của vị Vu Nữ Hỏa Anh đời này đã được in vào sách giáo khoa lịch sử bao nhiêu năm rồi mà...\n[11:42]Honami Cyclone: Anh Brando, ở đây có ghi chép về Vu Nữ Hỏa Anh, anh có thể tìm hiểu thử xem.\n[11:42]Honami Cyclone: Liên kết trang\n[11:42]Ace Tough Guy: [Cạn lời]\n[11:52]AAA Traditional Ragunnesi Pizza: em hiểu rồi, xem ra vị Miko này trong lòng người Ashinohara, giống như Imperator hiện thế vậy...\n[11:53]Honami Cyclone: Đúng vậy, tuy có thể hơi khác một chút, nhưng anh hiểu như vậy cũng không sai.\n[11:53]AAA Traditional Ragunnesi Pizza: Nhưng cô ấy trông cũng chẳng khác gì Cộng Hưởng Giả bình thường mà?\n[11:53]AAA Traditional Ragunnesi Pizza: Xin lỗi, em không hiểu lắm về văn hóa Ashinohara, em chỉ thấy... Imperator với tư cách là Tuế Chủ, đương nhiên có thể gánh vác được trọng trách mà người phàm không thể chịu đựng. Nhưng ngay cả ngài Imperator, cũng cần tìm Vua Anh Hùng trong truyền thuyết để kề vai sát cánh chiến đấu cùng Ngài.\n[11:53]AAA Traditional Ragunnesi Pizza: <i>Trả lời: Shashou Cafe Welcomes You:...</i>\nCòn vị Vu Nữ Hỏa Anh vĩnh hằng này, dù nhìn thế nào, cũng chỉ là một "con người" giống như chúng ta thôi nhỉ, cô ấy cũng đi tàu điện, cũng lén lút theo dõi các buổi biểu diễn trên phố... Trong tài liệu này nói cô ấy đã sống không biết bao nhiêu năm tháng, luôn cô đơn một em, bảo vệ Ashinohara cho đến ngày nay.\n[11:53]AAA Traditional Ragunnesi Pizza: Nhưng chỉ xuất hiện ở ga tàu thôi đã gây ra náo động rồi... Vậy, cuộc sống vốn dĩ thuộc về vị "Vu Nữ Hỏa Anh" này, đã đi đâu mất rồi?\n[11:55]Ace Tough Guy:...Sự hy sinh của ngài ấy với tư cách là người bảo vệ Ashinohara. Mấy người xứ khác như các cậu sẽ không hiểu đâu.\n[11:56]AAA Traditional Ragunnesi Pizza: em hiểu tâm trạng của anh Shota, cũng giống như mỗi người Septimont chúng em đều yêu sâu sắc Thống đốc Augusta vậy. Người Honami, chắc chắn cũng đều yêu quý vị Miko này.\n[11:58]AAA Traditional Ragunnesi Pizza: Nhưng, ở Septimont chúng em cũng có một câu nói, tình yêu là một loại vector.\n[11:58]AAA Traditional Ragunnesi Pizza: Cô ấy đã đi qua khoảng thời gian quá dài. Trong hàng trăm hàng ngàn năm, vị Vu Nữ Hỏa Anh vĩnh hằng này đã được những người Ashinohara ở các thời đại khác nhau yêu thương theo những cách khác nhau.\n[11:59]AAA Traditional Ragunnesi Pizza: Thế nhưng, có quá nhiều vector tụ hội lại cùng nhau, hợp lực mà nó tạo ra, lại chỉ có thể tàn nhẫn khiến người ta cứ mãi dậm chân tại chỗ.\n[11:59]AAA Traditional Ragunnesi Pizza: Trong tài liệu của Ashinohara, mọi người gọi cô ấy là "Vu Nữ Hỏa Anh Vĩnh Hằng".\n[11:59]AAA Traditional Ragunnesi Pizza: Nhưng em thấy, cô ấy thực ra, chỉ là bị bỏ lại mãi mãi ở quá khứ mà thôi.\n[00:00]Shashou Cafe Welcomes You: [Rơi lệ]
lang_multi_text.db	AreaReportContent_Text89	3.4	Hội thoại/Cốt truyện	Hệ thống/Thế giới			在针对黯原地区的后续勘察中，调查组于「寂静断崖」下方发现了一处大规模的物质堆积区。\n经初步辨识，该区域的堆积物主要呈现为以下两类：\n其一，具备深空联合早期建筑特征的结构残骸，包括但不限于预制合金舱壁、能源输送管路及部分功能模块框架；\n其二，形态各异的隧群零件残片，其生物化特征已完全停滞，确认进入失活状态。\n上述发现引出一个亟待解答的问题：这批物资为何会出现在远离基建规划区的黯原荒原？\n在追溯了相关废弃资产的零件型号记录时，调查组注意到一条曾被忽视的历史条目——在星炬学院建立初期，曾有一批自新联邦的物资运抵拉海洛。当时的运输播报显示，运输队在坠剑湖附近遭遇了一场突发的虚质磁暴。根据事后清点，此次磁暴造成了大量资产与建筑材料的损失，该批物资遂被登记为“完全损失”。\n然而，随着调查的深入，当年磁暴事件的记载暴露出若干疑点：\n其一，不同部门留存的事故记录中，损失物资的种类、数量及具体型号存在多处出入，部分数据相互矛盾，难以形成统一的核销依据；\n其二，同期虚质监测站的数据显示，当日磁暴的强度与持续时间均未达到足以完全消解工业级材料的阈值。此外，根据当日运输物资清单的备注，该批物资的部分资产已做过抗虚质涂料处理；\n其三，若该堆积区物质曾于虚质中消融并被弃置至黯原地区，则其中残余虚质频率应呈均匀弥散状态，而非集中在表面防护层。\n上述矛盾指向一种可能性：当年那场被定义为“意外”的物资损失，或许并非虚质磁暴的作用结果。更有可能是，这批物资在抵达拉海洛后，经由某种途径被转移——而虚质磁暴，恰好为这次转移提供了天然的掩护。\n目前，调查组已对该区域进行坐标标记与样本采集。鉴于堆积物中封存的早期隧群零件残片对于研究隧者的分化极限与损耗机制仍具备一定参考价值，建议将其纳入后续回收清单。至于这批物资如何抵达黯原，以及当年磁暴记录中那些对不上的数字究竟意味着什么——这些问题，或许只能留待日后查证。\n课题组备注：\n关于该堆积区的形成时间、堆积层序及其与同期虚质磁暴活动的关联性，仍有待进一步跨部门数据比对。建议协调调取当年参与运输及清点工作的全部原始记录，以尽可能还原事件全貌。	During the subsequent survey of the Dimmr Plains, the investigation team discovered a large-scale material accumulation zone beneath the Silent Crag.\n\nPreliminary identification shows the deposits in this area fall into two main categories:\n\n1. Structural remains bearing the architectural characteristics of the early Spacetrek Collective — including but not limited to prefabricated alloy bulkheads, energy transmission conduits, and partial functional module frameworks.\n2. Fragments of Exoswarm components in various forms, their biological activity completely halted and confirmed to be in a dormant state.\n\nThese findings raise an urgent question: how did this batch of materials end up in the barren Dimmr Plains, far from any planned infrastructure zones?\n\nWhile tracing the component models of these abandoned assets, the investigation team noticed a previously overlooked archive entry. In the early stages of Startorch Academy's establishment, a shipment of materials from the New Federation arrived in Lahai-Roi. According to the transport dispatch report at the time, the convoy encountered a sudden Void Storm near Sundermere. Subsequent inventory records show that the Void Storm caused significant loss of assets and construction materials, which were then registered as "permanent loss."\n\nHowever, as the investigation progressed, several discrepancies emerged in the records of that Void Storm:\n\n1. Among the incident records kept by different departments, the categories, quantities, and specific models of lost materials show multiple inconsistencies. Some data contradict each other, making it impossible to form a unified write-off basis.\n2. Data from Voidmatter monitoring stations from the same period indicates that the intensity and duration of the Void Storm fell short of the threshold needed to completely dissolve industrial-grade materials. Furthermore, notes in that day's transport manifest show that certain assets in this shipment had already been treated with a Voidmatter-resistant coating.\n3. If the materials in this accumulation zone had once dissolved in Voidmatter and been abandoned in the Dimmr Plains, the residual Voidmatter frequency should be evenly dispersed, not concentrated on the surface protective layer.\n\nThese contradictions point to one possibility: the material loss recorded as an "accident" that year may not have been the result of a Void Storm at all. It is more likely that after arriving in Lahai-Roi, this batch of materials was diverted through some other means, and the Void Storm happened to provide natural cover for the transfer.\n\nThe investigation team has now marked the coordinates of this zone and collected samples. Given that the sealed early Exoswarm component fragments still hold some reference value for studying the differentiation limits and degradation mechanisms of Exoswarms, it is recommended that they be included in the subsequent recovery inventory. As for how this batch of materials reached the Dimmr Plains, and what those mismatched numbers in the Void Storm records ultimately mean, those questions may have to be left for future verification.\n\nResearch Group Annotation:\nRegarding the formation time of this accumulation zone, its stratigraphic sequence, and its correlation with Void Storm activity during the same period, further cross-departmental data comparison is still needed. It is recommended to coordinate the retrieval of all original records from those who participated in the transport and inventory work that year, in order to restore the full picture of the event as much as possible.	ディマー・プレーンズエリアでの継続踏査において、調査班は「サイレント・イスカープメント」の直下に大規模な物資の堆積エリアを発見した。\n初期の識別結果によると、当該エリアの堆積物は主に以下の2種類に分けられる。\n第一に、コレクティブ初期の建築様式を持つ構造物の残骸だ。プレハブ合金の隔壁、エネルギー輸送チューブ、一部の機能モジュールの枠組みなどが含まれる。\n第二に、さまざまな形をしたエクソスウォームのパーツ残片だ。これらは生命反応が完全に途絶えており、不活性化した状態であると確認された。\nインフラ計画エリアから遠く離れたディマー・プレーンズの荒野に、なぜこれらの物資が存在するのか。この発見は、早急に解明すべき疑問をもたらした。\n廃棄されたパーツの型番を追跡したところ、調査班はこれまで見落とされていたある記録に気付いた。\nスタートーチ学園の建設当初、一部の物資がネオユニオンから輸送されていた。当時の報告書によれば、輸送隊はサンダーミールの付近で突如ヴォイドストームに巻き込まれたという。事後点検では、このストームで大量の資産と建材が失われたとされ、該当の物資はすべて「全損」として登録されていた。\nしかし調査を進めると、当時の事故記録にいくつかの矛盾が浮上した。\n第一に、異なる部署に残る事故記録が一致しない。被災物資の種類や数量、型番のデータが互いに矛盾しており、照合の根拠とすることが困難だった。\n第二に、当日の観測データによると、ヴォイドストームの強度と持続時間は、工業用材料を分解できるレベルに達していなかった。さらに輸送リストの備考には、一部の物資にアンチヴォイドマター用の塗料が施されていたと記されている。\n第三に、もし物資がヴォイドマターによって分解されたのなら、残留するヴォイドマターの周波数は均一に分散するはずである。しかし実際には、表面の防護コーティングに集中している。\nこれらの矛盾点から、一つの可能性が導き出される。\n当時「事故」として処理された物資は、ヴォイドストームで失われたわけではない。ラハイロイへ到着した後、何らかのルートで別の場所へ運搬された可能性が高い。ヴォイドストームは、その事実を隠蔽するための目くらましだったと考えられる。\n現在、調査班は当該エリアの座標マーキングとサンプルの採集を完了している。\n堆積物から出土した初期エクソスウォームのパーツ残片は、エクソストライダーの分裂限界と摩耗メカニズムを研究する上で重要な資料となる。そのため、今後の回収リストに追加することを提案する。\n物資がディマー・プレーンズに運ばれた経緯や、当時の事故記録に生じた数値の不一致が意味するものについては、さらなる検証に委ねるほかない。\n研究グループからの備考：\nこの堆積エリアの形成時期、堆積層の順序、および当時のヴォイドストーム活発化との関連性について、部門をまたいだデータ比較が必要である。該当年度の輸送と点検に関する元データをすべて抽出し、事件の全容をできる限り再現することを提案する。	Trong các cuộc khảo sát tiếp theo đối với khu vực Vùng Vĩnh Ám, tổ điều tra đã phát hiện một khu vực tích tụ vật chất quy mô lớn bên dưới "Vách Núi Tịch Liêu".\nQua nhận dạng sơ bộ, vật chất tích tụ tại khu vực này chủ yếu có hai loại sau:\nThứ nhất, các mảnh vỡ cấu trúc mang đặc điểm kiến trúc sơ kỳ của Không Gian Chìm, bao gồm nhưng không giới hạn ở các vách ngăn hợp kim đúc sẵn, đường ống truyền dẫn năng lượng và một số khung mô-đun chức năng;\nThứ hai, các mảnh vỡ linh kiện Đàn Hầm Ngầm với đủ loại hình dạng, đặc điểm sinh học của chúng đã hoàn toàn đình trệ, được xác nhận đã bước vào trạng thái mất hoạt tính.\nPhát hiện trên dẫn đến một câu hỏi cần được giải đáp gấp: Tại sao số vật tư này lại xuất hiện ở vùng hoang dã Vùng Vĩnh Ám cách xa khu quy hoạch cơ sở hạ tầng?\nTrong quá trình truy xuất hồ sơ các mẫu linh kiện của tài sản bị bỏ đi liên quan, tổ điều tra đã chú ý đến một mục lịch sử từng bị bỏ qua - vào thời kỳ đầu thành lập Học viện Startorch, từng có một lô vật tư từ Tân Liên Bang được vận chuyển đến Lahai-Roi. Thông báo vận chuyển lúc bấy giờ cho thấy, đội vận chuyển đã gặp phải một trận Bão Từ Hư Chất bất ngờ gần Hồ Trụy Kiếm. Theo kiểm kê sau sự việc, trận bão từ này đã gây ra tổn thất lớn về tài sản và vật liệu xây dựng, số vật tư đó sau đó được đăng ký là "tổn thất hoàn toàn".\nTuy nhiên, khi điều tra sâu hơn, những ghi chép về sự kiện bão từ năm đó đã lộ ra một số điểm đáng ngờ:\nThứ nhất, trong hồ sơ sự cố được lưu giữ ở các bộ phận khác nhau, chủng loại, số lượng và mẫu mã cụ thể của vật tư bị tổn thất có nhiều điểm sai lệch, một số dữ liệu mâu thuẫn với nhau, khó có thể tạo thành căn cứ xóa sổ thống nhất;\nThứ hai, dữ liệu từ các trạm giám sát Hư Chất cùng thời kỳ cho thấy, cường độ và thời gian kéo dài của trận bão từ ngày hôm đó đều chưa đạt đến ngưỡng đủ để làm tiêu biến hoàn toàn vật liệu cấp công nghiệp. Ngoài ra, theo ghi chú trong danh sách vật tư vận chuyển ngày hôm đó, một số tài sản của lô vật tư này đã được xử lý bằng lớp sơn phủ chống Hư Chất;\nThứ ba, nếu vật chất tại khu vực tích tụ này từng bị hòa tan trong Hư Chất và bị vứt bỏ đến khu vực Vùng Vĩnh Ám, thì tần số Hư Chất còn sót lại trong đó phải ở trạng thái khuếch tán đồng đều, chứ không phải tập trung ở lớp bảo vệ bề mặt.\nNhững mâu thuẫn trên chỉ ra một khả năng: Tổn thất vật tư được định nghĩa là "sự cố ngoài ý muốn" năm đó, có lẽ không phải là kết quả tác động của Bão Từ Hư Chất. Mà khả năng cao hơn là, lô vật tư này sau khi đến Lahai-Roi, đã được chuyển đi thông qua một con đường nào đó - và Bão Từ Hư Chất, tình cờ lại tạo ra vỏ bọc tự nhiên cho sự chuyển dịch này.\nHiện tại, tổ điều tra đã tiến hành đánh dấu tọa độ và thu thập mẫu vật tại khu vực này. Xét thấy các mảnh vỡ linh kiện Đàn Hầm Ngầm sơ kỳ được phong ấn trong vật chất tích tụ vẫn có giá trị tham khảo nhất định đối với việc nghiên cứu giới hạn phân hóa và cơ chế tiêu hao của Người Hầm Ngầm, đề nghị đưa chúng vào danh sách thu hồi tiếp theo. Còn về việc lô vật tư này làm thế nào đến được Vùng Vĩnh Ám, và những con số không khớp nhau trong hồ sơ bão từ năm đó rốt cuộc có ý nghĩa gì - những câu hỏi này, có lẽ chỉ có thể để lại để xác minh sau.\nGhi chú của tổ đề tài:\nVề thời gian hình thành khu vực tích tụ này, trình tự địa tầng cũng như mối liên hệ của nó với hoạt động Bão Từ Hư Chất cùng thời kỳ, vẫn cần đối chiếu dữ liệu liên bộ môn thêm nữa. Đề nghị phối hợp trích xuất toàn bộ hồ sơ gốc của những người từng tham gia công tác vận chuyển và kiểm kê năm đó, nhằm khôi phục toàn cảnh sự việc ở mức tối đa có thể.
lang_multi_text.db	AreaReportContent_Text9	3.4	Hội thoại/Cốt truyện	Hệ thống/Thế giới			尽管我们一切行为都在证明，为了归墟港市平民百姓的安全和利益，黑海岸正协同当局最大限度地疏散群众，立即离开这座城市。但当我们的医疗队终于从城市东北的高架桥勉强进入城市中心区的时候，我仍然感到力不从心——也许我们已经晚了。\n……现在是下午三点，我们已经抵达了中心区的摩天大楼，火光映红了整个东北侧的天空，那里的高架桥似乎也已经崩塌了。\n我们刚才遇见了一队前往悲鸣核心区域的特勤，“铁皮”老布兰登带着的那队，我们也必须向更高处前进了……那些从土地里长出来的红色的花，它们在把我们往大楼高处赶，但实际上，在我们头顶就是悲鸣的核心，那颗……黑洞。\n这是一场消耗战……有很多人，他们找到我们的时候，已经晚了……	All our efforts have confirmed that the Black Shores, in collaboration with the authorities, have done everything possible to protect and evacuate civilians from the Port City for Guixu. Yet, when our medical team finally reached the heart of the city via the overpass from the northeast, we were still struck by a sense of helplessness—perhaps it was already too late.\n \n...It's 3:00 PM. We've reached a skyscraper downtown. The northeastern sky burns red, and the overpass seems to have collapsed.\n \nWe just encountered a special forces team heading toward the Lament's core, led by Old Brandon, the "Iron Sheet." We, too, must move to higher ground... Those red flowers sprouting from the ground are driving us upward. But above us, the Lament's core looms.. the black hole itself.\n \nThis is a war of attrition... For many, by the time they found us, it was already too late...	帰来の港の市民の安全と利益のため、ブラックショアは当局と協力して、できる限り人々をこの都市から避難させていると、私たちの行動が証明しているはずだ。だが、我々の医療チームが都市の北東にある高架橋からどうにか市の中心部に入り込んだ時、私は無力感を――もう手遅れかもしれないと、そう感じていた。\n……現在の時刻は午後3時、中心部の高層ビルに到着した。炎が北東側の空を赤く染め、高架橋もすでに崩壊しているように見える。\n今しがた、悲鳴の核心地域に向かう小隊に出会った。「鉄の皮」のブランドンが率いる、あのチームだ。我々も、より高い場所へと向かわなくては……地面に生えた赤い花が我々をビルの高所へと追いやっているが、実際のところ、頭上にあるのは悲鳴の核心……ブラックホールだ。\nこれは消耗戦だ……多くの人々が我々を発見した時には、すでに手遅れだった……	Mặc dù mọi hành động của chúng tôi đều chứng minh, vì sự an toàn và lợi ích của người dân bình thường ở thành phố cảng Quy Khư, Bờ Biển Đen đang phối hợp với nhà chức trách sơ tán người dân ở mức độ tối đa, lập tức rời khỏi thành phố này. Nhưng khi đội y tế của chúng tôi cuối cùng miễn cưỡng tiến vào khu trung tâm thành phố từ cây cầu vượt phía Đông Bắc thành phố, tôi vẫn cảm thấy lực bất tòng tâm - Có lẽ chúng tôi đã tới trễ.\n...Bây giờ là ba giờ chiều, chúng tôi đã đến tòa nhà chọc trời ở khu trung tâm, ánh lửa phản chiếu rực đỏ cả bầu trời phía Đông Bắc, cây cầu vượt ở đó dường như cũng đã sụp đổ.\nBan nãy chúng tôi đã gặp một đội đặc nhiệm đi đến khu vực cốt lõi của Bi Minh, đội mà "Da sắt" Brandon già dẫn theo, chúng tôi cũng phải đi đến nơi cao hơn thôi... Những bông hoa màu đỏ mọc ra từ lòng đất đó, chúng đang đuổi chúng tôi lên chỗ cao của tòa nhà, nhưng trên thực tế, ở trên đỉnh đầu của chúng tôi chính là điểm cốt lõi của Bi Minh, hố đen... kia.\nĐây là một cuộc chiến tiêu hao... Có rất nhiều người, khi họ tìm thấy chúng tôi, thì đã muộn...
lang_multi_text.db	AreaReportContent_Text90	3.4	Hội thoại/Cốt truyện	Hệ thống/Thế giới			于黯原的残星会废弃设施中找到的录音文件，其中部分内容已损坏\n【00:03:31】\n你确定她会老实行事？\n【00:03:37】\n当然。\n【00:03:39】\n行，那我们从明天开始撤离拉海洛……但你最好想清楚，一旦她失控或者倒向深空联合的一侧，都将导致我们的计划彻底失败。\n【00:04:20】\n她不会那么做的。\n【00:04:25】\n为什么？你觉得他们真就没办法处理你那点“发明”了？还是说……你已经狂妄到，连阿列夫一都不放在眼里？\n【00:04:27】\n怎么会呢，海德拉，你应该对我多些信任才对。我这么做是因为……达妮娅是个好孩子啊。\n【00:04:46】\n……你什么意思？\n【00:04:50】\n字面意思。\n【00:04:52】\n诶……你知道，什么样的人，才最难控制吗？海德拉？\n【00:04:58】\n别卖关子。\n【00:05:02】\n呵。答案是，失去一切的人……这样的人没了拘束和牵挂，也就没了软肋和弱点。\n【00:05:13】\n而达妮娅已经长大了。曾经一无所有的她，如今终于握住了一点什么，所以哪怕那是别人施舍给她的，是别人当做是垃圾的东西，她也会拼上性命去守护的……因为那就是她能拥有的一切。一旦失去了，她就又要变回一无所有了~她才不想这样。\n【00:05:49】\n你真恶心。	Audio file recovered from the abandoned Fractsidus facility in the Dimmr Plains. Some of the content has been corrupted.\n\n[00:03:31]\nYou sure she'll play along?\n\n[00:03:37]\nPositive.\n\n[00:03:39]\nFine. Then we start pulling out of Lahai-Roi tomorrow. But you'd better be certain. If she slips, or worse, flips to Spacetrek's side, the whole plan goes down the drain.\n\n[00:04:20]\nShe won't.\n\n[00:04:25]\nWhy? You think they can't handle your little "invention"? Or are you so full of yourself that you don't even fear Aleph-1 anymore?\n\n[00:04:27]\nCome on, Hydra. You should trust me a little more. I'm doing this because... Denia's a good kid.\n\n[00:04:46]\n...What's that supposed to mean?\n\n[00:04:50]\nYou heard me.\n\n[00:04:52]\nHmph... you know what kind of person is hardest to control, Hydra?\n\n[00:04:58]\nEnough with the riddles.\n\n[00:05:02]\nHeh. The answer is someone who's lost everything. No ties, no attachments. That means no weaknesses.\n\n[00:05:13]\nDenia has already grown up. She had nothing once, but now she's finally got a little something to hold onto. Even if it was handed to her like scraps, even if others see it as trash, she'll defend it with her life. Because that's all she has. Lose it, and she's back to nothing. And she doesn't want that.\n\n[00:05:49]\nYou're twisted.	ディマー・プレーンズにある残星組織の廃棄施設で発見された録音ファイル。一部のデータは復元不能となっている。\n\n【00:03:31】\nあの子が大人しく任務を果たすと、本当に保証できるの？\n\n【00:03:37】\nええ、もちろんよ。\n\n【00:03:39】\nいいでしょう。明日からラハイロイの撤退を始めるわ。……だけど、よく考えて。あの子が制御を振り切ったり、スペーストレック・コレクティブに寝返ったりすれば、計画はすべて水の泡よ。\n\n【00:04:20】\nあの子はそんなことしないわ。\n\n【00:04:25】\nどうしてそう言い切れるの？ 連中があなたの「発明品」をどうにもできないと、本気で思っているわけ？ それとも……アレフ1すら眼中にないほど、思い上がっているとでも？\n\n【00:04:27】\nまさか。もう少し私を信じてちょうだい、ヒュドラ。そう言い切れるのはね……ダーニャがとっても、いい子だからよ。\n\n【00:04:46】\n……どういう意味？\n\n【00:04:50】\n言葉通りの意味よ。\n\n【00:04:52】\nねえ、ヒュドラ。一番思い通りに操れない人間って、どんなタイプか分かるかしら？\n\n【00:04:58】\nもったいぶらないで。\n\n【00:05:02】\nふふ。答えはね、「すべてを失った人間」よ。……縛るものも繋がりもなければ、弱点すらないから。\n\n【00:05:13】\nでも、ダーニャはもう大きくなった。何も持っていなかったあの子が、ようやく「何か」を手に入れたのよ。たとえそれが他人からの施しでも、ゴミ同然のガラクタでも、あの子は命懸けで守ろうとするわ。……だって、それが彼女の「すべて」だもの。それを失ってしまえば、また何もない空っぽの自分に戻ってしまう。そんなの、絶対に嫌に決まってるじゃない？\n\n【00:05:49】\n……本当に、反吐が出る女。	Tệp ghi âm tìm thấy trong cơ sở bị bỏ hoang của Tàn Tinh Hội ở Vùng Vĩnh Ám, trong đó có một số nội dung đã bị hỏng\n[00:03:31]\nNgươi có chắc cô ta sẽ làm việc ngoan ngoãn không?\n[00:03:37]\nĐương nhiên.\n[00:03:39]\nĐược, vậy chúng ta sẽ bắt đầu rút khỏi Lahai-Roi từ ngày mai... nhưng ngươi tốt nhất hãy suy nghĩ cho kỹ, một khi cô ta mất kiểm soát hoặc ngả về phía Không Gian Chìm, đều sẽ dẫn đến việc kế hoạch của chúng ta thất bại hoàn toàn.\n[00:04:20]\nCô ta sẽ không làm như vậy đâu.\n[00:04:25]\nTại sao? Ngươi nghĩ bọn chúng thực sự không có cách nào xử lý chút "phát minh" đó của ngươi sao? Hay là... ngươi đã ngông cuồng đến mức, ngay cả Aleph-1 cũng không để vào mắt?\n[00:04:27]\nLàm sao có thể chứ, Hydra, ngươi nên tin tưởng ta nhiều hơn một chút mới phải. Ta làm như vậy là vì... Denia là một đứa trẻ ngoan mà.\n[00:04:46]\n...Ý ngươi là gì?\n[00:04:50]\nChữ trên mặt chữ thôi.\n[00:04:52]\nÂy... Ngươi có biết, người như thế nào, mới khó khống chế nhất không? Hydra?\n[00:04:58]\nĐừng có úp mở nữa.\n[00:05:02]\nHừ. Đáp án là, người đã mất đi tất cả... Những người như vậy không còn rào cản và vướng bận, cũng sẽ không còn nhược điểm và điểm yếu.\n[00:05:13]\nCòn Denia đã lớn rồi. Một người từng trắng tay như cô ta, nay cuối cùng cũng nắm giữ được một thứ gì đó, cho nên dù đó là thứ người khác bố thí cho, là thứ người khác coi như rác rưởi, cô ta cũng sẽ liều mạng để bảo vệ... bởi vì đó là tất cả những gì cô ta có thể sở hữu. Một khi mất đi, cô ta sẽ lại trở về cảnh trắng tay~ Cô ta không muốn như vậy đâu.\n[00:05:49]\nNgươi thật tởm lợm.
lang_multi_text.db	AreaReportContent_Text91	3.4	Hội thoại/Cốt truyện	Hệ thống/Thế giới			《致所有未曾归来的人》\n\n各位同胞，各位深空联合的同仁，星炬学院的师生，各位仍在拉海洛坚守的人们：\n今天，我们又一次站在了赫利俄斯的光辉之下。\n犹记上次我们集结于此，是为了纪念换日仪式的成功举办——那时我们第一次于拉海洛的天空点燃了人造太阳，并为这里的未来雀跃不已。\n那时的我们未曾想到——就在几个月后，我们连续经历了史上最大规模的虚质磁暴，被迫启动了最终方案“夜幕”计划，以及直面鸣式阿列夫一的入侵。\n但如今我们已成功地击退了鸣式，封闭了隧门，跨过了罗伊神话中必将毁灭的黄昏纪元。\n是的，我们胜利了。\n这是一场前所未有的胜利，是可知战胜未知、人类战胜鸣式的胜利。\n但是作为深空联合的总负责人，我此刻却有义务向各位陈述这场胜利的代价：\n\n在过去的几个月里，拉海洛全境经历了近百次有记录的虚质磁暴，其中五次超过了最高警戒等级。我们于拉海洛建立的监测站、科研设施和防御节点，有共计超过三十处被摧毁；在搜索符文的过程中，我们失去了数量不计其数的机兵，十七位优秀的操作员因此受到虚质侵蚀，他们余生里将难以再次返回拉海洛。\n最关键的，是我们失去了深空联合建立的基石——曾开辟拉海洛未来的隧者。\n可这，却已经是在对抗虚无鸣式的漫长历史中，我们所取得的最辉煌的战果。\n在这座全索拉里斯共同建设的探索前沿中，曾有无数先驱者在虚质磁暴中化为无形。\n那些记录他们频率的磁带，如今依然在保管间的最深处陈列着。\n罗德尔、昂辉、明夏、贝芙丽、巴伊切蒂奇——这些名字，你们中的许多人都听过。他们是最初的探索者，是第一批从索拉里斯各地奔赴极地的研究人员。同时，他们也是第一批尝试用记录战胜虚无，为我们解开风暴真相的人。\n而在他们之前，甚至还有许多已无法找回磁带的人，永远留在了磁暴中。	"In Memory of Those Who Never Returned"\n\nFellow citizens. Colleagues of the Spacetrek Collective. Faculty and students of Startorch Academy. And all of you still holding your posts in Lahai-Roi.\n\nToday, we stand once more beneath the light of Helios.\n\nThe last time we gathered here, we celebrated the New Solar Ceremony. We had just ignited an artificial sun in Lahai-Roi's sky. We cheered for the future.\n\nWe didn't know that months later, we would endure the largest Void Storm on record. We would activate "Duskveil," our final contingency. And we would face the Threnodian, Aleph-One, head-on.\n\nBut we have driven the Threnodian back. We have sealed the Stridergate. We have crossed the Twilight Epoch, the very period of time Royan mythology said would end everything.\n\nYes. We have triumphed.\n\nThis victory is unprecedented. The known over the unknown. Humanity over the Threnodian.\n\nBut as the head of the Spacetrek Collective, it is my duty to tell you what this victory cost.\n\nIn the past months, Lahai-Roi has recorded nearly one hundred Void Storms. Five exceeded the highest alert level. Over thirty of our monitoring stations, research facilities, and defense nodes have been destroyed. In our search for the runes, we lost countless Mechascouts. Seventeen of our best operators suffered Voidmatter contamination. Most of them will never return to Lahai-Roi.\n\nAnd most critically, we lost the cornerstone of the Spacetrek Collective itself. The Exostrider—the one who carved out Lahai-Roi's future.\n\nAnd yet, this is the greatest victory we have ever achieved in our long war against the Voidborne Threnodian.\n\nThis frontier was built by the people of Solaris. Countless pioneers have been lost to the Void Storms. Their Cassettes still sit in the deepest vaults of our archives.\n\nRoald, Koki, Mingxia, Beverly, Bajcetic—many of you have heard these names. They were the first explorers. The first researchers to come from every corner of Solaris to these frozen lands. And they were the first to try to conquer the void through their recordings, helping us learn the truth about Void Storms.\n\nAnd before them, there were so many more whose Cassettes could not be recovered. They remain forever lost to the Void Storms.	『すべての帰還していない人たちへ』\n\n同胞、コレクティブの同志、スタートーチ学園の教職員と学生諸君。そして、ラハイロイで戦い続けてきたすべての人々よ。\n本日、我々は再びヘリオスの輝きの下に立つことができた。\n\n前回、同じようにここに集まったのは、陽換えの儀の成功を祝うためだった。ラハイロイの空に初めて人工太陽を灯し、我々は希望に満ちた未来を思い描きながら歓喜に沸いていた。\nあの時、我々の誰が想像できただろうか。そのわずか数か月後に、史上最大規模のヴォイドストームが立て続けに襲来し、最終プラン「ダスクベール」計画の発動を余儀なくされ、鳴式アレフ1の侵入にまで直面することになろうとは。\n\nしかし今、我々は鳴式を撃退し、ストライダーゲートを閉ざした。ロイ人の神話が語る「壊滅が必ず訪れる黄昏紀」を乗り越えたのだ。\nそう、我々は勝利した。\nかつてないほどの大勝利だ。既知が未知を打ち破り、人類が鳴式に打ち勝った勝利である。\nだが、スペーストレック・コレクティブの最高責任者として、私はこの場で、諸君にこの勝利の代償を告げなければならない。\n\nこの数か月間で、ラハイロイ全域において百回近いヴォイドストームが記録された。そのうちの5回は、最高警戒レベルを超えるほどの強度だった。\n我々が築き上げた観測施設や科学研究施設、そして防衛ノードの30箇所以上が壊滅した。\nルーン探索の過程では数え切れないほどのメカスカウトを失い、さらに悲痛なことに、17名もの優秀なオペレーターがヴォイドマターに侵食された。彼らはラハイロイに戻ることも叶わず、隔離されたまま余生を送ることになる。\nそして何より、コレクティブの礎であり、ラハイロイの未来を切り開いてくれたエクソストライダーを我々は失ってしまった。\n\nこれほどの痛手を負ってもなお、今回の勝利が、鳴式との長きにわたる戦いの歴史において我々が成し遂げた最も輝かしい戦果であることに変わりはない。\n全ソラリスが力を注いだこの探索の最前線で、数え切れない先駆者たちがヴォイドストームに飲み込まれ、跡形もなく消え去った。\n彼らの周波数を記録したカセットは、今も保管室の一番奥に静かに並べられている。\n\nローデル、昂輝、明夏、ベバリー、バイチェティッチ。\nこれらの名前に聞き覚えのある者も多いだろう。\n彼らは最初の探求者であり、ソラリス各地から極地へ赴いた最初の研究者だった。そして、記録をもって虚無に立ち向かい、ヴォイドストームの真実を暴いた最初の人間でもある。\nだが、彼らよりも前に、カセットさえ回収できなかった多くの人々がいる。彼らは永遠に、ヴォイドストームの中に取り残されたままだ。	《Gửi Những Người Chưa Từng Trở Về》\n\nThưa đồng bào, thưa các đồng nghiệp Không Gian Chìm, thưa giáo viên và học sinh Học viện Startorch, thưa những người vẫn đang kiên thủ tại Lahai-Roi:\nHôm nay, một lần nữa chúng ta lại đứng dưới ánh hào quang của Helios.\nVẫn nhớ lần trước chúng ta tập hợp tại đây, là để kỷ niệm việc tổ chức thành công Nghi thức Đổi Mặt Trời - lúc bấy giờ chúng ta lần đầu tiên thắp lên mặt trời nhân tạo trên bầu trời Lahai-Roi, và không ngừng hân hoan vì tương lai nơi này.\nLúc bấy giờ chúng ta chưa từng nghĩ tới - chỉ vài tháng sau, chúng ta liên tiếp trải qua trận Bão Từ Hư Chất quy mô lớn nhất trong lịch sử, buộc phải khởi động phương án cuối cùng là kế hoạch "Duskveil", cũng như trực tiếp đối mặt với cuộc xâm lăng của Minh Thức Aleph-1.\nNhưng giờ đây chúng ta đã thành công đẩy lùi Minh Thức, phong tỏa Stridergate, vượt qua Kỷ Nguyên Hoàng Hôn tất sẽ hủy diệt trong thần thoại Roya.\nĐúng vậy, chúng ta đã chiến thắng.\nĐây là một chiến thắng chưa từng có, là chiến thắng của cái đã biết đối với cái chưa biết, là chiến thắng của nhân loại đối với Minh Thức.\nThế nhưng với tư cách là tổng phụ trách Không Gian Chìm, giờ phút này tôi lại có nghĩa vụ phải trần thuật với mọi người về cái giá của chiến thắng này:\n\nTrong vài tháng qua, toàn bộ Lahai-Roi đã trải qua gần một trăm trận Bão Từ Hư Chất được ghi nhận, trong đó có năm trận vượt quá mức cảnh báo cao nhất. Các trạm giám sát, cơ sở nghiên cứu khoa học và điểm phòng thủ mà chúng ta xây dựng ở Lahai-Roi, có tổng cộng hơn ba mươi nơi bị phá hủy; trong quá trình tìm kiếm Rune, chúng ta đã mất đi vô số Cơ Binh, mười bảy người thao tác xuất sắc vì vậy mà bị Hư Chất ăn mòn, phần đời còn lại của họ sẽ khó có thể quay lại Lahai-Roi một lần nữa.\nQuan trọng nhất là, chúng ta đã mất đi nền tảng thiết lập nên Không Gian Chìm - Người Hầm Ngầm từng khai mở tương lai của Lahai-Roi.\nVậy mà, đây lại đã là thành quả chiến đấu huy hoàng nhất mà chúng ta giành được, trong lịch sử lâu dài chống lại Minh Thức hư vô.\nTại tiền đồn thám hiểm do toàn bộ Solaris chung tay xây dựng này, từng có vô số người tiên phong đã hóa thành vô hình trong Bão Từ Hư Chất.\nNhững cuốn băng từ ghi lại tần số của họ, đến nay vẫn đang được trưng bày ở nơi sâu nhất trong phòng bảo quản.\nRoald, Koki, Mingxia, Beverly, Bajcetic - những cái tên này, rất nhiều người trong số các bạn đã từng nghe qua. Họ là những nhà thám hiểm đầu tiên, là nhóm nghiên cứu viên đầu tiên từ khắp nơi trên Solaris lao đến vùng cực. Đồng thời, họ cũng là nhóm người đầu tiên cố gắng dùng ghi chép để chiến thắng hư vô, nhằm giải mã chân tướng về cơn bão cho chúng ta.\nMà trước họ, thậm chí còn có rất nhiều người đã không thể tìm lại được băng từ nữa, vĩnh viễn ở lại trong bão từ.
lang_multi_text.db	AreaReportContent_Text92	3.4	Hội thoại/Cốt truyện	Hệ thống/Thế giới			今天，我在此陈述这些“代价”，是希望我们都能铭记：我们当下正在度过的这一刻，及往后将要到来的每一个明天，都是由漫长积累所引发的，一串连续的奇迹。\n\n……我还记得，我来拉海洛赴任的第一场演讲，就是在罗德尔探索队的追悼仪式上。\n自那以后，我亲眼见证过许多优秀探索者们的“消失”。\n可他们并不是名单上冰冷生硬的字符。他们留下的痕迹仍旧指引着我们迈出下一步。\n罗伊族群、黎那汐塔人、瑝珑人……来自索拉里斯各处的人们，即便身处虚无深处的最黑暗处，他们仍在抗拒着消解，仍走在向前探索的道路上。\n……\n……\n……\n\n再往后的事，相信诸位和我都已清楚——我们仍站在这里，即便虚无曾试图席卷整个拉海洛，我们仍站在这里。\n是的，我们失去了很多。\n但此刻，我们仍站在这里，仍要继续向前迈进。\n\n阿列夫一试图让我们相信，一切都终将回归虚无，但是它错了。那段过去索拉里斯人发射的探测器所传回的，并不是单纯的白噪音或宇宙背景微波。\n那是我们跨越了百亿年仍能听见的，这个世界最初的声音——宇宙诞生的余晖。\n所以，存在过的事物，就一定会留下痕迹。\n深空联合不会停下脚步。我们终有一天会突破天空海，前往更广阔的世界。\n正如隧者所说：\n愿我们于无垠的星海中，再会！	Today, I stand here to recount these "costs." Not to dwell on suffering, but to remind you, and myself, that this very moment we are living through, and every tomorrow to come, is a chain of miracles built on the accumulation of all that came before.\n\nI still remember my first speech after taking office here. It was at the memorial for the Roald expedition team.\n\nSince then, I have witnessed the disappearance of many fine explorers.\n\nBut they were never just cold, lifeless names on a list. The traces they left behind still guide us forward.\n\nTogether with the Roya, lost in darkness since ages past, they endured. They resisted dissolution in eternal darkness.\n\nThe Roya. The people of Rinascita. The people of Huanglong... People from every corner of Solaris, even in the deepest darkness of the void, they resisted dissolution. They kept moving forward. They kept exploring.\n...\n...\n...\n\nAs for what came after, I believe everyone here already knows. We are still standing here. Even when nothingness tried to consume all of Lahai-Roi, we are still standing here.\n\nYes. We have lost so much.\n\nBut right now, we are still standing. And we will keep moving forward.\n\nAleph-One tried to make us believe that everything eventually returns to nothing. But it was wrong. That signal, sent by a probe Solaris explorers launched years ago, was not white noise. Not cosmic background radiation. \n\nIt was the voice of the beginning. The afterglow of the universe's birth. And we can still hear it, across billions of years.\n\nSo remember this: everything that has ever existed always leaves a trace.\n\nThe Spacetrek Collective will not stop. One day, we will break through the Etheric Sea. We will venture into a wider world.\n\nAnd as the Exostrider once said:\n\nMay we meet again in the boundless sea of stars!	今日「代償」について語ったのは、諸君の心にある事実を刻み込むためだ。我々が生きている今この瞬間も、これから訪れるすべての明日も――長い積み重ねが紡いだ、連続する奇跡なのだと。\n\n……今でもはっきりと覚えている。私がラハイロイに赴任して最初の演説は、ローデル隊の追悼式だった。\nあれ以来、数多くの優秀な探索者が「消滅」していくのを、この目で見届けてきた。\nしかし、彼らはリストに並んだ冷たい文字ではない。彼らが遺した光は、今なお我々の行く先を照らしている。\nロイ一族、リナシータ人、瑝瓏人……ソラリス各地からここへ集った人々は、虚無の果ての暗闇に包まれようとも分解に抗い、探索の道を前へと進み続けた。\n……\n……\n……\n\nその後のことは、ここにいる諸君がよく知っている通りだ。我々は、まだここに立っている。虚無がラハイロイごと飲み込もうとしたにもかかわらず――我々は、まだここに立っている。\n確かに、我々は多くを失った。\nだが、ここに立っている以上、前へ進まなければならない。\n\nアレフ1は、すべてが虚無に還るのだと我々に信じ込ませようとした。だが、やつは間違っていた。かつてソラリス人が打ち上げた探査機から届いたのは、単なるホワイトノイズや宇宙マイクロ波背景放射ではない。\nそれは百億年の時を超えてなお響く、この世界で最初の声――宇宙誕生の余韻だったのだ。\n存在したものは、必ず痕跡を残す。\nスペーストレック・コレクティブは歩みを止めない。我々はいつか天空海すらも突き破り、より広い世界へと旅立つのだ。\nエクソストライダーが遺した言葉のように、\n諸君、いずれ果てしない星の海で、また会おう！	Hôm nay, tôi đứng đây để trần thuật những "cái giá" này, là hy vọng tất cả chúng ta đều có thể khắc cốt ghi tâm: Khoảnh khắc hiện tại mà chúng ta đang trải qua, và mỗi một ngày mai sắp đến sau này, đều là một chuỗi những phép màu liên tiếp, được tạo nên từ sự tích lũy lâu dài.\n\n...Tôi vẫn nhớ, bài diễn thuyết đầu tiên của tôi khi đến Lahai-Roi nhậm chức, chính là tại lễ truy điệu đội thám hiểm Roald.\nKể từ đó, tôi đã tận mắt chứng kiến sự "biến mất" của rất nhiều nhà thám hiểm xuất sắc.\nNhưng họ không phải là những ký tự lạnh lẽo cứng nhắc trên danh sách. Những dấu vết họ để lại vẫn luôn dẫn đường cho chúng ta bước tiếp.\nTộc Roya, người Rinascita, người Hoàng Long... những con người đến từ khắp nơi trên Solaris, cho dù ở nơi tăm tối nhất sâu thẳm trong hư vô, họ vẫn đang kháng cự lại sự tiêu biến, vẫn đang bước tiếp trên con đường thám hiểm tiến về phía trước.\n...\n...\n...\n\nNhững chuyện về sau nữa, tin rằng mọi người và tôi đều đã rõ - chúng ta vẫn đứng ở đây, cho dù hư vô từng cố gắng càn quét toàn bộ Lahai-Roi, chúng ta vẫn đứng ở đây.\nĐúng vậy, chúng ta đã mất đi rất nhiều.\nNhưng giờ phút này, chúng ta vẫn đứng ở đây, vẫn phải tiếp tục bước về phía trước.\n\nAleph-1 cố gắng khiến chúng ta tin rằng, mọi thứ cuối cùng đều sẽ trở về cõi hư vô, nhưng nó đã sai. Đoạn âm thanh mà thiết bị thăm dò do người Solaris phóng lên ngày xưa truyền về, không phải là tiếng ồn trắng đơn thuần hay bức xạ vi sóng nền vũ trụ.\nĐó là âm thanh nguyên sơ nhất của thế giới này mà chúng ta vẫn có thể nghe thấy dù đã vượt qua mười tỷ năm - là ánh dương còn sót lại lúc vũ trụ hình thành.\nVậy nên, những sự vật từng tồn tại, thì nhất định sẽ để lại dấu vết.\nKhông Gian Chìm sẽ không dừng bước. Cuối cùng sẽ có một ngày chúng ta xuyên thủng Biển Trời, tiến về một thế giới rộng lớn hơn.\nĐúng như lời Người Hầm Ngầm từng nói:\nNguyện chúng ta tại giữa biển sao vô ngần, sẽ còn gặp lại!
lang_multi_text.db	AreaReportName_Text	3.4	Hội thoại/Cốt truyện	Hệ thống/Thế giới			{0}探索报告	{0} Exploration Report	{0}探索報告	Báo cáo khám phá {0}
lang_multi_text.db	AreaReportTitle_Text1	3.4	Hội thoại/Cốt truyện	Hệ thống/Thế giới			「关外金铃·其一」	Golden Scales of Outer Huanglong I	「関外の金鈴・その一」	Chuông Vàng Ngoài Quan Ải 1
lang_multi_text.db	AreaReportTitle_Text10	3.4	Hội thoại/Cốt truyện	Hệ thống/Thế giới			「一段尚未消逝的录音·其二」	An Unfaded Recording II	「残された録音・その二」	Đoạn Ghi Âm Chưa Phai Mờ 2
lang_multi_text.db	AreaReportTitle_Text11	3.4	Hội thoại/Cốt truyện	Hệ thống/Thế giới			「无光之森戏猿行为报告·其一」	A Behavioral Report on the Hoochiefs in Dim Forest I	「光なき森いたずら猿の行動分析・その一」	Báo Cáo Hành Vi Khỉ Trêu Đùa Trong Rừng Không Ánh Sáng 1
lang_multi_text.db	AreaReportTitle_Text12	3.4	Hội thoại/Cốt truyện	Hệ thống/Thế giới			「无光之森戏猿行为报告·其二」	A Behavioral Report on the Hoochiefs in Dim Forest II	「光なき森いたずら猿の行動分析・その二」	Báo Cáo Hành Vi Khỉ Trêu Đùa Trong Rừng Không Ánh Sáng 2
lang_multi_text.db	AreaReportTitle_Text13	3.4	Hội thoại/Cốt truyện	Hệ thống/Thế giới			「犯罪社会学·流放者·其一」	Criminal Sociology: The Exiles I	「犯罪社会学・追放者・その一」	Xã Hội Học Tội Phạm - Kẻ Lưu Đày 1
lang_multi_text.db	AreaReportTitle_Text14	3.4	Hội thoại/Cốt truyện	Hệ thống/Thế giới			「犯罪社会学·流放者·其二」	Criminal Sociology: The Exiles II	「犯罪社会学・追放者・その二」	Xã Hội Học Tội Phạm - Kẻ Lưu Đày 2
lang_multi_text.db	AreaReportTitle_Text15	3.4	Hội thoại/Cốt truyện	Hệ thống/Thế giới			「踏白小队对北落峡谷的调查记录·其一」	Outrider Squad's Norfall Valley Investigation Logs I	「踏白小隊による北落谷調査記録・その一」	Ghi Chép Điều Tra Của Tiểu Đội Đạp Bạch Về Bắc Lạc Hiệp Cốc 1
lang_multi_text.db	AreaReportTitle_Text16	3.4	Hội thoại/Cốt truyện	Hệ thống/Thế giới			「踏白小队对北落峡谷的调查记录·其二」	Outrider Squad's Norfall Valley Investigation Logs II	「踏白小隊による北落谷調査記録・その二」	Ghi Chép Điều Tra Của Tiểu Đội Đạp Bạch Về Bắc Lạc Hiệp Cốc 2
lang_multi_text.db	AreaReportTitle_Text17	3.4	Hội thoại/Cốt truyện	Hệ thống/Thế giới			「怨鸟般的恋爱故事·影评·其一」	"The Tale of Two Love Birds" Review I	「怨鳥みたいな恋をした・映画レビュー・その一」	Câu Chuyện Tình Yêu Của Oán Điểu - Bình Luận Phim 1
lang_multi_text.db	AreaReportTitle_Text18	3.4	Hội thoại/Cốt truyện	Hệ thống/Thế giới			「怨鸟般的恋爱故事·影评·其二」	"The Tale of Two Love Birds" Review II	「怨鳥みたいな恋をした・映画レビュー・その二」	Câu Chuyện Tình Yêu Của Oán Điểu - Bình Luận Phim 2
lang_multi_text.db	AreaReportTitle_Text19	3.4	Hội thoại/Cốt truyện	Hệ thống/Thế giới			「黑海岸入门小百科·其一」	Basic Introduction to the Black Shores I	「ブラックショア百科入門編・その一」	Bách Khoa Toàn Thư Nhập Môn Bờ Biển Đen 1
lang_multi_text.db	AreaReportTitle_Text2	3.4	Hội thoại/Cốt truyện	Hệ thống/Thế giới			「关外金铃·其二」	Golden Scales of Outer Huanglong II	「関外の金鈴・その二」	Chuông Vàng Ngoài Quan Ải 2
lang_multi_text.db	AreaReportTitle_Text20	3.4	Hội thoại/Cốt truyện	Hệ thống/Thế giới			「黑海岸入门小百科·其二」	Basic Introduction to the Black Shores II	「ブラックショア百科入門編・その二」	Bách Khoa Toàn Thư Nhập Môn Bờ Biển Đen 2
lang_multi_text.db	AreaReportTitle_Text21	3.4	Hội thoại/Cốt truyện	Hệ thống/Thế giới			「辉萤石矿脉勘察报告·其一」	Survey Report on the Lampylumen Veins I	「輝光石鉱脈調査レポート・その一」	Báo Cáo Khảo Sát Mỏ Quặng Lampylumen 1
lang_multi_text.db	AreaReportTitle_Text22	3.4	Hội thoại/Cốt truyện	Hệ thống/Thế giới			「辉萤石矿脉勘察报告·其二」	Survey Report on the Lampylumen Veins II	「輝光石鉱脈調査レポート・その二」	Báo Cáo Khảo Sát Mỏ Quặng Lampylumen 2
lang_multi_text.db	AreaReportTitle_Text23	3.4	Hội thoại/Cốt truyện	Hệ thống/Thế giới			「孤独索拉·虹镇温泉特别篇·其一」	Lonely SOL-3: Hongzhen Hot Springs Special Edition I	「孤独のソラ・虹鎮温泉特別編・その一」	Solaris Cô Đơn - Phiên Bản Đặc Biệt Suối Nước Nóng Hongzhen 1
lang_multi_text.db	AreaReportTitle_Text24	3.4	Hội thoại/Cốt truyện	Hệ thống/Thế giới			「孤独索拉·虹镇温泉特别篇·其二」	Lonely SOL-3: Hongzhen Hot Springs Special Edition II	「孤独のソラ・虹鎮温泉特別編・その二」	Solaris Cô Đơn - Phiên Bản Đặc Biệt Suối Nước Nóng Hongzhen 2
lang_multi_text.db	AreaReportTitle_Text25	3.4	Hội thoại/Cốt truyện	Hệ thống/Thế giới			「黑海岸进阶小百科·其一」	Advanced Introduction to the Black Shores I	「ブラックショア百科上級編・その一」	Bách Khoa Toàn Thư Nâng Cao Bờ Biển Đen 1
lang_multi_text.db	AreaReportTitle_Text26	3.4	Hội thoại/Cốt truyện	Hệ thống/Thế giới			「黑海岸进阶小百科·其二」	Advanced Introduction to the Black Shores II	「ブラックショア百科上級編・その二」	Bách Khoa Toàn Thư Nâng Cao Bờ Biển Đen 2
lang_multi_text.db	AreaReportTitle_Text27	3.4	Hội thoại/Cốt truyện	Hệ thống/Thế giới			「隐海圣典·修会哲学·其一」	Codex of the Deep: Order Philosophy I	「隠海聖典・教団の理・その一」	Thánh Điển Biển Ẩn - Triết Học Giáo Phái 1
lang_multi_text.db	AreaReportTitle_Text28	3.4	Hội thoại/Cốt truyện	Hệ thống/Thế giới			「隐海圣典·修会哲学·其二」	Codex of the Deep: Order Philosophy II	「隠海聖典・教団の理・その二」	Thánh Điển Biển Ẩn - Triết Học Giáo Phái 2
lang_multi_text.db	AreaReportTitle_Text29	3.4	Hội thoại/Cốt truyện	Hệ thống/Thế giới			「当绅士们来敲门·其一」	The Gentlemen at the Door I	「紳士たちのちから・その一」	Khi Các Quý Ông Gõ Cửa 1
lang_multi_text.db	AreaReportTitle_Text3	3.4	Hội thoại/Cốt truyện	Hệ thống/Thế giới			「今州城区项目建设报告书·其一」	Jinzhou City Construction Project Report I	「今州市街地都市開発事業報告書・その一」	Báo Cáo Dự Án Xây Dựng Khu Đô Thị Kim Châu 1
lang_multi_text.db	AreaReportTitle_Text30	3.4	Hội thoại/Cốt truyện	Hệ thống/Thế giới			「当绅士们来敲门·其二」	The Gentlemen at the Door II	「紳士たちのちから・その二」	Khi Các Quý Ông Gõ Cửa 2
lang_multi_text.db	AreaReportTitle_Text31	3.4	Hội thoại/Cốt truyện	Hệ thống/Thế giới			「拉古那少数派报告·其一」	Ragunna: A Minority Report I	「ラグーナマイノリティ・リポート・その一」	Ragunna: Báo Cáo Thiểu Số 1
lang_multi_text.db	AreaReportTitle_Text32	3.4	Hội thoại/Cốt truyện	Hệ thống/Thế giới			「拉古那少数派报告·其二」	Ragunna: A Minority Report II	「ラグーナマイノリティ・リポート・その二」	Ragunna: Báo Cáo Thiểu Số 2
lang_multi_text.db	AreaReportTitle_Text33	3.4	Hội thoại/Cốt truyện	Hệ thống/Thế giới			「旧拉古那的唤声·其一」	Echoes from Ragunna's Past I	「かつてのラグーナの呼び声・その一」	Tiếng Gọi Của Ragunna Cũ 1
lang_multi_text.db	AreaReportTitle_Text34	3.4	Hội thoại/Cốt truyện	Hệ thống/Thế giới			「旧拉古那的唤声· 其二」	Echoes from Ragunna's Past II	「かつてのラグーナの呼び声・その二」	Tiếng Gọi Của Ragunna Cũ 2
lang_multi_text.db	AreaReportTitle_Text35	3.4	Hội thoại/Cốt truyện	Hệ thống/Thế giới			「困在时间里的埃格拉·其一」	Egla: Trapped in Time I	「時に囚われたエグラ・その一」	Egla Mắc Kẹt Trong Dòng Thời Gian 1
lang_multi_text.db	AreaReportTitle_Text36	3.4	Hội thoại/Cốt truyện	Hệ thống/Thế giới			「困在时间里的埃格拉·其二」	Egla: Trapped in Time II	「時に囚われたエグラ・その二」	Egla Mắc Kẹt Trong Dòng Thời Gian 2
lang_multi_text.db	AreaReportTitle_Text37	3.4	Hội thoại/Cốt truyện	Hệ thống/Thế giới			「在云海·其一」	Within Nimbus Sanctum I	「雲海にて・その一」	Giữa Biển Mây 1
lang_multi_text.db	AreaReportTitle_Text38	3.4	Hội thoại/Cốt truyện	Hệ thống/Thế giới			「在云海·其二」	Within Nimbus Sanctum II	「雲海にて・その二」	Giữa Biển Mây 2
lang_multi_text.db	AreaReportTitle_Text39	3.4	Hội thoại/Cốt truyện	Hệ thống/Thế giới			「岁主庇佑黎那汐塔·其一」	May the Sentinel Bless Rinascita I	「歳主よリナシータを守り給え・その一」	Cầu Tuế Chủ Phù Hộ Rinascita 1
lang_multi_text.db	AreaReportTitle_Text4	3.4	Hội thoại/Cốt truyện	Hệ thống/Thế giới			「今州城区项目建设报告书·其二」	Jinzhou City Construction Project Report II	「今州市街地都市開発事業報告書・その二」	Báo Cáo Dự Án Xây Dựng Khu Đô Thị Kim Châu 2
lang_multi_text.db	AreaReportTitle_Text40	3.4	Hội thoại/Cốt truyện	Hệ thống/Thế giới			「岁主庇佑黎那汐塔·其二」	May the Sentinel Bless Rinascita II	「歳主よリナシータを守り給え・その二」	Cầu Tuế Chủ Phù Hộ Rinascita 2
lang_multi_text.db	AreaReportTitle_Text41	3.4	Hội thoại/Cốt truyện	Hệ thống/Thế giới			「辩方证人·其一」	Defendant's Witness I	「弁護側の証人・その一」	Nhân Chứng Của Bên Biện Hộ 1
lang_multi_text.db	AreaReportTitle_Text42	3.4	Hội thoại/Cốt truyện	Hệ thống/Thế giới			「辩方证人·其二」	Defendant's Witness II	「弁護側の証人・その二」	Nhân Chứng Của Bên Biện Hộ 2
lang_multi_text.db	AreaReportTitle_Text43	3.4	Hội thoại/Cốt truyện	Hệ thống/Thế giới			「埃弗拉德金库职员手册·其一」	Averardo Vault Employee Manual I	「アヴェラルド金庫職員手帳・その一」	Sổ Tay Nhân Viên Ngân Hàng Averardo 1
lang_multi_text.db	AreaReportTitle_Text44	3.4	Hội thoại/Cốt truyện	Hệ thống/Thế giới			「埃弗拉德金库职员手册·其二」	Averardo Vault Employee Manual II	「アヴェラルド金庫職員手帳・その二」	Sổ Tay Nhân Viên Ngân Hàng Averardo 2
lang_multi_text.db	AreaReportTitle_Text45	3.4	Hội thoại/Cốt truyện	Hệ thống/Thế giới			「黎乔利群岛宣传册·其一」	Riccioli Islands Promotional Poster I	「リジョリ群島の広告パンフレット・その一」	Tờ Rơi Quảng Cáo Quần Đảo Riccioli 1
lang_multi_text.db	AreaReportTitle_Text46	3.4	Hội thoại/Cốt truyện	Hệ thống/Thế giới			「黎乔利群岛宣传册·其二」	Riccioli Islands Promotional Poster II	「リジョリ群島の広告パンフレット・その二」	Tờ Rơi Quảng Cáo Quần Đảo Riccioli 2
lang_multi_text.db	AreaReportTitle_Text47	3.4	Hội thoại/Cốt truyện	Hệ thống/Thế giới			「阿维纽林守则·其一」	Avinoleum Code I	「アヴィノレーム神学校校則・一」	Quy Tắc Của Avinoleum 1
lang_multi_text.db	AreaReportTitle_Text48	3.4	Hội thoại/Cốt truyện	Hệ thống/Thế giới			「阿维纽林守则·其二」	Seminary Code II	「アヴィノレーム神学校校則・二」	Quy Tắc Của Avinoleum 2
lang_multi_text.db	AreaReportTitle_Text49	3.4	Hội thoại/Cốt truyện	Hệ thống/Thế giới			「翡萨烈家族手记·其一」	The Fisalia Family Journal I	「フィサリアファミリーのノート・一」	Sổ Tay Gia Tộc Fisalia 1
lang_multi_text.db	AreaReportTitle_Text5	3.4	Hội thoại/Cốt truyện	Hệ thống/Thế giới			「孤独索拉·中曲台地篇·其一」	Lonely SOL-3: Central Plains I	「孤独のソラ・中部台地編・その一」	Solaris Cô Đơn - Trung Khúc Đài Địa 1
lang_multi_text.db	AreaReportTitle_Text50	3.4	Hội thoại/Cốt truyện	Hệ thống/Thế giới			「翡萨烈家族手记·其二」	The Fisalia Family Journal II	「フィサリアファミリーのノート・二」	Sổ Tay Gia Tộc Fisalia 2
lang_multi_text.db	AreaReportTitle_Text51	3.4	Hội thoại/Cốt truyện	Hệ thống/Thế giới			「七丘观光指南·其一」	[Septimont Travel Guide I]	「セブン・ヒルズ観光ガイド・その一」	Cẩm Nang Du Lịch Septimont 1
lang_multi_text.db	AreaReportTitle_Text52	3.4	Hội thoại/Cốt truyện	Hệ thống/Thế giới			「七丘观光指南·其二」	[Septimont Travel Guide II]	「セブン・ヒルズ観光ガイド・その二」	Cẩm Nang Du Lịch Septimont 2
lang_multi_text.db	AreaReportTitle_Text53	3.4	Hội thoại/Cốt truyện	Hệ thống/Thế giới			「隐海试验场巡查报告·其一」	Fabricatorium of the Deep: Surveillance Report I	「隠海実験場調査レポート・その一」	Báo Cáo Tuần Tra Trường Thử Nghiệm Biển Ẩn 1
lang_multi_text.db	AreaReportTitle_Text54	3.4	Hội thoại/Cốt truyện	Hệ thống/Thế giới			「隐海试验场巡查报告·其二」	Fabricatorium of the Deep: Surveillance Report II	「隠海実験場調査レポート・その二」	Báo Cáo Tuần Tra Trường Thử Nghiệm Biển Ẩn 2
lang_multi_text.db	AreaReportTitle_Text55	3.4	Hội thoại/Cốt truyện	Hệ thống/Thế giới			「桑古伊斯狩原猎人笔记·其一」	Sanguis Plateaus Hunter's Notes - Part I	「サングイス狩猟台地の狩人手記・一」	Ghi Chép Của Thợ Săn Cao Nguyên Sanguis 1
lang_multi_text.db	AreaReportTitle_Text56	3.4	Hội thoại/Cốt truyện	Hệ thống/Thế giới			「桑古伊斯狩原猎人笔记·其二」	Sanguis Plateaus Hunter's Notes - Part II	「サングイス狩猟台地の狩人手記・二」	Ghi Chép Của Thợ Săn Cao Nguyên Sanguis 2
lang_multi_text.db	AreaReportTitle_Text57	3.4	Hội thoại/Cốt truyện	Hệ thống/Thế giới			《先行公约关于拉海洛地区的科考报告·节选一》	Pioneer Association Expedition Reports, Lahai-Roi Region - Excerpt I	『先駆条約・ラハイロイ総合調査レポート（その一）——現地調査発見事項の議事録』	Báo Cáo Khảo Sát Khoa Học Của Hiệp Ước Tiên Phong Về Khu Vực Lahai-Roi - Trích Đoạn 1
lang_multi_text.db	AreaReportTitle_Text58	3.4	Hội thoại/Cốt truyện	Hệ thống/Thế giới			《先行公约关于拉海洛地区的科考报告·节选二》	Pioneer Association Expedition Reports, Lahai-Roi Region - Excerpt II	『先駆条約・ラハイロイ総合調査レポート（その二）——現地調査発見事項の議事録』	Báo Cáo Khảo Sát Khoa Học Của Hiệp Ước Tiên Phong Về Khu Vực Lahai-Roi - Trích Đoạn 2
lang_multi_text.db	AreaReportTitle_Text59	3.4	Hội thoại/Cốt truyện	Hệ thống/Thế giới			《罗伊算式抄卷·序一）》	Royan Formulae Transcripts - Preface I	『ロイ算式抄録・序篇一』	Bản Sao Chép Công Thức Roya Lời Tựa 1
lang_multi_text.db	AreaReportTitle_Text6	3.4	Hội thoại/Cốt truyện	Hệ thống/Thế giới			「孤独索拉·中曲台地篇·其二」	Lonely SOL-3: Central Plains II	「孤独のソラ・中部台地編・その二」	Solaris Cô Đơn - Trung Khúc Đài Địa 2
lang_multi_text.db	AreaReportTitle_Text60	3.4	Hội thoại/Cốt truyện	Hệ thống/Thế giới			《罗伊算式抄卷·序二》	Royan Formulae Transcripts - Preface I	『ロイ算式抄録・序篇二』	Bản Sao Chép Công Thức Roya Lời Tựa 2
lang_multi_text.db	AreaReportTitle_Text61	3.4	Hội thoại/Cốt truyện	Hệ thống/Thế giới			《格洛犸图奔腾的原野》节选一	"Where Glommoths Once Roamed" (Excerpt I)	『グローモス：奔る原野』その一	"Nơi Những Con Glommoths Từng Lang Thang" - Trích Đoạn 1
lang_multi_text.db	AreaReportTitle_Text62	3.4	Hội thoại/Cốt truyện	Hệ thống/Thế giới			《格洛犸图奔腾的原野》节选二	"Where Glommoths Once Roamed" (Excerpt II)	『グローモス：奔る原野』その二	"Nơi Những Con Glommoths Từng Lang Thang" - Trích Đoạn 2
lang_multi_text.db	AreaReportTitle_Text63	3.4	Hội thoại/Cốt truyện	Hệ thống/Thế giới			《罗伊历史考》节选一	A Study of Royan History (Excerpt I)	『ロイ史研究』その一	Nghiên Cứu Lịch Sử Tộc Roya - Trích Đoạn 1
lang_multi_text.db	AreaReportTitle_Text64	3.4	Hội thoại/Cốt truyện	Hệ thống/Thế giới			《罗伊历史考》节选二	A Study of Royan History (Excerpt II)	『ロイ史研究』その二	Nghiên Cứu Lịch Sử Tộc Roya - Trích Đoạn 2
lang_multi_text.db	AreaReportTitle_Text65	3.4	Hội thoại/Cốt truyện	Hệ thống/Thế giới			研究录音·坠剑湖底-阿列夫一（损毁部分）	Research Recording: Sundermere Lakebed - Aleph-1 (Damaged Section)	研究ログ：サンダーミールの底-アレフ1（一部破損）	Ghi Âm Nghiên Cứu: Dưới Đáy Hồ Rơi Kiếm - Aleph-1 (Phần Bị Hỏng)
lang_multi_text.db	AreaReportTitle_Text66	3.4	Hội thoại/Cốt truyện	Hệ thống/Thế giới			音频转录·极地联合改组审议会（未公开部分）	Audio Transcript: Polar Collective Restructuring Council (Unreleased)	音声ダビング：ポーラー・コレクティブ再編審議会（未公开部分）	Chuyển Biên Âm Thanh: Hội Đồng Tái Cấu Trúc Liên Minh Cực Địa (Phần Chưa Công Bố)
lang_multi_text.db	AreaReportTitle_Text67	3.4	Hội thoại/Cốt truyện	Hệ thống/Thế giới			P.C.-LH-R/0987 拉海洛阶段性研究简报	P.C.–LH–R/0987 Lahai-Roi Interim Research Briefing	P.C.-LH-R/0987　ラハイロイ 段階的研究概要	Bản Tóm Tắt Nghiên Cứu Theo Từng Giai Đoạn Của P.C.-LH-R/0987 Lahai-Roi
lang_multi_text.db	AreaReportTitle_Text68	3.4	Hội thoại/Cốt truyện	Hệ thống/Thế giới			P.C.-LH-R/0988 拉海洛阶段性研究简报	P.C.–LH–R/0988 Lahai-Roi Interim Research Briefing	P.C.-LH-R/0988　ラハイロイ 段階的研究概要	Bản Tóm Tắt Nghiên Cứu Theo Từng Giai Đoạn Của P.C.-LH-R/0988 Lahai-Roi
lang_multi_text.db	AreaReportTitle_Text69	3.4	Hội thoại/Cốt truyện	Hệ thống/Thế giới			《星炬学院学生手册·入学指南》（节选）	Startorch Academy Student Handbook: Orientation Guide (Excerpt)	『スタートーチ学園 学生ハンドブック・新入生ガイド』（抜粋）	"Sổ Tay Sinh Viên Học Viện Startorch - Hướng Dẫn Nhập Học" (Trích Đoạn)
lang_multi_text.db	AreaReportTitle_Text7	3.4	Hội thoại/Cốt truyện	Hệ thống/Thế giới			「异鸟集卷·其一」	Flocks of the Extraordinary I	「異鳥コレクション・その一」	Bộ Sưu Tập Chim Lạ 1
lang_multi_text.db	AreaReportTitle_Text70	3.4	Hội thoại/Cốt truyện	Hệ thống/Thế giới			《拉贝尔博士关于成立「星炬学院」的讲稿》	Dr. Scott Rabelle's Address on the Founding of Startorch Academy	『「スタートーチ学園」創基典礼におけるラベル博士の式辞』（抜粋）	Bài Phát Biểu Của Tiến Sĩ Scott Rabelle Về Việc Thành Lập "Học Viện Startorch"
lang_multi_text.db	AreaReportTitle_Text71	3.4	Hội thoại/Cốt truyện	Hệ thống/Thế giới			一份于“隐喙深腹”发现的遇难科考队成员的终端记录	Terminal Log Recovered from a Lost Mawburrow Desert Expedition Member	「ビーク・ホロウ」にて回収された遭難調査隊員のデバイスログ	Một Bản Ghi Chép Thiết Bị Đầu Cuối Của Thành Viên Đội Khảo Sát Bị Nạn Được Tìm Thấy Tại "Sa Mạc Thâm Phúc"
lang_multi_text.db	AreaReportTitle_Text72	3.4	Hội thoại/Cốt truyện	Hệ thống/Thế giới			查特先生发布的的悼念演讲	Mr. Chase's Published Eulogy	チャーター氏による追悼演説	Bài Diễn Văn Tưởng Niệm Do Ông Chase Công Bố
lang_multi_text.db	AreaReportTitle_Text73	3.4	Hội thoại/Cốt truyện	Hệ thống/Thế giới			《罗伊神话考》节选	"A Study of Royan Mythology" (Excerpt)	『ロイ神話研究』抜粋	"Nghiên Cứu Thần Thoại Tộc Roya" - Trích Đoạn
lang_multi_text.db	AreaReportTitle_Text74	3.4	Hội thoại/Cốt truyện	Hệ thống/Thế giới			《罗伊人的时间观》节选	"The Royan Concept of Time" (Excerpt)	『ロイ人の時間概念』抜粋	"Quan Niệm Về Thời Gian Của Người Roya" - Trích Đoạn
lang_multi_text.db	AreaReportTitle_Text75	3.4	Hội thoại/Cốt truyện	Hệ thống/Thế giới			《沿着地极的方向》节选一	To the Pole - Excerpt I	『極点への道』抜粋・Ⅰ	"Dọc Theo Hướng Địa Cực" - Trích Đoạn 1
lang_multi_text.db	AreaReportTitle_Text76	3.4	Hội thoại/Cốt truyện	Hệ thống/Thế giới			《沿着地极的方向》节选二	To the Pole - Excerpt II	『極点への道』抜粋・Ⅱ	"Dọc Theo Hướng Địa Cực" - Trích Đoạn 2
lang_multi_text.db	AreaReportTitle_Text77	3.4	Hội thoại/Cốt truyện	Hệ thống/Thế giới			《文明纪实·拉海洛》节选一	Documentary of Civilizations: Lahai-Roi - Excerpt I	『文明実録・ラハイロイ』抜粋・Ⅰ	"Ghi Chép Nền Văn Minh Lahai-Roi" - Trích Đoạn 1
lang_multi_text.db	AreaReportTitle_Text78	3.4	Hội thoại/Cốt truyện	Hệ thống/Thế giới			《文明纪实·拉海洛》（节选二）	Documentary of Civilizations: Lahai-Roi - Excerpt II	『文明実録・ラハイロイ』抜粋・Ⅱ	"Ghi Chép Nền Văn Minh Lahai-Roi" - Trích Đoạn 2
lang_multi_text.db	AreaReportTitle_Text79	3.4	Hội thoại/Cốt truyện	Hệ thống/Thế giới			冰原空间站探索计划总览（节选）	Overview on the Exploration Project of Frostlands Space Station (Excerpt)	氷原宇宙ステーション探索計画・総覧（抜粋）	Tổng Quan Về Kế Hoạch Khám Phá Trạm Không Gian Ở Vùng Băng Giá (Trích Đoạn)
lang_multi_text.db	AreaReportTitle_Text8	3.4	Hội thoại/Cốt truyện	Hệ thống/Thế giới			「异鸟集卷·其二」	Flocks of the Extraordinary II	「異鳥コレクション・その二」	Bộ Sưu Tập Chim Lạ 2
lang_multi_text.db	AreaReportTitle_Text80	3.4	Hội thoại/Cốt truyện	Hệ thống/Thế giới			天槎空间站工程简介（节选）	SkyArk Space Station Project Summary (Excerpt)	スカイアークプロジェクト・概要（抜粋）	Tóm Tắt Dự Án Trạm Không Gian SkyArk (Trích Đoạn)
lang_multi_text.db	AreaReportTitle_Text81	3.4	Hội thoại/Cốt truyện	Hệ thống/Thế giới			《拉海洛历史地理学导论》其一	An Introduction to Lahai-Roi Historical Geography - Excerpt I	『ラハイロイ歴史地理学序説』その一	"Dẫn Luận Về Địa Lý Lịch Sử Lahai-Roi" Phần 1
lang_multi_text.db	AreaReportTitle_Text82	3.4	Hội thoại/Cốt truyện	Hệ thống/Thế giới			《拉海洛历史地理学导论》其二	An Introduction to Lahai-Roi Historical Geography - Excerpt II	『ラハイロイ歴史地理学序説』その二	"Dẫn Luận Về Địa Lý Lịch Sử Lahai-Roi" Phần 2
lang_multi_text.db	AreaReportTitle_Text83	3.4	Hội thoại/Cốt truyện	Hệ thống/Thế giới			与昭日者的谈话记录（节选）	Conversation Record with A Solsworn (Excerpt)	<ano=太陽に契りし者>ソル・スウォーン</ano>との対話記録（抜粋）	Bản Ghi Chép Cuộc Trò Chuyện Với Solsworn (Trích Đoạn)
lang_multi_text.db	AreaReportTitle_Text84	3.4	Hội thoại/Cốt truyện	Hệ thống/Thế giới			与昭日者的谈话总结	Summary of the Conversation with A Solsworn	<ano=太陽に契りし者>ソル・スウォーン</ano>との対話・総括	Bản Tóm Tắt Cuộc Trò Chuyện Với Solsworn
lang_multi_text.db	AreaReportTitle_Text85	3.4	Hội thoại/Cốt truyện	Hệ thống/Thế giới			行程录音·黯原勘探队一期（节选一）	Trip Recording: Dimmr Plains Survey Team 1 (Excerpt One)	旅の録音・第一次<ano=光なき平野>ディマー・プレーンズ</ano>考察隊（抜粋1）	Ghi Âm Hành Trình - Đội Khảo Sát Vùng Vĩnh Ám Đợt Một (Trích Đoạn Một)
lang_multi_text.db	AreaReportTitle_Text86	3.4	Hội thoại/Cốt truyện	Hệ thống/Thế giới			行程录音·黯原勘探队一期（节选二）	Trip Recording: Dimmr Plains Survey Team 1 (Excerpt Two)	旅の録音・第一次<ano=光なき平野>ディマー・プレーンズ</ano>考察隊（抜粋2）	Ghi Âm Hành Trình - Đội Khảo Sát Vùng Vĩnh Ám Đợt Một (Trích Đoạn Hai)
lang_multi_text.db	AreaReportTitle_Text87	3.4	Hội thoại/Cốt truyện	Hệ thống/Thế giới			关于黯原封存地的近况汇报	Report on Recent Conditions at the Sealed Fissure in the Dimmr Plains	<ano=光なき平野>ディマー・プレーンズ</ano>の封印の地に関する状況報告	Báo Cáo Tình Hình Gần Đây Về Nơi Phong Ấn Vùng Vĩnh Ám
lang_multi_text.db	AreaReportTitle_Text88	3.4	Hội thoại/Cốt truyện	Hệ thống/Thế giới			列车长咖啡厅官方交流群聊天记录（节选）	Chat History of Shashou Cafe Official (Excerpt)	車掌カフェ公式グループチャットのチャット履歴（抜粋）	Lịch Sử Trò Chuyện Nhóm Giao Lưu Chính Thức Của Quán Cà Phê Trưởng Tàu (Trích Đoạn)
lang_multi_text.db	AreaReportTitle_Text89	3.4	Hội thoại/Cốt truyện	Hệ thống/Thế giới			关于黯原地区异常堆积物的溯源分析报告	Traceability Analysis Report on Abnormal Accumulation in the Dimmr Plains Region	<ano=光なき平野>ディマー・プレーンズ</ano>エリアの異常な堆積物の発生源に関する解析報告書	Báo Cáo Phân Tích Truy Xuất Nguồn Gốc Vật Chất Tích Tụ Bất Thường Ở Khu Vực Vùng Vĩnh Ám
lang_multi_text.db	AreaReportTitle_Text9	3.4	Hội thoại/Cốt truyện	Hệ thống/Thế giới			「一段尚未消逝的录音·其一」	An Unfaded Recording I	「残された録音・その一」	Đoạn Ghi Âm Chưa Phai Mờ 1
lang_multi_text.db	AreaReportTitle_Text90	3.4	Hội thoại/Cốt truyện	Hệ thống/Thế giới			未知录音·虚妄摇篮	Unknown Recording: Voidthirst Cradle	未知の録音・虚妄の揺りかご	Ghi Âm Chưa Rõ - Nôi Hư Vọng
lang_multi_text.db	AreaReportTitle_Text91	3.4	Hội thoại/Cốt truyện	Hệ thống/Thế giới			查特先生在隧门事件后的演讲（节选一）	Mr. Chase's Speech Following the Stridergate Incident (Excerpt One)	ストライダーゲート事件後のチェイスの演説（抜粋1）	Bài Diễn Thuyết Của Ông Chase Sau Sự Kiện Stridergate (Trích Đoạn Một)
lang_multi_text.db	AreaReportTitle_Text92	3.4	Hội thoại/Cốt truyện	Hệ thống/Thế giới			查特先生在隧门事件后的演讲（节选二）	Mr. Chase's Speech Following the Stridergate Incident (Excerpt Two)	ストライダーゲート事件後のチェイスの演説（抜粋2）	Bài Diễn Thuyết Của Ông Chase Sau Sự Kiện Stridergate (Trích Đoạn Hai)
lang_multi_text.db	AreaReportUnlock_Text0	3.4	Hội thoại/Cốt truyện	Hệ thống/Thế giới			区域探索度达到50%后解锁完整报告	Achieve 50% Area Exploration Progress to unlock the full report.	エリア探索進捗50%到達で完全版の報告が解放	Báo cáo đầy đủ sẽ được mở khóa sau khi Mức Độ Khám Phá Khu Vực đạt 50%
lang_multi_text.db	AreaReportUnlock_Text1	3.4	Hội thoại/Cốt truyện	Hệ thống/Thế giới			区域探索度达到100%后解锁完整报告	Achieve 100% Area Exploration Progress to unlock the full report.	エリア探索進捗100%到達で完全版の報告が解放	Báo cáo đầy đủ sẽ được mở khóa sau khi Mức Độ Khám Phá Khu Vực đạt 100%
lang_multi_text.db	Area_10001_Title	3.4	Hội thoại/Cốt truyện	Hệ thống/Thế giới			dnt/龙主居所副本空气墙1	Invisible Walls near the Magistrate's Residence dungeon 1	歳主住居見えない壁1	Tường Vô Hình Gần Phó Bản Phủ Tuế Chủ 1
lang_multi_text.db	Area_10002_Title	3.4	Hội thoại/Cốt truyện	Hệ thống/Thế giới			dnt/龙主居所副本空气墙2	Invisible Walls near the Magistrate's Residence dungeon 2	歳主住居見えない壁2	Tường Vô Hình Gần Phó Bản Phủ Tuế Chủ 2
lang_multi_text.db	Area_10003_Title	3.4	Hội thoại/Cốt truyện	Hệ thống/Thế giới			dnt/龙主居所副本空气墙3	Invisible Walls near the Magistrate's Residence dungeon 3	歳主住居見えない壁3	Tường Vô Hình Gần Phó Bản Phủ Tuế Chủ 3
lang_multi_text.db	Area_10004_Title	3.4	Hội thoại/Cốt truyện	Hệ thống/Thế giới			dnt/一次性逆境深塔空气墙	Invisible Walls for one-time dungeon	使い捨て逆境深塔見えない壁	Tường Vô Hình Cho Phó Bản Một Lần
lang_multi_text.db	Area_10005_Title	3.4	Hội thoại/Cốt truyện	Hệ thống/Thế giới			dnt/龙主居所副本空气墙4	Invisible Walls near the Magistrate's Residence dungeon 4	歳主住居見えない壁4	Tường Vô Hình Gần Phó Bản Phủ Tuế Chủ 4
lang_multi_text.db	Area_1001_Title	3.4	Hội thoại/Cốt truyện	Hệ thống/Thế giới			呜呜仓储站	Lollo Warehouse	ブブ物流倉庫	Trạm Kho Vận Lollo
lang_multi_text.db	Area_1002_Title	3.4	Hội thoại/Cốt truyện	Hệ thống/Thế giới			鲧巢港	Port Gunchao	<ano=こんそう>鯀巣</ano>の港	Cổn Sào Cảng
lang_multi_text.db	Area_1003_Title	3.4	Hội thoại/Cốt truyện	Hệ thống/Thế giới			龙山渡	Frosting Harbor	<ano=りゅうざん>龍山</ano>の渡し場	Long Sơn Độ
lang_multi_text.db	Area_1004_Title	3.4	Hội thoại/Cốt truyện	Hệ thống/Thế giới			稷廷遗址	Court of Savantae Ruins	<ano=しょくてい>稷廷</ano>の遺跡	Di Chỉ Tắc Đình
lang_multi_text.db	Area_1005_Title	3.4	Hội thoại/Cốt truyện	Hệ thống/Thế giới			觉林峡	Waving Battlefield	<ano=こうりんきょう>覚林峡</ano>	Giác Lâm Hiệp
lang_multi_text.db	Area_1006_Title	3.4	Hội thoại/Cốt truyện	Hệ thống/Thế giới			塬上旧址	Plateau Ruins	高原廃墟	Di Chỉ Trên Bình Nguyên
lang_multi_text.db	Area_1007_Title	3.4	Hội thoại/Cốt truyện	Hệ thống/Thế giới			羽鹭湿地	Heron Wetland	<ano=サギ>鷺</ano>の湿地	Đất Ngập Nước Vũ Lộ
lang_multi_text.db	Area_100_Title	3.4	Hội thoại/Cốt truyện	Hệ thống/Thế giới			dnt/无冠者空气墙	Invisible Walls at Crownless combat	無冠者見えない壁	Tường Vô Hình Tại Trận Chiến Crownless
lang_multi_text.db	Area_101_Title	3.4	Hội thoại/Cốt truyện	Hệ thống/Thế giới			dnt/主线第一个触发区域	First trigger zone on Main Mission	メインストーリー最初地点	Khu Vực Kích Hoạt Đầu Tiên Trong Nhiệm Vụ Chính
lang_multi_text.db	Area_102_Title	3.4	Hội thoại/Cốt truyện	Hệ thống/Thế giới			dnt/主线第二个触发区域	Second trigger zone on Main Mission	メインストーリー第二地点	Khu Vực Kích Hoạt Thứ Hai Trong Nhiệm Vụ Chính
lang_multi_text.db	Area_103_Title	3.4	Hội thoại/Cốt truyện	Hệ thống/Thế giới			dnt/云陵谷新手空气墙1	Invisible Wall for Tutorial at Gorges of Spirits 1	雲陵谷初心者見えない壁1	Tường Vô Hình Hướng Dẫn Tại Hẻm Núi Linh Hồn 1
lang_multi_text.db	Area_107_Title	3.4	Hội thoại/Cốt truyện	Hệ thống/Thế giới			dnt/云陵谷新手空气墙5	Invisible Wall for Tutorial at Gorges of Spirits 5	雲陵谷初心者見えない壁	Tường Vô Hình Hướng Dẫn Tại Hẻm Núi Linh Hồn 5
lang_multi_text.db	Area_10_Title	3.4	Hội thoại/Cốt truyện	Hệ thống/Thế giới			怨鸟泽	Whining Aix's Mire	<ano=えんちょう>怨鳥</ano>の沼	Đầm Lầy Oán Điểu
lang_multi_text.db	Area_11001_Title	3.4	Hội thoại/Cốt truyện	Hệ thống/Thế giới			废弃地铁站	Abandoned Subway Station	廃駅	Trạm Tàu Điện Ngầm Bỏ Hoang
lang_multi_text.db	Area_1101_Title	3.4	Hội thoại/Cốt truyện	Hệ thống/Thế giới			移转异象所	TD Observatory	<ano=いてんいしょうじょ>移転異象所</ano>	Nơi Chuyển Giao Dị Tượng
lang_multi_text.db	Area_1102_Title	3.4	Hội thoại/Cốt truyện	Hệ thống/Thế giới			泰缇斯枢纽	Tethys Hub	テティス<ano=ちゅうすうぶ>中枢部</ano>	Trung Tâm Tethys
lang_multi_text.db	Area_1103_Title	3.4	Hội thoại/Cốt truyện	Hệ thống/Thế giới			新枝地	Haven of Sprouts	スプラウツの地	Tân Chi Địa
lang_multi_text.db	Area_110_Title	3.4	Hội thoại/Cốt truyện	Hệ thống/Thế giới			dnt/云陵谷新手空气墙8	Invisible Wall for Tutorial at Gorges of Spirits 8	雲陵谷初心者見えない壁8	Tường Vô Hình Hướng Dẫn Tại Hẻm Núi Linh Hồn 8
lang_multi_text.db	Area_113_Title	3.4	Hội thoại/Cốt truyện	Hệ thống/Thế giới			dnt/云陵谷新手空气墙9	Invisible Wall for Tutorial at Gorges of Spirits 9	雲陵谷初心者見えない壁9	Tường Vô Hình Hướng Dẫn Tại Hẻm Núi Linh Hồn 9
lang_multi_text.db	Area_119_Title	3.4	Hội thoại/Cốt truyện	Hệ thống/Thế giới			dnt/今州电梯底部空气墙	Invisible Wall at the bottom of Jinzhou's elevator	今州エレベーター底見えない壁	Tường Vô Hình Ở Dưới Cùng Của Thang Máy Kim Châu
lang_multi_text.db	Area_11_Title	3.4	Hội thoại/Cốt truyện	Hệ thống/Thế giới			黑海岸群岛	Black Shores Archipelago	<word>ブラックショア諸島</word>	Quần Đảo Bờ Biển Đen
lang_multi_text.db	Area_12001_Title	3.4	Hội thoại/Cốt truyện	Hệ thống/Thế giới			dnt/循环逆境深塔副本空气墙1	Invisible Walls for the looping Tower of Adversity dungeon 1	逆境深塔循環見えない壁1	Tường Vô Hình Cho Phó Bản Lặp Lại Tháp Nghịch Cảnh 1
lang_multi_text.db	Area_12002_Title	3.4	Hội thoại/Cốt truyện	Hệ thống/Thế giới			dnt/循环逆境深塔副本空气墙2	Invisible Walls for the looping Tower of Adversity dungeon 2	逆境深塔循環見えない壁2	Tường Vô Hình Cho Phó Bản Lặp Lại Tháp Nghịch Cảnh 2
lang_multi_text.db	Area_12003_Title	3.4	Hội thoại/Cốt truyện	Hệ thống/Thế giới			dnt/凌阳角色副本空气墙	Invisible Walls for the Linyang Demo dungeon	凌陽キャラクターダンジョン見えない壁	Tường Vô Hình Cho Phó Bản Dùng Thử Lingyang
lang_multi_text.db	Area_1201_Title	3.4	Hội thoại/Cốt truyện	Hệ thống/Thế giới			泷垂川	Sky Ray	<ano=たきたれかわ>滝垂川</ano>	Long Thùy Xuyên
lang_multi_text.db	Area_1202_Title	3.4	Hội thoại/Cốt truyện	Hệ thống/Thế giới			寒雾深坑	Dust-Sealed Track	迷霧の深穴	Hố Sâu Hàn Vụ
lang_multi_text.db	Area_1203_Title	3.4	Hội thoại/Cốt truyện	Hệ thống/Thế giới			虎口矿场	Tiger's Maw Mine	<ano=ここう>虎口</ano>採掘場	Mỏ Hổ Khẩu
lang_multi_text.db	Area_1204_Title	3.4	Hội thoại/Cốt truyện	Hệ thống/Thế giới			集散中心	Distribution Center	物流センター	Trung Tâm Phân Phối
lang_multi_text.db	Area_120_Title	3.4	Hội thoại/Cốt truyện	Hệ thống/Thế giới			dnt/今州电梯顶部空气墙	Invisible Wall at the top of Jinzhou's elevator	今州エレベーター上部見えない壁	Tường Vô Hình Ở Trên Cùng Của Thang Máy Kim Châu
lang_multi_text.db	Area_122_Title	3.4	Hội thoại/Cốt truyện	Hệ thống/Thế giới			dnt/瑝珑国家地理怪物空气墙	Invisible Walls for enemies in Huanglong National Geographic	瑝瓏国家地理見えない壁	Tường Vô Hình Cho Quái Vật Trong Địa Lý Quốc Gia Hoàng Long
lang_multi_text.db	Area_123_Title	3.4	Hội thoại/Cốt truyện	Hệ thống/Thế giới			dnt/忌炎角色任务用空气墙	Invisible Walls for Jiyan character mission	忌炎キャラクター任務見えない壁	Tường Vô Hình Cho Nhiệm Vụ Nhân Vật Jiyan
lang_multi_text.db	Area_124_Title	3.4	Hội thoại/Cốt truyện	Hệ thống/Thế giới			dnt/主线第一二章限制区域空气墙	Invisible Walls for restricted zones in Chapters I and II@ Main Mission	メインストーリー一二章見えない壁	Tường Vô Hình Cho Khu Vực Bị Hạn Chế Ở Chương I và II @ Nhiệm Vụ Chính
lang_multi_text.db	Area_125_Title	3.4	Hội thoại/Cốt truyện	Hệ thống/Thế giới			dnt/忌炎角色任务用空气墙	Invisible Walls for Jiyan character mission	忌炎キャラクター任務見えない壁	Tường Vô Hình Cho Nhiệm Vụ Nhân Vật Jiyan
lang_multi_text.db	Area_12_Title	3.4	Hội thoại/Cốt truyện	Hệ thống/Thế giới			虎口山脉	Tiger's Maw	<ano=ここう>虎口</ano>の山脈	Dãy Núi Hổ Khẩu
lang_multi_text.db	Area_13001_Title	3.4	Hội thoại/Cốt truyện	Hệ thống/Thế giới			dnt/北落野流程战斗空气墙	Invisible Walls for the Norfall Barrens quest combat	北落野原バトル見えない壁	Tường Vô Hình Trong Trận Chiến Nhiệm Vụ Đồng Hoang Norfall
lang_multi_text.db	Area_13002_Title	3.4	Hội thoại/Cốt truyện	Hệ thống/Thế giới			dnt/北落野流程战斗空气墙	Invisible Walls for the Norfall Barrens quest combat	北落野原バトル見えない壁	Tường Vô Hình Trong Trận Chiến Nhiệm Vụ Đồng Hoang Norfall
lang_multi_text.db	Area_13003_Title	3.4	Hội thoại/Cốt truyện	Hệ thống/Thế giới			dnt/北落野流程战斗空气墙	Invisible Walls for the Norfall Barrens quest combat	北落野原バトル見えない壁	Tường Vô Hình Trong Trận Chiến Nhiệm Vụ Đồng Hoang Norfall
lang_multi_text.db	Area_13004_Title	3.4	Hội thoại/Cốt truyện	Hệ thống/Thế giới			dnt/北落野流程战斗空气墙	Invisible Walls for the Norfall Barrens quest combat	北落野原バトル見えない壁	Tường Vô Hình Trong Trận Chiến Nhiệm Vụ Đồng Hoang Norfall
lang_multi_text.db	Area_13005_Title	3.4	Hội thoại/Cốt truyện	Hệ thống/Thế giới			dnt/北落野流程战斗空气墙	Invisible Walls for the Norfall Barrens quest combat	北落野原バトル見えない壁	Tường Vô Hình Trong Trận Chiến Nhiệm Vụ Đồng Hoang Norfall
lang_multi_text.db	Area_13006_Title	3.4	Hội thoại/Cốt truyện	Hệ thống/Thế giới			dnt/北落野流程空气墙	Invisible Walls for the Norfall Barrens quest	北落野原見えない壁	Tường Vô Hình Trong Nhiệm Vụ Đồng Hoang Norfall
lang_multi_text.db	Area_13007_Title	3.4	Hội thoại/Cốt truyện	Hệ thống/Thế giới			dnt/北落野流程空气墙	Invisible Walls for the Norfall Barrens quest	北落野原見えない壁	Tường Vô Hình Trong Nhiệm Vụ Đồng Hoang Norfall
lang_multi_text.db	Area_1301_Title	3.4	Hội thoại/Cốt truyện	Hệ thống/Thế giới			原点科考站	Tower of Adversity	原点研究所	Trạm Khảo Sát Nguyên Điểm
lang_multi_text.db	Area_13101_Title	3.4	Hội thoại/Cốt truyện	Hệ thống/Thế giới			北落峡谷	Norfall Valley	<ano=ほくらくだに>北落谷</ano>	Hẻm Núi Bắc Lạc
lang_multi_text.db	Area_13102_Title	3.4	Hội thoại/Cốt truyện	Hệ thống/Thế giới			悬浮废墟	Suspended Ruins	空中廃墟	Phế Tích Lơ Lửng
lang_multi_text.db	Area_13105_Title	3.4	Hội thoại/Cốt truyện	Hệ thống/Thế giới			dnt/北落野流程大空气墙	Invisible Walls in Norfall Barrens process	北落野原見えない壁（大）	Tường Vô Hình Trong Tiến Trình Đồng Hoang Norfall
lang_multi_text.db	Area_13_Title	3.4	Hội thoại/Cốt truyện	Hệ thống/Thế giới			原点科考站	Tower of Adversity	原点研究所	Trạm Khảo Sát Nguyên Điểm
lang_multi_text.db	Area_14001_Title	3.4	Hội thoại/Cốt truyện	Hệ thống/Thế giới			dnt/忌炎副本空气墙1	Invisible Walls for Jiyan's side mission	忌炎ダンジョン見えない壁1	Tường Vô Hình Cho Nhiệm Vụ Phụ Của Jiyan
lang_multi_text.db	Area_14002_Title	3.4	Hội thoại/Cốt truyện	Hệ thống/Thế giới			dnt/忌炎副本空气墙1	Invisible Walls for Jiyan's side mission	忌炎ダンジョン見えない壁1	Tường Vô Hình Cho Nhiệm Vụ Phụ Của Jiyan
lang_multi_text.db	Area_14003_Title	3.4	Hội thoại/Cốt truyện	Hệ thống/Thế giới			dnt/忌炎副本空气墙1	Invisible Walls for Jiyan's side mission	忌炎ダンジョン見えない壁1	Tường Vô Hình Cho Nhiệm Vụ Phụ Của Jiyan
lang_multi_text.db	Area_14004_Title	3.4	Hội thoại/Cốt truyện	Hệ thống/Thế giới			dnt/忌炎副本空气墙1	Invisible Walls for Jiyan's side mission	忌炎ダンジョン見えない壁1	Tường Vô Hình Cho Nhiệm Vụ Phụ Của Jiyan
lang_multi_text.db	Area_14005_Title	3.4	Hội thoại/Cốt truyện	Hệ thống/Thế giới			dnt/忌炎副本空气墙1	Invisible Walls for Jiyan's side mission	忌炎ダンジョン見えない壁1	Tường Vô Hình Cho Nhiệm Vụ Phụ Của Jiyan
lang_multi_text.db	Area_14006_Title	3.4	Hội thoại/Cốt truyện	Hệ thống/Thế giới			dnt/忌炎副本空气墙1	Invisible Walls for Jiyan's side mission	忌炎ダンジョン見えない壁1	Tường Vô Hình Cho Nhiệm Vụ Phụ Của Jiyan
lang_multi_text.db	Area_14007_Title	3.4	Hội thoại/Cốt truyện	Hệ thống/Thế giới			dnt/忌炎副本空气墙1	Invisible Walls for Jiyan's side mission	忌炎ダンジョン見えない壁1	Tường Vô Hình Cho Nhiệm Vụ Phụ Của Jiyan
lang_multi_text.db	Area_14008_Title	3.4	Hội thoại/Cốt truyện	Hệ thống/Thế giới			dnt/忌炎副本空气墙1	Invisible Walls for Jiyan's side mission	忌炎ダンジョン見えない壁1	Tường Vô Hình Cho Nhiệm Vụ Phụ Của Jiyan
lang_multi_text.db	Area_14011_Title	3.4	Hội thoại/Cốt truyện	Hệ thống/Thế giới			dnt/忌炎副本空气墙1	Invisible Walls for Jiyan's side mission	忌炎ダンジョン見えない壁1	Tường Vô Hình Cho Nhiệm Vụ Phụ Của Jiyan
lang_multi_text.db	Area_14012_Title	3.4	Hội thoại/Cốt truyện	Hệ thống/Thế giới			dnt/忌炎副本空气墙1	Invisible Walls for Jiyan's side mission	忌炎ダンジョン見えない壁1	Tường Vô Hình Cho Nhiệm Vụ Phụ Của Jiyan
lang_multi_text.db	Area_14013_Title	3.4	Hội thoại/Cốt truyện	Hệ thống/Thế giới			dnt/忌炎副本空气墙1	Invisible Walls for Jiyan's side mission	忌炎ダンジョン見えない壁1	Tường Vô Hình Cho Nhiệm Vụ Phụ Của Jiyan
lang_multi_text.db	Area_14_Title	3.4	Hội thoại/Cốt truyện	Hệ thống/Thế giới			乘霄山	Mt. Firmament	<ano=じょうしょうさん>乗霄山</ano>	Thừa Tiêu Sơn
lang_multi_text.db	Area_1500001_Title	3.4	Hội thoại/Cốt truyện	Hệ thống/Thế giới			dnt/TD测试用例空气墙	Invisible Walls for TD test cases	TDテスト用見えない壁	Tường Vô Hình Cho Thử Nghiệm TD
lang_multi_text.db	Area_1500002_Title	3.4	Hội thoại/Cốt truyện	Hệ thống/Thế giới			dnt/93-TD测试空气墙	93-Invisible Walls for TD test cases	TDテスト用見えない壁	Tường Vô Hình Cho Thử Nghiệm TD
lang_multi_text.db	Area_1501_Title	3.4	Hội thoại/Cốt truyện	Hệ thống/Thế giới			艾多斯之镜	Eidoscope	エイドスの鏡	Gương Eidoscope
lang_multi_text.db	Area_1502_Title	3.4	Hội thoại/Cốt truyện	Hệ thống/Thế giới			数据洪流	Data Torrent	データの<ano=げきりゅう>激流</ano>	Hồng Lưu dữ liệu
lang_multi_text.db	Area_1504_Title	3.4	Hội thoại/Cốt truyện	Hệ thống/Thế giới			调律大厅	Modulation Hall	<ano=ちょうりつ>調律</ano>ホール	Sảnh Điều Luật
lang_multi_text.db	Area_1505_Title	3.4	Hội thoại/Cốt truyện	Hệ thống/Thế giới			能源中心	Energy Hub	<word>エネルギーセンター</word>	Trung Tâm Năng Lượng
lang_multi_text.db	Area_1506_Title	3.4	Hội thoại/Cốt truyện	Hệ thống/Thế giới			谬误收容所	Error Cell	エラー<ano=しゅうようじょ>収容所</ano>	Trại Thu Dung Sai Lầm
lang_multi_text.db	Area_1507_Title	3.4	Hội thoại/Cốt truyện	Hệ thống/Thế giới			金枝地	Bank of Life	<ano=せいめい>生命</ano>の<ano=はこぶね>箱舟</ano>	Kim Chi Địa
lang_multi_text.db	Area_1511_Title	3.4	Hội thoại/Cốt truyện	Hệ thống/Thế giới			神秘房间	Mysterious Room	謎の部屋	Căn Phòng Bí Ẩn
lang_multi_text.db	Area_1561_Title	3.4	Hội thoại/Cốt truyện	Hệ thống/Thế giới			谬误收容所地下一层	Error Cell Sublevel 1	エラー<ano=しゅうようじょ>収容所</ano>地下一階	Tầng B1 Trại Thu Dung Sai Lầm
lang_multi_text.db	Area_1562_Title	3.4	Hội thoại/Cốt truyện	Hệ thống/Thế giới			谬误收容所一层	Error Cell Floor 1	エラー<ano=しゅうようじょ>収容所</ano>一階	Tầng 1 Trại Thu Dung Sai Lầm
lang_multi_text.db	Area_1571_Title	3.4	Hội thoại/Cốt truyện	Hệ thống/Thế giới			金枝地一层	Bank of Life Floor 1	<ano=せいめい>生命</ano>の<ano=はこぶね>箱舟</ano>1階	Tầng 1 Kim Chi Địa
lang_multi_text.db	Area_1572_Title	3.4	Hội thoại/Cốt truyện	Hệ thống/Thế giới			金枝地二层	Bank of Life Floor 2	<ano=せいめい>生命</ano>の<ano=はこぶね>箱舟</ano>2階	Tầng 2 Kim Chi Địa
lang_multi_text.db	Area_15_Title	3.4	Hội thoại/Cốt truyện	Hệ thống/Thế giới			泰缇斯之底	Tethys' Deep	<word>テティスの底</word>	Đáy Tethys
lang_multi_text.db	Area_1601_Title	3.4	Hội thoại/Cốt truyện	Hệ thống/Thế giới			叩天关·上层	Truthseeker's Pass: Upper Tier	<ano=こうてんぜき>叩天関</ano>·上層	Khấu Thiên Quan・Tầng Trên
lang_multi_text.db	Area_1602_Title	3.4	Hội thoại/Cốt truyện	Hệ thống/Thế giới			叩天关·中层	Truthseeker's Pass: Middle Tier	<ano=こうてんぜき>叩天関</ano>·中層	Khấu Thiên Quan・Tầng Giữa
lang_multi_text.db	Area_1603_Title	3.4	Hội thoại/Cốt truyện	Hệ thống/Thế giới			叩天关·下层	Truthseeker's Pass: Lower Tier	<ano=こうてんぜき>叩天関</ano>·下層	Khấu Thiên Quan・Tầng Dưới
lang_multi_text.db	Area_1611_Title	3.4	Hội thoại/Cốt truyện	Hệ thống/Thế giới			隙光滩	Luminous Shore	<ano=さいこうはま>砕光浜</ano>	Khích Quang Than
lang_multi_text.db	Area_1612_Title	3.4	Hội thoại/Cốt truyện	Hệ thống/Thế giới			璇玑岭	Xuanji Ridges	<ano=せいてんれい>星転嶺</ano>	Toàn Cơ Lĩnh
lang_multi_text.db	Area_1613_Title	3.4	Hội thoại/Cốt truyện	Hệ thống/Thế giới			虹镇	Hongzhen	<ano=こうちん>虹鎮</ano>	Thị Trấn Hồng
lang_multi_text.db	Area_1614_Title	3.4	Hội thoại/Cốt truyện	Hệ thống/Thế giới			天取木	Tianqu Tree	<ano=てんしゅぼく>天取木</ano>	Thiên Thủ Mộc
lang_multi_text.db	Area_1615_Title	3.4	Hội thoại/Cốt truyện	Hệ thống/Thế giới			游龙脊	Loong's Ridge	<ano=りゅうせき>龍脊</ano>の尾根	Du Long Tích
lang_multi_text.db	Area_1616_Title	3.4	Hội thoại/Cốt truyện	Hệ thống/Thế giới			卧龙冈	Loong's Rest	<ano=がりゅう>臥龍</ano>の丘	Ngọa Long Cương
lang_multi_text.db	Area_1617_Title	3.4	Hội thoại/Cốt truyện	Hệ thống/Thế giới			盘龙崖	Loong's Crest	<ano=りゅうまと>龍纏</ano>いの崖	Bàn Long Nhai
lang_multi_text.db	Area_1631_Title	3.4	Hội thoại/Cốt truyện	Hệ thống/Thế giới			环木阙·上层	Woodveil Hall: Upper Tier	<ano=かんもくきゅう>環木宮</ano>·上層	Hoàn Mộc Khuyết・Tầng Trên
lang_multi_text.db	Area_1632_Title	3.4	Hội thoại/Cốt truyện	Hệ thống/Thế giới			环木阙·中层	Woodveil Hall: Middle Tier	<ano=かんもくきゅう>環木宮</ano>·中層	Hoàn Mộc Khuyết・Tầng Giữa
lang_multi_text.db	Area_1633_Title	3.4	Hội thoại/Cốt truyện	Hệ thống/Thế giới			环木阙·下层	Woodveil Hall: Lower Tier	<ano=かんもくきゅう>環木宮</ano>·下層	Hoàn Mộc Khuyết・Tầng Dưới
lang_multi_text.db	Area_1641_Title	3.4	Hội thoại/Cốt truyện	Hệ thống/Thế giới			眠龙庭·上层	Mianloong Chamber: Upper Tier	<ano=りゅうみんてい>龍眠庭</ano>·上層	Miên Long Đình・Tầng Trên
lang_multi_text.db	Area_1642_Title	3.4	Hội thoại/Cốt truyện	Hệ thống/Thế giới			眠龙庭·下层	Mianloong Chamber: Lower Tier	<ano=りゅうみんてい>龍眠庭</ano>·下層	Miên Long Đình・Tầng Dưới
lang_multi_text.db	Area_1691_Title	3.4	Hội thoại/Cốt truyện	Hệ thống/Thế giới			莫塔里区	Montelli Quarter	モンテリ区	Khu Phố Montelli
lang_multi_text.db	Area_1692_Title	3.4	Hội thoại/Cốt truyện	Hệ thống/Thế giới			广场区	City Square	広場区	Khu Vực Quảng Trường
lang_multi_text.db	Area_1693_Title	3.4	Hội thoại/Cốt truyện	Hệ thống/Thế giới			银行街	Bank Street	銀行通り	Phố Ngân Hàng
lang_multi_text.db	Area_1694_Title	3.4	Hội thoại/Cốt truyện	Hệ thống/Thế giới			隐海修会	Order of the Deep	<ano=いんかいきょうだん>隠海教団</ano>	Tu Hội Ẩn Hải
lang_multi_text.db	Area_16_Title	3.4	Hội thoại/Cốt truyện	Hệ thống/Thế giới			拉古那城	Ragunna City	ラグーナ城	Thành Phố Ragunna
lang_multi_text.db	Area_1701_Title	3.4	Hội thoại/Cốt truyện	Hệ thống/Thế giới			埃弗拉德金库	Averardo Vault	<word>アヴェラルド金庫</word>	Ngân Hàng Averardo
lang_multi_text.db	Area_1702_Title	3.4	Hội thoại/Cốt truyện	Hệ thống/Thế giới			泊金港	Gold's Landing	ゴールドズ・ランディング	Cảng Bạc Kim
lang_multi_text.db	Area_1703_Title	3.4	Hội thoại/Cốt truyện	Hệ thống/Thế giới			多洛米蒂断桥	Dolomites Broken Bridge	ドロミテ<ano=はいきょう>廃橋</ano>	Cầu Gãy Dolomites
lang_multi_text.db	Area_17_Title	3.4	Hội thoại/Cốt truyện	Hệ thống/Thế giới			埃弗拉德金库	Averardo Vault	アヴェラルド金庫	Ngân Hàng Averardo
lang_multi_text.db	Area_1801_Title	3.4	Hội thoại/Cốt truyện	Hệ thống/Thế giới			愚人乐土	Fool's Elysium	<ano=ぐしゃ>愚者</ano>の<ano=らくえん>楽園</ano>	Kẻ Ngốc Nhạc Thổ
lang_multi_text.db	Area_1802_Title	3.4	Hội thoại/Cốt truyện	Hệ thống/Thế giới			船首祭地	Figurehead's Shrine	<word>フィギュアヘッドの<ano=さいしじょう>祭祀場</ano></word>	Vùng Đất Tế Đầu Thuyền
lang_multi_text.db	Area_1803_Title	3.4	Hội thoại/Cốt truyện	Hệ thống/Thế giới			嗟叹长阶	Wailing Ascent	<ano=なげ>嘆</ano>きの<ano=ながはし>長橋</ano>	Bậc Thang Ta Thán
lang_multi_text.db	Area_1804_Title	3.4	Hội thoại/Cốt truyện	Hệ thống/Thế giới			船葬滩	The Strand	ストランド	Bãi Thuyền Táng
lang_multi_text.db	Area_1805_Title	3.4	Hội thoại/Cốt truyện	Hệ thống/Thế giới			浮光海窟	Iridescent Hollow	イリデセント・ホロウ	Hải Quật Phù Quang
lang_multi_text.db	Area_18_Title	3.4	Hội thoại/Cốt truyện	Hệ thống/Thế giới			悲叹墓岛	Penitent's End	<word>ペニテントの吹き溜まり</word>	Đảo Mộ Bi Than
lang_multi_text.db	Area_1901_Title	3.4	Hội thoại/Cốt truyện	Hệ thống/Thế giới			遗颂河谷	Requiem Ravine	<word>レクイエム・ラヴィーン</word>	Thung Lũng Di Tụng
lang_multi_text.db	Area_1902_Title	3.4	Hội thoại/Cốt truyện	Hệ thống/Thế giới			赞悼圣迹 · 地下	Hallowed Reach: Underground	<word>ハロウド・リーチの地下</word>	Thánh Tích Tán Đảo. Dưới Lòng Đất
lang_multi_text.db	Area_199_Title	3.4	Hội thoại/Cốt truyện	Hệ thống/Thế giới			dnt/秧秧角色任务用空气墙	Invisible Walls for Yangyang's character mission	秧秧キャラクター任務見えない壁	Tường Vô Hình Cho Nhiệm Vụ Nhân Vật Yangyang
lang_multi_text.db	Area_19_Title	3.4	Hội thoại/Cốt truyện	Hệ thống/Thế giới			赞悼圣迹	Hallowed Reach	<word>ハロウド・リーチ</word>	Thánh Tích Tán Đảo
lang_multi_text.db	Area_1_Title	3.4	Hội thoại/Cốt truyện	Hệ thống/Thế giới			dnt/大世界	Overworld	世界	Thế Giới Mở
lang_multi_text.db	Area_2001_Title	3.4	Hội thoại/Cốt truyện	Hệ thống/Thế giới			白月林迹	Silver Moon Grove	白き月の<ano=もりいせき>森遺跡</ano>	Di Tích Rừng Trăng Trắng
lang_multi_text.db	Area_2002_Title	3.4	Hội thoại/Cốt truyện	Hệ thống/Thế giới			独眼风车群	Polyphemos Windmills	<word>ポリュペーモス・ウインドミルズ</word>	Quần Thể Cối Xay Gió Độc Nhãn
lang_multi_text.db	Area_2003_Title	3.4	Hội thoại/Cốt truyện	Hệ thống/Thế giới			白雾堤	Mistveil Bay	ミストヴェイル湾	Bạch Vụ Đê
lang_multi_text.db	Area_2004_Title	3.4	Hội thoại/Cốt truyện	Hệ thống/Thế giới			埃格拉镇	Egla Town	エグラ	Thị Trấn Egla
lang_multi_text.db	Area_2005_Title	3.4	Hội thoại/Cốt truyện	Hệ thống/Thế giới			沉没幻想·遗址	Sunken Ideals: Ruins	沈んだ幻想・遺跡	Ảo Tưởng Chìm Đắm・Di Tích
lang_multi_text.db	Area_2006_Title	3.4	Hội thoại/Cốt truyện	Hệ thống/Thế giới			岩栖残垣	Fractured Cavern	砕けた岩窟	Tường Đá Tàn Tạ
lang_multi_text.db	Area_202_Title	3.4	Hội thoại/Cốt truyện	Hệ thống/Thế giới			鸣钟涧	Bell-Borne Ravine	<ano=めいしょうたに>鳴鐘渓</ano>	Minh Chung Giản
lang_multi_text.db	Area_203_Title	3.4	Hội thoại/Cốt truyện	Hệ thống/Thế giới			玉龙台	Memento Square	<ano=ぎょくりゅうだい>玉龍台</ano>	Ngọc Long Đài
lang_multi_text.db	Area_204_Title	3.4	Hội thoại/Cốt truyện	Hệ thống/Thế giới			夜明坡	Clouded Cliffs	夜明けの坂	Dạ Minh Pha
lang_multi_text.db	Area_20_Title	3.4	Hội thoại/Cốt truyện	Hệ thống/Thế giới			拂风水畔	Whisperwind Haven	<word>そよ風のヘイヴン</word>	Bờ Nước Phất Phong
lang_multi_text.db	Area_2101_Title	3.4	Hội thoại/Cốt truyện	Hệ thống/Thế giới			咏夜歌庭	Atrium of Reflections	<word>ノクターン・ガーデン</word>	Ca Đình Vịnh Dạ
lang_multi_text.db	Area_2102_Title	3.4	Hội thoại/Cốt truyện	Hệ thống/Thế giới			白雾堤	Mistveil Bay	ミストヴェイル湾	Bạch Vụ Đê
lang_multi_text.db	Area_2103_Title	3.4	Hội thoại/Cốt truyện	Hệ thống/Thế giới			泊金港	Gold's Landing	ゴールドズ・ランディング	Cảng Bạc Kim
lang_multi_text.db	Area_21_Title	3.4	Hội thoại/Cốt truyện	Hệ thống/Thế giới			氤柔水境	Nimbus Sanctum	<ano=かすみた>霞立</ano>つ<ano=すいきょう>水境</ano>	Thủy Cảnh Nhân Nhu
lang_multi_text.db	Area_2201_Title	3.4	Hội thoại/Cốt truyện	Hệ thống/Thế giới			青栎庭院	Oakheart Highcourt	オークの庭	Đình Viện Thanh Lịch
lang_multi_text.db	Area_2202_Title	3.4	Hội thoại/Cốt truyện	Hệ thống/Thế giới			蒙召海	Coast of Anticipation	<ano=おんちょう>恩寵</ano>の海岸	Biển Mông Triệu
lang_multi_text.db	Area_2203_Title	3.4	Hội thoại/Cốt truyện	Hệ thống/Thế giới			残息海岸	Shores of Last Breath	<word>ラストブレスショア</word>	Bờ Biển Tàn Tức
lang_multi_text.db	Area_2204_Title	3.4	Hội thoại/Cốt truyện	Hệ thống/Thế giới			青栎庭院·下层	Oakheart Highcourt: Lower Tier	オークの庭・下層	Đình Viện Thanh Lịch・Tầng Dưới
lang_multi_text.db	Area_22_Title	3.4	Hội thoại/Cốt truyện	Hệ thống/Thế giới			槲生半岛	Fagaceae Peninsula	ブナ半島	Bán Đảo Fagaceae
lang_multi_text.db	Area_2301_Title	3.4	Hội thoại/Cốt truyện	Hệ thống/Thế giới			三重冠塔	Thorncrown Rises	<word>ソーンクラウンタワー</word>	Tháp Vương Miện Ba Tầng
lang_multi_text.db	Area_2302_Title	3.4	Hội thoại/Cốt truyện	Hệ thống/Thế giới			双子峪	Twin Peaks	双子の山	Thung Lũng Song Tử
lang_multi_text.db	Area_2303_Title	3.4	Hội thoại/Cốt truyện	Hệ thống/Thế giới			波蒂维诺堡	Porto-Veno Castle	ポルトヴィーノ城	Lâu Đài Porto-Veno
lang_multi_text.db	Area_2304_Title	3.4	Hội thoại/Cốt truyện	Hệ thống/Thế giới			失乐园	Garden of the Lost	ロストパラダイス	Thiên Đường Mất Tích
lang_multi_text.db	Area_23_Title	3.4	Hội thoại/Cốt truyện	Hệ thống/Thế giới			狄萨莱海脊	Thessaleo Fells	<word>ディサレー<ano=かいれい>海嶺</ano></word>	Sống Biển Thessaleo
lang_multi_text.db	Area_24_Title	3.4	Hội thoại/Cốt truyện	Hệ thống/Thế giới			拉古那	Ragunna	ラグーナ	Rinascita
lang_multi_text.db	Area_25001_Title	3.4	Hội thoại/Cốt truyện	Hệ thống/Thế giới			扉页书馆·遗址	Titular Repository: Ruins	<ano=ほんとびら>本扉</ano>図書館・遺跡	Thư Quán Trang Bìa・Di Tích
lang_multi_text.db	Area_25002_Title	3.4	Hội thoại/Cốt truyện	Hệ thống/Thế giới			海影试炼	Abyssal Crucible	海の影の試練	Thử Thách Bóng Biển
lang_multi_text.db	Area_25003_Title	3.4	Hội thoại/Cốt truyện	Hệ thống/Thế giới			剑授大厅·遗址	Hall of Swordsmanship: Ruins	<ano=けんじゅ>剣授</ano>ホール・遺跡	Đại Sảnh Thụ Kiếm - Di Tích
lang_multi_text.db	Area_25004_Title	3.4	Hội thoại/Cốt truyện	Hệ thống/Thế giới			札贡花园·遗址	Zargon Garden: Ruins	ザグーン庭園・遺跡	Vườn Zargon - Di Tích
lang_multi_text.db	Area_25005_Title	3.4	Hội thoại/Cốt truyện	Hệ thống/Thế giới			联结之塔	Tower of Unity	繋ぎの塔	Tháp Liên Kết
lang_multi_text.db	Area_25006_Title	3.4	Hội thoại/Cốt truyện	Hệ thống/Thế giới			圣言之间	Holy Spire of Confluence	<ano=せいげん>聖言</ano>の間	Thánh Ngôn Chi Gian
lang_multi_text.db	Area_25007_Title	3.4	Hội thoại/Cốt truyện	Hệ thống/Thế giới			向上之塔	Tower of Ascension	昇華の塔	Tháp Thăng Hoa
lang_multi_text.db	Area_25008_Title	3.4	Hội thoại/Cốt truyện	Hệ thống/Thế giới			拯救之塔	Tower of Salvation	救済の塔	Tháp Cứu Rỗi
lang_multi_text.db	Area_25009_Title	3.4	Hội thoại/Cốt truyện	Hệ thống/Thế giới			贝奥海沟	Beohr Trench	ベオ海溝	Rãnh Biển Beohr
lang_multi_text.db	Area_25010_Title	3.4	Hội thoại/Cốt truyện	Hệ thống/Thế giới			圣授厅	Path of Bestowal	<ano=しんぎ>神儀</ano>の間	Sảnh Thánh Thụ
lang_multi_text.db	Area_2505_Title	3.4	Hội thoại/Cốt truyện	Hệ thống/Thế giới			统驭冠塔	Command Rise	ドミニオンタワー	Tháp Vương Miện Thống Ngự
lang_multi_text.db	Area_2507_Title	3.4	Hội thoại/Cốt truyện	Hệ thống/Thế giới			暮光冠塔	Twilight Rise	トワイライトタワー	Tháp Vương Miện Chạng Vạng
lang_multi_text.db	Area_2508_Title	3.4	Hội thoại/Cốt truyện	Hệ thống/Thế giới			回声冠塔	Resounding Rise	エコータワー	Tháp Vương Miện Tiếng Vang
lang_multi_text.db	Area_25_Title	3.4	Hội thoại/Cốt truyện	Hệ thống/Thế giới			阿维纽林	Avinoleum	アヴィノレーム	"Avinoleum"
lang_multi_text.db	Area_27_Title	3.4	Hội thoại/Cốt truyện	Hệ thống/Thế giới			下层金库	Vault Underground	金庫下層	Ngân Hàng Tầng Dưới
lang_multi_text.db	Area_28001_Title	3.4	Hội thoại/Cốt truyện	Hệ thống/Thế giới			黎乔利港	Port of Riccioli	リジョリ港	Cảng Riccioli
lang_multi_text.db	Area_28002_Title	3.4	Hội thoại/Cốt truyện	Hệ thống/Thế giới			舵盘村	Helm Village	ヘルム村	Làng Bánh Lái
lang_multi_text.db	Area_28003_Title	3.4	Hội thoại/Cốt truyện	Hệ thống/Thế giới			沉静湾	Serene Bay	セリーン湾	Vịnh Tĩnh Lặng
lang_multi_text.db	Area_28004_Title	3.4	Hội thoại/Cốt truyện	Hệ thống/Thế giới			莱耶斯遗迹群	Reyes Ruins	レイエス遺跡	Quần Thể Di Tích Reyes
lang_multi_text.db	Area_28005_Title	3.4	Hội thoại/Cốt truyện	Hệ thống/Thế giới			德雷克岛	Drake's Island	ドラコ島	Đảo Drake
lang_multi_text.db	Area_28_Title	3.4	Hội thoại/Cốt truyện	Hệ thống/Thế giới			黎乔利群岛	Riccioli Islands	リジョリ群島	Quần Đảo Riccioli
lang_multi_text.db	Area_2_Title	3.4	Hội thoại/Cốt truyện	Hệ thống/Thế giới			云陵谷	Gorges of Spirits	<ano=うんりょうだに>雲陵谷</ano>	Thung Lũng Vân Lăng
lang_multi_text.db	Area_301_Title	3.4	Hội thoại/Cốt truyện	Hệ thống/Thế giới			今州城界	Jinzhou	<ano=こんしゅうじょう>今州城</ano>	Biên Giới Kim Châu
lang_multi_text.db	Area_302_Title	3.4	Hội thoại/Cốt truyện	Hệ thống/Thế giới			倚湖丘	Lake Heights	湖沿いの丘	Ỷ Hồ Khâu
lang_multi_text.db	Area_303_Title	3.4	Hội thoại/Cốt truyện	Hệ thống/Thế giới			屛庭山	Shade Ridge	<ano=へいていざん>屏庭山</ano>	Bình Đình Sơn
lang_multi_text.db	Area_3101_Title	3.4	Hội thoại/Cốt truyện	Hệ thống/Thế giới			费舍塔	Abandoned Tower	フィッシャータワー	Tháp Fisher
lang_multi_text.db	Area_3102_Title	3.4	Hội thoại/Cốt truyện	Hệ thống/Thế giới			贵金属与艺术品藏区	Precious Metals and Artworks Depository	貴金属及び芸術品収蔵エリア	Khu Lưu Trữ Kim Loại Quý Và Tác Phẩm Nghệ Thuật
lang_multi_text.db	Area_3103_Title	3.4	Hội thoại/Cốt truyện	Hệ thống/Thế giới			金库内未知区域	Unknown Vault Area	金庫未知エリア	Khu Vực Chưa Rõ Trong Ngân Hàng
lang_multi_text.db	Area_3104_Title	3.4	Hội thoại/Cốt truyện	Hệ thống/Thế giới			声骸藏区	Echo Depository	音骸収蔵エリア	Khu Lưu Trữ Echo
lang_multi_text.db	Area_3105_Title	3.4	Hội thoại/Cốt truyện	Hệ thống/Thế giới			声骸站台	Echo Station	音骸乗り場	Sân Ga Echo
lang_multi_text.db	Area_3106_Title	3.4	Hội thoại/Cốt truyện	Hệ thống/Thế giới			贵金属与艺术品藏区1楼	Precious Metals and Artworks Depository 1st Floor	貴金属及び芸術品収蔵エリア1階	Khu Lưu Trữ Kim Loại Quý Và Tác Phẩm Nghệ Thuật Tầng 1
lang_multi_text.db	Area_3107_Title	3.4	Hội thoại/Cốt truyện	Hệ thống/Thế giới			贵金属与艺术品藏区2楼	Precious Metals and Artworks Depository 2nd Floor	貴金属及び芸術品収蔵エリア2階	Khu Lưu Trữ Kim Loại Quý Và Tác Phẩm Nghệ Thuật Tầng 2
lang_multi_text.db	Area_3108_Title	3.4	Hội thoại/Cốt truyện	Hệ thống/Thế giới			贵金属与艺术品藏区3楼	Precious Metals and Artworks Depository 3rd Floor	貴金属及び芸術品収蔵エリア3階	Khu Lưu Trữ Kim Loại Quý Và Tác Phẩm Nghệ Thuật Tầng 3
lang_multi_text.db	Area_3109_Title	3.4	Hội thoại/Cốt truyện	Hệ thống/Thế giới			贵金属与艺术品藏区4楼	Precious Metals and Artworks Depository 4th Floor	貴金属及び芸術品収蔵エリア4階	Khu Lưu Trữ Kim Loại Quý Và Tác Phẩm Nghệ Thuật Tầng 4
lang_multi_text.db	Area_3110_Title	3.4	Hội thoại/Cốt truyện	Hệ thống/Thế giới			声骸藏区1楼	Echo Depository 1st Floor	音骸収蔵エリア1階	Khu Lưu Trữ Echo Tầng 1
lang_multi_text.db	Area_3111_Title	3.4	Hội thoại/Cốt truyện	Hệ thống/Thế giới			声骸藏区2楼	Echo Depository 2nd Floor	音骸収蔵エリア2階	Khu Lưu Trữ Echo Tầng 2
lang_multi_text.db	Area_3112_Title	3.4	Hội thoại/Cốt truyện	Hệ thống/Thế giới			声骸藏区3楼	Echo Depository 3rd Floor	音骸収蔵エリア3階	Khu Lưu Trữ Echo Tầng 3
lang_multi_text.db	Area_3113_Title	3.4	Hội thoại/Cốt truyện	Hệ thống/Thế giới			声骸藏区4楼	Echo Depository 4th Floor	音骸収蔵エリア4階	Khu Lưu Trữ Echo Tầng 4
lang_multi_text.db	Area_3114_Title	3.4	Hội thoại/Cốt truyện	Hệ thống/Thế giới			地下一层	Underground Level 1	地下1階	Tầng Hầm 1
lang_multi_text.db	Area_3115_Title	3.4	Hội thoại/Cốt truyện	Hệ thống/Thế giới			地下二层	Underground Level 2	地下2階	Tầng Hầm 2
lang_multi_text.db	Area_3116_Title	3.4	Hội thoại/Cốt truyện	Hệ thống/Thế giới			秘藏之地	A Hidden Place	秘蔵エリア	Vùng Đất Bí Mật
lang_multi_text.db	Area_3117_Title	3.4	Hội thoại/Cốt truyện	Hệ thống/Thế giới			声骸站台内部	Echo Station Interior	音骸乗り場内部	Bên Trong Sân Ga Echo
lang_multi_text.db	Area_3118_Title	3.4	Hội thoại/Cốt truyện	Hệ thống/Thế giới			金库未知区域内部	Unknown Vault Area Interior	金庫未知エリア内部	Bên Trong Khu Vực Chưa Rõ Của Ngân Hàng
lang_multi_text.db	Area_32001_Title	3.4	Hội thoại/Cốt truyện	Hệ thống/Thế giới			阿维纽林·地上旧址	Avinoleum: Ground Remains	アヴィノレーム・地上遺跡	Avinoleum - Di Chỉ Trên Mặt Đất
lang_multi_text.db	Area_32002_Title	3.4	Hội thoại/Cốt truyện	Hệ thống/Thế giới			阿维纽林·地下旧址	Avinoleum: Sunken Remains	アヴィノレーム・地下遺跡	Avinoleum - Di Chỉ Dưới Lòng Đất
lang_multi_text.db	Area_3205_Title	3.4	Hội thoại/Cốt truyện	Hệ thống/Thế giới			千殁沉岛	Fallen Grave	骸の島	Đảo Chìm Hàng Ngàn Cái Chết
lang_multi_text.db	Area_3206_Title	3.4	Hội thoại/Cốt truyện	Hệ thống/Thế giới			生灵显地	Anima Cradle	生命の工房	Vùng Đất Sinh Linh
lang_multi_text.db	Area_3207_Title	3.4	Hội thoại/Cốt truyện	Hệ thống/Thế giới			蓄能中枢	Energy Hub	エナジー中枢	Trung Tâm Tích Năng
lang_multi_text.db	Area_3208_Title	3.4	Hội thoại/Cốt truyện	Hệ thống/Thế giới			朝拜圣所	Sanctuary of Faith	サンクチュアリ	Thánh Sở Triều Bái
lang_multi_text.db	Area_3209_Title	3.4	Hội thoại/Cốt truyện	Hệ thống/Thế giới			涌明高塔	Lumen Tower	明かりの高塔	Tháp Cao Dũng Minh
lang_multi_text.db	Area_3218_Title	3.4	Hội thoại/Cốt truyện	Hệ thống/Thế giới			蓄能中枢下层	Energy Hub Lower Tier	エナジー中枢下層	Tầng Dưới Trung Tâm Tích Năng
lang_multi_text.db	Area_32_Title	3.4	Hội thoại/Cốt truyện	Hệ thống/Thế giới			贝奥海域	Beohr Waters	ベオ海域	Vùng Biển Beohr
lang_multi_text.db	Area_33001_Title	3.4	Hội thoại/Cốt truyện	Hệ thống/Thế giới			巨石原	Titanbone Expanse	タイタンボーン・エクスパンス	Cự Thạch Nguyên
lang_multi_text.db	Area_33002_Title	3.4	Hội thoại/Cốt truyện	Hệ thống/Thế giới			哀恸谷	Mournfell Canyon	モーンフェル・キャニオン	Thung Lũng Bi Thương
lang_multi_text.db	Area_33003_Title	3.4	Hội thoại/Cốt truyện	Hệ thống/Thế giới			分界山	Border Mountains	モンテ・デリミト	Núi Phân Giới
lang_multi_text.db	Area_33004_Title	3.4	Hội thoại/Cốt truyện	Hệ thống/Thế giới			卡庇托山	Capitoline Hill	カンピドーノの丘	Đồi Capitoline
lang_multi_text.db	Area_33101_Title	3.4	Hội thoại/Cốt truyện	Hệ thống/Thế giới			弥诺斯地下水道	Minos Sewers	ミーノース地下水路	Kênh Ngầm Minos
lang_multi_text.db	Area_33102_Title	3.4	Hội thoại/Cốt truyện	Hệ thống/Thế giới			卡庇托山山麓	Capitoline Foothills	カンピドーノの丘・麓	Chân Đồi Capitoline
lang_multi_text.db	Area_33103_Title	3.4	Hội thoại/Cốt truyện	Hệ thống/Thế giới			卡庇托山山腰	Capitoline Hillside	カンピドーノの丘・中腹	Sườn Đồi Capitoline
lang_multi_text.db	Area_33104_Title	3.4	Hội thoại/Cốt truyện	Hệ thống/Thế giới			卡庇托山山顶	Capitoline Hilltop	カンピドーノの丘・頂上	Đỉnh Đồi Capitoline
lang_multi_text.db	Area_33105_Title	3.4	Hội thoại/Cốt truyện	Hệ thống/Thế giới			荣耀之间	Vale of Glory	グローリアヴェイル	Vinh Quang Chi Gian
lang_multi_text.db	Area_33106_Title	3.4	Hội thoại/Cốt truyện	Hệ thống/Thế giới			石龙寝上层	Ashen Dragon's Crypt Upper Level	石竜の寝床・上層	Tẩm Cung Thạch Long Tầng Trên
lang_multi_text.db	Area_33107_Title	3.4	Hội thoại/Cốt truyện	Hệ thống/Thế giới			石龙寝下层	Ashen Dragon's Crypt Lower Level	石竜の寝床・下層	Tẩm Cung Thạch Long Tầng Dưới
lang_multi_text.db	Area_33_Title	3.4	Hội thoại/Cốt truyện	Hệ thống/Thế giới			七丘	Septimont	セブン・ヒルズ	"Septimont"
lang_multi_text.db	Area_34_Title	3.4	Hội thoại/Cốt truyện	Hệ thống/Thế giới			隐海试验场	Fabricatorium of the Deep	隠海実験場	Khu Thí Nghiệm Ẩn Hải
lang_multi_text.db	Area_35_Title	3.4	Hội thoại/Cốt truyện	Hệ thống/Thế giới			今州	Jinzhou	今州	Kim Châu
lang_multi_text.db	Area_36001_Title	3.4	Hội thoại/Cốt truyện	Hệ thống/Thế giới			阿提留斯隘口	Atilius Canyon	アティリウス<ano=あいろ>隘路</ano>	Đèo Atilius
lang_multi_text.db	Area_36002_Title	3.4	Hội thoại/Cốt truyện	Hệ thống/Thế giới			狩猎者营地	Hunter's Den	狩人のキャンプ	Trại Thợ Săn
lang_multi_text.db	Area_36003_Title	3.4	Hội thoại/Cốt truyện	Hệ thống/Thế giới			四方殿	Tetragon Temple	テトラゴン<ano=しんでん>真殿</ano>	Tứ Phương Điện
lang_multi_text.db	Area_36004_Title	3.4	Hội thoại/Cốt truyện	Hệ thống/Thế giới			锈岩脊	Rustblood Pass	ラストリッジ	Sống Đá Gỉ
lang_multi_text.db	Area_36005_Title	3.4	Hội thoại/Cốt truyện	Hệ thống/Thế giới			赤林猎场	Maroonwood	マルーンウッド狩り場	Săn Bắn Xích Lâm
lang_multi_text.db	Area_36006_Title	3.4	Hội thoại/Cốt truyện	Hệ thống/Thế giới			往世花平野	Asphodel Barrens	アスポデロスの野	Bình Nguyên Hoa Vãng Thế
lang_multi_text.db	Area_36007_Title	3.4	Hội thoại/Cốt truyện	Hệ thống/Thế giới			受蚀地	The Wastelands	<ano=ちょうしょくち>潮蝕地</ano>	Vùng Thụ Thực
lang_multi_text.db	Area_36008_Title	3.4	Hội thoại/Cốt truyện	Hệ thống/Thế giới			呓语镇	Murmurstown	うわごとの町	Thị Trấn Nói Mớ
lang_multi_text.db	Area_36009_Title	3.4	Hội thoại/Cốt truyện	Hệ thống/Thế giới			彻地之楔	Earthrend Wedge	<ano=うが>地穿</ano>ちの<ano=くさび>楔</ano>	Nêm Triệt Địa
lang_multi_text.db	Area_36010_Title	3.4	Hội thoại/Cốt truyện	Hệ thống/Thế giới			三王峰	Three Heroes' Crest	モンテ・トライヒーロー	Đỉnh Tam Vương
lang_multi_text.db	Area_36011_Title	3.4	Hội thoại/Cốt truyện	Hệ thống/Thế giới			潮痕岩滩	Tideline Verge	<ano=ちょうこく>潮刻</ano>の<ano=いそはま>磯浜</ano>	Bãi Đá Triều Ngân
lang_multi_text.db	Area_36012_Title	3.4	Hội thoại/Cốt truyện	Hệ thống/Thế giới			橡树洞	Oak Hollow	オークのうつろ	Động Cây Sồi
lang_multi_text.db	Area_36013_Title	3.4	Hội thoại/Cốt truyện	Hệ thống/Thế giới			赤林岩窟	Maroonwood Crypt	マルーンウッドの岩窟	Hang Đá Xích Lâm
lang_multi_text.db	Area_36014_Title	3.4	Hội thoại/Cốt truyện	Hệ thống/Thế giới			溶蚀地窟	Erosion Cavern	溶蝕の洞窟	Hang Động Xâm Thực
lang_multi_text.db	Area_36015_Title	3.4	Hội thoại/Cốt truyện	Hệ thống/Thế giới			鸣猎之穴	Howlfang Lair	ハウリングケイブ	Hang Săn Mồi Minh
lang_multi_text.db	Area_36016_Title	3.4	Hội thoại/Cốt truyện	Hệ thống/Thế giới			静思所	Sanctum of Quietude	瞑想の間	Nơi Tĩnh Tâm
lang_multi_text.db	Area_36017_Title	3.4	Hội thoại/Cốt truyện	Hệ thống/Thế giới			赤林西喉	Maroonwood Maw	マルーンウッドの西岩窟	Họng Tây Xích Lâm
lang_multi_text.db	Area_36018_Title	3.4	Hội thoại/Cốt truyện	Hệ thống/Thế giới			迷津隧道	Meishin Passageway	迷心通路	Đường Hầm Mê Tân
lang_multi_text.db	Area_36019_Title	3.4	Hội thoại/Cốt truyện	Hệ thống/Thế giới			花影地下街	Hanakage Underground Street	花影地下街	Phố Ngầm Hoa Ảnh
lang_multi_text.db	Area_36020_Title	3.4	Hội thoại/Cốt truyện	Hệ thống/Thế giới			穗波中央公园	Honami Central Park	穂波中央公園	Công Viên Trung Tâm Honami
lang_multi_text.db	Area_36021_Title	3.4	Hội thoại/Cốt truyện	Hệ thống/Thế giới			浮樱步行桥	Sakura Pedway	サクラデッキ	Cầu Đi Bộ Hoa Anh Đào
lang_multi_text.db	Area_36022_Title	3.4	Hội thoại/Cốt truyện	Hệ thống/Thế giới			樱漫町	Sakura Quarter	桜満町	Thị Trấn Sakura
lang_multi_text.db	Area_36023_Title	3.4	Hội thoại/Cốt truyện	Hệ thống/Thế giới			市立薰风体育场	Harukaze Stadium	穂波市春風スポーツセンター	Sân Vận Động Huân Phong Thành Phố
lang_multi_text.db	Area_36024_Title	3.4	Hội thoại/Cốt truyện	Hệ thống/Thế giới			穗波国际会议中心	Honami Convention Center	コンベンションセンター	Trung Tâm Hội Nghị Quốc Tế Honami
lang_multi_text.db	Area_36_Title	3.4	Hội thoại/Cốt truyện	Hệ thống/Thế giới			桑古伊斯狩原	Sanguis Plateaus	サングイス狩猟台地	Thú Nguyên Sanguis
lang_multi_text.db	Area_37_Title	3.4	Hội thoại/Cốt truyện	Hệ thống/Thế giới			穗波市	Honami City	穂波市	Thành phố Honami
lang_multi_text.db	Area_38_Title	3.4	Hội thoại/Cốt truyện	Hệ thống/Thế giới			七丘	Septimont	セブン・ヒルズ	"Septimont"
lang_multi_text.db	Area_3_Title	3.4	Hội thoại/Cốt truyện	Hệ thống/Thế giới			今州城	Jinzhou	<ano=こんしゅうじょう>今州城</ano>	Kim Châu
lang_multi_text.db	Area_40001_Title	3.4	Hội thoại/Cốt truyện	Hệ thống/Thế giới			列车长咖啡厅	Shashou Cafe	車掌カフェ	Quán Cà Phê Trưởng Tàu
lang_multi_text.db	Area_40002_Title	3.4	Hội thoại/Cốt truyện	Hệ thống/Thế giới			细波大道	Sazanami Avenue	さざなみ通り	Đại Lộ Sóng Nhỏ
lang_multi_text.db	Area_40003_Title	3.4	Hội thoại/Cốt truyện	Hệ thống/Thế giới			幸缘喷泉广场	Shiawase Fountain Square	しあわせ噴水広場	Quảng Trường Đài Phun Nước Hạnh Duyên
lang_multi_text.db	Area_401_Title	3.4	Hội thoại/Cốt truyện	Hệ thống/Thế giới			潮生崖	Tiderise Cliff	潮起こしの崖	Triều Sinh Nhai
lang_multi_text.db	Area_402_Title	3.4	Hội thoại/Cốt truyện	Hệ thống/Thế giới			叠石坪	Stone Pile Plain	重ね石の平地	Điệp Thạch Bình
lang_multi_text.db	Area_403_Title	3.4	Hội thoại/Cốt truyện	Hệ thống/Thế giới			谷北地	Gubei Pass	谷北部	Cốc Bắc Địa
lang_multi_text.db	Area_404_Title	3.4	Hội thoại/Cốt truyện	Hệ thống/Thế giới			祈池村	Qichi Village	<ano=きちむら>祈池村</ano>	Thôn Kỳ Trì
lang_multi_text.db	Area_405_Title	3.4	Hội thoại/Cốt truyện	Hệ thống/Thế giới			龙望郊	Loong's Gaze Suburbs	<ano=ぼうりゅうこう>望龍郊</ano>	Long Vọng Giao
lang_multi_text.db	Area_406_Title	3.4	Hội thoại/Cốt truyện	Hệ thống/Thế giới			桃源乡	Taoyuan Vale	<ano=とうげんきょう>桃源郷</ano>	Đào Nguyên Hương
lang_multi_text.db	Area_407_Title	3.4	Hội thoại/Cốt truyện	Hệ thống/Thế giới			撷华庄	Xiehua Village	<ano=さいかしょう>採華庄</ano>	Hiệt Hoa Trang
lang_multi_text.db	Area_408_Title	3.4	Hội thoại/Cốt truyện	Hệ thống/Thế giới			萤泊海	Fireflies Sea	<ano=えいはくかい>螢泊海</ano>	Huỳnh Bạc Hải
lang_multi_text.db	Area_40_Title	3.4	Hội thoại/Cốt truyện	Hệ thống/Thế giới			时隙废都	Chronorift Metropolis	時の隙間に廃れていく街	Đô Thị Phế Tích Thời Gian
lang_multi_text.db	Area_41001_Title	3.4	Hội thoại/Cốt truyện	Hệ thống/Thế giới			联运椎骨	Starward Riseway	リンクドスパイン	Đốt Sống Liên Vận
lang_multi_text.db	Area_41002_Title	3.4	Hội thoại/Cốt truyện	Hệ thống/Thế giới			牙列石壑	Fangspire Chasm	<ano=きょし>巨歯</ano>の<ano=きょうこく>峡谷</ano>	Khe Đá Răng Cưa
lang_multi_text.db	Area_41003_Title	3.4	Hội thoại/Cốt truyện	Hệ thống/Thế giới			浮光林	Bjartr Woods	ビヤートル・ウーズ	Rừng Phù Quang
lang_multi_text.db	Area_41004_Title	3.4	Hội thoại/Cốt truyện	Hệ thống/Thế giới			陷足流川	Stagnant Run	<word>スタングナント・ラン</word>	Sông Hãm Chân
lang_multi_text.db	Area_41005_Title	3.4	Hội thoại/Cốt truyện	Hệ thống/Thế giới			复生丘原	Rebirth Uplands	リバース・プレイン	Bình Nguyên Phục Sinh
lang_multi_text.db	Area_41006_Title	3.4	Hội thoại/Cốt truyện	Hệ thống/Thế giới			蚀刻平原	Etching Plains	エッチングの平原	Bình Nguyên Thực Khắc
lang_multi_text.db	Area_41007_Title	3.4	Hội thoại/Cốt truyện	Hệ thống/Thế giới			星炬学院	Startorch Academy	スタートーチ学園	Học Viện Startorch
lang_multi_text.db	Area_41008_Title	3.4	Hội thoại/Cốt truyện	Hệ thống/Thế giới			隐喙深腹	Mawburrow Desert	<word>モーバロウ・デザート</word>	Sa Mạc Thâm Phúc
lang_multi_text.db	Area_41009_Title	3.4	Hội thoại/Cốt truyện	Hệ thống/Thế giới			巨目远野	Giant's Gaze	<word>ジャイアンツ・ゲイズ</word>	Đồng Rộng Mắt Khổng Lồ
lang_multi_text.db	Area_41010_Title	3.4	Hội thoại/Cốt truyện	Hệ thống/Thế giới			坠剑湖	Sundermere	サンダーミール	Hồ Rơi Kiếm
lang_multi_text.db	Area_41011_Title	3.4	Hội thoại/Cốt truyện	Hệ thống/Thế giới			深空联合	Spacetrek Collective	<word>スペーストレック・コレクティブ</word>	Liên hiệp Không Gian Sâu
lang_multi_text.db	Area_41012_Title	3.4	Hội thoại/Cốt truyện	Hệ thống/Thế giới			溺森涡道	Submerged Tunnel	溺れ森の渦道	Dòng Xoáy Rừng Chìm
lang_multi_text.db	Area_41013_Title	3.4	Hội thoại/Cốt truyện	Hệ thống/Thế giới			碑脊垣	Exospine Barrows	モニュメント・ランパート	Bức Tường Bia Sống Lưng
lang_multi_text.db	Area_41014_Title	3.4	Hội thoại/Cốt truyện	Hệ thống/Thế giới			陨火垣	Emberfall Barrows	メテオライト・ランパート	Bức Tường Lửa Băng
lang_multi_text.db	Area_41015_Title	3.4	Hội thoại/Cốt truyện	Hệ thống/Thế giới			联坠长廊	Riseway-Sundermere Corridor	カスケード・コリドー	Hành Lang Liên Rơi
lang_multi_text.db	Area_41016_Title	3.4	Hội thoại/Cốt truyện	Hệ thống/Thế giới			深浮长廊	Spacetrek-Bjartr Corridor	ディープフロート・コリドー	Hành Lang Nổi Sâu
lang_multi_text.db	Area_41017_Title	3.4	Hội thoại/Cốt truyện	Hệ thống/Thế giới			饮日之咽	Dawnsip Fjord	ドーンシップ・フィヨルド	Vịnh Bình Minh Uống Mặt Trời
lang_multi_text.db	Area_41018_Title	3.4	Hội thoại/Cốt truyện	Hệ thống/Thế giới			引日殿	Solisylum	ソリサイルム	Điện Dẫn Mặt Trời
lang_multi_text.db	Area_41019_Title	3.4	Hội thoại/Cốt truyện	Hệ thống/Thế giới			青实原	Soliseed Plains	青実の原	Bình Nguyên Hạt Xanh
lang_multi_text.db	Area_41020_Title	3.4	Hội thoại/Cốt truyện	Hệ thống/Thế giới			赫尔琉斯	Haldarheim	ハルダーハイム	Haldarheim
lang_multi_text.db	Area_41021_Title	3.4	Hội thoại/Cốt truyện	Hệ thống/Thế giới			日脉悬林	Solvein Canopy	日脈の浮遊森	Rừng Treo Mạch Mặt Trời
lang_multi_text.db	Area_41022_Title	3.4	Hội thoại/Cốt truyện	Hệ thống/Thế giới			银湍翼幕	Argentflare Drapes	シルバートレント・ウィング	Màn Cánh Bạc Dòng Chảy Siết
lang_multi_text.db	Area_41023_Title	3.4	Hội thoại/Cốt truyện	Hệ thống/Thế giới			阿图雅营地	Atuja Camp	キャンプ・アトゥーヤ	Trại Atuja
lang_multi_text.db	Area_41024_Title	3.4	Hội thoại/Cốt truyện	Hệ thống/Thế giới			空游泽	Jetray Marsh	セレスティアル・マーシュ	Đầm Lầy Du Hành Bầu Trời
lang_multi_text.db	Area_41025_Title	3.4	Hội thoại/Cốt truyện	Hệ thống/Thế giới			凝虚鳐脊	Jetrified Ridge	ヴォイド・バックボーン	Xương Lưng Cá Đuối Ngưng Hư
lang_multi_text.db	Area_41026_Title	3.4	Hội thoại/Cốt truyện	Hệ thống/Thế giới			峦岩肋	Ribcage Bends	リブケージ・ベンズ	Xương Sườn Lưỡng Lĩnh Đá
lang_multi_text.db	Area_41027_Title	3.4	Hội thoại/Cốt truyện	Hệ thống/Thế giới			螺算丘	Golden Spiral	シェルヒル	Đồi Xoắn Ốc Tính Toán
lang_multi_text.db	Area_41028_Title	3.4	Hội thoại/Cốt truyện	Hệ thống/Thế giới			落辉长隧	Lightfall Tunnel	ライトフォール・トンネル	Đường Hầm Dài Ánh Sáng Rơi
lang_multi_text.db	Area_41029_Title	3.4	Hội thoại/Cốt truyện	Hệ thống/Thế giới			弧形坍陷带谷	Collapsed Arcbend Ravine	弧状サブシデンス・バレー	Thung Lũng Sụt Lún Hình Vòng Cung
lang_multi_text.db	Area_41030_Title	3.4	Hội thoại/Cốt truyện	Hệ thống/Thế giới			虚诞控室·舱段Ⅰ	Voidspawn Control Complex: Sector I	ヴォイドボーン制御室・セクターⅠ	Phòng Điều Khiển Hư Đản - Khoang Tàu I
lang_multi_text.db	Area_41031_Title	3.4	Hội thoại/Cốt truyện	Hệ thống/Thế giới			虚诞控室·舱段Ⅱ	Voidspawn Control Complex: Sector II	ヴォイドボーン制御室・セクターⅡ	Phòng Điều Khiển Hư Đản - Khoang Tàu II
lang_multi_text.db	Area_41032_Title	3.4	Hội thoại/Cốt truyện	Hệ thống/Thế giới			深空测界台	Spacetrek Observatory	スペーストレック観測台	Đài Đo Lường Biên Giới Không Gian Sâu
lang_multi_text.db	Area_41033_Title	3.4	Hội thoại/Cốt truyện	Hệ thống/Thế giới			眶折谷	Orbit Valley Pass	オービット・フォールド	Thung Lũng Khung Gập
lang_multi_text.db	Area_41034_Title	3.4	Hội thoại/Cốt truyện	Hệ thống/Thế giới			罗伊纪念公园	Roya Memorial Park	ロイ記念公園	Công Viên Kỷ Niệm Roya
lang_multi_text.db	Area_41035_Title	3.4	Hội thoại/Cốt truyện	Hệ thống/Thế giới			虚质科学部	Department of Voidmatters	ヴォイドマター学部	Bộ Phận Khoa Học Hư Chất
lang_multi_text.db	Area_41036_Title	3.4	Hội thoại/Cốt truyện	Hệ thống/Thế giới			光矩能源学部	Department of Light Energy Sciences	光エネルギー学部	Bộ Phận Năng Lượng Quang Cự
lang_multi_text.db	Area_41037_Title	3.4	Hội thoại/Cốt truyện	Hệ thống/Thế giới			拉贝尔学部	Rabelle College	ラベル学部	Khoa Rabelle
lang_multi_text.db	Area_41038_Title	3.4	Hội thoại/Cốt truyện	Hệ thống/Thế giới			地外之壤	Exo Genesis Labs	エクソジェネシス・ラボ	Đất Ngoài Trái Đất
lang_multi_text.db	Area_41039_Title	3.4	Hội thoại/Cốt truyện	Hệ thống/Thế giới			学院公寓	Academy Dormitory	学生寮	Ký Túc Xá Học Viện
lang_multi_text.db	Area_41040_Title	3.4	Hội thoại/Cốt truyện	Hệ thống/Thế giới			生活中枢	Living Commons	キャンパスサービスエリア	Trung Tâm Sinh Hoạt
lang_multi_text.db	Area_41041_Title	3.4	Hội thoại/Cốt truyện	Hệ thống/Thế giới			隧者工学部	Department of Exostrider Engineering	エクソストライダー工学部	Bộ Phận Kỹ Thuật Đào Hầm
lang_multi_text.db	Area_41042_Title	3.4	Hội thoại/Cốt truyện	Hệ thống/Thế giới			载具系泊场	Auto Parking & Engineering Xpertise	パーキングエリア	Bãi Đỗ Phương Tiện
lang_multi_text.db	Area_41043_Title	3.4	Hội thoại/Cốt truyện	Hệ thống/Thế giới			教学楼	Academia Hall	校舎	Tòa Nhà Giảng Dạy
lang_multi_text.db	Area_41044_Title	3.4	Hội thoại/Cốt truyện	Hệ thống/Thế giới			教学楼	Academia Hall	校舎	Tòa Nhà Giảng Dạy
lang_multi_text.db	Area_41045_Title	3.4	Hội thoại/Cốt truyện	Hệ thống/Thế giới			虚境实装训练场	Synchrolink Training Grounds	シンクロリンク訓練場	Sân Huấn Luyện Trang Bị Thực Tế Cảnh Giới Ảo
lang_multi_text.db	Area_41046_Title	3.4	Hội thoại/Cốt truyện	Hệ thống/Thế giới			列车中继站	Express Transfer Station	列車乗換駅	Trạm Trung Chuyển Tàu Hỏa
lang_multi_text.db	Area_41047_Title	3.4	Hội thoại/Cốt truyện	Hệ thống/Thế giới			日树核心	The Solistree's Core	巨木のコア	Lõi Cây Mặt Trời
lang_multi_text.db	Area_41048_Title	3.4	Hội thoại/Cốt truyện	Hệ thống/Thế giới			第一日树·一层	First Solistree - 1st Layer	第一巨木・一階	Cây Mặt Trời Thứ Nhất - Tầng 1
lang_multi_text.db	Area_41049_Title	3.4	Hội thoại/Cốt truyện	Hệ thống/Thế giới			第一日树·二层	First Solistree - 2nd Layer	第一巨木・二階	Cây Mặt Trời Thứ Nhất - Tầng 2
lang_multi_text.db	Area_41050_Title	3.4	Hội thoại/Cốt truyện	Hệ thống/Thế giới			第一日树·三层	First Solistree - 3rd Layer	第一巨木・三階	Cây Mặt Trời Thứ Nhất - Tầng 3
lang_multi_text.db	Area_41051_Title	3.4	Hội thoại/Cốt truyện	Hệ thống/Thế giới			第二日树·一层	Second Solistree - 1st Layer	第二巨木・一階	Cây Mặt Trời Thứ Hai - Tầng 1
lang_multi_text.db	Area_41052_Title	3.4	Hội thoại/Cốt truyện	Hệ thống/Thế giới			第二日树·二层	Second Solistree - 2nd Layer	第二巨木・二階	Cây Mặt Trời Thứ Hai - Tầng 2
lang_multi_text.db	Area_41053_Title	3.4	Hội thoại/Cốt truyện	Hệ thống/Thế giới			第二日树·三层	Second Solistree - 3rd Layer	第二巨木・三階	Cây Mặt Trời Thứ Hai - Tầng 3
lang_multi_text.db	Area_41054_Title	3.4	Hội thoại/Cốt truyện	Hệ thống/Thế giới			第三日树·一层	Third Solistree - 1st Layer	第三巨木・一階	Cây Mặt Trời Thứ Ba - Tầng 1
lang_multi_text.db	Area_41055_Title	3.4	Hội thoại/Cốt truyện	Hệ thống/Thế giới			第三日树·二层	Third Solistree - 2nd Layer	第三巨木・二階	Cây Mặt Trời Thứ Ba - Tầng 2
lang_multi_text.db	Area_41056_Title	3.4	Hội thoại/Cốt truyện	Hệ thống/Thế giới			第四日树·一层	Fourth Solistree - 1st Layer	第四巨木・一階	Cây Mặt Trời Thứ Tư - Tầng 1
lang_multi_text.db	Area_41057_Title	3.4	Hội thoại/Cốt truyện	Hệ thống/Thế giới			第四日树·二层	Fourth Solistree - 2nd Layer	第四巨木・二階	Cây Mặt Trời Thứ Tư - Tầng 2
lang_multi_text.db	Area_41058_Title	3.4	Hội thoại/Cốt truyện	Hệ thống/Thế giới			眶折谷·北段	Orbit Valley Pass - North	オービットフォールド・北セクター	Thung Lũng Khung Gập - Đoạn Bắc
lang_multi_text.db	Area_41059_Title	3.4	Hội thoại/Cốt truyện	Hệ thống/Thế giới			眶折谷·本段	Orbit Valley Pass - Main	オービットフォールド・中央セクター	Thung Lũng Khung Gập - Đoạn Chính
lang_multi_text.db	Area_41060_Title	3.4	Hội thoại/Cốt truyện	Hệ thống/Thế giới			眶折谷·南段	Orbit Valley Pass - South	オービットフォールド・南セクター	Thung Lũng Khung Gập - Đoạn Nam
lang_multi_text.db	Area_41061_Title	3.4	Hội thoại/Cốt truyện	Hệ thống/Thế giới			联坠长廊·地下段	Riseway-Sundermere Corridor - Underground	カスケードコリドー・地下セクター	Hành Lang Liên Rơi - Đoạn Dưới Lòng Đất
lang_multi_text.db	Area_41062_Title	3.4	Hội thoại/Cốt truyện	Hệ thống/Thế giới			联坠长廊·基座段	Riseway-Sundermere Corridor - Riseway Base	カスケードコリドー・基部セクター	Hành Lang Liên Rơi - Đoạn Căn Cứ
lang_multi_text.db	Area_41063_Title	3.4	Hội thoại/Cốt truyện	Hệ thống/Thế giới			深浮长廊	Spacetrek-Bjartr Corridor	ディープフロート・コリドー	Hành Lang Nổi Sâu
lang_multi_text.db	Area_41064_Title	3.4	Hội thoại/Cốt truyện	Hệ thống/Thế giới			溺森涡道	Submerged Tunnel	溺れ森の渦道	Dòng Xoáy Rừng Chìm
lang_multi_text.db	Area_41065_Title	3.4	Hội thoại/Cốt truyện	Hệ thống/Thế giới			文献中心·休憩区	Spacetrek Archive - Recreational Zone	文献センター・休憩エリア	Trung Tâm Văn Hiến - Khu Nghỉ Ngơi
lang_multi_text.db	Area_41066_Title	3.4	Hội thoại/Cốt truyện	Hệ thống/Thế giới			广场区	Square	広場エリア	Khu Quảng Trường
lang_multi_text.db	Area_41067_Title	3.4	Hội thoại/Cốt truyện	Hệ thống/Thế giới			教学区	Teaching Zone	アカデミックエリア	Khu Giảng Dạy
lang_multi_text.db	Area_41068_Title	3.4	Hội thoại/Cốt truyện	Hệ thống/Thế giới			运载区	Freight Zone	モビリティハブ	Khu Vận Chuyển
lang_multi_text.db	Area_41_Title	3.4	Hội thoại/Cốt truyện	Hệ thống/Thế giới			拉海洛	Lahai-Roi	ラハイロイ	Lahai-Roi
lang_multi_text.db	Area_42001_Title	3.4	Hội thoại/Cốt truyện	Hệ thống/Thế giới			落日堤屿	Solisia Landing	<word>サンセット・アイランド</word>	Đảo Lạc Nhật
lang_multi_text.db	Area_42002_Title	3.4	Hội thoại/Cốt truyện	Hệ thống/Thế giới			封存地	Sealed Fissure	封印の地	Nơi Phong Ấn
lang_multi_text.db	Area_42003_Title	3.4	Hội thoại/Cốt truyện	Hệ thống/Thế giới			寂静断崖	Silent Crag	<word>サイレント・イスカープメント</word>	Vách Núi Tịch Liêu
lang_multi_text.db	Area_42004_Title	3.4	Hội thoại/Cốt truyện	Hệ thống/Thế giới			恒黯之原	Dimmr Deep	ディマー・ディープ	Vùng Vĩnh Ám
lang_multi_text.db	Area_42005_Title	3.4	Hội thoại/Cốt truyện	Hệ thống/Thế giới			黯原竖井	Dimmr Plains Shaft	ディマー・シャフト	Giếng Đứng Vùng Vĩnh Ám
lang_multi_text.db	Area_42006_Title	3.4	Hội thoại/Cốt truyện	Hệ thống/Thế giới			勘探基站	Base Camp	調査基地	Trạm Thăm Dò
lang_multi_text.db	Area_42007_Title	3.4	Hội thoại/Cốt truyện	Hệ thống/Thế giới			锈丘	Rustbound Hillside	錆の丘	Đồi Rỉ Sét
lang_multi_text.db	Area_42008_Title	3.4	Hội thoại/Cốt truyện	Hệ thống/Thế giới			薄暮林地	Twilight Woodlands	薄暮れの林	Rừng Chạng Vạng
lang_multi_text.db	Area_42009_Title	3.4	Hội thoại/Cốt truyện	Hệ thống/Thế giới			栖光岩窟	Stalaglow Cavern	光棲みの岩窟	Hang Lưu Quang
lang_multi_text.db	Area_42010_Title	3.4	Hội thoại/Cốt truyện	Hệ thống/Thế giới			未竟残舍	Nevermore Halls	潰えた学び舎	Nhà Bỏ Hoang
lang_multi_text.db	Area_42011_Title	3.4	Hội thoại/Cốt truyện	Hệ thống/Thế giới			止庭	Ceased Court	凪の庭	Đình Dừng Chân
lang_multi_text.db	Area_42012_Title	3.4	Hội thoại/Cốt truyện	Hệ thống/Thế giới			眠樱台地	Petalfold Recess	桜眠りの台地	Đài Hoa Anh Đào Ngủ
lang_multi_text.db	Area_42013_Title	3.4	Hội thoại/Cốt truyện	Hệ thống/Thế giới			星间叠瀑	Skyrelic Cascade	星渡りの段瀑	Thác Sao Rơi
lang_multi_text.db	Area_42014_Title	3.4	Hội thoại/Cốt truyện	Hệ thống/Thế giới			虚妄摇篮	Voidthirst Cradle	虚妄の揺りかご	Nôi Hư Vọng
lang_multi_text.db	Area_42015_Title	3.4	Hội thoại/Cốt truyện	Hệ thống/Thế giới			瞻辉岛	Ljos Isle	オーロラの島	Đảo Chiêm Huy
lang_multi_text.db	Area_42016_Title	3.4	Hội thoại/Cốt truyện	Hệ thống/Thế giới			明日阈限	Tomorrow's Horizon	明日のリミナリティ	Ngưỡng Cửa Ngày Mai
lang_multi_text.db	Area_42017_Title	3.4	Hội thoại/Cốt truyện	Hệ thống/Thế giới			霜寂岛	Frostseize Isle	白霜の島	Đảo Sương Lạnh
lang_multi_text.db	Area_42018_Title	3.4	Hội thoại/Cốt truyện	Hệ thống/Thế giới			日脉源木	Solvein Heartwood	日脈の源木	Nguồn Mộc Nhật Mạch
lang_multi_text.db	Area_42019_Title	3.4	Hội thoại/Cốt truyện	Hệ thống/Thế giới			虚妄摇篮·入口	Voidthirst Cradle - Entrance	虚妄の揺りかご・入口	Nôi Hư Vọng - Lối Vào
lang_multi_text.db	Area_42020_Title	3.4	Hội thoại/Cốt truyện	Hệ thống/Thế giới			虚妄摇篮·一层	Voidthirst Cradle - First Floor	虚妄の揺りかご・一階	Nôi Hư Vọng - Tầng Một
lang_multi_text.db	Area_42021_Title	3.4	Hội thoại/Cốt truyện	Hệ thống/Thế giới			虚妄摇篮·二层	Voidthirst Cradle - Second Floor	虚妄の揺りかご・二階	Nôi Hư Vọng - Tầng Hai
lang_multi_text.db	Area_42022_Title	3.4	Hội thoại/Cốt truyện	Hệ thống/Thế giới			隧锚	Keystone	ストライダーアンカー	Mỏ Keystone Ngầm
lang_multi_text.db	Area_42023_Title	3.4	Hội thoại/Cốt truyện	Hệ thống/Thế giới			止境荒丘	Endreach Barrens	果ての丘	Đồi Hoang Tận Cùng
lang_multi_text.db	Area_42_Title	3.4	Hội thoại/Cốt truyện	Hệ thống/Thế giới			黯原	Dimmr Plains	ディマー・プレーンズ	Vùng Vĩnh Ám
lang_multi_text.db	Area_43_Title	3.4	Hội thoại/Cốt truyện	Hệ thống/Thế giới			无尽宴会	Forever Fest	終わりのない宴	Bữa Tiệc Bất Tận
lang_multi_text.db	Area_45001_Title	3.4	Hội thoại/Cốt truyện	Hệ thống/Thế giới			冰原运输港	Frostlands Transit Port	氷原の港	Cảng Vận Tải Băng Nguyên
lang_multi_text.db	Area_45002_Title	3.4	Hội thoại/Cốt truyện	Hệ thống/Thế giới			加拉尔冠阶	Mount Gjallar	マウントギャラル	Đỉnh Gjallar
lang_multi_text.db	Area_45003_Title	3.4	Hội thoại/Cốt truyện	Hệ thống/Thế giới			加拉尔冠阶	Mount Gjallar	マウントギャラル	Đỉnh Gjallar
lang_multi_text.db	Area_45004_Title	3.4	Hội thoại/Cốt truyện	Hệ thống/Thế giới			盲望之塌	Starblind Crashsite	ブラインドフォール	Tinh Manh Phế Tích
lang_multi_text.db	Area_45005_Title	3.4	Hội thoại/Cốt truyện	Hệ thống/Thế giới			元林遗址	Upphaf Forest Ruins	始元林遺跡	Di Tích Rừng Nguyên Sinh
lang_multi_text.db	Area_45006_Title	3.4	Hội thoại/Cốt truyện	Hệ thống/Thế giới			覆海原	Tidelost Forest	<word>タイドロスト・フォレスト</word>	Phúc Hải Nguyên
lang_multi_text.db	Area_45007_Title	3.4	Hội thoại/Cốt truyện	Hệ thống/Thế giới			极地科考站	Polar Research Outpost	極地観測基地	Trạm Khảo Sát Khoa Học Cực Địa
lang_multi_text.db	Area_45008_Title	3.4	Hội thoại/Cốt truyện	Hệ thống/Thế giới			罗伊不冻港	Roya Icebreak Port	ロイ・フリーポート	Cảng Phá Băng Roya
lang_multi_text.db	Area_45009_Title	3.4	Hội thoại/Cốt truyện	Hệ thống/Thế giới			近海磁暴监测区	Offshore Void Storm Monitoring Zone	近海・ヴォイドストーム<word>測定エリア</word>	Khu Vực Giám Sát Bão Từ Ngoài Khơi
lang_multi_text.db	Area_45010_Title	3.4	Hội thoại/Cốt truyện	Hệ thống/Thế giới			渐湖磁暴监测区	Ginnungamere Void Storm Monitoring Zone	ギンヌンガミール・ヴォイドストーム<word>測定エリア</word>	Khu Vực Giám Sát Bão Từ Hồ Ginnunga
lang_multi_text.db	Area_45011_Title	3.4	Hội thoại/Cốt truyện	Hệ thống/Thế giới			渐湖	Ginnungamere	ギンヌンガミール	Hồ Ginnunga
lang_multi_text.db	Area_45012_Title	3.4	Hội thoại/Cốt truyện	Hệ thống/Thế giới			封冻旧港	Oldfrost Harbor	旧フローズン・ポート	Cảng Cũ Đóng Băng
lang_multi_text.db	Area_45013_Title	3.4	Hội thoại/Cốt truyện	Hệ thống/Thế giới			天槎空间站	SkyArk Space Station	スカイアーク	Trạm Không Gian SkyArk
lang_multi_text.db	Area_45014_Title	3.4	Hội thoại/Cốt truyện	Hệ thống/Thế giới			隧阈观测站	Exostrider Observation Station	<word>エクソストライダー閾値観測基地</word>	Trạm Quan Sát Ngưỡng Hầm
lang_multi_text.db	Area_45015_Title	3.4	Hội thoại/Cốt truyện	Hệ thống/Thế giới			元林发掘区	Upphaf Forest Excavation Site	始元林発掘エリア	Khu Vực Khai Quật Rừng Nguyên Sinh
lang_multi_text.db	Area_45016_Title	3.4	Hội thoại/Cốt truyện	Hệ thống/Thế giới			溯源野地	Provenance Enclave	遡源のアウトポスト	Vùng Địa Truy Nguyên
lang_multi_text.db	Area_45017_Title	3.4	Hội thoại/Cốt truyện	Hệ thống/Thế giới			元林再生舱	Upphaf Life Chamber	始元林の再生チャンバー	Khoang Tái Sinh Rừng Nguyên Sinh
lang_multi_text.db	Area_45018_Title	3.4	Hội thoại/Cốt truyện	Hệ thống/Thế giới			隧者沉眠地	Exostrider Slumber Site	エクソストライダー眠りの地	Nơi An Giấc Thiên Cơ
lang_multi_text.db	Area_45019_Title	3.4	Hội thoại/Cốt truyện	Hệ thống/Thế giới			断流岬	Wavecleave Cape	波断ちの岬	Mũi Cắt Dòng Chảy
lang_multi_text.db	Area_45020_Title	3.4	Hội thoại/Cốt truyện	Hệ thống/Thế giới			观测廊道	Observation Passage	観測用トンネル	Hành Lang Quan Sát
lang_multi_text.db	Area_45021_Title	3.4	Hội thoại/Cốt truyện	Hệ thống/Thế giới			天槎空间站·实验舱段一区	SkyArk Space Station: Lab Sector I	スカイアーク・実験エリアⅠ	Trạm Không Gian SkyArk - Khoang Tàu Thí Nghiệm I
lang_multi_text.db	Area_45022_Title	3.4	Hội thoại/Cốt truyện	Hệ thống/Thế giới			天槎空间站·实验舱段二区	SkyArk Space Station: Lab Sector II	スカイアーク・実験エリアⅡ	Trạm Không Gian SkyArk - Khoang Tàu Thí Nghiệm II
lang_multi_text.db	Area_45023_Title	3.4	Hội thoại/Cốt truyện	Hệ thống/Thế giới			天槎空间站·封锁舱段	SkyArk Space Station: Blocked Sector	スカイアーク・封鎖区画	Trạm Không Gian SkyArk - Khoang Tàu Phong Tỏa
lang_multi_text.db	Area_45024_Title	3.4	Hội thoại/Cốt truyện	Hệ thống/Thế giới			永冻遗航	Everfrost Cavern	エバーフロスト・カヴァーン	Hàng Hải Di Tích Đóng Băng Vĩnh Cửu
lang_multi_text.db	Area_45025_Title	3.4	Hội thoại/Cốt truyện	Hệ thống/Thế giới			天槎空间站	SkyArk Space Station	スカイアーク	Trạm Không Gian SkyArk
lang_multi_text.db	Area_45_Title	3.4	Hội thoại/Cốt truyện	Hệ thống/Thế giới			罗伊冰原	Roya Frostlands	ロイ氷原	Băng Nguyên Roya
lang_multi_text.db	Area_4_Title	3.4	Hội thoại/Cốt truyện	Hệ thống/Thế giới			中曲台地	Central Plains	中部台地	Đồng Bằng Trung Khúc
lang_multi_text.db	Area_501_Title	3.4	Hội thoại/Cốt truyện	Hệ thống/Thế giới			远望营地	Camp Overwatch	<ano=えんぼう>遠望</ano>の<ano=みね>嶺</ano>	Doanh Trại Viễn Vọng
lang_multi_text.db	Area_502_Title	3.4	Hội thoại/Cốt truyện	Hệ thống/Thế giới			凋零防线	Withering Frontline	寂れた防衛線	Phòng Tuyến Điêu Linh
lang_multi_text.db	Area_503_Title	3.4	Hội thoại/Cốt truyện	Hệ thống/Thế giới			止戈关峡	Misty Coast	終戦の関	Chỉ Qua Quan Hiệp
lang_multi_text.db	Area_504_Title	3.4	Hội thoại/Cốt truyện	Hệ thống/Thế giới			伏波阵前	Rearguard Base	<ano=ふくは>伏波</ano>陣地前	Trận Tuyến Phục Ba
lang_multi_text.db	Area_508_Title	3.4	Hội thoại/Cốt truyện	Hệ thống/Thế giới			dnt/主线第一二章限制荒石区域空气墙	Invisible Walls for Desorock zones in Chapters I and II@ Main Mission	メインストーリー一二章見えない壁	Tường Vô Hình Cho Khu Vực Bị Hạn Chế Ở Chương I và II @ Nhiệm Vụ Chính
lang_multi_text.db	Area_5_Title	3.4	Hội thoại/Cốt truyện	Hệ thống/Thế giới			荒石高地	Desorock Highland	<ano=いしくず>石崩</ano>れの<ano=こうち>高地</ano>	Cao Nguyên Hoang Thạch
lang_multi_text.db	Area_601_Title	3.4	Hội thoại/Cốt truyện	Hệ thống/Thế giới			落定岭	Settle Range	<ano=らくちゃくみね>落着嶺</ano>	Lạc Định Lĩnh
lang_multi_text.db	Area_602_Title	3.4	Hội thoại/Cốt truyện	Hệ thống/Thế giới			东麓研究站	Donglu Research Station	<ano=とうろく>東麓</ano>研究所	Trạm Nghiên Cứu Đông Lộc
lang_multi_text.db	Area_603_Title	3.4	Hội thoại/Cốt truyện	Hệ thống/Thế giới			潮音海丘	Nostalgia Isle	<ano=ちょうおん>潮音</ano>の丘	Triều Âm Hải Khâu
lang_multi_text.db	Area_606_Title	3.4	Hội thoại/Cốt truyện	Hệ thống/Thế giới			焚焰海	Sea of Flames	<ano=ふんえんかい>焚焔海</ano>	Biển Phần Diễm
lang_multi_text.db	Area_607_Title	3.4	Hội thoại/Cốt truyện	Hệ thống/Thế giới			岭西基地焚焰花区域	West Range Base Incinero Petal Area	西部基地<ano=ふんえんか>焚焔花</ano>区域	Khu Hoa Phần Diễm Căn Cứ Lĩnh Tây
lang_multi_text.db	Area_608_Title	3.4	Hội thoại/Cốt truyện	Hệ thống/Thế giới			焚焰海区域	Sea of Flames Area	<ano=ふんえんかい>焚焔海</ano>	Khu Vực Biển Phần Diễm
lang_multi_text.db	Area_609_Title	3.4	Hội thoại/Cốt truyện	Hệ thống/Thế giới			基地焚焰花区域	Base Incinero Petal Area	基地<ano=ふんえんか>焚焔花</ano>区域	Khu Hoa Phần Diễm Căn Cứ
lang_multi_text.db	Area_6_Title	3.4	Hội thoại/Cốt truyện	Hệ thống/Thế giới			归墟港市	Port City of Guixu	<ano=きらい>帰来</ano>の<ano=みなと>港</ano>	Cảng Quy Khư
lang_multi_text.db	Area_702_Title	3.4	Hội thoại/Cốt truyện	Hệ thống/Thế giới			闻野滩	Wenye Beach	<ano=ぶんやはま>聞野浜</ano>	Bãi Văn Dã
lang_multi_text.db	Area_703_Title	3.4	Hội thoại/Cốt truyện	Hệ thống/Thế giới			紫月榕	Violet Banyan	<ano=しげつ>紫月</ano>のガジュマル	Tử Nguyệt Dung
lang_multi_text.db	Area_704_Title	3.4	Hội thoại/Cốt truyện	Hệ thống/Thế giới			中央巨榕	Giant Banyan	中部ガジュマル	Trung Ương Cự Dung
lang_multi_text.db	Area_705_Title	3.4	Hội thoại/Cốt truyện	Hệ thống/Thế giới			猢思崖	Forbidden Forest	<ano=えんちがい>猿知崖</ano>	Hồ Tư Nhai
lang_multi_text.db	Area_706_Title	3.4	Hội thoại/Cốt truyện	Hệ thống/Thế giới			丛棘步道	Thorny Passage	<ano=いばらむ>茨群</ano>れの歩道	Đường Mòn Gai
lang_multi_text.db	Area_7_Title	3.4	Hội thoại/Cốt truyện	Hệ thống/Thế giới			无光之森	Dim Forest	光なき森	Rừng Vô Quang
lang_multi_text.db	Area_802_Title	3.4	Hội thoại/Cốt truyện	Hệ thống/Thế giới			荒弃岩壑	Corroded Ruins	朽ちた<ano=がくこく>壑谷</ano>	Hoang Khí Nham Hác
lang_multi_text.db	Area_803_Title	3.4	Hội thoại/Cốt truyện	Hệ thống/Thế giới			漱石原	Hermit Settlement	石洗いの原	Sấu Thạch Nguyên
lang_multi_text.db	Area_804_Title	3.4	Hội thoại/Cốt truyện	Hệ thống/Thế giới			无存残所	Remnant Residence	変わり果てた遺跡	Vô Tồn Tàn Sở
lang_multi_text.db	Area_805_Title	3.4	Hội thoại/Cốt truyện	Hệ thống/Thế giới			弦月礁	Shattered Blocks	<ano=げんげつしょう>弦月礁</ano>	Huyền Nguyệt Tiêu
lang_multi_text.db	Area_807_Title	3.4	Hội thoại/Cốt truyện	Hệ thống/Thế giới			挑战空气墙	Challenge Invisible Walls	挑戦見えない壁	Thử Thách Tường Không Khí
lang_multi_text.db	Area_8_Title	3.4	Hội thoại/Cốt truyện	Hệ thống/Thế giới			无明湾	Wuming Bay	<ano=むみょう>無明</ano>の<ano=わんがん>湾岸</ano>	Vịnh Vô Minh
lang_multi_text.db	Area_9_Title	3.4	Hội thoại/Cốt truyện	Hệ thống/Thế giới			北落野	Norfall Barrens	<ano=ほくらくのはら>北落野原</ano>	Đồng Bằng Bắc Lạc
lang_multi_text.db	CountryExploreProgress	3.4	Hội thoại/Cốt truyện	Hệ thống/Thế giới			{0}探索度：{1}%	{0} Exploration Progress: {1}%	{0}探索進捗：{1}%	Độ khám phá {0}: {1}%
lang_multi_text.db	Country_0_Title	3.4	Hội thoại/Cốt truyện	Hệ thống/Thế giới			随机国家	Random Nation	ランダムの国	Quốc gia ngẫu nhiên
lang_multi_text.db	Country_1_Desc	3.4	Hội thoại/Cốt truyện	Hệ thống/Thế giới			瑝珑建国至今已千年有余，漫长的历史让这个国家散发着悠久而浓厚的文化积淀，悲鸣虽然打断了瑝珑的发展，但植根于人们心中的抗争与传承精神还留存于世。\n复苏时代，瑝珑依靠黑石工业实现了快速发展，源源不断的黑石订单让瑝珑成为当之无愧的经济之国。	Huanglong is a nation of thousands of years. Long history forged a special and traditional culture for this nation. Although the Lament fracture it's development, but its people are still fighting and trying their best to inherit whatever the nation remains.  In the age of Resurgence. Huanglong's Tacetite Industry brought life again to this country. With the endless order for the Tacetite, Huanglong's economy has ever stopped booming.	千年以上建国した瑝瓏に、長い歴史で培った文化・芸術の蓄えが大量に残された。「悲鳴」により発展は一度断たれたが、敵に抗う勇気と伝承を大事にする精神は今でも人々の中に深く根付いている。\n文明蘇生で黒石工業による高速発展を果たした今、商売相手に困らない瑝瓏は「経済大国」と呼ばれる程の国力を誇る。	Hoàng Long lập quốc đến nay đã hơn ngàn năm, lịch sử dài lâu khiến quốc gia này tỏa ra sự tích lũy văn hóa lâu đời và đậm nét. Mặc dù Bi Minh đã cắt ngang sự phát triển của Hoàng Long, nhưng tinh thần đấu tranh và kế thừa cắm rễ trong lòng người dân vẫn còn lưu giữ trên thế gian.\nTrong kỷ nguyên Phục Tô, Hoàng Long dựa vào công nghiệp Hắc Thạch để đạt được sự phát triển nhanh chóng, những đơn đặt hàng Hắc Thạch không ngừng nghỉ đã khiến Hoàng Long trở thành một cường quốc kinh tế thực sự.
lang_multi_text.db	Country_1_Title	3.4	Hội thoại/Cốt truyện	Hệ thống/Thế giới			瑝珑	Huanglong	瑝瓏	Hoàng Long
lang_multi_text.db	Country_2_Title	3.4	Hội thoại/Cốt truyện	Hệ thống/Thế giới			黑海岸	The Black Shores	ブラックショア	Bờ Biển Đen
lang_multi_text.db	Country_3_Title	3.4	Hội thoại/Cốt truyện	Hệ thống/Thế giới			黎那汐塔	Rinascita	リナシータ	Rinascita - Ragunna
lang_multi_text.db	Country_4_Title	3.4	Hội thoại/Cốt truyện	Hệ thống/Thế giới			罗伊冰原	Roya Frostlands	ロイ氷原	Băng Nguyên Roya
lang_multi_text.db	MapAreaIsLockText	3.4	Hội thoại/Cốt truyện	Hệ thống/Thế giới			目标区域未开放，请继续探索	Target area locked	目標エリアはまだ解放されていません	Khu vực mục tiêu chưa mở, vui lòng tiếp tục khám phá
lang_multi_text.db	MapAreaIsLockText_LevelLimit	3.4	Hội thoại/Cốt truyện	Hệ thống/Thế giới			目标区域未开放，请提升联觉等级	Target area locked. Please increase Union Level.	目標エリアはまだ解放されていません、先にユニオンレベルを上げてください	Khu vực mục tiêu chưa mở, vui lòng nâng cấp Cấp Liên Kết
lang_multi_text.db	MapAreaIsLockText_QuestLimit	3.4	Hội thoại/Cốt truyện	Hệ thống/Thế giới			目标区域未开放，请继续推进潮汐任务	Target area locked. Please progress with Main Quests	目標エリアはまだ解放されていません、引き続き潮汐任務を続行してください	Khu vực mục tiêu chưa mở, vui lòng tiếp tục nhiệm vụ Minh Triều
lang_multi_text.db	MapFloor_HMQ_1	3.4	Hội thoại/Cốt truyện	Hệ thống/Thế giới			环木阙·上层	Woodveil Hall: Upper Tier	環木宮·上層	Điện Hoàn Mộc・Tầng Trên
lang_multi_text.db	MapFloor_HMQ_2	3.4	Hội thoại/Cốt truyện	Hệ thống/Thế giới			环木阙·中层	Woodveil Hall: Middle Tier	環木宮·中層	Điện Hoàn Mộc・Tầng Giữa
lang_multi_text.db	MapFloor_HMQ_3	3.4	Hội thoại/Cốt truyện	Hệ thống/Thế giới			环木阙·下层	Woodveil Hall: Lower Tier	環木宮·下層	Điện Hoàn Mộc・Tầng Dưới
lang_multi_text.db	MapFloor_JJS_1	3.4	Hội thoại/Cốt truyện	Hệ thống/Thế giới			谬误收容所·下层	Error Cell: Lower Floor	エラー収容所・下層	Trại Giam Phóng Túng・Tầng Dưới
lang_multi_text.db	MapFloor_JJS_2	3.4	Hội thoại/Cốt truyện	Hệ thống/Thế giới			谬误收容所·上层	Error Cell: Upper Floor	エラー収容所・上層	Trại Giam Phóng Túng・Tầng Trên
lang_multi_text.db	MapFloor_KTG_1	3.4	Hội thoại/Cốt truyện	Hệ thống/Thế giới			叩天关·上层	Truthseeker's Pass: Upper Tier	叩天関·上層	Ải Khấu Thiên・Tầng Trên
lang_multi_text.db	MapFloor_KTG_2	3.4	Hội thoại/Cốt truyện	Hệ thống/Thế giới			叩天关·中层	Truthseeker's Pass: Middle Tier	叩天関·中層	Ải Khấu Thiên・Tầng Giữa
lang_multi_text.db	MapFloor_KTG_3	3.4	Hội thoại/Cốt truyện	Hệ thống/Thế giới			叩天关·下层	Truthseeker's Pass: Lower Tier	叩天関·下層	Ải Khấu Thiên・Tầng Dưới
lang_multi_text.db	MapFloor_MLT_1	3.4	Hội thoại/Cốt truyện	Hệ thống/Thế giới			眠龙庭·上层	Mianloong Chamber: Upper Tier	龍眠庭·上層	Đình Miên Long・Tầng Trên
lang_multi_text.db	MapFloor_MLT_2	3.4	Hội thoại/Cốt truyện	Hệ thống/Thế giới			眠龙庭·下层	Mianloong Chamber: Lower Tier	龍眠庭·下層	Đình Miên Long・Tầng Dưới
lang_multi_text.db	MapFloor_Raw	3.4	Hội thoại/Cốt truyện	Hệ thống/Thế giới			索拉大陆	SOL3 Continent	ソラ大陸	Đại Lục Solaris
lang_multi_text.db	MapFloor_SMFJ_1	3.4	Hội thoại/Cốt truyện	Hệ thống/Thế giới			神秘房间	Mysterious Room	謎の部屋	Căn phòng bí ẩn
lang_multi_text.db	MapFloor_STZ_1	3.4	Hội thoại/Cốt truyện	Hệ thống/Thế giới			金枝地·下层	Bank of Life: Floor 1	生命の箱舟・下層	Vùng Kim Chi・Tầng Dưới
lang_multi_text.db	MapFloor_STZ_2	3.4	Hội thoại/Cốt truyện	Hệ thống/Thế giới			金枝地·上层	Bank of Life: Floor 2	生命の箱舟・上層	Vùng Kim Chi・Tầng Trên
lang_multi_text.db	MapNote_10_Desc	3.4	Hội thoại/Cốt truyện	Hệ thống/Thế giới			数据中心等级提升	Data Hub Level Up	データセンターレベルアップ	Tăng Cấp Trung Tâm Dữ Liệu
lang_multi_text.db	MapNote_11_Desc	3.4	Hội thoại/Cốt truyện	Hệ thống/Thế giới			「索拉电影节」新剧本开放	New Screenplay opened in Solaris Film Festival	「ソラ映画祭」新シナリオ解放	Mở kịch bản mới "Liên Hoan Phim Solaris"
lang_multi_text.db	MapNote_2_Desc	3.4	Hội thoại/Cốt truyện	Hệ thống/Thế giới			古物交付等级提升	Casket Delivery Level Up	音匣提出レベルアップ	Tăng Cấp Giao Cổ Vật
lang_multi_text.db	MapNote_3_Desc	3.4	Hội thoại/Cốt truyện	Hệ thống/Thế giới			逆境深塔奖励	Tower of Adversity Rewards	逆境深塔報酬	Phần Thưởng Tháp Nghịch Cảnh
lang_multi_text.db	MapNote_9_Desc	3.4	Hội thoại/Cốt truyện	Hệ thống/Thế giới			「深坠异想奇境」新难度开放	New difficulty available in Depths of Illusive Realm	「深層空想秘境」新難易度解放	Mở độ khó mới "Rơi Vào Cảnh Huyễn Mộng"
lang_multi_text.db	MapNote_InfrActivity_Desc	3.4	Hội thoại/Cốt truyện	Hệ thống/Thế giới			路网可重建	Rebuild Available	道路網再建可能	Có thể xây dựng lại mạng lưới đường bộ
lang_multi_text.db	MapNote_LaHaiLuoCollect_Desc	3.4	Hội thoại/Cốt truyện	Hệ thống/Thế giới			拉海洛·终声残卷回收等级提升	Lahai-Roi: Tape of Last Words Delivery Level Up	ラハイロイ・エンドボイスエピソード提出レベルアップ	Tăng cấp độ thu thập Tàn Quyển Âm Cuối Lahai-Roi
lang_multi_text.db	MapNote_LordGym_Desc	3.4	Hội thoại/Cốt truyện	Hệ thống/Thế giới			全息战略·强袭新难度开放	New Difficulty in Tactical Hologram: Calamity	ホロタクティクス<word>・強襲新難易度解放</word>	Mở độ khó mới Chiến Lược Toàn Ánh - Đột Kích
lang_multi_text.db	MapNote_NewLordGym_Desc	3.4	Hội thoại/Cốt truyện	Hệ thống/Thế giới			全息战略·幻痛新内容开放	New Challenges in Tactical Hologram: Phantom Pain	「ホロタクティクス・ファントムペイン」新コンテンツ解放	Mở nội dung mới Chiến Lược Toàn Ánh - Đau Trớn
lang_multi_text.db	MapNote_RilingCollect_Desc	3.4	Hội thoại/Cốt truyện	Hệ thống/Thế giới			青实归还等级提升	Soliseed Delivery Level Up	青実返納レベルアップ	Tăng cấp độ trả lại Quả Xanh
lang_multi_text.db	MapNote_ShengxiaDollQiQiu_Desc	3.4	Hội thoại/Cốt truyện	Hệ thống/Thế giới			声匣·七丘回收等级提升	Septimont Casket Delivery Level Up	音匣・セブンヒルズ提出レベルアップ	Tăng cấp độ thu thập Thanh Hạp - Septimont
lang_multi_text.db	MapNote_ShengxiaDoll_Desc	3.4	Hội thoại/Cốt truyện	Hệ thống/Thế giới			声匣·拉古那回收等级提升	Ragunna Casket Delivery Level Up	音匣・ラグーナ提出レベルアップ	Tăng cấp độ thu thập Thanh Hạp - Ragunna
lang_multi_text.db	MapNote_VillageInfrTree_Desc	3.4	Hội thoại/Cốt truyện	Hệ thống/Thế giới			虚蚀古代乔木可还原	More Voidbane Eldertrees can be restored	還元可能な古代樹	Cây Cổ Thụ Bị Ăn Mòn có thể phục hồi
lang_multi_text.db	MapNote_VillageInfrVillage_Desc	3.4	Hội thoại/Cốt truyện	Hệ thống/Thế giới			勘探基站等级提升	Base Camp Level Up	調査基地LvUP	Cấp Trạm Thăm Dò tăng
lang_multi_text.db	MapNote_WeeklyRouge_14_Desc	3.4	Hội thoại/Cốt truyện	Hệ thống/Thế giới			周期挑战已更新	Recurring Challenges refreshed	周期コンテンツ更新	Thử thách định kỳ đã cập nhật
lang_multi_text.db	MapQuickChange_Text	3.4	Hội thoại/Cốt truyện	Hệ thống/Thế giới			切换地图	Switch Map	マップ切り替え	Đổi Bản Đồ
lang_multi_text.db	MapRouge_EnterConditionText	3.4	Hội thoại/Cốt truyện	Hệ thống/Thế giới			完成影片「变身英雄：炽焰游侠」	Complete Film "Transforming Hero: Flame Ranger"	「ヒーロー変身：フレイムウーマン」をクリア	Hoàn thành phim "Anh Hùng Biến Hình: Hiệp Sĩ Rực Lửa"
lang_multi_text.db	MapTrackingCanceled_Text	3.4	Hội thoại/Cốt truyện	Hệ thống/Thế giới			已到达目标附近，追踪自动取消	The target is nearby. Tracking automatically canceled.	目標地点付近に到着したため、追跡が自動的に解除されました	Đã đến gần mục tiêu, tự động hủy theo dõi
lang_multi_text.db	MapTravelAllTaskProgress_Text	3.4	Hội thoại/Cốt truyện	Hệ thống/Thế giới			<color=#fde7a1>{0}</color><color=#ece5d8>/{1}</color>	<color=#fde7a1>{0}</color><color=#ece5d8>/{1}</color>	<color=#fde7a1>{0}</color><color=#ece5d8>/{1}</color>	<color=#fde7a1>{0}</color><color=#ece5d8>/{1}</color>
lang_multi_text.db	MapTravelEnterName_Text	3.4	Hội thoại/Cốt truyện	Hệ thống/Thế giới			前往	Go	進む	Đi đến
lang_multi_text.db	MapTravelExpYellow_Text	3.4	Hội thoại/Cốt truyện	Hệ thống/Thế giới			<color=#fde7a1>{0}</color><color=#ece5d8>/{1}</color>	<color=#fde7a1>{0}</color><color=#ece5d8>/{1}</color>	<color=#fde7a1>{0}</color><color=#ece5d8>/{1}</color>	<color=#fde7a1>{0}</color><color=#ece5d8>/{1}</color>
lang_multi_text.db	MapTravelExp_Text	3.4	Hội thoại/Cốt truyện	Hệ thống/Thế giới			<color=#fde7a1>{0}</color><color=#ece5d8>/{1}</color>	<color=#fde7a1>{0}</color><color=#ece5d8>/{1}</color>	<color=#fde7a1>{0}</color><color=#ece5d8>/{1}</color>	<color=#fde7a1>{0}</color><color=#ece5d8>/{1}</color>
lang_multi_text.db	MapTravelFlyBtnUnlock_Text1	3.4	Hội thoại/Cốt truyện	Hệ thống/Thế giới			评分达到S	Achieve an S Rank	評価S達成	Đạt Xếp Hạng S
lang_multi_text.db	MapTravelFlyBtnUnlock_Text2	3.4	Hội thoại/Cốt truyện	Hệ thống/Thế giới			评分达到A	Achieve an A Rank	評価A達成	Đạt Xếp Hạng A
lang_multi_text.db	MapTravelFlyBtnUnlock_Text3	3.4	Hội thoại/Cốt truyện	Hệ thống/Thế giới			评分达到B	Achieve a B Rank	評価B達成	Đạt Xếp Hạng B
lang_multi_text.db	MapTravelFlyFinish_Text1	3.4	Hội thoại/Cốt truyện	Hệ thống/Thế giới			已解锁【声骸挑战·翱翔·其一】	[Echo Challenge: Flight I] Unlocked	【音骸挑戦・ソアー・1】が解放済み	Đã mở khóa [Thử Thách Echo - Bay Lượn - I]
lang_multi_text.db	MapTravelFlyFinish_Text2	3.4	Hội thoại/Cốt truyện	Hệ thống/Thế giới			已解锁【声骸挑战·翱翔·其二】	[Echo Challenge: Flight II] Unlocked	【音骸挑戦・ソアー・2】が解放済み	Đã mở khóa [Thử Thách Echo - Bay Lượn - II]
lang_multi_text.db	MapTravelFlyFinish_Text3	3.4	Hội thoại/Cốt truyện	Hệ thống/Thế giới			已解锁【声骸挑战·翱翔·其三】	[Echo Challenge: Flight III] Unlocked	【音骸挑戦・ソアー・3】が解放済み	Đã mở khóa [Thử Thách Echo - Bay Lượn - III]
lang_multi_text.db	MapTravelFlyFinish_Text4	3.4	Hội thoại/Cốt truyện	Hệ thống/Thế giới			已解锁【声骸挑战·翱翔·其四】	[Echo Challenge: Flight IV] Unlocked	【音骸挑戦・ソアー・4】が解放済み	Đã mở khóa [Thử Thách Echo - Bay Lượn - IV]
lang_multi_text.db	MapTravelFlyFinish_Text5	3.4	Hội thoại/Cốt truyện	Hệ thống/Thế giới			已解锁【声骸挑战·翱翔·其五】	[Echo Challenge: Flight V] Unlocked	【音骸挑戦・ソアー・5】が解放済み	Đã mở khóa [Thử Thách Echo - Bay Lượn - V]
lang_multi_text.db	MapTravelFlyFinish_Text6	3.4	Hội thoại/Cốt truyện	Hệ thống/Thế giới			已解锁【声骸挑战·翱翔·其六】	[Echo Challenge: Flight VI] Unlocked	【音骸挑戦・ソアー・6】が解放済み	Đã mở khóa [Thử Thách Echo - Bay Lượn - VI]
lang_multi_text.db	MapTravelFlyFinish_Text7	3.4	Hội thoại/Cốt truyện	Hệ thống/Thế giới			已解锁【声骸挑战·翱翔·其七】	[Echo Challenge: Flight VII] Unlocked	【音骸挑戦・ソアー・7】が解放済み	Đã mở khóa [Thử Thách Echo - Bay Lượn - VII]
lang_multi_text.db	MapTravelFlyLockTips_Text1	3.4	Hội thoại/Cốt truyện	Hệ thống/Thế giới			路书等级提升至1级	Upgrade Event Level to 1	手帳レベル1達成で解放	Tăng cấp độ Sách Du Lịch lên cấp 1
lang_multi_text.db	MapTravelFlyLockTips_Text2	3.4	Hội thoại/Cốt truyện	Hệ thống/Thế giới			路书等级提升至2级	Upgrade Event Level to 2	手帳レベル2達成で解放	Tăng cấp độ Sách Du Lịch lên cấp 2
lang_multi_text.db	MapTravelFlyLockTips_Text3	3.4	Hội thoại/Cốt truyện	Hệ thống/Thế giới			路书等级提升至3级	Upgrade Event Level to 3	手帳レベル3達成で解放	Tăng cấp độ Sách Du Lịch lên cấp 3
lang_multi_text.db	MapTravelFlyLockTips_Text4	3.4	Hội thoại/Cốt truyện	Hệ thống/Thế giới			路书等级提升至4级	Upgrade Event Level to 4	手帳レベル4達成で解放	Tăng cấp độ Sách Du Lịch lên cấp 4
lang_multi_text.db	MapTravelFlyLockTips_Text5	3.4	Hội thoại/Cốt truyện	Hệ thống/Thế giới			路书等级提升至5级	Upgrade Event Level to 5	手帳レベル5達成で解放	Tăng cấp độ Sách Du Lịch lên cấp 5
lang_multi_text.db	MapTravelFlyLockTips_Text6	3.4	Hội thoại/Cốt truyện	Hệ thống/Thế giới			路书等级提升至6级	Upgrade Event Level to 6	手帳レベル6達成で解放	Tăng cấp độ Sách Du Lịch lên cấp 6
lang_multi_text.db	MapTravelFlyLockTips_Text7	3.4	Hội thoại/Cốt truyện	Hệ thống/Thế giới			路书等级提升至7级，且完成危行任务「风归高天之所」	Upgrade Event Level to 7 and complete Exploration Quest "Where Wind Returns to Celestial Realms"	手帳レベル7達成、かつ危地任務「空高く、風が帰る場所」クリアで解放	Tăng cấp độ Sách Du Lịch lên cấp 7, và hoàn thành Nhiệm Vụ Nguy Hiểm "Gió Về Chốn Cao Cả"
lang_multi_text.db	MapTravelFlyName_Text1	3.4	Hội thoại/Cốt truyện	Hệ thống/Thế giới			【声骸挑战·翱翔·其一】	[Echo Challenge: Flight I]	【音骸挑戦・ソアー・1】	[Thử Thách Echo - Bay Lượn - I]
lang_multi_text.db	MapTravelFlyName_Text2	3.4	Hội thoại/Cốt truyện	Hệ thống/Thế giới			【声骸挑战·翱翔·其二】	[Echo Challenge: Flight II]	【音骸挑戦・ソアー・2】	[Thử Thách Echo - Bay Lượn - II]
lang_multi_text.db	MapTravelFlyName_Text3	3.4	Hội thoại/Cốt truyện	Hệ thống/Thế giới			【声骸挑战·翱翔·其三】	[Echo Challenge: Flight III]	【音骸挑戦・ソアー・3】	[Thử Thách Echo - Bay Lượn - III]
lang_multi_text.db	MapTravelFlyName_Text4	3.4	Hội thoại/Cốt truyện	Hệ thống/Thế giới			【声骸挑战·翱翔·其四】	[Echo Challenge: Flight IV]	【音骸挑戦・ソアー・4】	[Thử Thách Echo - Bay Lượn - IV]
lang_multi_text.db	MapTravelFlyName_Text5	3.4	Hội thoại/Cốt truyện	Hệ thống/Thế giới			【声骸挑战·翱翔·其五】	[Echo Challenge: Flight V]	【音骸挑戦・ソアー・5】	[Thử Thách Echo - Bay Lượn - V]
lang_multi_text.db	MapTravelFlyName_Text6	3.4	Hội thoại/Cốt truyện	Hệ thống/Thế giới			【声骸挑战·翱翔·其六】	[Echo Challenge: Flight VI]	【音骸挑戦・ソアー・6】	[Thử Thách Echo - Bay Lượn - VI]
lang_multi_text.db	MapTravelFlyName_Text7	3.4	Hội thoại/Cốt truyện	Hệ thống/Thế giới			【声骸挑战·翱翔·其七】	[Echo Challenge: Flight VII]	【音骸挑戦・ソアー・7】	[Thử Thách Echo - Bay Lượn - VII]
lang_multi_text.db	MapTravelFlyUnlock_Text1	3.4	Hội thoại/Cốt truyện	Hệ thống/Thế giới			可解锁新的【云海中的翱翔】挑战	Upgrade to unlock "Amidst the Sea of Clouds" challenge	新【雲海を漂う空旅】挑戦が解放可能	Có thể mở khóa thử thách [Bay Lượn Giữa Biển Mây] mới
lang_multi_text.db	MapTravelFlyUnlock_Text2	3.4	Hội thoại/Cốt truyện	Hệ thống/Thế giới			可解锁新的【云海中的翱翔】挑战	Upgrade to unlock "Amidst the Sea of Clouds" challenge	新【雲海を漂う空旅】挑戦が解放可能	Có thể mở khóa thử thách [Bay Lượn Giữa Biển Mây] mới
lang_multi_text.db	MapTravelFlyUnlock_Text3	3.4	Hội thoại/Cốt truyện	Hệ thống/Thế giới			可解锁新的【云海中的翱翔】挑战	Upgrade to unlock "Amidst the Sea of Clouds" challenge	新【雲海を漂う空旅】挑戦が解放可能	Có thể mở khóa thử thách [Bay Lượn Giữa Biển Mây] mới
lang_multi_text.db	MapTravelFlyUnlock_Text4	3.4	Hội thoại/Cốt truyện	Hệ thống/Thế giới			可解锁新的【云海中的翱翔】挑战	Upgrade to unlock "Amidst the Sea of Clouds" challenge	新【雲海を漂う空旅】挑戦が解放可能	Có thể mở khóa thử thách [Bay Lượn Giữa Biển Mây] mới
lang_multi_text.db	MapTravelFlyUnlock_Text5	3.4	Hội thoại/Cốt truyện	Hệ thống/Thế giới			可解锁新的【云海中的翱翔】挑战	Upgrade to unlock "Amidst the Sea of Clouds" challenge	新【雲海を漂う空旅】挑戦が解放可能	Có thể mở khóa thử thách [Bay Lượn Giữa Biển Mây] mới
lang_multi_text.db	MapTravelFlyUnlock_Text6	3.4	Hội thoại/Cốt truyện	Hệ thống/Thế giới			可解锁新的【云海中的翱翔】挑战	Upgrade to unlock "Amidst the Sea of Clouds" challenge	新【雲海を漂う空旅】挑戦が解放可能	Có thể mở khóa thử thách [Bay Lượn Giữa Biển Mây] mới
lang_multi_text.db	MapTravelFlyUnlock_Text7	3.4	Hội thoại/Cốt truyện	Hệ thống/Thế giới			可解锁新的【云海中的翱翔】挑战	Upgrade to unlock "Amidst the Sea of Clouds" challenge	新【雲海を漂う空旅】挑戦が解放可能	Có thể mở khóa thử thách [Bay Lượn Giữa Biển Mây] mới
lang_multi_text.db	MapTravelGetReward_Text	3.4	Hội thoại/Cốt truyện	Hệ thống/Thế giới			领取	Claim	受取	Nhận
lang_multi_text.db	MapTravelJump_Text	3.4	Hội thoại/Cốt truyện	Hệ thống/Thế giới			前往	Go	進む	Đi đến
lang_multi_text.db	MapTravelLevelCanUp_Text	3.4	Hội thoại/Cốt truyện	Hệ thống/Thế giới			可升级	Available for Upgrade	LvUP可	Có Thể Tăng Cấp
lang_multi_text.db	MapTravelLevelMaxYellow_Text	3.4	Hội thoại/Cốt truyện	Hệ thống/Thế giới			<color=#ece5d8>Max</color>	<color=#ece5d8>Max</color>	<color=#ece5d8>Max</color>	<color=#ece5d8>Max</color>
lang_multi_text.db	MapTravelLevelMax_Text	3.4	Hội thoại/Cốt truyện	Hệ thống/Thế giới			Max	Max	Max	Tối đa
lang_multi_text.db	MapTravelLevelOverUp_Text	3.4	Hội thoại/Cốt truyện	Hệ thống/Thế giới			请先提升至前置等级	Reach the required level to unlock	先にレベルを必要レベルまで上げてください	Vui lòng tăng cấp lên cấp độ yêu cầu trước
lang_multi_text.db	MapTravelLevelUp_Text	3.4	Hội thoại/Cốt truyện	Hệ thống/Thế giới			邮贴数量+{0}	Stamps +{0}	スタンプ数+{0}	Số Lượng Tem +{0}
lang_multi_text.db	MapTravelLv_Max	3.4	Hội thoại/Cốt truyện	Hệ thống/Thế giới			已达最大等级	Max level reached	最大レベル達成済	Đã Đạt Cấp Tối Đa
lang_multi_text.db	MapTravelLv_Text	3.4	Hội thoại/Cốt truyện	Hệ thống/Thế giới			Lv.{0}	Lv. {0}	Lv.{0}	Lv. {0}
lang_multi_text.db	MapTravelReward_Get	3.4	Hội thoại/Cốt truyện	Hệ thống/Thế giới			已领取	Claimed	受取済	Đã nhận
lang_multi_text.db	MapTravelTaskName_1	3.4	Hội thoại/Cốt truyện	Hệ thống/Thế giới			进入隐海修会	Enter the Order of the Deep	隠海教団の教会に入る	Tiến vào Tu Hội Ẩn Hải
lang_multi_text.db	MapTravelTaskName_10	3.4	Hội thoại/Cốt truyện	Hệ thống/Thế giới			完成纪闻任务-失落之影	Complete Side Quest "Quest of Faith"	逸話任務「ロストシャドー」をクリア	Hoàn thành Nhiệm Vụ Kỷ Văn - Bóng Hình Thất Lạc
lang_multi_text.db	MapTravelTaskName_11	3.4	Hội thoại/Cốt truyện	Hệ thống/Thế giới			完成两次巡礼之梦挑战	Complete Dream Patrol challenges twice	挑戦・巡礼の夢を2回クリア	Hoàn thành hai lần thử thách Giấc Mơ Tuần Lễ
lang_multi_text.db	MapTravelTaskName_12	3.4	Hội thoại/Cốt truyện	Hệ thống/Thế giới			前往愚人乐土并练习与珂莱塔共舞	Head to the Fool's Elysium and practice dancing with Carlotta	愚者の楽園に到着してカルロッタとダンスの練習をする	Đi đến Lạc Viên Kẻ Ngốc và luyện tập khiêu vũ cùng Carlotta
lang_multi_text.db	MapTravelTaskName_13	3.4	Hội thoại/Cốt truyện	Hệ thống/Thế giới			悲叹墓岛区域探索度达到40%	Reach 40% Exploration Progress in Penitent's End	ペニテントの吹き溜まりエリアの探索進捗が40%達成	Độ khám phá khu vực Đảo Mộ Than Thở đạt 40%
lang_multi_text.db	MapTravelTaskName_14	3.4	Hội thoại/Cốt truyện	Hệ thống/Thế giới			完成一次全息战略·刀伶之舞挑战	Complete Tactical Hologram: Vitreum Dancer once	ホロタクティクス・ヴィトルムダンサーの踊りを1回クリア	Hoàn thành một lần thử thách Chiến Lược Toàn Ánh - Vũ Điệu Kiếm Sĩ
lang_multi_text.db	MapTravelTaskName_15	3.4	Hội thoại/Cốt truyện	Hệ thống/Thế giới			完成三次三兄弟挑战	Complete the Three Fratellis' Challenge three times	三兄弟からのお願いを3回クリア	Hoàn thành ba lần thử thách Ba Anh Em
lang_multi_text.db	MapTravelTaskName_16	3.4	Hội thoại/Cốt truyện	Hệ thống/Thế giới			完成一次巡礼之梦挑战	Complete Dream Patrol challenges once	挑戦・巡礼の夢を1回クリア	Hoàn thành một lần thử thách Giấc Mơ Tuần Lễ
lang_multi_text.db	MapTravelTaskName_17	3.4	Hội thoại/Cốt truyện	Hệ thống/Thế giới			赞悼圣迹区域探索度达到40%	Reach 40% Exploration Progress in the Hallowed Reach	ハロウド・リーチエリアの探索進捗が40%達成	Độ khám phá khu vực Thánh Tích Ca Ngợi đạt 40%
lang_multi_text.db	MapTravelTaskName_18	3.4	Hội thoại/Cốt truyện	Hệ thống/Thế giới			体验高天讯使和翱翔飞行	Experience Wingray and Flight	高天の使いとソアーを使って空を飛ぶことを体験する	Trải nghiệm Phúc Lạc Sứ và Bay Lượn
lang_multi_text.db	MapTravelTaskName_19	3.4	Hội thoại/Cốt truyện	Hệ thống/Thế giới			完成纪闻任务-骑士末歌	Complete Side Quest "The Last Knight"	逸話任務「騎士たちの最後の唄」をクリア	Hoàn thành Nhiệm Vụ Kỷ Văn - Bài Ca Cuối Cùng Của Hiệp Sĩ
lang_multi_text.db	MapTravelTaskName_2	3.4	Hội thoại/Cốt truyện	Hệ thống/Thế giới			完成潮汐任务「那神圣微风时常吹入」	Complete Main Quest "The Sacred Breeze So Often Breathes"	潮汐任務「神聖なるそよ風は常に吹き込む」をクリア	Hoàn thành Nhiệm Vụ Minh Triều "Cơn Gió Linh Thiêng Kia Vẫn Thường Thổi Vào"
lang_multi_text.db	MapTravelTaskName_20	3.4	Hội thoại/Cốt truyện	Hệ thống/Thế giới			完成纪闻任务-最佳观众	Complete Side Quest "The Best Audience"	逸話任務「ベストオーディエンス」をクリア	Hoàn thành Nhiệm Vụ Kỷ Văn - Khán Giả Tuyệt Vời Nhất
lang_multi_text.db	MapTravelTaskName_21	3.4	Hội thoại/Cốt truyện	Hệ thống/Thế giới			拂风水畔区域探索度达到40%	Reach 40% Exploration Progress in Whisperwind Haven	そよ風のヘイヴンエリアの探索進捗が40%達成	Độ khám phá khu vực Bờ Nước Thổi Gió đạt 40%
lang_multi_text.db	MapTravelTaskName_22	3.4	Hội thoại/Cốt truyện	Hệ thống/Thế giới			体验一次贡多拉共乘	Experience Cruise Share once	ゴンドラの二人乗りを1回体験する	Trải nghiệm đi chung Thuyền Gondola một lần
lang_multi_text.db	MapTravelTaskName_23	3.4	Hội thoại/Cốt truyện	Hệ thống/Thế giới			完成一次三兄弟挑战	Complete the Three Fratellis' Challenge once	三兄弟からのお願いを1回クリア	Hoàn thành một lần thử thách Ba Anh Em
lang_multi_text.db	MapTravelTaskName_24	3.4	Hội thoại/Cốt truyện	Hệ thống/Thế giới			完成危行任务-氤柔云海之歌·骤雨之章	Complete Exploration Quest "Hymn of the Sea of Clouds: Storm"	危地任務「幽玄なる雲海の調べ・にわか雨の章」をクリア	Hoàn thành Nhiệm Vụ Nguy Hiểm - Khúc Hát Biển Mây Mờ Ảo・Chương Mưa Rào
lang_multi_text.db	MapTravelTaskName_25	3.4	Hội thoại/Cốt truyện	Hệ thống/Thế giới			氤柔水境区域探索度达到40%	Reach 40% Exploration Progress in Nimbus Sanctum	霞立つ水境エリアの探索進捗が40%達成	Độ khám phá khu vực Thủy Cảnh Mờ Ảo đạt 40%
lang_multi_text.db	MapTravelTaskName_26	3.4	Hội thoại/Cốt truyện	Hệ thống/Thế giới			消灭深囚者	Defeat the Lifer	囚われし者を倒す	Tiêu diệt Kẻ Tù Sâu Thẳm
lang_multi_text.db	MapTravelTaskName_27	3.4	Hội thoại/Cốt truyện	Hệ thống/Thế giới			完成危行任务-风归高天之所	Complete Exploration Quest "Where Wind Returns to Celestial Realms"	危地任務「空高く、風が帰る場所」をクリア	Hoàn thành Nhiệm Vụ Nguy Hiểm - Gió Về Chốn Cao Cả
lang_multi_text.db	MapTravelTaskName_28	3.4	Hội thoại/Cốt truyện	Hệ thống/Thế giới			在遗迹中还原破碎的彩窗	Restore the shattered stained glass in the ruins	遺跡で砕けたステンドグラスを復元する	Phục hồi cửa sổ kính màu vỡ nát trong tàn tích
lang_multi_text.db	MapTravelTaskName_29	3.4	Hội thoại/Cốt truyện	Hệ thống/Thế giới			通过嗟叹长阶	Pass the Wailing Ascent	嘆きの長橋を通過する	Vượt qua Bậc Thang Cảm Thán
lang_multi_text.db	MapTravelTaskName_3	3.4	Hội thoại/Cốt truyện	Hệ thống/Thế giới			见证狂欢节的谢幕	Witness the end of the Carnevale	カルネヴァーレの閉幕を見届ける	Chứng kiến sự kết thúc của Lễ Hội
lang_multi_text.db	MapTravelTaskName_30	3.4	Hội thoại/Cốt truyện	Hệ thống/Thế giới			槲生半岛区域探索度达到40%	Reach 40% Exploration Progress in Fagaceae Peninsula	ブナ半島エリアの探索進捗が40%達成	Độ khám phá khu vực Bán Đảo Fagaceae đạt 40%
lang_multi_text.db	MapTravelTaskName_31	3.4	Hội thoại/Cốt truyện	Hệ thống/Thế giới			完成危行任务-高塔的幽影·统驭冠塔	Complete Exploration Quest "Shadow of the Towers: Command Rise"	危地任務「タワーの幽霊・ドミニオンタワー」をクリア	Hoàn thành Nhiệm Vụ Nguy Hiểm - Bóng Ma Của Tháp Cao・Tháp Thống Trị
lang_multi_text.db	MapTravelTaskName_32	3.4	Hội thoại/Cốt truyện	Hệ thống/Thế giới			完成一次声骸挑战·幻觉	Complete Echo Challenge: Illusion once	音骸挑戦・幻境を1回クリア	Hoàn thành một lần Thử Thách Echo - Ảo Giác
lang_multi_text.db	MapTravelTaskName_33	3.4	Hội thoại/Cốt truyện	Hệ thống/Thế giới			完成纪闻任务-旧日的试炼	Complete Side Quest "Trials of Old"	逸話任務「在りし日の試練」をクリア	Hoàn thành Nhiệm Vụ Kỷ Văn - Thử Thách Ngày Cũ
lang_multi_text.db	MapTravelTaskName_34	3.4	Hội thoại/Cốt truyện	Hệ thống/Thế giới			狄萨莱海脊区域探索度达到40%	Reach 40% Exploration Progress in Thessaleo Fells	ディサレー海嶺エリアの探索進捗が40%達成	Độ khám phá khu vực Sống Núi Thessaleo đạt 40%
lang_multi_text.db	MapTravelTaskName_4	3.4	Hội thoại/Cốt truyện	Hệ thống/Thế giới			拉古那城区域探索度达到40%	Reach 40% Exploration Progress in Ragunna City	ラグーナ城エリアの探索進捗が40%達成	Độ khám phá khu vực Thành Phố Ragunna đạt 40%
lang_multi_text.db	MapTravelTaskName_5	3.4	Hội thoại/Cốt truyện	Hệ thống/Thế giới			完成一次藏宝地挑战	Complete the Treasure Spot challenge once	挑戦・秘宝の地を1回クリア	Hoàn thành một lần thử thách Vùng Đất Chứa Bảo Vật
lang_multi_text.db	MapTravelTaskName_6	3.4	Hội thoại/Cốt truyện	Hệ thống/Thế giới			进入埃弗拉德金库并战胜异构武装	Defeat Sentry Construct in Averardo Vault	アヴェラルド金庫に入ってゼノコロッサスを倒す	Vào Kho Bạc Averardo và đánh bại Vũ Trang Biến Dị
lang_multi_text.db	MapTravelTaskName_7	3.4	Hội thoại/Cốt truyện	Hệ thống/Thế giới			完成三次溢彩画挑战	Complete Overflowing Palette challenges three times	挑戦・彩魔絵を3回クリア	Hoàn thành ba lần thử thách Bức Tranh Tràn Đầy Sắc Màu
lang_multi_text.db	MapTravelTaskName_8	3.4	Hội thoại/Cốt truyện	Hệ thống/Thế giới			埃弗拉德金库区域探索度达到40%	Reach 40% Exploration Progress in Averardo Vault	アヴェラルド金庫エリアの探索進捗が40%達成	Độ khám phá khu vực Kho Bạc Averardo đạt 40%
lang_multi_text.db	MapTravelTaskName_9	3.4	Hội thoại/Cốt truyện	Hệ thống/Thế giới			完成一次音乐飞萤挑战	Complete the Musicfly challenge once	挑戦・音楽の蛍を1回クリア	Hoàn thành một lần thử thách Đom Đóm Âm Nhạc
lang_multi_text.db	MapTravelType0_Text	3.4	Hội thoại/Cốt truyện	Hệ thống/Thế giới			千岛路书	Tales of the Isles	島々の旅行手帳	Sách Du Lịch Quần Đảo
lang_multi_text.db	MapTravelType1_Text	3.4	Hội thoại/Cốt truyện	Hệ thống/Thế giới			千岛间的漫游	Isle Wanderings	千の島の旅を刻む紀行	Dạo Bước Giữa Quần Đảo
lang_multi_text.db	MapTravelType2_Text	3.4	Hội thoại/Cốt truyện	Hệ thống/Thế giới			水城上的奇遇	Adventures in the Water City	水の都の奇遇	Cuộc Chơi Kỳ Thú Tại Thành Phố Nước
lang_multi_text.db	MapTravelType3_Text	3.4	Hội thoại/Cốt truyện	Hệ thống/Thế giới			神使们的名册	The Envoys' Roll	神の使いたちの名簿	Danh Sách Sứ Giả Thần Linh
lang_multi_text.db	MapTravelType4_Text	3.4	Hội thoại/Cốt truyện	Hệ thống/Thế giới			云海中的翱翔	Amidst the Sea of Clouds	雲海を漂う空旅	Bay Lượn Giữa Biển Mây
lang_multi_text.db	Map_BuildObser_BuildAllowedTips	3.4	Hội thoại/Cốt truyện	Hệ thống/Thế giới			可启动当前阶段的工程	The current Phase can be kicked off now	現在段階のプロジェクトを起動可能	Có thể khởi động công trình ở giai đoạn hiện tại
lang_multi_text.db	Map_BuildObser_Progress	3.4	Hội thoại/Cốt truyện	Hệ thống/Thế giới			阶段进度	Phase Progress	段階進捗	Tiến độ giai đoạn
lang_multi_text.db	Map_BuildObser_State	3.4	Hội thoại/Cốt truyện	Hệ thống/Thế giới			当前阶段	Current Phase	現在段階	Giai đoạn hiện tại
lang_multi_text.db	Map_BuildRoad_BuildAllowedTips	3.4	Hội thoại/Cốt truyện	Hệ thống/Thế giới			可重建道路	The route can be rebuilt now	再建可能な道路	Có thể xây dựng lại đường sá
lang_multi_text.db	Map_BuildRoad_State	3.4	Hội thoại/Cốt truyện	Hệ thống/Thế giới			道路状态	Route Status	道路状態	Trạng thái đường sá
lang_multi_text.db	Map_BuildRoad_State_Building	3.4	Hội thoại/Cốt truyện	Hệ thống/Thế giới			待重建	Pending	再建待ち	Chờ xây dựng lại
lang_multi_text.db	Map_BuildRoad_State_BuildingComplete	3.4	Hội thoại/Cốt truyện	Hệ thống/Thế giới			已完成重建	Complete	再建完了	Đã hoàn thành xây dựng lại
lang_multi_text.db	OccupationConfig_2.4场地占用测试_Name	3.4	Hội thoại/Cốt truyện	Hệ thống/Thế giới			dnt/changdi2			dnt/changdi2
lang_multi_text.db	OccupationConfig_2.4无音区占用测试_Name	3.4	Hội thoại/Cốt truyện	Hệ thống/Thế giới			dnt/wuyinqu2			dnt/wuyinqu2
lang_multi_text.db	OccupationConfig_Aimisi_Name	3.4	Hội thoại/Cốt truyện	Hệ thống/Thế giới			爱弥斯	Aemeath	エイメス	Aemeath
lang_multi_text.db	OccupationConfig_ClosedSegment_Name	3.4	Hội thoại/Cốt truyện	Hệ thống/Thế giới			「漂泊者」	"Rover"	「漂泊者」	"Rover"
lang_multi_text.db	OccupationConfig_Delifa_Name	3.4	Hội thoại/Cốt truyện	Hệ thống/Thế giới			德莉珐	Dhalifa	ディリファ	Dhalifa
lang_multi_text.db	OccupationConfig_Empty_Name	3.4	Hội thoại/Cốt truyện	Hệ thống/Thế giới			椿	Camellya	ツバキ	Camellya
lang_multi_text.db	OccupationConfig_Feixue_Name	3.4	Hội thoại/Cốt truyện	Hệ thống/Thế giới			绯雪	Hiyuki	緋雪	Hiyuki
lang_multi_text.db	OccupationConfig_Linnai_Name	3.4	Hội thoại/Cốt truyện	Hệ thống/Thế giới			琳奈	Lynae	リンネー	Lynae
lang_multi_text.db	OccupationConfig_Luhesi_Name	3.4	Hội thoại/Cốt truyện	Hệ thống/Thế giới			陆·赫斯	Luuk Herssen	リューク・ヘルセン	Luuk Herssen
lang_multi_text.db	OccupationConfig_Luosela_Name	3.4	Hội thoại/Cốt truyện	Hệ thống/Thế giới			洛瑟菈	Lucilla	ルシラー	Lucilla
lang_multi_text.db	OccupationConfig_Mone_Name	3.4	Hội thoại/Cốt truyện	Hệ thống/Thế giới			莫宁	Mornye	モーニエ	Mornye
lang_multi_text.db	OccupationConfig_SIGMA_Name	3.4	Hội thoại/Cốt truyện	Hệ thống/Thế giới			西格玛	S.I.G.M.A.	S.I.G.M.A.	Sigma
lang_multi_text.db	OccupationConfig_TaoyuanxiangVillage_Name	3.4	Hội thoại/Cốt truyện	Hệ thống/Thế giới			中曲台地-桃源乡	Central Plains-Taoyuan Vale	中部台地-桃源郷	Đài Địa Trung Khúc-Đào Nguyên Hương
lang_multi_text.db	OccupationConfig_anke_Name	3.4	Hội thoại/Cốt truyện	Hệ thống/Thế giới			安可	Encore	アンコ	Encore
lang_multi_text.db	OccupationConfig_ashui_Name	3.4	Hội thoại/Cốt truyện	Hệ thống/Thế giới			阿水	Shui	阿水	A Thủy
lang_multi_text.db	OccupationConfig_bailian_Name	3.4	Hội thoại/Cốt truyện	Hệ thống/Thế giới			白莲	Baizhi	白芷（ビャクシ）	Baizhi
lang_multi_text.db	OccupationConfig_bulante_Name	3.4	Hội thoại/Cốt truyện	Hệ thống/Thế giới			布兰特	Brant	ブラント	Brant
lang_multi_text.db	OccupationConfig_buling_Name	3.4	Hội thoại/Cốt truyện	Hệ thống/Thế giới			卜灵	Buling	卜霊	Bốc Linh
lang_multi_text.db	OccupationConfig_changli_Name	3.4	Hội thoại/Cốt truyện	Hệ thống/Thế giới			长离	Changli	長離（チョウリ）	Changli
lang_multi_text.db	OccupationConfig_chenpi_Name	3.4	Hội thoại/Cốt truyện	Hệ thống/Thế giới			陈皮	Chenpi	陳皮（チンピ）	Trần Bì
lang_multi_text.db	OccupationConfig_chixia_Name	3.4	Hội thoại/Cốt truyện	Hệ thống/Thế giới			炽霞	Chixia	熾霞（シカ）	Chixia
lang_multi_text.db	OccupationConfig_danjin_Name	3.4	Hội thoại/Cốt truyện	Hệ thống/Thế giới			丹瑾	Danjin	丹瑾（タンキン）	Danjin
lang_multi_text.db	OccupationConfig_doudou_Name	3.4	Hội thoại/Cốt truyện	Hệ thống/Thế giới			豆豆	Doudou	豆々	Đậu Đậu
lang_multi_text.db	OccupationConfig_feifei_Name	3.4	Hội thoại/Cốt truyện	Hệ thống/Thế giới			菲菲	Feifei	フェイフェイ	Phi Phi
lang_multi_text.db	OccupationConfig_fuliwusi_Name	3.4	Hội thoại/Cốt truyện	Hệ thống/Thế giới			富里乌斯	Furius	フリウス	Furius
lang_multi_text.db	OccupationConfig_fuyan_Name	3.4	Hội thoại/Cốt truyện	Hệ thống/Thế giới			扶岩	Fuyan	扶岩（フガン）	Phù Nham
lang_multi_text.db	OccupationConfig_ganxue_Name	3.4	Hội thoại/Cốt truyện	Hệ thống/Thế giới			甘雪	Ganxue	甘雪（カンセツ）	Cam Tuyết
lang_multi_text.db	OccupationConfig_guanghui_Name	3.4	Hội thoại/Cốt truyện	Hệ thống/Thế giới			广荟	Guanghui	コウワイ	Quảng Oái
lang_multi_text.db	OccupationConfig_guhong_Name	3.4	Hội thoại/Cốt truyện	Hệ thống/Thế giới			孤鸿	Guhong	孤鴻（ココウ）	Cô Hồng
lang_multi_text.db	OccupationConfig_gupan_Name	3.4	Hội thoại/Cốt truyện	Hệ thống/Thế giới			顾盼	Gupan	顧盼（コハン）	Cố Phán
lang_multi_text.db	OccupationConfig_huaijin_Name	3.4	Hội thoại/Cốt truyện	Hệ thống/Thế giới			怀瑾	Huaijin	懐瑾（カイキン）	Hoài Cẩn
lang_multi_text.db	OccupationConfig_jiabeilina_Name	3.4	Hội thoại/Cốt truyện	Hệ thống/Thế giới			嘉贝莉娜	Galbrena	ガルブレーナ	Galbrena
lang_multi_text.db	OccupationConfig_jifeng_Name	3.4	Hội thoại/Cốt truyện	Hệ thống/Thế giới			季风	Jifeng	季風（キフウ）	Quý Phong
lang_multi_text.db	OccupationConfig_jinxi_Name	3.4	Hội thoại/Cốt truyện	Hệ thống/Thế giới			今汐	Jinhsi	今汐（コンシ）	Jinhsi
lang_multi_text.db	OccupationConfig_jiyan_Name	3.4	Hội thoại/Cốt truyện	Hệ thống/Thế giới			忌炎	Jiyan	忌炎（キエン）	Jiyan
lang_multi_text.db	OccupationConfig_juepopo_Name	3.4	Hội thoại/Cốt truyện	Hệ thống/Thế giới			珏婆婆	Grandma Jue	珏ばあ	Bà Jue
lang_multi_text.db	OccupationConfig_jueyuan_Name	3.4	Hội thoại/Cốt truyện	Hệ thống/Thế giới			绝园	Verina	絶園（ゼツエン）	Verina
lang_multi_text.db	OccupationConfig_kakaluo_Name	3.4	Hội thoại/Cốt truyện	Hệ thống/Thế giới			卡卡罗	Calcharo	カカロ	Calcharo
lang_multi_text.db	OccupationConfig_kamola_Name	3.4	Hội thoại/Cốt truyện	Hệ thống/Thế giới			珂莱塔	Carlotta	カルロッタ	Carlotta
lang_multi_text.db	OccupationConfig_kanteleila_Name	3.4	Hội thoại/Cốt truyện	Hệ thống/Thế giới			坎特蕾拉	Cantarella	カンタレラ	Cantarella
lang_multi_text.db	OccupationConfig_keximo_Name	3.4	Hội thoại/Cốt truyện	Hệ thống/Thế giới			科西莫	Cosimo	コジモ	Cosimo
lang_multi_text.db	OccupationConfig_langsheng_Name	3.4	Hội thoại/Cốt truyện	Hệ thống/Thế giới			琅生	Langsheng	琅生（ロウセイ）	Lang Sinh
lang_multi_text.db	OccupationConfig_lingyang_Name	3.4	Hội thoại/Cốt truyện	Hệ thống/Thế giới			凌阳	Lingyang	凌陽（リンヨウ）	Lingyang
lang_multi_text.db	OccupationConfig_linsu_Name	3.4	Hội thoại/Cốt truyện	Hệ thống/Thế giới			林素	Lin Su	林素（リンソ）	Lâm Tố
lang_multi_text.db	OccupationConfig_lizhu_Name	3.4	Hội thoại/Cốt truyện	Hệ thống/Thế giới			骊珠	Lizhu	リシュ	Ly Châu
lang_multi_text.db	OccupationConfig_luokeke_Name	3.4	Hội thoại/Cốt truyện	Hệ thống/Thế giới			洛可可	Roccia	ロココ	Roccia
lang_multi_text.db	OccupationConfig_lupa_Name	3.4	Hội thoại/Cốt truyện	Hệ thống/Thế giới			露帕	Lupa	ルパ	Lupa
lang_multi_text.db	OccupationConfig_lvguan_Name	3.4	Hội thoại/Cốt truyện	Hệ thống/Thế giới			旅馆	Hotel	ホテル	Nhà Trọ
lang_multi_text.db	OccupationConfig_mahe_Name	3.4	Hội thoại/Cốt truyện	Hệ thống/Thế giới			马和	Mahe	馬和（マーフー）	Mã Hòa
lang_multi_text.db	OccupationConfig_mingming_Name	3.4	Hội thoại/Cốt truyện	Hệ thống/Thế giới			铭铭	Mingming	銘々（メイメイ）	Minh Minh
lang_multi_text.db	OccupationConfig_motefei_Name	3.4	Hội thoại/Cốt truyện	Hệ thống/Thế giới			莫特斐	Mortefi	モルトフィー	Mortefi
lang_multi_text.db	OccupationConfig_npc_test2_Name	3.4	Hội thoại/Cốt truyện	Hệ thống/Thế giới			NPC测试2	NPC Test 2	NPCテスト2	NPC Thử Nghiệm 2
lang_multi_text.db	OccupationConfig_npc_test_Name	3.4	Hội thoại/Cốt truyện	Hệ thống/Thế giới			NPC测试	NPC Test	NPCテスト	NPC Thử Nghiệm
lang_multi_text.db	OccupationConfig_panhua_Name	3.4	Hội thoại/Cốt truyện	Hệ thống/Thế giới			攀花	Panhua	攀花（パンファ）	Phàn Hoa
lang_multi_text.db	OccupationConfig_pinwen_Name	3.4	Hội thoại/Cốt truyện	Hệ thống/Thế giới			品雯	Pinwen	品雯（ヒンブン）	Phẩm Văn
lang_multi_text.db	OccupationConfig_qinggong_Name	3.4	Hội thoại/Cốt truyện	Hệ thống/Thế giới			test/青恭			test/Thanh Cung
lang_multi_text.db	OccupationConfig_qingru_Name	3.4	Hội thoại/Cốt truyện	Hệ thống/Thế giới			擎如	Qingru	擎如（ケイジョ）	Kình Như
lang_multi_text.db	OccupationConfig_qiushui_Name	3.4	Hội thoại/Cốt truyện	Hệ thống/Thế giới			秋水	Aalto	アールト	<ano=fluids>Aalto</ano>
lang_multi_text.db	OccupationConfig_qiuyuan_Name	3.4	Hội thoại/Cốt truyện	Hệ thống/Thế giới			仇远	Qiuyuan	仇遠（キュウエン）	Qiuyuan
lang_multi_text.db	OccupationConfig_sanhua_Name	3.4	Hội thoại/Cốt truyện	Hệ thống/Thế giới			散华	Sanhua	散華（サンカ）	Sanhua
lang_multi_text.db	OccupationConfig_screenOccupation_Name	3.4	Hội thoại/Cốt truyện	Hệ thống/Thế giới			屏幕占用	Screen is unavailable	画面使用中	Chiếm dụng màn hình
lang_multi_text.db	OccupationConfig_shilang_Name	3.4	Hội thoại/Cốt truyện	Hệ thống/Thế giới			石琅	Shilang	石琅（セキロウ）	Thạch Lang
lang_multi_text.db	OccupationConfig_shouanren_Name	3.4	Hội thoại/Cốt truyện	Hệ thống/Thế giới			守岸人	Shorekeeper	ショアキーパー	Shorekeeper
lang_multi_text.db	OccupationConfig_shuncai_Name	3.4	Hội thoại/Cốt truyện	Hệ thống/Thế giới			顺才	Shuncai	順才（シュンサイ）	Thuận Tài
lang_multi_text.db	OccupationConfig_shuoshuren_Name	3.4	Hội thoại/Cốt truyện	Hệ thống/Thế giới			说书人	Storyteller	講談師	Người Kể Chuyện
lang_multi_text.db	OccupationConfig_sixi_Name	3.4	Hội thoại/Cốt truyện	Hệ thống/Thế giới			四喜	Sixi	四喜（シキ）	Tứ Hỷ
lang_multi_text.db	OccupationConfig_taoqi_Name	3.4	Hội thoại/Cốt truyện	Hệ thống/Thế giới			桃祈	Taoqi	桃祈（タオキ）	Taoqi
lang_multi_text.db	OccupationConfig_timeOccupation_Name	3.4	Hội thoại/Cốt truyện	Hệ thống/Thế giới			时间占用	Time adjustment is unavailable	時間占用中	Chiếm dụng thời gian
lang_multi_text.db	OccupationConfig_wyq_npc_test_Name	3.4	Hội thoại/Cốt truyện	Hệ thống/Thế giới			无音区（含NPC）测试	Tacet Field (NPC) Test		Kiểm Tra Vùng Vô Thanh (Có NPC)
lang_multi_text.db	OccupationConfig_wyq_test2_Name	3.4	Hội thoại/Cốt truyện	Hệ thống/Thế giới			无音区测试2	Tacet Field Test 2	無音区テスト2	Vùng Vô Thanh Thử Nghiệm 2
lang_multi_text.db	OccupationConfig_wyq_test_Name	3.4	Hội thoại/Cốt truyện	Hệ thống/Thế giới			无音区测试	Tacet Field Test	無音区テスト	Vùng Vô Thanh Thử Nghiệm
lang_multi_text.db	OccupationConfig_xiakong_Name	3.4	Hội thoại/Cốt truyện	Hệ thống/Thế giới			夏空	Ciaccona	シャコンヌ	Ciaccona
lang_multi_text.db	OccupationConfig_xiangliyao_Name	3.4	Hội thoại/Cốt truyện	Hệ thống/Thế giới			相里要	Xiangli Yao	相里要（ソウリヨウ）	Xiangli Yao
lang_multi_text.db	OccupationConfig_xiaojiu_Name	3.4	Hội thoại/Cốt truyện	Hệ thống/Thế giới			小九	Jiu	九ちゃん	Tiểu Cửu
lang_multi_text.db	OccupationConfig_xieyang_Name	3.4	Hội thoại/Cốt truyện	Hệ thống/Thế giới			斜阳	Xieyang	斜陽（シャヨウ）	Tà Dương
lang_multi_text.db	OccupationConfig_xinyi_Name	3.4	Hội thoại/Cốt truyện	Hệ thống/Thế giới			辛夷	Xinyi	辛夷（シンイ）	Tân Di
lang_multi_text.db	OccupationConfig_xuxu_Name	3.4	Hội thoại/Cốt truyện	Hệ thống/Thế giới			栩栩	Xuxu	栩栩（クク）	Hủ Hủ
lang_multi_text.db	OccupationConfig_yangyang_Name	3.4	Hội thoại/Cốt truyện	Hệ thống/Thế giới			秧秧	Yangyang	秧秧（ヤンヤン）	Yangyang
lang_multi_text.db	OccupationConfig_yanyan_Name	3.4	Hội thoại/Cốt truyện	Hệ thống/Thế giới			严彦	Yhan	厳彦（ゴンゲン）	Yanyan
lang_multi_text.db	OccupationConfig_yihu_Name	3.4	Hội thoại/Cốt truyện	Hệ thống/Thế giới			一壶	Yihu	一壺（イッコ）	Nhất Hồ
lang_multi_text.db	OccupationConfig_yinlin_Name	3.4	Hội thoại/Cốt truyện	Hệ thống/Thế giới			吟霖	Yinlin	吟霖（インリン）	Yinlin
lang_multi_text.db	OccupationConfig_yixin_Name	3.4	Hội thoại/Cốt truyện	Hệ thống/Thế giới			一心	Yixin	一心（イッシン）	Nhất Tâm
lang_multi_text.db	OccupationConfig_youhu_Name	3.4	Hội thoại/Cốt truyện	Hệ thống/Thế giới			釉瑚	Youhu	釉瑚（ユウゴ）	Youhu
lang_multi_text.db	OccupationConfig_yuanwu_Name	3.4	Hội thoại/Cốt truyện	Hệ thống/Thế giới			渊武	Yuanwu	淵武（エンブ）	Yuanwu
lang_multi_text.db	OccupationConfig_yunbo_Name	3.4	Hội thoại/Cốt truyện	Hệ thống/Thế giới			云伯	Uncle Yun	雲じい	Bác Vân
lang_multi_text.db	OccupationConfig_yuzan_Name	3.4	Hội thoại/Cốt truyện	Hệ thống/Thế giới			玉簪	Yuzan	玉簪（ギョクシン）	Ngọc Trâm
lang_multi_text.db	OccupationConfig_zanni_Name	3.4	Hội thoại/Cốt truyện	Hệ thống/Thế giới			赞妮	Zani	ザンニー	Zani
lang_multi_text.db	OccupationConfig_zhezhi_Name	3.4	Hội thoại/Cốt truyện	Hệ thống/Thế giới			折枝	Zhezhi	折枝（オリエ）	Zhezhi
lang_multi_text.db	OccupationConfig_zhuyi_Name	3.4	Hội thoại/Cốt truyện	Hệ thống/Thế giới			朱毅	Zhuyi	朱毅（シュキ）	Chu Nghị
lang_multi_text.db	OccupationConfig_主线无冠者无音区占用_Name	3.4	Hội thoại/Cốt truyện	Hệ thống/Thế giới			主线无冠者无音区占用	Main Quest Crownless Tacet Field is unavailable	メインストーリー無冠者無音占用中	Chiếm dụng Vùng Vô Âm Vô Quán Giả cốt truyện chính
lang_multi_text.db	OccupationConfig_乌龟无音区占用_Name	3.4	Hội thoại/Cốt truyện	Hệ thống/Thế giới			乌龟无音区占用	Bell-Borne Geochelone Tacet Field is unavailable	亀無音区占用中	Chiếm dụng Vùng Vô Âm Rùa
lang_multi_text.db	OccupationConfig_克里斯托弗_Name	3.4	Hội thoại/Cốt truyện	Hệ thống/Thế giới			克里斯托弗	Cristoforo	クリストフォロ	Cristoforo
lang_multi_text.db	OccupationConfig_卡提希娅_Name	3.4	Hội thoại/Cốt truyện	Hệ thống/Thế giới			卡提希娅	Cartethyia	カルテジア	Cartethyia
lang_multi_text.db	OccupationConfig_地下鳞人刷新_Name	3.4	Hội thoại/Cốt truyện	Hệ thống/Thế giới			地下鳞人刷新	Underground Mephis Refresh	地下ウロコ更新	Làm mới Lân Nhân dưới lòng đất
lang_multi_text.db	OccupationConfig_夜后庭院-占用_Name	3.4	Hội thoại/Cốt truyện	Hệ thống/Thế giới			夜后庭院-占用	Target location is unavailable	ノクターン・ガーデン	Đình Viện Dạ Hậu-Chiếm Dụng
lang_multi_text.db	OccupationConfig_奈亚拉_Name	3.4	Hội thoại/Cốt truyện	Hệ thống/Thế giới			奈亚拉	Nyarla	ナイアーラ	Nyarla
lang_multi_text.db	OccupationConfig_平原骨龙-占用_Name	3.4	Hội thoại/Cốt truyện	Hệ thống/Thế giới			平原骨龙-占用	Target location is unavailable	嘆きのドレイク	Rồng Xương Đồng Bằng-Chiếm Dụng
lang_multi_text.db	OccupationConfig_弗洛洛_Name	3.4	Hội thoại/Cốt truyện	Hệ thống/Thế giới			弗洛洛	Phrolova	フローヴァ	Phrolova
lang_multi_text.db	OccupationConfig_捕鱼船_Name	3.4	Hội thoại/Cốt truyện	Hệ thống/Thế giới			「拉结号」	"Rachel"	「ラケル号」	Tàu Rachel
lang_multi_text.db	OccupationConfig_教室2_Name	3.4	Hội thoại/Cốt truyện	Hệ thống/Thế giới			电影放映教室	Screening Room	映画同好会の部室	Phòng Chiếu Phim
lang_multi_text.db	OccupationConfig_教室_Name	3.4	Hội thoại/Cốt truyện	Hệ thống/Thế giới			教室	Lecture Hall	教室	Phòng Học
lang_multi_text.db	OccupationConfig_斐林_Name	3.4	Hội thoại/Cốt truyện	Hệ thống/Thế giới			斐林	Fulmine	フルミーネ	Fulmine
lang_multi_text.db	OccupationConfig_柯布科波_Name	3.4	Hội thoại/Cốt truyện	Hệ thống/Thế giới			柯布·科波	Cobb Copo	コブ・コーポ	Cobb Copo
lang_multi_text.db	OccupationConfig_沃艾珥领主占用_Name	3.4	Hội thoại/Cốt truyện	Hệ thống/Thế giới			沃艾珥领主占用	Lord Wo'air is unavailable	ヴォエル領主占用中	Chiếm dụng Lãnh Chúa Wo'air
lang_multi_text.db	OccupationConfig_法罗_Name	3.4	Hội thoại/Cốt truyện	Hệ thống/Thế giới			法罗	Faro	ファーロ	Faro
lang_multi_text.db	OccupationConfig_测试场地占用3_Name	3.4	Hội thoại/Cốt truyện	Hệ thống/Thế giới			测试场地占用3	Test Placeholder 3		Chiếm Dụng Địa Điểm Thử Nghiệm 3
lang_multi_text.db	OccupationConfig_测试场地占用_Name	3.4	Hội thoại/Cốt truyện	Hệ thống/Thế giới			测试场地占用	Test Placeholder		Chiếm Dụng Địa Điểm Thử Nghiệm
lang_multi_text.db	OccupationConfig_漂泊者_Name	3.4	Hội thoại/Cốt truyện	Hệ thống/Thế giới			漂泊者	Rover	漂泊者	Rover
lang_multi_text.db	OccupationConfig_燎照之骑无音区占用_Name	3.4	Hội thoại/Cốt truyện	Hệ thống/Thế giới			燎照之骑无音区占用	Inferno Rider Tacet Field is unavailable	燎原の炎騎の無音区占用中	Chiếm dụng Vùng Vô Âm Inferno Rider
lang_multi_text.db	OccupationConfig_玛格烈特_Name	3.4	Hội thoại/Cốt truyện	Hệ thống/Thế giới			玛格烈特	Margherita	マルゲリータ	Margherita
lang_multi_text.db	OccupationConfig_生态舱洞穴_Name	3.4	Hội thoại/Cốt truyện	Hệ thống/Thế giới			元林再生舱	Upphaf Life Chamber	始元林の再生チャンバー	Khoang Tái Sinh Rừng Nguyên Sinh
lang_multi_text.db	OccupationConfig_祈池村无音区_Name	3.4	Hội thoại/Cốt truyện	Hệ thống/Thế giới			祈池村无音区	Qichi Village Tacet Field	祈池村無音区	Vùng Vô Thanh Thôn Kỳ Trì
lang_multi_text.db	OccupationConfig_维托里奥_Name	3.4	Hội thoại/Cốt truyện	Hệ thống/Thế giới			维托里奥	Wicktorio	ヴィットリオ	Wicktorio
lang_multi_text.db	OccupationConfig_罗斯玛丽_Name	3.4	Hội thoại/Cốt truyện	Hệ thống/Thế giới			罗斯玛丽	Rosemary	ローズマリー	Rosemary
lang_multi_text.db	OccupationConfig_芬莱克_Name	3.4	Hội thoại/Cốt truyện	Hệ thống/Thế giới			芬莱克	Fenrico	フェンリコ	Fenrico
lang_multi_text.db	OccupationConfig_菲比_Name	3.4	Hội thoại/Cốt truyện	Hệ thống/Thế giới			菲比	Phoebe	フィービー	Phoebe
lang_multi_text.db	OccupationConfig_蒂娜_Name	3.4	Hội thoại/Cốt truyện	Hệ thống/Thế giới			蒂娜	Tina	ティナ	Tina
lang_multi_text.db	OccupationConfig_辉莹军势占用_Name	3.4	Hội thoại/Cốt truyện	Hệ thống/Thế giới			辉莹军势占用	Lampylumen Myriad Tacet Field is unavailable	輝き蛍の軍勢占用中	Chiếm dụng Lampylumen Myriad
lang_multi_text.db	OccupationConfig_金库守卫-上层-占用_Name	3.4	Hội thoại/Cốt truyện	Hệ thống/Thế giới			金库守卫-上层-占用	Vault Guards - TBC DO NOT USE	金庫の守衛	Vệ Binh Kho Bạc-Tầng Trên-Chiếm Dụng
lang_multi_text.db	OccupationConfig_阿尔塞尼_Name	3.4	Hội thoại/Cốt truyện	Hệ thống/Thế giới			test/阿尔塞尼	Arsenio	アルセニー	test/Arsenio
lang_multi_text.db	OccupationConfig_鳞人无音区占用_Name	3.4	Hội thoại/Cốt truyện	Hệ thống/Thế giới			鳞人无音区占用	Mephis Tacet Field is unavailable	ウロコ人無音区占有	Chiếm dụng Vùng Vô Âm Lân Nhân
lang_multi_text.db	ReportPlayerInfo_1_Reason	3.4	Hội thoại/Cốt truyện	Hệ thống/Thế giới			广告诈骗	Ads & Fraud	広告・詐欺・スパム	Quảng cáo lừa đảo
lang_multi_text.db	ReportPlayerInfo_2_Reason	3.4	Hội thoại/Cốt truyện	Hệ thống/Thế giới			色情暴力	Porn & Violence	性的・暴力的コンテンツ	Sắc tình bạo lực
lang_multi_text.db	ReportPlayerInfo_3_Reason	3.4	Hội thoại/Cốt truyện	Hệ thống/Thế giới			游戏作弊	Cheating	チート・不正行為	Gian lận game
lang_multi_text.db	ReportPlayerInfo_4_Reason	3.4	Hội thoại/Cốt truyện	Hệ thống/Thế giới			反动涉政	Politics	政治関連	Liên quan đến chính trị phản động
lang_multi_text.db	ReportPlayerInfo_5_Reason	3.4	Hội thoại/Cốt truyện	Hệ thống/Thế giới			其他违规	Other	その他	Vi phạm khác
lang_multi_text.db	ReportPlayerInfo_6_Reason	3.4	Hội thoại/Cốt truyện	Hệ thống/Thế giới			网络暴力	Cyberviolence	ネットいじめ	Bạo lực mạng
lang_multi_text.db	ReportReasonNotSelectText	3.4	Hội thoại/Cốt truyện	Hệ thống/Thế giới			请选择举报类型	Choose a reason to report	報告する項目を選択	Vui lòng chọn loại tố cáo
lang_time_of_day.db	1	3.4	Hệ thống/Thế giới	Hệ thống/Thế giới			默认	Default	デフォルト	Mặc định
lang_time_of_day.db	2	3.4	Hệ thống/Thế giới	Hệ thống/Thế giới			次日	Next Day	次の日	Hôm sau
lang_time_of_day.db	3	3.4	Hệ thống/Thế giới	Hệ thống/Thế giới			2天后	2 Days Later	2日後	2 ngày sau
lang_time_of_day.db	4	3.4	Hệ thống/Thế giới	Hệ thống/Thế giới			3天后	3 Days Later	3日後	3 ngày sau
lang_multi_text.db	AreaReportContent_Text100	3.5	Hội thoại/Cốt truyện	Hệ thống/Thế giới			「卷鳞甲」\n听，一阵低沉的呼啸，伴随摩擦声从远处袭来。那颗披挂着坚硬鳞片的球体，正在陡峭的山崖间跳动、穿梭。\n这，就是卷鳞甲，这片山野中最为奇特的生灵之一。\n每当晨雾散去，卷鳞甲便会被一种古老而强烈的本能所驱使——收集。\n它那厚重的鳞片内侧，隐藏着极其敏锐的神经。在翻滚和爬行的途中，这些隐秘的感官精准地捕捉着周遭矿石的大小、地面上果物、枝条的方位。一旦锁定目标，强韧的肌肉便会牵引鳞片，将这些大自然的馈赠牢牢夹住。不知疲倦的卷鳞甲在夜晚降临前，都会像要卷走整片山野似的，四处滚动。\n然而，在严酷的大自然中，贪婪，往往意味着沉重的代价。\n随着鳞片间的“战利品”越积越多，卷鳞甲再也无法保持紧凑而轻盈的球体形态。为了承受这份重量，它不得不展开四肢。此刻，这位曾经风驰电掣的崖壁行者，只能像一只年迈的陆龟，在泥泞中步履维艰。每迈出一步，都需要费上好大力气，走走停停，喘息连连。\n可山野总是危机四伏，捕食者可能就潜伏在看不见的角落，一旦察觉到威胁，它会立刻蜷缩成团。伴随着一阵清脆的碰撞声，它那因受惊而骤然紧闭的鳞片，再也留不住缝隙中的珍宝。辛勤劳作了一天的成果，就此散落一地。\n通常，卷鳞甲会保持蜷缩状态十分钟左右，接着开始缓慢滚动，直到确认周围没有威胁后，才会放松身体。歇息片刻后，便又团缩成球，开始收集散落四周的“战利品”。\n如此这时已经日落西山，它们就会回到那用六合瑛、玟华璧和树木枝条搭成的安全小窝中，只有在那里，卷帘甲才会翻过肚皮，以最舒服的姿势，度过夜晚。	Twistscales\n\nListen. A low whistle accompanied by the sound of friction approaches from afar. That sphere, draped in hardened scales, bounds and weaves between steep cliff faces.\nThis is the Twistscales, one of the most peculiar creatures inhabiting these wilds.\nEach time the morning mist disperses, the Twistscales is driven by an ancient and powerful instinct—to collect.\nWithin the interior of its heavy scales lies an extraordinarily keen nervous system. In its rolling and crawling, these hidden senses precisely capture the size of surrounding minerals, the position of fruits and branches upon the ground. Once it locks onto a target, powerful musculature draws the scales together, gripping these gifts of nature firmly in place. The tireless Twistscales rolls about restlessly until nightfall, as if intent on curling away the entire mountainside.\nYet in the harsh wilderness, greed often exacts a heavy price.\nAs the "spoils" wedged between its scales accumulate, the Twistscales can no longer maintain its compact, nimble spherical form. To bear this weight, it must unfurl its limbs. At this moment, the once swift cliff-runner can only trudge like an aged tortoise through the mud, each step laborious and unsteady, stopping frequently, breathing heavily.\nBut the wilds are fraught with danger. Predators may lurk in unseen corners, and once a threat is perceived, it curls into a ball at once. With a sharp clattering of collision, its scales snap shut in fright, and the treasures nestled between the seams slip free. The fruits of a day's labor scatter across the ground.\nTypically, the Twistscales remains curled for about ten minutes, then begins to roll slowly until it confirms no threat lingers nearby, only then relaxing its body. After resting a moment, it coils into a ball once more and begins collecting the "spoils" scattered about.\nShould this occur as the sun descends into the western sky, they return to the safe burrow constructed from liuheyinghua stone, wenhuabi jade, and tree branches. Only there does the Twistscales flip onto its belly and spend the night in its most comfortable posture.	「鱗巻き甲」\n耳を澄ませてみよう。低く唸るような風切り音が、こすれるような響きを伴って、遠くから迫ってくる。硬い鱗を鎧のようにまとった球体が、険しい崖のあいだを跳ね、縫うように駆け抜けているのだ。\nこれこそが、この山野でもひときわ風変わりな生き物──鱗巻き甲である。\n朝霧が晴れる頃になると、鱗巻き甲は、古くから受け継がれてきた強烈な収集本能に駆られ始める。\n厚い鱗の内側には、きわめて敏感な神経が隠されている。転がり、這い進むそのあいだも、鋭敏な感覚は周囲の鉱石の大きさや、地面に落ちた果実、枝の位置を正確に捉える。ひとたび目標を定めると、強靭な筋肉で鱗を動かし、山野の恵みをしっかりと隙間に挟み込む。疲れを知らぬ鱗巻き甲は、夜が訪れるまで転がり続ける。まるで、山野を丸ごと集め尽くそうとでもするかのように。\nしかし、過酷な大自然の中では、貪欲さが重い代償を呼ぶことも少なくない。\n鱗の隙間に挟んだ「戦利品」が増えるほど、鱗巻き甲は小さく軽やかな球体の姿を保てなくなる。その重みに耐えるため、やがて四肢を広げざるを得なくなるのだ。その時、かつて疾風のごとく崖壁を駆けていたこの生き物は、老いた陸亀のように泥濘に足を取られ、歩くことしかできなくなる。一歩進むにも力を要し、歩いては止まり、何度も息をつく。\nだが、山野はいつだって危険に満ちている。見えない物陰に、捕食者が潜んでいるかもしれない。脅威を察知すると、鱗巻き甲は即座に体を丸める。澄んだ音とともに、驚いて一気に閉じられた鱗は、隙間に挟んでいた宝物をもはや留めておけない。一日かけて集めた成果は、こうしてあたり一面に散らばってしまうのである。\n通常、鱗巻き甲はそこで十分ほど丸まったまま動かない。その後、ゆっくりと転がり出し、周囲に脅威がないことを確かめてから、ようやく丸めていた体を解く。しばらく休むと、再び体を丸める。そして、周囲に散らばった「戦利品」を集め始めるのである。\nこうして日が沈む頃、鱗巻き甲たちは六合瑛、玟華璧、そして木の枝で組み上げた、安全な小さな巣へと帰っていく。そこにいる時だけ、鱗巻き甲は腹を上に向け、最も心地よい姿勢で夜を過ごすことができるのである。	「Quyển Lân Giáp」\nNghe kìa, một tràng rít trầm đục, kèm theo tiếng ma sát từ xa ập đến. Khối cầu khoác lớp vảy cứng ấy, đang nhảy nhót, luồn lách giữa những vách núi dựng đứng.\nĐây, chính là Quyển Lân Giáp, một trong những sinh linh kỳ lạ nhất chốn núi rừng này.\nMỗi khi sương sớm tan đi, Quyển Lân Giáp lại bị một bản năng cổ xưa và mãnh liệt thôi thúc — thu thập.\nMặt trong lớp vảy dày nặng của nó ẩn giấu những dây thần kinh cực kỳ nhạy bén. Trên đường lăn và bò, những giác quan bí ẩn này bắt bén chính xác kích thước của khoáng thạch xung quanh, phương vị của quả và cành trên mặt đất. Một khi khóa được mục tiêu, cơ bắp dẻo dai sẽ kéo lớp vảy, kẹp chặt những món quà của thiên nhiên này. Quyển Lân Giáp không biết mệt mỏi, trước khi màn đêm buông xuống, sẽ lăn khắp nơi như thể muốn cuốn sạch cả núi rừng.\nThế nhưng, giữa thiên nhiên khắc nghiệt, tham lam, thường đồng nghĩa với cái giá nặng nề.\nKhi "chiến lợi phẩm" giữa các lớp vảy tích càng lúc càng nhiều, Quyển Lân Giáp không còn giữ được hình khối cầu gọn gàng nhẹ nhõm nữa. Để chống đỡ khối lượng này, nó buộc phải duỗi bốn chi. Lúc này, kẻ lữ hành vách núi từng nhanh như gió chớp ấy, chỉ có thể như một con rùa cạn già nua, khó nhọc lê bước trong bùn lầy. Mỗi bước đi, đều cần tốn rất nhiều sức, đi đi dừng dừng, thở hổn hển liên hồi.\nNhưng núi rừng luôn rình rập hiểm nguy, kẻ săn mồi có thể đang ẩn nấp nơi góc khuất, một khi nhận ra mối đe dọa, nó sẽ lập tức cuộn tròn thành khối. Kèm theo một tràng va chạm trong trẻo, lớp vảy vì kinh sợ mà đột ngột khép chặt của nó, chẳng còn giữ nổi báu vật trong các kẽ hở. Thành quả lao động vất vả cả ngày, cứ thế rơi vãi khắp đất.\nThông thường, Quyển Lân Giáp sẽ giữ trạng thái cuộn tròn khoảng mười phút, rồi bắt đầu lăn chậm rãi, đến khi xác nhận xung quanh không có mối đe dọa, mới thả lỏng cơ thể. Nghỉ ngơi một lát, lại cuộn tròn thành khối, bắt đầu thu thập những "chiến lợi phẩm" rơi vãi bốn phía.\nĐến lúc này thì mặt trời đã lặn về tây, chúng sẽ trở về chiếc tổ nhỏ an toàn dựng bằng Lục Hợp Anh, Văn Hoa Bích và cành cây, chỉ ở nơi đó, Quyển Lân Giáp mới lật bụng lên, với tư thế thoải mái nhất, trải qua đêm.
lang_multi_text.db	AreaReportContent_Text93	3.5	Hội thoại/Cốt truyện	Hệ thống/Thế giới			《关外金铃》是一部根据史实编排的说书戏，讲述了瑝珑今州地区的演变历史。\n笔者发现，此戏中的许多史实部分，可用于对照研究玄方地界的历史，因此写下本文，旨在对戏中的史实与其他文献记载对照，进行一定程度的考据。\n……\n本戏将今州称作“瑝珑关外第一要塞”，是入关进入其他五州的必经之路，瑝珑的咽喉。\n实际上，这一评断的产生与玄方地界有着千丝万缕的关系。\n在今州得建前，东部沿海地域仅有数片聚落（它们正是后来的祈池村与桃源乡的前身），在悲鸣于此地爆发后，这些地域渐次沦陷，仅有少量的戍边瑝珑军驻扎，这才成为了时人口中的“关外”。而瑝珑以玄方地界为原点，逐渐将东部失地收复后，才有了后来的今州，有了《关外金铃》中的今门关。\n如今今州在外，是外海进入瑝珑的第一道陆上口岸，而玄方地界在内，是入关步入梦州的路上要道，它们共同构成了瑝珑的东部屏障，为一庭六州把门守关。	"The Golden Bell Beyond the Gate" is a narrative performance piece arranged based on historical facts, recounting the evolution of Huanglong's Jinzhou region.\nThe author discovered that many historical elements within this performance can be used as reference material for comparative study regarding the Land of Xuanfang's history, and thus wrote this piece to cross-reference the historical facts in the performance with records from other documents for textual analysis to a certain degree.\n...\nThe performance refers to Jinzhou as "the foremost fortress beyond Outer Huanglong," a gateway to the six cities, and the strategic point of Huanglong.\nIn fact, this assessment's formation is intimately connected to the Land of Xuanfang.\nBefore Jinzhou was established, the eastern coastal regions contained only scattered settlements (the precursors to Qichi Village and Taoyuan Vale). Post Lament, these regions gradually fell into decline, with only a small Huanglong garrison stationed there, which is what became known to people at the time as "Outer Huanglong." It was only after Huanglong, with the Land of Xuanfang as its center point, gradually recovered the lost eastern territories that Jinzhou emerged later, along with the Jinmen Pass from "The Golden Bell Beyond the Gate."\nToday, Jinzhou lies outward, serving as the first overland port for external seas entering Huanglong, while the Land of Xuanfang lies inward, a vital waypoint on the path into Mengzhou. Together they form Huanglong's eastern bulwark, standing guard at the gate for the one capital and six cities.	『関外金鈴』は、史実をもとに構成された講談劇であり、瑝瓏の今州エリアがたどった変遷を語るものである。\n筆者は、劇中に含まれる史実の多くが、玄方地界の歴史を照合・研究するうえで有用であると考え、本稿を記した。\n劇中の史実を他文献の記述と照らし合わせ、一定の考証を行うことを目的としている。\n……\n劇中で、今州は「瑝瓏関外第一の要塞」と称されている。\n関を越えて他の五州へ至るなら、避けては通れない道であり、瑝瓏の咽喉ともいうべき要衝である。\n実際、この評価が生まれた背景には、玄方地界との切っても切れない関わりがある。\n今州が成立する以前、東部沿岸地域には、いくつかの集落が点在しているだけだった。\nそれらこそが、後の祈池村と桃源郷の前身である。\nこの地で悲鳴が発生して以降、周辺地域は次第に陥落し、辺境守備にあたる少数の瑝瓏軍だけが駐留するようになった。\nこうして、この一帯は当時の人々から「関外」と呼ばれるようになったのである。\nその後、瑝瓏は玄方地界を起点に、東部の失地を少しずつ奪還した。\nそれにより、後の今州が成立し、『関外金鈴』に登場する今門関も築かれることとなった。\n今や外縁に位置する今州は、外海から瑝瓏へ入る最初の陸上の玄関口である。\n一方、内側に位置する玄方地界は、関を越えて夢州へ向かう道の要衝である。\n両者はともに瑝瓏の東部防壁を成し、一庭六州の門戸を固く守っている。	《Quan Ngoại Kim Linh》 là một vở kể chuyện được biên soạn dựa trên sử thực, kể về lịch sử biến đổi của khu vực Kim Châu thuộc Hoàng Long.\nNgười viết phát hiện, nhiều phần sử thực trong vở này có thể dùng để đối chiếu nghiên cứu lịch sử vùng đất Huyền Phương, nên viết bài này, nhằm đối chiếu sử thực trong vở với các ghi chép văn hiến khác, tiến hành khảo cứu ở mức độ nhất định.\n……\nVở này gọi Kim Châu là "yếu tái số một ngoài quan của Hoàng Long", là con đường tất yếu để vào quan tiến vào năm châu còn lại, là yết hầu của Hoàng Long.\nThực tế, sự ra đời của lời nhận định này có mối quan hệ chằng chịt với vùng đất Huyền Phương.\nTrước khi Kim Châu được dựng nên, vùng ven biển phía đông chỉ có vài cụm tụ lạc (chúng chính là tiền thân của Kỳ Trì Thôn và Đào Nguyên Hương sau này), sau khi Bi Minh bùng phát tại nơi đây, những vùng đất này lần lượt thất thủ, chỉ có một số ít quân Hoàng Long trấn thủ biên cương đồn trú, thế nên mới trở thành cái mà người thời ấy gọi là "ngoài quan". Còn Hoàng Long lấy vùng đất Huyền Phương làm điểm khởi, dần dần thu phục vùng đất đã mất ở phía đông, mới có Kim Châu sau này, có Kim Môn Quan trong 《Quan Ngoại Kim Linh》.\nNay Kim Châu ở bên ngoài, là cửa khẩu trên bộ đầu tiên từ ngoài khơi tiến vào Hoàng Long, còn vùng đất Huyền Phương ở bên trong, là yếu đạo trên đường vào quan bước tới Mộng Châu, chúng cùng nhau tạo thành bức bình phong phía đông của Hoàng Long, giữ cửa canh quan cho một đình sáu châu.
lang_multi_text.db	AreaReportContent_Text94	3.5	Hội thoại/Cốt truyện	Hệ thống/Thế giới			在《关外金铃》中，着重描写了今州的云陵谷之役，而此役乃是“云渊之役”的一部分。“云渊之役”的“渊”字，指的是渊城，而此城的渊源则需要追溯到今州建立之前。\n在今州建立前，地域内百废待兴，只有几支戍边瑝珑军驻扎于此，重新勘探着悲鸣后的今州地块，并应对地域内的小规模残象潮。\n位于东南角的乘霄山虽也有海蚀现象出现，但由于角的降临，人们居住的虹镇得以被时流保全。\n然而，角于此处降临时自身已受重伤，并开始了频率外溢。北落野于此时出现了残象潮，并以虹镇为目的地开始移动——对以频率为食的存在而言，岁主的频率正是一席饕餮盛宴。\n为了保护新生的文明之火不至于熄灭，并阻止北落野的残像潮向瑝珑其他州域扩散，距离最近的梦州决定于关隘处建设一处机关城，阻止北落野的残象涌入梦州——而这处关隘，正是玄方地界。\n在此过程中，梦州的琢钧堂派出了大量的人手支援天工部，协力建成了名为渊城的机关要塞，延缓了残象潮往梦州侵袭的进程。\n这座以人力所建的机关城“渊城”，成为了后来高悬于山峦云雾间的玄方城的前身。前文所说的爆发于云陵谷与渊城的“云渊之役”，促成了玄方城的落成，给了玄方地界与今州一个完全不同的未来。	As written in "The Golden Bell Beyond the Gate," the Battle of Gorges of Spirits is given particular emphasis, a campaign part of the "Fortress and Gorges War." The "Fortress" refers to Yuan Fortress, a place whose origins trace back to before Jinzhou's establishment.\nBefore the founding of Jinzhou, it was a region in ruins awaiting to be rebuilt, with nothing but several Huanglong border garrisons stationed there, re-surveying the Jinzhou territories post Lament, and a response force against small-scale TD Outbreaks.\nAlthough Mt. Firmament in the southeastern corner also showed signs of Waveworn Phenomenon, Jué’s descent preserved the people of Hongzhen from the flow of time.\nHowever, Jué was already gravely wounded upon Their arrival and began experiencing frequency overflow. It was then that Norfall Barrens saw a TD Outbreak emerge, targeted at Hongzhen... As beings that feed on frequency, the Sentinel's frequency served as a magnificent feast.\nTo protect the newborn flame of civilization from being extinguished and to prevent the Tacet Discords of Norfall Barrens from spreading to other cities of Huanglong, Mengzhou, being the nearest city, made the choice to construct a Mechanical citadel at one of its passes to serve as a blockade, and that pass is Xuanfang.\nDuring this time, Mengzhou's Zhuojun Atelier dispatched large numbers of personnel to support the Ministry of Development, working together to complete the Mechanical fortress of Yuan, which delayed the TD Outbreak's invasion.\nThis mechanically constructed city, Yuan Fortress, built by human hands, became the predecessor to the Xuanfang Hold that would later hang suspended among the peaks and mists. The aforementioned "Fortress and Gorges War," which erupted at the Gorges of Spirits and Yuan Fortress, led to the completion of Xuanfang Hold, granting the Land of Xuanfang and Jinzhou a completely different future.	『関外金鈴』では、今州で起きた雲陵谷の役が、物語の中心として描かれている。この戦いは「雲淵の役」の一部にあたる。「雲淵の役」における「淵」とは、淵城を指す。その由来は、今州が成立する以前にまでさかのぼる。\n今州が成立する前、この地域には復興すべき課題が山積していた。駐留していたのは、辺境守備にあたる数部隊の瑝瓏軍だけである。彼らは悲鳴後の今州の地塊をあらためて調査しながら、各地で発生する小規模な残像潮への対処にあたっていた。\n南東の端に位置する乗霄山にも、海蝕現象は確認されていた。しかし、角の降臨によって、人々が暮らす虹鎮は時流に守られることとなる。\nただし、角はこの地に降臨した時点で、すでに深い傷を負っていた。その身からは、周波数の流出も始まっていたのである。\n同じ頃、北落野原では残像潮が発生し、虹鎮へ向けて動き出していた。周波数を糧とする存在にとって、歳主の周波数は、まさにこの上ない饗宴だった。\n芽生えたばかりの文明の火を絶やさないために。そして、北落野原の残像潮が瑝瓏の他の州域へ広がるのを防ぐために。最も近い位置にあった夢州は、関門に機巧の城を築くことを決めた。北落野原の残像潮が夢州へ流れ込むのを、そこで食い止めようとしたのである。その関門こそが、玄方地界であった。\n築城の過程で、夢州の琢鈞堂は天工部を支援するため、多くの人員を派遣した。両者は力を合わせ、淵城と呼ばれる機巧要塞を築き上げた。淵城は、残像潮による夢州への侵攻を遅らせる役割を果たしたのである。\n人の手によって築かれた機巧の城「淵城」。それは後に、山々の雲霧の間に高くそびえる玄方城の前身となった。先に述べた、雲陵谷と淵城で勃発した「雲淵の役」。この戦いは玄方城の落成へとつながり、玄方地界と今州に、まったく異なる未来をもたらしたのである。	Trong 《Quan Ngoại Kim Linh》, trận Vân Lăng Cốc của Kim Châu được khắc họa đậm nét, mà trận này chính là một phần của "trận Vân Uyên". Chữ "Uyên" trong "trận Vân Uyên" chỉ Uyên Thành, còn nguồn gốc của tòa thành này thì cần truy ngược về trước khi Kim Châu được dựng lập.\\\nTrước khi Kim Châu dựng lập, trong vùng trăm việc chờ khôi phục, chỉ có vài đội quân Hoàng Long trấn thủ biên cương đồn trú tại đây, thăm dò lại vùng đất Kim Châu sau Bi Minh, và ứng phó với những làn sóng Tàn Tượng quy mô nhỏ trong vùng.\\\nThừa Tiêu Sơn nằm ở góc đông nam tuy cũng xuất hiện hiện tượng biển xâm thực, nhưng nhờ sự giáng lâm của Jué, Hồng Trấn nơi người ta cư ngụ được Thời Lưu bảo toàn.\\\nThế nhưng, khi Jué giáng lâm nơi đây thì bản thân đã trọng thương, và bắt đầu rò rỉ tần số ra ngoài. Bắc Lạc Dã lúc này xuất hiện làn sóng Tàn Tượng, và lấy Hồng Trấn làm đích đến bắt đầu di chuyển — với những tồn tại lấy tần số làm thức ăn mà nói, tần số của Tuế Chủ chính là một bữa tiệc thịnh soạn.\\\nĐể bảo vệ ngọn lửa văn minh non trẻ không bị dập tắt, và ngăn làn sóng Tàn Tượng của Bắc Lạc Dã lan sang các châu vực khác của Hoàng Long, Mộng Châu ở gần nhất quyết định xây dựng một tòa thành cơ quan tại ải quan, ngăn Tàn Tượng của Bắc Lạc Dã tràn vào Mộng Châu — và ải quan này, chính là Địa Giới Huyền Phương.\\\nTrong quá trình đó, Trác Quân Đường của Mộng Châu phái ra lượng lớn nhân lực chi viện Bộ Thiên Công, hiệp lực dựng nên tòa yếu tái cơ quan tên là Uyên Thành, làm chậm tiến trình làn sóng Tàn Tượng xâm lấn Mộng Châu.\\\nTòa thành cơ quan "Uyên Thành" do sức người xây nên này, đã trở thành tiền thân của Huyền Phương Thành treo cao giữa núi non mây mù sau này. "Trận Vân Uyên" bùng phát ở Vân Lăng Cốc và Uyên Thành đã nói ở trên, thúc đẩy sự hoàn thành của Huyền Phương Thành, mang đến cho Địa Giới Huyền Phương và Kim Châu một tương lai hoàn toàn khác.
lang_multi_text.db	AreaReportContent_Text95	3.5	Hội thoại/Cốt truyện	Hệ thống/Thế giới			诸位，今日咱们不说那岁主逸事，单表一段玄方地界百年前的旧日奇闻！\n话回当年。玄方地界，方擎西峰，住着一户姓毕的人家，其独子单名一个“重”字。这毕重自打落地，就与人不同——别的孩童追追卷鳞甲，逗逗敲浪獭，叽叽喳喳终日闹腾，他却是沉默寡言。一天到晚，他只爱蹲在墙根码石头、拆木锁。\n岁月如梭，毕重二十有余时，已长成一条铁塔般的汉子。身长八尺，宽肩厚背，膀大腰圆。这人生得高大健硕，搭配一副冷面孔，日常里不苟言笑。家中老母病逝后，身边竟没个能说贴心话的亲近人。但若当他是个莽汉，那可就大错特错！\n毕重在机巧工艺一道，可称是天赋异禀。寻常工匠钻研半个月的图纸，他扫一眼就能瞧出承重与榫卯的缺漏；再复杂的千机阵盘、高城重构，他皆是信手捏来。不仅如此，他心性之坚，执念之深，堪称西峰一绝。一旦画定了图纸，便是坚信其确凿无误，多大的险阻都定要迎难而上。\n诸位可知？那如今矗立于西峰间，宏伟通天的「悬天构」，正与这毕重息息相关！\n却说那年西峰之上，「悬天构」入口——「百节廊」之承重枢纽突发倾斜，砖石如雨，濒临崩塌！若是一倒，数不胜数的巨木、玉石、金属便要从山巅滚落，直逼山脚村落，一时百姓惊呼奔逃不断！\n真确是千钧一发之际，西峰百姓安危如何？毕重在此局面，又能有怎样作为？且听下回分解！	Ladies and gentlemen, today we shan’t speak of the Sentinel's tales, but rather recount a strange and wondrous story from the Land of Xuanfang a hundred years past!\nOur tale begins in those bygone days. In the Land of Xuanfang, upon Western Fang Peaks, there dwelt a household of the Bi family, and their only son bore the single name "Zhong." From the moment Bi Zhong drew his first breath, he was unlike any other child of his age—while others chased scale-tailed beasts and teased Opus Otters, chattering and clamoring through the days, he remained quiet and reserved. Day in and day out, he loved only to crouch by the stone walls and dismantle wooden locks.\nThe days go past, and in twenty winters, our Bi Zhong had grown into a man sturdy as an iron tower. Eight feet tall, broad-shouldered, and sturdy as a rock. The man was blessed with great stature and a robust physique, matched with a stern face, and in his daily life, he seldom smiled or spoke carelessly. After his elderly mother passed away, there was scarcely a close confidant to whom he could speak his innermost thoughts. Yet to mistake him for a mere brute would be a grave mistake indeed!\nBi Zhong possessed extraordinary talent in the craft of ingenious Mechanisms. An Artisan would spend half a month studying blueprints, yet he could discern the flaws in load-bearing and joinery at a single glance. However intricate the Mechanism arrays and reconstructions, he could fashion them with ease. Moreover, his resolve was steadfast and his conviction profound, unmatched across the Western Peaks. Once he had drawn his designs, he believed them infallible and would face any obstacle head-on without hesitation.\nDo you know, my fellow listeners? That the magnificent "Skyworks" which now stands towering between the Western Peaks is intimately connected to this very Bi Zhong!\nNow, in those days upon the Western Peask, the load-bearing pivot of the "Segmented Corridor," the entrance to the Skyworks, suddenly tilted, and bricks and stones rained down like a deluge, teetering on the brink of collapse! Should it fall, countless mighty timbers, jade stones, and metals would come tumbling down the mountainside, bearing down upon the villages at the foot of the peak, sending the people into endless cries and fleeing in panic!\nIn this critical moment hanging by a thread, what fate awaited the people of the Western Peaks? And what could Bi Zhong accomplish in such dire straits? Find out in the next installment!	皆さま、本日は歳主の逸話ではございません。玄方地界にまつわる、百年前の奇談を一席申し上げましょう！\nさて、話は当時にさかのぼります。玄方地界、方擎西峰に、畢という姓の一家が暮らしておりました。その一人息子は、名を「重」と申します。畢重は生まれつき人とは違う、寡黙な子でありました。ほかの子どもたちが鱗巻き甲を追いかけ、波叩き獺と戯れ、一日じゅう声を上げて走り回るなか、彼だけは壁際で石を積み、木の錠前を分解してばかりいたのです。\n時は流れ、二十を過ぎた畢重は、見上げるほどの大男となりました。身の丈八尺。肩は広く、背は厚く、腕は太く、腰まわりもどっしりとしております。その面差しは冷ややかで、日ごろから口数は少なく、笑うこともありません。母を亡くしてからは、胸の内を打ち明けられる相手もおりませんでした。とはいえ、朴直で考えなしの男と侮ってはなりません！\n畢重は、機巧工芸の道において、まさしく天賦の才を備えておりました。並の職人なら半月かけて読み解く図面であっても、彼はひと目見ただけで、荷重の偏りやほぞ組みの不備を見抜きます。千機陣盤も、高城重構も、彼にかかれば造作もないことでした。それだけではございません。その意志の固さ、執念深さもまた、西峰で並ぶ者なしと謳われるほどでありました。ひとたび図面を描けば、その正しさを信じて疑わず、どのような難関にも真正面から挑んでいくのです。皆さまはご存じでしょうか？\n今、西の峰々にそびえ、天にも届かんばかりの壮大な「懸天の構」。あれこそ、まさにこの畢重と深い関わりを持つものなのです！\nさて、その年のことでございます。西峰では、「懸天の構」の入口にあたる「百節の回廊」で、荷重中枢が突如として傾きました。煉瓦や石材は雨のように降り注ぎ、回廊は今にも崩れ落ちんばかり。もし倒壊すれば、数え切れぬほどの巨木、玉石、金属が山頂から転がり落ち、麓の村々へ押し寄せます。その場はたちまち悲鳴に包まれ、人々は逃げ惑いました！\nまさに千鈞一髪。西峰の民の命運や、いかに？畢重はこの危機を前に、いかなる働きを見せるのでしょうか？続きは次回の講釈にて！	Chư vị, hôm nay chúng ta không kể chuyện dật sự của Tuế Chủ, mà chỉ thuật một đoạn kỳ văn thuở xưa hơn trăm năm trước của vùng đất Huyền Phương!\nChuyện quay về năm ấy. Vùng đất Huyền Phương, nơi Phương Kình Tây Phong, có một nhà họ Tất, con trai độc nhất tên chỉ một chữ "Trọng". Tất Trọng này từ khi lọt lòng đã khác người — những đứa trẻ khác đuổi bắt Quyển Lân Giáp, trêu chọc Rái Gõ Sóng, ríu ra ríu rít nghịch ngợm cả ngày, còn hắn thì trầm mặc ít lời. Suốt ngày, hắn chỉ thích ngồi xổm dưới chân tường xếp đá, tháo khóa gỗ.\nNăm tháng thoi đưa, khi Tất Trọng hơn hai mươi tuổi, đã lớn thành một hán tử vạm vỡ như tháp sắt. Thân cao tám thước, vai rộng lưng dày, tay to eo tròn. Người này sinh ra cao lớn khỏe mạnh, kèm theo một gương mặt lạnh lùng, thường ngày chẳng mấy khi cười nói. Sau khi mẹ già trong nhà bệnh mất, bên cạnh hắn chẳng còn một người thân cận nào để nói lời tâm tình. Nhưng nếu coi hắn là kẻ thô lỗ, thì đó là sai lầm lớn!\nTất Trọng về đường thủ công tinh xảo, có thể gọi là thiên phú khác thường. Bản vẽ mà thợ thường phải mất nửa tháng nghiền ngẫm, hắn chỉ liếc qua một cái là thấy ra chỗ khiếm khuyết trong chịu lực và mộng mẹo; những trận bàn ngàn cơ, những công trình tái dựng thành cao phức tạp đến mấy, hắn đều làm gọn trong tầm tay. Không chỉ vậy, tâm tính hắn vững vàng, chấp niệm sâu sắc, có thể gọi là số một Tây Phong. Một khi đã vẽ định bản thiết kế, là tin chắc nó chuẩn xác không sai, hiểm trở lớn đến đâu cũng nhất định nghênh khó tiến lên.\nChư vị có biết chăng? Tòa 「Huyền Thiên Cấu」 hùng vĩ chọc trời sừng sững giữa Tây Phong ngày nay, chính có liên quan mật thiết đến Tất Trọng này!\nLại nói năm ấy trên Tây Phong, khu chịu lực trọng yếu của 「Bách Tiết Lang」 — lối vào 「Huyền Thiên Cấu」 — bỗng nghiêng lệch, gạch đá rơi như mưa, cận kề sụp đổ! Nếu mà đổ xuống, vô số cây lớn, ngọc thạch, kim loại sẽ lăn từ đỉnh núi xuống, ập thẳng vào thôn làng dưới chân núi, nhất thời dân chúng kinh hô bỏ chạy không dứt!\nQuả đúng là lúc ngàn cân treo sợi tóc, an nguy của dân chúng Tây Phong ra sao? Tất Trọng trong cục diện này, lại có thể làm được gì? Xin nghe hồi sau phân giải!
lang_multi_text.db	AreaReportContent_Text96	3.5	Hội thoại/Cốt truyện	Hệ thống/Thế giới			上回说到，「百节廊」倾倒在即，大祸临头！众人四散奔逃，唯有一人，逆着人潮，扛锤抱木，步步沉重，直奔那摇摇欲坠的承重枢纽而去！此人非是旁人，正是毕重！\n他到那承重枢纽前，一眼看穿这结构当下的能耐，他深知已难保承重不坏，只能拖延，为百姓撤离挣得时间。毕重需将错位的主轴强行推回，再用巨木支撑，可那主轴何等沉重，如今更因摩擦生热，炽如火炭！\n毕重不退半步。他咬紧牙关，双臂青筋暴起，宛如虬龙盘根，抡锤每一击皆精准砸向承重枢纽的错位要点，火花迸溅中，周遭碎石砖瓦落下，砸在毕重头、肩、躯体，他一如往常沉默无言，不动如山。\n凭借着那惊人定力与对构造理解的自信，他生凿一个时辰，将主轴推回，再用先前抱来的巨木卡住缺口，这权宜之计，挣得三个时辰！\n这三个时辰，为西峰百姓换来了撤离的生机。而待到灾劫平息，众人重返西峰，掘开废墟，却只见满地残铁，唯独不见毕重的踪影。\n后来，西峰百姓为感念其恩，尊称其为“岿义孑”。“岿”赞其面对危难岿然不动；“义”颂其为众生舍身取义；“孑”则叹其一生孤独，形影相吊。\n有人传言，毕重并未身死。他走出废墟，遇见一批隐世大能，他们认同毕重的义行、珍视毕重的技艺，这道孤影，终是寻到了同道中人。\n然沧海桑田，这已是百年前的旧话。时至今日，“岿义孑”的传说真伪，其人去向，早已无人知晓了。	Previously, we spoke of how the Segmented Corridor teetered on the brink of collapse, and the looming great calamity! People scattered and fled in all directions, yet one man alone stood against the tide, shouldering a hammer and cradling timber, his steps heavy and resolute, charging straight toward that swaying load-bearing pivot! The man, none other than Bi Zhong!\nUpon reaching the load-bearing pivot, he saw through its structural capability at a glance. He knew well that preserving the bearing was beyond reach. He could only buy time, granting the people precious moments to evacuate. Bi Zhong had to push the misaligned main shaft back into place by force, then support it with large timbers. Yet how immense was that main shaft, and now, through heat caused by friction, it glowed like burning coals!\nBi Zhong did not yield a single step. He clenched his teeth, the veins in his arms bulging like coiled serpents, each swing of his hammer striking with precision at the misaligned critical points of the load-bearing pivot. Amid the spray of sparks, rubble and broken bricks fell around him, striking his head, shoulders, and body. He remained as silent as ever, unmoved like a mountain.\nThrough such extraordinary resolve and confidence in his understanding of structure, he continued this for a full hour, pushing the main shaft back into place, then wedging the great timbers he had brought to seal the gap. A makeshift measure bought three hours in time!\nThose precious three hours granted the people of the Western Peaks a chance to escape. Yet when the disaster had passed, and the people returned, excavating through the ruins, they found only scattered metal fragments, with Bi Zhong nowhere to be found.\nThereafter, the people of the Western Peaks, in gratitude for his benevolence, honored him with the title the "Son of Unyielding Virtue." A lone "Son" that walks among us, "Unyielding" in the face of peril, and of "Virtue" in sacrificing himself for the masses.\nSome spoke in whispers that Bi Zhong did not perish. He emerged from the ruins and encountered a group of hermit masters. They recognized the righteousness of his deeds and treasured his craft, and this solitary figure at last found kindred spirits.\nYet time turned the seas to mulberry fields, and this tale is now a hundred years old. To this day, the truth of the legend of the "Son of Unyielding Virtue." And his whereabouts, no one knows.	さて、前回は「百節の回廊」が今にも倒れんばかりとなり、大いなる禍が目前に迫ったところまで申し上げました。人々が逃げ惑うなか、ただ一人、人波に逆らって進む者がおります。肩には大槌、腕には巨木。重い足取りで荷重中枢へ向かう、その者こそ──まさしく畢重でありました！\n荷重中枢の前に立つや否や、畢重はその構造がすでに限界を迎えていることを見抜きました。もはや荷重を支えきることは叶いません。できることがあるとすれば、崩落を少しでも遅らせ、民が逃げる時間を稼ぐことのみ。そのためには、ずれた主軸を力ずくで押し戻し、巨木を噛ませて支えねばなりませんでした。ですが、その主軸たるや尋常ならざる重さ。おまけに摩擦の熱で、焼けた炭のように熱くなっていたのです！\nそれでも畢重は、一歩たりとも退きませんでした。歯を食いしばるその両腕には、虬龍の這うがごとく血管が浮かび上がります。振り下ろされる大槌は、荷重中枢のずれた要所を寸分違わず打ち据えました。火花が飛び散り、砕けた石や瓦が頭を、肩を、その身体を打ちつけます。それでも彼は、黙したまま微動だにしません。\n驚くべき胆力。そして、構造を見抜く己の目への確信。それらを支えに、畢重は二時間ものあいだ槌を振るい続け、ついに主軸を押し戻したのであります。さらに、先ほど抱えてきた巨木を隙間に噛ませ、その応急の一手によって六時間もの猶予を稼ぎ出しました！\nその六時間が、西峰の民に逃げ延びる道を開いたのです。やがて災厄が収まり、人々が西峰へ戻って瓦礫を掘り返したとき、そこにあったのは一面に散らばる砕けた鉄片ばかり。畢重の姿は、どこにもありませんでした。\n後に西峰の民はその恩義に感じ入り、彼を「巋義孑」と尊称しました。「巋」とは、危難を前にしてなお、山のごとく動じなかったこと。「義」とは、人々のために身を捨て、義を貫いたこと。そして「孑」とは、彼の孤独な生涯を嘆いての字であるといいます。\nまた、ある者はこう語りました。畢重は死んではいなかったのだ、と。瓦礫の中から姿を現した彼は、隠世の大能たちと出会い、その義挙と技を認められた。そしてついに、志を同じくする者を得たのだ、と。\nされど、時は流れ、世は移ろいました。これも、すでに百年前の古き話。今日に至るまで、「巋義孑」の伝説が真か偽か、畢重の行方を知る者は誰一人おらぬのであります。	Hồi trước kể đến, 「Bách Tiết Lang」 sắp đổ đến nơi, đại họa ập đầu! Mọi người tứ tán bỏ chạy, chỉ có một người, ngược dòng người, vác búa ôm gỗ, từng bước nặng nề, lao thẳng đến khu chịu lực trọng yếu đang lung lay chực đổ ấy! Người này chẳng phải ai khác, chính là Tất Trọng!\nHắn đến trước khu chịu lực trọng yếu ấy, liếc một cái là nhìn thấu năng lực hiện tại của kết cấu này, hắn biết rõ đã khó giữ cho phần chịu lực không hỏng, chỉ có thể trì hoãn, giành lấy thời gian cho dân chúng rút lui. Tất Trọng cần cưỡng ép đẩy trục chính bị lệch trở về, rồi dùng cây lớn chống đỡ, nhưng trục chính ấy nặng biết bao, nay lại vì ma sát sinh nhiệt, nóng đỏ như than lửa!\nTất Trọng không lùi nửa bước. Hắn nghiến chặt răng, gân xanh nổi cuộn hai cánh tay, tựa như cầu long cuộn rễ, mỗi nhát búa vung ra đều nện chính xác vào điểm trọng yếu bị lệch của khu chịu lực, giữa những tia lửa bắn tung, gạch đá vụn xung quanh rơi xuống, nện vào đầu, vai, thân thể Tất Trọng, hắn vẫn trầm mặc không lời như thường lệ, bất động như núi.\nNhờ định lực kinh người và sự tự tin vào hiểu biết kết cấu, hắn ròng rã đục đẽo một canh giờ, đẩy trục chính trở về, rồi dùng cây lớn ôm đến lúc trước chèn vào chỗ khuyết, kế sách quyền nghi này, giành được ba canh giờ!\nBa canh giờ này, đã đổi lấy cơ hội sống để dân chúng Tây Phong rút lui. Còn đến khi tai kiếp lắng xuống, mọi người trở lại Tây Phong, đào bới phế tích, lại chỉ thấy sắt vụn khắp mặt đất, duy chẳng thấy tung tích Tất Trọng.\nVề sau, dân chúng Tây Phong để tưởng nhớ ân đức của hắn, tôn xưng hắn là "Khôi Nghĩa Kiết". "Khôi" khen hắn đối diện nguy nan mà sừng sững bất động; "Nghĩa" ca ngợi hắn xả thân vì chúng sinh mà giữ nghĩa; "Kiết" thì than hắn cả đời cô độc, thui thủi một mình.\nCó người đồn rằng, Tất Trọng chưa hề chết. Hắn bước ra khỏi phế tích, gặp một nhóm cao nhân ẩn thế, họ tán đồng nghĩa hành của Tất Trọng, trân quý kỹ nghệ của Tất Trọng, bóng hình cô độc này, rốt cuộc đã tìm được người đồng đạo.\nNhưng vật đổi sao dời, đây đã là chuyện cũ trăm năm trước. Đến tận ngày nay, truyền thuyết "Khôi Nghĩa Kiết" thật hay giả, người ấy đi đâu về đâu, đã sớm chẳng ai còn biết.
lang_multi_text.db	AreaReportContent_Text97	3.5	Hội thoại/Cốt truyện	Hệ thống/Thế giới			……\n那一夜衔翎村的集会很精彩，我有幸听到台上唱起了名为《玄翎》的古谣。\n那明明只是一段段唱词，甚至没有画面，却给我留下了难以磨灭的印象。\n\n只听见台上的众人吟唱道：\n“荒石夜，黑云起，\n双月同天照残旗。\n夜明坡前风如泣，\n渊城灯火照铁衣。\n玄翎翩飞过长堤，\n千门万户尽迁离。\n何人远赴梦州路，\n何人留守不肯弃……”\n\n我仿佛看见了百余年前的那一夜，有将士坚毅地立于城前，有民众依依不舍地离乡而去，有母亲抱着襁褓里的孩子，有父亲握住儿子的手。\n他们或许有人背井离乡，此生都再未回到玄方地界，或许有人放弃了撤离，将血与肉都留在了这片生养自己的土地……	...\nThat night, the gathering at Xianling Village was a splendid one, and I was fortunate to hear an ancient melody of the "Xuanling" sung upon the stage.\nIt was merely a series of lyrics, absent of any imagery, yet it left an indelible impression upon me.\n\nI heard the performers upon the stage intone:\n\n"On a desolate night of stone, dark clouds arise,\nTwin moons share the sky, illuminating tattered banners.\nBefore Clouded Cliffs, the wind weeps as it blows,\nYuan Fortress's lanterns light the armored steel.\nXuanling flutters gracefully across the long embankment,\nThousand gates and myriad households all depart.\nWho ventures forth upon the road to Mengzhou,\nWho remains behind, refusing to abandon…"\n\nI seemed to witness that night a hundred years past, soldiers standing resolute before the Fortress, common folk departing their homeland with reluctance, mothers cradling infants in their arms, fathers gripping their sons' hands.\nSome among them perhaps left their native soil and never returned to the Land of Xuanfang in their lifetimes, while others perhaps forewent evacuation, leaving their blood and flesh upon this land that had nurtured them…	……\nあの夜、銜翎村で開かれた集会は、まことに見事なものであった。幸運にも私は、壇上で『玄翎』という名の古き唄が歌われるのを耳にした。目の前に情景が浮かぶわけではない。ただ、詞章が静かに連なっていくばかりである。それでもその歌は、拭いがたい余韻となって、私の胸に深く刻まれた。\n\n壇上の人々は声を揃え、こう吟じていた。\n「荒石の夜、黒雲起こり、\n双月は同じ空に、残旗を照らす。\n夜明けの坂の前、風は哭くがごとく、\n淵城の灯火は、鉄衣を照らす。\n玄翎は翻り、長堤を渡り、\n千門万戸、ことごとく故地を離る。\n誰ぞ遠く、夢州の道へ赴き、\n誰ぞ留まり、見捨つることを肯んぜぬ……」\n\n私はまるで、百余年前のあの夜を、この目で見ているかのようであった。街の前には、将兵たちが毅然と立っている。民衆は名残を惜しみながら、故郷を離れていく。母はおくるみに包まれた幼子を抱き、父は息子の手を固く握っている。\nある者は故郷を離れたまま、生涯二度と玄方地界へ戻ることはなかったのかもしれない。またある者は避難を諦め、自らを育んだこの土地に、その血肉を残したのだろう……	……\nĐêm ấy buổi tụ hội ở Hàm Linh Thôn rất đặc sắc, tôi may mắn được nghe trên sân khấu cất lên khúc ca xưa mang tên 《Huyền Linh》.\nRõ ràng chỉ là từng đoạn lời ca, thậm chí chẳng có hình ảnh, vậy mà lại để lại cho tôi một ấn tượng khó phai mờ.\n\nChỉ nghe mọi người trên sân khấu ngâm nga rằng:\n"Đêm đá hoang, mây đen nổi,\nSong nguyệt cùng trời soi cờ tàn.\nTrước dốc Dạ Minh gió như khóc,\nĐèn lửa Uyên Thành rọi giáp sắt.\nHuyền Linh chấp chới qua đê dài,\nNgàn nhà vạn hộ thảy dời đi.\nAi người xa ruổi đường Mộng Châu,\nAi người ở lại chẳng chịu buông……"\n\nTôi như trông thấy đêm ấy hơn trăm năm trước, có tướng sĩ kiên nghị đứng trước thành, có dân chúng bịn rịn lìa quê ra đi, có người mẹ ôm đứa con trong tã lót, có người cha nắm chặt tay con trai.\nHọ có lẽ có người rời bỏ quê hương, cả đời chẳng bao giờ trở lại vùng đất Huyền Phương, có lẽ có người từ bỏ việc rút lui, để cả máu và thịt lại trên mảnh đất đã sinh dưỡng chính mình……
lang_multi_text.db	AreaReportContent_Text98	3.5	Hội thoại/Cốt truyện	Hệ thống/Thế giới			……\n随着鼓声渐密，台上的合唱终于达到高潮：\n“千楼坠地成深壑，\n百桥断绝作天堑。\n玄方火雨遮长月，\n万魂哭声震荒野。”\n\n但突然，众人的声音戛然而止。\n下一刻，一位女声的清唱响起——\n“渊城未竟高楼骨；\n满城机关皆成土。\n玄翎曾见，\n孩童逐灯，\n老叟听晚；\n昨朝千户暖，\n今夜万骨寒。”\n\n她的轻吟声落下，似一道无声的闪雷，耳畔静谧，却震撼人心。\n最后，众人的长吟徐徐再起，为此夜献上了一段余韵悠长的尾声。\n“玄翎坠，沉渊生。\n 万千残象尽灭冥。\n一城忠骨埋长夜，\n半轮孤月照空庭。”\n……\n\n文末后记：\n此文写成时，我刚从衔翎村回到梦州。而如今，去衔翎村游历竟已是十余载前的事。\n时至今日，我仍记得那天夜里集会结束时村里的老人告诉我，若你在深夜听见雀鸣，那不是风，而是玄翎雀在渊下回望这片土地。	…\nAs the drumbeat grew louder, the chorus upon the stage finally reached its crescendo:\n"A thousand towers crumble to the earth, forming into deep chasms,\nA hundred bridges snap asunder, transformed into a heavenly rift.\nXuanfang's rain of fire obscures the long moon,\nTen thousand souls' cries of anguish shake the desolate wilderness."\n\nBut suddenly, the voices of all fell silent.\nIn the next moment, a woman's clear solo voice rose—\n"Yuan Fortress' lofty framework left incomplete.\nThe entire city's Mechanisms turn to dust.\nXuanling once beheld,\nChildren chasing lanterns,\nElders listen to the dusk.\nYesterday's thousand households warm,\nTonight ten thousand bones grow cold."\nHer gentle humming faded, like a silent flash of lightning—the air around the ears grew still, yet the heart was shaken.\nAt last, the chorus gradually rose once more, offering a prolonged and lingering coda to that night:\n"Xuanling falls, the abyss is born.\nCountless Tacet Discords all fade into darkness.\nOne city's loyal bones buried in endless night,\nHalf a moon shines alone upon an empty court."\n…\nPostscript at the end of the text:\nWhen this essay was completed, I had just returned to Mengzhou from Xianling Village. Yet now, that journey to Xianling Village was already more than a decade past.\nTo this day, I still remember the village elders telling me when the gathering ended that night. If you hear sparrow calls in the deep of night, it is not the wind, but the Xuanling sparrows gazing back upon this land from beneath the abyss.	……\n鼓の音はしだいに密度を増し、壇上の合唱はついに最高潮へ達した。\n「千楼、地に墜ちて深き谷となり、\n百橋、断たれて天険となる。\n玄方の火雨、長き月を遮り、\n万魂の哭声、荒野を震わす。」\n\nだがその瞬間、人々の声はぴたりと途絶えた。\n次の刹那、澄みきった女の独唱が響き渡る──\n「淵城、未だ成らず、高楼は骨と化し、\n満城の機巧、ことごとく土となる。\n玄翎はかつて見たり、\n童は灯を追い、\n老叟は暮れを聴く。\n昨朝、千戸に温もりあり、\n今宵、万骨寒し。」\n\nその静かな吟声が消えたとき、私は音なき稲妻に打たれたかのような心地がした。\n耳元は静まり返っている。\nそれなのに、胸の奥だけが大きく震えていた。\nやがて人々の長吟が、ゆるやかに再び起こる。\nその夜のために捧げられたのは、深く、長く余韻を残す結びの歌であった。\n「玄翎墜ちて、沈淵生ず。\n万千の残像、ことごとく冥き闇に滅ぶ。\n一城の忠骨、長き夜に埋もれ、\n半輪の孤月、空庭を照らす。」\n……\n\n文末後記：\n本稿を書き上げたとき、私は銜翎村から夢州へ戻ったばかりであった。だが、それも今では十余年前のことになってしまった。\n今も私は、あの夜、集会の終わりに村の老人が語ってくれた言葉を覚えている。真夜中に雀の声を聞いたなら、それは風の音ではない。玄翎雀が淵の底から、この土地を振り返っているのだ、と。	……\nTiếng trống dồn dập hơn, khúc hợp xướng trên sân khấu cuối cùng cũng lên đến cao trào:\n“Ngàn lầu đổ xuống hóa vực sâu,\nTrăm cầu gãy đoạn thành hào trời.\nMưa lửa Huyền Phương che trăng thẳm,\nTiếng khóc vạn hồn dậy hoang nguyên.”\n\nNhưng đột nhiên, tiếng hát của mọi người bỗng im bặt.\nNgay sau đó, một giọng nữ trong trẻo cất lên đơn ca——\n“Uyên Thành chưa dựng, lầu cao trơ cốt;\nCơ quan khắp chốn, thảy hóa bụi tro.\nHuyền Linh từng thấy,\nTrẻ thơ đuổi đèn,\nLão ông nghe chiều;\nSớm qua ngàn hộ ấm,\nĐêm nay vạn cốt hàn.”\n\nGiọng ngâm khe khẽ vừa dứt, tựa một tia chớp không tiếng: bên tai lặng ngắt, lòng người lại chấn động.\nCuối cùng, tiếng ngâm dài của mọi người chậm rãi cất lên lần nữa, khép lại đêm ấy bằng một dư âm miên man.\n“Huyền Linh rơi, vực sâu sinh.\nVạn ngàn Tàn Tượng chìm vào cõi tối.\nXương trung một thành chôn đêm thẳm,\nNửa vầng trăng lạnh rọi sân không.”\n……\n\nLời bạt:\nKhi viết xong bài này, tôi vừa từ Hàm Linh Thôn trở về Mộng Châu. Còn giờ đây, chuyến du hành đến Hàm Linh Thôn đã là chuyện hơn mười năm trước.\nĐến nay tôi vẫn nhớ lời một cụ già trong thôn nói khi buổi tụ hội đêm ấy kết thúc: nếu giữa đêm khuya bạn nghe tiếng chim hót, đó không phải tiếng gió, mà là chim Huyền Linh đang từ đáy vực ngoái nhìn mảnh đất này.
lang_multi_text.db	AreaReportContent_Text99	3.5	Hội thoại/Cốt truyện	Hệ thống/Thế giới			「敲浪獭」\n每日夕阳的余晖，将玄幽东岳的河滩染成一片金黄时，住在山野中的玄方人会有默契地停下手头的劳作，隔着静谧的水面，期待对岸那群温和的生灵结束觅食，开启一日中最后的喧闹。\n早在玄方地界的先民懂得斫木制琴之前，这片水域便已有了属于自己的天然乐师——敲浪獭。\n圆润而丰满的身躯长满硬毛，帮助敲浪獭在冰冷的水域中保持体温。不过，它们最为奇特的演化，是腹部那颗光泽圆润的「洄音石」。每个玄方地界的孩子都背过的那首诗便源自于此。\n“水有灵獭，怀石叩音，其声清越，回荡幽山。”\n在吃饱喝足后，敲浪獭们会惬意地仰躺在河滩上，用肥胖而灵活的前爪捧起水边的卵石或是坚硬的贝壳，用它们有节奏地拍打腹部的「洄音石」。清脆的撞击声，伴随着它们喉咙深处发出的高亢鸣唱，在黄昏的河谷中交织成一支浑然天成的雅乐。\n这不仅是獭群饭后的消遣与传递繁衍信号的社交仪式，也成了玄方人心中充满治愈的慰藉，劳作一日的乡民常常会席地而坐，静静聆听；偶尔，也会有乐师来到湖畔，取出随身的竹笛，隔着水面遥遥和上一段。 人与獭互不惊扰，却在暮色与音符中达成了一种跨越物种的默契共鸣。\n有趣的是，这种和谐的旋律并非随意为之，敲浪獭的群居法则还伴随着与众不同的……“严苛审视”。\n一只年轻的敲浪獭似乎渴望展现自我，它打破了原有的舒缓节拍，开始毫无章法地剧烈敲击，尖锐杂乱的声响和粗野的嗓音，震得其他的敲浪獭展现出了十分拟人化的应激反应。\n它们停下演奏，丢掉手上的卵石、贝壳，抬起双爪死死捂住耳朵，甚至紧闭双眼，仿佛在抵御狂风骤雨。有几只敲浪獭已经忍耐到极限，它们跑向那“害群之獭”，用肚子上的洄音石顶向它，中止这噪音。\n在族群的抗议与挤压下，这只“破坏规则”的个体只能灰溜溜地退到边缘，在敲浪獭的世界中，对于和谐旋律的共识，正是它们维系生存秩序的隐秘纽带。\n大人们常常会指着河滩，借机教导身旁懵懂的孩童：\n“瞧见没？若是为了出风头，瞎折腾惹人嫌，连这敲浪獭都会把你顶出门去！”	Opus Otters\n\nEach day, when the lingering glow of sunset paints the riverbank of Eastern Xuan Peaks in shades of gold, the people of Xuanfang dwelling in these mountains share an unspoken accord: they cease their labors, and across the tranquil waters, they await that gentle tribe on the far shore to finish their foraging and begin the day's final clamor.\nLong before the ancestors of the Land of Xuanfang learned to fell wood and craft stringed instruments, these waters already possessed their own natural musicians—Opus Otters.\nTheir mellow, rounded bodies are covered in dense fur, which helps the Opus Otters maintain warmth in the frigid waters. Yet their most peculiar adaptation is the lustrous, smooth Opus Stone embedded in their belly. The very poem that every child of the Land of Xuanfang commits to memory springs from this marvel.\n"Water harbors Otters, cradling stones in song, their voices bright and clear, echoing through the shadowed mountains."\nAfter sating themselves, the Opus Otters recline contentedly on the riverbank, their plump yet nimble forepaws grasping pebbles from the water's edge or hard shells, which they strike rhythmically against the Opus Stone on their belly. The crisp sounds of impact, intertwined with the piercing calls from deep within their throats, weave together into a natural, refined melody within the twilight valley.\nThis is not merely the otter colony's post-meal leisure and the social ritual of transmitting breeding signals, but has also become a healing solace in the hearts of the Xuanfang folk. Workers who have toiled the day through often sit upon the ground to listen quietly; occasionally, a musician will venture to the lakeside, draw forth a bamboo flute from their person, and from across the waters, join in a passage of song. Humans and otters disturb each other not, yet in the dusk and notes between them achieve a tacit resonance that transcends species.\nWhat is curious is that this harmonious melody is not without reason. The communal law of the Opus Otters is accompanied by something altogether distinctive: a "stern scrutiny."\nA young Opus Otter, it seems, yearns to display itself. It shatters the original languid rhythm, beginning to strike wildly and without pattern. The sharp, chaotic sounds and coarse cries cause the other Opus Otters to exhibit a strikingly anthropomorphic stress response.\nThey cease their performance, discarding the pebbles and shells in their grasp, raising their forepaws to clap tightly over their ears, even squeezing their eyes shut as if bracing against a sudden tempest. Several of the Opus Otters, pushed to their limit, rush toward this "troublemaker of the colony," using the Opus Stone upon their belly to butt against it, putting an end to the noise.\nUnder the protest and pressure of the group, this "rule-breaking" individual has no choice but to slink shamefully to the periphery. In the world of the Opus Otters, consensus around the harmonious melody is the secret bond that maintains their survival order.\nAdults often point toward the riverbank, seizing the moment to teach the befuddled children at their side:\n"See that? If you're trying to show off and cause a ruckus, even these Opus Otters will butt you out the door!"	「波叩き獺」\n夕日の名残が玄幽東岳の河原を黄金色に染める頃、山野に暮らす玄方の人々は、示し合わせたように手を止める。静かな水面の向こうで、対岸の穏やかな生き物たちが採餌を終え、一日の終わりのにぎわいを始める。人々は、そのひとときを心待ちにしているのである。\n玄方地界の先民が、木を削って琴を作る術を知るよりも前から、この水域にはすでに天然の楽師──波叩き獺がいた。\n丸みを帯びたふくよかな体は、硬い毛にびっしりと覆われている。それは冷たい水の中でも体温を保つためのものだ。だが何より奇妙なのは、腹部にある、つややかで丸い「洄音石」である。\n玄方地界の子どもなら誰もがそらんじる、あの詩もこれに由来している。\n「水中に霊獺あり。石を懐きて音を打つ。その声は清らかに澄み、幽山にこだまする」\n腹の丸い波叩き獺たちは、河原で気持ちよさそうに仰向けになる。そして、ふっくらとした器用な前足で、水辺の小石や硬い貝殻を抱え上げる。そうして腹部の「洄音石」を、リズミカルに叩くのである。澄んだ打音は、喉の奥から響く高らかな鳴き声と重なり合う。黄昏の河谷に広がるその調べは、まるで自然が奏でる雅楽のようであった。\nそれは獺たちにとって、食後の楽しみである。また、繁殖の合図を伝える社交の儀式でもある。同時に、その音色は玄方の人々の心にも、深い安らぎをもたらしてきた。一日の労働を終えた村人たちは、よく河原に腰を下ろし、静かに耳を傾ける。時には楽師が水辺を訪れ、竹笛を取り出して、湖を挟んだ遠くから一節を合わせることもあった。人と獺は互いを驚かせることなく、夕闇と音の中で、種を越えた言葉なき共鳴を生み出しているのである。\n興味深いことに、この調和の取れた旋律は、決して気ままに奏でられているわけではない。波叩き獺の群れの掟には、並々ならぬ「厳しい目」があるのだ。\nある時、若い波叩き獺の一匹が、自分の腕前を見せたくなったらしい。それまでのゆったりとしたリズムを乱し、でたらめに、激しく叩き始めた。甲高く乱れた音。荒々しい鳴き声。それを聞いたほかの波叩き獺たちは、まるで人間のような拒否反応を見せた。\n獺たちは演奏をやめ、小石や貝殻を放り出し、両前足で耳をぎゅっと塞いだ。両目まで固く閉じて、まるで嵐が過ぎ去るのを待っているかのようであった。中には、ついに我慢の限界を迎えたものもいた。その「群れの厄介者」へ駆け寄ると、自分の腹部にある洄音石をぐっと押し当て、騒音を止めさせたのである。\n群れからの抗議と圧力を受けて、「掟破り」の個体は、すごすごと端へ下がるしかなかった。波叩き獺の世界では、調和の取れた旋律への暗黙の了解こそが、生存の秩序を保つための、秘密の絆なのである。\n大人たちはよく河原を指さし、この機を逃さず、そばにいる幼い子どもにこう教え諭す。\n「見たかい？目立とうとして、むやみに騒いで嫌われるような真似をすれば、あの波叩き獺たちにだって群れから追い出されるんだぞ！」	「Rái Gõ Sóng」\nMỗi ngày khi ráng chiều tà nhuộm bãi sông của Huyền U Đông Nhạc thành một vùng vàng óng, những người Huyền Phương sống trong núi rừng sẽ ăn ý dừng công việc trong tay, cách mặt nước tĩnh lặng, mong chờ đàn sinh linh hiền hòa bên bờ đối diện kết thúc kiếm ăn, mở ra hồi náo nhiệt cuối cùng trong ngày.\nTừ rất lâu trước khi tổ tiên vùng đất Huyền Phương biết đẽo gỗ chế đàn, vùng nước này đã có nhạc sư thiên nhiên của riêng nó — Rái Gõ Sóng.\nThân hình tròn trịa đầy đặn mọc đầy lông cứng, giúp Rái Gõ Sóng giữ ấm cơ thể trong vùng nước lạnh giá. Song, tiến hóa kỳ lạ nhất của chúng, là viên "đá Hồi Âm" tròn trịa bóng loáng nơi bụng. Bài thơ mà mọi đứa trẻ vùng đất Huyền Phương đều thuộc lòng chính là bắt nguồn từ đây.\n"Nước có rái thiêng, ôm đá gõ âm, tiếng thanh trong vắt, vọng khắp núi sâu."\nSau khi ăn no uống đủ, đàn Rái Gõ Sóng sẽ khoan khoái nằm ngửa trên bãi sông, dùng đôi chân trước mập mạp mà linh hoạt nâng viên đá cuội bên nước hoặc chiếc vỏ sò cứng, dùng chúng gõ nhịp nhàng vào viên "đá Hồi Âm" nơi bụng. Tiếng va chạm trong trẻo, hòa cùng tiếng hót cao vút phát ra từ sâu trong cổ họng chúng, đan quyện thành một khúc nhã nhạc thiên thành giữa thung lũng sông lúc hoàng hôn.\nĐây không chỉ là trò tiêu khiển sau bữa ăn và nghi thức giao tiếp truyền tín hiệu sinh sản của đàn rái, mà còn trở thành niềm an ủi chan chứa chữa lành trong lòng người Huyền Phương, những người dân quê lao động cả ngày thường ngồi bệt xuống đất, lặng lẽ lắng nghe; thỉnh thoảng, cũng có nhạc sư đến bên hồ, lấy cây sáo trúc mang theo, cách mặt nước xa xa họa lại một đoạn. Người và rái không quấy nhiễu nhau, nhưng giữa sắc chiều và âm điệu lại đạt được một sự cộng hưởng ăn ý vượt qua ranh giới loài.\nĐiều thú vị là, giai điệu hài hòa này chẳng phải làm tùy tiện, quy tắc sống bầy đàn của Rái Gõ Sóng còn kèm theo một sự... "soi xét khắt khe" khác người.\nMột con Rái Gõ Sóng trẻ tuổi dường như khao khát thể hiện bản thân, nó phá vỡ nhịp điệu khoan thai vốn có, bắt đầu gõ dữ dội chẳng theo chương pháp nào, những âm thanh chói tai hỗn loạn và giọng hót thô ráp, làm những con Rái Gõ Sóng khác bộc lộ phản ứng ứng kích hết sức giống người.\nChúng dừng biểu diễn, vứt bỏ đá cuội, vỏ sò trên tay, giơ đôi chân bịt chặt tai, thậm chí nhắm nghiền hai mắt, tựa như đang chống chọi mưa gió cuồng nộ. Có vài con Rái Gõ Sóng đã nhẫn nhịn đến cực hạn, chúng chạy về phía "con rái phá đàn" ấy, dùng đá Hồi Âm trên bụng húc vào nó, chấm dứt thứ tạp âm này.\nDưới sự phản đối và chèn ép của cả đàn, cá thể "phá vỡ quy tắc" này chỉ có thể xám mặt lui ra rìa, trong thế giới của Rái Gõ Sóng, sự đồng thuận về giai điệu hài hòa, chính là sợi dây bí ẩn duy trì trật tự sinh tồn của chúng.\nNgười lớn thường chỉ vào bãi sông, mượn dịp dạy dỗ đứa trẻ ngây ngô bên cạnh:\n"Thấy chưa? Nếu chỉ vì ra oai, nghịch bậy khiến người ta chán ghét, thì đến cả Rái Gõ Sóng cũng húc con ra khỏi cửa đấy!"
lang_multi_text.db	AreaReportTitle_Text100	3.5	Hội thoại/Cốt truyện	Hệ thống/Thế giới			《生灵世界·玄方地界》选段二	The World of Living Beings: The Land of Xuanfang, Excerpt Two	『生きものたちの世界・玄方地界』抜粋・其ノ二	《Thế Giới Sinh Linh · Vùng Đất Huyền Phương》 đoạn chọn hai
lang_multi_text.db	AreaReportTitle_Text93	3.5	Hội thoại/Cốt truyện	Hệ thống/Thế giới			《关外铃音》中的玄方地界·其一	The Land of Xuanfang: Part One, from "The Golden Bell Beyond the Gate"	『関外鈴音』における玄方地界・其ノ一	Vùng đất Huyền Phương trong 《Quan Ngoại Linh Âm》 · Kỳ Nhất
lang_multi_text.db	AreaReportTitle_Text94	3.5	Hội thoại/Cốt truyện	Hệ thống/Thế giới			《关外铃音》中的玄方地界·其二	The Land of Xuanfang: Part Two, from "The Golden Bell Beyond the Gate"	『関外鈴音』における玄方地界・其ノ二	Vùng đất Huyền Phương trong 《Quan Ngoại Linh Âm》 · Kỳ Nhị
lang_multi_text.db	AreaReportTitle_Text95	3.5	Hội thoại/Cốt truyện	Hệ thống/Thế giới			评书底本《奇人“岿义孑”·上回》	The Storyteller's Script: The Extraordinary "Son of Unyielding Virtue": Part One	講談台本『奇人「巋義孑」・前編』	Bản gốc kể chuyện 《Kỳ Nhân "Khôi Nghĩa Kiết" · Hồi Trên》
lang_multi_text.db	AreaReportTitle_Text96	3.5	Hội thoại/Cốt truyện	Hệ thống/Thế giới			评书底本《奇人“岿义孑”·下回》	The Storyteller's Script: The Extraordinary "Son of Unyielding Virtue": Part Two	講談台本『奇人「巋義孑」・後編』	Bản gốc kể chuyện 《Kỳ Nhân "Khôi Nghĩa Kiết" · Hồi Dưới》
lang_multi_text.db	AreaReportTitle_Text97	3.5	Hội thoại/Cốt truyện	Hệ thống/Thế giới			《衔翎游记》节选一	The Travel Notes of Xianling: Excerpt One	『銜翎遊記』抜粋・其ノ一	《Hàm Linh Du Ký》 trích đoạn một
lang_multi_text.db	AreaReportTitle_Text98	3.5	Hội thoại/Cốt truyện	Hệ thống/Thế giới			《衔翎游记》节选二	The Travel Notes of Xianling: Excerpt Two	『銜翎遊記』抜粋・其ノ二	《Hàm Linh Du Ký》 trích đoạn hai
lang_multi_text.db	AreaReportTitle_Text99	3.5	Hội thoại/Cốt truyện	Hệ thống/Thế giới			《生灵世界·玄方地界》选段一	The World of Living Beings: The Land of Xuanfang, Excerpt One	『生きものたちの世界・玄方地界』抜粋・其ノ一	《Thế Giới Sinh Linh · Vùng Đất Huyền Phương》 đoạn chọn một
lang_multi_text.db	Area_205_Title	3.5	Hội thoại/Cốt truyện	Hệ thống/Thế giới			梦窟		<ano=むくつ>夢窟</ano>	Hang Mộng
lang_multi_text.db	Area_44001_Title	3.5	Hội thoại/Cốt truyện	Hệ thống/Thế giới			玄方城	Xuanfang Hold	<ano=げんぽうじょう>玄方城</ano>	Huyền Phương Thành
lang_multi_text.db	Area_44002_Title	3.5	Hội thoại/Cốt truyện	Hệ thống/Thế giới			方擎西峰	Western Fang Peaks	<ano=ほうけいせいほう>方擎西峰</ano>	Phương Kình Tây Phong
lang_multi_text.db	Area_44003_Title	3.5	Hội thoại/Cốt truyện	Hệ thống/Thế giới			落渊南丘	Southern Yuan Hills	<ano=らくえんなんきゅう>落淵南丘</ano>	Lạc Uyên Nam Khâu
lang_multi_text.db	Area_44004_Title	3.5	Hội thoại/Cốt truyện	Hệ thống/Thế giới			玄幽东岳	Eastern Xuan Peaks	<ano=げんゆうとうがく>玄幽東岳</ano>	Huyền U Đông Nhạc
lang_multi_text.db	Area_44011_Title	3.5	Hội thoại/Cốt truyện	Hệ thống/Thế giới			玄方·天工部		玄方・<ano=てんこうぶ>天工部</ano>	Huyền Phương·Bộ Thiên Công
lang_multi_text.db	Area_44012_Title	3.5	Hội thoại/Cốt truyện	Hệ thống/Thế giới			玄方·军策府		玄方・<ano=ぐんさくふ>軍策府</ano>	Huyền Phương·Phủ Quân Sách
lang_multi_text.db	Area_44013_Title	3.5	Hội thoại/Cốt truyện	Hệ thống/Thế giới			汇珍坊		<ano=かいちんぼう>匯珍坊</ano>	Hối Trân Phường
lang_multi_text.db	Area_44014_Title	3.5	Hội thoại/Cốt truyện	Hệ thống/Thế giới			玄方·华胥院		玄方・<ano=かそいん>華胥院</ano>	Huyền Phương·Hoa Tư Viện
lang_multi_text.db	Area_44015_Title	3.5	Hội thoại/Cốt truyện	Hệ thống/Thế giới			匣林苑		<ano=こうりんえん>匣林苑</ano>	Hạp Lâm Uyển
lang_multi_text.db	Area_44016_Title	3.5	Hội thoại/Cốt truyện	Hệ thống/Thế giới			玄方广场		玄方広場	Quảng Trường Huyền Phương
lang_multi_text.db	Area_44017_Title	3.5	Hội thoại/Cốt truyện	Hệ thống/Thế giới			西擎坡		<ano=せいけい>西擎</ano>の坂	Dốc Tây Kình
lang_multi_text.db	Area_44018_Title	3.5	Hội thoại/Cốt truyện	Hệ thống/Thế giới			东幽隘		<ano=とうゆう>東幽</ano>の谷	Ải Đông U
lang_multi_text.db	Area_44021_Title	3.5	Hội thoại/Cốt truyện	Hệ thống/Thế giới			千形坊·流线		<ano=せんぎょう>千形</ano>の工房・機流の導線	Thiên Hình Phường·Lưu Tuyến
lang_multi_text.db	Area_44022_Title	3.5	Hội thoại/Cốt truyện	Hệ thống/Thế giới			万机台		<ano=ばんき>万機</ano>の台座	Vạn Cơ Đài
lang_multi_text.db	Area_44023_Title	3.5	Hội thoại/Cốt truyện	Hệ thống/Thế giới			千形坊·构间		<ano=せんぎょう>千形</ano>の工房・構成の間	Thiên Hình Phường · Cấu Gian
lang_multi_text.db	Area_44024_Title	3.5	Hội thoại/Cốt truyện	Hệ thống/Thế giới			千形坊·湮墟		<ano=せんぎょう>千形</ano>の工房・滅びの廃墟	Thiên Hình Phường·Yên Khư
lang_multi_text.db	Area_44026_Title	3.5	Hội thoại/Cốt truyện	Hệ thống/Thế giới			中枢构间		構成の間・中枢	Gian Cấu Trung Xu
lang_multi_text.db	Area_44031_Title	3.5	Hội thoại/Cốt truyện	Hệ thống/Thế giới			玄方界门		<ano=げんぽうかいもん>玄方界門</ano>	Cửa Giới Huyền Phương
lang_multi_text.db	Area_44032_Title	3.5	Hội thoại/Cốt truyện	Hệ thống/Thế giới			井栈		<ano=せいさん>井桟</ano>	Tỉnh Sạn
lang_multi_text.db	Area_44033_Title	3.5	Hội thoại/Cốt truyện	Hệ thống/Thế giới			雀回苑		<ano=じゃくかいえん>雀回苑</ano>	Tước Hồi Uyển
lang_multi_text.db	Area_44034_Title	3.5	Hội thoại/Cốt truyện	Hệ thống/Thế giới			洗羽潭	Preening Pool	<ano=はあらい>羽洗</ano>の池	Đầm Rửa Lông
lang_multi_text.db	Area_44035_Title	3.5	Hội thoại/Cốt truyện	Hệ thống/Thế giới			鸣秋川		<ano=めいしゅう>鳴秋</ano>の川	Minh Thu Xuyên
lang_multi_text.db	Area_44036_Title	3.5	Hội thoại/Cốt truyện	Hệ thống/Thế giới			沁喙林	Sweetbeak Orchard	<ano=せいおん>清音</ano>の林	Vườn Thấm Mỏ
lang_multi_text.db	Area_44037_Title	3.5	Hội thoại/Cốt truyện	Hệ thống/Thế giới			终武方庭		終戦の<ano=ほうてい>方庭</ano>	Chung Võ Phương Đình
lang_multi_text.db	Area_44038_Title	3.5	Hội thoại/Cốt truyện	Hệ thống/Thế giới			百节廊		<ano=ひゃくせつ>百節</ano>の回廊	Hành Lang Bách Tiết
lang_multi_text.db	Area_44041_Title	3.5	Hội thoại/Cốt truyện	Hệ thống/Thế giới			寂渊旧墟		寂れた<ano=えんきょ>淵墟</ano>	Tịch Uyên Cựu Khư
lang_multi_text.db	Area_44042_Title	3.5	Hội thoại/Cốt truyện	Hệ thống/Thế giới			倚枝岭		<ano=しきれい>枝寄嶺</ano>	Đỉnh Ỷ Chi
lang_multi_text.db	Area_44043_Title	3.5	Hội thoại/Cốt truyện	Hệ thống/Thế giới			雾隐阁		<ano=むいんかく>霧隠閣</ano>	Vụ Ẩn Các
lang_multi_text.db	Area_44044_Title	3.5	Hội thoại/Cốt truyện	Hệ thống/Thế giới			衔翎村		<ano=かんれいむら>銜翎村</ano>	Làng Hàm Linh
lang_multi_text.db	Area_44045_Title	3.5	Hội thoại/Cốt truyện	Hệ thống/Thế giới			雾隐阁·上层		<ano=むいんかく>霧隠閣</ano>・上層	Vụ Ẩn Các·Tầng Trên
lang_multi_text.db	Area_44046_Title	3.5	Hội thoại/Cốt truyện	Hệ thống/Thế giới			雾隐阁·下层		<ano=むいんかく>霧隠閣</ano>・下層	Vụ Ẩn Các·Tầng Dưới
lang_multi_text.db	Area_44047_Title	3.5	Hội thoại/Cốt truyện	Hệ thống/Thế giới			沉枢渊		<ano=きしずみ>機沈み</ano>の淵	Trầm Khu Uyên
lang_multi_text.db	Area_44048_Title	3.5	Hội thoại/Cốt truyện	Hệ thống/Thế giới			雾隐帘洞		<ano=むいん>霧隠</ano>の洞窟	Động Rèm Vụ Ẩn
lang_multi_text.db	Area_44051_Title	3.5	Hội thoại/Cốt truyện	Hệ thống/Thế giới			门厅		広間	Sảnh Cửa
lang_multi_text.db	Area_44052_Title	3.5	Hội thoại/Cốt truyện	Hệ thống/Thế giới			巧匣囿间		<ano=こうこう>巧匣</ano>の<ano=ゆうかん>囿間</ano>	Gian Vườn Xảo Hạp
lang_multi_text.db	Area_44053_Title	3.5	Hội thoại/Cốt truyện	Hệ thống/Thế giới			逐影囿间		<ano=かげおい>影追</ano>の<ano=ゆうかん>囿間</ano>	Gian Vườn Trục Ảnh
lang_multi_text.db	Area_44054_Title	3.5	Hội thoại/Cốt truyện	Hệ thống/Thế giới			烟海囿间		<ano=えんかい>煙海</ano>の<ano=ゆうかん>囿間</ano>	Gian Vườn Yên Hải
lang_multi_text.db	Area_44061_Title	3.5	Hội thoại/Cốt truyện	Hệ thống/Thế giới			门厅		広間	Sảnh Cửa
lang_multi_text.db	Area_44062_Title	3.5	Hội thoại/Cốt truyện	Hệ thống/Thế giới			傀儡囿间		<ano=くぐつ>傀儡</ano>の<ano=ゆうかん>囿間</ano>	Gian Vườn Con Rối
lang_multi_text.db	Area_44063_Title	3.5	Hội thoại/Cốt truyện	Hệ thống/Thế giới			虚映囿间		<ano=きょえい>虚映</ano>の<ano=ゆうかん>囿間</ano>	Hư Ánh Hữu Gian
lang_multi_text.db	Area_44071_Title	3.5	Hội thoại/Cốt truyện	Hệ thống/Thế giới			雾隐井		<ano=むいん>霧隠</ano>の井戸	Giếng Vụ Ẩn
lang_multi_text.db	Area_44072_Title	3.5	Hội thoại/Cốt truyện	Hệ thống/Thế giới			渊心回廊		<ano=えんしん>淵心</ano>の回廊	Hành Lang Uyên Tâm
lang_multi_text.db	Area_44073_Title	3.5	Hội thoại/Cốt truyện	Hệ thống/Thế giới			净落坊		浄化の工房	Tịnh Lạc Phường
lang_multi_text.db	Area_44074_Title	3.5	Hội thoại/Cốt truyện	Hệ thống/Thế giới			幽锁层		<ano=ゆうげん>幽限</ano>の階層	Tầng U Tỏa
lang_multi_text.db	Area_44075_Title	3.5	Hội thoại/Cốt truyện	Hệ thống/Thế giới			幽锁层·二层		<ano=ゆうげん>幽限</ano>の階層・二階目	Tầng U Tỏa·Tầng Hai
lang_multi_text.db	Area_44076_Title	3.5	Hội thoại/Cốt truyện	Hệ thống/Thế giới			幽锁层·三层		<ano=ゆうげん>幽限</ano>の階層・三階目	Tầng U Tỏa·Tầng Ba
lang_multi_text.db	Area_44077_Title	3.5	Hội thoại/Cốt truyện	Hệ thống/Thế giới			雾隐枢		<ano=むいんすう>霧隠枢</ano>	Vụ Ẩn Xu
lang_multi_text.db	MapNote_DollCollect_Desc	3.5	Hội thoại/Cốt truyện	Hệ thống/Thế giới			玄方地界·机偶部件已集齐			Vùng Đất Huyền Phương·Đã thu thập đủ linh kiện Cơ Ngẫu
lang_multi_text.db	MapNote_MengzhouCollect_Desc	3.5	Hội thoại/Cốt truyện	Hệ thống/Thế giới			玄方地界·梁鸢回收等级提升			Vùng Đất Huyền Phương·Cấp Thu Hồi Lương Diên tăng lên
lang_multi_text.db	OccupationConfig_ClosedSegmentMap900_Name	3.5	Hội thoại/Cốt truyện	Hệ thống/Thế giới			『漂泊者』		『漂泊者』	『Rover』
lang_multi_text.db	OccupationConfig_ClosedSegmentMap906_Name	3.5	Hội thoại/Cốt truyện	Hệ thống/Thế giới			『漂泊者』		『漂泊者』	『Rover』
lang_multi_text.db	OccupationConfig_ClosedSegmentMap909_Name	3.5	Hội thoại/Cốt truyện	Hệ thống/Thế giới			『漂泊者』		『漂泊者』	『Rover』
lang_multi_text.db	OccupationConfig_ClosedSegmentMap911_Name	3.5	Hội thoại/Cốt truyện	Hệ thống/Thế giới			『漂泊者』		『漂泊者』	『Rover』
lang_multi_text.db	OccupationConfig_ClosedSegmentMap912_Name	3.5	Hội thoại/Cốt truyện	Hệ thống/Thế giới			『漂泊者』		『漂泊者』	『Rover』
lang_multi_text.db	OccupationConfig_ClosedSegmentMap913_Name	3.5	Hội thoại/Cốt truyện	Hệ thống/Thế giới			『漂泊者』		『漂泊者』	『Rover』
lang_multi_text.db	OccupationConfig_ClosedSegmentMap914_Name	3.5	Hội thoại/Cốt truyện	Hệ thống/Thế giới			『漂泊者』		『漂泊者』	『Rover』
lang_multi_text.db	OccupationConfig_kuainiang_Name	3.5	Hội thoại/Cốt truyện	Hệ thống/Thế giới			鲙娘		鱠娘（カイニャン）	Khoái Nương
lang_multi_text.db	OccupationConfig_leitao_Name	3.5	Hội thoại/Cốt truyện	Hệ thống/Thế giới			test/累陶		累陶（ルイトウ）	Lũy Đào
lang_multi_text.db	OccupationConfig_qiuhong_Name	3.5	Hội thoại/Cốt truyện	Hệ thống/Thế giới			秋鸿		秋鴻（シュウコウ）	Qiuhong
lang_multi_text.db	OccupationConfig_suisui_Name	3.5	Hội thoại/Cốt truyện	Hệ thống/Thế giới			穗穗	Suisui	穂穂（スイスイ）	Suisui
lang_multi_text.db	OccupationConfig_weining_Name	3.5	Hội thoại/Cốt truyện	Hệ thống/Thế giới			test/卫宁		衛寧	Vệ Ninh
lang_multi_text.db	OccupationConfig_yangyangxuanling_Name	3.5	Hội thoại/Cốt truyện	Hệ thống/Thế giới			test/秧秧·玄翎		秧秧・玄翎（ヤンヤン・ゲンレイ）	Yangyang: Xuanling
