dbfile	key	version	category	folder	speaker	mission	trung_cn	anh_en	nhat_jp	viet_vi
lang_multi_text.db	16:08	3.4	Hội thoại/Cốt truyện	Hội thoại/Khác			不可超过{0}个字符	Cannot exceed {0} characters	{0}半角文字以下にしてください	Không được vượt quá {0} ký tự
lang_multi_text.db	AMS31_1_1	3.4	Hội thoại/Cốt truyện	Hội thoại/Khác			（看向她。）	(Look at her.)	(彼女に目を向ける)	(Nhìn cô ấy.)
lang_multi_text.db	AMS31_1_2	3.4	Hội thoại/Cốt truyện	Hội thoại/Khác	NPC #150086		……	...	……	...
lang_multi_text.db	AMS31_1_3	3.4	Hội thoại/Cốt truyện	Hội thoại/Khác	Speaker_84_Name		你看向「爱弥斯」，她正倚靠在小屋的沙发上，安静地闭着双眼。	You look toward "Aemeath." She is quietly resting on the sofa, eyes closed.	「エイメス」を見つめる。彼女はソファに深く身を預け、静かに目を閉じていた。	Bạn nhìn về phía "Aemeath", cô ấy đang tựa vào ghế sofa trong căn nhà nhỏ, lặng lẽ nhắm mắt.
lang_multi_text.db	AMS31_1_4	3.4	Hội thoại/Cốt truyện	Hội thoại/Khác	Speaker_84_Name		柔软宽敞的沙发前方正摆着插着卡带的游戏机和手柄，它看起来很适合两个人一起在冬日靠着打游戏，也很适合盖上毯子睡个浅眠的午觉。	A console and two controllers rest before the sofa, with a game loaded. It looks like a perfect nook for two to play shoulder-to-shoulder or snuggle through a mellow winter afternoon.	ふかふかで広々としたそのソファの前には、ロムカセットが差し込まれたままのゲーム機と、コントローラーが置かれている。寒い冬の日、二人で寄り添ってゲームをするにはおあつらえ向きで、毛布にくるまってうたた寝をするのにも良さそうだ。	Phía trước chiếc ghế sofa mềm mại và rộng rãi là máy chơi game có cắm băng cùng tay cầm, trông có vẻ rất thích hợp cho hai người cùng ngồi chơi game vào một ngày mùa đông, cũng rất thích hợp để đắp chăn ngủ một giấc trưa ngắn.
lang_multi_text.db	AMS31_1_5	3.4	Hội thoại/Cốt truyện	Hội thoại/Khác	Speaker_84_Name		「她」睡着了吗？「她」也会做梦吗？	Is "she" asleep? Does "she" dream as well?	「彼女」は眠っているのだろうか？　それとも、「彼女」もまた、夢を見るのだろうか？	"Cô ấy" ngủ rồi sao? "Cô ấy" cũng sẽ mơ sao?
lang_multi_text.db	AMS31_1_6	3.4	Hội thoại/Cốt truyện	Hội thoại/Khác	Speaker_84_Name		你不得而知。	You have no way of knowing.	……今のあなたには、知る由もない。	Bạn không thể nào biết được.
lang_multi_text.db	AMS31_2_1	3.4	Hội thoại/Cốt truyện	Hội thoại/Khác			（看向她。）	(Look at her.)	(彼女に目を向ける)	(Nhìn cô ấy.)
lang_multi_text.db	AMS31_2_2	3.4	Hội thoại/Cốt truyện	Hội thoại/Khác	NPC #150086		……	...	……	...
lang_multi_text.db	AMS31_2_3	3.4	Hội thoại/Cốt truyện	Hội thoại/Khác	Speaker_84_Name		你看向「爱弥斯」，她正专注着站在工作台前，歪着脑袋凝视着眼前的一切。	You look toward "Aemeath." She hunches over the workbench, head tilted as she pores over the display.	「エイメス」を見つめる。彼女は作業台の前に立ち、小首をかしげて、目の前のものをじっと見つめていた。	Bạn nhìn về phía "Aemeath", cô ấy đang chăm chú đứng trước bàn làm việc, nghiêng đầu nhìn chằm chằm vào mọi thứ trước mắt.
lang_multi_text.db	AMS31_2_4	3.4	Hội thoại/Cốt truyện	Hội thoại/Khác	Speaker_84_Name		这是过去的你工作时使用的地方，也是年幼的爱弥斯常来的地方。有时候你在忙，她就坐在一旁的椅子上自个儿画画，像个忠实的小守卫。	This was where you used to work and the usual haunt for young Aemeath. When you were busy, she would sit beside you and draw in silence, like a small, loyal guardian keeping watch.	ここはかつて、あなたが仕事をしていた場所。そして、幼いエイメスがよく遊びに来ていた場所でもある。あなたが忙しくしていると、彼女は傍らの椅子に座り、ひとりで絵を描いていた。まるで、忠実な小さな番人のように。	Đây là nơi bạn từng làm việc trong quá khứ, cũng là nơi Aemeath thuở nhỏ thường lui tới. Đôi khi bạn bận rộn, cô ấy sẽ ngồi trên chiếc ghế bên cạnh tự mình vẽ tranh, giống như một vệ sĩ nhỏ trung thành.
lang_multi_text.db	AMS31_2_5	3.4	Hội thoại/Cốt truyện	Hội thoại/Khác	Speaker_84_Name		如今，台面上已经蒙了一层淡淡的尘埃。	Now, the tabletop is covered by a thin layer of dust.	今、その台の上には、うっすらと埃が積もっている。	Giờ đây, trên mặt bàn đã phủ một lớp bụi mỏng.
lang_multi_text.db	AMS31_3_1	3.4	Hội thoại/Cốt truyện	Hội thoại/Khác			（看向她。）	(Look at her.)	(彼女に目を向ける)	(Nhìn cô ấy.)
lang_multi_text.db	AMS31_3_2	3.4	Hội thoại/Cốt truyện	Hội thoại/Khác	NPC #150086		……	...	……	...
lang_multi_text.db	AMS31_3_3	3.4	Hội thoại/Cốt truyện	Hội thoại/Khác	Speaker_84_Name		你看向「爱弥斯」，她正一动不动地坐在渐湖的湖畔，目光投向眼前闪动着瑰丽色彩的湖面。	You look toward "Aemeath." She sits motionless by the shore of the Ginnungamere, her gaze fixed on the water, where glistening lights dance on the ripples	「エイメス」を見つめる。 彼女はギンヌンガミールの畔に座り、微動だにしない。 ただ、美しい色彩をきらめかせる湖面に、視線を投げかけているだけだ。	Bạn nhìn về phía "Aemeath", cô ấy đang ngồi bất động bên bờ hồ Ginnungamere, ánh mắt hướng về mặt hồ lấp lánh những sắc màu rực rỡ trước mặt.
lang_multi_text.db	AMS31_3_4	3.4	Hội thoại/Cốt truyện	Hội thoại/Khác	Speaker_84_Name		这片湖是一切的起始，也是一切的结束，你在这里和爱弥斯相遇，也在这里和爱弥斯分离。	This lake is where everything began, and where everything comes to an end. It is here that your paths first crossed, and here that they finally diverged.	この湖は、すべての始まりであり、すべての終わりでもある場所。 あなたはここでエイメスと出会い、そしてここで、エイメスと別れた。	Mặt hồ này là khởi đầu của mọi thứ, cũng là kết thúc của mọi thứ, bạn đã gặp Aemeath ở đây, và cũng chia tay Aemeath ở đây.
lang_multi_text.db	AMS31_3_5	3.4	Hội thoại/Cốt truyện	Hội thoại/Khác	Speaker_84_Name		命运如石子投入湖中，只溅起沉闷的声响，湖水静默如常。	Like a pebble into the lake, these memories make only a small splash in the waters of fate. The ripples soon fade.	運命とは、湖に投げ込まれた小石のようなものだ。鈍い音を残し、湖面は何事もなかったかのように、静まり返っている。	Vận mệnh như hòn đá ném xuống hồ, chỉ tạo ra âm thanh trầm đục, nước hồ vẫn tĩnh lặng như thường.
lang_multi_text.db	AbandonProjectName01	3.4	Hội thoại/Cốt truyện	Hội thoại/Khác			非五星品质	Non 5-Star	星5以外	Không phải phẩm chất 5 Sao
lang_multi_text.db	AbandonProjectName02	3.4	Hội thoại/Cốt truyện	Hội thoại/Khác			COST 3-冷凝	COST 3 (Glacio)	COST 3-凝縮	COST 3-Ngưng Băng
lang_multi_text.db	AbandonProjectName03	3.4	Hội thoại/Cốt truyện	Hội thoại/Khác			COST 3-热熔	COST 3 (Fusion)	COST 3-焦熱	COST 3-Hỏa Liệt
lang_multi_text.db	AbandonProjectName04	3.4	Hội thoại/Cốt truyện	Hội thoại/Khác			COST 3-导电	COST 3 (Electro)	COST 3-電導	COST 3-Điện Từ
lang_multi_text.db	AbandonProjectName05	3.4	Hội thoại/Cốt truyện	Hội thoại/Khác			COST 3-气动	COST 3 (Aero)	COST 3-気動	COST 3-Khí Động
lang_multi_text.db	AbandonProjectName06	3.4	Hội thoại/Cốt truyện	Hội thoại/Khác			COST 3-衍射	COST 3 (Spectro)	COST 3-回折	COST 3-Quang Phổ
lang_multi_text.db	AbandonProjectName07	3.4	Hội thoại/Cốt truyện	Hội thoại/Khác			COST 3-湮灭	COST 3 (Havoc)	COST 3-消滅	COST 3-Hủy Diệt
lang_multi_text.db	AbyssAbtSort	3.4	Hội thoại/Cốt truyện	Hội thoại/Khác			属性加成	Stat Bonus	ステボナ	Tăng Thuộc Tính
lang_multi_text.db	AbyssDangoLV	3.4	Hội thoại/Cốt truyện	Hội thoại/Khác			lv.{0}	Lv. {0}	Lv.{0}	Lv. {0}
lang_multi_text.db	AbyssDangoReviveWait	3.4	Hội thoại/Cốt truyện	Hội thoại/Khác			等待当前角色死亡结束	End after the current Resonator is downed	蘇生可能までお待ちください	Chờ nhân vật hiện tại bị hạ gục
lang_multi_text.db	AbyssDango_LV	3.4	Hội thoại/Cốt truyện	Hội thoại/Khác			+{0}	+{0}	+{0}	+{0}
lang_multi_text.db	AbyssEquipSort	3.4	Hội thoại/Cốt truyện	Hội thoại/Khác			已装备	Equipped	装備済	Đã trang bị
lang_multi_text.db	AbyssItem_Lock1	3.4	Hội thoại/Cốt truyện	Hội thoại/Khác			已锁定	Locked	ロック済	Đã Khóa
lang_multi_text.db	AbyssItem_UnLock1	3.4	Hội thoại/Cốt truyện	Hội thoại/Khác			未锁定	Not Locked	未ロック	Chưa Khóa
lang_multi_text.db	AbyssLevelProgress	3.4	Hội thoại/Cốt truyện	Hội thoại/Khác			关卡挑战进度  {0}%	Progress {0}%	ステージ挑戦進捗　{0}%	Tiến Độ Thử Thách {0}%
lang_multi_text.db	AbyssLockSort	3.4	Hội thoại/Cốt truyện	Hội thoại/Khác			锁定	Locked	ロック	Khóa
lang_multi_text.db	AbyssMPChallenge	3.4	Hội thoại/Cốt truyện	Hội thoại/Khác			组队挑战	Co-op Challenge	マッチング	Thử Thách Tổ Đội
lang_multi_text.db	AbyssNeedPreChallengeFinish	3.4	Hội thoại/Cốt truyện	Hội thoại/Khác			请完成前置关卡	Please clear the prerequisite level	前のステージをクリアしてください	Vui lòng hoàn thành ải trước
lang_multi_text.db	AbyssQualitySort	3.4	Hội thoại/Cốt truyện	Hội thoại/Khác			模块品质	Module Rarity	パーツ品質	Phẩm Chất Mô-đun
lang_multi_text.db	AbyssQuality_Lv1	3.4	Hội thoại/Cốt truyện	Hội thoại/Khác			1级	Lv. 1	Lv1	Cấp 1
lang_multi_text.db	AbyssQuality_Lv2	3.4	Hội thoại/Cốt truyện	Hội thoại/Khác			2级	Lv. 2	Lv2	Cấp 2
lang_multi_text.db	AbyssQuality_Lv3	3.4	Hội thoại/Cốt truyện	Hội thoại/Khác			3级	Lv. 3	Lv3	Cấp 3
lang_multi_text.db	AbyssQuality_Lv4	3.4	Hội thoại/Cốt truyện	Hội thoại/Khác			4级	Lv. 4	Lv4	Cấp 4
lang_multi_text.db	AbyssQuality_Lv5	3.4	Hội thoại/Cốt truyện	Hội thoại/Khác			5级	Lv. 5	Lv5	Cấp 5
lang_multi_text.db	AbyssQuality_Lv6	3.4	Hội thoại/Cốt truyện	Hội thoại/Khác			6级	Lv. 6	Lv6	Cấp 6
lang_multi_text.db	AbyssQuality_Lv7	3.4	Hội thoại/Cốt truyện	Hội thoại/Khác			6级	Lv. 6	Lv6	Cấp 6
lang_multi_text.db	AbyssRoute_BuffDesc_1001	3.4	Hội thoại/Cốt truyện	Hội thoại/Khác			复苏时间（单人模式）：10秒\n复苏时间（联机模式）：10秒\n\n共享复活次数：9次	Revival Time: 10s (Solo & Co-op)\n\nShared Revive Chances: 9	蘇生時間（ソロモード）：10秒\n蘇生時間（マルチモード）：10秒\n\n共通蘇生回数：9回	Thời gian Hồi sinh (Chơi Đơn): 10s\nThời gian Hồi sinh (Nhiều Người): 10s\n\nSố lần Hồi sinh Chung: 9 lần
lang_multi_text.db	AbyssRoute_BuffDesc_1002	3.4	Hội thoại/Cốt truyện	Hội thoại/Khác			·敌方单位对目标造成伤害时，会附加1层【光噪效应】，该效果每3秒可触发1次\n·轻波级单位在未受到攻击的5秒后，每2秒回复自身5%最大生命值的生命\n\n复苏时间（单人模式）：10秒\n复苏时间（联机模式）：10秒\n\n共享复活次数：4次	- Enemies apply 1 stack of Spectro Frazzle when dealing damage to a target, triggered once every 3s.\n- When not being hit for 5s, Common Class enemies recover 5% of their Max HP every 2s.\n\nRevival Time: 10s (Solo & Co-op)\n\nShared Revive Chances: 4	· 敵が目標にダメージを与えた時、【騒光効果】を1スタック付与する。この効果は3秒ごとに1回発動可能\n· 水風級の敵は5秒間攻撃を受けなかった場合、その後2秒ごとに自身のHP上限の5%を回復する\n\n蘇生時間（ソロモード）：10秒\n蘇生時間（マルチモード）：10秒\n\n共通蘇生回数：4回	·Khi kẻ địch gây sát thương cho mục tiêu, sẽ thêm 1 tầng [Hiệu Ứng Quang Táo], hiệu ứng này mỗi 3s kích hoạt 1 lần\n·Sau 5s không bị tấn công, kẻ địch Cấp Khinh Ba mỗi 2s hồi 5% HP tối đa\n\nThời gian Hồi sinh (Chơi Đơn): 10s\nThời gian Hồi sinh (Nhiều Người): 10s\n\nSố lần Hồi sinh Chung: 4 lần
lang_multi_text.db	AbyssRoute_BuffDesc_1003	3.4	Hội thoại/Cốt truyện	Hội thoại/Khác			·敌方单位对目标造成伤害时，会附加1层【霜渐效应】，该效果每3秒可触发1次\n·巨浪级单位获得效果：周围目标防御力提升60%\n\n复苏时间（单人模式）：10秒\n复苏时间（联机模式）：10秒\n\n共享复活次数：4次	- Enemies apply 1 stack of Glacio Chafe when dealing damage to a target, triggered once every 3s.\n- Elite Class enemies gain the following effect: DEF of nearby friendly units is increased by 60%.\n\nRevival Time: 10s (Solo & Co-op)\n\nShared Revive Chances: 4	· 敵が目標にダメージを与えた時、【結霜効果】を1スタック付与する。この効果は3秒ごとに1回発動可能\n· 巨浪級およびその周囲にいる敵は、防御力が60%アップ\n\n蘇生時間（ソロモード）：10秒\n蘇生時間（マルチモード）：10秒\n\n共通蘇生回数：4回	·Khi kẻ địch gây sát thương cho mục tiêu, sẽ thêm 1 tầng [Hiệu Ứng Sương Tiệm], hiệu ứng này mỗi 3s kích hoạt 1 lần\n·Kẻ địch Cấp Cự Lãng nhận hiệu ứng: Phòng ngự của mục tiêu xung quanh tăng 60%\n\nThời gian Hồi sinh (Chơi Đơn): 10s\nThời gian Hồi sinh (Nhiều Người): 10s\n\nSố lần Hồi sinh Chung: 4 lần
lang_multi_text.db	AbyssRoute_BuffDesc_1004	3.4	Hội thoại/Cốt truyện	Hội thoại/Khác			·敌方单位对目标造成伤害时，会附加1层【风蚀效应】，该效果每3秒可触发1次\n·敌方对生命未满的目标造成额外30%的伤害\n\n复苏时间（单人模式）：10秒\n复苏时间（联机模式）：10秒\n\n共享复活次数：4次	- Enemies apply 1 stack of Aero Erosion when dealing damage to a target, triggered once every 3s.\n- Enemies deal 30% more DMG to targets with HP below 100%.\n\nRevival Time: 10s (Solo & Co-op)\n\nShared Revive Chances: 4	· 敵が目標にダメージを与えた時、【風蝕効果】を1スタック付与する。この効果は3秒ごとに1回発動可能\n· 敵がHPが100%未満の目標に対する与ダメージ+30%\n\n蘇生時間（ソロモード）：10秒\n蘇生時間（マルチモード）：10秒\n\n共通蘇生回数：4回	·Khi kẻ địch gây sát thương cho mục tiêu, sẽ thêm 1 tầng [Hiệu Ứng Phong Thực], hiệu ứng này mỗi 3s kích hoạt 1 lần\n·Kẻ địch gây thêm 30% sát thương cho mục tiêu có HP chưa đầy\n\nThời gian Hồi sinh (Chơi Đơn): 10s\nThời gian Hồi sinh (Nhiều Người): 10s\n\nSố lần Hồi sinh Chung: 4 lần
lang_multi_text.db	AbyssRoute_BuffDesc_1005	3.4	Hội thoại/Cốt truyện	Hội thoại/Khác			·敌方单位对目标造成伤害时，会附加1层【聚爆效应】，该效果每3秒可触发1次\n·巨浪级单位每秒可对周围目标造成伤害，造成目标4%最大生命值的伤害。不可叠加\n\n复苏时间（单人模式）：10秒\n复苏时间（联机模式）：10秒\n\n共享复活次数：4次	- Enemies apply 1 stack of Fusion Burst when dealing damage to a target, triggered once every 3s.\n- Elite Class enemies deal DMG equal to 4% of the target's Max HP to nearby targets every second. This effect is not stackable.\n\nRevival Time: 10s (Solo & Co-op)\n\nShared Revive Chances: 4	· 敵が目標にダメージを与えた時、【斉爆効果】を1スタック付与する。この効果は3秒ごとに1回発動可能\n· 巨浪級の敵は、1秒ごとに周囲の目標にそのHP上限の4%のダメージを与える。この効果は重複発動しない。\n\n蘇生時間（ソロモード）：10秒\n蘇生時間（マルチモード）：10秒\n\n共通蘇生回数：4回	·Khi kẻ địch gây sát thương cho mục tiêu, sẽ thêm 1 tầng [Hiệu Ứng Tụ Bạo], hiệu ứng này mỗi 3s kích hoạt 1 lần\n·Mỗi giây kẻ địch Cấp Cự Lãng gây sát thương cho mục tiêu xung quanh bằng 4% HP tối đa của mục tiêu. Không thể cộng dồn\n\nThời gian Hồi sinh (Chơi Đơn): 10s\nThời gian Hồi sinh (Nhiều Người): 10s\n\nSố lần Hồi sinh Chung: 4 lần
lang_multi_text.db	AbyssRoute_BuffDesc_1006	3.4	Hội thoại/Cốt truyện	Hội thoại/Khác			·敌方单位对目标造成伤害时，会附加1层【电磁效应】，该效果每3秒可触发1次\n·角色的攻击命中怒涛级或海啸级目标时，会在命中的位置召唤雷电攻击附近的所有目标，造成生命上限10%的伤害，每3秒可触发1次。\n\n复苏时间（单人模式）：10秒\n复苏时间（联机模式）：10秒\n\n共享复活次数：4次	- Enemies apply 1 stack of Electro Flare when dealing damage to a target, triggered once every 3s.\n- When the Resonator's attack hits an Overlord or Calamity Class target, lightning is summoned at the hit location to attack all nearby targets, dealing DMG equal to 10% of their Max HP, triggered once every 3s.\n\nRevival Time: 10s (Solo & Co-op)\nShared Revive Chances: 4	· 敵が目標にダメージを与えた時、【電磁効果】を1スタック付与する。この効果は3秒ごとに1回発動可能\n· キャラの攻撃が怒涛級または津波級の敵に命中時、命中位置に落雷を召喚し範囲内にいる全ての目標に攻撃し、HP上限10%のダメージを与える。この効果は3秒ごとに1回発動可能。\n\n蘇生時間（ソロモード）：10秒\n蘇生時間（マルチモード）：10秒\n\n共通蘇生回数：4回	·Khi kẻ địch gây sát thương cho mục tiêu, sẽ thêm 1 tầng [Hiệu Ứng Điện Từ], hiệu ứng này mỗi 3s kích hoạt 1 lần\n·Khi đòn tấn công của nhân vật trúng mục tiêu Cấp Nộ Đào hoặc Cấp Hải Khiếu, sẽ triệu hồi sấm sét tại vị trí đánh trúng, tấn công tất cả mục tiêu xung quanh, gây sát thương bằng 10% HP tối đa, mỗi 3s kích hoạt 1 lần.\n\nThời gian Hồi sinh (Chơi Đơn): 10s\nThời gian Hồi sinh (Nhiều Người): 10s\n\nSố lần Hồi sinh Chung: 4 lần
lang_multi_text.db	AbyssRoute_BuffDesc_1007	3.4	Hội thoại/Cốt truyện	Hội thoại/Khác			巨浪级单位每秒可对周围目标造成伤害，造成目标2%最大生命值的伤害。不可叠加\n\n复苏时间（单人模式）：10秒\n复苏时间（联机模式）：10秒\n\n共享复活次数：9次	Elite Class enemies deal DMG equal to 2% of the target's Max HP to nearby targets every second. This effect is not stackable.\n\nRevival Time: 10s (Solo & Co-op)\n\nShared Revive Chances: 9	· 巨浪級の敵は、1秒ごとに周囲の目標にそのHP上限の2%のダメージを与える。この効果は重複発動しない。\n\n蘇生時間（ソロモード）：10秒\n蘇生時間（マルチモード）：10秒\n\n共通蘇生回数：9回	Mỗi giây kẻ địch Cấp Cự Lãng gây sát thương cho mục tiêu xung quanh bằng 2% HP tối đa của mục tiêu. Không thể cộng dồn\n\nThời gian Hồi sinh (Chơi Đơn): 10s\nThời gian Hồi sinh (Nhiều Người): 10s\n\nSố lần Hồi sinh Chung: 9 lần
lang_multi_text.db	AbyssRoute_BuffDesc_1008	3.4	Hội thoại/Cốt truyện	Hội thoại/Khác			复苏时间（单人模式）：10秒\n复苏时间（联机模式）：10秒\n\n共享复活次数：6次	Revival Time: 10s (Solo & Co-op)\n\nShared Revive Chances: 6	蘇生時間（ソロモード）：10秒\n蘇生時間（マルチモード）：10秒\n\n共通蘇生回数：6回	Thời gian Hồi sinh (Chơi Đơn): 10s\nThời gian Hồi sinh (Nhiều Người): 10s\n\nSố lần Hồi sinh Chung: 6 lần
lang_multi_text.db	AbyssRoute_BuffDesc_1016	3.4	Hội thoại/Cốt truyện	Hội thoại/Khác			·敌方单位对目标造成伤害时，会附加1层【光噪效应】，该效果每3秒可触发1次\n·轻波级单位在未受到攻击的5秒后，每2秒回复自身5%最大生命值的生命\n\n复苏时间（单人模式）：10秒\n复苏时间（联机模式）：10秒\n\n共享复活次数：6次	- Enemies apply 1 stack of Spectro Frazzle when dealing damage to a target, triggered once every 3s.\n- When not being hit for 5s, Common Class enemies recover 5% of their Max HP every 2s.\n\nRevival Time: 10s (Solo & Co-op)\n\nShared Revive Chances: 6	· 敵が目標にダメージを与えた時、【騒光効果】を1スタック付与する。この効果は3秒ごとに1回発動可能\n· 水風級の敵は5秒間攻撃を受けなかった場合、その後2秒ごとに自身のHP上限の5%を回復する\n\n蘇生時間（ソロモード）：10秒\n蘇生時間（マルチモード）：10秒\n\n共通蘇生回数：6回	·Khi kẻ địch gây sát thương cho mục tiêu, sẽ thêm 1 tầng [Hiệu Ứng Quang Táo], hiệu ứng này mỗi 3s kích hoạt 1 lần\n·Sau 5s không bị tấn công, kẻ địch Cấp Khinh Ba mỗi 2s hồi 5% HP tối đa\n\nThời gian Hồi sinh (Chơi Đơn): 10s\nThời gian Hồi sinh (Nhiều Người): 10s\n\nSố lần Hồi sinh Chung: 6 lần
lang_multi_text.db	AbyssRoute_BuffDesc_1017	3.4	Hội thoại/Cốt truyện	Hội thoại/Khác			·敌方单位对目标造成伤害时，会附加1层【霜渐效应】，该效果每3秒可触发1次\n·巨浪级单位获得效果：周围目标防御力提升60%\n\n复苏时间（单人模式）：10秒\n复苏时间（联机模式）：10秒\n\n共享复活次数：6次	- Enemies apply 1 stack of Glacio Chafe when dealing damage to a target, triggered once every 3s.\n- Elite Class enemies gain the following effect: DEF of nearby friendly units is increased by 60%.\n\nRevival Time: 10s (Solo & Co-op)\n\nShared Revive Chances: 6	· 敵が目標にダメージを与えた時、【結霜効果】を1スタック付与する。この効果は3秒ごとに1回発動可能\n· 巨浪級およびその周囲にいる敵は、防御力が60%アップ\n\n蘇生時間（ソロモード）：10秒\n蘇生時間（マルチモード）：10秒\n\n共通蘇生回数：6回	·Khi kẻ địch gây sát thương cho mục tiêu, sẽ thêm 1 tầng [Hiệu Ứng Sương Tiệm], hiệu ứng này mỗi 3s kích hoạt 1 lần\n·Kẻ địch Cấp Cự Lãng nhận hiệu ứng: Phòng ngự của mục tiêu xung quanh tăng 60%\n\nThời gian Hồi sinh (Chơi Đơn): 10s\nThời gian Hồi sinh (Nhiều Người): 10s\n\nSố lần Hồi sinh Chung: 6 lần
lang_multi_text.db	AbyssRoute_BuffDesc_1018	3.4	Hội thoại/Cốt truyện	Hội thoại/Khác			·敌方单位对目标造成伤害时，会附加1层【风蚀效应】，该效果每3秒可触发1次\n·敌方对生命未满的目标造成额外30%的伤害\n\n复苏时间（单人模式）：10秒\n复苏时间（联机模式）：10秒\n\n共享复活次数：6次	- Enemies apply 1 stack of Aero Erosion when dealing damage to a target, triggered once every 3s.\n- Enemies deal 30% more DMG to targets with HP below 100%.\n\nRevival Time: 10s (Solo & Co-op)\n\nShared Revive Chances: 6	· 敵が目標にダメージを与えた時、【風蝕効果】を1スタック付与する。この効果は3秒ごとに1回発動可能\n· 敵がHPが100%未満の目標に対する与ダメージ+30%\n\n蘇生時間（ソロモード）：10秒\n蘇生時間（マルチモード）：10秒\n\n共通蘇生回数：6回	·Khi kẻ địch gây sát thương cho mục tiêu, sẽ thêm 1 tầng [Hiệu Ứng Phong Thực], hiệu ứng này mỗi 3s kích hoạt 1 lần\n·Kẻ địch gây thêm 30% sát thương cho mục tiêu có HP chưa đầy\n\nThời gian Hồi sinh (Chơi Đơn): 10s\nThời gian Hồi sinh (Nhiều Người): 10s\n\nSố lần Hồi sinh Chung: 6 lần
lang_multi_text.db	AbyssRoute_BuffDesc_1019	3.4	Hội thoại/Cốt truyện	Hội thoại/Khác			·敌方单位对目标造成伤害时，会附加1层【聚爆效应】，该效果每3秒可触发1次\n·巨浪级单位每秒可对周围目标造成伤害，造成目标4%最大生命值的伤害。不可叠加\n\n复苏时间（单人模式）：10秒\n复苏时间（联机模式）：10秒\n\n共享复活次数：6次	- Enemies apply 1 stack of Fusion Burst when dealing damage to a target, triggered once every 3s.\n- Elite Class enemies deal DMG equal to 4% of the target's Max HP to nearby targets every second. This effect is not stackable.\n\nRevival Time: 10s (Solo & Co-op)\n\nShared Revive Chances: 6	· 敵が目標にダメージを与えた時、【斉爆効果】を1スタック付与する。この効果は3秒ごとに1回発動可能\n· 巨浪級の敵は、1秒ごとに周囲の目標にそのHP上限の4%のダメージを与える。この効果は重複発動しない。\n\n蘇生時間（ソロモード）：10秒\n蘇生時間（マルチモード）：10秒\n\n共通蘇生回数：6回	·Khi kẻ địch gây sát thương cho mục tiêu, sẽ thêm 1 tầng [Hiệu Ứng Tụ Bạo], hiệu ứng này mỗi 3s kích hoạt 1 lần\n·Mỗi giây kẻ địch Cấp Cự Lãng gây sát thương cho mục tiêu xung quanh bằng 4% HP tối đa của mục tiêu. Không thể cộng dồn\n\nThời gian Hồi sinh (Chơi Đơn): 10s\nThời gian Hồi sinh (Nhiều Người): 10s\n\nSố lần Hồi sinh Chung: 6 lần
lang_multi_text.db	AbyssRoute_BuffDesc_1020	3.4	Hội thoại/Cốt truyện	Hội thoại/Khác			·敌方单位对目标造成伤害时，会附加1层【电磁效应】，该效果每3秒可触发1次\n·角色的攻击命中怒涛级或海啸级目标时，会在命中的位置召唤雷电攻击附近的所有目标，造成生命上限10%的伤害，每3秒可触发1次。\n\n复苏时间（单人模式）：10秒\n复苏时间（联机模式）：10秒\n\n共享复活次数：6次	- Enemies apply 1 stack of Electro Flare when dealing damage to a target, triggered once every 3s.\n- When the Resonator's attack hits an Overlord or Calamity Class target, lightning is summoned at the hit location to attack all nearby targets, dealing DMG equal to 10% of their Max HP, triggered once every 3s.\n\nRevival Time: 10s (Solo & Co-op)\nShared Revive Chances: 6	· 敵が目標にダメージを与えた時、【電磁効果】を1スタック付与する。この効果は3秒ごとに1回発動可能\n· キャラの攻撃が怒涛級または津波級の敵に命中時、命中位置に落雷を召喚し範囲内にいる全ての目標に攻撃し、HP上限10%のダメージを与える。この効果は3秒ごとに1回発動可能。\n\n蘇生時間（ソロモード）：10秒\n蘇生時間（マルチモード）：10秒\n\n共通蘇生回数：6回	·Khi kẻ địch gây sát thương cho mục tiêu, sẽ thêm 1 tầng [Hiệu Ứng Điện Từ], hiệu ứng này mỗi 3s kích hoạt 1 lần\n·Khi đòn tấn công của nhân vật trúng mục tiêu Cấp Nộ Đào hoặc Cấp Hải Khiếu, sẽ triệu hồi sấm sét tại vị trí đánh trúng, tấn công tất cả mục tiêu xung quanh, gây sát thương bằng 10% HP tối đa, mỗi 3s kích hoạt 1 lần.\n\nThời gian Hồi sinh (Chơi Đơn): 10s\nThời gian Hồi sinh (Nhiều Người): 10s\n\nSố lần Hồi sinh Chung: 6 lần
lang_multi_text.db	AbyssSoloChallenge	3.4	Hội thoại/Cốt truyện	Hội thoại/Khác			单人挑战	Solo Challenge	ソロで挑戦	Thử Thách Chơi Đơn
lang_multi_text.db	AbyssUnlockTime	3.4	Hội thoại/Cốt truyện	Hội thoại/Khác			{0}后解锁	Unlocked in {0}	{0}後に解放	Mở Khóa sau {0}
lang_multi_text.db	AddWaitingTimeText	3.4	Hội thoại/Cốt truyện	Hội thoại/Khác			已等待时间:{0}分{1}秒	Waiting time: {0}m {1}s	経過時間：{0}分{1}秒	Thời gian đã chờ:{0} phút {1} giây
lang_multi_text.db	AdventureMatType_All	3.4	Hội thoại/Cốt truyện	Hội thoại/Khác			所有材料	All Materials	全素材	Tất cả vật liệu
lang_multi_text.db	AdventureMatType_Character	3.4	Hội thoại/Cốt truyện	Hội thoại/Khác			角色材料	Resonator Materials	キャラ素材	Vật liệu nhân vật
lang_multi_text.db	AdventureMatType_Experience	3.4	Hội thoại/Cốt truyện	Hội thoại/Khác			经验书	EXP Items	EXP	Sách Kinh Nghiệm
lang_multi_text.db	AdventureMatType_Weapon	3.4	Hội thoại/Cốt truyện	Hội thoại/Khác			武器材料	Weapon Materials	武器素材	Vật liệu vũ khí
lang_multi_text.db	AdventureWeeklyRogueTips	3.4	Hội thoại/Cốt truyện	Hội thoại/Khác			本期积分: {0}/{1}	Current Points: {0}/{1}	今期スコア：{0}/{1}	Điểm kỳ này: {0}/{1}
lang_multi_text.db	Adventure_Taget_NextLevelLock	3.4	Hội thoại/Cốt truyện	Hội thoại/Khác			阶段{0}解锁进度	Stage {0} Unlock Progress	段階{0}進行状況	Tiến độ mở khóa Giai Đoạn {0}
lang_multi_text.db	Adventure_Taget_NextLevelUnlock	3.4	Hội thoại/Cốt truyện	Hội thoại/Khác			阶段{0}任务已解锁	Stage {0} unlocked	段階{0}任務解放済み	Nhiệm vụ Giai Đoạn {0} đã mở khóa
lang_multi_text.db	Adventure_Taget_RewardUnlock	3.4	Hội thoại/Cốt truyện	Hội thoại/Khác			需要完成任务{0}/{1}	Quests completed {0}/{1}	任務{0}/{1}をクリアする必要がある	Cần hoàn thành nhiệm vụ {0}/{1}
lang_multi_text.db	Adventure_Taget_UnlockTips	3.4	Hội thoại/Cốt truyện	Hội thoại/Khác			阶段{0}完成{1}个任务解锁	Complete {1} quests in Stage {0} to unlock	段階{0}の任務を{1}件達成すると解放	Hoàn thành {1} nhiệm vụ của Giai Đoạn {0} để mở khóa
lang_multi_text.db	AllRichAreaClear	3.4	Hội thoại/Cốt truyện	Hội thoại/Khác			当前无该种类资源富集区域，请等待明日刷新	Cannot detect any collection spots for this resource for now. Please wait until the server is reset.	現在、その種類の素材が集まっているエリアはありません。明日のリセットまでお待ちください。	Hiện không có khu vực tập trung tài nguyên loại này, vui lòng đợi làm mới vào ngày mai
lang_multi_text.db	AnniversaryWelfare_LeftTime_Day	3.4	Hội thoại/Cốt truyện	Hội thoại/Khác			<color=#ffec4f><size=40>{0}</size></color>天<color=#ffec4f><size=40>{1}</size></color>小时	<color=#ffec4f><size=40>{0}</size></color>d <color=#ffec4f><size=40>{1}</size></color>h	<color=#ffec4f><size=40>{0}</size></color>日<color=#ffec4f><size=40>{1}</size></color>時間	<color=#ffec4f><size=40>{0}</size></color> ngày <color=#ffec4f><size=40>{1}</size></color> giờ
lang_multi_text.db	AnniversaryWelfare_LeftTime_Hour	3.4	Hội thoại/Cốt truyện	Hội thoại/Khác			<color=#ffec4f><size=40>{0}</size></color>小时<color=#ffec4f><size=40>{1}</size></color>分钟	<color=#ffec4f><size=40>{0}</size></color>h <color=#ffec4f><size=40>{1}</size></color>m	<color=#ffec4f><size=40>{0}</size></color>時間<color=#ffec4f><size=40>{1}</size></color>分	<color=#ffec4f><size=40>{0}</size></color> giờ <color=#ffec4f><size=40>{1}</size></color> phút
lang_multi_text.db	AnniversaryWelfare_LeftTime_LessSecond	3.4	Hội thoại/Cốt truyện	Hội thoại/Khác			<color=#ffec4f><size=40>{0}</size></color>秒	<color=#ffec4f><size=40>{0}</size></color>s	<color=#ffec4f><size=40>{0}</size></color>秒	<color=#ffec4f><size=40>{0}</size></color> giây
lang_multi_text.db	AnniversaryWelfare_LeftTime_Second	3.4	Hội thoại/Cốt truyện	Hội thoại/Khác			<color=#ffec4f><size=40>{0}</size></color>分钟<color=#ffec4f><size=40>{1}</size></color>秒	<color=#ffec4f><size=40>{0}</size></color>m <color=#ffec4f><size=40>{1}</size></color>s	<color=#ffec4f><size=40>{0}</size></color>分<color=#ffec4f><size=40>{1}</size></color>秒	<color=#ffec4f><size=40>{0}</size></color> phút <color=#ffec4f><size=40>{1}</size></color> giây
lang_multi_text.db	Anniversary_WelfareTime_430	3.4	Hội thoại/Cốt truyện	Hội thoại/Khác			4月30日 10:00(UTC+8) 后可领取	Available after April 30, 10:00 (UTC+8)	4月30日 10:00(UTC+8) 後に受取可能	Có thể nhận sau 10:00 ngày 30 tháng 4 (UTC+8)
lang_multi_text.db	Anniversary_WelfareTime_523	3.4	Hội thoại/Cốt truyện	Hội thoại/Khác			5月23日 00:00(UTC+8) 后可领取	Available after May 23, 10:00 (UTC+8)	5月23日 00:00(UTC+8) 後に受取可能	Có thể nhận sau 00:00 ngày 23 tháng 5 (UTC+8)
lang_multi_text.db	AutoConvertText_1	3.4	Hội thoại/Cốt truyện	Hội thoại/Khác			物品已过期，根据转化规则自动转化	Item has expired and will be automatically converted	アイテムは期限切れのため、自動的に変換されました	Vật phẩm đã hết hạn, sẽ tự động chuyển đổi theo luật lệ chuyển đổi
lang_multi_text.db	AutoConvertText_2	3.4	Hội thoại/Cốt truyện	Hội thoại/Khác			回收物品	Items Converted	回収アイテム	Thu Hồi Vật phẩm
lang_multi_text.db	AutoConvertText_3	3.4	Hội thoại/Cốt truyện	Hội thoại/Khác			获得物品	Items Obtained	獲得アイテム	Nhận Được Vật phẩm
lang_multi_text.db	AutoConvertText_ItemDes	3.4	Hội thoại/Cốt truyện	Hội thoại/Khác			<color=#ffbf5a>限时道具：该道具过期时，将会按照1:{0}的比例自动转化为{1}</color>	<color=#ffbf5a>Limited-Time Item: Upon expiry, this item will be converted to {1} at a rate of 1:{0}</color>	<color=#ffbf5a>期間限定アイテム：期限切れ時、1:{0}の比率で自動的に{1}へ変換されます</color>	<color=#ffbf5a>Vật Phẩm Giới Hạn Thời Gian: Khi Vật phẩm này hết hạn, sẽ tự động chuyển đổi thành {1} theo tỷ lệ 1:{0} đúng Đạo</color>
lang_multi_text.db	AutoPilot_AreaIsolatedTips	3.4	Hội thoại/Cốt truyện	Hội thoại/Khác			目标与当前角色不在同一地区内	Target is located in a different region	目標地点は現在エリア外です	Mục tiêu và nhân vật hiện tại không ở cùng một khu vực
lang_multi_text.db	AutoPilot_AreaNotSupported	3.4	Hội thoại/Cốt truyện	Hội thoại/Khác			当前角色不处于支持导航追踪的地区内	Navigation is unavailable in this area	現在のエリアではナビ追跡を利用できません	Nhân vật hiện tại không ở trong khu vực hỗ trợ chỉ đường theo dõi
lang_multi_text.db	AutoPilot_LoopNotSupported	3.4	Hội thoại/Cốt truyện	Hội thoại/Khác			当前路段不支持环线巡航模式	This road does not support Looped Autopilot Mode	この道ではループパイロットモードを開始できません	Đoạn đường hiện tại không hỗ trợ chế độ tuần tra vòng lặp
lang_multi_text.db	AutoPilot_LoopPilotMode	3.4	Hội thoại/Cốt truyện	Hội thoại/Khác			环线巡航模式	Looped Autopilot Mode	ループパイロットモード	Chế Độ Tuần Tra Vòng Lặp
lang_multi_text.db	AutoPilot_MarkToGuide	3.4	Hội thoại/Cốt truyện	Hội thoại/Khác			添加并导航追踪	Add and Navigate to Marker	追加してナビ追跡開始	Thêm Và Chỉ Đường Theo Dõi
lang_multi_text.db	AutoPilot_NavigationCancel	3.4	Hội thoại/Cốt truyện	Hội thoại/Khác			取消导航追踪	Disable Navigation	ナビ追跡をキャンセル	Hủy Theo Dõi Hướng Dẫn
lang_multi_text.db	AutoPilot_NavigationConfirm	3.4	Hội thoại/Cốt truyện	Hội thoại/Khác			导航追踪	Enable Navigation	ナビ追跡	Theo Dõi Hướng Dẫn
lang_multi_text.db	AutoPilot_NavigationForbidden	3.4	Hội thoại/Cốt truyện	Hội thoại/Khác			当前状态下导航追踪不可用	Navigation is unavailable currently	現在の状態では、ナビ追跡は利用できません	Trạng thái hiện tại không thể sử dụng theo dõi hướng dẫn
lang_multi_text.db	AutoPilot_NotPermitted	3.4	Hội thoại/Cốt truyện	Hội thoại/Khác			当前状态无法进入巡航模式	Unable to use Autopilot Mode in the current state	この状態ではパイロットモードを開始できません	Trạng thái hiện tại không thể vào chế độ tuần tra
lang_multi_text.db	AutoPilot_PilotMode	3.4	Hội thoại/Cốt truyện	Hội thoại/Khác			巡航模式	Autopilot Mode	パイロットモード	Chế Độ Tuần Tra
lang_multi_text.db	AutoPilot_QuitTips	3.4	Hội thoại/Cốt truyện	Hội thoại/Khác			已退出巡航模式	Autopilot Mode Off	パイロットモードを終了しました	Đã thoát chế độ tuần tra
lang_multi_text.db	AutoPilot_RoutePointTips	3.4	Hội thoại/Cốt truyện	Hội thoại/Khác			已到达巡航模式响应范围	You are within Autopilot Mode response range.	パイロットモードの開始可能範囲内に入りました	Đã đến phạm vi phản hồi của chế độ tuần tra
lang_multi_text.db	AutoPilot_RouteRearrangeTips	3.4	Hội thoại/Cốt truyện	Hội thoại/Khác			是否快速旅行至最近路径点	Do you want to Fast Travel to the nearest Beacon?	最寄りの経路ポイントへファストトラベルしますか？	Có muốn dịch chuyển nhanh đến Điểm Tuyến Đường gần nhất không
lang_multi_text.db	AutoSelect	3.4	Hội thoại/Cốt truyện	Hội thoại/Khác			自动放入	Auto Select	自動選択	Tự Động Điền
lang_multi_text.db	AvoidBlock_Achieve_02	3.4	Hội thoại/Cốt truyện	Hội thoại/Khác			历史最高分：{0}	Best Record: {0}	過去最高スコア：{0}	Điểm cao nhất: {0}
lang_multi_text.db	AvoidBlock_MainTitle_01	3.4	Hội thoại/Cốt truyện	Hội thoại/Khác			坚持到目标时间	Survive for the target time	タイムリミットまで耐え抜こう	Cố gắng đến thời gian mục tiêu
lang_multi_text.db	AvoidBlock_MainTitle_02	3.4	Hội thoại/Cốt truyện	Hội thoại/Khác			尽量获得高分	Score as many points as possible	できるだけ高得点を狙おう	Cố gắng đạt điểm cao
lang_multi_text.db	AvoidBlock_RewardTitle_01	3.4	Hội thoại/Cốt truyện	Hội thoại/Khác			坚持30秒	Survive for 30s	30秒間耐える	Cố gắng 30 giây
lang_multi_text.db	AvoidBlock_RewardTitle_02	3.4	Hội thoại/Cốt truyện	Hội thoại/Khác			坚持30秒	Survive for 30s	30秒間耐える	Cố gắng 30 giây
lang_multi_text.db	AvoidBlock_RewardTitle_03	3.4	Hội thoại/Cốt truyện	Hội thoại/Khác			坚持35秒	Survive for 35s	35秒間耐える	Cố gắng 40 giây
lang_multi_text.db	AvoidBlock_RewardTitle_04	3.4	Hội thoại/Cốt truyện	Hội thoại/Khác			坚持40秒	Survive for 40s	40秒間耐える	Cố gắng 40 giây
lang_multi_text.db	AvoidBlock_RewardTitle_051	3.4	Hội thoại/Cốt truyện	Hội thoại/Khác			到达100分	Reach 100 points	100点達成	Đạt 100 điểm
lang_multi_text.db	AvoidBlock_RewardTitle_052	3.4	Hội thoại/Cốt truyện	Hội thoại/Khác			到达200分	Reach 200 points	200点達成	Đạt 300 điểm
lang_multi_text.db	AvoidBlock_RewardTitle_053	3.4	Hội thoại/Cốt truyện	Hội thoại/Khác			到达300分	Reach 300 points	300点達成	Đạt 500 điểm
lang_multi_text.db	AvoidBlock_RewardTitle_06	3.4	Hội thoại/Cốt truyện	Hội thoại/Khác			坚持30秒	Survive for 30s	30秒間耐える	Cố gắng 30 giây
lang_multi_text.db	AvoidBlock_RewardTitle_07	3.4	Hội thoại/Cốt truyện	Hội thoại/Khác			坚持30秒	Survive for 30s	30秒間耐える	Cố gắng 30 giây
lang_multi_text.db	AvoidBlock_RewardTitle_08	3.4	Hội thoại/Cốt truyện	Hội thoại/Khác			坚持60秒	Survive for 60s	60秒間耐える	Cố gắng 60 giây
lang_multi_text.db	Ayess_Chajiancao_Text	3.4	Hội thoại/Cốt truyện	Hội thoại/Khác			模块槽位	Module Slot	パーツスロット	Ô Module
lang_multi_text.db	BackwardDeviceDec	3.4	Hội thoại/Cốt truyện	Hội thoại/Khác			移动终点为该格的团子，将向后再移动一格	A Cube that ends its move on this pad is knocked back to the previous pad.	このマスに止まった団子は、さらに1マス戻る	Cục bột có điểm đến là ô này sẽ lùi lại một ô
lang_multi_text.db	BackwardDeviceName	3.4	Hội thoại/Cốt truyện	Hội thoại/Khác			阻遏装置	Blocker	妨害装置	Thiết Bị Ngăn Cản
lang_multi_text.db	BadBuKingChallenge_CLG	3.4	Hội thoại/Cốt truyện	Hội thoại/Khác			布大王挑战	Abbowser Challenge	アブ大王討伐戦	Khiêu chiến Bubu Đại Vương
lang_multi_text.db	BadBuKingChallenge_DC	3.4	Hội thoại/Cốt truyện	Hội thoại/Khác			电磁挑战	Electro Flare Challenge	電磁挑戦	Khiêu chiến Điện Từ
lang_multi_text.db	BadBuKingChallenge_FZ	3.4	Hội thoại/Cốt truyện	Hội thoại/Khác			风蚀挑战	Aero Erosion Challenge	風蝕挑戦	Khiêu chiến Phong Thực
lang_multi_text.db	BadBuKingChallenge_GZ	3.4	Hội thoại/Cốt truyện	Hội thoại/Khác			光噪挑战	Spectro Frazzle Challenge	騒光挑戦	Khiêu chiến Quang Táo
lang_multi_text.db	BadBuKingChallenge_JB	3.4	Hội thoại/Cốt truyện	Hội thoại/Khác			聚爆挑战	Fusion Burst Challenge	斉爆挑戦	Khiêu chiến Tụ Bạo
lang_multi_text.db	BadBuKingChallenge_SJ	3.4	Hội thoại/Cốt truyện	Hội thoại/Khác			霜渐挑战	Glacio Chafe Challenge	結霜挑戦	Khiêu chiến Sương Tiệm
lang_multi_text.db	BanInfo_10_BanDescribe	3.4	Hội thoại/Cốt truyện	Hội thoại/Khác			使用第三方软件	Use of third-party software.	不正ツールの使用	Sử dụng phần mềm của bên thứ ba
lang_multi_text.db	BanInfo_11_BanDescribe	3.4	Hội thoại/Cốt truyện	Hội thoại/Khác			使用影响平衡的硬件辅助功能	Use of hardware-assisted features that impact balances.	ゲームの公平性を妨害したハードウェアの機能の使用	Sử dụng chức năng hỗ trợ phần cứng ảnh hưởng đến độ cân bằng
lang_multi_text.db	BanInfo_12_BanDescribe	3.4	Hội thoại/Cốt truyện	Hội thoại/Khác			使用非法篡改客户端违规	Violation for using illegal tampering client.	ゲームクライアントに規則違反の改ざん行為	Sử dụng vi phạm giả mạo khách hàng bất hợp pháp
lang_multi_text.db	BanInfo_13_BanDescribe	3.4	Hội thoại/Cốt truyện	Hội thoại/Khác			恶意利用游戏漏洞获取游戏收益违规	Violation for maliciously exploiting game loopholes for game benefits.	ゲームのバグ・不備を用いて利益を取得	Cố ý lợi dụng lỗ hổng game để nhận thu nhập game vi phạm quy định
lang_multi_text.db	BanInfo_14_BanDescribe	3.4	Hội thoại/Cốt truyện	Hội thoại/Khác			工作室打金账号违规	Violation for gold farming studio accounts.	規則に反するゲーム代行業者アカウントに判定	Vi phạm quy định với tài khoản kiếm tiền của studio
lang_multi_text.db	BanInfo_15_BanDescribe	3.4	Hội thoại/Cốt truyện	Hội thoại/Khác			账号数据异常	Account data anomaly.	アカウントデータ異常	Dữ liệu tài khoản bất thường
lang_multi_text.db	BanInfo_16_BanDescribe	3.4	Hội thoại/Cốt truyện	Hội thoại/Khác			泄露未公开内容或违反保密协议	Leaking confidential content or other breach of the confidentiality agreement.	未公開内容の漏えいまたは秘密保持契約の違反	Làm rò rỉ nội dung chưa được công bố hoặc vi phạm thỏa thuận bảo mật
lang_multi_text.db	BanInfo_1_BanDescribe	3.4	Hội thoại/Cốt truyện	Hội thoại/Khác			兜售违规软件	Selling illegal software	不正アプリ・ソフトウェアの販売	Bán phần mềm vi phạm quy định
lang_multi_text.db	BanInfo_2_BanDescribe	3.4	Hội thoại/Cốt truyện	Hội thoại/Khác			辱骂、骚扰	Insult, harassment.	問題発言・かく乱行為	Lăng mạ, quấy rối
lang_multi_text.db	BanInfo_3_BanDescribe	3.4	Hội thoại/Cốt truyện	Hội thoại/Khác			色情	Pornography.	アダルトコンテンツ	Khiêu dâm
lang_multi_text.db	BanInfo_4_BanDescribe	3.4	Hội thoại/Cốt truyện	Hội thoại/Khác			广告	Advertising.	広告	Quảng cáo
lang_multi_text.db	BanInfo_5_BanDescribe	3.4	Hội thoại/Cốt truyện	Hội thoại/Khác			涉政	Political.	政治関連	Chính trị
lang_multi_text.db	BanInfo_6_BanDescribe	3.4	Hội thoại/Cốt truyện	Hội thoại/Khác			涉毒	Drugs.	違法薬物関連	Chất cấm
lang_multi_text.db	BanInfo_7_BanDescribe	3.4	Hội thoại/Cốt truyện	Hội thoại/Khác			欺诈	Fraud.	詐欺	Lừa đảo
lang_multi_text.db	BanInfo_8_BanDescribe	3.4	Hội thoại/Cốt truyện	Hội thoại/Khác			未成年	Underage.	未成年	Trẻ vị thành niên
lang_multi_text.db	BanInfo_9_BanDescribe	3.4	Hội thoại/Cốt truyện	Hội thoại/Khác			使用外挂、非法插件	Use of external, illegal plug-ins.	チートツールの使用	Sử dụng hack, plugin bất hợp pháp
lang_multi_text.db	BeginnerCarnivalAllCount	3.4	Hội thoại/Cốt truyện	Hội thoại/Khác			当前庆典热度：<color=#ffd12f>{0}</color>	Current Festivity Point(s): <color=#ffd12f>{0}</color>	現在の祝典人気：<color=#ffd12f>{0}</color>	Điểm Lễ Hội hiện tại: <color=#ffd12f>{0}</color>
lang_multi_text.db	BeginnerCarnivalCurrentProgress	3.4	Hội thoại/Cốt truyện	Hội thoại/Khác			当前进度：<color=#fde96f>{0}</color> /<color=#ffffff>{1}</color>	Current Progress: <color=#fde96f>{0}</color> /<color=#ffffff>{1}</color>	現在進捗：<color=#fde96f>{0}</color> /<color=#ffffff>{1}</color>	Tiến độ hiện tại: <color=#fde96f>{0}</color> /<color=#ffffff>{1}</color>
lang_multi_text.db	BeginnerCarnivalGetRoleDes	3.4	Hội thoại/Cốt truyện	Hội thoại/Khác			庆典热度达到24可领取{0}	Claim {0} when Festivity Points reach 24.	祝典人気が24になると{0}を受取可能	Điểm Lễ Hội đạt 24 có thể nhận {0}
lang_multi_text.db	BigAreaName	3.4	Hội thoại/Cốt truyện	Hội thoại/Khác			<size=52>{0}</size>\n<size=30>探索度{1}</size>	<size=52>{0}</size>\n<size=30>Exploration {1}</size>	<size=52>{0}</size>\n<size=30>探索進捗{1}</size>	<size=52>{0}</size>\n<size=30>Độ khám phá {1}</size>
lang_multi_text.db	BirthdayConfirmText	3.4	Hội thoại/Cốt truyện	Hội thoại/Khác			命运向岁月的长河抛出一枚石子，漾开的每圈波纹都是你环绕宿命公转的轨迹。{0}年{1}月{2}日——这个平凡却独特的日子，过去、现在与未来的你在这一天擦肩。<color=#fa601a>而此刻站在你面前的，又是谁？</color>	Fate casts a stone into the river of time, and every ripple marks the path of your journey around destiny. {0}-{1}-{2}—on this ordinary yet special day, your past, present, and future selves cross paths for a fleeting moment. And now, <color=#fa601a>who might be the one standing before you?</color>	運命は一つの石を歳月の川へと投げ込み、広がる波紋の一つ一つがあなたの宿命を巡る軌跡となる。{0}年{1}月{2}日――この平凡でありながらも唯一無二の日に、過去、現在、そして未来のあなたが行き交う。<color=#fa601a>今、あなたの前に立っているのは……？</color>	Số phận ném một viên đá vào dòng sông thời gian, mỗi gợn sóng lan tỏa đều là quỹ đạo cậu xoay quanh định mệnh. Ngày {2} tháng {1} năm {0}-vào một ngày bình thường nhưng đặc biệt này, quá khứ, hiện tại và tương lai của cậu lướt qua nhau. <color=#fa601a>Và ngay lúc này, người đang đứng trước mặt cậu là ai?</color>
lang_multi_text.db	BirthdayLetterTime	3.4	Hội thoại/Cốt truyện	Hội thoại/Khác			落款时间:{0}/{1}/{2}	Time: {0}-{1}-{2}	日付：{0}/{1}/{2}	Thời gian gửi: {2}/{1}/{0}
lang_multi_text.db	BirthdayLetterTitle	3.4	Hội thoại/Cốt truyện	Hội thoại/Khác			{0}的生日祝福	Birthday Blessing from {0}	{0}からの誕生日祝い	Lời chúc sinh nhật từ {0}
lang_multi_text.db	BirthdaySelectedTip	3.4	Hội thoại/Cốt truyện	Hội thoại/Khác			{0}年{1}月{2}日，在这重要的一天，你最想见到的人是……	{0}-{1}-{2}. On this special day, the one person you long to see is...	{0}年{1}月{2}日、この記念すべき日に、一番会いたい人は……	Ngày {2} tháng {1} năm {0}, trong ngày quan trọng này, người cậu muốn gặp nhất là...
lang_multi_text.db	BirthdaySelected_GO	3.4	Hội thoại/Cốt truyện	Hội thoại/Khác			是{0}	{0}	{0}です！	Là {0}
lang_multi_text.db	BirthdaySelected_Invite	3.4	Hội thoại/Cốt truyện	Hội thoại/Khác			邀约{0}	Invite {0}	招待共鳴者：{0}	Mời {0}
lang_multi_text.db	BirthdaySelected_Undo	3.4	Hội thoại/Cốt truyện	Hội thoại/Khác			再想想	Not Really	ちょっと考えさせて	Để nghĩ lại
lang_multi_text.db	BirthdaySet_OpenCondition_Tips	3.4	Hội thoại/Cốt truyện	Hội thoại/Khác			联觉等级达到2级开启	Unlocked at Union Level 2	ユニオンレベル2で解放	Cấp Liên Kết đạt 2 mở
lang_multi_text.db	BirthdayUnSelectedRole	3.4	Hội thoại/Cốt truyện	Hội thoại/Khác			请先选择一位共鸣者	Please choose a Resonator	先に共鳴者を1名選んでください	Vui lòng chọn một Cộng Hưởng Giả
lang_multi_text.db	Birthday_Ttitle_UI	3.4	Hội thoại/Cốt truyện	Hội thoại/Khác			生日快乐	Happy birthday!	誕生日おめでとう	Chúc Mừng Sinh Nhật
lang_multi_text.db	BlackFlower_RewardInfo	3.4	Hội thoại/Cốt truyện	Hội thoại/Khác			奖励次数每周一刷新	Reward Attempts reset every Monday	報酬受取回数は毎週月曜日にリセットされます	Số lần nhận thưởng làm mới vào thứ Hai hàng tuần
lang_multi_text.db	BlackFlower_Reward_Title	3.4	Hội thoại/Cốt truyện	Hội thoại/Khác			单次奖励预览	Rewards Preview	報酬プレビュー（1回分）	Xem trước phần thưởng 1 lần
lang_multi_text.db	BlackHoleDeviceDec	3.4	Hội thoại/Cốt truyện	Hội thoại/Khác			团子移动终点为该格时，时空裂隙会打开并吞噬团子，而后团子从上方掉落，变为随机堆叠顺序	A Cube that ends its move on this pad will be sucked into a spatial rift, then fall down to this pad again, randomizing the stack order.	団子がこのマスに止まった時、時空の裂け目が開いて団子を飲み込み、上空から落下してランダムな順番で積み重なる	Khi điểm đến của cục bột là ô này, khe nứt thời không sẽ mở ra và nuốt chửng cục bột, sau đó cục bột sẽ rơi xuống từ phía trên, trở thành thứ tự xếp chồng ngẫu nhiên
lang_multi_text.db	BlackHoleDeviceName	3.4	Hội thoại/Cốt truyện	Hội thoại/Khác			时空裂隙	Spatial Rift	時空の裂け目	Khe Nứt Thời Không
lang_multi_text.db	BlackSwordTips_LevelNotUnlocked	3.4	Hội thoại/Cốt truyện	Hội thoại/Khác			完成前置挑战以解锁该挑战	Complete the previous challenge to unlock	前提挑戦クリアで解放	Hoàn thành thử thách trước đó để mở khóa thử thách này
lang_multi_text.db	Blackraid_1541668886_RuleText	3.4	Hội thoại/Cốt truyện	Hội thoại/Khác			挑战规则	Challenge Rules	挑戦説明	Quy tắc thử thách
lang_multi_text.db	Blackraid_3336896016_GoalText	3.4	Hội thoại/Cốt truyện	Hội thoại/Khác			挑战目标	Challenge Goals	挑戦目標	Mục tiêu thử thách
lang_multi_text.db	BossChanllengeShop	3.4	Hội thoại/Cốt truyện	Hội thoại/Khác			同步纹币:{0}/{1}	Synchro Coins: {0}/{1}	同調コイン：{0}/{1}	Đồng Điệu Tệ: {0}/{1}
lang_multi_text.db	BudawangDeviceName	3.4	Hội thoại/Cốt truyện	Hội thoại/Khác			布大王团子	Abbowser Cube	アブ大王団子	Abbowser Dango
lang_multi_text.db	BuildArchives_GeneralCommunication	3.4	Hội thoại/Cốt truyện	Hội thoại/Khác			收集{0}份感谢信	Collect <SapTag=0>{0}</SapTag> {Cus:Sap,S=Message P=Messages SapTag=0} of Appreciation	感謝メッセージを{0}通収集	Thu thập {0} thư cảm ơn
lang_multi_text.db	BuildArchives_GeneralTask	3.4	Hội thoại/Cốt truyện	Hội thoại/Khác			收集{0}份档案	Collect <SapTag=0>{0}</SapTag> {Cus:Sap,S=File P=Files SapTag=0}	ドキュメントを{0}部収集	Thu thập {0} hồ sơ
lang_multi_text.db	BuildObser_1_Des	3.4	Hội thoại/Cốt truyện	Hội thoại/Khác			推进……展开……测界仪的地基……\n（经历虚质磁暴后，深空测界台的地基受损严重，但建于其上的能源转换阵列大部分还能继续使用，因此当时决定将地基收拢，避免能源转换阵列损耗，等待资源调配充足后，再展开地基，进行后续修复工作。德莉珐如是说！）	Advance… extend… the foundations of the Observatory…\n("After the Void Storm, the foundations of the Spacetrek Observatory were heavily damaged. Fortunately, most of the energy conversion array built on top remained functional. So the team decided to retract the foundations to prevent further wear. Once resources were sufficient, we would extend them again and begin structural repairs," says Dhalifa!)	推進……展開……観測儀の基板……\n （ヴォイドストームを経験した後、スペーストレック観測台の基盤は深刻な損傷を受けましたが、その上に建設されたエネルギー変換アレイの大部分はまだ使用可能でした。そのため、当時は基盤を収束させ、エネルギー変換アレイの損耗を防ぎ、リソースの配分が十分になるのを待ってから、基板を展開し、後続の修復作業を行うことを決定しました。と、ディリファは申しております！）	Tiến lên... mở ra... nền móng của Đài Đo Lường Không Gian...\n(Sau khi trải qua cơn bão từ hư chất, nền móng của Đài Đo Lường Không Gian bị hư hại nặng nề, nhưng phần lớn mảng chuyển đổi năng lượng được xây dựng trên đó vẫn có thể sử dụng tiếp. Vì vậy, lúc bấy giờ quyết định thu gọn nền móng để tránh mảng chuyển đổi năng lượng bị mài mòn, chờ đến khi điều động đủ tài nguyên rồi mới mở nền móng ra và tiến hành công tác sửa chữa tiếp theo. Dhalifa nói vậy đó!)
lang_multi_text.db	BuildObser_1_Effect	3.4	Hội thoại/Cốt truyện	Hội thoại/Khác			立刻获得协联点数<texture=/Game/Aki/UI/UIResources/Common/Image/IconA80/T_IconA80_Act_01_UI.T_IconA80_Act_01_UI,0.48>{0}	Gain Service Credit <texture=/Game/Aki/UI/UIResources/Common/Image/IconA80/T_IconA80_Act_01_UI.T_IconA80_Act_01_UI,0.48> x{0}	即時連合ポイント<texture=/Game/Aki/UI/UIResources/Common/Image/IconA80/T_IconA80_Act_01_UI.T_IconA80_Act_01_UI,0.48>{0}Pt獲得	Lập tức nhận điểm hiệp lực<texture=/Game/Aki/UI/UIResources/Common/Image/IconA80/T_IconA80_Act_01_UI.T_IconA80_Act_01_UI,0.48>{0}
lang_multi_text.db	BuildObser_1_Level	3.4	Hội thoại/Cốt truyện	Hội thoại/Khác			Ⅰ	I	Ⅰ	I
lang_multi_text.db	BuildObser_1_Name	3.4	Hội thoại/Cốt truyện	Hội thoại/Khác			阶段Ⅰ：拓原工程	Phase I: Foundation	段階Ⅰ：プロジェクト・ファンデーション	Giai đoạn I: Công Trình Thác Nguyên
lang_multi_text.db	BuildObser_1_Result	3.4	Hội thoại/Cốt truyện	Hội thoại/Khác			拓原工程已完成，下一阶段为悬台工程。\n\n深空联合将永远铭记您的付出！	The Foundation Phase is complete. The next phase is the Platform Phase.\n\nThe Spacetrek Collective will forever honor your service!	プロジェクト・ファンデーション完了。次の段階はプロジェクト・プラットフォームです。\n\nあなたの貢献は、スペーストレック・コレクティブの歴史に永遠に刻まれます！	Công Trình Thác Nguyên đã hoàn thành, giai đoạn tiếp theo là Công Trình Đài Treo.\n\nHiệp Ước Tiên Phong sẽ mãi ghi nhớ công lao của bạn!
lang_multi_text.db	BuildObser_1_TaskDes	3.4	Hội thoại/Cốt truyện	Hội thoại/Khác			继续重建路网，将路网活跃度提升至600	Continue rebuilding the route network and raise Network Activity to 600 points	道路網の再建を進め、道路網活性度を600まで上げる	Tiếp tục tái thiết mạng lưới đường, nâng độ hoạt động mạng lưới đường lên 600
lang_multi_text.db	BuildObser_2_Des	3.4	Hội thoại/Cốt truyện	Hội thoại/Khác			悬台承载着测界仪。是控制的核心。资源需求量较大。需要付出更多努力。我们一起加油。\n（接下来要建成的悬台不仅承载着深空测界台的主体，其内部也是研究员们最主要的工作场所，而顶端更是有一片开阔的广场，供大家放松休息，还能一览蚀刻平原的奇景，真期待悬台重新修复的模样呢。德莉珐如是说！）	The Suspension Platform is the Observatory's primary support and control core. Restoring it calls for no small amount of resources and effort. Let's get through it together.\n("The Suspension Platform we're rebuilding won't just support the main body of the Spacetrek Observatory, it will also become the primary workspace for the researchers. Its upper level will even feature an open plaza where people can relax and enjoy the view of the Etching Plains. I can't wait to see the platform after it's fully restored," says Dhalifa!)	浮遊プラットフォームは観測装置を支え……制御の中核……リソースの需要、大きい……さらなる努力……頑張る…… \n（次に作るのは浮遊プラットフォームです。これは観測台の本体を支えるだけでなく、研究員たちの主な仕事場にもなります。頂上の広場はみんなの休憩場所にもなり、そこからは「エッチングの平原」を一望できるんですよ。浮遊プラットフォームが直るのが本当に楽しみですね！……と、ディリファは申しております！）	Đài treo gánh vác thiết bị đo lường không gian. Là trung tâm điều khiển. Lượng tài nguyên cần khá lớn. Cần nỗ lực nhiều hơn. Chúng ta cùng cố lên nhé.\n(Đài treo được xây dựng tiếp theo không chỉ gánh vác phần thân chính của Đài Đo Lường Không Gian, mà bên trong đó còn là nơi làm việc chính của các nghiên cứu viên. Ở trên cùng còn có một quảng trường rộng lớn để mọi người thư giãn, và có thể ngắm nhìn cảnh quan tuyệt đẹp của Bình Nguyên Etching. Thật mong chờ dáng vẻ của đài treo sau khi được sửa chữa lại. Dhalifa nói vậy đó!)
lang_multi_text.db	BuildObser_2_Effect	3.4	Hội thoại/Cốt truyện	Hội thoại/Khác			立刻获得协联点数<texture=/Game/Aki/UI/UIResources/Common/Image/IconA80/T_IconA80_Act_01_UI.T_IconA80_Act_01_UI,0.48>{0}	Gain Service Credit <texture=/Game/Aki/UI/UIResources/Common/Image/IconA80/T_IconA80_Act_01_UI.T_IconA80_Act_01_UI,0.48> x{0}	即時連合ポイント<texture=/Game/Aki/UI/UIResources/Common/Image/IconA80/T_IconA80_Act_01_UI.T_IconA80_Act_01_UI,0.48>{0}Pt獲得	Lập tức nhận điểm hiệp lực<texture=/Game/Aki/UI/UIResources/Common/Image/IconA80/T_IconA80_Act_01_UI.T_IconA80_Act_01_UI,0.48>{0}
lang_multi_text.db	BuildObser_2_Level	3.4	Hội thoại/Cốt truyện	Hội thoại/Khác			Ⅱ	II	Ⅱ	II
lang_multi_text.db	BuildObser_2_Name	3.4	Hội thoại/Cốt truyện	Hội thoại/Khác			阶段Ⅱ：悬台工程	Phase II: Platform	段階Ⅱ：プロジェクト・プラットフォーム	Giai đoạn II: Công Trình Đài Treo
lang_multi_text.db	BuildObser_2_Result	3.4	Hội thoại/Cốt truyện	Hội thoại/Khác			悬台工程已完成，下一阶段为望域工程。\n\n深空联合将永远铭记您的付出！	The Platform Phase is complete. The next phase is the Overwatch Phase.\n\nThe Spacetrek Collective will forever honor your service!	プロジェクト・プラットフォーム完了。次の段階はプロジェクト・ウォッチャーです。\n\nあなたの貢献は、スペーストレック・コレクティブの歴史に永遠に刻まれます！	Công Trình Đài Treo đã hoàn thành, giai đoạn tiếp theo là Công Trình Khu Vực Quan Sát.\n\nHiệp Ước Tiên Phong sẽ mãi ghi nhớ công lao của bạn!
lang_multi_text.db	BuildObser_2_TaskDes	3.4	Hội thoại/Cốt truyện	Hội thoại/Khác			继续重建路网，将路网活跃度提升至1200	Continue rebuilding the route network and raise Network Activity to 1,200 points	道路網の再建を進め、道路網活性度を1200まで上げる	Tiếp tục tái thiết mạng lưới đường, nâng độ hoạt động mạng lưới đường lên 1200
lang_multi_text.db	BuildObser_3_Des	3.4	Hội thoại/Cốt truyện	Hội thoại/Khác			能够记录拉海洛生态、气候、地形的深空测界台第一次启动时，许多为此奋斗的研究员留下泪水，这是我们为了应对连“存在”都能抹消的虚质磁暴做出的反抗，如今在你的帮助下距离重建就差一步了，我希望最终你也能体会到那时的感动！\n（德莉珐如是说！）	When the Spacetrek Observatory first began recording Lahai-Roi's ecology, climate, and landscapes, many researchers who had worked tirelessly for it broke into tears. It was our way of resisting the Void Storms that could erase even existence. And now, with your help, we stand only one step from rebuilding it. I hope you, too, will feel what we felt on that day! (So says Dhalifa!)	ラハイロイの生態、気候、地形を記録できるこの観測台が初めて起動した時、多くの研究員が涙を流しました。この装置は、「存在」さえも消し去るヴォイドストームに対する、私たちの抵抗の証なのです。あなたの助けのおかげで、再建まであと一歩です。完成した時には、あなたにもあの時の感動を味わってほしいと願っています！ \n（……と、ディリファは申しております！）	Khi Đài Đo Lường Không Gian có thể ghi lại sinh thái, khí hậu và địa hình của Lahai-Roi lần đầu tiên được khởi động, nhiều nghiên cứu viên đã phấn đấu vì nó đã rơi nước mắt. Đây là sự phản kháng của chúng ta để đối phó với cơn bão từ hư chất có thể xóa bỏ cả "sự tồn tại". Giờ đây dưới sự giúp đỡ của bạn, chỉ còn một bước nữa là hoàn thành tái thiết. Mình hy vọng cuối cùng bạn cũng có thể cảm nhận được sự cảm động của lúc đó!\n(Dhalifa nói vậy đó!)
lang_multi_text.db	BuildObser_3_Effect	3.4	Hội thoại/Cốt truyện	Hội thoại/Khác			立刻获得协联点数<texture=/Game/Aki/UI/UIResources/Common/Image/IconA80/T_IconA80_Act_01_UI.T_IconA80_Act_01_UI,0.48>{0}	Gain Service Credit <texture=/Game/Aki/UI/UIResources/Common/Image/IconA80/T_IconA80_Act_01_UI.T_IconA80_Act_01_UI,0.48> x{0}	即時連合ポイント<texture=/Game/Aki/UI/UIResources/Common/Image/IconA80/T_IconA80_Act_01_UI.T_IconA80_Act_01_UI,0.48>{0}Pt獲得	Lập tức nhận điểm hiệp lực<texture=/Game/Aki/UI/UIResources/Common/Image/IconA80/T_IconA80_Act_01_UI.T_IconA80_Act_01_UI,0.48>{0}
lang_multi_text.db	BuildObser_3_Level	3.4	Hội thoại/Cốt truyện	Hội thoại/Khác			Ⅲ	III	Ⅲ	Ba
lang_multi_text.db	BuildObser_3_Name	3.4	Hội thoại/Cốt truyện	Hội thoại/Khác			阶段Ⅲ：望域工程	Phase III: Overwatch	段階Ⅲ：プロジェクト・ウォッチャー	Giai đoạn III: Công Trình Khu Vực Quan Sát
lang_multi_text.db	BuildObser_3_Result	3.4	Hội thoại/Cốt truyện	Hội thoại/Khác			您已重建深空测界台，拉海洛的测绘与记录工作再度启动，如此卓越贡献，意义重大。\n\n深空联合将永远铭记您的付出！	You have successfully rebuilt the Spacetrek Observatory. Lahai-Roi's charting and monitoring systems have been fully reactivated. Your contribution is of substantial importance.\n\nThe Spacetrek Collective will forever honor your service!	スペーストレック観測台の再建が完了しました。 これにより、ラハイロイの測量・記録プロセスが再開されます。この卓越した貢献は、極めて重大な意義を持つものです。\n\nあなたの貢献は、スペーストレック・コレクティブの歴史に永遠に刻まれます！	Bạn đã tái thiết xong Đài Đo Lường Không Gian, công tác đo vẽ và ghi chép của Lahai-Roi được khởi động lại, đóng góp to lớn này có ý nghĩa rất quan trọng.\n\nHiệp Ước Tiên Phong sẽ mãi ghi nhớ công lao của bạn!
lang_multi_text.db	BuildObser_3_TaskDes	3.4	Hội thoại/Cốt truyện	Hội thoại/Khác			继续重建路网，将路网活跃度提升至2100	Continue rebuilding the route network and raise Network Activity to 2,100 points	道路網の再建を進め、道路網活性度を2100まで上げる	Tiếp tục tái thiết mạng lưới đường, nâng độ hoạt động mạng lưới đường lên 2100
lang_multi_text.db	BuildObser_4_Des	3.4	Hội thoại/Cốt truyện	Hội thoại/Khác			如今深空测界台重新开始转动，拉海洛曾经合上的眼睛再度睁开，将我们注视的景象化作有形的记录，数据仿佛随着大地的脉搏流入悬台中心，研究员们会分析、解读并保存它们，为深空联合分析虚质磁暴提供帮助。	Now that the Spacetrek Observatory is operating again, Lahai-Roi's long-shut eyes have reopened. Everything it observes is once more captured in tangible records, streams of data flowing into the Suspension Platform like the pulse of the earth. The researchers will analyze, interpret, and archive this information to assist the Spacetrek Collective in studying Void Storm activity.	今、スペーストレック観測台は再び動き出し始めました。かつて閉ざされたラハイロイの瞳が再び開き、目の前の光景を「記録」として残していきます。大地の鼓動と共にデータは中心部へと流れ込み、研究員たちはそれを分析・保存して、ヴォイドストームの解明に役立てていくことでしょう。	Giờ đây Đài Đo Lường Không Gian đã bắt đầu hoạt động trở lại, đôi mắt từng khép lại của Lahai-Roi lại mở ra, biến những cảnh tượng chúng ta chú ý thành những ghi chép hữu hình, dữ liệu dường như chảy vào trung tâm đài treo cùng với nhịp đập của Trái Đất, các nghiên cứu viên sẽ phân tích, giải mã và lưu giữ chúng, giúp Hiệp Ước Tiên Phong phân tích cơn bão từ hư chất.
lang_multi_text.db	BuildObser_4_Level	3.4	Hội thoại/Cốt truyện	Hội thoại/Khác			Ⅳ	IV	Ⅳ	IV
lang_multi_text.db	BuildObser_4_Name	3.4	Hội thoại/Cốt truyện	Hội thoại/Khác			深空测界台	Spacetrek Observatory	スペーストレック観測台	Đài Đo Lường Không Gian
lang_multi_text.db	BuildObser_4_TaskDes	3.4	Hội thoại/Cốt truyện	Hội thoại/Khác			深空测界台重建工程已完成	The Spacetrek Observatory is now fully rebuilt.	スペーストレック観測台の再建は完了しました	Công trình tái thiết Đài Đo Lường Không Gian đã hoàn thành
lang_multi_text.db	BuildShop_Title_1	3.4	Hội thoại/Cốt truyện	Hội thoại/Khác			拓原工程	Foundation Phase	プロジェクト・ファンデーション	Công Trình Thác Nguyên
lang_multi_text.db	BuildShop_Title_2	3.4	Hội thoại/Cốt truyện	Hội thoại/Khác			悬台工程	Platform Phase	プロジェクト・プラットフォーム	Công Trình Đài Treo
lang_multi_text.db	BuildShop_Title_3	3.4	Hội thoại/Cốt truyện	Hội thoại/Khác			望域工程	Overwatch Phase	プロジェクト・ウォッチャー	Công Trình Khu Vực Quan Sát
lang_multi_text.db	BuildTree_1_Des	3.4	Hội thoại/Cốt truyện	Hội thoại/Khác			于<color=#ffe65a>寂静断崖</color>完成带有<color=#ffe65a>「黯原科考」标签的玩法</color>，获得还原培育所需材料。\n完成培育后可获得折光果<texture=/Game/Aki/UI/UIResources/Common/Image/IconC80/T_IconC80_jijian_01_UI.T_IconC80_jijian_01_UI,0.5/>X1	Complete the <color=#ffe65a>challenges with the "Dimmr Plains Survey" tag</color> in the <color=#ffe65a>Silent Crag</color> to receive materials needed to restore the Voidbane Eldertree.\nFull restoration of the tree grants Prism Fruit <texture=/Game/Aki/UI/UIResources/Common/Image/IconC80/T_IconC80_jijian_01_UI.T_IconC80_jijian_01_UI,0.5/>x1	<color=#ffe65a>サイレント・イスカープメント</color>で、<color=#ffe65a>ディマー・プレーンズでの調査</color>のタグが付いた<color=#ffe65a>コンテンツ</color>を完了し、ヴォイド侵食の古代樹の育成に必要な素材を手に入れよう。\n育成完了後、光反射の果実<texture=/Game/Aki/UI/UIResources/Common/Image/IconC80/T_IconC80_jijian_01_UI.T_IconC80_jijian_01_UI,0.5/>を1個獲得できる。	Tại <color=#ffe65a>Silent Crag</color> hoàn thành <color=#ffe65a>lối chơi có nhãn "Khảo sát Dimmr Plains"</color>, nhận vật liệu cần thiết để phục hồi bồi dưỡng.\nHoàn thành bồi dưỡng có thể nhận Quả Giao Thoa <texture=/Game/Aki/UI/UIResources/Common/Image/IconC80/T_IconC80_jijian_01_UI.T_IconC80_jijian_01_UI,0.5/>x1
lang_multi_text.db	BuildTree_1_Name	3.4	Hội thoại/Cốt truyện	Hội thoại/Khác			还原培育·寂静断崖	Silent Crag	サイレント・イスカープメントでの還元育成	Phục Hồi Bồi Dưỡng - Silent Crag
lang_multi_text.db	BuildTree_2_Des	3.4	Hội thoại/Cốt truyện	Hội thoại/Khác			于<color=#ffe65a>封存地</color>完成带有<color=#ffe65a>「黯原科考」标签的玩法</color>，获得还原培育所需材料。\n完成培育后可获得折光果<texture=/Game/Aki/UI/UIResources/Common/Image/IconC80/T_IconC80_jijian_01_UI.T_IconC80_jijian_01_UI,0.5/>X1	Complete the <color=#ffe65a>challenges with the "Dimmr Plains Survey" tag</color> in the <color=#ffe65a>Sealed Fissure</color> to receive materials needed to restore the Voidbane Eldertree.\nFull restoration of the tree grants Prism Fruit <texture=/Game/Aki/UI/UIResources/Common/Image/IconC80/T_IconC80_jijian_01_UI.T_IconC80_jijian_01_UI,0.5/>x1	<color=#ffe65a>封印の地</color>で、<color=#ffe65a>ディマー・プレーンズでの調査</color>のタグが付いた<color=#ffe65a>コンテンツ</color>を完了し、ヴォイド侵食の古代樹の還元育成に必要な素材を手に入れよう。\n育成完了後、光反射の果実<texture=/Game/Aki/UI/UIResources/Common/Image/IconC80/T_IconC80_jijian_01_UI.T_IconC80_jijian_01_UI,0.5/>を1個獲得できる。	Tại <color=#ffe65a>Sealed Fissure</color> hoàn thành <color=#ffe65a>lối chơi có nhãn "Khảo sát Dimmr Plains"</color>, nhận vật liệu cần thiết để phục hồi bồi dưỡng.\nHoàn thành bồi dưỡng có thể nhận Quả Giao Thoa <texture=/Game/Aki/UI/UIResources/Common/Image/IconC80/T_IconC80_jijian_01_UI.T_IconC80_jijian_01_UI,0.5/>x1
lang_multi_text.db	BuildTree_2_Name	3.4	Hội thoại/Cốt truyện	Hội thoại/Khác			还原培育·封存地	Sealed Fissure	封印の地での還元育成	Phục Hồi Bồi Dưỡng - Sealed Fissure
lang_multi_text.db	BuildTree_3_Des	3.4	Hội thoại/Cốt truyện	Hội thoại/Khác			于<color=#ffe65a>恒黯之原</color>完成<color=#ffe65a>「危行任务」</color>或带有<color=#ffe65a>「黯原科考」标签的玩法</color>，获得还原培育所需材料。\n完成培育后可获得折光果<texture=/Game/Aki/UI/UIResources/Common/Image/IconC80/T_IconC80_jijian_01_UI.T_IconC80_jijian_01_UI,0.5/>X1	Complete the <color=#ffe65a>Exploration Quest</color> or <color=#ffe65a>challenges with the "Dimmr Plains Survey" tag</color> in the <color=#ffe65a>Dimmr Deep</color> to receive materials needed to restore the Voidbane Eldertree.\nFull restoration of the tree grants Prism Fruit <texture=/Game/Aki/UI/UIResources/Common/Image/IconC80/T_IconC80_jijian_01_UI.T_IconC80_jijian_01_UI,0.5/>x1	<color=#ffe65a>ディマー・ディープ</color>で、<color=#ffe65a>ディマー・プレーンズでの調査</color>のタグが付いた<color=#ffe65a>コンテンツ</color>を完了し、ヴォイド侵食の古代樹の還元育成に必要な素材を手に入れよう。\n育成完了後、光反射の果実<texture=/Game/Aki/UI/UIResources/Common/Image/IconC80/T_IconC80_jijian_01_UI.T_IconC80_jijian_01_UI,0.5/>を1個獲得できる。	Tại <color=#ffe65a>Dimmr Deep</color> hoàn thành <color=#ffe65a>"Nhiệm Vụ Nguy Hiểm"</color> hoặc <color=#ffe65a>lối chơi có nhãn "Khảo sát Dimmr Plains"</color>, nhận vật liệu cần thiết để phục hồi bồi dưỡng.\nHoàn thành bồi dưỡng có thể nhận Quả Giao Thoa <texture=/Game/Aki/UI/UIResources/Common/Image/IconC80/T_IconC80_jijian_01_UI.T_IconC80_jijian_01_UI,0.5/>x1
lang_multi_text.db	BuildTree_3_Name	3.4	Hội thoại/Cốt truyện	Hội thoại/Khác			还原培育·恒黯之原	Dimmr Deep	ディマー・ディープでの還元育成	Phục Hồi Bồi Dưỡng - Dimmr Deep
lang_multi_text.db	BuildTree_4_Des	3.4	Hội thoại/Cốt truyện	Hội thoại/Khác			于<color=#ffe65a>落日堤屿</color>完成<color=#ffe65a>「危行任务」</color>或带有<color=#ffe65a>「黯原科考」标签的玩法</color>，获得还原培育所需材料。\n完成培育后可获得折光果<texture=/Game/Aki/UI/UIResources/Common/Image/IconC80/T_IconC80_jijian_01_UI.T_IconC80_jijian_01_UI,0.5/>X1	Complete the <color=#ffe65a>Exploration Quest</color> or <color=#ffe65a>challenges with the "Dimmr Plains Survey" tag</color> in <color=#ffe65a>Solisia Landing</color> to receive materials needed to restore the Voidbane Eldertree.\nFull restoration of the tree grants Prism Fruit <texture=/Game/Aki/UI/UIResources/Common/Image/IconC80/T_IconC80_jijian_01_UI.T_IconC80_jijian_01_UI,0.5/>x1	<color=#ffe65a>サンセット・アイランド</color>で、<color=#ffe65a>ディマー・プレーンズでの調査</color>のタグが付いた<color=#ffe65a>コンテンツ</color>を完了し、ヴォイド侵食の古代樹の還元育成に必要な素材を手に入れよう。\n育成完了後、光反射の果実<texture=/Game/Aki/UI/UIResources/Common/Image/IconC80/T_IconC80_jijian_01_UI.T_IconC80_jijian_01_UI,0.5/>を1個獲得できる。	Tại <color=#ffe65a>Solisia Landing</color> hoàn thành <color=#ffe65a>"Nhiệm Vụ Nguy Hiểm"</color> hoặc <color=#ffe65a>lối chơi có nhãn "Khảo sát Dimmr Plains"</color>, nhận vật liệu cần thiết để phục hồi bồi dưỡng.\nHoàn thành bồi dưỡng có thể nhận Quả Giao Thoa <texture=/Game/Aki/UI/UIResources/Common/Image/IconC80/T_IconC80_jijian_01_UI.T_IconC80_jijian_01_UI,0.5/>x1
lang_multi_text.db	BuildTree_4_Name	3.4	Hội thoại/Cốt truyện	Hội thoại/Khác			还原培育·落日堤屿	Solisia Landing	サンセット・アイランドでの還元育成	Phục Hồi Bồi Dưỡng - Solisia Landing
lang_multi_text.db	Build_BuildingDiff	3.4	Hội thoại/Cốt truyện	Hội thoại/Khác			重建难度	Difficulty	再建難易度	Độ khó tái thiết
lang_multi_text.db	Build_CompleteDes	3.4	Hội thoại/Cốt truyện	Hội thoại/Khác			您已重建{0}，深空联合将永远铭记您的付出！	You have rebuilt {0}. The Spacetrek Collective will forever honor your service!	{0}の再建は完了しました。あなたの貢献は、スペーストレック・コレクティブの歴史に永遠に刻まれます！	Bạn đã tái thiết xong {0}, Hiệp Ước Tiên Phong sẽ mãi ghi nhớ công lao của bạn!
lang_multi_text.db	Build_CompleteTime	3.4	Hội thoại/Cốt truyện	Hội thoại/Khác			重建时间	Rebuild Time	再建時間	Thời gian tái thiết
lang_multi_text.db	Build_CompleteTitle	3.4	Hội thoại/Cốt truyện	Hội thoại/Khác			重建完成	Rebuild Complete	再建完了	Tái thiết hoàn thành
lang_multi_text.db	BuringTideDesc_2.6	3.4	Hội thoại/Cốt truyện	Hội thoại/Khác			造成伤害或击杀目标后回复焚烬值。	Dealing damage or defeating a target restores Ember.	ダメージを与えるか、目標を倒すとフレイム値を回復する	Sau khi gây sát thương hoặc Hạ Gục mục tiêu hồi giá trị Phần Tẫn.
lang_multi_text.db	BuyTextEnough	3.4	Hội thoại/Cốt truyện	Hội thoại/Khác			<color=#e1ac68>{0}/{1}</color>	<color=#e1ac68>{0}/{1}</color>	<color=#e1ac68>{0}/{1}</color>	<color=#e1ac68>{0}/{1}</color>
lang_multi_text.db	BuyTextNotEnough	3.4	Hội thoại/Cốt truyện	Hội thoại/Khác			<color=#8f8f8f>{0}/{1}</color>	<color=#8f8f8f>{0}/{1}</color>	<color=#8f8f8f>{0}/{1}</color>	<color=#8f8f8f>{0}/{1}</color>
lang_multi_text.db	CameraFliterBeauty	3.4	Hội thoại/Cốt truyện	Hội thoại/Khác			明艳	Vivid	ビビッド	Sống Động
lang_multi_text.db	CameraFliterDark	3.4	Hội thoại/Cốt truyện	Hội thoại/Khác			末日	Dystopian	終末風	Tận Thế
lang_multi_text.db	CameraFliterNier	3.4	Hội thoại/Cốt truyện	Hội thoại/Khác			胶片	Film	フィルム	Phim
lang_multi_text.db	CameraFliterNormal	3.4	Hội thoại/Cốt truyện	Hội thoại/Khác			默认	Default	デフォルト	Mặc định
lang_multi_text.db	CameraFliterWhiteAndBlack	3.4	Hội thoại/Cốt truyện	Hội thoại/Khác			黑白	Noir	モノクロ	Đen Trắng
lang_multi_text.db	CameraFliterWild	3.4	Hội thoại/Cốt truyện	Hội thoại/Khác			荒蛮	Wild	ワイルド	Hoang Dã
lang_multi_text.db	CameraFlitercontroller	3.4	Hội thoại/Cốt truyện	Hội thoại/Khác			添加滤镜	Add Filter	フィルター ON/OFF	Thêm Bộ Lọc
lang_multi_text.db	CanGetReward	3.4	Hội thoại/Cốt truyện	Hội thoại/Khác			可领取	Claimable	受取可	Có Thể Nhận
lang_multi_text.db	CannotEnterFocusModeWhenOnline	3.4	Hội thoại/Cốt truyện	Hội thoại/Khác			处于联机状态中，不允许进入任务专注模式	You are in Co-op mode Quest Focus is unavailable.	マルチプレイ中は、集中モードに入ることができません	Đang trong trạng thái nhiều người chơi, không được phép vào chế độ tập trung nhiệm vụ
lang_multi_text.db	CannotFindTarget	3.4	Hội thoại/Cốt truyện	Hội thoại/Khác			找不到探测目标	Detection target not found	特定対象が見つかりません	Không tìm thấy mục tiêu
lang_multi_text.db	CannotInviteInFormation	3.4	Hội thoại/Cốt truyện	Hội thoại/Khác			编队中，无法邀请	In team setup, unable to invite	編成中のため、招待できません	Đang đội hình, không thể mời
lang_multi_text.db	CannotShare	3.4	Hội thoại/Cốt truyện	Hội thoại/Khác			分享时间过短，请稍后	Request too frequent. Please wait a while.	シェア失敗、しばらく時間をおいてから再度お試しください	Chia sẻ quá thường xuyên. Vui lòng chờ.
lang_multi_text.db	CantUseInMultiplayerMode	3.4	Hội thoại/Cốt truyện	Hội thoại/Khác			多人游戏下无法使用此功能，请回到单人再尝试	This function is unavailable in Co-op mode. Please try again in Single Player mode.	マルチプレイではこの機能を使用できません。ソロプレイに戻ってから再度お試しください	Chức năng này không dùng được ở chế độ chơi nhiều người, hãy về chơi đơn và thử lại.
lang_multi_text.db	CarnivalBattle	3.4	Hội thoại/Cốt truyện	Hội thoại/Khác			纷争演绎	Combat Scenes	紛争の再演	Diễn Tập Chiến Đấu
lang_multi_text.db	CarnivalExplore	3.4	Hội thoại/Cốt truyện	Hội thoại/Khác			风光博览	Scenic Wonders	百景巡り	Khám Phá Phong Cảnh
lang_multi_text.db	CarnivalGift	3.4	Hội thoại/Cốt truyện	Hội thoại/Khác			庆典赠礼	Celebration Gift	祝典の贈り物	Quà Lễ Hội
lang_multi_text.db	CarnivalHabit	3.4	Hội thoại/Cốt truyện	Hội thoại/Khác			成长纪行	Growth Roadmap	成長の旅記録	Nhật Ký Trưởng Thành
lang_multi_text.db	CarnivalRoleAbu	3.4	Hội thoại/Cốt truyện	Hội thoại/Khác			阿布	Abby	アブ	Abby
lang_multi_text.db	CarnivalRoleAnKe	3.4	Hội thoại/Cốt truyện	Hội thoại/Khác			数羊游戏	Wooly-Counting Game	メェとの戯れ	Trò Chơi Đếm Cừu
lang_multi_text.db	CarnivalRoleJianXin	3.4	Hội thoại/Cốt truyện	Hội thoại/Khác			涤除玄鉴	Cleansing Reflections	明鏡止水	Tẩy Trừ Huyền Giám
lang_multi_text.db	CarnivalRoleKaKaLuo	3.4	Hội thoại/Cốt truyện	Hội thoại/Khác			幻影猎兵	Phantom Hunter	影を宿す猟兵	Lính Săn Ảo Ảnh
lang_multi_text.db	CarnivalRoleLingYang	3.4	Hội thoại/Cốt truyện	Hội thoại/Khác			凌冽斗气	Frosty Gusto	凛とした闘気	Đấu Khí Lạnh Lẽo
lang_multi_text.db	CarnivalRoleWeiLiNai	3.4	Hội thoại/Cốt truyện	Hội thoại/Khác			自然聆律	Nature Calling	自然の調律師	Lắng Nghe Giai Điệu Tự Nhiên
lang_multi_text.db	CelebrationAwardLeftTimeDay	3.4	Hội thoại/Cốt truyện	Hội thoại/Khác			距离奖励解锁还剩<color=#fdcf43>{0}</color>天<color=#fdcf43>{1}</color>小时	Rewards unlocked in <color=#fdcf43>{0}</color>d <color=#fdcf43>{1}</color>h.	報酬解放まであと<color=#fdcf43>{0}</color>日<color=#fdcf43>{1}</color>時間	Còn <color=#fdcf43>{0}</color> ngày <color=#fdcf43>{1}</color> giờ mở khóa thưởng
lang_multi_text.db	CelebrationAwardLeftTimeHour	3.4	Hội thoại/Cốt truyện	Hội thoại/Khác			距离奖励解锁还剩<color=#fdcf43>{0}</color>小时<color=#fdcf43>{1}</color>分钟	Rewards unlocked in <color=#fdcf43>{0}</color>h <color=#fdcf43>{1}</color>min.	報酬解放まであと<color=#fdcf43>{0}</color>時間<color=#fdcf43>{1}</color>分	Còn <color=#fdcf43>{0}</color> giờ <color=#fdcf43>{1}</color> phút mở khóa thưởng
lang_multi_text.db	CelebrationAwardLeftTimeLessSecond	3.4	Hội thoại/Cốt truyện	Hội thoại/Khác			距离奖励解锁还剩<color=#fdcf43>{0}</color>秒	Rewards unlocked in <color=#fdcf43>{0}</color>s.	報酬解放まであと<color=#fdcf43>{0}</color>秒	Còn <color=#fdcf43>{0}</color> giây mở khóa thưởng
lang_multi_text.db	CelebrationAwardLeftTimeSecond	3.4	Hội thoại/Cốt truyện	Hội thoại/Khác			距离奖励解锁还剩<color=#fdcf43>{0}</color>分钟<color=#fdcf43>{1}</color>秒	Rewards unlocked in <color=#fdcf43>{0}</color>min <color=#fdcf43>{1}</color>s.	報酬解放まであと<color=#fdcf43>{0}</color>分<color=#fdcf43>{1}</color>秒	Còn <color=#fdcf43>{0}</color> phút <color=#fdcf43>{1}</color> giây mở khóa thưởng
lang_multi_text.db	ChallengeAgain	3.4	Hội thoại/Cốt truyện	Hội thoại/Khác			重新挑战	Restart	再挑戦	Khiêu chiến lại
lang_multi_text.db	ChallengeAgain_mobile	3.4	Hội thoại/Cốt truyện	Hội thoại/Khác			点击重新挑战	Tap to Restart	再挑戦	Nhấp khiêu chiến lại
lang_multi_text.db	ChallengeOL_Norecord	3.4	Hội thoại/Cốt truyện	Hội thoại/Khác			暂无挑战记录	No Challenge Record	挑戦履歴がありません	Chưa có kỷ lục khiêu chiến
lang_multi_text.db	Change4KWarning_Text	3.4	Hội thoại/Cốt truyện	Hội thoại/Khác			算力不足，建议降低分辨率或关闭插帧	Insufficient computing power. Please lower the resolution or disable Frame Generation.	処理性能が足りません。解像度を下げるか、フレーム生成をオフにすることをオススメします	Hiệu suất không đủ, đề xuất giảm độ phân giải hoặc tắt Nội Suy Khung Hình
lang_multi_text.db	ChangeDefaultVisionSkinText	3.4	Hội thoại/Cốt truyện	Hội thoại/Khác			对全部<color=Highlight>{0}</color>生效	Effective for all <color=Highlight>{0}</color>.	すべての<color=Highlight>{0}</color>に適用	Áp dụng cho tất cả <color=Highlight>{0}</color>
lang_multi_text.db	ChangeMapBtn_Text	3.4	Hội thoại/Cốt truyện	Hội thoại/Khác			切换地图	Switch Map	マップ切り替え	Đổi bản đồ
lang_multi_text.db	ChanllengeBackToCockpit	3.4	Hội thoại/Cốt truyện	Hội thoại/Khác			返回驾驶舱	Return to Cockpit	コックピットに戻る	Về Buồng Lái
lang_multi_text.db	ChipHandBook_103012508_VoiceDescrtption	3.4	Hội thoại/Cốt truyện	Hội thoại/Khác			瑝珑	Huanglong	瑝瓏	Hoàng Long
lang_multi_text.db	ChipHandBook_103012509_VoiceDescrtption	3.4	Hội thoại/Cốt truyện	Hội thoại/Khác			瑝珑	Huanglong	瑝瓏	Hoàng Long
lang_multi_text.db	ChipHandBook_103012510_VoiceDescrtption	3.4	Hội thoại/Cốt truyện	Hội thoại/Khác			瑝珑	Huanglong	瑝瓏	Hoàng Long
lang_multi_text.db	ChipHandBook_11060101_VoiceDescrtption	3.4	Hội thoại/Cốt truyện	Hội thoại/Khác			瑝珑	Huanglong	瑝瓏	Hoàng Long
lang_multi_text.db	ChipHandBook_11060102_VoiceDescrtption	3.4	Hội thoại/Cốt truyện	Hội thoại/Khác			瑝珑	Huanglong	瑝瓏	Hoàng Long
lang_multi_text.db	ChipHandBook_11060103_VoiceDescrtption	3.4	Hội thoại/Cốt truyện	Hội thoại/Khác			瑝珑	Huanglong	瑝瓏	Hoàng Long
lang_multi_text.db	ChipHandBook_11060104_VoiceDescrtption	3.4	Hội thoại/Cốt truyện	Hội thoại/Khác			瑝珑	Huanglong	瑝瓏	Hoàng Long
lang_multi_text.db	ChipHandBook_11060105_VoiceDescrtption	3.4	Hội thoại/Cốt truyện	Hội thoại/Khác			瑝珑	Huanglong	瑝瓏	Hoàng Long
lang_multi_text.db	ChipHandBook_11080101_VoiceDescrtption	3.4	Hội thoại/Cốt truyện	Hội thoại/Khác			瑝珑	Huanglong	瑝瓏	Hoàng Long
lang_multi_text.db	ChipHandBook_11080102_VoiceDescrtption	3.4	Hội thoại/Cốt truyện	Hội thoại/Khác			瑝珑	Huanglong	瑝瓏	Hoàng Long
lang_multi_text.db	ChipHandBook_11080103_VoiceDescrtption	3.4	Hội thoại/Cốt truyện	Hội thoại/Khác			瑝珑	Huanglong	瑝瓏	Hoàng Long
lang_multi_text.db	ChipHandBook_11080104_VoiceDescrtption	3.4	Hội thoại/Cốt truyện	Hội thoại/Khác			瑝珑	Huanglong	瑝瓏	Hoàng Long
lang_multi_text.db	ChipHandBook_11080105_VoiceDescrtption	3.4	Hội thoại/Cốt truyện	Hội thoại/Khác			瑝珑	Huanglong	瑝瓏	Hoàng Long
lang_multi_text.db	ChipHandBook_11080106_VoiceDescrtption	3.4	Hội thoại/Cốt truyện	Hội thoại/Khác			瑝珑	Huanglong	瑝瓏	Hoàng Long
lang_multi_text.db	ChipType_103_TypeDescription	3.4	Hội thoại/Cốt truyện	Hội thoại/Khác			黑海岸	The Black Shores	ブラックショア	Bờ Biển Đen
lang_multi_text.db	ChipType_104_TypeDescription	3.4	Hội thoại/Cốt truyện	Hội thoại/Khác			黎那汐塔	Rinascita	リナシータ	Rinascita - Ragunna
lang_multi_text.db	ChipType_1_TypeDescription	3.4	Hội thoại/Cốt truyện	Hội thoại/Khác			无光之森调查报告	Dim Forest Investigation Report	光なき森調査レポート	Báo Cáo Điều Tra Rừng Vô Quang
lang_multi_text.db	ChipType_3_TypeDescription	3.4	Hội thoại/Cốt truyện	Hội thoại/Khác			迷雾深坑勘探记录	Misty Deep Pit Exploration Record	迷霧の深穴調査記録	Ghi Chép Khảo Sát Hố Sâu Sương Mù
lang_multi_text.db	ChipType_4_TypeDescription	3.4	Hội thoại/Cốt truyện	Hội thoại/Khác			战地记录	Battlefield Record	戦地レポート	Ghi Chép Chiến Trường
lang_multi_text.db	ClearBlockFinishTips	3.4	Hội thoại/Cốt truyện	Hội thoại/Khác			清理已完成	Space Cleared	クリーンアップが完了しました	Đã dọn dẹp xong
lang_multi_text.db	ClientErrorCode_0_Text	3.4	Hội thoại/Cốt truyện	Hội thoại/Khác			可控制数量已达上限	Control limit reached	制御数は上限に達しています	Số lượng điều khiển đã đạt giới hạn
lang_multi_text.db	CloudGame_BattlePass_128_Desc	3.4	Hội thoại/Cốt truyện	Hội thoại/Khác			赠{0}天云畅玩卡<texture=/Game/Aki/UI/UIResources/Common/Image/Com/T_IconCwk.T_IconCwk/>	{0}-day cloud gaming pass<texture=/Game/Aki/UI/UIResources/Common/Image/Com/T_IconCwk.T_IconCwk/>	クラウドパスを贈呈（{0}日）<texture=/Game/Aki/UI/UIResources/Common/Image/Com/T_IconCwk.T_IconCwk/>	Tặng thẻ chơi đám mây {0} ngày<texture=/Game/Aki/UI/UIResources/Common/Image/Com/T_IconCwk·T_IconCwk/>
lang_multi_text.db	CloudGame_BattlePass_60_Desc	3.4	Hội thoại/Cốt truyện	Hội thoại/Khác			额外赠{0}天云畅玩卡<texture=/Game/Aki/UI/UIResources/Common/Image/Com/T_IconCwk.T_IconCwk/>	Additional {0}-day cloud gaming pass<texture=/Game/Aki/UI/UIResources/Common/Image/Com/T_IconCwk.T_IconCwk/>	追加でクラウドパスを贈呈（{0}日）<texture=/Game/Aki/UI/UIResources/Common/Image/Com/T_IconCwk.T_IconCwk/>	Tặng thêm thẻ chơi đám mây {0} ngày<texture=/Game/Aki/UI/UIResources/Common/Image/Com/T_IconCwk·T_IconCwk/>
lang_multi_text.db	CloudGame_BattlePass_68_Desc	3.4	Hội thoại/Cốt truyện	Hội thoại/Khác			赠{0}天云畅玩卡<texture=/Game/Aki/UI/UIResources/Common/Image/Com/T_IconCwk.T_IconCwk/>	{0}-day cloud gaming pass<texture=/Game/Aki/UI/UIResources/Common/Image/Com/T_IconCwk.T_IconCwk/>	クラウドパスを贈呈（{0}日）<texture=/Game/Aki/UI/UIResources/Common/Image/Com/T_IconCwk.T_IconCwk/>	Tặng thẻ chơi đám mây {0} ngày<texture=/Game/Aki/UI/UIResources/Common/Image/Com/T_IconCwk·T_IconCwk/>
lang_multi_text.db	CloudGame_MonthPass_Desc	3.4	Hội thoại/Cốt truyện	Hội thoại/Khác			赠{0}天云畅玩卡	{0}-day cloud gaming pass	クラウドパスを贈呈（{0}日）	Tặng thẻ chơi đám mây {0} ngày
lang_multi_text.db	CollectActivity_Button_ahead	3.4	Hội thoại/Cốt truyện	Hội thoại/Khác			前往	Proceed	開始	Đến
lang_multi_text.db	CollectActivity_prompt_finish	3.4	Hội thoại/Cốt truyện	Hội thoại/Khác			已完成所有任务	All Quests Completed	全任務クリア	Đã hoàn thành tất cả nhiệm vụ
lang_multi_text.db	CollectActivity_reward	3.4	Hội thoại/Cốt truyện	Hội thoại/Khác			奖励预览	Rewards Preview	報酬プレビュー	Xem trước phần thưởng
lang_multi_text.db	CollectActivity_schedule	3.4	Hội thoại/Cốt truyện	Hội thoại/Khác			当前进度	Current Progress	現在進捗	Tiến độ hiện tại
lang_multi_text.db	ColonTag	3.4	Hội thoại/Cốt truyện	Hội thoại/Khác			：	:	：	:
lang_multi_text.db	CombineKeyDisable	3.4	Hội thoại/Cốt truyện	Hội thoại/Khác			该按键已被占用，且所属的功能无法改为组合键，请更换	Key already in use. This action does not support key combinations. Please choose another key.	このキーは使用中です。機能は組み合わせキーに変更できないため、別のキーを選んでください	Phím này đã được sử dụng và chức năng không hỗ trợ tổ hợp phím, vui lòng đổi phím khác
lang_multi_text.db	CommonRewardViewDisplay_1001_ContinueText	3.4	Hội thoại/Cốt truyện	Hội thoại/Khác			点击空白处继续	Tap the blank area to continue	クリックして続ける	Nhấn vào khoảng trống để tiếp tục
lang_multi_text.db	CommonRewardViewDisplay_1001_Title	3.4	Hội thoại/Cốt truyện	Hội thoại/Khác			获得	Items Obtained	獲得	Nhận
lang_multi_text.db	CommonRewardViewDisplay_1002_Title	3.4	Hội thoại/Cốt truyện	Hội thoại/Khác			材料返还	Returned Item	素材返却	Hoàn trả nguyên liệu
lang_multi_text.db	CommonRewardViewDisplay_RecallActivity_Title	3.4	Hội thoại/Cốt truyện	Hội thoại/Khác			回归任务	Returnee Quest	復帰任務	Nhiệm vụ Trở Về
lang_multi_text.db	CommonRewardViewDisplay_RecallActivity_Title_new	3.4	Hội thoại/Cốt truyện	Hội thoại/Khác			海歌重奏回归奖励	Reprise of Tides Returnee Rewards	「帰還の潮唄」復帰報酬	Phần thưởng trở lại Reprise of Tides
lang_multi_text.db	CommunicationRectricted	3.4	Hội thoại/Cốt truyện	Hội thoại/Khác			帐号处于社交限制状态	Your account is temporarily restricted from using social functions	フレンド機能が制限されています。	Tài khoản đang bị hạn chế giao tiếp
lang_multi_text.db	CompletedGamePlayPoints_Text	3.4	Hội thoại/Cốt truyện	Hội thoại/Khác			已完成挑战标记	Show Completed Challenges	クリア済みの挑戦マーク	Hiện dấu khiêu chiến đã hoàn thành
lang_multi_text.db	CompositeRewardDisplay_2001_ContinueText	3.4	Hội thoại/Cốt truyện	Hội thoại/Khác			点击空白处继续	Tap the blank area to continue	クリックして続ける	Nhấn vào khoảng trống để tiếp tục
lang_multi_text.db	CompositeRewardDisplay_2001_ProgressBarTitle	3.4	Hội thoại/Cốt truyện	Hội thoại/Khác			熟练度	Proficiency	熟練度	Độ Thông Thạo
lang_multi_text.db	CompositeRewardDisplay_2001_Title	3.4	Hội thoại/Cốt truyện	Hội thoại/Khác			烹饪完成	Cooking completed	調理完了	Nấu xong
lang_multi_text.db	CompositeRewardDisplay_2002_Title	3.4	Hội thoại/Cốt truyện	Hội thoại/Khác			烹饪完成	Cooking completed	調理完了	Nấu xong
lang_multi_text.db	CompositeRewardDisplay_2003_Title	3.4	Hội thoại/Cốt truyện	Hội thoại/Khác			印造完成	Crafting Completed	製造完了	In xong
lang_multi_text.db	CompositeRewardDisplay_2004_ProgressBarTitle	3.4	Hội thoại/Cốt truyện	Hội thoại/Khác			研究经验	Research EXP	研究EXP	EXP Nghiên cứu
lang_multi_text.db	CompositeRewardDisplay_2004_Title	3.4	Hội thoại/Cốt truyện	Hội thoại/Khác			研究完成	Research Completed	製作完了	Nghiên cứu xong
lang_multi_text.db	CompositeRewardDisplay_2005_Title	3.4	Hội thoại/Cốt truyện	Hội thoại/Khác			烹饪失败	Cooking failed	調理失敗	Nấu thất bại
lang_multi_text.db	CompositeRewardDisplay_2006_Title	3.4	Hội thoại/Cốt truyện	Hội thoại/Khác			交付完成	Delivery Completed	提出完了	Giao xong
lang_multi_text.db	CompositeRewardDisplay_2009_Title	3.4	Hội thoại/Cốt truyện	Hội thoại/Khác			交付完成	Delivery Complete	提出完了	Giao xong
lang_multi_text.db	CompositeRewardDisplay_2010_Title	3.4	Hội thoại/Cốt truyện	Hội thoại/Khác			交付完成	Delivery Complete	提出完了	Giao xong
lang_multi_text.db	ConfigValueError	3.4	Hội thoại/Cốt truyện	Hội thoại/Khác			远程配置值异常，点击按钮重试	Remote configuration value is abnormal. Tap to try again.	リモートコンフィグレーションのパラメータが異常、ボタンを押してリトライしてください。	Giá trị cấu hình từ xa bất thường, nhấn nút để thử lại
lang_multi_text.db	ConnectBanCleanResource	3.4	Hội thoại/Cốt truyện	Hội thoại/Khác			联机状态下无法清理场景	Unable to clear environment while in Co-Op Mode	マルチプレイ中はマップのクリーンアップができません	Trong trạng thái nhiều người chơi không thể dọn dẹp cảnh
lang_multi_text.db	Controler_Notconnect	3.4	Hội thoại/Cốt truyện	Hội thoại/Khác			未连接控制器	Controller not connected	コントローラー未接続	Chưa kết nối bộ điều khiển
lang_multi_text.db	Controler_Notconnect_tips	3.4	Hội thoại/Cốt truyện	Hội thoại/Khác			控制器未连接切换失败	Controller not connected. Switch failed.	切替に失敗しました、先にコントローラーを接続してください。	Chưa kết nối bộ điều khiển, chuyển đổi thất bại
lang_multi_text.db	CorniceMeetingMarkPanelCurrent	3.4	Hội thoại/Cốt truyện	Hội thoại/Khác			当前：	Current:	現在	Hiện tại:
lang_multi_text.db	CorniceMeetingMarkPanelScore	3.4	Hội thoại/Cốt truyện	Hội thoại/Khác			收集进度：	Collection Progress:	収集進捗	Tiến độ thu thập:
lang_multi_text.db	CorniceMeetingSettleSuccess	3.4	Hội thoại/Cốt truyện	Hội thoại/Khác			挑战完成	Challenge Complete	挑戦クリア	Hoàn thành thử thách
lang_multi_text.db	CreatingAccount	3.4	Hội thoại/Cốt truyện	Hội thoại/Khác			账号生成中...	Setting up your account...	アカウント作成中…	Đang tạo tài khoản...
lang_multi_text.db	CrossMapForbidTips	3.4	Hội thoại/Cốt truyện	Hội thoại/Khác			目标位于{0}，当前无法追踪，请先前往此场景	Unable to track the quest target, head to {0} to proceed.	任務目標は{0}にあるため、追跡できません。まずは該当エリアに向かってください。	Mục tiêu nằm ở {0}, hiện không thể theo dõi, vui lòng đến khu vực này trước
lang_multi_text.db	CrossMapMainTips	3.4	Hội thoại/Cốt truyện	Hội thoại/Khác			目标位于{0}，请先前往此场景	Tracked target located in {0}.	任務目標は{0}にある。該当エリアに向かってください	Mục tiêu nằm ở {0}, vui lòng đến khu vực này trước
lang_multi_text.db	CrossMapMissionTips	3.4	Hội thoại/Cốt truyện	Hội thoại/Khác			请前往{0}	Head to {0}	{0}に向かってください	Hãy đến {0}
lang_multi_text.db	Crown_Remove_01	3.4	Hội thoại/Cốt truyện	Hội thoại/Khác			卸下	Remove	はずす	Gỡ Xuống
lang_multi_text.db	Crown_Wear_01	3.4	Hội thoại/Cốt truyện	Hội thoại/Khác			装备	Equip	かぶる	Trang Bị
lang_multi_text.db	CumulativeShopOpenTimeEnd	3.4	Hội thoại/Cốt truyện	Hội thoại/Khác			活动已结束，无法获取流音浪沫	The event has ended. Cannot obtain Spindrift.	イベントが終了したため、潮音のしぶきは入手できません	Sự kiện đã kết thúc, không thể nhận Bọt Sóng Âm
lang_multi_text.db	CurrencyNotEnough	3.4	Hội thoại/Cốt truyện	Hội thoại/Khác			{0}：货币不足	{0}: Insufficient	{0}：通貨不足	{0}: Không đủ tiền
lang_multi_text.db	CurrencyNotEnoughDetailed	3.4	Hội thoại/Cốt truyện	Hội thoại/Khác			{0}不足（还需{1} {0}）	Insufficient {0} ({1} more {0} needed)	{0}が足りません（あと{1}{0}必要）	{0} không đủ (Còn thiếu {1} {0})
lang_multi_text.db	CurrencyNotEnoughGo	3.4	Hội thoại/Cốt truyện	Hội thoại/Khác			获取月相	Obtain Lunite	月相を獲得	Nhận Nguyệt Tướng
lang_multi_text.db	CurrentAreaExploreProgress	3.4	Hội thoại/Cốt truyện	Hội thoại/Khác			当前：{0}%	Progress: {0}%	現在：{0}%	Hiện tại: {0}%
lang_multi_text.db	CurrentHoldText	3.4	Hội thoại/Cốt truyện	Hội thoại/Khác			当前持有：{0}	Currently Owned: {0}	現在所持：{0}	Hiện đang sở hữu: {0}
lang_multi_text.db	CurrentIdentifyUnlockText	3.4	Hội thoại/Cốt truyện	Hội thoại/Khác			激活新辅音属性	Activate New Substat	サブステ解放	Kích hoạt thuộc tính phụ mới
lang_multi_text.db	CurrentLine	3.4	Hội thoại/Cốt truyện	Hội thoại/Khác			当前路线	Current route	現在ルート	Tuyến đường hiện tại
lang_multi_text.db	CurrentResonantCount	3.4	Hội thoại/Cốt truyện	Hội thoại/Khác			<color=#fced0a>当前共鸣者共鸣链<texture=/Game/Aki/UI/UIResources/UiActivity/Image/Activity34/CyberpunkLuckdraw/T_IconRoleEcho.T_IconRoleEcho/>{0}</color>	<color=#fced0a>Current Resonator's Resonance Chain <texture=/Game/Aki/UI/UIResources/UiActivity/Image/Activity34/CyberpunkLuckdraw/T_IconRoleEcho.T_IconRoleEcho/>{0}</color>	<color=#fced0a>現在の共鳴チェーン<texture=/Game/Aki/UI/UIResources/UiActivity/Image/Activity34/CyberpunkLuckdraw/T_IconRoleEcho.T_IconRoleEcho/>{0}</color>	<color=#fced0a>Chuỗi Cộng Hưởng hiện tại của Cộng Hưởng Giả<texture=/Game/Aki/UI/UIResources/UiActivity/Image/Activity34/CyberpunkLuckdraw/T_IconRoleEcho.T_IconRoleEcho/>{0}</color>
lang_multi_text.db	CurrentResonantCountMax	3.4	Hội thoại/Cốt truyện	Hội thoại/Khác			<color=#ff9500>当前共鸣者共鸣链<texture=/Game/Aki/UI/UIResources/UiActivity/Image/Activity34/CyberpunkLuckdraw/T_IconRoleEcho1.T_IconRoleEcho1/>{0}</color>	<color=#ff9500>Current Resonator's Resonance Chain <texture=/Game/Aki/UI/UIResources/UiActivity/Image/Activity34/CyberpunkLuckdraw/T_IconRoleEcho1.T_IconRoleEcho1/>{0}</color>	<color=#ff9500>現在の共鳴チェーン<texture=/Game/Aki/UI/UIResources/UiActivity/Image/Activity34/CyberpunkLuckdraw/T_IconRoleEcho1.T_IconRoleEcho1/>{0}</color>	<color=#ff9500>Chuỗi Cộng Hưởng của Cộng Hưởng Giả hiện tại<texture=/Game/Aki/UI/UIResources/UiActivity/Image/Activity34/CyberpunkLuckdraw/T_IconRoleEcho1.T_IconRoleEcho1/>{0}</color>
lang_multi_text.db	CurrentVersion	3.4	Hội thoại/Cốt truyện	Hội thoại/Khác			当前版本         {0}	Current Version {0}	現在バージョン         {0}	Phiên bản hiện tại {0}
lang_multi_text.db	Cyberpunk_Reward	3.4	Hội thoại/Cốt truyện	Hội thoại/Khác			羁旅印章【{0}】	Sigil "{0}"	旅のしるし【{0}】	Ấn Lữ Hành [{0}]
lang_multi_text.db	DaMaoFushua_001_Title	3.4	Hội thoại/Cốt truyện	Hội thoại/Khác			难度Ⅰ	Difficulty I	難易度Ⅰ	Độ khó I
lang_multi_text.db	DaMaoFushua_002_Title	3.4	Hội thoại/Cốt truyện	Hội thoại/Khác			难度Ⅱ	Difficulty II	難易度Ⅱ	Độ khó II
lang_multi_text.db	DaMaoFushua_003_Title	3.4	Hội thoại/Cốt truyện	Hội thoại/Khác			难度Ⅲ	Difficulty III	難易度Ⅲ	Độ khó III
lang_multi_text.db	DaMaoFushua_004_Title	3.4	Hội thoại/Cốt truyện	Hội thoại/Khác			难度IV	Difficulty IV	難易度IV	Độ khó IV
lang_multi_text.db	DaMaoFushua_005_Title	3.4	Hội thoại/Cốt truyện	Hội thoại/Khác			难度V	Difficulty V	難易度V	Độ khó V
lang_multi_text.db	DaMaoFushua_006_Title	3.4	Hội thoại/Cốt truyện	Hội thoại/Khác			难度VI	Difficulty VI	難易度VI	Độ khó VI
lang_multi_text.db	DaMaoFushua_01_Total	3.4	Hội thoại/Cốt truyện	Hội thoại/Khác			永夜重现难度I通关积分达到1400	Clear Nightmare Revisits Difficulty I with 1400 points	永夜の再来難易度Iクリア時スコア1400を達成	Điểm vượt ải Đêm Dài Tái Hiện - Độ Khó I đạt 1400
lang_multi_text.db	DaMaoFushua_01_desc	3.4	Hội thoại/Cốt truyện	Hội thoại/Khác			特殊环境：\n击败敌人可获得额外的联梦能量\n敌人强化：\n部分敌人被梦魇强化，具有较高的韧性和共振度	Special Buff:\nDefeating enemies grants extra Sync Energy.\n\nStronger Foes:\nSome enemies are fanaticized by the power of nightmares and have higher Poise and Vibration Strength.	ステージバフ：\n敵を倒すと追加のリンクエネルギーを獲得\n敵強化：\n悪夢の影響により、一部の敵は高い中断耐性と共振度を持つ	Môi trường đặc biệt:\nĐánh Bại kẻ địch có thể nhận thêm năng lượng liên mộng\nKẻ địch cường hóa:\nMột số kẻ địch được Cơn Ác Mộng cường hóa, có sức kháng cự và độ cộng hưởng cao hơn
lang_multi_text.db	DaMaoFushua_02_Total	3.4	Hội thoại/Cốt truyện	Hội thoại/Khác			永夜重现难度II通关积分达到1400	Clear Nightmare Revisits Difficulty II with 1400 points	永夜の再来難易度IIクリア時スコア1400を達成	Điểm vượt ải Đêm Dài Tái Hiện - Độ Khó II đạt 1400
lang_multi_text.db	DaMaoFushua_02_desc	3.4	Hội thoại/Cốt truyện	Hội thoại/Khác			特殊环境：\n击败敌人可获得额外的联梦能量\n敌人强化：\n部分敌人被梦魇强化，具有较高的韧性和共振度	Special Buff:\nDefeating enemies grants extra Sync Energy.\n\nStronger Foes:\nSome enemies are fanaticized by the power of nightmares and have higher Poise and Vibration Strength.	ステージバフ：\n敵を倒すと追加のリンクエネルギーを獲得\n敵強化：\n悪夢の影響により、一部の敵は高い中断耐性と共振度を持つ	Môi trường đặc biệt:\nĐánh Bại kẻ địch có thể nhận thêm năng lượng liên mộng\nKẻ địch cường hóa:\nMột số kẻ địch được Cơn Ác Mộng cường hóa, có sức kháng cự và độ cộng hưởng cao hơn
lang_multi_text.db	DaMaoFushua_03_Total	3.4	Hội thoại/Cốt truyện	Hội thoại/Khác			永夜重现难度III通关积分达到2400	Clear Nightmare Revisits Difficulty III with 2400 points	永夜の再来難易度IIIクリア時スコア2400を達成	Điểm vượt ải Đêm Dài Tái Hiện - Độ Khó III đạt 2400
lang_multi_text.db	DaMaoFushua_03_desc	3.4	Hội thoại/Cốt truyện	Hội thoại/Khác			特殊环境：\n成功闪避、闪避反击和逆势回击可获得额外的联梦能量\n敌人强化：\n部分敌人被梦魇强化，具有较高的韧性和共振度	Special Buff:\nSuccessful Dodge, Dodge Counter, and Counterattack grant extra Sync Energy.\n\nStronger Foes:\nSome enemies are fanaticized by the power of nightmares and have higher Poise and Vibration Strength.	ステージバフ：\n回避・回避反撃・パリィに成功すると追加のリンクエネルギーを獲得\n敵強化：\n悪夢の影響により、一部の敵は高い中断耐性と共振度を持つ	Môi trường đặc biệt:\nNé Tránh, Phản Công Né Tránh và Đòn Đánh Ngược thành công có thể nhận thêm năng lượng liên mộng\nKẻ địch cường hóa:\nMột số kẻ địch được Cơn Ác Mộng cường hóa, có sức kháng cự và độ cộng hưởng cao hơn
lang_multi_text.db	DaMaoFushua_04_Total	3.4	Hội thoại/Cốt truyện	Hội thoại/Khác			永夜重现难度IV通关积分达到3200	Clear Nightmare Revisits Difficulty IV with 3200 points	永夜の再来難易度IVクリア時スコア3200を達成	Điểm vượt ải Đêm Dài Tái Hiện - Độ Khó IV đạt 3200
lang_multi_text.db	DaMaoFushua_04_desc	3.4	Hội thoại/Cốt truyện	Hội thoại/Khác			特殊环境：\n击败敌人可获得额外的联梦能量\n敌人强化：\n1.部分敌人被梦魇强化，具有较高的韧性和共振度\n2.敌人将获得最大生命30%的护盾	Special Buff: \nDefeating enemies grants extra Sync Energy.\n\nStronger Foes: \n1. Some enemies are fanaticized by the power of nightmares and have higher Poise and Vibration Strength.\n2. Enemies gain a shield equal to 30% of their Max HP.	ステージバフ：\n敵を倒すと追加のリンクエネルギーを獲得\n敵強化：\n1.悪夢の影響により、一部の敵は高い中断耐性と共振度を持つ\n2.敵にHP上限の30%に相当するシールドが付与される	Môi trường đặc biệt:\nĐánh Bại kẻ địch có thể nhận thêm năng lượng liên mộng\nKẻ địch cường hóa:\n1. Một số kẻ địch được Cơn Ác Mộng cường hóa, có sức kháng cự và độ cộng hưởng cao hơn\n2. Kẻ địch sẽ nhận được lá chắn bằng 30% HP Tối Đa
lang_multi_text.db	DaMaoFushua_05_Total	3.4	Hội thoại/Cốt truyện	Hội thoại/Khác			永夜重现难度V通关积分达到3200	Clear Nightmare Revisits Difficulty V with 3200 points	永夜の再来難易度Vクリア時スコア3200を達成	Điểm vượt ải Đêm Dài Tái Hiện - Độ Khó V đạt 3200
lang_multi_text.db	DaMaoFushua_05_desc	3.4	Hội thoại/Cốt truyện	Hội thoại/Khác			特殊环境：\n本关中击败敌人可获得额外的联梦能量\n敌人强化：\n1.部分敌人被梦魇强化，具有较高的韧性和共振度\n2.敌人被击败时将降低全队50点攻击力，至多叠加10层，进入联梦融觉后移除	Special Buff: \nDefeating enemies grants extra Sync Energy.\n\nStronger Foes: \n1. Some enemies are fanaticized by the power of nightmares and have higher Poise and Vibration Strength.\n2. Defeating an enemy reduces 50 ATK of all team members, stacking up to 10 times. This effect will be removed when activating Dream Link.	ステージバフ：\n敵を倒すと追加のリンクエネルギーを獲得\n敵強化：\n1.悪夢の影響により、一部の敵は高い中断耐性と共振度を持つ\n2.敵を倒すとチーム内全員は攻撃力を50ダウンされる、最大10スタック。「異夢リンク」状態に入ることで、この効果を除去できる	Môi trường đặc biệt:\nĐánh Bại kẻ địch trong ải này có thể nhận thêm năng lượng liên mộng\nKẻ địch cường hóa:\n1. Một số kẻ địch được Cơn Ác Mộng cường hóa, có sức kháng cự và độ cộng hưởng cao hơn\n2. Khi kẻ địch bị đánh bại sẽ giảm 50 điểm tấn công của toàn đội, tối đa cộng dồn 10 tầng, xóa bỏ sau khi vào Liên Mộng Dung Giác
lang_multi_text.db	DaMaoFushua_06_Total	3.4	Hội thoại/Cốt truyện	Hội thoại/Khác			永夜重现难度VI通关积分达到3800	Clear Nightmare Revisits Difficulty VI with 3800 points	永夜の再来難易度VIクリア時スコア3800を達成	Điểm vượt ải Đêm Dài Tái Hiện - Độ Khó VI đạt 3800
lang_multi_text.db	DaMaoFushua_06_desc	3.4	Hội thoại/Cốt truyện	Hội thoại/Khác			特殊环境：\n成功闪避、闪避反击和逆势回击可获得额外的联梦能量。\n敌人强化：\n1.部分敌人被梦魇强化，具有较高的韧性和共振度\n2.敌人每秒获得3%的伤害减免效果，至多叠加20层，进入瘫痪状态后移除	Special Buff: \nSuccessful Dodge, Dodge Counter, and Counterattack grant extra Sync Energy.\n\nStronger Foes: \n1. Some enemies are fanaticized by the power of nightmares and have higher Poise and Vibration Strength.\n2. The DMG taken by enemies is reduced by 3% per second, stacking up to 20 times. This effect will be removed when they are immobilized.	ステージバフ：\n回避・回避反撃・パリィに成功すると追加のリンクエネルギーを獲得\n敵強化：\n1.悪夢の影響により、一部の敵は高い中断耐性と共振度を持つ\n2.敵に被ダメージ3%軽減効果が1秒ごとに1スタック付与される、最大20スタック。敵を無力化させることで、この効果を除去できる	Môi trường đặc biệt:\nNé Tránh, Phản Công Né Tránh và Đòn Đánh Ngược thành công có thể nhận thêm năng lượng liên mộng.\nKẻ địch cường hóa:\n1. Một số kẻ địch được Cơn Ác Mộng cường hóa, có sức kháng cự và độ cộng hưởng cao hơn\n2. Kẻ địch mỗi giây nhận 3% hiệu quả giảm sát thương, tối đa cộng dồn 20 tầng, xóa bỏ sau khi vào trạng thái tê liệt
lang_multi_text.db	DaMaoFushua_Level_Unlock	3.4	Hội thoại/Cốt truyện	Hội thoại/Khác			未开放	Unavailable	未解放	Chưa mở
lang_multi_text.db	DaMaoScore_Normal	3.4	Hội thoại/Cốt truyện	Hội thoại/Khác			最高积分：{0}	Highest Score: {0}	ハイスコア：{0}	Điểm cao nhất: {0}
lang_multi_text.db	DaMaoScore_Unfinish	3.4	Hội thoại/Cốt truyện	Hội thoại/Khác			最高积分：未参与	Highest Score: -	ハイスコア：未挑戦	Điểm cao nhất: Chưa tham gia
lang_multi_text.db	DaMaoTips_NotEnough	3.4	Hội thoại/Cốt truyện	Hội thoại/Khác			队内角色不足3人，请选取足够的角色入队	Please select 3 Resonators to start the challenge	チームメンバーは3人必要です。キャラクターをチームに編成してください。	Số nhân vật trong đội không đủ 3 người, vui lòng chọn đủ nhân vật vào đội
lang_multi_text.db	DaMaoUnLockTime	3.4	Hội thoại/Cốt truyện	Hội thoại/Khác			{0}后解锁该关卡	This stage unlocks in {0}.	{0}後に解放	Sau {0} mở khóa ải này
lang_multi_text.db	DarkShoreBossRewardGet	3.4	Hội thoại/Cốt truyện	Hội thoại/Khác			已首通	First Clear Completed	初回クリア済み	Đã Vượt Lần Đầu
lang_multi_text.db	DarkShoreBossRewardNotGet	3.4	Hội thoại/Cốt truyện	Hội thoại/Khác			奖励待领取	Unclaimed reward	未受取の報酬があります	Phần Thưởng Đang Đợi Nhận
lang_multi_text.db	DarkShoreBossReward_Text	3.4	Hội thoại/Cốt truyện	Hội thoại/Khác			宝箱	Supply Chest	宝箱	Rương
lang_multi_text.db	DarkShoreRewardGet	3.4	Hội thoại/Cốt truyện	Hội thoại/Khác			领取	Claim	受取	Nhận
lang_multi_text.db	DarkShoreRewardNotAchieved	3.4	Hội thoại/Cốt truyện	Hội thoại/Khác			未完成	Ongoing	未完成	Chưa Hoàn Thành
lang_multi_text.db	DarkShoreRewardNumber	3.4	Hội thoại/Cốt truyện	Hội thoại/Khác			x3	x3	x3	x3
lang_multi_text.db	DataBankLevelTips_Max	3.4	Hội thoại/Cốt truyện	Hội thoại/Khác			已达到等级上限	Max Level Reached	レベル上限に達しました	Đã đạt cấp tối đa
lang_multi_text.db	Dating_Title	3.4	Hội thoại/Cốt truyện	Hội thoại/Khác			潮汐续闻	Afterstory	潮汐の続き	Tục Văn Minh Triều
lang_multi_text.db	DefaultLoginNotice	3.4	Hội thoại/Cốt truyện	Hội thoại/Khác			登录失败，请尝试重启客户端并重新登录。	Login failed, please try to restart the client and log in again.	ログインに失敗しました。アプリを再起動してから再度ログインをお試しください。	Đăng nhập thất bại, vui lòng thử khởi động lại client và đăng nhập lại.
lang_multi_text.db	DefaultLoginTitle	3.4	Hội thoại/Cốt truyện	Hội thoại/Khác			提示	Notice	注意	Nhắc Nhở
lang_multi_text.db	Default_Graphics_Quality_1	3.4	Hội thoại/Cốt truyện	Hội thoại/Khác			默认画质（1x）	Default (1x)	デフォルト（1x）	Chất lượng đồ họa mặc định (1x)
lang_multi_text.db	DeleteSelect	3.4	Hội thoại/Cốt truyện	Hội thoại/Khác			清除	Remove	リセット	Xóa Bỏ
lang_multi_text.db	DeliverSlotCountNotEnough	3.4	Hội thoại/Cốt truyện	Hội thoại/Khác			<color=#c25757>{0}</color>/{1}	<color=#c25757>{0}</color>/{1}	<color=#c25757>{0}</color>/{1}	<color=#c25757>{0}</color>/{1}
lang_multi_text.db	DeviceInfo_1	3.4	Hội thoại/Cốt truyện	Hội thoại/Khác			中央处理器	CPU	CPU	Bộ xử lý trung tâm
lang_multi_text.db	DeviceInfo_2	3.4	Hội thoại/Cốt truyện	Hội thoại/Khác			内存	Memory	メモリ	Bộ Nhớ
lang_multi_text.db	DeviceInfo_3	3.4	Hội thoại/Cốt truyện	Hội thoại/Khác			显卡	Graphics Card	グラフィックカード	Card Đồ Họa
lang_multi_text.db	DeviceInfo_4	3.4	Hội thoại/Cốt truyện	Hội thoại/Khác			显存	Video Memory	VRAM	Bộ nhớ đồ họa
lang_multi_text.db	DeviceInfo_5	3.4	Hội thoại/Cốt truyện	Hội thoại/Khác			显卡驱动	Graphics Driver	グラフィックドライバー	Trình Điều Khiển Card Đồ Họa
lang_multi_text.db	DeviceInfo_6	3.4	Hội thoại/Cốt truyện	Hội thoại/Khác			安装硬盘类型	Drive Type	インストール先のドライブ	Loại Ổ Cứng Cài Đặt
lang_multi_text.db	DeviceInfo_7	3.4	Hội thoại/Cốt truyện	Hội thoại/Khác			图形API	Graphics API	グラフィックスAPI	API Đồ Họa
lang_multi_text.db	DeviceInfo_8	3.4	Hội thoại/Cốt truyện	Hội thoại/Khác			Windows版本号	Windows Version	Windowsのバージョン	Phiên Bản Windows
lang_multi_text.db	DeviceInfo_Tips_1	3.4	Hội thoại/Cốt truyện	Hội thoại/Khác			性能低于最低设备要求，推荐更换设备或在【图形质量预设】中选择极致性能	Performance is below the minimum system requirements. We recommend upgrading your device or selecting Ultra Performance at Graphics Quality.	スペックが必要動作環境を満たしていません。パーツを交換するか、「グラフィックプリセット」で「ウルトラパフォーマンス」を選択してください。	Hiệu suất thấp hơn yêu cầu cấu hình tối thiểu, khuyến nghị thay thiết bị hoặc chọn "Hiệu Suất Tối Đa" trong [Cài Đặt Chất Lượng Đồ Họa].
lang_multi_text.db	DeviceInfo_Tips_2	3.4	Hội thoại/Cốt truyện	Hội thoại/Khác			性能低于最低设备要求，推荐更换设备或在【图形质量预设】中选择极致性能	Performance is below the minimum system requirements. We recommend upgrading your device or selecting Ultra Performance at Graphics Quality.	スペックが必要動作環境を満たしていません。パーツを交換するか、「グラフィックプリセット」で「ウルトラパフォーマンス」を選択してください。	Hiệu suất thấp hơn yêu cầu cấu hình tối thiểu, khuyến nghị thay thiết bị hoặc chọn "Hiệu Suất Tối Đa" trong [Cài Đặt Chất Lượng Đồ Họa].
lang_multi_text.db	DeviceInfo_Tips_3	3.4	Hội thoại/Cốt truyện	Hội thoại/Khác			性能低于最低设备要求，推荐更换设备或在【图形质量预设】中选择极致性能	Performance is below the minimum system requirements. We recommend upgrading your device or selecting Ultra Performance at Graphics Quality.	スペックが必要動作環境を満たしていません。パーツを交換するか、「グラフィックプリセット」で「ウルトラパフォーマンス」を選択してください。	Hiệu suất thấp hơn yêu cầu cấu hình tối thiểu, khuyến nghị thay thiết bị hoặc chọn "Hiệu Suất Tối Đa" trong [Cài Đặt Chất Lượng Đồ Họa].
lang_multi_text.db	DeviceInfo_Tips_5	3.4	Hội thoại/Cốt truyện	Hội thoại/Khác			当前显卡驱动版本过旧，为了保证正常游戏体验，建议更新显卡驱动	Your current graphics driver version is outdated. To ensure a stable gameplay experience, please update your graphics driver.	グラフィックドライバーのバージョンが古いため、正常に動作しない可能性があります。最新バージョンへのアップデートを推奨します。	Trình điều khiển card đồ họa hiện tại đã quá cũ, để đảm bảo trải nghiệm chơi game bình thường, khuyến nghị cập nhật trình điều khiển card đồ họa.
lang_multi_text.db	DeviceInfo_Tips_6	3.4	Hội thoại/Cốt truyện	Hội thoại/Khác			推荐更换至固态硬盘（SSD）安装	We recommend installing the game on a Solid-State Drive (SSD).	SSDへのインストールを推奨します。	Khuyến nghị cài đặt game trên ổ cứng SSD.
lang_multi_text.db	DeviceInfo_Tips_7	3.4	Hội thoại/Cốt truyện	Hội thoại/Khác			未满足DX12开启条件，已自动切换至DX11	DirectX 12 requirements not met. The system has automatically switched to DirectX 11.	DirectX 12の動作要件を満たしていないため、自動的にDirectX 11へ切り替えました。	Không đáp ứng điều kiện bật DX12, tự động chuyển sang DX11.
lang_multi_text.db	Dialog_1207_Dislike01	3.4	Hội thoại/Cốt truyện	Hội thoại/Khác			真要加这个吗？	You sure about adding that?	本気でそれを入れるのか？	Thật sự muốn cho thứ này vào sao?
lang_multi_text.db	Dialog_1207_Dislike02	3.4	Hội thoại/Cốt truyện	Hội thoại/Khác			还是算了吧……	Umm... I'm not so sure about that...	やっぱり、やめておこう……	Hay là thôi đi...
lang_multi_text.db	Dialog_1207_Dislike03	3.4	Hội thoại/Cốt truyện	Hội thoại/Khác			嗯……	Uhh...	うーん……	Ừm...
lang_multi_text.db	Dialog_1207_Like01	3.4	Hội thoại/Cốt truyện	Hội thoại/Khác			嗯，这个不错。	Mmm, that's nice.	よし、それがいいな。	Ừm, cái này không tồi.
lang_multi_text.db	Dialog_1207_Like02	3.4	Hội thoại/Cốt truyện	Hội thoại/Khác			来点这个吧。	Definitely add in a bit of that.	それを少し入れてくれ。	Thêm một chút thứ này nhé.
lang_multi_text.db	Dialog_1207_Like03	3.4	Hội thoại/Cốt truyện	Hội thoại/Khác			就这个了！	That's the one!	それだ！	Là cái này!
lang_multi_text.db	Dialog_1207_Ornament01	3.4	Hội thoại/Cốt truyện	Hội thoại/Khác			很好，再加点<color=#b88119>新鲜的果粒</color>吧。	Perfect! Now let's add some <color=#b88119>diced fruit</color>.	いいぞ。それに、<color=#b88119>新鮮な果肉</color>を少し足してくれ。	Tuyệt vời, thêm một chút <color=#b88119>trái cây tươi thái hạt lựu</color> nhé.
lang_multi_text.db	Dialog_1207_Ornament02	3.4	Hội thoại/Cốt truyện	Hội thoại/Khác			很好，再加点<color=#b88119>新鲜的水果</color>吧。	Perfect! Now let's add some <color=#b88119>fresh fruit</color>.	いいぞ。それに、<color=#b88119>新鮮なフルーツ</color>を少し足してくれ。	Tuyệt vời, thêm một chút <color=#b88119>trái cây tươi</color> nhé.
lang_multi_text.db	Dialog_1207_Ornament03	3.4	Hội thoại/Cốt truyện	Hội thoại/Khác			很好，再加点<color=#b88119>具有柠果香气的香草</color>吧。	Perfect! Now let's brighten it up with a <color=#b88119>lemony aromatic</color>.	いいぞ。それに、<color=#b88119>柑橘系の香りがするハーブ</color>を少し足してくれ。	Tuyệt vời, thêm một chút <color=#b88119>hương liệu hương chanh</color> nhé.
lang_multi_text.db	Dialog_1209_Dislike01	3.4	Hội thoại/Cốt truyện	Hội thoại/Khác			这个吗……唔……	...This one? Hmm...	その、それは……	Cái này sao... ừm...
lang_multi_text.db	Dialog_1209_Dislike02	3.4	Hội thoại/Cốt truyện	Hội thoại/Khác			真要放这个吗……？	...Are you certain that component is compatible?	本当に、それを入れるのですか……？	Thật sự muốn bỏ cái này vào sao...?
lang_multi_text.db	Dialog_1209_Dislike03	3.4	Hội thoại/Cốt truyện	Hội thoại/Khác			这个不太适合我……	I suspect it may not quite suit my taste...	私にはあまり合わないようです……	Cái này không hợp với tôi lắm...
lang_multi_text.db	Dialog_1209_Like01	3.4	Hội thoại/Cốt truyện	Hội thoại/Khác			我想要这个。	Let's include that one.	それをください。	Tôi muốn cái này.
lang_multi_text.db	Dialog_1209_Like02	3.4	Hội thoại/Cốt truyện	Hội thoại/Khác			它看起来不错。	That looks promising.	それが良さそうですね。	Trông có vẻ ngon đấy.
lang_multi_text.db	Dialog_1209_Like03	3.4	Hội thoại/Cốt truyện	Hội thoại/Khác			多放一点吧。	A bit more of this, if possible.	多めに入れてください。	Bỏ thêm một chút đi.
lang_multi_text.db	Dialog_1209_Ornament01	3.4	Hội thoại/Cốt truyện	Hội thoại/Khác			再加一点<color=#b88119>磨碎的曲奇</color>吧。	Some <color=#b88119>cookie crumbs</color>, please.	それに、<color=#b88119>砕いたクッキー</color>を少し入れてください。	Thêm một chút <color=#b88119>vụn bánh quy</color> đi.
lang_multi_text.db	Dialog_1209_Ornament02	3.4	Hội thoại/Cốt truyện	Hội thoại/Khác			再加一点<color=#b88119>巧克力味的棉花糖</color>吧。	Some <color=#b88119>chocolate marshmallows</color> might be nice.	それに、<color=#b88119>チョコレート味のマシュマロ</color>を少し入れてください。	Thêm một chút <color=#b88119>kẹo dẻo hương chocolate</color> đi.
lang_multi_text.db	Dialog_1209_Ornament03	3.4	Hội thoại/Cốt truyện	Hội thoại/Khác			再加一点<color=#b88119>略带苦味的坚果</color>吧。	Some <color=#b88119>bitter nuts</color>, please.	それに、<color=#b88119>ほろ苦いナッツ</color>を少し入れてください。	Thêm một chút <color=#b88119>các loại hạt hơi đắng</color> đi.
lang_multi_text.db	Dialog_1409_Dislike01	3.4	Hội thoại/Cốt truyện	Hội thoại/Khác			奇怪的味道。	That smell is quite unusual.	変な味になってしまうかもしれませんよ。	Mùi kỳ lạ thật.
lang_multi_text.db	Dialog_1409_Dislike02	3.4	Hội thoại/Cốt truyện	Hội thoại/Khác			还是加点别的吧。	How about we add something else?	やはり、何か別のものにしましょうか。	Hay là thêm thứ khác đi.
lang_multi_text.db	Dialog_1409_Dislike03	3.4	Hội thoại/Cốt truyện	Hội thoại/Khác			这个……有点奇怪。	This is... interesting.	それは……少し変ですね。	Cái này... hơi kỳ.
lang_multi_text.db	Dialog_1409_Like01	3.4	Hội thoại/Cốt truyện	Hội thoại/Khác			可以加点这个吗？	May I have some of this?	それを少し入れていただけますか？	Có thể thêm cái này không?
lang_multi_text.db	Dialog_1409_Like02	3.4	Hội thoại/Cốt truyện	Hội thoại/Khác			嗯……这个就不错哦。	Mm, this is good.	ええ……それが良いと思います。	Ừm... cái này không tệ nha.
lang_multi_text.db	Dialog_1409_Like03	3.4	Hội thoại/Cốt truyện	Hội thoại/Khác			加点这个吧。	Some of this, please.	それを少しお願いします。	Thêm cái này đi.
lang_multi_text.db	Dialog_1409_Ornament01	3.4	Hội thoại/Cốt truyện	Hội thoại/Khác			再加一点<color=#b88119>象征狂欢节优胜者的植物</color>吧。	What if you added <color=#b88119>some leaves symbolic of the Laureate of the Carnevale</color>?	それに、<color=#b88119>カルネヴァーレの優勝者を象徴する植物</color>を少し入れてください。	Thêm một chút <color=#b88119>thực vật tượng trưng cho người chiến thắng trong Lễ hội Carnevale</color> đi.
lang_multi_text.db	Dialog_1409_Ornament02	3.4	Hội thoại/Cốt truyện	Hội thoại/Khác			再加一点<color=#b88119>红色的浆果</color>吧。	A few <color=#b88119>red berries</color>, perhaps?	それに、<color=#b88119>赤いベリー</color>を少し入れてください。	Thêm một chút <color=#b88119>quả mọng đỏ</color> đi.
lang_multi_text.db	Dialog_1409_Ornament03	3.4	Hội thoại/Cốt truyện	Hội thoại/Khác			再加一点<color=#b88119>切开的水果</color>吧。	Some <color=#b88119>sliced fruit</color> would be lovely.	それに、<color=#b88119>切り分けたフルーツ</color>を少し入れてください。	Thêm một chút <color=#b88119>trái cây cắt lát</color> đi.
lang_multi_text.db	DirectTrain_SkipButton34	3.4	Hội thoại/Cốt truyện	Hội thoại/Khác			前往“夜之城”	Next Stop: "Night City"	「ナイトシティ」へ	Đến "Night City"
lang_multi_text.db	DirectionalFusion_OnlyGold	3.4	Hội thoại/Cốt truyện	Hội thoại/Khác			仅可选择五星品质声骸	5-Star Echoes Only	星5音骸のみ選択可能	Chỉ có thể chọn Echo phẩm chất 5 sao
lang_multi_text.db	DirectionalFusion_Times	3.4	Hội thoại/Cốt truyện	Hội thoại/Khác			本周剩余定向融合次数：{0}/{1}	Targeted Merge Attempts This Week: {0}/{1}	今週の指向性融合回数残り：{0}/{1}	Số Lần Dung Hợp Định Hướng Trong Tuần Này: {0}/{1}
lang_multi_text.db	DirectionalFusion_Times_Red	3.4	Hội thoại/Cốt truyện	Hội thoại/Khác			本周剩余定向融合次数：<color=#ba5c59>{0}</color>/{1}	Targeted Merge Attempts This Week: <color=#ba5c59>{0}</color>/{1}	今週の指向性融合回数残り：<color=#ba5c59>{0}</color>/{1}	Số Lần Dung Hợp Định Hướng Trong Tuần Này: <color=#ba5c59>{0}</color>/{1}
lang_multi_text.db	DisclaimerNumText	3.4	Hội thoại/Cốt truyện	Hội thoại/Khác			x{0}	x{0}	x{0}	x{0}
lang_multi_text.db	DisclaimerText	3.4	Hội thoại/Cốt truyện	Hội thoại/Khác			U.P.:{0}	U.P: {0}	U.P.:{0}	U.P: {0}
lang_multi_text.db	DiscountItem	3.4	Hội thoại/Cốt truyện	Hội thoại/Khác			折扣：	Discount:	お得：	Giảm Giá:
lang_multi_text.db	DisplayFull_text	3.4	Hội thoại/Cốt truyện	Hội thoại/Khác			当前展示角色已满	The Showcase slots are full.	展示するキャラ数が上限に達しています	Nhân vật trưng bày hiện tại đã đầy
lang_multi_text.db	DontHaveRole	3.4	Hội thoại/Cốt truyện	Hội thoại/Khác			未拥有共鸣者	Resonator not unlocked	共鳴者を獲得していません	Chưa sở hữu Cộng Hưởng Giả
lang_multi_text.db	Double_reward_tips_02	3.4	Hội thoại/Cốt truyện	Hội thoại/Khác			今日剩余双倍奖励次数：	Double Drop Chances Today:	本日報酬2倍回数残り：	Số lần thưởng x2 hôm nay còn:
lang_multi_text.db	DownLoadButton_Cancel	3.4	Hội thoại/Cốt truyện	Hội thoại/Khác			取消下载	Cancel	ダウンロード中止	Hủy tải xuống
lang_multi_text.db	DownLoadButton_Continue	3.4	Hội thoại/Cốt truyện	Hội thoại/Khác			继续下载	Resume	ダウンロード続行	Tiếp tục tải xuống
lang_multi_text.db	DownLoadButton_Down	3.4	Hội thoại/Cốt truyện	Hội thoại/Khác			下载	Download	ダウンロード	Tải xuống
lang_multi_text.db	DownLoadButton_Pause	3.4	Hội thoại/Cốt truyện	Hội thoại/Khác			暂停	Pause	一時停止	Tạm dừng
lang_multi_text.db	DownLoadText_Downing	3.4	Hội thoại/Cốt truyện	Hội thoại/Khác			下载中	Downloading	ダウンロード中	Đang tải xuống
lang_multi_text.db	DownLoadText_LeftSpace	3.4	Hội thoại/Cốt truyện	Hội thoại/Khác			剩余空间：{0}	Storage space available: {0}	残り空き容量：{0}	Dung lượng trống: {0}
lang_multi_text.db	DownLoadText_NeedSpace	3.4	Hội thoại/Cốt truyện	Hội thoại/Khác			所需空间：{0}	Storage space required: {0}	必要容量：{0}	Dung lượng cần thiết: {0}
lang_multi_text.db	DownLoadText_Pause	3.4	Hội thoại/Cốt truyện	Hội thoại/Khác			暂停中	Pausing	一時停止中	Đang tạm dừng
lang_multi_text.db	DownLoadTips_Done	3.4	Hội thoại/Cốt truyện	Hội thoại/Khác			资源下载完成，请打开任务界面推进剧情	Resources downloaded. Please open the Quest list to proceed with the story	リソースのダウンロードが完了しました。任務画面を開いてストーリーを進めてください。	Đã tải xong tài nguyên, vui lòng mở giao diện nhiệm vụ để tiếp tục cốt truyện
lang_multi_text.db	DownLoadTips_Downing	3.4	Hội thoại/Cốt truyện	Hội thoại/Khác			资源正在下载中，弹窗入口已缩略到主界面	Downloading resources. Access the download window again in the main interface	リソースをダウンロード中です。ポップアップウィンドウはゲーム画面に最小化されました。	Đang tải xuống tài nguyên, cửa sổ popup đã thu nhỏ vào giao diện chính
lang_multi_text.db	DownLoadTips_NotEnough	3.4	Hội thoại/Cốt truyện	Hội thoại/Khác			设备空间不足，请清理空间后重新尝试	Insufficient storage space. Please clear up some space and try again.	デバイスの空き容量が不足しています。空き容量を増やしてから再度お試しください。	Dung lượng thiết bị không đủ, vui lòng dọn dẹp dung lượng và thử lại
lang_multi_text.db	DownLoadTips_OtherDown	3.4	Hội thoại/Cốt truyện	Hội thoại/Khác			请等待其他资源下载完成后再尝试	Please wait until the download of the current resource is completed and try again.	他のリソースのダウンロードが完了するまでお待ちください。	Vui lòng đợi tải xong tài nguyên khác rồi thử lại
lang_multi_text.db	DownLoadTips_WaitDownDone	3.4	Hội thoại/Cốt truyện	Hội thoại/Khác			请等待当前资源下载完成后再重试	Please wait for the download of the current resource to complete	ダウンロード中のリソースのダウンロードが完了してからもう一度お試しください	Vui lòng đợi tải xong tài nguyên hiện tại rồi thử lại
lang_multi_text.db	DownLoadTips_WaitOtherDown	3.4	Hội thoại/Cốt truyện	Hội thoại/Khác			等待其他资源下载	Waiting on other resources in the download queue	他のリソースをダウンロード中	Đang đợi tải tài nguyên khác
lang_multi_text.db	DownShopItem	3.4	Hội thoại/Cốt truyện	Hội thoại/Khác			下架：	Available Until:	販売終了：	Ngừng bán:
lang_multi_text.db	DownloadBeforeTask	3.4	Hội thoại/Cốt truyện	Hội thoại/Khác			下载缺失资源以继续推进	Download story assets to continue	続けるには、不足しているリソースをダウンロードしてください	Tải xuống tài nguyên còn thiếu để tiếp tục
lang_multi_text.db	DownloadCompletedTip1	3.4	Hội thoại/Cốt truyện	Hội thoại/Khác			后续剧情资源下载完成，可继续推进剧情	Story resources download complete. You may now proceed with the story.	全てのストーリーリソースのダウンロードが完了しました。ストーリーを進めることができます。	Đã tải xong tài nguyên cốt truyện tiếp theo, có thể tiếp tục tiến trình cốt truyện
lang_multi_text.db	DownloadCompletedTip2	3.4	Hội thoại/Cốt truyện	Hội thoại/Khác			漂泊者切换资源下载完成，可前往切换漂泊者	Alternative Rover Appearance resources download complete. You may now switch Rover Appearance.	漂泊者切替用リソースのダウンロードが完了しました。漂泊者を切り替えられるようになりました。	Đã tải xong tài nguyên chuyển đổi Rover, có thể đến chuyển đổi Rover
lang_multi_text.db	DownloadResource	3.4	Hội thoại/Cốt truyện	Hội thoại/Khác			下载缺失资源以继续推进	Download missing assets to proceed	続けるには、不足しているリソースをダウンロードしてください	Tải xuống tài nguyên còn thiếu để tiếp tục
lang_multi_text.db	Download_ChangeSexVideoDesc	3.4	Hội thoại/Cốt truyện	Hội thoại/Khác			切换漂泊者时需要使用的资源。请在下载完成后再进行切换。\n\n支持边玩边下载，下载完成后将会有系统提示。	Switching Rover's appearance requires this resource. Please finish downloading before switching.\n\nYou may continue playing the game while downloading. A prompt will appear once downloading is finished.	漂泊者を切り替える際に必要なリソースです。ダウンロード完了してから切り替えを行ってください。\n\nプレイしながらのダウンロードに対応しており、ダウンロード完了後にシステム通知でお知らせします。	Tài nguyên cần thiết khi chuyển đổi Rover. Vui lòng chuyển đổi sau khi tải xuống hoàn tất.\n\nHỗ trợ vừa chơi vừa tải, sau khi tải xong sẽ có thông báo hệ thống.
lang_multi_text.db	Download_ChangeSexVideoTag	3.4	Hội thoại/Cốt truyện	Hội thoại/Khác			漂泊者切换资源	Resources to Switch Rover's Appearance	漂泊者切替用リソース	Tài nguyên chuyển đổi Rover
lang_multi_text.db	Download_ChangeSexVideoTitle	3.4	Hội thoại/Cốt truyện	Hội thoại/Khác			漂泊者切换资源	Resources to Switch Rover's Appearance	漂泊者切替用リソース	Tài nguyên chuyển đổi Rover
lang_multi_text.db	Download_RemainingVideoDesc	3.4	Hội thoại/Cốt truyện	Hội thoại/Khác			检测到后续任务的剧情资源未下载完全，是否选择下载完整内容？\n\n支持边玩边下载，下载完成后将会有系统提示。	Quest resources for the later storyline have only been partially downloaded. Do you want to finish downloading them? \n\nYou may continue playing the game while downloading. A prompt will appear once downloading is finished.	ストーリーのリソースが完全にダウンロードされていません。リソースを一括ダウンロードしますか？\n\nプレイ中でもダウンロードは進行します。ダウンロードが完了次第、システム通知でお知らせします。	Phát hiện tài nguyên cốt truyện của nhiệm vụ sau chưa được tải xuống hoàn tất, có muốn tải xuống toàn bộ nội dung không?\n\nHỗ trợ vừa chơi vừa tải, sau khi tải xong sẽ có thông báo hệ thống.
lang_multi_text.db	Download_RemainingVideoTag	3.4	Hội thoại/Cốt truyện	Hội thoại/Khác			后续剧情资源	Later Storyline Resources	未取得のストーリーリソース	Tài nguyên cốt truyện tiếp theo
lang_multi_text.db	Download_RemainingVideoTitle	3.4	Hội thoại/Cốt truyện	Hội thoại/Khác			后续剧情资源	Later Storyline Resources	未取得のストーリーリソース	Tài nguyên cốt truyện tiếp theo
lang_multi_text.db	DreamCat_Title	3.4	Hội thoại/Cốt truyện	Hội thoại/Khác			心之集域	Somnoire	心の集域	Lãnh Địa Trái Tim
lang_multi_text.db	DreamLinkDungeonLock	3.4	Hội thoại/Cốt truyện	Hội thoại/Khác			未明晰的梦	Undefined Dream	かすんだ夢の情景	Giấc Mộng Chưa Rõ
lang_multi_text.db	DreamLinkDungeonUnlockTips	3.4	Hội thoại/Cốt truyện	Hội thoại/Khác			继续推进任务「暗夜叩响白昼之门」以解锁	Proceed with "When the Night Knocks" to unlock	解放するには任務「暗闇が白昼の扉を叩く頃」を進めてください	Tiếp tục thực hiện nhiệm vụ "Đêm Tối Gõ Cửa Ban Ngày" để mở khóa
lang_multi_text.db	DreamLinkWhiteCatSettlePanel_RecordTitle	3.4	Hội thoại/Cốt truyện	Hội thoại/Khác			挑战得分	Challenge Score	挑戦スコア	Điểm Khiêu Chiến
lang_multi_text.db	DreamLinkWhiteCatSettleView_LifeScore	3.4	Hội thoại/Cốt truyện	Hội thoại/Khác			深梦电话完整度积分	Dreamscape Telephone Integrity Points	深夢電話残りHPスコア	Điểm độ hoàn thiện của Điện Thoại Mộng Sâu
lang_multi_text.db	DreamLinkWhiteCatSettleView_TimeScore	3.4	Hội thoại/Cốt truyện	Hội thoại/Khác			剩余时间积分	Time Points	残りタイムスコア	Điểm Thời Gian Còn Lại
lang_multi_text.db	DreamLinkWorldRunLockText	3.4	Hội thoại/Cốt truyện	Hội thoại/Khác			{0}	{0}	{0}	{0}
lang_multi_text.db	DreamLinkWorldRun_1_Desc	3.4	Hội thoại/Cốt truyện	Hội thoại/Khác			梦魇入侵了世界，在多个区域侵扰现实。漂泊者需前往各个区域，利用白猫给予的能力【盈梦速行】来解除异常。	Nightmares have torn through the veil of reality, wreaking havoc across the world. It's down to you to restore the crumbling order to the land, with the mystic boon of Illusive Sprint received from the strange white cat.	悪夢が世界に侵入し、複数のエリアで現実を侵食している。漂泊者は各エリアへ向かい、白猫から授かった能力【夢境急行】を使って異常事態を解決することになります。	Ác mộng xâm nhập thế giới, quấy rối thực tại ở nhiều khu vực. Rover cần đến các khu vực, sử dụng năng lực [Đầy Mộng Tốc Hành] mà mèo trắng ban cho để giải trừ sự bất thường.
lang_multi_text.db	DreamLinkWorldRun_1_Name	3.4	Hội thoại/Cốt truyện	Hội thoại/Khác			异梦封锁-Ⅰ	Rift Runner I	閉ざされし迷夢-Ⅰ	Phong Tỏa Dị Mộng-I
lang_multi_text.db	DreamLinkWorldRun_1_Title	3.4	Hội thoại/Cốt truyện	Hội thoại/Khác			Ⅰ	I	Ⅰ	I
lang_multi_text.db	DreamLinkWorldRun_2_Desc	3.4	Hội thoại/Cốt truyện	Hội thoại/Khác			梦魇入侵了世界，在多个区域侵扰现实。漂泊者需前往各个区域，利用白猫给予的能力【盈梦速行】来解除异常。	Nightmares have torn through the veil of reality, wreaking havoc across the world. It's down to you to restore the crumbling order to the land, with the mystic boon of Illusive Sprint received from the strange white cat.	悪夢が世界に侵入し、複数のエリアで現実を侵食している。漂泊者は各エリアへ向かい、白猫から授かった能力【夢境急行】を使って異常事態を解決することになります。	Ác mộng xâm nhập thế giới, quấy rối thực tại ở nhiều khu vực. Rover cần đến các khu vực, sử dụng năng lực [Đầy Mộng Tốc Hành] mà mèo trắng ban cho để giải trừ sự bất thường.
lang_multi_text.db	DreamLinkWorldRun_2_Name	3.4	Hội thoại/Cốt truyện	Hội thoại/Khác			异梦封锁-Ⅱ	Rift Runner II	閉ざされし迷夢-Ⅱ	Phong Tỏa Dị Mộng-II
lang_multi_text.db	DreamLinkWorldRun_2_Title	3.4	Hội thoại/Cốt truyện	Hội thoại/Khác			Ⅱ	II	Ⅱ	II
lang_multi_text.db	DreamLinkWorldRun_3_Desc	3.4	Hội thoại/Cốt truyện	Hội thoại/Khác			梦魇入侵了世界，在多个区域侵扰现实。漂泊者需前往各个区域，利用白猫给予的能力【盈梦速行】来解除异常。\n<color=#c25757>完成潮汐任务「风消雪霁」后解锁。</color>	Nightmares have torn through the veil of reality, wreaking havoc across the world. It's down to you to restore the crumbling order to the land, with the mystic boon of Illusive Sprint received from the strange white cat.\n<color=#c25757>Complete Main Quest "When the Snow Clears" to unlock the event.</color>	悪夢が世界に侵入し、複数のエリアで現実を侵食している。漂泊者は各エリアへ向かい、白猫から授かった能力【夢境急行】を使って異常事態を解決することになります。\n<color=#c25757>潮汐任務「雪が止む頃に」クリア後に解放</color>	Ác mộng xâm nhập thế giới, quấy rối thực tại ở nhiều khu vực. Rover cần đến các khu vực, sử dụng năng lực [Đầy Mộng Tốc Hành] mà mèo trắng ban cho để giải trừ sự bất thường.\n<color=#c25757>Mở khóa sau khi hoàn thành nhiệm vụ Thủy Triều "Gió Ngừng Tuyết Tan".</color>
lang_multi_text.db	DreamLinkWorldRun_3_Name	3.4	Hội thoại/Cốt truyện	Hội thoại/Khác			异梦封锁-Ⅲ	Rift Runner III	閉ざされし迷夢-Ⅲ	Phong Tỏa Dị Mộng-III
lang_multi_text.db	DreamLinkWorldRun_3_Title	3.4	Hội thoại/Cốt truyện	Hội thoại/Khác			Ⅲ	III	Ⅲ	Ba
lang_multi_text.db	DreamLinkWorldRun_4_Desc	3.4	Hội thoại/Cốt truyện	Hội thoại/Khác			梦魇入侵了世界，在多个区域侵扰现实。漂泊者需前往各个区域，利用白猫给予的能力【盈梦速行】来解除异常。\n<color=#c25757>完成潮汐任务「来自毁灭的回声」后解锁。</color>	Nightmares have torn through the veil of reality, wreaking havoc across the world. It's down to you to restore the crumbling order to the land, with the mystic boon of Illusive Sprint received from the strange white cat.\n<color=#c25757>Complete Main Quest "From the Echoes of Destruction" to unlock the event.</color>	悪夢が世界に侵入し、複数のエリアで現実を侵食している。漂泊者は各エリアへ向かい、白猫から授かった能力【夢境急行】を使って異常事態を解決することになります。\n<color=#c25757>潮汐任務「破滅が奏でる反響」クリア後に解放</color>	Ác mộng xâm nhập thế giới, quấy rối thực tại ở nhiều khu vực. Rover cần đến các khu vực, sử dụng năng lực [Đầy Mộng Tốc Hành] mà mèo trắng ban cho để giải trừ sự bất thường.\n<color=#c25757>Mở khóa sau khi hoàn thành nhiệm vụ Thủy Triều "Âm Vang Từ Sự Hủy Diệt".</color>
lang_multi_text.db	DreamLinkWorldRun_4_Name	3.4	Hội thoại/Cốt truyện	Hội thoại/Khác			异梦封锁-Ⅳ	Rift Runner IV	閉ざされし迷夢-Ⅳ	Phong Tỏa Dị Mộng-IV
lang_multi_text.db	DreamLinkWorldRun_4_Title	3.4	Hội thoại/Cốt truyện	Hội thoại/Khác			Ⅳ	IV	Ⅳ	IV
lang_multi_text.db	DreamLinkWorldRun_5_Desc	3.4	Hội thoại/Cốt truyện	Hội thoại/Khác			梦魇入侵了世界，在多个区域侵扰现实。漂泊者需前往各个区域，利用白猫给予的能力【盈梦速行】来解除异常。	Nightmares have torn through the veil of reality, wreaking havoc across the world. It's down to you to restore the crumbling order to the land, with the mystic boon of Illusive Sprint received from the strange white cat.	悪夢が世界に侵入し、複数のエリアで現実を侵食している。漂泊者は各エリアへ向かい、白猫から授かった能力【夢境急行】を使って異常事態を解決することになります。	Ác mộng xâm nhập thế giới, quấy rối thực tại ở nhiều khu vực. Rover cần đến các khu vực, sử dụng năng lực [Đầy Mộng Tốc Hành] mà mèo trắng ban cho để giải trừ sự bất thường.
lang_multi_text.db	DreamLinkWorldRun_5_Name	3.4	Hội thoại/Cốt truyện	Hội thoại/Khác			异梦封锁-Ⅴ	Rift Runner V	閉ざされし迷夢-Ⅴ	Phong Tỏa Dị Mộng-V
lang_multi_text.db	DreamLinkWorldRun_5_Title	3.4	Hội thoại/Cốt truyện	Hội thoại/Khác			Ⅴ	V	Ⅴ	V
lang_multi_text.db	DreamLinkWorldRun_6_Desc	3.4	Hội thoại/Cốt truyện	Hội thoại/Khác			梦魇入侵了世界，在多个区域侵扰现实。漂泊者需前往各个区域，利用白猫给予的能力【盈梦速行】来解除异常。	Nightmares have torn through the veil of reality, wreaking havoc across the world. It's down to you to restore the crumbling order to the land, with the mystic boon of Illusive Sprint received from the strange white cat.	悪夢が世界に侵入し、複数のエリアで現実を侵食している。漂泊者は各エリアへ向かい、白猫から授かった能力【夢境急行】を使って異常事態を解決することになります。	Ác Mộng đã xâm nhập thế giới, làm xáo trộn hiện thực ở nhiều khu vực. Rover cần đến từng nơi, tận dụng năng lực [Mộng Cảnh Phi Tốc] do con mèo trắng ban cho để giải trừ dị thường.
lang_multi_text.db	DreamLinkWorldRun_6_Name	3.4	Hội thoại/Cốt truyện	Hội thoại/Khác			异梦封锁-Ⅵ	Rift Runner VI	閉ざされし迷夢-Ⅵ	Phong Tỏa Dị Mộng - VI
lang_multi_text.db	DreamLinkWorldRun_6_Title	3.4	Hội thoại/Cốt truyện	Hội thoại/Khác			Ⅵ	VI	Ⅵ	VI
lang_multi_text.db	DreamLinkWorldRun_7_Desc	3.4	Hội thoại/Cốt truyện	Hội thoại/Khác			梦魇入侵了世界，在多个区域侵扰现实。漂泊者需前往各个区域，利用白猫给予的能力【盈梦速行】来解除异常。	Nightmares have torn through the veil of reality, wreaking havoc across the world. It's down to you to restore the crumbling order to the land, with the mystic boon of Illusive Sprint received from the strange white cat.	悪夢が世界に侵入し、複数のエリアで現実を侵食している。漂泊者は各エリアへ向かい、白猫から授かった能力【夢境急行】を使って異常事態を解決することになります。	Ác Mộng đã xâm nhập thế giới, làm xáo trộn hiện thực ở nhiều khu vực. Rover cần đến từng nơi, tận dụng năng lực [Mộng Cảnh Phi Tốc] do con mèo trắng ban cho để giải trừ dị thường.
lang_multi_text.db	DreamLinkWorldRun_7_Name	3.4	Hội thoại/Cốt truyện	Hội thoại/Khác			异梦封锁-Ⅶ	Rift Runner VII	閉ざされし迷夢-Ⅶ	Phong Tỏa Dị Mộng - VII
lang_multi_text.db	DreamLinkWorldRun_7_Title	3.4	Hội thoại/Cốt truyện	Hội thoại/Khác			Ⅶ	VII	Ⅶ	Bảy
lang_multi_text.db	DreamLink_Reward_Ins_Progress	3.4	Hội thoại/Cốt truyện	Hội thoại/Khác			<color=#56e2e7>{0}</color>/{1}	<color=#56e2e7>{0}</color>/{1}	<color=#56e2e7>{0}</color>/{1}	<color=#56e2e7>{0}</color>/{1}
lang_multi_text.db	Dream_Cat_Challenge_Reward	3.4	Hội thoại/Cốt truyện	Hội thoại/Khác			通关奖励	Stage Rewards	クリア報酬	Thưởng Vượt Ải
lang_multi_text.db	Dream_Cat_Integral_Reward	3.4	Hội thoại/Cốt truyện	Hội thoại/Khác			积分奖励	Point Rewards	スコア報酬	Thưởng Điểm
lang_multi_text.db	Dream_Challenge_Locked	3.4	Hội thoại/Cốt truyện	Hội thoại/Khác			未解锁	Locked	未解放	Chưa mở khóa
lang_multi_text.db	Dream_Task_Title01	3.4	Hội thoại/Cốt truyện	Hội thoại/Khác			失序梦途	Somnium Labyrinth	迷いの夢路	Đường Mộng Mất Trật Tự
lang_multi_text.db	Dream_Task_Title02	3.4	Hội thoại/Cốt truyện	Hội thoại/Khác			深梦历程	Dreamscape Odyssey	深層夢の遍歴	Hành Trình Mộng Sâu
lang_multi_text.db	Dream_Task_Title03	3.4	Hội thoại/Cốt truyện	Hội thoại/Khác			异梦封锁	Rift Runner	閉ざされし迷夢	Phong Tỏa Dị Mộng
lang_multi_text.db	Dream_Task_Title04	3.4	Hội thoại/Cốt truyện	Hội thoại/Khác			永夜重现	Nightmare Revisits	永夜の再来	Đêm Dài Tái Hiện
lang_multi_text.db	Dreamchasers_SignDay	3.4	Hội thoại/Cốt truyện	Hội thoại/Khác			{0}	{0}	{0}	{0}
lang_multi_text.db	Drinks_Button_Next	3.4	Hội thoại/Cốt truyện	Hội thoại/Khác			再次邀约	Invite Again	再度招待する	Mời Lại
lang_multi_text.db	Drinks_ConfirmBox_hit	3.4	Hội thoại/Cốt truyện	Hội thoại/Khác			只能添加2种配料	You can only add up to 2 Add-ins	トッピングは2種類までです	Chỉ được thêm 2 loại nguyên liệu
lang_multi_text.db	Drinks_Lock_Hit_Katixiya	3.4	Hội thoại/Cốt truyện	Hội thoại/Khác			制作出露帕满意的饮品后，可邀请卡提希娅	Cartethyia can be invited after you prepare a drink that Lupa likes	ルパに「満足」以上のドリンク作成後に招待可能	Sau khi pha chế đồ uống làm Lupa hài lòng, có thể mời Cartethyia
lang_multi_text.db	Drinks_Lock_Hit_Lupa	3.4	Hội thoại/Cốt truyện	Hội thoại/Khác			继续推进活动任务「银河倾落之间」，以解锁饮品制作	Continue Event Quest "Where Stars Cascade Down" to unlock Drink Making	イベント任務「銀河が流れ落ちる場所」を進行し、ドリンク作りを解放	Tiếp tục thúc đẩy nhiệm vụ sự kiện "Nơi Dải Ngân Hà Buông Xuống", để mở khóa Pha Chế Đồ Uống
lang_multi_text.db	Drinks_Lock_Hit_Moning	3.4	Hội thoại/Cốt truyện	Hội thoại/Khác			制作出卡提希娅满意的饮品后，可邀请莫宁	Mornye can be invited after you prepare a drink that Cartethyia likes	カルテジアに「満足」以上のドリンク作成後に招待可能	Sau khi pha chế đồ uống làm Cartethyia hài lòng, có thể mời Mornye
lang_multi_text.db	DropCatch_ScoreLevel	3.4	Hội thoại/Cốt truyện	Hội thoại/Khác			美味点到达{0}	{0} Gourmet Points earned	グルメポイント{0}に達成	Điểm Ngon Miệng Đạt {0}
lang_multi_text.db	DropShowPlanLevelTitle	3.4	Hội thoại/Cốt truyện	Hội thoại/Khác			玩法奖励	Gameplay Reward	コンテンツ報酬	Phần Thưởng Gameplay
lang_multi_text.db	Dungeon_BanItem	3.4	Hội thoại/Cốt truyện	Hội thoại/Khác			当前状态无法使用	You cannot currently use this function	この状態では利用できません	Trạng thái hiện tại không thể sử dụng
lang_multi_text.db	EchoAbandonRelease	3.4	Hội thoại/Cốt truyện	Hội thoại/Khác			已解除弃置	Discard disabled	廃棄マークを解除しました	Hủy Bỏ Đánh Dấu
lang_multi_text.db	EchoAbandonSuccess	3.4	Hội thoại/Cốt truyện	Hội thoại/Khác			已弃置	Discarded	廃棄マークを付けました	Đã Bỏ Đánh Dấu
lang_multi_text.db	EchoAbandonToLock	3.4	Hội thoại/Cốt truyện	Hội thoại/Khác			已解除弃置，并锁定成功	Discard disabled. Echo locked.	廃棄マークを解除してロックしました	Hủy đánh dấu, khóa thành công
lang_multi_text.db	EchoAbandoned	3.4	Hội thoại/Cốt truyện	Hội thoại/Khác			已弃置	Discarded	廃棄マークあり	Đã Bỏ Đánh Dấu
lang_multi_text.db	EchoLockToAbandon	3.4	Hội thoại/Cốt truyện	Hội thoại/Khác			已解除锁定，并弃置成功	Lock disabled. Echo discarded.	ロックを解除して廃棄マークを付けました	Đã mở khóa và bị loại bỏ thành công
lang_multi_text.db	EdgeRunners_Title	3.4	Hội thoại/Cốt truyện	Hội thoại/Khác			<color=#0f1012>边缘行者</color>	<color=#0f1012>Edgerunners</color>	<color=#0f1012>エッジランナー</color>	<color=#0f1012>Edgerunners</color>
lang_multi_text.db	Edgerunners_CHALLENGETASKS	3.4	Hội thoại/Cốt truyện	Hội thoại/Khác			挑战	Challenges	挑戦	Thử thách
lang_multi_text.db	Edgerunners_COURSETASKS	3.4	Hội thoại/Cốt truyện	Hội thoại/Khác			历程	Quest Progress	進行	Hành trình
lang_multi_text.db	Edgerunners_DEVELOPTASKS	3.4	Hội thoại/Cốt truyện	Hội thoại/Khác			养成	Leveling	育成	Bồi dưỡng
lang_multi_text.db	Edgerunners_Task_1	3.4	Hội thoại/Cốt truyện	Hội thoại/Khác			在异闻任务「边缘幻梦」中，和丽贝卡谈心	Talk with Rebecca in Episodic Quest "At Dream's Edge"	異聞任務「ドリームエッジ」でレベッカと語り合う	Trong Nhiệm Vụ Dị Văn 「Ảo Mộng Bên Rìa」, tâm sự cùng Rebecca
lang_multi_text.db	Edgerunners_Task_10	3.4	Hội thoại/Cốt truyện	Hội thoại/Khác			通关「梦魇亚当·重锤」 难度3	Defeat Nightmare: Adam Smasher on Difficulty 3	「ナイトメア・スマッシャー」難易度3をクリア	Thông quan "Nightmare: Adam Smasher" độ khó 3
lang_multi_text.db	Edgerunners_Task_11	3.4	Hội thoại/Cốt truyện	Hội thoại/Khác			通关「梦魇亚当·重锤」 难度5	Defeat Nightmare: Adam Smasher on Difficulty 5	「ナイトメア・スマッシャー」難易度5をクリア	Thông quan 「Ác Mộng Adam · Búa Tạ」 độ khó 5
lang_multi_text.db	Edgerunners_Task_12	3.4	Hội thoại/Cốt truyện	Hội thoại/Khác			挑战1次噩梦难度「梦魇亚当·重锤」	Challenge Nightmare: Adam Smasher once on Nightmare Difficulty	ナイトメア難易度の「ナイトメア・スマッシャー」を1回クリア	Thử thách 1 lần "Nightmare: Adam Smasher" độ khó Ác Mộng
lang_multi_text.db	Edgerunners_Task_13	3.4	Hội thoại/Cốt truyện	Hội thoại/Khác			仅使用露西单人通关「梦魇亚当·重锤」难度5	Defeat Nightmare: Adam Smasher with only Lucy on Difficulty 5	ルーシーのみで「ナイトメア・スマッシャー」難易度5をクリア	Chỉ dùng một mình Lucy thông quan 「Ác Mộng Adam · Búa Tạ」 độ khó 5
lang_multi_text.db	Edgerunners_Task_14	3.4	Hội thoại/Cốt truyện	Hội thoại/Khác			仅使用丽贝卡单人通关「梦魇亚当·重锤」难度5	Defeat Nightmare: Adam Smasher with only Rebecca on Difficulty 5	レベッカのみで「ナイトメア・スマッシャー」難易度5をクリア	Chỉ dùng một mình Rebecca thông quan 「Ác Mộng Adam · Búa Tạ」 độ khó 5
lang_multi_text.db	Edgerunners_Task_15	3.4	Hội thoại/Cốt truyện	Hội thoại/Khác			完成3个挑战任务	Complete 3 Challenge Tasks	挑戦任務を3つクリア	Hoàn thành 3 Nhiệm vụ Thử thách
lang_multi_text.db	Edgerunners_Task_16	3.4	Hội thoại/Cốt truyện	Hội thoại/Khác			将露西或丽贝卡提升至60级	Promote Lucy or Rebecca to Level 60	ルーシーまたはレベッカのレベルを60まで上げる	Nâng Lucy hoặc Rebecca lên cấp 60
lang_multi_text.db	Edgerunners_Task_17	3.4	Hội thoại/Cốt truyện	Hội thoại/Khác			将露西或丽贝卡提升至80级	Promote Lucy or Rebecca to Level 80	ルーシーまたはレベッカのレベルを80まで上げる	Nâng Lucy hoặc Rebecca lên cấp 80
lang_multi_text.db	Edgerunners_Task_18	3.4	Hội thoại/Cốt truyện	Hội thoại/Khác			将任意武器提升至60级	Upgrade any Weapon to Level 60	任意武器のレベルを60まで上げる	Nâng bất kỳ Vũ Khí nào lên cấp 60
lang_multi_text.db	Edgerunners_Task_19	3.4	Hội thoại/Cốt truyện	Hội thoại/Khác			将任意武器提升至80级	Upgrade any Weapon to Level 80	任意武器のレベルを80まで上げる	Nâng bất kỳ Vũ Khí nào lên cấp 80
lang_multi_text.db	Edgerunners_Task_2	3.4	Hội thoại/Cốt truyện	Hội thoại/Khác			完成异闻任务「边缘幻梦」	Complete Episodic Quest "At Dream's Edge"	異聞任務「ドリームエッジ」をクリア	Hoàn thành Nhiệm vụ Dị Văn "Mộng Bên Rìa"
lang_multi_text.db	Edgerunners_Task_20	3.4	Hội thoại/Cốt truyện	Hội thoại/Khác			将任意5个声骸提升至25级	Upgrade any 5 Echoes to Level 25	任意音骸5体のレベルを25まで上げる	Nâng bất kỳ 5 Echo nào lên cấp 25
lang_multi_text.db	Edgerunners_Task_21	3.4	Hội thoại/Cốt truyện	Hội thoại/Khác			累计完成20次声骸调谐	Perform Echo Tuning 20 times	音骸を20回チューニングする	Tích lũy hoàn thành 20 lần Điều Hợp Echo
lang_multi_text.db	Edgerunners_Task_22	3.4	Hội thoại/Cốt truyện	Hội thoại/Khác			完成3个养成任务	Complete 3 Leveling Tasks	育成任務を3つクリア	Hoàn thành 3 Nhiệm vụ Bồi Dưỡng
lang_multi_text.db	Edgerunners_Task_3	3.4	Hội thoại/Cốt truyện	Hội thoại/Khác			前往樱花市集，完成4次「入侵协议」挑战	Head to the Cherry Blossom Market and complete the "Breach Protocol" challenge 4 times	桜花マーケットに向かい、「ブリーチプロトコル」挑戦を4回クリア	Đến Chợ Hoa Anh Đào, hoàn thành 4 lần thử thách 「Giao thức Xâm nhập」
lang_multi_text.db	Edgerunners_Task_4	3.4	Hội thoại/Cốt truyện	Hội thoại/Khác			前往樱花市集，在人工智能杂物铺中兑换任意商品	Head to the Cherry Blossom Market and redeem any item at the AI Variety Store	桜花マーケットに向かい、AI雑貨店で任意の商品を交換する	Đến Chợ Hoa Anh Đào, đổi bất kỳ vật phẩm nào tại Tiệm Tạp Hóa Trí Tuệ Nhân Tạo
lang_multi_text.db	Edgerunners_Task_5	3.4	Hội thoại/Cốt truyện	Hội thoại/Khác			前往樱花市集，通过「快速破解」成功骇入贩卖机1次	Head to the Cherry Blossom Market and use Quickhack to successfully hack into the vending machine once	「クイックハック」で桜花マーケットにある自動型欲望充実器へのハッキングに1回成功	Đến Chợ Hoa Anh Đào, dùng 「Bẻ Khóa Nhanh」 xâm nhập thành công máy bán hàng 1 lần
lang_multi_text.db	Edgerunners_Task_6	3.4	Hội thoại/Cốt truyện	Hội thoại/Khác			前往樱花市集，累计获得300个「汽水拉环」	Head to the Cherry Blossom Market and obtain 300 Pull Tabs in total	桜花マーケットに向かい、「プルタブ」を累計300個獲得	Đến Chợ Hoa Anh Đào, tích lũy nhận được 300 「Khoen Lon Nước Ngọt」
lang_multi_text.db	Edgerunners_Task_7	3.4	Hội thoại/Cốt truyện	Hội thoại/Khác			前往幻梦终点，在月球遥望蔚蓝色的彼端	Head to the Illusion's End and gaze at the blue planet on the other end	幻夢の終点で月から蒼き彼方を眺める	Đến Điểm Cuối Ảo Mộng, trên mặt trăng ngắm nhìn bờ bên kia xanh biếc
lang_multi_text.db	Edgerunners_Task_8	3.4	Hội thoại/Cốt truyện	Hội thoại/Khác			完成3个历程任务	Complete 3 Milestone Tasks	進行任務を3つクリア	Hoàn thành 3 Nhiệm vụ Tiến Trình
lang_multi_text.db	Edgerunners_Task_9	3.4	Hội thoại/Cốt truyện	Hội thoại/Khác			通关「梦魇亚当·重锤」 难度1	Defeat Nightmare: Adam Smasher on Difficulty 1	「ナイトメア・スマッシャー」難易度1をクリア	Thông quan "Nightmare: Adam Smasher" độ khó 1
lang_multi_text.db	EditBattleTeamCannotSwitchOtherArea	3.4	Hội thoại/Cốt truyện	Hội thoại/Khác			该角色已被选用	This Resonator is already selected	すでに選択中のキャラクターです	Nhân vật đã được chọn
lang_multi_text.db	EditBattleTeamMultiTrialRole	3.4	Hội thoại/Cốt truyện	Hội thoại/Khác			编队中无法同时选择多名协作共鸣者	You cannot have more than one Support Resonators in the team	複数の協力共鳴者を編成することはできません	Không thể chọn nhiều Cộng Hưởng Giả cùng lúc trong đội hình
lang_multi_text.db	EditBattleTeamSameRole	3.4	Hội thoại/Cốt truyện	Hội thoại/Khác			编队中无法选择同名共鸣者	You cannot have the same Resonators in the team	同名の共鳴者は編成できません	Không thể chọn Cộng Hưởng Giả cùng tên trong đội hình
lang_multi_text.db	EditKey_Text	3.4	Hội thoại/Cốt truyện	Hội thoại/Khác			按下想要配置的按键	Press the button you want to bind	設定したいボタンを押してください	Nhấn phím bạn muốn thiết lập
lang_multi_text.db	ElementInfo_0_Describe	3.4	Hội thoại/Cốt truyện	Hội thoại/Khác			存在异常，如有疑问请联系官方客服	The seemingly ordinary attribute ability doesn't seem to need too much description.	エラーが発生しました、ご不明点がありましたら、サポートにお問い合わせください	Xuất hiện bất thường, nếu có thắc mắc xin vui lòng liên hệ CSKH
lang_multi_text.db	ElementInfo_0_Name	3.4	Hội thoại/Cốt truyện	Hội thoại/Khác			物理	Physical	物理	Vật Lý
lang_multi_text.db	ElementInfo_1_Describe	3.4	Hội thoại/Cốt truyện	Hội thoại/Khác			存在异常，如有疑问请联系官方客服	the ability to cool and freeze.	エラーが発生しました、ご不明点がありましたら、サポートにお問い合わせください	Xuất hiện bất thường, nếu có thắc mắc xin vui lòng liên hệ CSKH
lang_multi_text.db	ElementInfo_1_Name	3.4	Hội thoại/Cốt truyện	Hội thoại/Khác			冷凝	Glacio	凝縮	Ngưng Băng
lang_multi_text.db	ElementInfo_2_Describe	3.4	Hội thoại/Cốt truyện	Hội thoại/Khác			存在异常，如有疑问请联系官方客服	the ability to warm and ignite.	エラーが発生しました、ご不明点がありましたら、サポートにお問い合わせください	Xuất hiện bất thường, nếu có thắc mắc xin vui lòng liên hệ CSKH
lang_multi_text.db	ElementInfo_2_Name	3.4	Hội thoại/Cốt truyện	Hội thoại/Khác			热熔	Fusion	焦熱	Hỏa Liệt
lang_multi_text.db	ElementInfo_3_Describe	3.4	Hội thoại/Cốt truyện	Hội thoại/Khác			存在异常，如有疑问请联系官方客服	the ability to align electric charges.	エラーが発生しました、ご不明点がありましたら、サポートにお問い合わせください	Xuất hiện bất thường, nếu có thắc mắc xin vui lòng liên hệ CSKH
lang_multi_text.db	ElementInfo_3_Name	3.4	Hội thoại/Cốt truyện	Hội thoại/Khác			导电	Electro	電導	Điện Từ
lang_multi_text.db	ElementInfo_4_Describe	3.4	Hội thoại/Cốt truyện	Hội thoại/Khác			存在异常，如有疑问请联系官方客服	the ability to manipulate air.	エラーが発生しました、ご不明点がありましたら、サポートにお問い合わせください	Xuất hiện bất thường, nếu có thắc mắc xin vui lòng liên hệ CSKH
lang_multi_text.db	ElementInfo_4_Name	3.4	Hội thoại/Cốt truyện	Hội thoại/Khác			气动	Aero	気動	Khí Động
lang_multi_text.db	ElementInfo_5_Describe	3.4	Hội thoại/Cốt truyện	Hội thoại/Khác			存在异常，如有疑问请联系官方客服	the ability to constrain photons.	エラーが発生しました、ご不明点がありましたら、サポートにお問い合わせください	Xuất hiện bất thường, nếu có thắc mắc xin vui lòng liên hệ CSKH
lang_multi_text.db	ElementInfo_5_Name	3.4	Hội thoại/Cốt truyện	Hội thoại/Khác			衍射	Spectro	回折	Quang Phổ
lang_multi_text.db	ElementInfo_6_Describe	3.4	Hội thoại/Cốt truyện	Hội thoại/Khác			存在异常，如有疑问请联系官方客服	the ability to annihilate matter.	エラーが発生しました、ご不明点がありましたら、サポートにお問い合わせください	Xuất hiện bất thường, nếu có thắc mắc xin vui lòng liên hệ CSKH
lang_multi_text.db	ElementInfo_6_Name	3.4	Hội thoại/Cốt truyện	Hội thoại/Khác			湮灭	Havoc	消滅	Hủy Diệt
lang_multi_text.db	EncircleLevelDesc_1	3.4	Hội thoại/Cốt truyện	Hội thoại/Khác			冰原上残留的足迹将是最关键的线索，请务必留意。	The traces left behind on the frostlands are the most crucial clues. Be sure to observe them carefully.	氷原に残された足跡が、最も重要な手がかりとなることを覚えておこう。	Những dấu vết để lại trên đồng hoang sương giá là manh mối quan trọng nhất. Hãy chú ý quan sát cẩn thận.
lang_multi_text.db	EncircleLevelDesc_2	3.4	Hội thoại/Cốt truyện	Hội thoại/Khác			受惊的隧群就像小猫，靠近时或许需要一点点耐心。	Startled Exoswarm are much like kittens. You'll need a little patience to approach them.	驚いたエクソスウォームはまるで逃げ惑う子猫のよう。ゆっくり近づいていくことが得策かもしれない。	Những con cừu hoảng sợ giống như mèo con vậy. Cậu sẽ cần một chút kiên nhẫn để tiếp cận chúng.
lang_multi_text.db	EncircleLevelDesc_3	3.4	Hội thoại/Cốt truyện	Hội thoại/Khác			“白的羊，像银的星晖；绿的坡，像金的夕辉。”朗朗上口的牧歌也能安抚不安的隧群。	"White sheep like silver starlight, green hills bathed in golden sunset." Shepherds' songs are more than just catchy melodies. They also soothe the unsettled Exoswarm.	「白い羊は、銀色の星明かりのよう。緑の坂は、金色の夕焼けのよう」よく歌われる牧歌も、不安がっているエクソスウォームをなだめることができる。	"Cừu trắng như ánh sao bạc, đồi xanh tắm trong ráng chiều vàng." Bài hát chăn cừu không chỉ là một giai điệu bắt tai. Chúng còn làm dịu bầy cừu đang hoảng loạn.
lang_multi_text.db	EncircleLevelDesc_4	3.4	Hội thoại/Cốt truyện	Hội thoại/Khác			牧杖对隧群来说就像“牧羊犬”，驱赶着它们回到正确的方向。	To the Exoswarm, Shepherd's Staffs are like sheepdogs, guiding them back to where they belong.	牧杖はエクソスウォームにとって「牧羊犬」のようなもの。エクソスウォームたちを正しい方向へ導くことができる。	Đối với bầy cừu, Trượng Chăn Cừu giống như những chú chó chăn cừu, hướng dẫn chúng trở về nơi thuộc về.
lang_multi_text.db	EncircleLevelDesc_5	3.4	Hội thoại/Cốt truyện	Hội thoại/Khác			因为冰原复杂的天气变化，我们必须争分夺秒。	The frostlands are plagued by unpredictable weather. Every minute counts.	天候の変化が激しい氷原では、一刻を争う必要がある。	Thời tiết thay đổi thất thường ở trên đồng hoang sương giá, chúng ta phải tranh thủ từng phút từng giây.
lang_multi_text.db	EncircleLevelDesc_6	3.4	Hội thoại/Cốt truyện	Hội thoại/Khác			一只、两只……数量在慢慢回升，隧群队伍的秩序也在跟着恢复。	One... two... The Exoswarm's numbers are recovering, and the herd's order is returning.	1匹、2匹……数が増える。エクソスウォームの秩序も回復してきているようだ。	Một con... hai con... Số lượng bầy cừu đang dần phục hồi, và trật tự của bầy cũng đang được khôi phục.
lang_multi_text.db	EncircleLevelDesc_7	3.4	Hội thoại/Cốt truyện	Hội thoại/Khác			隧群始终属于隧者，迁徙对它们来说也是最后的旅途。	The Exoswarm have always been part of the Exostrider. For them, migration is also their final journey.	エクソスウォームは結局エクソストライダーの一部。この大移動はエクソスウォームたちにとって、最後の旅路となる。	Bầy cừu luôn thuộc về người chăn dắt. Cuộc di cư này cũng là hành trình cuối cùng của chúng.
lang_multi_text.db	EncircleLevelType_Couple	3.4	Hội thoại/Cốt truyện	Hội thoại/Khác			困难难度	Hard	ハード	Độ Khó Khó
lang_multi_text.db	EncircleLevelType_Single	3.4	Hội thoại/Cốt truyện	Hội thoại/Khác			简单难度	Normal	イージー	Độ Khó Dễ
lang_multi_text.db	Encircle_MultiBan_Text	3.4	Hội thoại/Cốt truyện	Hội thoại/Khác			联机模式中无法开启	This function is disabled in Co-op	マルチプレイ中は操作できません	Không thể mở trong chế độ nhiều người
lang_multi_text.db	Encircle_OpenBtn_Text	3.4	Hội thoại/Cốt truyện	Hội thoại/Khác			寻找走失的隧群	Find the lost Exoswarm	逸れエクソスウォームを探す	Tìm bầy cừu đi lạc
lang_multi_text.db	Encirle_DifficultyLockTips_Text	3.4	Hội thoại/Cốt truyện	Hội thoại/Khác			请完成{0}	Please complete {0}	{0}をクリアしてください	Vui lòng hoàn thành {0}
lang_multi_text.db	Encirle_LevelLockTips_Text	3.4	Hội thoại/Cốt truyện	Hội thoại/Khác			关卡未到解锁时间	Not yet available	まだステージ解放時間ではありません	Màn chơi chưa đến thời gian mở khóa
lang_multi_text.db	Encirle_LevelUnlockTips_Text	3.4	Hội thoại/Cốt truyện	Hội thoại/Khác			「平息！慌乱的迁徙！」新关卡已解锁	New stage unlocked	「鎮まれ！嵐の大移動！」の新しいステージを解放しました	Màn chơi mới "Bình Tĩnh! Di Cư Hỗn Loạn!" đã mở khóa
lang_multi_text.db	Energy_Number	3.4	Hội thoại/Cốt truyện	Hội thoại/Khác			{0}/{1}	{0}/{1}	{0}/{1}	{0}/{1}
lang_multi_text.db	Energy_Text	3.4	Hội thoại/Cốt truyện	Hội thoại/Khác			拥有：	Owned:	所持：	Sở hữu:
lang_multi_text.db	Energy_Title	3.4	Hội thoại/Cốt truyện	Hội thoại/Khác			说明	Description	詳細	Mô tả
lang_multi_text.db	ErrGiftResonantChainOptionalLimit	3.4	Hội thoại/Cốt truyện	Hội thoại/Khác			该回音频段兑换已达上限	You cannot redeem more of this Waveband	この「反響の周波帯」は交換上限に達しました	Dải Tần Hồi Âm này đã đạt giới hạn quy đổi
lang_multi_text.db	ErrorDarkZhujue	3.4	Hội thoại/Cốt truyện	Hội thoại/Khác			该玩法仅可使用「衍射」属性的漂泊者，请转换后再重试。	You can only use Rover-Spectro in this challenge. Please switch the Attribute and retry.	このコンテンツは「回折」属性の漂泊者のみ使用可能です、切り替えてから再度お試しください。	Tính năng này chỉ có thể sử dụng Rover thuộc tính Quang Phổ, vui lòng chuyển đổi rồi thử lại.
lang_multi_text.db	ErrorKey	3.4	Hội thoại/Cốt truyện	Hội thoại/Khác			该功能不支持使用此按键	This button is not supported for this function	この機能はこのボタンに設定できません。	Tính năng này không hỗ trợ dùng phím này
lang_multi_text.db	Error_Trial_Role_Expired	3.4	Hội thoại/Cốt truyện	Hội thoại/Khác			试用角色已过期，请更换编队角色	Trial Resonator expired. Please replace them	お試しキャラの使用可能期間外です。編成を変更してください	Nhân vật dùng thử đã hết hạn, vui lòng thay đổi nhân vật trong đội
lang_multi_text.db	Error_Trial_Role_Unavailable	3.4	Hội thoại/Cốt truyện	Hội thoại/Khác			编队中存在试用角色，无法进入	Trial Resonator present. Cannot enter Dungeon	お試しキャラクターが編成されているため、開始できません	Có nhân vật dùng thử trong đội, không thể vào
lang_multi_text.db	ExchangeEntryLeftTimeText	3.4	Hội thoại/Cốt truyện	Hội thoại/Khác			剩余时间：{0}	Remaining: {0}	残り時間：{0}	Thời gian còn lại: {0}
lang_multi_text.db	Exolore_ShengXiaNoDetect	3.4	Hội thoại/Cốt truyện	Hội thoại/Khác			附近范围检测不到特殊收集物	No special collectibles detected within the range	探知エリア内に採取物がありません	Trong phạm vi gần không phát hiện thấy vật thu thập đặc biệt
lang_multi_text.db	ExpectWaitingTimeText	3.4	Hội thoại/Cốt truyện	Hội thoại/Khác			预计等待时间:{0}分钟	Estimated waiting time: {0}m	推定待ち時間：{0}分	Thời gian chờ dự kiến: {0} phút
lang_multi_text.db	ExplorationActivity_101_TaskName	3.4	Hội thoại/Cốt truyện	Hội thoại/Khác			<color=#9f8131>阿维纽林</color>区域探索度达到<color=#9f8131>20%</color>	Reach <color=#9f8131>20%</color> Exploration Progress in <color=#9f8131>Avinoleum</color>	<color=#9f8131>アヴィノレーム</color>エリアの探索進捗が<color=#9f8131>20%</color>に達する	Tiến độ thám hiểm khu vực <color=#9f8131>Avinoleum</color> đạt <color=#9f8131>20%</color>
lang_multi_text.db	ExplorationActivity_102_TaskName	3.4	Hội thoại/Cốt truyện	Hội thoại/Khác			<color=#9f8131>阿维纽林</color>区域探索度达到<color=#9f8131>50%</color>	Reach <color=#9f8131>50%</color> Exploration Progress in <color=#9f8131>Avinoleum</color>	<color=#9f8131>アヴィノレーム</color>エリアの探索進捗が<color=#9f8131>50%</color>に達する	Tiến độ thám hiểm khu vực <color=#9f8131>Avinoleum</color> đạt <color=#9f8131>50%</color>
lang_multi_text.db	ExplorationActivity_103_TaskName	3.4	Hội thoại/Cốt truyện	Hội thoại/Khác			<color=#9f8131>阿维纽林</color>区域探索度达到<color=#9f8131>80%</color>	Reach <color=#9f8131>80%</color> Exploration Progress in <color=#9f8131>Avinoleum</color>	<color=#9f8131>アヴィノレーム</color>エリアの探索進捗が<color=#9f8131>80%</color>に達する	Tiến độ thám hiểm khu vực <color=#9f8131>Avinoleum</color> đạt <color=#9f8131>80%</color>
lang_multi_text.db	ExplorationActivity_104_TaskName	3.4	Hội thoại/Cốt truyện	Hội thoại/Khác			<color=#9f8131>贝奥海域</color>区域探索度达到<color=#9f8131>50%</color>	Reach <color=#9f8131>50%</color> Exploration Progress in <color=#9f8131>Beohr Waters</color>	<color=#9f8131>ベオ海域</color>のエリアの探索進捗が<color=#9f8131>50%</color>に達する	Tiến độ thám hiểm khu vực <color=#9f8131>Hải vực Beohr</color> đạt <color=#9f8131>50%</color>
lang_multi_text.db	ExplorationActivity_201_TaskName	3.4	Hội thoại/Cốt truyện	Hội thoại/Khác			<color=#9f8131>七丘</color>区域探索度达到<color=#9f8131>20%</color>	Reach <color=#9f8131>20%</color> Exploration Progress in <color=#9f8131>Septimont</color>.	<color=#9f8131>セブン・ヒルズ</color>エリアの探索進捗が<color=#9f8131>20%</color>に達する	Tiến độ thám hiểm khu vực <color=#9f8131>Septimont</color> đạt <color=#9f8131>20%</color>
lang_multi_text.db	ExplorationActivity_202_TaskName	3.4	Hội thoại/Cốt truyện	Hội thoại/Khác			<color=#9f8131>七丘</color>区域探索度达到<color=#9f8131>40%</color>	Reach <color=#9f8131>40%</color> Exploration Progress in <color=#9f8131>Septimont</color>.	<color=#9f8131>セブン・ヒルズ</color>エリアの探索進捗が<color=#9f8131>40%</color>に達する	Tiến độ thám hiểm khu vực <color=#9f8131>Septimont</color> đạt <color=#9f8131>40%</color>
lang_multi_text.db	ExplorationActivity_203_TaskName	3.4	Hội thoại/Cốt truyện	Hội thoại/Khác			<color=#9f8131>七丘</color>区域探索度达到<color=#9f8131>60%</color>	Reach <color=#9f8131>60%</color> Exploration Progress in <color=#9f8131>Septimont</color>.	<color=#9f8131>セブン・ヒルズ</color>エリアの探索進捗が<color=#9f8131>60%</color>に達する	Tiến độ thám hiểm khu vực <color=#9f8131>Septimont</color> đạt <color=#9f8131>60%</color>
lang_multi_text.db	ExplorationActivity_204_TaskName	3.4	Hội thoại/Cốt truyện	Hội thoại/Khác			<color=#9f8131>七丘</color>区域探索度达到<color=#9f8131>80%</color>	Reach <color=#9f8131>80%</color> Exploration Progress in <color=#9f8131>Septimont</color>.	<color=#9f8131>セブン・ヒルズ</color>エリアの探索進捗が<color=#9f8131>80%</color>に達する	Tiến độ thám hiểm khu vực <color=#9f8131>Septimont</color> đạt <color=#9f8131>80%</color>
lang_multi_text.db	ExplorationActivity_301_TaskName	3.4	Hội thoại/Cốt truyện	Hội thoại/Khác			<color=#9f8131>桑古伊斯狩原</color>区域探索度达到<color=#9f8131>20%</color>	Reach <color=#9f8131>20%</color> Exploration Progress in the <color=#9f8131>Sanguis Plateaus</color>	<color=#9f8131>サングイス狩猟台地</color>エリアの探索進捗が<color=#9f8131>20%</color>に達する	Tiến độ thám hiểm khu vực <color=#9f8131>Sanguis Plateaus</color> đạt <color=#9f8131>20%</color>
lang_multi_text.db	ExplorationActivity_302_TaskName	3.4	Hội thoại/Cốt truyện	Hội thoại/Khác			<color=#9f8131>桑古伊斯狩原</color>区域探索度达到<color=#9f8131>40%</color>	Reach <color=#9f8131>40%</color> Exploration Progress in the <color=#9f8131>Sanguis Plateaus</color>	<color=#9f8131>サングイス狩猟台地</color>エリアの探索進捗が<color=#9f8131>40%</color>に達する	Tiến độ thám hiểm khu vực <color=#9f8131>Sanguis Plateaus</color> đạt <color=#9f8131>40%</color>
lang_multi_text.db	ExplorationActivity_303_TaskName	3.4	Hội thoại/Cốt truyện	Hội thoại/Khác			<color=#9f8131>桑古伊斯狩原</color>区域探索度达到<color=#9f8131>60%</color>	Reach <color=#9f8131>60%</color> Exploration Progress in the <color=#9f8131>Sanguis Plateaus</color>	<color=#9f8131>サングイス狩猟台地</color>エリアの探索進捗が<color=#9f8131>60%</color>に達する	Tiến độ thám hiểm khu vực <color=#9f8131>Sanguis Plateaus</color> đạt <color=#9f8131>60%</color>
lang_multi_text.db	ExplorationActivity_304_TaskName	3.4	Hội thoại/Cốt truyện	Hội thoại/Khác			<color=#9f8131>桑古伊斯狩原</color>区域探索度达到<color=#9f8131>80%</color>	Reach <color=#9f8131>80%</color> Exploration Progress in the <color=#9f8131>Sanguis Plateaus</color>	<color=#9f8131>サングイス狩猟台地</color>エリアの探索進捗が<color=#9f8131>80%</color>に達する	Tiến độ thám hiểm khu vực <color=#9f8131>Sanguis Plateaus</color> đạt <color=#9f8131>80%</color>
lang_multi_text.db	ExplorationForbid_Text	3.4	Hội thoại/Cốt truyện	Hội thoại/Khác			当前区域无探索度内容	No Exploration Progress in this area.	現在のエリアには探索進捗内容がありません	Khu vực hiện tại không có nội dung tiến độ thám hiểm
lang_multi_text.db	EyeProtectMode_ApplySetting	3.4	Hội thoại/Cốt truyện	Hội thoại/Khác			应用	Apply	適用	Áp dụng
lang_multi_text.db	EyeProtectMode_ResetSetting	3.4	Hội thoại/Cốt truyện	Hội thoại/Khác			重置	Reset	リセット	Đặt lại
lang_multi_text.db	EyeProtectMode_Tips_ApplySuccess	3.4	Hội thoại/Cốt truyện	Hội thoại/Khác			已应用当前设置	Current settings have been applied	設定を適用しました	Đã áp dụng cài đặt hiện tại
lang_multi_text.db	EyeProtectMode_Tips_ResetFail	3.4	Hội thoại/Cốt truyện	Hội thoại/Khác			当前状态下无法重置	Cannot reset in current state	この状態ではリセットできません	Không thể đặt lại trong trạng thái hiện tại
lang_multi_text.db	EyeProtectMode_Tips_ResetSuccess	3.4	Hội thoại/Cốt truyện	Hội thoại/Khác			已重置设置	Settings have been reset	設定をリセットしました	Đã đặt lại cài đặt
lang_multi_text.db	FeiXueWarmup_1001	3.4	Hội thoại/Cốt truyện	Hội thoại/Khác			当前调查进度（{0}/{1}）	Current Progress: {0}/{1}	現在調査進捗（{0}/{1}）	Tiến độ điều tra hiện tại ({0}/{1})
lang_multi_text.db	FeiXueWarmup_1002	3.4	Hội thoại/Cốt truyện	Hội thoại/Khác			下一任务解锁：	Next task unlocks in:	次の任務解放まで：	Mở khóa nhiệm vụ tiếp theo:
lang_multi_text.db	FeiXueWarmup_1011	3.4	Hội thoại/Cốt truyện	Hội thoại/Khác			苇原的“巫女大人”	Ashinohara's "Lady Miko"	葦ノ原の「巫女様」	"Miko-sama" của Ashinohara
lang_multi_text.db	FeiXueWarmup_1012	3.4	Hội thoại/Cốt truyện	Hội thoại/Khác			特别对策组	Special Response Force	特別対策班	Đội Đối Sách Đặc Biệt
lang_multi_text.db	FeiXueWarmup_1013	3.4	Hội thoại/Cốt truyện	Hội thoại/Khác			被救助的研究员	The Rescued Researcher	助けられた研究員	Nghiên Cứu Viên Được Cứu
lang_multi_text.db	FeiXueWarmup_1014	3.4	Hội thoại/Cốt truyện	Hội thoại/Khác			爱看电影的幽灵巫女	The Film-Loving Ghost Miko	映画好きの幽霊巫女	Miko U Linh Thích Xem Phim
lang_multi_text.db	FeiXueWarmup_1015	3.4	Hội thoại/Cốt truyện	Hội thoại/Khác			日灵与神秘的朋友	The Soliskin and Its Mysterious Friend	太陽の精霊と不思議な友達	Nhật Linh Và Người Bạn Bí Ẩn
lang_multi_text.db	FeiXueWarmup_1016	3.4	Hội thoại/Cốt truyện	Hội thoại/Khác			巫女的喜好	A Miko's Preferences	巫女の好み	Sở Thích Của Miko
lang_multi_text.db	FeiXueWarmup_1017	3.4	Hội thoại/Cốt truyện	Hội thoại/Khác			桔梗的心意	Platya's Gift	桔梗の想い	Tâm Ý Của Platya
lang_multi_text.db	FeiXueWarmup_1020	3.4	Hội thoại/Cốt truyện	Hội thoại/Khác			记忆中的绯影	The Flaming Red in Memory	記憶の中の緋き影	Bóng Đỏ Trong Ký Ức
lang_multi_text.db	FeiXueWarmup_1021	3.4	Hội thoại/Cốt truyện	Hội thoại/Khác			她的身影依旧如梦一般模糊，但你们终有一天会相见……	She lingers like a dream, just out of reach. But one day, your paths will cross...	彼女の姿は、今もまだ夢のように朧げだが、いつかはきっとまた会えるだろう。	Bóng dáng cô ấy vẫn mờ ảo như một giấc mơ, nhưng các người rồi sẽ có ngày tương phùng... \nBạn đã lần đầu tiên biết được tên của cô ấy, Hiyuki, từ miệng Lucilla.
lang_multi_text.db	FeiXueWarmup_1030	3.4	Hội thoại/Cốt truyện	Hội thoại/Khác			推荐完成潮汐续闻「明日摇曳的绯影」	Recommended to complete Afterstory "The Flaming Red from Tomorrow" first	「明日に揺らめく緋き影」クリア推奨	Khuyên dùng hoàn thành Hồi Hướng Minh Triều "Bóng Đỏ Lấp Lánh Ngày Mai"
lang_multi_text.db	FeiXueWarmup_1031	3.4	Hội thoại/Cốt truyện	Hội thoại/Khác			查看详情	Check Details	詳細を確認	Xem chi tiết
lang_multi_text.db	FeiXueWarmup_1041	3.4	Hội thoại/Cốt truyện	Hội thoại/Khác			完成任务：「苇原的“巫女大人”」	Complete Task: Ashinohara's "Lady Miko"	「葦ノ原の『巫女様』」をクリア	Hoàn thành nhiệm vụ: "'Miko-sama' của Ashinohara"
lang_multi_text.db	FeiXueWarmup_1042	3.4	Hội thoại/Cốt truyện	Hội thoại/Khác			完成任务：「特别对策组」	Complete Task: Special Response Force	「特別対策班」をクリア	Hoàn thành nhiệm vụ: "Đội Đối Sách Đặc Biệt"
lang_multi_text.db	FeiXueWarmup_1043	3.4	Hội thoại/Cốt truyện	Hội thoại/Khác			完成任务：「被救助的研究员」	Complete Task: The Rescued Researcher	「助けられた研究員」をクリア	Hoàn thành nhiệm vụ: "Nghiên Cứu Viên Được Cứu"
lang_multi_text.db	FeiXueWarmup_1044	3.4	Hội thoại/Cốt truyện	Hội thoại/Khác			完成任务：「爱看电影的幽灵巫女」	Complete Task: The Film-Loving Ghost Miko	「映画好きの幽霊巫女」をクリア	Hoàn thành nhiệm vụ: "Miko U Linh Thích Xem Phim"
lang_multi_text.db	FeiXueWarmup_1045	3.4	Hội thoại/Cốt truyện	Hội thoại/Khác			完成任务：「日灵与神秘的朋友」	Complete Task: A Soliskin and Its Mysterious Friend	「太陽の精霊と不思議な友達」をクリア	Hoàn thành nhiệm vụ: "Nhật Linh Và Người Bạn Bí Ẩn"
lang_multi_text.db	FeiXueWarmup_1046	3.4	Hội thoại/Cốt truyện	Hội thoại/Khác			完成任务：「巫女的喜好」	Complete Task: A Miko's Preferences	「巫女の好み」をクリア	Hoàn thành nhiệm vụ: "Sở Thích Của Miko"
lang_multi_text.db	FeiXueWarmup_1047	3.4	Hội thoại/Cốt truyện	Hội thoại/Khác			完成任务：「桔梗的心意」	Complete Task: Platya's Gift	「桔梗の想い」をクリア	Hoàn thành nhiệm vụ: "Tâm Ý Của Platya"
lang_multi_text.db	FeiXue_PreOpenTip	3.4	Hội thoại/Cốt truyện	Hội thoại/Khác			<alignleft/>提前体验可以跳过前置任务，直接开启活动。\n<alignleft/>提前体验可能会<color=#ad893a>影响剧情体验</color>。推荐完成前置任务以获得更完整体验。<color=#ad893a>是否提前体验该活动</color>？	<alignleft/>You can skip the prerequisite quests and jump straight into the event.\n<alignleft/>Skipping ahead may<color=#ad893a> affect your story experience</color>. For the best narrative flow, it's recommended to complete the prerequisite quests first.\n<color=#ad893a>Confirm to skip ahead and start the event</color>?	<alignleft/>先行体験では前提任務をスキップして、直接イベントに参加できます。\n<alignleft/>先行体験では<color=#ad893a>ストーリー体験に影響を与える可能性がある</color>ため、前提任務をクリアしてから、イベントに参加することをお勧めします。<color=#ad893a>イベントを先行体験しますか？</color>	<alignleft/>Trải nghiệm sớm có thể bỏ qua nhiệm vụ tiền đề, trực tiếp mở hoạt động.\n<alignleft/>Trải nghiệm sớm có thể <color=#ad893a>ảnh hưởng đến trải nghiệm cốt truyện</color>. Đề xuất hoàn thành nhiệm vụ tiền đề để có trải nghiệm trọn vẹn hơn. <color=#ad893a>Có muốn trải nghiệm sớm hoạt động này không</color>?
lang_multi_text.db	FetterEmpty	3.4	Hội thoại/Cốt truyện	Hội thoại/Khác			暂无生效合鸣效果	No Sonata Effect yet	ハーモニー効果なし	Chưa có Hiệu ứng Hòa âm
lang_multi_text.db	FieldCardConditionDes_730020	3.4	Hội thoại/Cốt truyện	Hội thoại/Khác			<color=#32dbb1>已激活</color>	<color=#32dbb1>Activated</color>	<color=#32dbb1>有効化済み</color>	<color=#32dbb1>Đã kích hoạt</color>
lang_multi_text.db	FieldCardConditionDes_730021	3.4	Hội thoại/Cốt truyện	Hội thoại/Khác			<color=#32dbb1>已激活</color>	<color=#32dbb1>Activated</color>	<color=#32dbb1>有効化済み</color>	<color=#32dbb1>Đã kích hoạt</color>
lang_multi_text.db	FieldCardConditionDes_730022	3.4	Hội thoại/Cốt truyện	Hội thoại/Khác			<color=#32dbb1>已激活</color>	<color=#32dbb1>Activated</color>	<color=#32dbb1>有効化済み</color>	<color=#32dbb1>Đã kích hoạt</color>
lang_multi_text.db	FieldCardConditionDes_731017	3.4	Hội thoại/Cốt truyện	Hội thoại/Khác			激活条件<color=#32dbb1>【已激活】</color>\n<texture=/Game/Aki/UI/UIResources/UiActivity/Image/SoundRemnantArena/Outside/T_IconTipsActivate.T_IconTipsActivate/><color=#32dbb1>卡组中包含至少4张奇藏</color>	Activation Requirement <color=#32dbb1>(Activated)</color>\n<texture=/Game/Aki/UI/UIResources/UiActivity/Image/SoundRemnantArena/Outside/T_IconTipsActivate.T_IconTipsActivate/><color=#32dbb1>Your deck must contain at least 4 Novelties.</color>	有効化条件<color=#32dbb1>【有効化済み】</color>\n<texture=/Game/Aki/UI/UIResources/UiActivity/Image/SoundRemnantArena/Outside/T_IconTipsActivate.T_IconTipsActivate/><color=#32dbb1>デッキに秘蔵が4枚以上含まれている</color>	Điều kiện kích hoạt <color=#32dbb1>[Đã kích hoạt]</color>\n<texture=/Game/Aki/UI/UIResources/UiActivity/Image/SoundRemnantArena/Outside/T_IconTipsActivate·T_IconTipsActivate/><color=#32dbb1>Bộ bài chứa ít nhất 4 Thẻ Kỳ Tàng</color>
lang_multi_text.db	FieldCardConditionDes_732014	3.4	Hội thoại/Cốt truyện	Hội thoại/Khác			激活条件<color=#32dbb1>【已激活】</color>\n<texture=/Game/Aki/UI/UIResources/UiActivity/Image/SoundRemnantArena/Outside/T_IconTipsActivate.T_IconTipsActivate/><color=#32dbb1>卡组中包含至少6张热熔属性卡牌</color>	Activation Requirement <color=#32dbb1>(Activated)</color>\n<texture=/Game/Aki/UI/UIResources/UiActivity/Image/SoundRemnantArena/Outside/T_IconTipsActivate.T_IconTipsActivate/><color=#32dbb1>Your deck must contain at least 6 Fusion cards.</color>	有効化条件<color=#32dbb1>【有効化済み】</color>\n<texture=/Game/Aki/UI/UIResources/UiActivity/Image/SoundRemnantArena/Outside/T_IconTipsActivate.T_IconTipsActivate/><color=#32dbb1>デッキに焦熱属性カードが6枚以上含まれている</color>	Điều kiện kích hoạt <color=#32dbb1>[Đã kích hoạt]</color>\n<texture=/Game/Aki/UI/UIResources/UiActivity/Image/SoundRemnantArena/Outside/T_IconTipsActivate·T_IconTipsActivate/><color=#32dbb1>Bộ bài chứa ít nhất 6 thẻ thuộc tính Hỏa Liệt</color>
lang_multi_text.db	FieldCardConditionDes_733015	3.4	Hội thoại/Cốt truyện	Hội thoại/Khác			激活条件<color=#32dbb1>【已激活】</color>\n<texture=/Game/Aki/UI/UIResources/UiActivity/Image/SoundRemnantArena/Outside/T_IconTipsActivate.T_IconTipsActivate/><color=#32dbb1>卡组中包含至少6张导电属性卡牌</color>	Activation Requirement <color=#32dbb1>(Activated)</color>\n<texture=/Game/Aki/UI/UIResources/UiActivity/Image/SoundRemnantArena/Outside/T_IconTipsActivate.T_IconTipsActivate/><color=#32dbb1>Your deck must contain at least 6 Electro cards.</color>	有効化条件<color=#32dbb1>【有効化済み】</color>\n<texture=/Game/Aki/UI/UIResources/UiActivity/Image/SoundRemnantArena/Outside/T_IconTipsActivate.T_IconTipsActivate/><color=#32dbb1>デッキに電導属性カードが6枚以上含まれている</color>	Điều kiện kích hoạt <color=#32dbb1>[Đã kích hoạt]</color>\n<texture=/Game/Aki/UI/UIResources/UiActivity/Image/SoundRemnantArena/Outside/T_IconTipsActivate·T_IconTipsActivate/><color=#32dbb1>Bộ bài chứa ít nhất 6 thẻ thuộc tính Điện Từ</color>
lang_multi_text.db	FieldCardConditionDes_734016	3.4	Hội thoại/Cốt truyện	Hội thoại/Khác			激活条件<color=#32dbb1>【已激活】</color>\n<texture=/Game/Aki/UI/UIResources/UiActivity/Image/SoundRemnantArena/Outside/T_IconTipsActivate.T_IconTipsActivate/><color=#32dbb1>卡组中包含至少6张气动属性卡牌</color>	Activation Requirement <color=#32dbb1>(Activated)</color>\n<texture=/Game/Aki/UI/UIResources/UiActivity/Image/SoundRemnantArena/Outside/T_IconTipsActivate.T_IconTipsActivate/><color=#32dbb1>Your deck must contain at least 6 Aero cards.</color>	有効化条件<color=#32dbb1>【有効化済み】</color>\n<texture=/Game/Aki/UI/UIResources/UiActivity/Image/SoundRemnantArena/Outside/T_IconTipsActivate.T_IconTipsActivate/><color=#32dbb1>デッキに気動属性カードが6枚以上含まれている</color>	Điều kiện kích hoạt <color=#32dbb1>[Đã kích hoạt]</color>\n<texture=/Game/Aki/UI/UIResources/UiActivity/Image/SoundRemnantArena/Outside/T_IconTipsActivate·T_IconTipsActivate/><color=#32dbb1>Bộ bài chứa ít nhất 6 thẻ thuộc tính Khí Động</color>
lang_multi_text.db	FieldCardConditionDes_735013	3.4	Hội thoại/Cốt truyện	Hội thoại/Khác			激活条件<color=#32dbb1>【已激活】</color>\n<texture=/Game/Aki/UI/UIResources/UiActivity/Image/SoundRemnantArena/Outside/T_IconTipsActivate.T_IconTipsActivate/><color=#32dbb1>卡组中包含至少8张能量消耗为3的卡牌</color>	Activation Requirement <color=#32dbb1>(Activated)</color>\n<texture=/Game/Aki/UI/UIResources/UiActivity/Image/SoundRemnantArena/Outside/T_IconTipsActivate.T_IconTipsActivate/><color=#32dbb1>Your deck must contain at least 8 Cost 3 cards.</color>	有効化条件<color=#32dbb1>【有効化済み】</color>\n<texture=/Game/Aki/UI/UIResources/UiActivity/Image/SoundRemnantArena/Outside/T_IconTipsActivate.T_IconTipsActivate/><color=#32dbb1>デッキにCOST3のカードが8枚以上含まれている</color>	Điều kiện kích hoạt <color=#32dbb1>[Đã kích hoạt]</color>\n<texture=/Game/Aki/UI/UIResources/UiActivity/Image/SoundRemnantArena/Outside/T_IconTipsActivate·T_IconTipsActivate/><color=#32dbb1>Bộ bài chứa ít nhất 8 thẻ có năng lượng tiêu hao là 3</color>
lang_multi_text.db	FieldCardConditionDes_736015	3.4	Hội thoại/Cốt truyện	Hội thoại/Khác			激活条件<color=#32dbb1>【已激活】</color>\n<texture=/Game/Aki/UI/UIResources/UiActivity/Image/SoundRemnantArena/Outside/T_IconTipsActivate.T_IconTipsActivate/><color=#32dbb1>卡组中包含至少3张奇藏</color>	Activation Requirement <color=#32dbb1>(Activated)</color>\n<texture=/Game/Aki/UI/UIResources/UiActivity/Image/SoundRemnantArena/Outside/T_IconTipsActivate.T_IconTipsActivate/><color=#32dbb1>Your deck must contain at least 3 Novelties.</color>	有効化条件<color=#32dbb1>【有効化済み】</color>\n<texture=/Game/Aki/UI/UIResources/UiActivity/Image/SoundRemnantArena/Outside/T_IconTipsActivate.T_IconTipsActivate/><color=#32dbb1>デッキに秘蔵が3枚以上含まれている</color>	Điều kiện kích hoạt <color=#32dbb1>[Đã kích hoạt]</color>\n<texture=/Game/Aki/UI/UIResources/UiActivity/Image/SoundRemnantArena/Outside/T_IconTipsActivate·T_IconTipsActivate/><color=#32dbb1>Bộ bài chứa ít nhất 3 Thẻ Kỳ Tàng</color>
lang_multi_text.db	FieldCardConditionDes_740012	3.4	Hội thoại/Cốt truyện	Hội thoại/Khác			dnt/			Phoebe: Hướng dẫn <color=#d4bf5f>Hiệp Tấu Đóng</color>
lang_multi_text.db	FieldCardConditionDes_740020	3.4	Hội thoại/Cốt truyện	Hội thoại/Khác			dnt/			Phoebe: Hướng dẫn <color=#d4bf5f>Hiệp Tấu Đóng</color>
lang_multi_text.db	FieldCardConditionDes_740021	3.4	Hội thoại/Cốt truyện	Hội thoại/Khác			dnt/			Phoebe: Hướng dẫn <color=#d4bf5f>Hiệp Tấu Đóng</color>
lang_multi_text.db	FieldCardConditionNoDes_730020	3.4	Hội thoại/Cốt truyện	Hội thoại/Khác			<color=#fc6464>未激活</color>	<color=#fc6464>Unactivated</color>	<color=#fc6464>未有効化</color>	<color=#fc6464>Chưa kích hoạt</color>
lang_multi_text.db	FieldCardConditionNoDes_730021	3.4	Hội thoại/Cốt truyện	Hội thoại/Khác			<color=#fc6464>未激活</color>	<color=#fc6464>Unactivated</color>	<color=#fc6464>未有効化</color>	<color=#fc6464>Chưa kích hoạt</color>
lang_multi_text.db	FieldCardConditionNoDes_730022	3.4	Hội thoại/Cốt truyện	Hội thoại/Khác			<color=#fc6464>未激活</color>	<color=#fc6464>Unactivated</color>	<color=#fc6464>未有効化</color>	<color=#fc6464>Chưa kích hoạt</color>
lang_multi_text.db	FieldCardConditionNoDes_731017	3.4	Hội thoại/Cốt truyện	Hội thoại/Khác			激活条件<color=#fc6464>【未激活】</color>\n<texture=/Game/Aki/UI/UIResources/UiActivity/Image/SoundRemnantArena/Outside/T_IconTipsInactive.T_IconTipsInactive/><color=#fc6464>卡组中包含至少4张奇藏</color>	Activation Requirement <color=#fc6464>(Unactivated)</color>\n<texture=/Game/Aki/UI/UIResources/UiActivity/Image/SoundRemnantArena/Outside/T_IconTipsInactive.T_IconTipsInactive/><color=#fc6464>Your deck must contain at least 4 Novelties.</color>	有効化条件<color=#fc6464>【未有効化】</color>\n<texture=/Game/Aki/UI/UIResources/UiActivity/Image/SoundRemnantArena/Outside/T_IconTipsInactive.T_IconTipsInactive/><color=#fc6464>デッキに秘蔵が4枚以上含まれている</color>	Điều kiện kích hoạt <color=#fc6464>[Chưa kích hoạt]</color>\n<texture=/Game/Aki/UI/UIResources/UiActivity/Image/SoundRemnantArena/Outside/T_IconTipsInactive·T_IconTipsInactive/><color=#fc6464>Bộ bài chứa ít nhất 4 Thẻ Kỳ Tàng</color>
lang_multi_text.db	FieldCardConditionNoDes_732014	3.4	Hội thoại/Cốt truyện	Hội thoại/Khác			激活条件<color=#fc6464>【未激活】</color>\n<texture=/Game/Aki/UI/UIResources/UiActivity/Image/SoundRemnantArena/Outside/T_IconTipsInactive.T_IconTipsInactive/><color=#fc6464>卡组中包含至少6张热熔属性卡牌</color>	Activation Requirement <color=#fc6464>(Unactivated)</color>\n<texture=/Game/Aki/UI/UIResources/UiActivity/Image/SoundRemnantArena/Outside/T_IconTipsInactive.T_IconTipsInactive/><color=#fc6464>Your deck must contain at least 6 Fusion cards.</color>	有効化条件<color=#fc6464>【未有効化】</color>\n<texture=/Game/Aki/UI/UIResources/UiActivity/Image/SoundRemnantArena/Outside/T_IconTipsInactive.T_IconTipsInactive/><color=#fc6464>デッキに焦熱属性カードが6枚以上含まれている</color>	Điều kiện kích hoạt <color=#fc6464>[Chưa kích hoạt]</color>\n<texture=/Game/Aki/UI/UIResources/UiActivity/Image/SoundRemnantArena/Outside/T_IconTipsInactive·T_IconTipsInactive/><color=#fc6464>Bộ bài chứa ít nhất 6 thẻ thuộc tính Hỏa Liệt</color>
lang_multi_text.db	FieldCardConditionNoDes_733015	3.4	Hội thoại/Cốt truyện	Hội thoại/Khác			激活条件<color=#fc6464>【未激活】</color>\n<texture=/Game/Aki/UI/UIResources/UiActivity/Image/SoundRemnantArena/Outside/T_IconTipsInactive.T_IconTipsInactive/><color=#fc6464>卡组中包含至少6张导电属性卡牌</color>	Activation Requirement <color=#fc6464>(Unactivated)</color>\n<texture=/Game/Aki/UI/UIResources/UiActivity/Image/SoundRemnantArena/Outside/T_IconTipsInactive.T_IconTipsInactive/><color=#fc6464>Your deck must contain at least 6 Electro cards.</color>	有効化条件<color=#fc6464>【未有効化】</color>\n<texture=/Game/Aki/UI/UIResources/UiActivity/Image/SoundRemnantArena/Outside/T_IconTipsInactive.T_IconTipsInactive/><color=#fc6464>デッキに電導属性カードが6枚以上含まれている</color>	Điều kiện kích hoạt <color=#fc6464>[Chưa kích hoạt]</color>\n<texture=/Game/Aki/UI/UIResources/UiActivity/Image/SoundRemnantArena/Outside/T_IconTipsInactive·T_IconTipsInactive/><color=#fc6464>Bộ bài chứa ít nhất 6 thẻ thuộc tính Điện Từ</color>
lang_multi_text.db	FieldCardConditionNoDes_734016	3.4	Hội thoại/Cốt truyện	Hội thoại/Khác			激活条件<color=#fc6464>【未激活】</color>\n<texture=/Game/Aki/UI/UIResources/UiActivity/Image/SoundRemnantArena/Outside/T_IconTipsInactive.T_IconTipsInactive/><color=#fc6464>卡组中包含至少6张气动属性卡牌</color>	Activation Requirement <color=#fc6464>(Unactivated)</color>\n<texture=/Game/Aki/UI/UIResources/UiActivity/Image/SoundRemnantArena/Outside/T_IconTipsInactive.T_IconTipsInactive/><color=#fc6464>Your deck must contain at least 6 Aero cards.</color>	有効化条件<color=#fc6464>【未有効化】</color>\n<texture=/Game/Aki/UI/UIResources/UiActivity/Image/SoundRemnantArena/Outside/T_IconTipsInactive.T_IconTipsInactive/><color=#fc6464>デッキに気動属性カードが6枚以上含まれている</color>	Điều kiện kích hoạt <color=#fc6464>[Chưa kích hoạt]</color>\n<texture=/Game/Aki/UI/UIResources/UiActivity/Image/SoundRemnantArena/Outside/T_IconTipsInactive·T_IconTipsInactive/><color=#fc6464>Bộ bài chứa ít nhất 6 thẻ thuộc tính Khí Động</color>
lang_multi_text.db	FieldCardConditionNoDes_735013	3.4	Hội thoại/Cốt truyện	Hội thoại/Khác			激活条件<color=#fc6464>【未激活】</color>\n<texture=/Game/Aki/UI/UIResources/UiActivity/Image/SoundRemnantArena/Outside/T_IconTipsInactive.T_IconTipsInactive/><color=#fc6464>卡组中包含至少8张能量消耗为3的卡牌</color>	Activation Requirement <color=#fc6464>(Unactivated)</color>\n<texture=/Game/Aki/UI/UIResources/UiActivity/Image/SoundRemnantArena/Outside/T_IconTipsInactive.T_IconTipsInactive/><color=#fc6464>Your deck must contain at least 8 Cost 3 cards.</color>	有効化条件<color=#fc6464>【未有効化】</color>\n<texture=/Game/Aki/UI/UIResources/UiActivity/Image/SoundRemnantArena/Outside/T_IconTipsInactive.T_IconTipsInactive/><color=#fc6464>デッキにCOST3のカードが8枚以上含まれている</color>	Điều kiện kích hoạt <color=#fc6464>[Chưa kích hoạt]</color>\n<texture=/Game/Aki/UI/UIResources/UiActivity/Image/SoundRemnantArena/Outside/T_IconTipsInactive·T_IconTipsInactive/><color=#fc6464>Bộ bài chứa ít nhất 8 thẻ có năng lượng tiêu hao là 3</color>
lang_multi_text.db	FieldCardConditionNoDes_736015	3.4	Hội thoại/Cốt truyện	Hội thoại/Khác			激活条件<color=#fc6464>【未激活】</color>\n<texture=/Game/Aki/UI/UIResources/UiActivity/Image/SoundRemnantArena/Outside/T_IconTipsInactive.T_IconTipsInactive/><color=#fc6464>卡组中包含至少3张奇藏</color>	Activation Requirement <color=#fc6464>(Unactivated)</color>\n<texture=/Game/Aki/UI/UIResources/UiActivity/Image/SoundRemnantArena/Outside/T_IconTipsInactive.T_IconTipsInactive/><color=#fc6464>Your deck must contain at least 3 Novelties.</color>	有効化条件<color=#fc6464>【未有効化】</color>\n<texture=/Game/Aki/UI/UIResources/UiActivity/Image/SoundRemnantArena/Outside/T_IconTipsInactive.T_IconTipsInactive/><color=#fc6464>デッキに秘蔵が3枚以上含まれている</color>	Điều kiện kích hoạt <color=#fc6464>[Chưa kích hoạt]</color>\n<texture=/Game/Aki/UI/UIResources/UiActivity/Image/SoundRemnantArena/Outside/T_IconTipsInactive·T_IconTipsInactive/><color=#fc6464>Bộ bài chứa ít nhất 3 Thẻ Kỳ Tàng</color>
lang_multi_text.db	FieldCardConditionNoDes_740012	3.4	Hội thoại/Cốt truyện	Hội thoại/Khác			dnt/			Phoebe: Hướng dẫn <color=#d4bf5f>Hiệp Tấu Đóng</color>
lang_multi_text.db	FieldCardConditionNoDes_740020	3.4	Hội thoại/Cốt truyện	Hội thoại/Khác			dnt/			Phoebe: Hướng dẫn <color=#d4bf5f>Hiệp Tấu Đóng</color>
lang_multi_text.db	FieldCardConditionNoDes_740021	3.4	Hội thoại/Cốt truyện	Hội thoại/Khác			dnt/			Phoebe: Hướng dẫn <color=#d4bf5f>Hiệp Tấu Đóng</color>
lang_multi_text.db	FieldCardConditionTrigger_730020	3.4	Hội thoại/Cốt truyện	Hội thoại/Khác			使用领域技能	Using Domain Skill	領域スキル発動	Sử dụng Kỹ Năng Lĩnh Vực
lang_multi_text.db	FieldCardConditionTrigger_730021	3.4	Hội thoại/Cốt truyện	Hội thoại/Khác			使用领域技能	Using Domain Skill	領域スキル発動	Sử dụng Kỹ Năng Lĩnh Vực
lang_multi_text.db	FieldCardConditionTrigger_730022	3.4	Hội thoại/Cốt truyện	Hội thoại/Khác			使用领域技能	Using Domain Skill	領域スキル発動	Sử dụng Kỹ Năng Lĩnh Vực
lang_multi_text.db	FieldCardConditionTrigger_731017	3.4	Hội thoại/Cốt truyện	Hội thoại/Khác			使用领域技能	Using Domain Skill	領域スキル発動	Sử dụng Kỹ Năng Lĩnh Vực
lang_multi_text.db	FieldCardConditionTrigger_732014	3.4	Hội thoại/Cốt truyện	Hội thoại/Khác			使用领域技能	Using Domain Skill	領域スキル発動	Sử dụng Kỹ Năng Lĩnh Vực
lang_multi_text.db	FieldCardConditionTrigger_733015	3.4	Hội thoại/Cốt truyện	Hội thoại/Khác			使用领域技能	Using Domain Skill	領域スキル発動	Sử dụng Kỹ Năng Lĩnh Vực
lang_multi_text.db	FieldCardConditionTrigger_734016	3.4	Hội thoại/Cốt truyện	Hội thoại/Khác			使用领域技能	Using Domain Skill	領域スキル発動	Sử dụng Kỹ Năng Lĩnh Vực
lang_multi_text.db	FieldCardConditionTrigger_735013	3.4	Hội thoại/Cốt truyện	Hội thoại/Khác			使用领域技能	Using Domain Skill	領域スキル発動	Sử dụng Kỹ Năng Lĩnh Vực
lang_multi_text.db	FieldCardConditionTrigger_736015	3.4	Hội thoại/Cốt truyện	Hội thoại/Khác			使用领域技能	Using Domain Skill	領域スキル発動	Sử dụng Kỹ Năng Lĩnh Vực
lang_multi_text.db	FieldCardConditionTrigger_740012	3.4	Hội thoại/Cốt truyện	Hội thoại/Khác			dnt/			Phoebe: Hướng dẫn <color=#d4bf5f>Hiệp Tấu Đóng</color>
lang_multi_text.db	FieldCardConditionTrigger_740020	3.4	Hội thoại/Cốt truyện	Hội thoại/Khác			dnt/			Phoebe: Hướng dẫn <color=#d4bf5f>Hiệp Tấu Đóng</color>
lang_multi_text.db	FieldCardConditionTrigger_740021	3.4	Hội thoại/Cốt truyện	Hội thoại/Khác			dnt/			Phoebe: Hướng dẫn <color=#d4bf5f>Hiệp Tấu Đóng</color>
lang_multi_text.db	FightFormation_1_Content	3.4	Hội thoại/Cốt truyện	Hội thoại/Khác			只可出战火属性角色	Only fire attribute Resonators can participate in the battle	焦熱属性のキャラクターのみ出撃可能	Chỉ có thể xuất chiến nhân vật thuộc tính Hỏa
lang_multi_text.db	FightPhotoCanSelectAnyRole	3.4	Hội thoại/Cốt truyện	Hội thoại/Khác			当前拍摄不限角色	No required Resonator	撮影対象の指定はありません	Hiện tại không giới hạn nhân vật
lang_multi_text.db	FightPhotoDifficulty	3.4	Hội thoại/Cốt truyện	Hội thoại/Khác			困难	 Hard	ハード	Khó
lang_multi_text.db	FightPhotoEasy	3.4	Hội thoại/Cốt truyện	Hội thoại/Khác			简单	 Normal	イージー	Đơn giản
lang_multi_text.db	FightPhotoFinishTips	3.4	Hội thoại/Cốt truyện	Hội thoại/Khác			已完成，可退出拍摄下一帧	Photo captured. Move on to the next frame.	撮影完了！画面を閉じて次の撮影へ	Đã hoàn thành, có thể thoát ra chụp bức tiếp theo
lang_multi_text.db	FightPhotoSelectTip	3.4	Hội thoại/Cốt truyện	Hội thoại/Khác			需要选择共鸣者{0}	{0} is required	{0}を編成に入れてください	Cần chọn Cộng Hưởng Giả {0}
lang_multi_text.db	FightPhotoUnlockNewLevel	3.4	Hội thoại/Cốt truyện	Hội thoại/Khác			<color=#ffd12f>困难关卡</color>已解锁	<color=#ffd12f>Hard Mode</color> unlocked	<color=#ffd12f>ハードモード</color>解放	Đã mở khóa <color=#ffd12f>Ải Khó</color>
lang_multi_text.db	FightPhotoUnlockTime	3.4	Hội thoại/Cốt truyện	Hội thoại/Khác			{0}后解锁	Unlocked in {0}	{0}後に解放	Mở khóa sau {0}
lang_multi_text.db	FilterBaseConfig_10_FilterName	3.4	Hội thoại/Cốt truyện	Hội thoại/Khác			索拉图谱	Choral Atlas	ソラ図鑑	Bản Đồ Solaris
lang_multi_text.db	FilterBaseConfig_11_FilterName	3.4	Hội thoại/Cốt truyện	Hội thoại/Khác			索拉图谱	Choral Atlas	ソラ図鑑	Bản Đồ Solaris
lang_multi_text.db	FilterBaseConfig_12_FilterName	3.4	Hội thoại/Cốt truyện	Hội thoại/Khác			威胁等级	Threat Level	危険度	Cấp Độ Đe Dọa
lang_multi_text.db	FilterBaseConfig_13_FilterName	3.4	Hội thoại/Cốt truyện	Hội thoại/Khác			无音区类型	Tacet Field Type	無音区タイプ	Loại Vùng Vô Thanh
lang_multi_text.db	FilterBaseConfig_14_FilterName	3.4	Hội thoại/Cốt truyện	Hội thoại/Khác			获得材料	Claim Material	入手素材	Nhận Vật Liệu
lang_multi_text.db	FilterBaseConfig_15_FilterName	3.4	Hội thoại/Cốt truyện	Hội thoại/Khác			食谱	Recipe	レシピ	Công Thức Nấu Ăn
lang_multi_text.db	FilterBaseConfig_16_FilterName	3.4	Hội thoại/Cốt truyện	Hội thoại/Khác			料理类型	Dish Type	料理タイプ	Loại Món Ăn
lang_multi_text.db	FilterBaseConfig_17_FilterName	3.4	Hội thoại/Cốt truyện	Hội thoại/Khác			制药配方	Decoction Formula	製薬レシピ	Công Thức Thuốc
lang_multi_text.db	FilterBaseConfig_18_FilterName	3.4	Hội thoại/Cốt truyện	Hội thoại/Khác			构造配方	Construction Formula	構造レシピ	Công Thức Cấu Tạo
lang_multi_text.db	FilterBaseConfig_19_FilterName	3.4	Hội thoại/Cốt truyện	Hội thoại/Khác			威胁等级	Threat Level	危険度	Cấp Độ Đe Dọa
lang_multi_text.db	FilterBaseConfig_1_FilterName	3.4	Hội thoại/Cốt truyện	Hội thoại/Khác			共鸣属性	Attribute	共鳴属性	Thuộc Tính
lang_multi_text.db	FilterBaseConfig_20_FilterName	3.4	Hội thoại/Cốt truyện	Hội thoại/Khác			是否装配	Equipped	装備中	Đã Trang Bị
lang_multi_text.db	FilterBaseConfig_21_FilterName	3.4	Hội thoại/Cốt truyện	Hội thoại/Khác			是否拥有	Owned	所持中	Đã Sở Hữu
lang_multi_text.db	FilterBaseConfig_22_FilterName	3.4	Hội thoại/Cốt truyện	Hội thoại/Khác			分类	Category	種類	Phân Loại
lang_multi_text.db	FilterBaseConfig_23_FilterName	3.4	Hội thoại/Cốt truyện	Hội thoại/Khác			弃置	Discard	廃棄マーク有無順	Vứt Bỏ
lang_multi_text.db	FilterBaseConfig_26_FilterName	3.4	Hội thoại/Cốt truyện	Hội thoại/Khác			品质	Rarity	品質	Phẩm Chất
lang_multi_text.db	FilterBaseConfig_31_FilterName	3.4	Hội thoại/Cốt truyện	Hội thoại/Khác			战斗风格	Combat Role	戦闘スタイル	Phong Cách Chiến Đấu
lang_multi_text.db	FilterBaseConfig_3_FilterName	3.4	Hội thoại/Cốt truyện	Hội thoại/Khác			武器	Weapon	武器	Vũ Khí
lang_multi_text.db	FilterBaseConfig_4_FilterName	3.4	Hội thoại/Cốt truyện	Hội thoại/Khác			共鸣属性	Attribute	共鳴属性	Thuộc Tính
lang_multi_text.db	FilterBaseConfig_5_FilterName	3.4	Hội thoại/Cốt truyện	Hội thoại/Khác			套装	Set	セット	Bộ Trang Bị
lang_multi_text.db	FilterBaseConfig_6_FilterName	3.4	Hội thoại/Cốt truyện	Hội thoại/Khác			共鸣属性	Attribute	共鳴属性	Thuộc Tính
lang_multi_text.db	FilterBaseConfig_7_FilterName	3.4	Hội thoại/Cốt truyện	Hội thoại/Khác			共鸣属性	Attribute	共鳴属性	Thuộc Tính
lang_multi_text.db	FilterBaseConfig_8_FilterName	3.4	Hội thoại/Cốt truyện	Hội thoại/Khác			声骸	Echo	音骸	Echo
lang_multi_text.db	FilterBaseConfig_9_FilterName	3.4	Hội thoại/Cốt truyện	Hội thoại/Khác			声骸	Echo	音骸	Echo
lang_multi_text.db	FinishAccount	3.4	Hội thoại/Cốt truyện	Hội thoại/Khác			账号已生成！	Account successfully created!	アカウント作成完了！	Đã tạo tài khoản!
lang_multi_text.db	FlagChallenge_BossWarning	3.4	Hội thoại/Cốt truyện	Hội thoại/Khác			注意！骑士将助你直达BOSS挑战！	The Knight will hurl you to the Boss challenge!	※騎士があなたを最終ボスのもとへ送り出します！	Chú ý! Kỵ Sĩ sẽ đưa bạn đến thẳng thử thách Boss!
lang_multi_text.db	FloroRanchActiveSkill	3.4	Hội thoại/Cốt truyện	Hội thoại/Khác			主动	Active	アクティブ	Chủ Động
lang_multi_text.db	FloroRanchDayNum	3.4	Hội thoại/Cốt truyện	Hội thoại/Khác			{0}天	{0} Days	{0}日	{0} Ngày 
lang_multi_text.db	FloroRanchHandBookProgress	3.4	Hội thoại/Cốt truyện	Hội thoại/Khác			进度{0}/{1}	Progress: {0}/{1}	進捗{0}/{1}	Tiến Độ {0}/{1}
lang_multi_text.db	FloroRanchPassiveSkill	3.4	Hội thoại/Cốt truyện	Hội thoại/Khác			被动	Passive	パッシブ	Bị Động
lang_multi_text.db	FloroRanchRaceSelectedNum	3.4	Hội thoại/Cốt truyện	Hội thoại/Khác			已选{0}/{1}	Selected: {0}/{1}	選択済{0}/{1}	Đã Chọn {0}/{1}
lang_multi_text.db	FloroRanchSelectSkill	3.4	Hội thoại/Cốt truyện	Hội thoại/Khác			选择祝福	Blessing	祝福を選択	Chọn Lời Chúc
lang_multi_text.db	FloroRanchSkillCantUse	3.4	Hội thoại/Cốt truyện	Hội thoại/Khác			当前无法使用祝福	Can't use Blessing now	今は祝福を発動できません	Hiện Không Thể Dùng Lời Chúc
lang_multi_text.db	FlySkinReplaceTip	3.4	Hội thoại/Cốt truyện	Hội thoại/Khác			声骸换影切换成功	Switch Successful	音骸幻相を変更しました	Chuyển đổi Ảo Ảnh Echo thành công
lang_multi_text.db	FlySkinSet_84000002_BgDescription	3.4	Hội thoại/Cốt truyện	Hội thoại/Khác			缠绕荆棘的羽翼挣开桎梏，奔向浩瀚云海的怀中。\n无需再在意繁琐纲常，它会带你去最自由的远方。	Once bound by thorns, these wings now break free, soaring into the boundless sea of clouds.\nThe old laws no longer hold sway, for they will carry you to the farthest skies of freedom.	いばらの翼は枷を破り、果てなき雲海へと羽ばたく。旧き戒めなど、もはや顧みる必要はない。それは君を、自由の果てへと誘う。	Đôi cánh quấn đầy gai góc thoát khỏi gông cùm, lao vào vòng tay của biển mây bao la.\nKhông cần bận tâm đến những quy tắc rườm rà nữa, nó sẽ đưa bạn đến phương xa tự do nhất.
lang_multi_text.db	FlySkinSet_84000002_Name	3.4	Hội thoại/Cốt truyện	Hội thoại/Khác			荆辉黎明套装	"Dawn upon Thorns" Set	夜明けに輝くいばらの翼・セット	Bộ Bình Minh Gai Góc
lang_multi_text.db	FlySkinSet_AttributesDescription	3.4	Hội thoại/Cốt truyện	Hội thoại/Khác			获得后可以解锁对应的声骸换影套装	Used to unlock the corresponding Echo Aspect set.	獲得後、相応の音骸幻相セットをアンロックできる	Sau khi nhận có thể mở khóa Bộ Ảo Ảnh Echo tương ứng
lang_multi_text.db	FlySkinShopTitle_Text	3.4	Hội thoại/Cốt truyện	Hội thoại/Khác			声骸换影	Echo Aspects	音骸幻相	Ảo Ảnh Echo
lang_multi_text.db	Flying_EnergyUp	3.4	Hội thoại/Cốt truyện	Hội thoại/Khác			翱翔耐力上限提升	Max Flight STA Up	ソアースタミナ上限解放	Tăng giới hạn thể lực bay cao
lang_multi_text.db	Flying_Tip	3.4	Hội thoại/Cốt truyện	Hội thoại/Khác			当前状态下无法使用该功能	You cannot currently use this function	この状態では該当機能を利用できません	Không thể sử dụng chức năng này trong trạng thái hiện tại
lang_multi_text.db	Flying_Tip_001	3.4	Hội thoại/Cốt truyện	Hội thoại/Khác			当前状态无法使用翱翔，已自动切换为滑翔功能	Flight unavailable. Automatically switched to Glide.	この状態ではソアーを利用できないため、滑空に切り替えました	Trạng thái hiện tại không thể sử dụng bay cao, đã tự động chuyển sang chức năng lượn
lang_multi_text.db	Flying_Tip_002	3.4	Hội thoại/Cốt truyện	Hội thoại/Khác			当前状态下无法使用该功能	You cannot currently use this function	この状態では該当機能を利用できません	Không thể sử dụng chức năng này trong trạng thái hiện tại
lang_multi_text.db	Forever	3.4	Hội thoại/Cốt truyện	Hội thoại/Khác			永久	Permanent	永続	Vĩnh viễn
lang_multi_text.db	FormulaLearned	3.4	Hội thoại/Cốt truyện	Hội thoại/Khác			新配方已学习	New Recipe Learned	レシピを習得しました	Đã học công thức mới
lang_multi_text.db	Formula_Spotter_Common	3.4	Hội thoại/Cốt truyện	Hội thoại/Khác			excel公式执行的诱饵，用于导表工具检测csv的字符串是否被excel当做公式处理计算了，不能删除	+{0}		+{0} Mồi nhử thực thi công thức excel, dùng để công cụ xuất bảng kiểm tra xem chuỗi csv có bị excel xử lý và tính toán như công thức hay không, không được xóa
lang_multi_text.db	Formula_Spotter_Public	3.4	Hội thoại/Cốt truyện	Hội thoại/Khác			excel公式执行的诱饵，用于导表工具检测csv的字符串是否被excel当做公式处理计算了，不能删除	+{0}	Excel数式検知用のダミーデータです。CSV文字列が数式として処理されていないか確認するためのものです。	Mồi nhử thực thi công thức excel, dùng để công cụ xuất bảng kiểm tra xem chuỗi csv có bị excel xử lý và tính toán như công thức hay không, không được xóa
lang_multi_text.db	ForwardDeviceDec	3.4	Hội thoại/Cốt truyện	Hội thoại/Khác			移动终点为该格的团子，将向前再移动一格	A Cube that ends its move on this pad is propelled forward to the next pad.	このマスに止まった団子は、さらに1マス進む	Viên kẹo di chuyển tới ô này, sẽ tiếp tục tiến về phía trước thêm một ô
lang_multi_text.db	ForwardDeviceName	3.4	Hội thoại/Cốt truyện	Hội thoại/Khác			推进装置	Thruster	推進装置	Thiết Bị Đẩy
lang_multi_text.db	FragmentCollectProgress	3.4	Hội thoại/Cốt truyện	Hội thoại/Khác			{0}/{1}	{0}/{1}	{0}/{1}	{0}/{1}
lang_multi_text.db	FragmentMemoryCollectProgress	3.4	Hội thoại/Cốt truyện	Hội thoại/Khác			收集进度：{0}/{1}	Collection Progress: {0}/{1}	収集進捗：{0}/{1}	Tiến độ thu thập: {0}/{1}
lang_multi_text.db	FragmentMemoryCollectReward	3.4	Hội thoại/Cốt truyện	Hội thoại/Khác			奖励预览	Rewards Preview	報酬プレビュー	Xem trước phần thưởng
lang_multi_text.db	FragmentMemoryCollectTime	3.4	Hội thoại/Cốt truyện	Hội thoại/Khác			收集时间{0}	Collection Time: {0}	収集時間{0}	Thời gian thu thập {0}
lang_multi_text.db	FragmentMemoryEnterText	3.4	Hội thoại/Cốt truyện	Hội thoại/Khác			前往	Go	開始	Đến
lang_multi_text.db	FragmentMemoryNextAreaTips	3.4	Hội thoại/Cốt truyện	Hội thoại/Khác			下一区域请期待	Next Area Coming Soon	エリアアップデートをお楽しみにしてください	Khu vực tiếp theo vui lòng chờ đón
lang_multi_text.db	FragmentMemoryNotOpen	3.4	Hội thoại/Cốt truyện	Hội thoại/Khác			敬请期待	Coming Soon	お楽しみに	Vui lòng chờ đón
lang_multi_text.db	GamePadMark_Text	3.4	Hội thoại/Cốt truyện	Hội thoại/Khác			控制器：吸附范围	Controller: Cursor Magnetism	コントローラー吸着範囲	Bộ điều khiển: Phạm vi bám dính
lang_multi_text.db	GameplayMark_Reward_Text	3.4	Hội thoại/Cốt truyện	Hội thoại/Khác			概率获得	Possible Rewards	確率で獲得	Xác suất nhận
lang_multi_text.db	GameplayMark_Reward_Tips_Text	3.4	Hội thoại/Cốt truyện	Hội thoại/Khác			奖励待领取	Unclaimed Rewards	報酬未受取	Phần thưởng chưa nhận
lang_multi_text.db	Gameplay_Locked	3.4	Hội thoại/Cốt truyện	Hội thoại/Khác			玩法已结束	The challenge has ended	イベントは終了しました	Cách chơi đã kết thúc
lang_multi_text.db	GeneralLogicTreeGiveUp	3.4	Hội thoại/Cốt truyện	Hội thoại/Khác			点击放弃	Tap to quit	挑戦中止	Nhấp để từ bỏ
lang_multi_text.db	GeographyTabType_1	3.4	Hội thoại/Cốt truyện	Hội thoại/Khác			视迹见证	Vista View	痕跡の追跡	Dấu Tích
lang_multi_text.db	GeographyTabType_2	3.4	Hội thoại/Cốt truyện	Hội thoại/Khác			记录	Record	記録	Ghi chép
lang_multi_text.db	GeographyType_1_TypeDescription	3.4	Hội thoại/Cốt truyện	Hội thoại/Khác			瑝珑	Huanglong	瑝瓏	Hoàng Long
lang_multi_text.db	GeographyType_3_TypeDescription	3.4	Hội thoại/Cốt truyện	Hội thoại/Khác			拉海洛	Lahai-Roi	ラハイロイ	Lahai-Roi
lang_multi_text.db	GetExploreScoreText	3.4	Hội thoại/Cốt truyện	Hội thoại/Khác			已获得评价等级经验{0}	Rank EXP Obtained: {0}	先駆者経験値{0}を獲得しました	Đã nhận EXP Hạng Tiên Phong {0}
lang_multi_text.db	GetOverPower	3.4	Hội thoại/Cốt truyện	Hội thoại/Khác			提取等量结晶单质	Withdraw an equal amount of Waveplate Crystals.	同量の結晶波長体を抽出	Rút số Lõi Kết Tinh bằng lượng
lang_multi_text.db	GivebackTask_Desc1	3.4	Hội thoại/Cốt truyện	Hội thoại/Khác			每登录1天增加10点伴行积分	Each day of login grants 10 Journey Points.	1日ログインするごとに同行ポイント+10	Mỗi ngày đăng nhập tăng 10 Điểm Đồng Hành
lang_multi_text.db	GivebackTask_Desc2	3.4	Hội thoại/Cốt truyện	Hội thoại/Khác			每获得1个5星共鸣者或武器增加100点伴行积分	Each 5-Star Resonator or Weapon acquired grants 100 Journey Points.	星5共鳴者または武器を1つ獲得するごとに同行ポイント+100	Mỗi lần nhận 1 Cộng Hưởng Giả 5 sao hoặc vũ khí tăng 100 Điểm Đồng Hành
lang_multi_text.db	GivebackTask_Desc3	3.4	Hội thoại/Cốt truyện	Hội thoại/Khác			每完成1个成就增加2点伴行积分	Each obtained Trophy grants 2 Journey Points.	実績を1つ達成するごとに同行ポイント+2	Mỗi lần hoàn thành 1 thành tựu tăng 2 Điểm Đồng Hành
lang_multi_text.db	GivebackTask_Reward1	3.4	Hội thoại/Cốt truyện	Hội thoại/Khác			匿于宙海的星光	Concealed Starlight	宇宙の奥に潜む星明かり	Ánh Sao Ẩn Trong Vũ Trụ
lang_multi_text.db	GivebackTask_Reward2	3.4	Hội thoại/Cốt truyện	Hội thoại/Khác			寰星之律	Law of Stars	星巡りの調べ	Giai Điệu Khắp Các Vì Sao
lang_multi_text.db	GivebackTask_Reward3	3.4	Hội thoại/Cốt truyện	Hội thoại/Khác			缀星纺宙之缍	Cosmic Spindle	星屑の糸を引くスピンドル	Trục Quay Điểm Sao Dệt Vũ Trụ
lang_multi_text.db	GivebackTask_RewardDesc1	3.4	Hội thoại/Cốt truyện	Hội thoại/Khác			伴行积分达到3000可领取	Reach 3,000 Journey Points to claim	同行ポイント3000到達で受取可能	Điểm Đồng Hành đạt 3000 có thể nhận
lang_multi_text.db	GivebackTask_RewardDesc2	3.4	Hội thoại/Cốt truyện	Hội thoại/Khác			伴行积分达到5000可领取	Reach 5,000 Journey Points to claim	同行ポイント5000到達で受取可能	Điểm Đồng Hành đạt 5000 có thể nhận
lang_multi_text.db	GivebackTask_RewardDesc3	3.4	Hội thoại/Cốt truyện	Hội thoại/Khác			伴行积分达到10000可领取	Reach 10,000 Journey Points to claim	同行ポイント10000到達で受取可能	Điểm Đồng Hành đạt 10000 có thể nhận
lang_multi_text.db	GivebackTask_Score	3.4	Hội thoại/Cốt truyện	Hội thoại/Khác			伴行积分:<color=#FFD12F>{0}</color>/{1}	Journey Points: <color=#FFD12F>{0}</color>/{1}	同行ポイント：<color=#FFD12F>{0}</color>/{1}	Điểm Đồng Hành: <color=#FFD12F>{0}</color>/{1}
lang_multi_text.db	GivebackTask_Title1	3.4	Hội thoại/Cốt truyện	Hội thoại/Khác			登录游戏	Log in to the game	ゲームにログイン	Đăng nhập game
lang_multi_text.db	GivebackTask_Title2	3.4	Hội thoại/Cốt truyện	Hội thoại/Khác			获得5星共鸣者或武器	Obtain a 5-Star Resonator or Weapon	星5共鳴者/武器を獲得	Nhận Cộng Hưởng Giả 5 sao hoặc vũ khí
lang_multi_text.db	GivebackTask_Title3	3.4	Hội thoại/Cốt truyện	Hội thoại/Khác			完成成就	Obtain a Trophy	実績を達成	Hoàn thành thành tựu
lang_multi_text.db	GlobalFilterFeatureResetTips	3.4	Hội thoại/Cốt truyện	Hội thoại/Khác			已重置当前滤镜设置	Current Filter settings have been reset	現在のフィルター設定をリセットしました	Đã đặt lại cài đặt bộ lọc hiện tại
lang_multi_text.db	GlobalFilterFeatureUseTips	3.4	Hội thoại/Cốt truyện	Hội thoại/Khác			已应用置当前滤镜设置	Current Filter settings applied	現在のフィルター設定を適用しました	Đã áp dụng cài đặt bộ lọc hiện tại
lang_multi_text.db	GlobalFilter_Parameters_01	3.4	Hội thoại/Cốt truyện	Hội thoại/Khác			色温	Color Temperature	色温度	Nhiệt Độ Màu
lang_multi_text.db	GlobalFilter_Parameters_02	3.4	Hội thoại/Cốt truyện	Hội thoại/Khác			亮度	Brightness	明るさ	Độ Sáng
lang_multi_text.db	GlobalFilter_Parameters_03	3.4	Hội thoại/Cốt truyện	Hội thoại/Khác			对比度	Contrast	コントラスト	Độ Tương Phản
lang_multi_text.db	GlobalFilter_Parameters_04	3.4	Hội thoại/Cốt truyện	Hội thoại/Khác			饱和度	Saturation	彩度	Độ Bão Hòa
lang_multi_text.db	GlobalFilter_Parameters_05	3.4	Hội thoại/Cốt truyện	Hội thoại/Khác			灰阶	Grayscale	グレースケール	Cân Bằng Xám
lang_multi_text.db	GlobalFilter_Parameters_06	3.4	Hội thoại/Cốt truyện	Hội thoại/Khác			阴影	Shadows	シャドウ	Bóng Đổ
lang_multi_text.db	GlobalFilter_Parameters_07	3.4	Hội thoại/Cốt truyện	Hội thoại/Khác			泛光	Bloom	ブルーム	Chói Sáng
lang_multi_text.db	GlobalFilter_Parameters_08	3.4	Hội thoại/Cốt truyện	Hội thoại/Khác			晕影	Vignette	ビネット	Làm Mờ Viền
lang_multi_text.db	GlobalFilter_Parameters_09	3.4	Hội thoại/Cốt truyện	Hội thoại/Khác			锐化	Sharpness	シャープネス	Độ Nét
lang_multi_text.db	GlobalFilter_Parameters_10	3.4	Hội thoại/Cốt truyện	Hội thoại/Khác			颗粒	Film Grain	フィルムグレイン	Nhiễu Hạt
lang_multi_text.db	GlobalFliterOpenTips	3.4	Hội thoại/Cốt truyện	Hội thoại/Khác			仅可在待机状态下使用	Available only while characters are in idle state.	待機状態でのみ使用できます	Chỉ có thể dùng trong trạng thái chờ
lang_multi_text.db	GoOnTask	3.4	Hội thoại/Cốt truyện	Hội thoại/Khác			继续推进	Press forward	続行	Tiếp tục
lang_multi_text.db	GoToDownload	3.4	Hội thoại/Cốt truyện	Hội thoại/Khác			前往下载	Go to download	ダウンロードへ	Tới tải về
lang_multi_text.db	GraphicsSetting_DisplaySetting_Disable_Tips	3.4	Hội thoại/Cốt truyện	Hội thoại/Khác			在图像显示模式中开启	Activate in Image Display Mode	表示スタイル設定でオンにできます	Bật trong chế độ hiển thị hình ảnh
lang_multi_text.db	GreatSwordChallengeDescText_Final1	3.4	Hội thoại/Cốt truyện	Hội thoại/Khác			击败梦境中的蚀脊龙	Defeat Corrosaurus in the dream.	夢の中のコロサウルスを倒す	Đánh Bại Khủng Long Ăn Mòn trong giấc mơ
lang_multi_text.db	GreatSwordChallengeDescText_Final2	3.4	Hội thoại/Cốt truyện	Hội thoại/Khác			击败梦境中的荣耀狮像	Defeat Arsinosa in the dream.	夢の中の誉れのライオネスを倒す	Đánh Bại Tượng Sư Tử Vinh Quang trong giấc mơ
lang_multi_text.db	GreatSwordChallengeDescText_Final3	3.4	Hội thoại/Cốt truyện	Hội thoại/Khác			击败梦境中的伪作的神王	Defeat the False Sovereign in the dream.	夢の中の偽りの神王を倒す	Đánh Bại Thần Vương Ngụy Tạo trong giấc mơ
lang_multi_text.db	GreatSwordChallengeDescText_common	3.4	Hội thoại/Cốt truyện	Hội thoại/Khác			在限时内击败梦境中的所有敌人	Defeat all enemies in the dream within the time limit.	制限時間内にすべての敵を倒せ	Đánh Bại tất cả kẻ địch trong giấc mơ trước khi hết giờ
lang_multi_text.db	GreatSwordChallengeMainText_Final	3.4	Hội thoại/Cốt truyện	Hội thoại/Khác			烬潮之梦·终末	Dreams of Cindertide: Finale	灰潮の夢・終末	Giấc Mơ Tàn Tro - Kết Thúc
lang_multi_text.db	GuaiWuJuLuo_MonInfo	3.4	Hội thoại/Cốt truyện	Hội thoại/Khác			出现残象	Tacet Discords	残像が出現	Xuất hiện Tàn Tượng
lang_multi_text.db	GuessJoker_AiSelectText	3.4	Hội thoại/Cốt truyện	Hội thoại/Khác			{0}选择中	{0} is selecting the card	{0}が選択中…	{0} đang chọn
lang_multi_text.db	GuessJoker_Ai_NoPlayCard	3.4	Hội thoại/Cốt truyện	Hội thoại/Khác			对手没有可以打出的牌	Your opponent has no playable cards	相手は捨てられるカードを持っていません	Đối thủ không có bài có thể đánh
lang_multi_text.db	GuessJoker_ConfirmText	3.4	Hội thoại/Cốt truyện	Hội thoại/Khác			邀请{0}	Invite {0} to play	{0}を誘う	Mời {0}
lang_multi_text.db	GuessJoker_DrawBlankCardTipText	3.4	Hội thoại/Cốt truyện	Hội thoại/Khác			{0}抽到变化牌	{0} drew a Wild Card	{0}が変化カードを引いた	{0} rút được thẻ Đổi Lượt
lang_multi_text.db	GuessJoker_DrawJokerTipText	3.4	Hội thoại/Cốt truyện	Hội thoại/Khác			{0}抽到无冠者牌，失去1点生命	{0} drew a Crownless Card and loses 1 HP	{0}は無冠者カードを引いたことで、HPを1pt失った	{0} rút được thẻ Vô Quán Giả, mất 1 HP
lang_multi_text.db	GuessJoker_EndLow_LoseText	3.4	Hội thoại/Cốt truyện	Hội thoại/Khác			略逊一筹	Narrowly Lost	惜敗	Thua Sát Nút
lang_multi_text.db	GuessJoker_EndLow_WinText	3.4	Hội thoại/Cốt truyện	Hội thoại/Khác			艰难取胜	Narrowly Won	辛勝	Thắng Sát Nút
lang_multi_text.db	GuessJoker_EndNormal_LoseText	3.4	Hội thoại/Cốt truyện	Hội thoại/Khác			失败	You Lose	敗北	Thất bại
lang_multi_text.db	GuessJoker_EndNormal_WinText	3.4	Hội thoại/Cốt truyện	Hội thoại/Khác			胜利	You Win	勝利	Chiến thắng
lang_multi_text.db	GuessJoker_HpZeroTipText	3.4	Hội thoại/Cốt truyện	Hội thoại/Khác			{0}抽到无冠者牌，已失去全部生命	{0} drew a Crownless Card and loses all HP	{0}は無冠者カードを引いたことで、HPをすべて失った	{0} rút được thẻ Vô Quán Giả, đã mất toàn bộ HP
lang_multi_text.db	GuessJoker_JiabeilinaLockText	3.4	Hội thoại/Cốt truyện	Hội thoại/Khác			与今汐完成一局游戏后解锁	Play a game with Jinhsi to unlock	今汐との対戦を1回完了後に解放	Hoàn thành một ván trò chơi với Jinhsi để mở khóa
lang_multi_text.db	GuessJoker_JinxiLockText	3.4	Hội thoại/Cốt truyện	Hội thoại/Khác			默认解锁	Unlocked by default	初期状態で解放済み	Mở khóa mặc định
lang_multi_text.db	GuessJoker_LuhesiLockText	3.4	Hội thoại/Cốt truyện	Hội thoại/Khác			与嘉贝莉娜完成一局游戏后解锁	Play a game with Galbrena to unlock	ガルブレーナとの対戦を1回完了後に解放	Hoàn thành một ván trò chơi với Galbrena để mở khóa
lang_multi_text.db	GuessJoker_NotUseSkill	3.4	Hội thoại/Cốt truyện	Hội thoại/Khác			放弃使用技能「{0}」	Do not use {0}	スキル「{0}」を発動しない	Từ bỏ sử dụng kỹ năng "{0}"
lang_multi_text.db	GuessJoker_PlayCardConfirmText	3.4	Hội thoại/Cốt truyện	Hội thoại/Khác			打出所有对子	Play all pairs	すべてのペアを捨てる	Đánh tất cả các đôi
lang_multi_text.db	GuessJoker_Player_GiveUpPlayCard	3.4	Hội thoại/Cốt truyện	Hội thoại/Khác			我方放弃使用技能	You chose not to use the skill	味方はスキル使用を放棄	Phe ta từ bỏ sử dụng kỹ năng
lang_multi_text.db	GuessJoker_Player_NoPlayCard	3.4	Hội thoại/Cốt truyện	Hội thoại/Khác			我方没有可以打出的牌	You have no card to play	自分に出せるカードがありません	Phe ta không có bài có thể đánh
lang_multi_text.db	GuessJoker_Player_NoUseSkill	3.4	Hội thoại/Cốt truyện	Hội thoại/Khác			放弃使用技能「即刻否决」	Do not use Instant Veto	スキル「即時拒否」を発動しない	Từ bỏ sử dụng kỹ năng "Phủ Quyết Tức Thì"
lang_multi_text.db	GuessJoker_Player_NotUseSkill	3.4	Hội thoại/Cốt truyện	Hội thoại/Khác			放弃使用技能「即刻否决」	Do not use Instant Veto	スキル「即時拒否」を発動しない	Từ bỏ sử dụng kỹ năng "Phủ Quyết Tức Thì"
lang_multi_text.db	GuessJoker_RematchConfirmText	3.4	Hội thoại/Cốt truyện	Hội thoại/Khác			再次邀请{0}	Invite {0} again	再度{0}を誘う	Mời {0} lại lần nữa
lang_multi_text.db	GuessJoker_SkillDescLockText	3.4	Hội thoại/Cốt truyện	Hội thoại/Khác			？？？\n 与当前邀约共鸣者完成一局纸牌游戏即可解锁	???\nComplete a game with the currently invited Resonator to unlock	？？？\n招待した共鳴者との対戦を1回完了すると解放	???\n Hoàn thành một ván bài với Cộng Hưởng Giả được mời hiện tại để mở khóa
lang_multi_text.db	GuessJoker_SkillNameLockText	3.4	Hội thoại/Cốt truyện	Hội thoại/Khác			？？？	???	？？？	???
lang_multi_text.db	GuessJoker_WinText	3.4	Hội thoại/Cốt truyện	Hội thoại/Khác			{0}获胜	{0} Wins	{0}の勝利	{0} giành chiến thắng
lang_multi_text.db	HandBookEntrance_0_Name	3.4	Hội thoại/Cốt truyện	Hội thoại/Khác			千般强敌	Enemies	敵意の喧騒	Kẻ Địch
lang_multi_text.db	HandBookEntrance_11_Name	3.4	Hội thoại/Cốt truyện	Hội thoại/Khác			万象见闻	Archives	ソラリス事典	Kiến Thức
lang_multi_text.db	HandBookEntrance_1_Name	3.4	Hội thoại/Cốt truyện	Hội thoại/Khác			鸣声束骸	Echoes	音の形骸	Bách Echo
lang_multi_text.db	HandBookEntrance_2_Name	3.4	Hội thoại/Cốt truyện	Hội thoại/Khác			地域风光	Sceneries	天地万物の一瞬	Cảnh Sắc
lang_multi_text.db	HandBookEntrance_3_Name	3.4	Hội thoại/Cốt truyện	Hội thoại/Khác			百战锻形	Weapons	武器図鑑	Vũ Khí
lang_multi_text.db	HandBookEntrance_4_Name	3.4	Hội thoại/Cốt truyện	Hội thoại/Khác			百种生灵	Creatures	命の鼓動	Trăm Sinh Linh
lang_multi_text.db	HandBookEntrance_5_Name	3.4	Hội thoại/Cốt truyện	Hội thoại/Khác			存世风物	Items	ソラ風物詩	Vạn Vật Phẩm
lang_multi_text.db	HandBookEntrance_6_Name	3.4	Hội thoại/Cốt truyện	Hội thoại/Khác			残鸣余律	Records	消えぬ余韻	Sách Tàn Minh
lang_multi_text.db	HandBookEntrance_7_Name	3.4	Hội thoại/Cốt truyện	Hội thoại/Khác			往昔留影	Main Story	在りし日の影	Nhiệm Vụ Hồi Tưởng
lang_multi_text.db	HandBookRoleGetDate	3.4	Hội thoại/Cốt truyện	Hội thoại/Khác			共鸣日期：	Resonance Date:	共鳴日：	Ngày cộng hưởng:
lang_multi_text.db	HandBookRoleTitle	3.4	Hội thoại/Cốt truyện	Hội thoại/Khác			群星交错	Crossing Stars	交錯する星群れ	Nhân Vật
lang_multi_text.db	HandBook_Prefab_BossGymTitle	3.4	Hội thoại/Cốt truyện	Hội thoại/Khác			全息战略	Tactical Hologram	ホロタクティクス	Chiến Lược Ba Chiều
lang_multi_text.db	HandBook_Prefab_BtnBossGymRecrod	3.4	Hội thoại/Cốt truyện	Hội thoại/Khác			挑战记录	Record	挑戦履歴	Ghi Chép Thử Thách
lang_multi_text.db	HandBook_Prefab_BtnDoing	3.4	Hội thoại/Cốt truyện	Hội thoại/Khác			进行中	Ongoing	進行中	Đang thực hiện
lang_multi_text.db	HandBook_Prefab_BtnFinish	3.4	Hội thoại/Cốt truyện	Hội thoại/Khác			未完成	Not Completed	未完成	Chưa hoàn thành
lang_multi_text.db	HandBook_Prefab_BtnGetReward	3.4	Hội thoại/Cốt truyện	Hội thoại/Khác			领取	Claim	受取	Nhận
lang_multi_text.db	HandBook_Prefab_BtnGo	3.4	Hội thoại/Cốt truyện	Hội thoại/Khác			前往	Go	開始	Đến
lang_multi_text.db	HandBook_Prefab_TutorRole	3.4	Hội thoại/Cốt truyện	Hội thoại/Khác			角色教学	Resonator Skill Tutorial	チュートリアルダンジョン	Hướng dẫn nhân vật
lang_multi_text.db	HandBook_Prefab_TutorSkill	3.4	Hội thoại/Cốt truyện	Hội thoại/Khác			技巧训练	Skill Training	技術トレーニング	Huấn luyện kỹ năng
lang_multi_text.db	HaveAllReward	3.4	Hội thoại/Cốt truyện	Hội thoại/Khác			已领取当前区域全部奖励	All rewards in the current area have been claimed.	現在エリアの全報酬を受取済みです	Đã nhận toàn bộ phần thưởng khu vực hiện tại
lang_multi_text.db	HaveDownLoadRes	3.4	Hội thoại/Cốt truyện	Hội thoại/Khác			已下载	Downloaded	ダウンロード済み	Đã tải xuống
lang_multi_text.db	HaveEmptyPlayer	3.4	Hội thoại/Cốt truyện	Hội thoại/Khác			还有未上场的共鸣者，是否确认开始挑战	There are still undeployed Resonators. Are you sure you want to start the challenge?	まだ未編成の枠があります、このまま挑戦を開始しますか？	Vẫn còn Cộng Hưởng Giả chưa ra trận, có chắc chắn bắt đầu khiêu chiến không
lang_multi_text.db	HaveReceiveRewrad	3.4	Hội thoại/Cốt truyện	Hội thoại/Khác			奖励已领取	Claimed	報酬獲得	Đã nhận thưởng
lang_multi_text.db	HealthyTips_text	3.4	Hội thoại/Cốt truyện	Hội thoại/Khác			您的游玩时长已经达到3小时，请注意休息	You have been playing for 3 hours. Please don't forget to take a break.	プレイ時間が3時間超えました。適宜に休憩を挟むことをお勧めします。	Thời gian chơi của bạn đã đạt 3 giờ, vui lòng chú ý nghỉ ngơi
lang_multi_text.db	High_Definition_Quality_2	3.4	Hội thoại/Cốt truyện	Hội thoại/Khác			高清画质（2x）	High (2x)	高画質（2x）	Chất Lượng Tranh Siêu Cao (2x)
lang_multi_text.db	HomeBtnTips_Unavailable	3.4	Hội thoại/Cốt truyện	Hội thoại/Khác			当前状态下暂不可用	Currently not accessible	この状態で使用できません	Hiện trạng thái này tạm không khả dụng
lang_multi_text.db	HotDesc_2.6	3.4	Hội thoại/Cốt truyện	Hội thoại/Khác			焚烬值满时，进入焚潮状态，处于焚潮状态时造成伤害提升60%，焚潮状态持续30秒。	At max Ember, enter the Burning Waves state and deal 60% extra DMG for 30s.	フレイム値満タン時、30秒間持続する炎潮状態に入り、炎潮状態中は与ダメージが60%アップ	Khi Điểm Phần Tẫn đầy, vào trạng thái Phần Triều, tăng 60% sát thương gây ra, trạng thái Phần Triều kéo dài 30 giây.
lang_multi_text.db	HotDesc_3.1	3.4	Hội thoại/Cốt truyện	Hội thoại/Khác			焚烬值满时，进入焚潮状态，攻击命中敌人后，敌人5秒内受到最终伤害提升60%，焚潮状态持续30秒。	At max Ember, enter the Burning Waves state, enemies take 60% more Total DMG for 5s on hit. This state lasts for 30s.	フレイム値満タン時、30秒間持続する炎潮状態に入る。炎潮状態中に攻撃が命中した敵は、5秒間受ける最終ダメージが60%アップ。	Khi Điểm Phần Tẫn đầy, vào trạng thái Phần Triều, sau khi tấn công trúng kẻ địch, sát thương cuối cùng kẻ địch phải chịu tăng 60% trong 5 giây, trạng thái Phần Triều kéo dài 30 giây.
lang_multi_text.db	HotDesc_3.4	3.4	Hội thoại/Cốt truyện	Hội thoại/Khác			焚烬值满时，进入焚潮状态，攻击命中敌人后，敌人5秒内受到伤害最终提升60%，焚潮状态持续30秒。	The Burning Waves state starts when Ember is full, which lasts for 30s. During this state, attacks that hit enemies cause them to take 60% more Total DMG for 5s.	フレイム値満タン時、30秒間持続する炎潮状態に入る。炎潮状態中に攻撃が命中した敵は、5秒間受ける最終ダメージが60%アップ。	Khi điểm Tro Tàn đầy, tiến vào Trạng Thái Triều Thiêu, sau khi tấn công đánh trúng kẻ địch, trong 5 giây kẻ địch nhận sát thương cuối cùng tăng 60%, Trạng Thái Triều Thiêu kéo dài 30 giây.
lang_multi_text.db	HpFull	3.4	Hội thoại/Cốt truyện	Hội thoại/Khác			生命值已满	Health is full	HPが上限に達しました	Sinh lực đã đầy
lang_multi_text.db	HttpNoHealthyGamesvr	3.4	Hội thoại/Cốt truyện	Hội thoại/Khác			网络异常，请重新尝试。	No Healthy Game Server Nodes	ネットエラーです。再度お試しください	Mạng bất thường, vui lòng thử lại.
lang_multi_text.db	HuangLongExploreLevelReward_Text	3.4	Hội thoại/Cốt truyện	Hội thoại/Khác			瑝珑先行公约奖励	Huanglong Pioneer Association Reward	瑝瓏先駆条約報酬	Phần thưởng Hiệp Ước Tiên Phong Hoàng Long
lang_multi_text.db	IOSCannotUseTips	3.4	Hội thoại/Cốt truyện	Hội thoại/Khác			当前为试玩关卡，功能暂不可用	This ia a preview level. This function is temporarily unavailable.	お試しステージのため、この機能は利用できません	Hiện đang là ải chơi thử, tính năng tạm thời không khả dụng
lang_multi_text.db	Ichiban_Kuji_NotEnoughTips	3.4	Hội thoại/Cốt truyện	Hội thoại/Khác			呜呜邮币不足	Insufficient Lollo Stamps	ブブコインが不足しています	Không đủ Xu Lollo
lang_multi_text.db	Ichiban_Kuji_Progress_Reward	3.4	Hội thoại/Cốt truyện	Hội thoại/Khác			奖励进度：<color=#fccf2c>{0}</color>/{1}	Reward Progress: <color=#fccf2c>{0}</color>/{1}	報酬進捗：<color=#fccf2c>{0}</color>/{1}	Tiến độ thưởng: <color=#fccf2c>{0}</color>/{1}
lang_multi_text.db	Ichiban_Kuji_Progress_Task	3.4	Hội thoại/Cốt truyện	Hội thoại/Khác			当前进度（{0}/{1}）	Current Progress ({0}/{1})	現在進捗（{0}/{1}）	Tiến độ hiện tại ({0}/{1})
lang_multi_text.db	Ichiban_Kuji_SkipMainViewTips	3.4	Hội thoại/Cốt truyện	Hội thoại/Khác			前往	Go	進む	Đến
lang_multi_text.db	Ichiban_Kuji_TearAgain	3.4	Hội thoại/Cốt truyện	Hội thoại/Khác			再来一张	Peel again	もう一枚	Làm lại một thẻ
lang_multi_text.db	Ichiban_Kuji_TearConfirm	3.4	Hội thoại/Cốt truyện	Hội thoại/Khác			向左滑动刮开	Swipe left to peel off	左にめくる	Vuốt sang trái để cào
lang_multi_text.db	Ichiban_Kuji_confirm	3.4	Hội thoại/Cốt truyện	Hội thoại/Khác			确认	Confirm	確認	Xác nhận
lang_multi_text.db	Id	3.4	Hội thoại/Cốt truyện	Hội thoại/Khác			zh-Hans	zh-Hans	ja	Tiếng Trung Giản Thể
lang_multi_text.db	IdentifyComplete	3.4	Hội thoại/Cốt truyện	Hội thoại/Khác			已完成全部调谐	All Tunings Completed	チューニング済み	Đã hoàn thành tất cả điều chỉnh
lang_multi_text.db	IdentifyCount	3.4	Hội thoại/Cốt truyện	Hội thoại/Khác			调谐次数：{0}	Tuning Attempts: {0}	チューニング回数：{0}	Số lần điều chỉnh: {0}
lang_multi_text.db	IdentifyItem	3.4	Hội thoại/Cốt truyện	Hội thoại/Khác			调谐材料	Tuning Material	チューニング素材	Nguyên liệu điều chỉnh
lang_multi_text.db	IdentifyNeedLevelText	3.4	Hội thoại/Cốt truyện	Hội thoại/Khác			强化至+{0}可解锁声骸调谐	Upgrade to +{0} to Unlock Tuning	+{0}強化で音骸チューニングを解放	Cường hóa đến +{0} sẽ mở khóa điều chỉnh Echo
lang_multi_text.db	IdentifyNotEnough	3.4	Hội thoại/Cốt truyện	Hội thoại/Khác			材料不足	Insufficient Materials	素材が足りません	Không đủ nguyên liệu
lang_multi_text.db	IdentifyNotEnoughMoney	3.4	Hội thoại/Cốt truyện	Hội thoại/Khác			调谐所需贝币不足	Insufficent Shell Credit	チューニングに必要なシェルコインが不足しています	Không đủ Tiền Tệ cần cho điều chỉnh
lang_multi_text.db	IdentifySuccess	3.4	Hội thoại/Cốt truyện	Hội thoại/Khác			调谐成功	Tuning Successful	チューニング完了	Điều chỉnh thành công
lang_multi_text.db	IdentifyText	3.4	Hội thoại/Cốt truyện	Hội thoại/Khác			调谐	Tuning	チューニング	Điều chỉnh
lang_multi_text.db	ImageColorSettingBtn_Text1	3.4	Hội thoại/Cốt truyện	Hội thoại/Khác			重置	Reset	リセット	Đặt lại
lang_multi_text.db	ImageColorSettingBtn_Text2	3.4	Hội thoại/Cốt truyện	Hội thoại/Khác			确认	Confirm	決定	Xác nhận
lang_multi_text.db	ImageColorSetting_Text	3.4	Hội thoại/Cốt truyện	Hội thoại/Khác			图像颜色修改已应用	Color settings have been applied	カラー設定の変更を適用しました	Sửa đổi màu hình ảnh đã áp dụng
lang_multi_text.db	ImageSetting_AppledRec	3.4	Hội thoại/Cốt truyện	Hội thoại/Khác			已应用推荐设置	Recommended Settings Applied	おすすめ設定適用済み	Đã áp dụng cài đặt đề xuất
lang_multi_text.db	ImageSetting_ApplyRec	3.4	Hội thoại/Cốt truyện	Hội thoại/Khác			应用推荐设置	Apply Recommended Settings	おすすめ設定を適用	Áp dụng cài đặt đề xuất
lang_multi_text.db	Influence_0_Title	3.4	Hội thoại/Cốt truyện	Hội thoại/Khác			随机势力	Random Force	ランダム勢力	Thế lực ngẫu nhiên
lang_multi_text.db	Influence_1_ExtraDesc	3.4	Hội thoại/Cốt truyện	Hội thoại/Khác			瑝珑分部	Huanglong Division	瑝瓏分所	Phân bộ Hoàng Long
lang_multi_text.db	Influence_1_Introduction	3.4	Hội thoại/Cốt truyện	Hội thoại/Khác			先行公约原名寰宇地理协会，是成立于悲鸣前的科学与教育组织。\n在退潮期后，先约与科学家、摄影师和记者群体合作，继续探索灾后的神秘世界，并通过杂志、地图、书籍、实地娱乐体验项目、以及交互式媒体将发现分享给大众，在六大地区吸引了广大的粉丝群体。	The Pioneer Association, originally known as the Universal Geography Association, is a scientific and educational organization established before the Lament.\n\nAfter the Ebb Tide, the Association collaborated with scientists, photographers, and journalists to continue exploring the mysterious world after the disaster, and shared the discoveries with the public through magazines, maps, books, on-site entertainment experience projects, and interactive media, attracting a large fan base in the six regions.	先駆条約（元ユニバース地理協会）は、悲鳴の前に結成された科学・教育組織。\n低潮期において、先駆条約が科学者、カメラマンや記者たちと協力関係を築き、被災地を探索・研究し、そして雑誌、地図、書籍、実地調査やマルチメディアなどの方法で研究結果などを大衆に拡散し、瞬く間に六国で大量のファンができた。	Hiệp Ước Tiên Phong tiền thân là Hiệp hội Địa lý Hoàn Vũ, là tổ chức giáo dục và khoa học được thành lập trước Bi Minh.\nSau khi thủy triều rút, tiên phong hợp tác với các nhà khoa học, nhiếp ảnh gia và phóng viên, tiếp tục khám phá thế giới bí ẩn sau thảm họa, và chia sẻ những phát hiện này với công chúng thông qua tạp chí, bản đồ, sách báo, các dự án trải nghiệm giải trí thực địa, cũng như các phương tiện truyền thông tương tác, thu hút được một lượng lớn người hâm mộ ở sáu khu vực lớn.
lang_multi_text.db	Influence_1_Title	3.4	Hội thoại/Cốt truyện	Hội thoại/Khác			先行公约	Pioneer Association	先駆条約	Hiệp Ước Tiên Phong
lang_multi_text.db	Influence_2_ExtraDesc	3.4	Hội thoại/Cốt truyện	Hội thoại/Khác			瑝珑分部	Huanglong Division	瑝瓏分所	Phân bộ Hoàng Long
lang_multi_text.db	Influence_2_Introduction	3.4	Hội thoại/Cốt truyện	Hội thoại/Khác			业务遍布全球的运输企业，承担过许多重要而危险的运输任务，深受多方信任。秉持“和气生财”的理念，吱吱快运及旗下成员都会主动避免用武力解决问题。	Lollo Logistics is a widely respected global transportation company, known for successfully handling high-risk transportation assignments. Their philosophy of "harmony brings wealth" guides their team in choosing peaceful resolutions to any challenges they may face.	業務範囲は世界中にも及ぶ物流企業。危険かつ重要な輸送任務を大量にこなしてきた実績を持っており、	Là doanh nghiệp vận tải có hoạt động trên toàn thế giới, từng đảm nhận nhiều nhiệm vụ vận chuyển quan trọng và nguy hiểm, được nhiều bên tin tưởng. Với triết lý "hòa khí sinh tài", Chuyển phát Lollo và các thành viên trực thuộc luôn chủ động tránh giải quyết vấn đề bằng bạo lực.
lang_multi_text.db	Influence_2_Title	3.4	Hội thoại/Cốt truyện	Hội thoại/Khác			吱吱快运	Lollo Logistics	チチ物流	Chuyển phát Lollo
lang_multi_text.db	Influence_3_Introduction	3.4	Hội thoại/Cốt truyện	Hội thoại/Khác			以蛟龙修理厂为据点，活跃在瑝珑各地的发明爱好者团体，因崇尚帮派文化自称为蛟龙帮。爱好：拉投资。特长：惹事生非。	The Cruising Drake, a group of inventors and enthusiasts scattered throughout Huanglong, set up shop in the bustling Jiaolong Repair Shop. They are known for their love of gang culture and their ability to raise funds for their ventures. Their specialties include causing mischief and creating innovative inventions.	蛟龍修理工場に拠点を置き、瑝瓏の各地で活動する発明愛好家で結成された団体。ギャング文化から「蛟龍団」と名乗っている。趣味：投資勧誘。特技：嫌がらせ。	Lấy Xưởng Sửa Chữa Giao Long làm căn cứ, nhóm đam mê phát minh hoạt động khắp nơi ở Hoàng Long, vì sùng bái văn hóa bang phái nên tự xưng là Bang Giao Long. Sở thích: Kêu gọi đầu tư. Sở trường: Gây rối.
lang_multi_text.db	Influence_3_Title	3.4	Hội thoại/Cốt truyện	Hội thoại/Khác			蛟龙帮	Cruising Drake	蛟龍団	Bang Giao Long
lang_multi_text.db	Influence_4_Introduction	3.4	Hội thoại/Cốt truyện	Hội thoại/Khác			流放者是各国对游荡在城市外以犯罪和拾荒方式为生的团体的统称。流放者没有统一的组织架构，每个营地之中战力最强的人会作为首领发号施令。在瑝珑地区，他们主要集中在无明湾中，因人数众多理念不同，已经形成了两个帮派，其中的“猪婆帮”出于某些原因，对外来者似乎没有那么排斥。	Exiles is the general term for groups of people who wander outside the city and live by crime and scavenging. The Exiles do not have a unified organizational structure, and the strongest person in each camp will act as the leader to give orders. In the Huanglong area, they are mainly concentrated in the Wuming Bay. Due to the large number of people and different ideas, two gangs have been formed. The "Boar Gang", for some reasons, seems to be not so repulsive to outsiders.	追放者とは、集落の外を放浪し、犯罪や廃品回収で生計を立てている集団の総称である。追放者には統一された組織がなく、強者がリーダーとしてそれぞれの団体を統率する。瑝瓏では、主に無明の湾岸に集中しており、理念の違いから、自然発生的に2つの組織を形成している。そのうちの1つである「豚婆一味」は、ある理由でさほど排他的ではないらしい。	Kẻ Lưu Đày là tên gọi chung của các quốc gia dành cho những nhóm lang thang ngoài thành phố sống bằng nghề tội phạm và nhặt rác. Kẻ Lưu Đày không có cơ cấu tổ chức thống nhất, người mạnh nhất trong mỗi doanh trại sẽ làm thủ lĩnh ra lệnh. Ở khu vực Hoàng Long, họ chủ yếu tập trung ở Vịnh Vô Minh, do số lượng đông và ý tưởng khác nhau nên đã hình thành hai bang phái, trong đó "Bang Heo Rừng" vì một số lý do, dường như không quá bài xích người ngoài.
lang_multi_text.db	Influence_4_Title	3.4	Hội thoại/Cốt truyện	Hội thoại/Khác			流放者-猪婆帮	Exiles - Boar Gang	追放者 - 豚婆衆	Kẻ Lưu Đày - Bang Heo Rừng
lang_multi_text.db	Influence_998_Introduction	3.4	Hội thoại/Cốt truyện	Hội thoại/Khác			游走于世界各地秘密结社，组织中对力量与进化的崇拜近乎病态，目前可知该组织成员外形相对诡异，更多的情报尚在调查中。	A clandestine organization with an extreme obsession with power and progress that borders on macabre. The Fractsidus members are rumored to possess an unusual appearance, but further details are still being uncovered through ongoing investigations.	世界中を徘徊する秘密結社。力と進化を病ほどに崇拝しており、その構成員の殆が不気味な外見を持つ。これ以上の情報はまだ調査中である。	Hiệp hội bí mật hoạt động khắp nơi trên thế giới, sự sùng bái sức mạnh và tiến hóa trong tổ chức gần như bệnh hoạn, hiện tại được biết ngoại hình của các thành viên tổ chức khá kỳ dị, thông tin chi tiết hơn vẫn đang được điều tra.
lang_multi_text.db	Influence_998_Title	3.4	Hội thoại/Cốt truyện	Hội thoại/Khác			残星会	Fractsidus	残星組織	Hội Tàn Tinh
lang_multi_text.db	Influence_999_Introduction	3.4	Hội thoại/Cốt truyện	Hội thoại/Khác			以黑海岸之名建立神秘的救世组织，游走在世界最险恶之地，不断集聚同伴，始终怀抱理想主义的热火，拯救这个摇摇欲坠的世界。黑海岸的成员与被邀请登岛的客人，都会佩戴一朵黑花作为信物。	The Black Shores are a mysterious organization dedicated to saving the world from destruction. They travel to the most perilous places, recruiting brave allies and never losing their idealistic passion. Those who join or are invited to their island will don the emblem of a Blake Bloom as a symbol of their membership.	「黒海岸」の名のもとに神秘的な救世組織を設立し、世界の最も危険な地に立ち、仲間を集め続け、理想主義の熱い炎をいつも胸に秘め、揺れ動く世界を救い出す。黒海岸のメンバーや、招かれた客は、黒い花を身につけている。	Tổ chức cứu thế bí ẩn được thành lập dưới danh nghĩa Bờ Biển Đen, đi đến những nơi hiểm ác nhất thế giới, không ngừng tập hợp đồng bọn, luôn ấp ủ ngọn lửa nhiệt huyết của chủ nghĩa lý tưởng, cứu vớt thế giới đang lung lay này. Thành viên của Bờ Biển Đen và những vị khách được mời lên đảo đều sẽ đeo một bông hoa đen làm tín vật.
lang_multi_text.db	Influence_999_Title	3.4	Hội thoại/Cốt truyện	Hội thoại/Khác			黑海岸	The Black Shores	黒海岸	Bờ Biển Đen
lang_multi_text.db	InfrNotOpen_Text	3.4	Hội thoại/Cốt truyện	Hội thoại/Khác			完成道引任务「开辟测界之路」后开启	Complete Tutorial Quests "Operation: Frontier Renewal” to unlock	道標任務「観測への道の開拓」をクリア後解放	Mở sau khi hoàn thành nhiệm vụ dẫn lối "Khai Mở Con Đường Đo Lường Khu Vực"
lang_multi_text.db	InpuBoxText_DungeonEntrance	3.4	Hội thoại/Cốt truyện	Hội thoại/Khác			武器及技能材料	Weapon and Skill Materials	武器・スキル素材	Nguyên Liệu Vũ Khí và Kỹ Năng
lang_multi_text.db	InpuBoxText_DungeonEntrance_1	3.4	Hội thoại/Cốt truyện	Hội thoại/Khác			武器及技能材料·迅刀	Weapon and Skill Materials: Sword	武器、スキル素材・迅刀	Nguyên Liệu Vũ Khí và Kỹ Năng - Kiếm
lang_multi_text.db	InpuBoxText_DungeonEntrance_2	3.4	Hội thoại/Cốt truyện	Hội thoại/Khác			武器及技能材料·音感仪	Weapon and Skill Materials: Rectifier	武器、スキル素材・増幅器	Nguyên Liệu Vũ Khí và Kỹ Năng - Rectifier
lang_multi_text.db	InpuBoxText_DungeonEntrance_3	3.4	Hội thoại/Cốt truyện	Hội thoại/Khác			武器及技能材料·长刃	Weapon and Skill Materials: Broadblade	武器、スキル素材・長刃	Nguyên Liệu Vũ Khí và Kỹ Năng - Đại Kiếm
lang_multi_text.db	InpuBoxText_DungeonEntrance_4	3.4	Hội thoại/Cốt truyện	Hội thoại/Khác			武器及技能材料·臂铠	Weapon and Skill Materials: Gauntlets	武器、スキル素材・手甲	Nguyên Liệu Vũ Khí và Kỹ Năng - Găng Tay
lang_multi_text.db	InpuBoxText_DungeonEntrance_5	3.4	Hội thoại/Cốt truyện	Hội thoại/Khác			武器及技能材料·佩枪	Weapon and Skill Materials: Pistols	武器、スキル素材・拳銃	Nguyên Liệu Vũ Khí và Kỹ Năng - Súng Lục
lang_multi_text.db	InpuBoxText_Schedule	3.4	Hội thoại/Cốt truyện	Hội thoại/Khác			当前进度	Current Progress	現在進捗	Tiến Độ Hiện Tại
lang_multi_text.db	InpuBoxText_TacetField	3.4	Hội thoại/Cốt truyện	Hội thoại/Khác			声骸套装	Echo Set	音骸セット	Bộ Echo
lang_multi_text.db	InpuBoxText_TutorRole	3.4	Hội thoại/Cốt truyện	Hội thoại/Khác			在模拟领域内学习指定共鸣者的战斗技巧	Master Resonator skills in the Simulations	仮想訓練を通じて特定の共鳴者のチュートリアルを行う	Học kỹ năng chiến đấu của Cộng Hưởng Giả chỉ định trong khu vực mô phỏng
lang_multi_text.db	InpuBoxText_TutorSkill	3.4	Hội thoại/Cốt truyện	Hội thoại/Khác			在模拟领域内学习基础的战斗技巧	Master basic combat skills in the Simulations	仮想訓練を通じて基本チュートリアルを行う	Học kỹ năng chiến đấu cơ bản trong khu vực mô phỏng
lang_multi_text.db	InteractProhibitTips_Motor	3.4	Hội thoại/Cốt truyện	Hội thoại/Khác			需离开科考摩托才可进行交互	Dismount before interacting	バイクを降りてから操作してください	Cần rời khỏi xe máy khảo sát mới có thể tương tác
lang_multi_text.db	InventoryToGift_GiftNotFound	3.4	Hội thoại/Cốt truyện	Hội thoại/Khác			尚未拥有对应物资箱	You don't have the corresponding Supply Pack.	指定のパックを所持していません	Chưa sở hữu hộp vật tư tương ứng
lang_multi_text.db	IsInViewText	3.4	Hội thoại/Cốt truyện	Hội thoại/Khác			已处于查找目标界面，无法继续跳转	Already in the target interface. Unable to redirect further.	すでに特定画面にいるため、移動できませんでした	Đã ở giao diện tìm kiếm mục tiêu, không thể tiếp tục chuyển hướng
lang_multi_text.db	ItemCdTime_Day	3.4	Hội thoại/Cốt truyện	Hội thoại/Khác			{0}day	{0}d 	{0}日	{0}d 
lang_multi_text.db	ItemCdTime_Hour	3.4	Hội thoại/Cốt truyện	Hội thoại/Khác			{0}h	{0}h	{0}時	{0}h
lang_multi_text.db	ItemCdTime_Minute	3.4	Hội thoại/Cốt truyện	Hội thoại/Khác			{0}min	{0}min	{0}分	{0} phút
lang_multi_text.db	ItemCdTime_Second	3.4	Hội thoại/Cốt truyện	Hội thoại/Khác			{0}s	{0}s	{0}秒	{0}s
lang_multi_text.db	ItemConsumption_Talent	3.4	Hội thoại/Cốt truyện	Hội thoại/Khác			{0}不足	Insufficient {0}	{0}が足りません	Không đủ {0}
lang_multi_text.db	ItemCountNotEnough	3.4	Hội thoại/Cốt truyện	Hội thoại/Khác			<color=#c25757>{0}</color>	<color=#c25757>{0}</color>	<color=#c25757>{0}</color>	<color=#c25757>{0}</color>
lang_multi_text.db	ItemCountSelected	3.4	Hội thoại/Cốt truyện	Hội thoại/Khác			<color=#e1ac68>{0}</color>/{1}	<color=#e1ac68>{0}</color>/{1}	<color=#e1ac68>{0}</color>/{1}	<color=#e1ac68>{0}</color>/{1}
lang_multi_text.db	ItemDes_3_4_001	3.4	Hội thoại/Cốt truyện	Hội thoại/Khác			通往广场的大门通行证，上面的图案中记述了一段关于崇拜与误会的往事	A visitor pass for the gate at the market. The image on it depicts a tale from the past about admiration and misunderstanding.	広場へと続くゲートの通行パス。表面には、崇拝と誤解にまつわる過去の出来事が記されている。	Giấy thông hành cổng lớn dẫn tới quảng trường, hình ảnh trên đó ghi lại một chuyện xưa về sự sùng bái và hiểu lầm
lang_multi_text.db	ItemMainType_1_Name	3.4	Hội thoại/Cốt truyện	Hội thoại/Khác			补给	Supplies	補給品	Tiếp Tế
lang_multi_text.db	ItemMainType_2_Name	3.4	Hội thoại/Cốt truyện	Hội thoại/Khác			武器	Weapons	武器	Vũ Khí
lang_multi_text.db	ItemMainType_3_Name	3.4	Hội thoại/Cốt truyện	Hội thoại/Khác			声骸	Echoes	音骸	Echo
lang_multi_text.db	ItemMainType_4_Name	3.4	Hội thoại/Cốt truyện	Hội thoại/Khác			资源	Development Materials	リソース	Tài Nguyên
lang_multi_text.db	ItemMainType_5_Name	3.4	Hội thoại/Cốt truyện	Hội thoại/Khác			素材	Resources	素材	Nguyên Liệu
lang_multi_text.db	ItemMainType_6_Name	3.4	Hội thoại/Cốt truyện	Hội thoại/Khác			任务	Quest Items	任務アイテム	Nhiệm Vụ
lang_multi_text.db	ItemMainType_7_Name	3.4	Hội thoại/Cốt truyện	Hội thoại/Khác			特殊	Valuables	特殊アイテム	Đặc Biệt
lang_multi_text.db	ItemName_3_4_001	3.4	Hội thoại/Cốt truyện	Hội thoại/Khác			通行证	Visitor Pass	ビジターパス	Pass Tham Quan
lang_multi_text.db	ItemReturnTips	3.4	Hội thoại/Cốt truyện	Hội thoại/Khác			材料返还	Returned Item	素材返却	Nguyên liệu trả lại
lang_multi_text.db	ItemType_ChatBg	3.4	Hội thoại/Cốt truyện	Hội thoại/Khác			聊天背景	Chat Background	チャット背景	Nền trò chuyện
lang_multi_text.db	ItemType_ChatBubble	3.4	Hội thoại/Cốt truyện	Hội thoại/Khác			聊天气泡	Chat Bubble	チャットバブル	Bong bóng trò chuyện
lang_multi_text.db	Item_70140005_UseTip	3.4	Hội thoại/Cốt truyện	Hội thoại/Khác			翻阅	Read	読む	Mở xem
lang_multi_text.db	Item_Cumulative_Acquisition	3.4	Hội thoại/Cốt truyện	Hội thoại/Khác			累计获得：{0}	Obtained: {0}	累計獲得：{0}	Tích lũy nhận: {0}
lang_multi_text.db	JinZhouFly_FunctionLock	3.4	Hội thoại/Cốt truyện	Hội thoại/Khác			未解锁	Locked	未解放	Chưa mở khóa
lang_multi_text.db	JinZhouFly_FunctionLockDes	3.4	Hội thoại/Cốt truyện	Hội thoại/Khác			参与活动，可解锁翱翔探索模块的使用权限	Participate in the event to gain the access to the Flight Utility	イベントに参加して、探索モジュール「ソアー」の使用権限を獲得	Tham gia sự kiện, có thể mở khóa quyền sử dụng Mô-đun Thám Hiểm Bay Lượn
lang_multi_text.db	JinZhouFly_FunctionUnLock	3.4	Hội thoại/Cốt truyện	Hội thoại/Khác			已解锁	Unlocked	解放済み	Đã mở khóa
lang_multi_text.db	JinZhouFly_FunctionUnLockDes	3.4	Hội thoại/Cốt truyện	Hội thoại/Khác			翱翔模块已解锁，可在今州区域使用	Flight Utility is now available in Jinzhou	探索モジュール「ソアー」が今州エリアで使用可能になりました	Mô-đun Bay Lượn đã mở khóa, có thể sử dụng tại khu vực Kim Châu
lang_multi_text.db	KEY	3.4	Hội thoại/Cốt truyện	Hội thoại/Khác						Nội dung
lang_multi_text.db	KeyLock_Text	3.4	Hội thoại/Cốt truyện	Hội thoại/Khác			此输入不允许设置按键	This input cannot be remapped	このインプットでは、ボタンを設定することはできません	Đầu vào này không được phép cài đặt phím
lang_multi_text.db	KeyPositionReset_Handle_Drive	3.4	Hội thoại/Cốt truyện	Hội thoại/Khác			是否重置载具按键？	Do you want to reset vehicle controls?	乗り物操作設定をリセットしますか？	Bạn có muốn cài đặt lại phím điều khiển xe?
lang_multi_text.db	KeyPositionReset_Handle_Walk	3.4	Hội thoại/Cốt truyện	Hội thoại/Khác			是否重置常规按键？	Do you want to reset regular controls?	基本操作設定をリセットしますか？	Bạn có muốn cài đặt lại phím điều khiển thường?
lang_multi_text.db	KeyPositionReset_PC_Drive	3.4	Hội thoại/Cốt truyện	Hội thoại/Khác			是否重置载具按键？	Do you want to reset vehicle controls?	乗り物操作設定をリセットしますか？	Bạn có muốn cài đặt lại phím điều khiển xe?
lang_multi_text.db	KeyPositionReset_PC_Walk	3.4	Hội thoại/Cốt truyện	Hội thoại/Khác			是否重置常规按键？	Do you want to reset regular controls?	基本操作設定をリセットしますか？	Bạn có muốn cài đặt lại phím điều khiển thường?
lang_multi_text.db	KeyType_1_Name	3.4	Hội thoại/Cốt truyện	Hội thoại/Khác			战斗和探索	Combat and Exploration	戦闘・探索	Chiến Đấu Và Khám Phá
lang_multi_text.db	KeyType_2_Name	3.4	Hội thoại/Cốt truyện	Hội thoại/Khác			界面操作	Interface	システム画面	Thao Tác Giao Diện
lang_multi_text.db	KeyType_3_Name	3.4	Hội thoại/Cốt truyện	Hội thoại/Khác			战斗和探索	Combat and Exploration	戦闘・探索	Chiến Đấu Và Khám Phá
lang_multi_text.db	KeyType_4_Name	3.4	Hội thoại/Cốt truyện	Hội thoại/Khác			辅助功能	Shortcuts	アクセシビリティ	Phím Tắt
lang_multi_text.db	KeyType_5_Name	3.4	Hội thoại/Cốt truyện	Hội thoại/Khác			战斗	Combat	戦闘	Chiến Đấu
lang_multi_text.db	KeyType_8_Name	3.4	Hội thoại/Cốt truyện	Hội thoại/Khác			操作	Controls	コントロール	Thao Tác
lang_multi_text.db	KeyUnalterable_Text	3.4	Hội thoại/Cốt truyện	Hội thoại/Khác			此按键已被占用	Key already assigned	このキーはすでに使用されています	Phím này đã được sử dụng
lang_multi_text.db	KingShipAttributeEnough	3.4	Hội thoại/Cốt truyện	Hội thoại/Khác			{0}达到{1}	Reach {1} {0}	{0}が{1}に到達	{0} đạt {1}
lang_multi_text.db	LackMakeCount	3.4	Hội thoại/Cốt truyện	Hội thoại/Khác			已达制作上限，{0}后刷新	Production Limit reached. Limit refreshing in {0}	製作数上限に達しました。{0}後にリセット	Đã đạt giới hạn chế tạo, {0} sau tạo mới
lang_multi_text.db	LackMakeCountWithoutTime	3.4	Hội thoại/Cốt truyện	Hội thoại/Khác			已达制作上限	Reached the Production Limit	製作数上限に達しました	Đã đạt giới hạn chế tạo
lang_multi_text.db	LackMakeMaterial	3.4	Hội thoại/Cốt truyện	Hội thoại/Khác			{0}不足	Insufficient {0}	{0}不足	{0} không đủ
lang_multi_text.db	LeiXiao_AllScore	3.4	Hội thoại/Cốt truyện	Hội thoại/Khác			累计获得：{0}	Obtained: {0}	累計獲得数：{0}	Tổng cộng nhận được: {0}
lang_multi_text.db	LeiXiao_GetScore	3.4	Hội thoại/Cốt truyện	Hội thoại/Khác			获取流音浪沫	Obtain Spindrift	潮音のしぶきを獲得	Nhận Chip Chợ Đêm
lang_multi_text.db	LeiXiao_GetScore_prompt	3.4	Hội thoại/Cốt truyện	Hội thoại/Khác			{0}后将无法获取流音浪沫	Spindrift can no longer be obtained after {0}	{0}後、潮音のしぶきは入手できなくなります	Sau {0} sẽ không thể nhận Chip Chợ Đêm nữa
lang_multi_text.db	LeiXiao_TaskNum	3.4	Hội thoại/Cốt truyện	Hội thoại/Khác			已完成次数：{0}/{1}	Completed: {0}/{1}	クリア回数：{0}/{1}	Số lần đã hoàn thành: {0}/{1}
lang_multi_text.db	LevelShowNew	3.4	Hội thoại/Cốt truyện	Hội thoại/Khác			<size=16>Lv.</size>{0}	<size=16>Lv.</size>{0}	<size=16>Lv.</size>{0}	<size=16>Lv.</size>{0}
lang_multi_text.db	LevelUpAndIdentify	3.4	Hội thoại/Cốt truyện	Hội thoại/Khác			强化至+{0}可调谐	Upgrade to +{0} to Tune	+{0}まで強化するとチューニング可能	Cường hóa đến +{0} có thể hòa âm
lang_multi_text.db	Level_Text_New	3.4	Hội thoại/Cốt truyện	Hội thoại/Khác			{0}	{0}	{0}	{0}
lang_multi_text.db	Level_Text_New_Suffix	3.4	Hội thoại/Cốt truyện	Hội thoại/Khác			/ {0}	/{0}	/ {0}	/ {0}
lang_multi_text.db	Levelplay_reflesh	3.4	Hội thoại/Cốt truyện	Hội thoại/Khác			{0}秒后刷新玩法，请及时领取奖励	Challenge resets in {0}s. Please claim your rewards in time.	{0}秒後にリセットします、時間内に報酬を受け取ってください	{0} giây sau sẽ làm mới lối chơi, hãy nhận thưởng kịp thời nhé
lang_multi_text.db	LianjiPaokuEvaluation_01_Desc	3.4	Hội thoại/Cốt truyện	Hội thoại/Khác			60秒内完成整个比赛	Complete the Challenge within 60 seconds	60秒以内にレースをクリア！	Hoàn thành toàn bộ cuộc đua trong 60 giây
lang_multi_text.db	LianjiPaokuEvaluation_01_Title	3.4	Hội thoại/Cốt truyện	Hội thoại/Khác			极速狂飙	Like the Wind	ファイヤースピード	Cuồng Phong Tốc Độ
lang_multi_text.db	LianjiPaokuEvaluation_02_Desc	3.4	Hội thoại/Cốt truyện	Hội thoại/Khác			本局比赛中获得第一名	Achieved first place in the race	レースで優勝！	Đạt hạng 1 trong cuộc đua này
lang_multi_text.db	LianjiPaokuEvaluation_02_Title	3.4	Hội thoại/Cốt truyện	Hội thoại/Khác			闪电冲线	Blitz Across the Line	最速ランナー	Tia Chớp Về Đích
lang_multi_text.db	LianjiPaokuEvaluation_04_Desc	3.4	Hội thoại/Cốt truyện	Hội thoại/Khác			在最后冲刺时间内完成比赛的玩家	Players who completed the race during the final sprint countdown	ラストスパートタイムでレースをクリアしたプレイヤー	Người chơi hoàn thành cuộc đua trong thời gian nước rút cuối cùng
lang_multi_text.db	LianjiPaokuEvaluation_04_Title	3.4	Hội thoại/Cốt truyện	Hội thoại/Khác			争分夺秒	Gotta Go Fast	ゴール直前	Tranh Thủ Từng Giây
lang_multi_text.db	LianjiPaokuEvaluation_06_Desc	3.4	Hội thoại/Cốt truyện	Hội thoại/Khác			赛道完成度在75%~100%的玩家	Players with 75%~100% track progression	完走度75％～100％のプレイヤー	Người chơi có tiến độ hoàn thành đường đua ở mức 75%~100%
lang_multi_text.db	LianjiPaokuEvaluation_06_Title	3.4	Hội thoại/Cốt truyện	Hội thoại/Khác			来日方长	The Day is Still Young	まだまだこれから	Tương Lai Rộng Mở
lang_multi_text.db	LianjiPaokuEvaluation_07_Desc	3.4	Hội thoại/Cốt truyện	Hội thoại/Khác			未能完成比赛的玩家	Players who failed to complete the race	レース未クリアのプレイヤー	Người chơi không thể hoàn thành cuộc đua
lang_multi_text.db	LianjiPaokuEvaluation_07_Title	3.4	Hội thoại/Cốt truyện	Hội thoại/Khác			局外人	The Outsider	アウトサイダー	Người Ngoài Cuộc
lang_multi_text.db	LianjiPaokuRank_01_Title	3.4	Hội thoại/Cốt truyện	Hội thoại/Khác			第一名	No. 1	1位	Hạng 1
lang_multi_text.db	LianjiPaokuRank_02_Title	3.4	Hội thoại/Cốt truyện	Hội thoại/Khác			第二名	No. 2	2位	Hạng 2
lang_multi_text.db	LianjiPaokuRank_03_Title	3.4	Hội thoại/Cốt truyện	Hội thoại/Khác			第三名	No. 3	3位	Hạng 3
lang_multi_text.db	LianjiPaokuReward_9000_Preview	3.4	Hội thoại/Cốt truyện	Hội thoại/Khác			奖励预览	Rewards Preview	報酬プレビュー	Xem Trước Phần Thưởng
lang_multi_text.db	LianjiPaokuReward_Level_NoRecords	3.4	Hội thoại/Cốt truyện	Hội thoại/Khác			无记录	No Record	記録なし	Không Có Kỷ Lục
lang_multi_text.db	LianjiPaokuReward_Level_TopScore	3.4	Hội thoại/Cốt truyện	Hội thoại/Khác			最高分{0}	Highest Record: {0}	ハイスコア{0}	Điểm cao nhất {0}
lang_multi_text.db	LianjiPaokuReward_Level_UnLock	3.4	Hội thoại/Cốt truyện	Hội thoại/Khác			{0}后解锁	Unlocked after {0}	{0}後に解放	Mở khóa sau {0}
lang_multi_text.db	LianjiPaoku_Bonus_Level_Title	3.4	Hội thoại/Cốt truyện	Hội thoại/Khác			休闲挑战	Leisure Challenge	カジュアルステージ	Thử Thách Giải Trí
lang_multi_text.db	LianjiPaoku_Button_Receive	3.4	Hội thoại/Cốt truyện	Hội thoại/Khác			领取	Claim	受取	Nhận
lang_multi_text.db	LianjiPaoku_End_Again	3.4	Hội thoại/Cốt truyện	Hội thoại/Khác			再次挑战	Challenge Again	再挑戦	Khiêu Chiến Lại
lang_multi_text.db	LianjiPaoku_End_CompleteRank	3.4	Hội thoại/Cốt truyện	Hội thoại/Khác			赛道完成度积分	Course Completion Points	完走度スコア	Điểm Hoàn Thành Đường Đua
lang_multi_text.db	LianjiPaoku_End_Leave	3.4	Hội thoại/Cốt truyện	Hội thoại/Khác			离开	Leave	退出	Rời Khỏi
lang_multi_text.db	LianjiPaoku_End_RankScore	3.4	Hội thoại/Cốt truyện	Hội thoại/Khác			冲线排名积分	Ranking Points	ゴールスコア	Điểm Xếp Hạng Về Đích
lang_multi_text.db	LianjiPaoku_Reward_Cannot_Open_Tips	3.4	Hội thoại/Cốt truyện	Hội thoại/Khác			活动未开启，无法进入活动奖励界面	The event hasn't started yet. Unable to enter the Event Rewards page	イベント未解放のため、報酬画面を確認できません	Sự kiện chưa mở, không thể vào giao diện phần thưởng sự kiện
lang_multi_text.db	LianjiPaoku_Reward_Desc	3.4	Hội thoại/Cốt truyện	Hội thoại/Khác			当前进度:{0}/{1}	Current Progress: {0}/{1}	現在進捗：{0}/{1}	Tiến độ hiện tại:{0}/{1}
lang_multi_text.db	LianjiPaoku_Reward_Title	3.4	Hội thoại/Cốt truyện	Hội thoại/Khác			本关达到{0}分	Reach {0} points in the current stage	本ステージスコア{0}達成	Cửa này đạt {0} điểm
lang_multi_text.db	LianjiPaoku_Top_Rank	3.4	Hội thoại/Cốt truyện	Hội thoại/Khác			当前关卡最高排名	Highest Ranking of the Stage	ステージ最高順位	Xếp Hạng Cao Nhất Ải Hiện Tại
lang_multi_text.db	LianjiPaoku_Top_Score	3.4	Hội thoại/Cốt truyện	Hội thoại/Khác			当前关卡最高分	Highest Score of the Stage	ステージハイスコア	Điểm Cao Nhất Ải Hiện Tại
lang_multi_text.db	LianjiPaoku_Top_Time	3.4	Hội thoại/Cốt truyện	Hội thoại/Khác			关卡最快用时	Stage Time Record	自己ベスト	Kỷ Lục Thời Gian Ải
lang_multi_text.db	LianjiPaoku_Top_Time_No_Time	3.4	Hội thoại/Cốt truyện	Hội thoại/Khác			--:--	--:--	--:--	--:…
lang_multi_text.db	LifePlay_Blue_Text	3.4	Hội thoại/Cốt truyện	Hội thoại/Khác			将色块全部染成<color=#5081bc>【蓝色】</color>	Turn all the blocks into <color=#5081bc>Blue</color>	全マスを<color=#5081bc>【青色】</color>に染める	Nhuộm toàn bộ khối màu thành <color=#5081bc>[Màu Xanh Dương]</color>
lang_multi_text.db	LifePlay_Green_Text	3.4	Hội thoại/Cốt truyện	Hội thoại/Khác			将色块全部染成<color=#54a891>【绿色】</color>	Turn all the blocks into <color=#54a891>Green</color>	全マスを<color=#54a891>【緑色】</color>に染める	Nhuộm toàn bộ khối màu thành <color=#54a891>[Màu Xanh Lá]</color>
lang_multi_text.db	LifePlay_Red_Text	3.4	Hội thoại/Cốt truyện	Hội thoại/Khác			将色块全部染成<color=#bc5044>【红色】</color>	Turn all the blocks into <color=#bc5044>Red</color>	全マスを<color=#bc5044>【赤色】</color>に染める	Nhuộm toàn bộ khối màu thành <color=#bc5044>[Màu Đỏ]</color>
lang_multi_text.db	LifePlay_Yellow_Text	3.4	Hội thoại/Cốt truyện	Hội thoại/Khác			将色块全部染成<color=#ecda88>【黄色】</color>	Turn all the blocks into <color=#ecda88>Yellow</color>	全マスを<color=#ecda88>【黄色】</color>に染める	Nhuộm toàn bộ khối màu thành <color=#ecda88>[Màu Vàng]</color>
lang_multi_text.db	LifePointEasyTitle	3.4	Hội thoại/Cốt truyện	Hội thoại/Khác			简单	Easy	イージー	Dễ
lang_multi_text.db	LifePointHighTitle	3.4	Hội thoại/Cốt truyện	Hội thoại/Khác			困难	Difficult	ハード	Khó
lang_multi_text.db	LifePointNormalTitle	3.4	Hội thoại/Cốt truyện	Hội thoại/Khác			普通	Normal	ノーマル	Thường
lang_multi_text.db	LifePointUnlockText	3.4	Hội thoại/Cốt truyện	Hội thoại/Khác			{0}后解锁	Unlocks In {0}	{0}後に解放	Mở khóa sau {0}
lang_multi_text.db	LimitBuy	3.4	Hội thoại/Cốt truyện	Hội thoại/Khác			限购：<color=#d5c64b>{0}</color>/{1}	Inventory: <color=#d5c64b>{0}</color>/{1}	購入可能数：<color=#d5c64b>{0}</color>/{1}	Giới hạn mua: <color=#d5c64b>{0}</color>/{1}
lang_multi_text.db	LimitBuy_B	3.4	Hội thoại/Cốt truyện	Hội thoại/Khác			限购：{0}	Inventory: {0}	購入可能数：{0}	Giới hạn mua: {0}
lang_multi_text.db	LimitTimeTitle	3.4	Hội thoại/Cốt truyện	Hội thoại/Khác			限时称号({0})	Limited-Time Title {0}	期間限定称号({0})	Danh Hiệu Giới Hạn ({0} ngày)
lang_multi_text.db	LimitTimeTitleShowTime	3.4	Hội thoại/Cốt truyện	Hội thoại/Khác			{0}天	{0} Days	{0}日	{0} Ngày
lang_multi_text.db	LineNumber	3.4	Hội thoại/Cốt truyện	Hội thoại/Khác			{0}号线	Track {0}	ルート{0}	Tuyến số {0}
lang_multi_text.db	LockEnemyModeText_1	3.4	Hội thoại/Cốt truyện	Hội thoại/Khác			点按{0}锁定目标，长按{0}解除锁定	Tap {0} to lock on a target. Hold {0} to cancel.	{0}でロックオン、{0}を長押ししてロックオン解除	Chạm vào {0} để khóa mục tiêu, nhấn giữ {0} để hủy khóa
lang_multi_text.db	LockEnemyModeText_2	3.4	Hội thoại/Cốt truyện	Hội thoại/Khác			点按{0}锁定目标，再次点按{0}解除锁定	Tap {0} to lock on a target. Tap {0} again to cancel.	{0}でロックオン、{0}をもう一度押してロックオン解除	Chạm vào {0} để khóa mục tiêu, chạm lại vào {0} để hủy khóa
lang_multi_text.db	LockEnemyModeText_3	3.4	Hội thoại/Cốt truyện	Hội thoại/Khác			锁定期间，点按{0}切换锁定目标	Tap {0} to cycle through targets when locked on a target.	ロックオン中は、{0}ボタンで目標を切替	Trong khi khóa, chạm vào {0} để chuyển đổi mục tiêu khóa
lang_multi_text.db	LockEnemyModeText_4	3.4	Hội thoại/Cốt truyện	Hội thoại/Khác			锁定期间，滑动鼠标<texture=/Game/Aki/UI/UIResources/Common/Image/UiIconPcBtn/T_IconPcBtn_Mouse2_UI.T_IconPcBtn_Mouse2_UI>切换锁定目标	Move the mouse <texture=/Game/Aki/UI/UIResources/Common/Image/UiIconPcBtn/T_IconPcBtn_Mouse2_UI.T_IconPcBtn_Mouse2_UI> to cycle through targets when locked on a target.	ロックオン中は、マウスを動かして<texture=/Game/Aki/UI/UIResources/Common/Image/UiIconPcBtn/T_IconPcBtn_Mouse2_UI.T_IconPcBtn_Mouse2_UI>目標を切替	Trong khi khóa, trượt chuột <texture=/Game/Aki/UI/UIResources/Common/Image/UiIconPcBtn/T_IconPcBtn_Mouse2_UI.T_IconPcBtn_Mouse2_UI> để chuyển đổi mục tiêu khóa
lang_multi_text.db	LockEnemyModeText_5	3.4	Hội thoại/Cốt truyện	Hội thoại/Khác			锁定期间，点按{0}切换锁定目标	Tap {0} to cycle through targets when locked on a target.	ロックオン中、{0}ボタンで目標を切替	Trong khi khóa, chạm vào {0} để chuyển đổi mục tiêu khóa
lang_multi_text.db	LockEnemyModeText_6	3.4	Hội thoại/Cốt truyện	Hội thoại/Khác			锁定期间，拨动操作杆<texture=/Game/Aki/UI/UIResources/Common/Image/UiIconPcBtn/T_IconPcBtn_XboxR2_UI.T_IconPcBtn_XboxR2_UI>切换锁定目标	Move the stick <texture=/Game/Aki/UI/UIResources/Common/Image/UiIconPcBtn/T_IconPcBtn_XboxR2_UI.T_IconPcBtn_XboxR2_UI> to switch targets when locked on a target.	ロックオン中、スティックを動かして<texture=/Game/Aki/UI/UIResources/Common/Image/UiIconPcBtn/T_IconPcBtn_XboxR2_UI.T_IconPcBtn_XboxR2_UI>目標を切替	Trong khi khóa, gạt cần điều khiển <texture=/Game/Aki/UI/UIResources/Common/Image/UiIconPcBtn/T_IconPcBtn_XboxR2_UI.T_IconPcBtn_XboxR2_UI> để chuyển đổi mục tiêu khóa
lang_multi_text.db	LockEnemyModeTitle	3.4	Hội thoại/Cốt truyện	Hội thoại/Khác			目标选择和切换	Lock-on Mode	目標選択・切替	Chọn và chuyển đổi mục tiêu
lang_multi_text.db	LockEnemyModeType_1	3.4	Hội thoại/Cốt truyện	Hội thoại/Khác			键鼠	Keyboard & Mouse	マウスとキーボード	Bàn phím và chuột
lang_multi_text.db	LockEnemyModeType_2	3.4	Hội thoại/Cốt truyện	Hội thoại/Khác			控制器	Controller	コントローラー	Tay cầm
lang_multi_text.db	LockTask_InDifferentMap_Tips	3.4	Hội thoại/Cốt truyện	Hội thoại/Khác			请前往关联地图后，再点击按键【继续推进】	Go to the right map and then press again to proceed	関連マップに移動した後、【続行】ボタンを押してください	Vui lòng đến bản đồ liên quan, sau đó nhấn nút [Tiếp tục tiến trình]
lang_multi_text.db	LordGymDifficulty	3.4	Hội thoại/Cốt truyện	Hội thoại/Khác			当前难度：{0}	Difficulty: {0}	難易度：{0}	Độ Khó Hiện Tại: {0}
lang_multi_text.db	LordGymFilterType_00	3.4	Hội thoại/Cốt truyện	Hội thoại/Khác			全部	All	すべて	Tất Cả
lang_multi_text.db	LordGymFilterType_01	3.4	Hội thoại/Cốt truyện	Hội thoại/Khác			全息战略·强袭	Calamity	ホロタクティクス・強襲	Chiến Thuật Toàn Ảnh - Đột Kích
lang_multi_text.db	LordGymFilterType_02	3.4	Hội thoại/Cốt truyện	Hội thoại/Khác			未开启区域	Territory Uncharted	未解放エリア	Khu Vực Chưa Mở
lang_multi_text.db	LordGymFilterType_03	3.4	Hội thoại/Cốt truyện	Hội thoại/Khác			未开启区域	Territory Uncharted	未解放エリア	Khu Vực Chưa Mở
lang_multi_text.db	LordGymFilterType_04	3.4	Hội thoại/Cốt truyện	Hội thoại/Khác			未开启区域	Territory Uncharted	未解放エリア	Khu Vực Chưa Mở
lang_multi_text.db	LordGymFilterType_05	3.4	Hội thoại/Cốt truyện	Hội thoại/Khác			全息战略·幻痛	Phantom Pain	ホロタクティクス・ファントムペイン	Chiến Thuật Toàn Ảnh - Đau Đớn Ảo Giác
lang_multi_text.db	LordGymFilterType_06	3.4	Hội thoại/Cốt truyện	Hội thoại/Khác			全息战略·同步	Synchronization	ホロタクティクス・同調	Chiến Thuật Toàn Ảnh - Đồng Bộ
lang_multi_text.db	LordGymInfo_Text1	3.4	Hội thoại/Cốt truyện	Hội thoại/Khác			全息战略·无归的谬误	Tactical Hologram: Fallacy of No Return	ホロタクティクス・フェイタルエラー	Chiến Thuật Toàn Ảnh - Sai Lầm Không Lối Về
lang_multi_text.db	LordGymInfo_Text10	3.4	Hội thoại/Cốt truyện	Hội thoại/Khác			全息战略·伪作的神王	Tactic Hologram: The False Sovereign	ホロタクティクス・偽りの神王	Chiến Thuật Toàn Ảnh - Thần Vương Giả Mạo
lang_multi_text.db	LordGymInfo_Text11	3.4	Hội thoại/Cốt truyện	Hội thoại/Khác			全息战略·无妄者	Tactical Hologram: Dreamless	ホロタクティクス・無妄者	Chiến Thuật Toàn Ảnh - Vô Vọng Giả
lang_multi_text.db	LordGymInfo_Text12	3.4	Hội thoại/Cốt truyện	Hội thoại/Khác			全息战略·炉芯机骸	Tactical Hologram: Reactor Husk	ホロタクティクス・ドライブの機骸	Chiến Thuật Toàn Ảnh - Lõi Cơ Hài
lang_multi_text.db	LordGymInfo_Text13	3.4	Hội thoại/Cốt truyện	Hội thoại/Khác			全息战略·海维夏	Tactical Hologram: Hyvatia	ホロタクティクス・ハイヴェイシャ	Chiến Thuật Toàn Ảnh - Hyvatia
lang_multi_text.db	LordGymInfo_Text14	3.4	Hội thoại/Cốt truyện	Hội thoại/Khác			全息战略·辛吉勒姆	Tactical Hologram: Sigillum	ホロタクティクス・シギルム	Chiến Lược Toàn Cảnh: Sigillum
lang_multi_text.db	LordGymInfo_Text15	3.4	Hội thoại/Cốt truyện	Hội thoại/Khác			全息战略·无铭探索者	Tactical Hologram: Nameless Explorer	ホロタクティクス・名もない探索者	Chiến Lược Toàn Ảnh: Người Thám Hiểm Vô Danh
lang_multi_text.db	LordGymInfo_Text2	3.4	Hội thoại/Cốt truyện	Hội thoại/Khác			全息战略·异构武装	Tactical Hologram: Sentry Construct	ホロタクティクス・ゼノコロッサス	Chiến Thuật Toàn Ảnh - Vũ Trang Dị Cấu
lang_multi_text.db	LordGymInfo_Text3	3.4	Hội thoại/Cốt truyện	Hội thoại/Khác			全息战略·赫卡忒	Tactical Hologram: Hecate	ホロタクティクス・ヘカテー	Chiến Thuật Toàn Ảnh - Hecate
lang_multi_text.db	LordGymInfo_Text4	3.4	Hội thoại/Cốt truyện	Hội thoại/Khác			全息战略·叹息古龙	Tactical Hologram: Dragon of Dirge	ホロタクティクス・嘆きのドレイク	Chiến Thuật Toàn Ảnh - Cổ Long Thở Dài
lang_multi_text.db	LordGymInfo_Text5	3.4	Hội thoại/Cốt truyện	Hội thoại/Khác			全息战略·罗蕾莱	Tactical Hologram: Lorelei	ホロタクティクス・ローレライ	Chiến Thuật Toàn Ảnh - Lorelei
lang_multi_text.db	LordGymInfo_Text6	3.4	Hội thoại/Cốt truyện	Hội thoại/Khác			全息战略·芙露德莉斯	Tactical Hologram: Fleurdelys	ホロタクティクス・フルールドリス	Chiến Thuật Toàn Ảnh - Fleurdelys
lang_multi_text.db	LordGymInfo_Text7	3.4	Hội thoại/Cốt truyện	Hội thoại/Khác			全息战略·凯尔匹	Tactical Hologram: Kelpie	ホロタクティクス・ケルピー	Chiến Thuật Toàn Ảnh - Kelpie
lang_multi_text.db	LordGymInfo_Text8	3.4	Hội thoại/Cốt truyện	Hội thoại/Khác			全息战略·海之女	Tactical Hologram: Lady of the Sea	ホロタクティクス・海の娘	Chiến Thuật Toàn Ảnh - Thiếu Nữ Biển Cả
lang_multi_text.db	LordGymInfo_Text9	3.4	Hội thoại/Cốt truyện	Hội thoại/Khác			全息战略·荣耀狮像	Tactical Hologram: Lioness of Glory	ホロタクティクス・誉れのライオネス	Chiến Thuật Toàn Ảnh - Tượng Sư Tử Vinh Quang
lang_multi_text.db	LordGymLockTips	3.4	Hội thoại/Cốt truyện	Hội thoại/Khác			通过前置难度后开启挑战	Unlocks after lower Difficulties are cleared	前の難易度をクリアして解放	Thông qua độ khó phía trước sẽ mở khiêu chiến
lang_multi_text.db	LordGymLowLevel	3.4	Hội thoại/Cốt truyện	Hội thoại/Khác			当前队伍等级偏低	Current average Resonator level is lower than recommended	推奨レベル未達	Cấp đội hiện tại hơi thấp
lang_multi_text.db	LordGymOpen_ErrorTipText	3.4	Hội thoại/Cốt truyện	Hội thoại/Khác			当前已离开玩法范围，无法开启挑战	Currently out of the challenge area. Unable to start the challenge.	コンテンツの範囲外のため、挑戦できません	Hiện đã rời khỏi phạm vi cách chơi, không thể mở khiêu chiến
lang_multi_text.db	LordGymUnLock	3.4	Hội thoại/Cốt truyện	Hội thoại/Khác			{0}已解锁	{0} Unlocked	{0}が解放しました	Đã mở khóa {0}
lang_multi_text.db	LordGym_TimeTitle	3.4	Hội thoại/Cốt truyện	Hội thoại/Khác			通关时间	Clear Time	クリアタイム	Thời Gian Vượt Ải
lang_multi_text.db	LucyIdleAnim_text	3.4	Hội thoại/Cốt truyện	Hội thoại/Khác			打开骇入	Call out Breach Protocol	ハッキング	Mở Đột Nhập
lang_multi_text.db	Magnification_Desc	3.4	Hội thoại/Cốt truyện	Hội thoại/Khác			可消耗结晶波片领取对应奖励，请确认是否领取?	Consume Waveplates to claim rewards. Do you wish to continue?	結晶波長板を消費して報酬を受け取りますか？	Có thể tiêu hao Phiến Sóng Kết Tinh để nhận phần thưởng tương ứng, xác nhận muốn nhận chứ?
lang_multi_text.db	Magnification_Title	3.4	Hội thoại/Cốt truyện	Hội thoại/Khác			领取奖励	Claim Rewards	報酬を受け取る	Nhận Phần Thưởng
lang_multi_text.db	Magnification_double	3.4	Hội thoại/Cốt truyện	Hội thoại/Khác			双倍领取	Claim×2	2倍受け取る	Nhận Gấp Đôi
lang_multi_text.db	Magnification_normol	3.4	Hội thoại/Cốt truyện	Hội thoại/Khác			单倍领取	Claim	受け取る	Nhận Gấp Một
lang_multi_text.db	MakeLimit	3.4	Hội thoại/Cốt truyện	Hội thoại/Khác			可制作：{0}/{1}	Craftable: {0}/{1}	製作可能：{0}/{1}	Có thể chế tạo: {0}/{1}
lang_multi_text.db	Mark_Occupied_Not_Refresh_Text	3.4	Hội thoại/Cốt truyện	Hội thoại/Khác			未成功加载，请离开后重新靠近	Failed to load. Please exit and access again.	読み込みに失敗しました。離れてからもう一度近づいてください	Tải không thành công, vui lòng rời đi rồi lại gần lại
lang_multi_text.db	Mark_Play_Occupied_Text	3.4	Hội thoại/Cốt truyện	Hội thoại/Khác			{0}玩法占用中	Blocked by the gameplay {0}	コンテンツ「{0}」を進行中です	Lối chơi {0} đang chiếm dụng
lang_multi_text.db	Mark_Submit_Material_Text	3.4	Hội thoại/Cốt truyện	Hội thoại/Khác			交付材料	Deliver	材料を渡す	Giao nguyên liệu
lang_multi_text.db	Mask_Remove_01	3.4	Hội thoại/Cốt truyện	Hội thoại/Khác			卸下	Remove	外す	Tháo Xuống
lang_multi_text.db	Mask_Wear_01	3.4	Hội thoại/Cốt truyện	Hội thoại/Khác			佩戴	Wear	着用する	Đeo
lang_multi_text.db	MatchLeaveTeamByKickOut	3.4	Hội thoại/Cốt truyện	Hội thoại/Khác			已被请离匹配队伍	You have been removed from the party	パーティーから追放されました	Đã bị mời rời khỏi đội ghép cặp
lang_multi_text.db	Memorybook_Dungo_PreOpenTip	3.4	Hội thoại/Cốt truyện	Hội thoại/Khác			<alignleft/>提前体验可以跳过前置任务，直接开启活动。\n<alignleft/>提前体验可能会剧透尚未探索的故事，影响剧情体验。推荐完成前置任务以获得更完整体验。\n<alignleft/>是否提前体验该活动？	<alignleft/>You can skip the prerequisite quests and jump straight into the event.\n<alignleft/>Skipping ahead may affect your story experience. For the best narrative flow, it's recommended to complete the prerequisite quests first.\n<alignleft/>Confirm to skip ahead and start the event?	<alignleft/>先行体験では前提任務をスキップして、直接イベントに参加できます。\n<alignleft/>先行体験では未体験のストーリーのネタバレが含まれる可能性があり、ストーリー体験に影響を与える可能性があります。前提任務をクリアしてから、イベントに参加することをお勧めします。\n<alignleft/>イベントを先行体験しますか？	<alignleft/>Trải nghiệm trước có thể bỏ qua nhiệm vụ tiên quyết, trực tiếp mở sự kiện.\n<alignleft/>Trải nghiệm trước có thể tiết lộ cốt truyện chưa khám phá, ảnh hưởng đến trải nghiệm cốt truyện. Khuyến nghị hoàn thành nhiệm vụ tiên quyết để có được trải nghiệm trọn vẹn hơn.\n<alignleft/>Có muốn trải nghiệm trước sự kiện này không?
lang_multi_text.db	MingSuDoneTips	3.4	Hội thoại/Cốt truyện	Hội thoại/Khác			<color=#36cd33>该等级奖励已全部获得</color>	<color=#36cd33>All stage rewards have been claimed</color>	<color=#36cd33>このレベルの報酬を全部獲得済みです</color>	<color=#36cd33>Đã nhận toàn bộ phần thưởng cấp này</color>
lang_multi_text.db	MingSuLevelText	3.4	Hội thoại/Cốt truyện	Hội thoại/Khác			等级 {0}	Level {0}	レベル・{0}	Cấp {0}
lang_multi_text.db	MingSuNotDoneTips	3.4	Hội thoại/Cốt truyện	Hội thoại/Khác			<color=#c15757>完成上一等级后解锁</color>	<color=#c15757>Complete the previous stage to unlock</color>	<color=#c15757>前のレベル達成で解除</color>	<color=#c15757>Mở khóa sau khi hoàn thành cấp trước</color>
lang_multi_text.db	MonthCardDes_1	3.4	Hội thoại/Cốt truyện	Hội thoại/Khác			累计可获得<color=#f7eba6ff>300</color>月相 <color=#f7eba6ff>2700</color>星声	Obtain up to <color=#f7eba6ff>300</color> Lunites and <color=#f7eba6ff>2,700</color> Astrites in total	累計で<color=#f7eba6ff>300</color>月相と <color=#f7eba6ff>2700</color>星声獲得可能	Có thể nhận tổng cộng <color=#f7eba6ff>300</color> Nguyệt Tương <color=#f7eba6ff>2700</color> Tinh Thanh
lang_multi_text.db	MonthCardLeftTimeText_1	3.4	Hội thoại/Cốt truyện	Hội thoại/Khác			剩余：{0}天	Remaining: {0} day(s)	残り：{0}日	Còn lại: {0} ngày
lang_multi_text.db	MonthCardLeftTimeText_2	3.4	Hội thoại/Cốt truyện	Hội thoại/Khác			剩余：不足{0}天	Remaining: <{0} day(s)	残り：{0}日未満	Còn lại: Dưới {0} ngày
lang_multi_text.db	MonthLeftTime	3.4	Hội thoại/Cốt truyện	Hội thoại/Khác			本月剩余:{0}	Remaining This Month: {0}	今月残り:{0}	Tháng này còn: {0}
lang_multi_text.db	MonthLimitBuy	3.4	Hội thoại/Cốt truyện	Hội thoại/Khác			每月限购：<color=#d5c64b>{0}</color>/{1}	Monthly Limit: <color=#d5c64b>{0}</color>/{1}	毎月購入可能数：<color=#d5c64b>{0}</color>/{1}	Giới hạn mua mỗi tháng: <color=#d5c64b>{0}</color>/{1}
lang_multi_text.db	MonthLimitBuy_B	3.4	Hội thoại/Cốt truyện	Hội thoại/Khác			每月限购：{0}	Monthly Limit: {0}	毎月購入可能：{0}	Giới hạn mua mỗi tháng: {0}
lang_multi_text.db	Month_birthday_1	3.4	Hội thoại/Cốt truyện	Hội thoại/Khác			1	Jan	1	1
lang_multi_text.db	Month_birthday_10	3.4	Hội thoại/Cốt truyện	Hội thoại/Khác			10	Oct	10	10
lang_multi_text.db	Month_birthday_11	3.4	Hội thoại/Cốt truyện	Hội thoại/Khác			11	Nov	11	11
lang_multi_text.db	Month_birthday_12	3.4	Hội thoại/Cốt truyện	Hội thoại/Khác			12	Dec	12	12
lang_multi_text.db	Month_birthday_2	3.4	Hội thoại/Cốt truyện	Hội thoại/Khác			2	Feb	2	2
lang_multi_text.db	Month_birthday_3	3.4	Hội thoại/Cốt truyện	Hội thoại/Khác			3	Mar	3	3
lang_multi_text.db	Month_birthday_4	3.4	Hội thoại/Cốt truyện	Hội thoại/Khác			4	Apr	4	4
lang_multi_text.db	Month_birthday_5	3.4	Hội thoại/Cốt truyện	Hội thoại/Khác			5	May	5	5
lang_multi_text.db	Month_birthday_6	3.4	Hội thoại/Cốt truyện	Hội thoại/Khác			6	Jun	6	6
lang_multi_text.db	Month_birthday_7	3.4	Hội thoại/Cốt truyện	Hội thoại/Khác			7	Jul	7	7
lang_multi_text.db	Month_birthday_8	3.4	Hội thoại/Cốt truyện	Hội thoại/Khác			8	Aug	8	8
lang_multi_text.db	Month_birthday_9	3.4	Hội thoại/Cốt truyện	Hội thoại/Khác			9	Sept	9	9
lang_multi_text.db	MoonChasingTaskJumpToBuildingFinish	3.4	Hội thoại/Cốt truyện	Hội thoại/Khác			该伙伴已邀请	Already invited the Companion.	招待済みの仲間です	Người bạn này đã được mời
lang_multi_text.db	MoonSignInGrandRewardDes	3.4	Hội thoại/Cốt truyện	Hội thoại/Khác			累计获得{0}种月相后领取（{1}/{2}）	Decipher {0} Lunar Phases in total to claim ({1}/{2})	累計{0}種の月相を獲得すると受取可能（{1}/{2}）	Nhận sau khi tích lũy {0} loại pha mặt trăng ({1}/{2})
lang_multi_text.db	MoonSignInItemCountNotEnough	3.4	Hội thoại/Cốt truyện	Hội thoại/Khác			解明所需道具数量不足	Insufficient items to decipher	解明に必要なアイテムが不足しています	Không đủ đạo cụ cần thiết để giải mã
lang_multi_text.db	MoonTogether_Invite	3.4	Hội thoại/Cốt truyện	Hội thoại/Khác			邀请共赏	Invite Companion	招待	Mời cùng thưởng ngoạn
lang_multi_text.db	MoonTogether_Solo	3.4	Hội thoại/Cốt truyện	Hội thoại/Khác			独自遥望	Gaze Alone	一人で眺める	Một mình ngắm xa
lang_multi_text.db	Moon_Reward_Finish	3.4	Hội thoại/Cốt truyện	Hội thoại/Khác			已领取	Claimed	受取済	Đã nhận
lang_multi_text.db	Moon_Reward_Lock	3.4	Hội thoại/Cốt truyện	Hội thoại/Khác			未解锁	Locked	未開放	Chưa mở khóa
lang_multi_text.db	Moon_Reward_Unlock	3.4	Hội thoại/Cốt truyện	Hội thoại/Khác			领取	Claim	受取	Nhận
lang_multi_text.db	MowingCurrentPoint	3.4	Hội thoại/Cốt truyện	Hội thoại/Khác			本关挑战得分	Challenge Points	今回のスコア	Điểm Vượt Ải Lần Này
lang_multi_text.db	MowingLevelRewards	3.4	Hội thoại/Cốt truyện	Hội thoại/Khác			通关奖励	Rewards	クリア報酬	Thưởng Vượt Ải
lang_multi_text.db	MowingPointMultiply	3.4	Hội thoại/Cốt truyện	Hội thoại/Khác			积分倍率*{0}	Points * {0}	スコア倍率*{0}	Hệ số điểm *{0}
lang_multi_text.db	MowingPointRewards	3.4	Hội thoại/Cốt truyện	Hội thoại/Khác			积分奖励	Point Rewards	スコア報酬	Thưởng Điểm
lang_multi_text.db	MowingTotalPoint	3.4	Hội thoại/Cốt truyện	Hội thoại/Khác			总积分：{0}	Total Points: {0}	累計スコア：{0}	Tổng điểm: {0}
lang_multi_text.db	MowingTowerBuffViewTitle	3.4	Hội thoại/Cốt truyện	Hội thoại/Khác			选择增益	Select Buffs	有利効果を選択	Chọn Bùa Lợi
lang_multi_text.db	MowingTowerLevelViewTitle	3.4	Hội thoại/Cốt truyện	Hội thoại/Khác			关卡详情	Stage Details	ステージ情報	Chi Tiết Ải
lang_multi_text.db	MowingTowerMultiTips	3.4	Hội thoại/Cốt truyện	Hội thoại/Khác			联机状态下无法进入该活动	Unable to join this event in Co-Op Mode	マルチプレイ中はこのイベントに参加できません	Không thể tham gia sự kiện này trong chế độ nhiều người chơi
lang_multi_text.db	MowingTowerNeedThreeRole	3.4	Hội thoại/Cốt truyện	Hội thoại/Khác			请在上下半场各选择3名角色后再进行挑战	Select 3 Resonators to take part in the challenge	前半・後半でそれぞれキャラを3名編成してから挑戦してください	Vui lòng chọn 3 nhân vật cho mỗi hiệp trước khi tiến hành khiêu chiến
lang_multi_text.db	MowingTowerRewardViewTitle	3.4	Hội thoại/Cốt truyện	Hội thoại/Khác			奖励详情	Rewards	報酬詳細	Chi Tiết Phần Thưởng
lang_multi_text.db	MowingTowerSelectViewTitle	3.4	Hội thoại/Cốt truyện	Hội thoại/Khác			钳形激战无双版	Pincer Maneuver Warriors	挟撃作戦無双版	Gọng Kìm Chiến Vô Song
lang_multi_text.db	MowingTowerUnlockCondition	3.4	Hội thoại/Cốt truyện	Hội thoại/Khác			前置关卡达到{0}分后解锁	Unlocks after reaching {0} points in the previous stage	前のステージで{0}スコア達成で解放	Mở khóa sau khi ải trước đạt {0} điểm
lang_multi_text.db	MultRacing_Button_Match	3.4	Hội thoại/Cốt truyện	Hội thoại/Khác			多人匹配	Match	マッチング	Ghép trận nhiều người
lang_multi_text.db	MultRacing_Button_Matching	3.4	Hội thoại/Cốt truyện	Hội thoại/Khác			匹配中	Matching	マッチング中	Đang ghép trận
lang_multi_text.db	MultRacing_GlobalTaskType01	3.4	Hội thoại/Cốt truyện	Hội thoại/Khác			累计游玩{0}/{1}次赛道	Race {0}/{1} times in total	コースを累計{0}/{1}回プレイする	Tham gia tổng cộng {0}/{1} cuộc đua
lang_multi_text.db	MultRacing_GlobalTaskType02	3.4	Hội thoại/Cốt truyện	Hội thoại/Khác			所有赛道完成{0}/{1}次	Complete all tracks {0}/{1} times	すべてのコースを{0}/{1}回完走する	Hoàn thành tất cả đường đua {0}/{1} lần.
lang_multi_text.db	MultRacing_GlobalTaskType03	3.4	Hội thoại/Cốt truyện	Hội thoại/Khác			任意赛道获得{0}/{1}次冠军	Finish first {0}/{1} times on any track	任意のコースを1位で{0}/{1}回完走する	Về nhất {0}/{1} lần trên một đường đua bất kỳ.
lang_multi_text.db	MultRacing_GlobalTaskType04	3.4	Hội thoại/Cốt truyện	Hội thoại/Khác			任意赛道累计触碰{0}/{1}次加速圈	Pass through {0}/{1} boost rings in total on any track	任意のコースでブーストリングに累計{0}/{1}回触れる	Đi qua tổng cộng {0}/{1} Vòng Tăng Tốc trên một đường đua bất kỳ.
lang_multi_text.db	MultRacing_GlobalTaskType05	3.4	Hội thoại/Cốt truyện	Hội thoại/Khác			任意赛道累计领跑{0}/{1}次	Lead the race {0}/{1} times in total on any track	任意のコースで累計{0}/{1}回先頭を走る	Dẫn đầu cuộc đua tổng cộng {0}/{1} lần trên một đường đua bất kỳ.
lang_multi_text.db	MultRacing_LevelTitle01	3.4	Hội thoại/Cốt truyện	Hội thoại/Khác			破暗见明	Revealing Light	ブレイク・ザ・ダーク	Xé Màn Đêm, Đón Ánh Sáng
lang_multi_text.db	MultRacing_LevelTitle02	3.4	Hội thoại/Cốt truyện	Hội thoại/Khác			升空气流	Updraft	アップドラフト・スプリント	Luồng Khí Bốc Lên
lang_multi_text.db	MultRacing_LevelTitle03	3.4	Hội thoại/Cốt truyện	Hội thoại/Khác			破冰行动	Operation Ice-Breaker	フロスト・スマッシュ	Chiến Dịch Phá Băng
lang_multi_text.db	MultRacing_LevelTitle04	3.4	Hội thoại/Cốt truyện	Hội thoại/Khác			俯冲狂想	Diving Rhapsody	フリーフォール・カプリッチオ	Bản Cuồng Tưởng Lao Xuống
lang_multi_text.db	MultRacing_RecordEmpty	3.4	Hội thoại/Cốt truyện	Hội thoại/Khác			暂无成绩	No Record	記録なし	Tạm chưa có thành tích
lang_multi_text.db	MultRacing_RecordRanking	3.4	Hội thoại/Cốt truyện	Hội thoại/Khác			关卡最高排名	Stage Highest Ranking	最高順位	Thứ hạng cao nhất của ải
lang_multi_text.db	MultRacing_RecordTime	3.4	Hội thoại/Cốt truyện	Hội thoại/Khác			关卡最快用时	Stage Time Record	最速タイム	Thời gian nhanh nhất của ải
lang_multi_text.db	MultRacing_Result_Countdown	3.4	Hội thoại/Cốt truyện	Hội thoại/Khác			{0}后自动退出	Leaving in {0}s	{0}秒後に退出	Tự động thoát sau {0}
lang_multi_text.db	MultRacing_RewardCollectedlAmount	3.4	Hội thoại/Cốt truyện	Hội thoại/Khác			{0}	{0}	{0}	{0}
lang_multi_text.db	MultRacing_RewardTaskType01	3.4	Hội thoại/Cốt truyện	Hội thoại/Khác			完成{0}/{1}次当前赛道	Complete this track {0}/{1} times	コースを{0}/{1}回完走する	Hoàn thành {0}/{1} lần đường đua hiện tại
lang_multi_text.db	MultRacing_RewardTaskType02	3.4	Hội thoại/Cốt truyện	Hội thoại/Khác			当前赛道获得{0}/{1}次冠军	Finish first {0}/{1} times	コースを1位で{0}/{1}回完走する	Về nhất {0}/{1} lần ở đường đua hiện tại.
lang_multi_text.db	MultRacing_RewardTaskType03	3.4	Hội thoại/Cốt truyện	Hội thoại/Khác			当前赛道累计触碰{0}/{1}次加速圈	Pass through {0}/{1} boost rings in total	ブーストリングに累計{0}/{1}回触れる	Đi qua tổng cộng {0}/{1} Vòng Tăng Tốc ở đường đua hiện tại.
lang_multi_text.db	MultRacing_RewardTaskType04	3.4	Hội thoại/Cốt truyện	Hội thoại/Khác			当前赛道累计领跑{0}/{1}次	Lead the race {0}/{1} times in total	累計{0}/{1}回先頭を走る	Dẫn đầu cuộc đua tổng cộng {0}/{1} lần ở đường đua hiện tại.
lang_multi_text.db	MultRacing_RewardTime	3.4	Hội thoại/Cốt truyện	Hội thoại/Khác			剩余时间：{0}	Remaining: {0}	残り時間：{0}	Thời gian còn lại: {0}
lang_multi_text.db	MultRacing_RewardTitle	3.4	Hội thoại/Cốt truyện	Hội thoại/Khác			活动奖励({0}/{1})	Event Rewards ({0}/{1})	イベント報酬({0}/{1})	Phần Thưởng Sự kiện ({0}/{1})
lang_multi_text.db	MultRacing_RewardTotalAmount	3.4	Hội thoại/Cốt truyện	Hội thoại/Khác			/{0}	/{0}	/{0}	/{0}
lang_multi_text.db	MultRacing_Speaker	3.4	Hội thoại/Cốt truyện	Hội thoại/Khác			播报员	Commentator	アナウンサー	Bình luận viên
lang_multi_text.db	MultRacing_Team_hint1	3.4	Hội thoại/Cốt truyện	Hội thoại/Khác			玩法中无法解散联机世界	Cannot disband Co-op party in an event	プレイ中はパーティーを解散できません	Không thể giải tán thế giới liên kết trong lối chơi
lang_multi_text.db	MultRacing_UnlockInfo	3.4	Hội thoại/Cốt truyện	Hội thoại/Khác			{0}后解锁	Unlocked after {0}	{0}後に解放	Mở khóa sau {0}
lang_multi_text.db	MultiModeCannotTeleport	3.4	Hội thoại/Cốt truyện	Hội thoại/Khác			多人游戏中无法旅行至异常的重力环境区域的信标。	Cannot Fast Travel to areas with abnormal gravity in Co-op.	マルチプレイ中は、重力異常地域にファストトラベルできません	Trong chế độ nhiều người chơi không thể dịch chuyển đến điểm mốc ở khu vực có môi trường trọng lực bất thường.
lang_multi_text.db	MultiMotorGlobalTask	3.4	Hội thoại/Cốt truyện	Hội thoại/Khác			赛事总进程	Race Progress	全レースの進捗	Tổng tiến trình giải đấu
lang_multi_text.db	MultiMotorNotFinished	3.4	Hội thoại/Cốt truyện	Hội thoại/Khác			未完成	Unfinished	未完走	Chưa hoàn thành
lang_multi_text.db	MultiMotorOnlineDisable	3.4	Hội thoại/Cốt truyện	Hội thoại/Khác			多人联机状态下仅主机可进入该活动	Matchmaking can only be done by the host in Co-op mode	マルチプレイ中は、ホストのみイベントに参加可能です	Ở trạng thái chơi mạng nhiều người, chỉ chủ phòng mới có thể tham gia Sự kiện này
lang_multi_text.db	MultiMotorTaskDesMiddle	3.4	Hội thoại/Cốt truyện	Hội thoại/Khác			或	Or	/	Hoặc
lang_multi_text.db	MultiMotor_Rank_1_AbsoluteRule_Tag	3.4	Hội thoại/Cốt truyện	Hội thoại/Khác			绝对统治	Absolute Domination	完全制覇	Thống Trị Tuyệt Đối
lang_multi_text.db	MultiMotor_Rank_1_Finish_Tag	3.4	Hội thoại/Cốt truyện	Hội thoại/Khác			人车合一	One with the Motorbike	人車一体	Người Xe Hợp Nhất
lang_multi_text.db	MultiMotor_Rank_1_Tag	3.4	Hội thoại/Cốt truyện	Hội thoại/Khác			超级冠军	Super Champion	絶対王者	Siêu Quán Quân
lang_multi_text.db	MultiMotor_Rank_2_Finish_Tag	3.4	Hội thoại/Cốt truyện	Hội thoại/Khác			争分夺秒	Every Second Counts	コンマ1秒の死闘	Chạy Đua Thời Gian
lang_multi_text.db	MultiMotor_Rank_2_Tag	3.4	Hội thoại/Cốt truyện	Hội thoại/Khác			无冕之王	Crownless King	無冠の帝王	Vua Không Vương Miện
lang_multi_text.db	MultiMotor_Rank_3_Finish_Tag	3.4	Hội thoại/Cốt truyện	Hội thoại/Khác			完赛率100%	100% Completion Rate	完走率100%	Tỷ Lệ Hoàn Thành 100%
lang_multi_text.db	MultiMotor_Rank_3_Tag	3.4	Hội thoại/Cốt truyện	Hội thoại/Khác			不屈之魂	Unyielding Spirit	不屈の闘志	Linh Hồn Bất Khuất
lang_multi_text.db	MultiMotor_Unlock_Tips	3.4	Hội thoại/Cốt truyện	Hội thoại/Khác			完成前置关卡后解锁	Complete the required stage to unlock	前のコースをクリアで解放	Mở khóa sau khi hoàn thành màn tiền đề
lang_multi_text.db	MultiplayerSkillDescription_text	3.4	Hội thoại/Cốt truyện	Hội thoại/Khác			多人模式	Co-op Mode	マルチプレイ	Chế độ nhiều người chơi
lang_multi_text.db	NeedMaterialTitleText	3.4	Hội thoại/Cốt truyện	Hội thoại/Khác			所需材料	Required Material	消費素材	Nguyên Liệu Cần
lang_multi_text.db	NeedSameVision	3.4	Hội thoại/Cốt truyện	Hội thoại/Khác			需要同名声骸	Tuning costs same Echoes	同じ音骸が必要	Cần Echo cùng tên
lang_multi_text.db	NeedSign	3.4	Hội thoại/Cốt truyện	Hội thoại/Khác			待签到	Ongoing	未解放	Chờ điểm danh
lang_multi_text.db	NewLordGymPassReward	3.4	Hội thoại/Cốt truyện	Hội thoại/Khác			奖励预览	Rewards Preview	報酬プレビュー	Xem Trước Phần Thưởng
lang_multi_text.db	NewMail	3.4	Hội thoại/Cốt truyện	Hội thoại/Khác			新邮件已接收，请前往查看	New Mail Received	新しいメールが届きました	Thư mới đã nhận, vui lòng xem
lang_multi_text.db	NewSoundLordGymDifficulty	3.4	Hội thoại/Cốt truyện	Hội thoại/Khác			当前难度：<color=#182b34>{0}</color>/{1}	Current Difficulty: <color=#182b34>{0}</color>/{1}	難易度：<color=#182b34>{0}</color>/{1}	Độ khó hiện tại: <color=#182b34>{0}</color>/{1}
lang_multi_text.db	NewTower_Diffcult_1	3.4	Hội thoại/Cốt truyện	Hội thoại/Khác			稳定区	Stable Zone	安定エリア	Khu Ổn Định
lang_multi_text.db	NewTower_Diffcult_2	3.4	Hội thoại/Cốt truyện	Hội thoại/Khác			实验区	Experiment Zone	実験エリア	Khu Thử Nghiệm
lang_multi_text.db	NewTower_Diffcult_3	3.4	Hội thoại/Cốt truyện	Hội thoại/Khác			深境区	Hazard Zone	深層エリア	Khu Vực Sâu
lang_multi_text.db	NewTower_Diffcult_4	3.4	Hội thoại/Cốt truyện	Hội thoại/Khác			超载区	Overdrive Zone	禁域エリア	Khu Quá Tải
lang_multi_text.db	NewVersionTip01	3.4	Hội thoại/Cốt truyện	Hội thoại/Khác			已为最新版本	You are running the latest version	最新の状態です	Đã là phiên bản mới nhất
lang_multi_text.db	NewVersionTip02	3.4	Hội thoại/Cốt truyện	Hội thoại/Khác			检测到新版本	New version available	新しいバージョンがあります	Phát hiện phiên bản mới
lang_multi_text.db	NewVersionTitle	3.4	Hội thoại/Cốt truyện	Hội thoại/Khác			可选更新提示	Update Notification Options	アップデートのお知らせ	Thông báo cập nhật tùy chọn
lang_multi_text.db	NewVersion_ConfirmBox_ButtonText_0	3.4	Hội thoại/Cốt truyện	Hội thoại/Khác			忽略	Ignore	あとで	Bỏ qua
lang_multi_text.db	NewVersion_ConfirmBox_ButtonText_1	3.4	Hội thoại/Cốt truyện	Hội thoại/Khác			前往更新	Update	アップデートへ	Đến cập nhật
lang_multi_text.db	NewVersion_ConfirmBox_Content	3.4	Hội thoại/Cốt truyện	Hội thoại/Khác			{0}	{0}	{0}	{0}
lang_multi_text.db	NewVisionSlot	3.4	Hội thoại/Cốt truyện	Hội thoại/Khác			新增调优槽位	New Tuning Slot	新しいスロット	Thêm ô tinh chỉnh
lang_multi_text.db	New_Echo_Unlocked	3.4	Hội thoại/Cốt truyện	Hội thoại/Khác			新声骸获得	New Echo Unlocked	新音骸獲得	Nhận được Echo mới
lang_multi_text.db	New_corner	3.4	Hội thoại/Cốt truyện	Hội thoại/Khác			新	New	New	Mới
lang_multi_text.db	NewbieCourse_LevelTips	3.4	Hội thoại/Cốt truyện	Hội thoại/Khác			联觉等级不足，请先提升联觉等级	Insufficient Union Level. Please raise your Union Level first.	ユニオンレベルが足りません。先にユニオンレベルを上げてください	Cấp Liên Giác không đủ, vui lòng tăng Cấp Liên Giác trước
lang_multi_text.db	Newtower_Motor_Subtitle	3.4	Hội thoại/Cốt truyện	Hội thoại/Khác			「终焉矩阵·无尽危局」挑战周期奖励	Endstate Matrix: Doomsday Cycle Rewards	挑戦「終焉マトリクス・無限クライシス」の周期報酬	Phần thưởng chu kỳ khiêu chiến "Ma Trận Tận Cùng: Nguy Cơ Vô Tận"
lang_multi_text.db	Newtower_Motor_Title	3.4	Hội thoại/Cốt truyện	Hội thoại/Khác			星海彼岸的呼唤	Call from Beyond the Stars	星海を越える呼びかけ	Tiếng Gọi Từ Bờ Bên Kia Biển Sao
lang_multi_text.db	NightMareCountDown	3.4	Hội thoại/Cốt truyện	Hội thoại/Khác			该地点梦魇暂未刷新	Nightmares in this location have not yet respawned	該当場所のナイトメア残像はまだリセットされていません。	Ác mộng tại địa điểm này tạm thời chưa được làm mới
lang_multi_text.db	NightMareLeftTimes	3.4	Hội thoại/Cốt truyện	Hội thoại/Khác			已击败残象：<color=#182b34>{0}</color>/{1}	Tacet Discords Defeated: <color=#182b34>{0}</color>/{1}	倒した残像数：<color=#182b34>{0}</color>/{1}	Đã đánh bại Tàn Tượng: <color=#182b34>{0}</color>/{1}
lang_multi_text.db	NightMareSceneGameplayPanelTips	3.4	Hội thoại/Cốt truyện	Hội thoại/Khác			已击败残象	TDs defeated	倒した残像数	Đã đánh bại Tàn Tượng
lang_multi_text.db	NoOnline_Title	3.4	Hội thoại/Cốt truyện	Hội thoại/Khác			禁止联机	Co-op not available	マルチプレイ不可	Cấm chơi mạng
lang_multi_text.db	NoPassRecord	3.4	Hội thoại/Cốt truyện	Hội thoại/Khác			暂无挑战记录	No Challenge Record	挑戦履歴なし	Tạm chưa có ghi chép khiêu chiến
lang_multi_text.db	NoPhantomDiscarded_Tips	3.4	Hội thoại/Cốt truyện	Hội thoại/Khác			当前弃置声骸数量为0	No Echoes are marked as "Discard"	現在、廃棄対象の音骸はありません	Số lượng Echo vứt bỏ hiện tại là 0
lang_multi_text.db	NoPlayPoint_Text	3.4	Hội thoại/Cốt truyện	Hội thoại/Khác			请在目标范围内继续探索	Please continue exploring within the target area	目標範囲内に向かって探索してください。	Vui lòng tiếp tục khám phá trong phạm vi mục tiêu
lang_multi_text.db	NoneText	3.4	Hội thoại/Cốt truyện	Hội thoại/Khác			无	None	なし	Không có
lang_multi_text.db	NormalBuffTabName	3.4	Hội thoại/Cốt truyện	Hội thoại/Khác			通用强化	Forte Enhancement	汎用有利効果	Cường Hóa Chung
lang_multi_text.db	NormalSearch	3.4	Hội thoại/Cốt truyện	Hội thoại/Khác			UID	UID	ユーザーID	UID
lang_multi_text.db	NotAbandoned	3.4	Hội thoại/Cốt truyện	Hội thoại/Khác			未弃置	Not discarded	廃棄マークなし	Chưa vứt bỏ
lang_multi_text.db	NotEnough	3.4	Hội thoại/Cốt truyện	Hội thoại/Khác			数量不足	Insufficient quantity	数が足りません	Số lượng không đủ
lang_multi_text.db	NotEnoughOneDay	3.4	Hội thoại/Cốt truyện	Hội thoại/Khác			不足1天	< 1d	1日未満	Chưa đến 1 ngày
lang_multi_text.db	NotEnoughOneHour	3.4	Hội thoại/Cốt truyện	Hội thoại/Khác			不足1小时	< 1h	1時間未満	Chưa đến 1 giờ
lang_multi_text.db	NotEnoughOneMinute	3.4	Hội thoại/Cốt truyện	Hội thoại/Khác			不足1分钟	Less than 1 min	1分未満	Dưới 1 phút
lang_multi_text.db	NotFriendShieldTips	3.4	Hội thoại/Cốt truyện	Hội thoại/Khác			互为好友才可以进行屏蔽操作	You must be Friends to block a player	フレンド同士の場合のみブロック可能	Phải là bạn bè mới có thể tiến hành chặn
lang_multi_text.db	Observatory_FunctionOpenDesc	3.4	Hội thoại/Cốt truyện	Hội thoại/Khác			深空测界台重建后，将解锁「模拟天气」，可发射控制信号，调整大气拟造阵列在拉海洛地区生成模拟天气。	Rebuild the Spacetrek Observatory to unlock Weather Simulation. Send control signals to the Sky Projection Array to generate simulated weather across Lahai-Roi.	スペーストレック観測台の再建後、「天気シミュレーター」が解放される。スペーストレック観測台からコントロール信号を発信し、大気シミュレータアレイの設定によって、ラハイロイ地区に任意の天候をシミュレートできる。	Sau khi Đài Đo Giới Không Gian Sâu được xây dựng lại, sẽ mở khóa "Mô Phỏng Thời Tiết", có thể phát ra tín hiệu điều khiển, điều chỉnh Trận Phác Họa Bầu Trời tạo ra thời tiết mô phỏng ở khu vực Lahai-Roi.
lang_multi_text.db	Observatory_FunctionOpenTitile	3.4	Hội thoại/Cốt truyện	Hội thoại/Khác			功能解锁	Unlocks Function	機能解放	Mở Khóa Chức Năng
lang_multi_text.db	ObtainFlySkin	3.4	Hội thoại/Cốt truyện	Hội thoại/Khác			获得新换影	Obtain new Aspect	新幻相獲得	Nhận Hoán Ảnh Mới
lang_multi_text.db	ObtainRoleSkin	3.4	Hội thoại/Cốt truyện	Hội thoại/Khác			获得新服饰	Obtain new outfit	新衣装獲得	Nhận Trang Phục Mới
lang_multi_text.db	OnClickCd	3.4	Hội thoại/Cốt truyện	Hội thoại/Khác			（{0}）	({0})	（{0}）	（{0}）
lang_multi_text.db	OnlineDisabledByGravity	3.4	Hội thoại/Cốt truyện	Hội thoại/Khác			处于异常的重力环境，无法进入多人游戏。	Currently influenced by abnormal gravity, unable to join Co-op.	重力異常のため、マルチプレイはできません。	Đang ở môi trường trọng lực bất thường, không thể vào chế độ nhiều người chơi.
lang_multi_text.db	OnlineGymnasium_AnonymityName	3.4	Hội thoại/Cốt truyện	Hội thoại/Khác			匿名	Anonymous	匿名	Ẩn danh
lang_multi_text.db	OnlineGymnasium_BuffControlTime	3.4	Hội thoại/Cốt truyện	Hội thoại/Khác			施加控制时间：	CC Duration:	行動妨害効果を付与した時間：	Thời Gian Áp Dụng Khống Chế:
lang_multi_text.db	OnlineGymnasium_BuffControlTime_Title	3.4	Hội thoại/Cốt truyện	Hội thoại/Khác			陷阱达人	Master of Traps	罠の達人	Bậc Thầy Đặt Bẫy
lang_multi_text.db	OnlineGymnasium_BuffEffectiveTime	3.4	Hội thoại/Cốt truyện	Hội thoại/Khác			增益覆盖时间：	Buff Time Count:	受けたバフの持続時間：	Thời gian bao phủ búp:
lang_multi_text.db	OnlineGymnasium_BuffEffectiveTime_Title	3.4	Hội thoại/Cốt truyện	Hội thoại/Khác			符文大师	Master of Runes	ルーンマスター	Bậc Thầy Cổ Ngữ
lang_multi_text.db	OnlineGymnasium_RoleCounter	3.4	Hội thoại/Cốt truyện	Hội thoại/Khác			逆势回击次数：	Counterattack Count:	パリィ回数：	Số lần Phản Công Ngược Thế:
lang_multi_text.db	OnlineGymnasium_RoleCounter_Title	3.4	Hội thoại/Cốt truyện	Hội thoại/Khác			攻不可破	Unbreakable Stance	難攻不落	Không Thể Phá Vỡ
lang_multi_text.db	OnlineGymnasium_RoleDamage	3.4	Hội thoại/Cốt truyện	Hội thoại/Khác			伤害占比：	Damage Contribution:	ダメージの割合：	Tỷ lệ sát thương:
lang_multi_text.db	OnlineGymnasium_RoleDamage_Title	3.4	Hội thoại/Cốt truyện	Hội thoại/Khác			梦魇猎手	Nightmare Hunter	ナイトメアハンター	Thợ Săn Ác Mộng
lang_multi_text.db	OnlineGymnasium_RoleDamage_Title1	3.4	Hội thoại/Cốt truyện	Hội thoại/Khác			我火力全开	I'm On Fire	フルバースト！	Hỏa Lực Toàn Khai
lang_multi_text.db	OnlineGymnasium_RoleDamage_Title2	3.4	Hội thoại/Cốt truyện	Hội thoại/Khác			英雄之证	Proof of a Hero	英雄の証	Minh Chứng Anh Hùng
lang_multi_text.db	OnlineGymnasium_RoleDamage_Title3	3.4	Hội thoại/Cốt truyện	Hội thoại/Khác			M!V!P!	M!V!P!	M！V！P！	M!V!P!
lang_multi_text.db	OnlineGymnasium_RoleDeadCount	3.4	Hội thoại/Cốt truyện	Hội thoại/Khác			被击倒次数：	Knocked Out Count:	死亡回数：	Số Lần Bị Đánh Ngã:
lang_multi_text.db	OnlineGymnasium_RoleDeadCount_Title	3.4	Hội thoại/Cốt truyện	Hội thoại/Khác			冥界征服者	Death Conqueror	冥界の征服者	Kẻ Chinh Phục Minh Giới
lang_multi_text.db	OnlineGymnasium_RoleDeadCount_Title1	3.4	Hội thoại/Cốt truyện	Hội thoại/Khác			我重伤倒地	I'm Down But Alive	マン・ダウン	Trọng Thương Ngã Gục
lang_multi_text.db	OnlineGymnasium_RoleDeadCount_Title2	3.4	Hội thoại/Cốt truyện	Hội thoại/Khác			匍匐前进	Crawling Forward	這いよります	Bò Tới Trước
lang_multi_text.db	OnlineGymnasium_RoleDeadCount_Title3	3.4	Hội thoại/Cốt truyện	Hội thoại/Khác			地面技大师	Ground Game Expert	寝技の達人	Bậc Thầy Nằm Đất
lang_multi_text.db	OnlineGymnasium_RoleExtremeDodge	3.4	Hội thoại/Cốt truyện	Hội thoại/Khác			成功闪避次数：	Dodge Count:	回避した回数：	Số lần Né Tránh thành công:
lang_multi_text.db	OnlineGymnasium_RoleExtremeDodge_Title	3.4	Hội thoại/Cốt truyện	Hội thoại/Khác			虚幻之躯	Ethereal Form	幻の身体	Cơ Thể Hư Ảo
lang_multi_text.db	OnlineGymnasium_RoleExtremeDodge_Title1	3.4	Hội thoại/Cốt truyện	Hội thoại/Khác			左右横跳	Repetition Side Steps	反復横跳び	Nhảy Ngang Trái Phải
lang_multi_text.db	OnlineGymnasium_RoleExtremeDodge_Title2	3.4	Hội thoại/Cốt truyện	Hội thoại/Khác			黑色闪电	Dark Lightning	黒き稲妻	Tia Chớp Đen
lang_multi_text.db	OnlineGymnasium_RoleExtremeDodge_Title3	3.4	Hội thoại/Cốt truyện	Hội thoại/Khác			不愧是幻影大人！	My Name Is Shadow	さすがはファントム様！	Quả Là Ngài Ảo Ảnh!
lang_multi_text.db	OnlineGymnasium_RoleHeal	3.4	Hội thoại/Cốt truyện	Hội thoại/Khác			治疗量占比：	Healing Contribution:	HP回復量の割合：	Tỷ Lệ Lượng Trị Liệu:
lang_multi_text.db	OnlineGymnasium_RoleHeal_Title	3.4	Hội thoại/Cốt truyện	Hội thoại/Khác			急救医师	Field Medic	救急医	Bác Sĩ Cấp Cứu
lang_multi_text.db	OnlineGymnasium_RoleHeal_Title1	3.4	Hội thoại/Cốt truyện	Hội thoại/Khác			高贵的绿色职业！	Green-Colored Class!	高貴なる緑色の職業！	Nghề Màu Xanh Cao Quý!
lang_multi_text.db	OnlineGymnasium_RoleHeal_Title2	3.4	Hội thoại/Cốt truyện	Hội thoại/Khác			疯狂钻石	Crazy Diamond	クレイジー・ダイヤモンド	Kim Cương Điên Cuồng
lang_multi_text.db	OnlineGymnasium_RoleHeal_Title3	3.4	Hội thoại/Cốt truyện	Hội thoại/Khác			死者苏生	Monster Reborn	死者蘇生	Tử Giả Tô Sinh
lang_multi_text.db	OnlineHallViewRefreshBtnCd	3.4	Hội thoại/Cốt truyện	Hội thoại/Khác			请{0}秒后再试	Please try again after {0}s	{0}秒後に再度お試しください	Vui lòng thử lại sau {0} giây
lang_multi_text.db	OnlineHallViewRefreshBtnNormal	3.4	Hội thoại/Cốt truyện	Hội thoại/Khác			刷新列表	Refresh	リスト更新	Làm Mới Danh Sách
lang_multi_text.db	OnlineSimulationPassiveExit	3.4	Hội thoại/Cốt truyện	Hội thoại/Khác			已退出多人游戏	You have left Co-op Mode	マルチプレイから退出しました	Đã thoát chế độ nhiều người chơi
lang_multi_text.db	OnlineSingleTips	3.4	Hội thoại/Cốt truyện	Hội thoại/Khác			当前处于多人游戏中	Currently in Co-op Mode	現在マルチプレイ中です	Hiện đang ở chế độ nhiều người chơi
lang_multi_text.db	Online_ResetSearch	3.4	Hội thoại/Cốt truyện	Hội thoại/Khác			重置	Reset	リセット	Đặt lại
lang_multi_text.db	Online_Search	3.4	Hội thoại/Cốt truyện	Hội thoại/Khác			搜索	Search	検索	Tìm Kiếm
lang_multi_text.db	OriginalGliderSkinDescription	3.4	Hội thoại/Cốt truyện	Hội thoại/Khác			初醒时，你从秧秧那里获得的一个探索用声骸。借着风，它能带你翻过无数山岭，甚至越过大海。	A utility Echo you received from Yangyang after you first awakened. Riding the wind, it can carry you over countless mountain ranges, and even across the seas.	目覚めた時に秧秧から受け取った探索用音骸。風の力を借りれば、山を越え、海を渡り、どこまでも連れてってくれる。	Khi mới thức tỉnh, Echo dùng để thám hiểm mà cậu nhận được từ Yangyang. Nhờ vào gió, nó có thể đưa cậu vượt qua vô số ngọn núi, thậm chí bay qua đại dương.
lang_multi_text.db	OriginalGliderSkinName	3.4	Hội thoại/Cốt truyện	Hội thoại/Khác			风语者	Wind Talker	風の語り部	Người Nói Chuyện Với Gió
lang_multi_text.db	OriginalGliderSkinType	3.4	Hội thoại/Cốt truyện	Hội thoại/Khác			初始换影	Standard Aspect	幻相　デフォルト	Hoán Ảnh Khởi Đầu
lang_multi_text.db	OriginalSoarSkinDescription	3.4	Hội thoại/Cốt truyện	Hội thoại/Khác			你于黎那汐塔获得的一个探索用声骸。借助它，你能如飞鸟一般在高天翱翔。	A utility Echo you obtained while in Rinascita. With it, you are able to soar into the skies like the birds.	リナシータで手に入れた探索用音骸。身につければ、鳥のように自由に空を羽ばたける。	Một Echo dùng để khám phá mà cậu có được ở Rinascita. Mượn sức mạnh của nó, cậu có thể bay lượn trên bầu trời cao như một chú chim.
lang_multi_text.db	OriginalSoarSkinName	3.4	Hội thoại/Cốt truyện	Hội thoại/Khác			高天之翼	Wings of Envoy	高天の翼	Đôi Cánh Bầu Trời
lang_multi_text.db	OriginalSoarSkinType	3.4	Hội thoại/Cốt truyện	Hội thoại/Khác			初始换影	Standard Aspect	幻相　デフォルト	Hoán Ảnh Khởi Đầu
lang_multi_text.db	OriginalWeaponSkinDescription	3.4	Hội thoại/Cốt truyện	Hội thoại/Khác			关闭投影功能，使用武器原本的外观。	Disable projection to use the weapon's default appearance.	投影機能をオフにしてデフォルトスキンを適用。	Tắt tính năng hình chiếu, sử dụng ngoại hình gốc của vũ khí.
lang_multi_text.db	OriginalWeaponSkinName	3.4	Hội thoại/Cốt truyện	Hội thoại/Khác			初始外观	Default	デフォルトスキン	Ngoại Hình Ban Đầu
lang_multi_text.db	OrnamentAttrDes_80870001	3.4	Hội thoại/Cốt truyện	Hội thoại/Khác			由热心粉丝制作的海豹头饰，取材自飞行雪绒最喜欢的吉祥物。	A seal headpiece made by an enthusiastic fan, inspired by Fleet Snowfluff's favorite mascot.	熱心なファンが手作りしたアザラシのヘッドアクセ。「フリート・スノーフラッフ」のお気に入りマスコットがモチーフ。	Phụ kiện đầu hình hải cẩu do người hâm mộ nhiệt tình làm ra, lấy cảm hứng từ linh vật yêu thích của Fleet Snowfluff.
lang_multi_text.db	OrnamentAttrDes_80870004	3.4	Hội thoại/Cốt truyện	Hội thoại/Khác			取材自某种花的头饰，也是她曾为自己添置过的唯一饰品。	A headpiece inspired by a certain flower, and the only accessory she ever chose for herself.	とある花をモチーフにしたヘッドアクセ。かつて彼女が自分のために用意した、唯一の装飾品。	Phụ kiện đầu lấy cảm hứng từ một loài hoa, cũng là món đồ trang sức duy nhất cô từng chọn cho mình.
lang_multi_text.db	OrnamentAttrDes_80870005	3.4	Hội thoại/Cốt truyện	Hội thoại/Khác			达妮娅平时携带的玩偶的……特殊版本？\n这一款看起来似乎和她本人格外地像。	A special version of the doll Denia carries with her every day.\nThis one looks uncannily like her.	ダーニャがいつも持ち歩いているぬいぐるみの……特別仕様？どこか本人にそっくりな気がする。	Phiên bản đặc biệt... của con búp bê mà Denia hay mang theo?\nTrông nó có vẻ giống hệt cô ấy.
lang_multi_text.db	OrnamentAttrDes_80870007	3.4	Hội thoại/Cốt truyện	Hội thoại/Khác			第二次考入星炬学院后，她为自己挑选的第一件饰品。过去的阴霾已经消散，现在嘛，重要的——只有眼前的缤纷色彩，和闪闪发光的未来！	Upon her second admission to Startorch Academy, she chose her very first accessory. The shadows of the past had finally receded. Now, all that matters is the vivid colors before her eyes and the dazzling future that lies ahead.	スタートーチ学園に再び入学した彼女が、自分のために初めて選んだアクセサリー。過去の影はもう遠い。今の彼女にとって大切なのは、目の前に広がる鮮やかな毎日と、きらきらと輝く未来！	Món trang sức đầu tiên cô tự chọn cho mình sau khi thi đỗ vào Học viện Startorch lần thứ hai. Bóng mây u ám của quá khứ đã tan biến, còn bây giờ thì, điều quan trọng — chỉ có sắc màu rực rỡ trước mắt, và tương lai lấp lánh!
lang_multi_text.db	OrnamentAttrDes_80870008	3.4	Hội thoại/Cốt truyện	Hội thoại/Khác			为监测超频对自己的身体影响，莫宁临时改造了她的星栈，因共鸣力不稳定而影响了实验器械这种可以预防的意外，从不会出现在她的实验室中。	To monitor the effects of Overclocking on her vitals, Mornye temporarily modified her Starstack. An unstable Forte disrupting the instruments? That's the kind of predictable accident you'll never see in Mornye's lab.	オーバークロックによる自身への負荷を観測するため、モーニエが急ごしらえで改造したスタースタック。共鳴力の乱れによる機材トラブル――そのような防ぎ得る事故は、彼女の実験室では決して起こらない。	Để theo dõi ảnh hưởng của việc Vượt Tần lên cơ thể mình, Mornye đã tạm thời cải tạo Starstack của cô. Những tai nạn có thể phòng tránh được như việc sức cộng hưởng không ổn định làm ảnh hưởng đến thiết bị thí nghiệm, chưa bao giờ xuất hiện trong phòng thí nghiệm của cô.
lang_multi_text.db	OrnamentBgDes_80870001	3.4	Hội thoại/Cốt truyện	Hội thoại/Khác			软乎乎，圆滚滚，摸起来治愈人心的小家伙……带上飞行雪绒最喜欢的吉祥物，一起踏上拯救世界的旅途吧！	Soft, round, and soothing to the touch... Take Fleet Snowfluff's favorite mascot with you on your journey to save the world!	ふわふわで、ころんと丸い、触れるだけで癒やされる存在……「フリート・スノーフラッフ」のお気に入りマスコットと一緒に、世界を救う旅へ出かけよう！	Mềm mại, tròn xoe, chạm vào là thấy dễ chịu... Hãy mang theo linh vật yêu thích của Fleet Snowfluff và cùng bước vào hành trình giải cứu thế giới nào!
lang_multi_text.db	OrnamentBgDes_80870004	3.4	Hội thoại/Cốt truyện	Hội thoại/Khác			她心里清楚，身负巫女职责，即无法再触碰内心期望的寻常生活。\n但在这初雪融化之前，也应当如寻常花朵般绽放一瞬。	She knows full well that carrying the mantle of a miko means surrendering the ordinary life she once longed for.\nYet, before the last traces of the first snow melt away, she, too, deserves a fleeting moment to bloom, like any other flowers.	巫女としての務めを背負う以上、望んでいた普通の暮らしにはもう触れられない――それは分かっている。\nそれでも、初雪が溶けるその時までは、ありふれた花のように、ひとときだけでも咲いていたい。	Cô biết rõ, mang trọng trách vu nữ nghĩa là phải từ bỏ cuộc sống bình dị mà mình từng mong ước.\nNhưng trước khi bông tuyết đầu mùa tan chảy, cô cũng xứng đáng được nở rộ một khoảnh khắc, như bao nụ hoa bình thường khác.
lang_multi_text.db	OrnamentBgDes_80870005	3.4	Hội thoại/Cốt truyện	Hội thoại/Khác			有时，达妮娅希望白昼与黑夜区分得更加鲜明，似乎如此便能将表象和真实剥离开来。	Denia sometimes finds herself wishing for a sharper divide between day and night, as if that might separate what is seen from what is true.	白昼と黒夜の境界が、もっと鮮明になればいいのに――ダーニャは時折、そんな風に思う。そうすれば、取り繕った表面と、隠された真実を、綺麗に切り離せるような気がするからだ。	Đôi khi, Denia hy vọng ranh giới giữa ngày và đêm sẽ rõ ràng hơn, dường như như vậy có thể tách biệt được vẻ bề ngoài và sự thật.
lang_multi_text.db	OrnamentBgDes_80870007	3.4	Hội thoại/Cốt truyện	Hội thoại/Khác			黎明的光辉、耀眼的色彩、全新的旅途……此时此刻，她可以毫无负担地享受属于自己的人生。	The light of dawn, the brilliance of color, and a brand-new journey... in this very moment, she can finally embrace her life, unburdened.	夜明けの輝き、眩しい彩り、新たな旅路……今はもう、彼女を縛るものはなく、自分だけの人生を心から楽しんでいる。	Ánh sáng bình minh, sắc màu rực rỡ, hành trình hoàn toàn mới... lúc này đây, cô có thể tận hưởng cuộc sống của riêng mình mà không vướng bận.
lang_multi_text.db	OrnamentBgDes_80870008	3.4	Hội thoại/Cốt truyện	Hội thoại/Khác			无论是摹拟的星空，还是人造的炉芯，我们的未来值得拥有更多的可能性。 她将以身作答，不断诘问，直至触碰无穷远处的星光。	Whether found in a simulated sky or an artificial Reactor Drive, the future she envisions holds infinite possibilities. She will answer with action, questioning and probing relentlessly until she finally touches the distant stars.	たとえそれが作られた星空でも、人の手で生まれたドライブでも――未来には、まだ無限の可能性が残されている。彼女は自らを答えとして、問い続ける。果てなき星の輝きに触れる、その瞬間まで。	Dù là bầu trời sao mô phỏng, hay lõi lò nhân tạo, tương lai của chúng ta xứng đáng có nhiều khả năng hơn. Cô sẽ lấy chính mình để trả lời, không ngừng chất vấn, cho đến khi chạm tới ánh sao nơi xa vô tận.
lang_multi_text.db	OrnamentName_80870001	3.4	Hội thoại/Cốt truyện	Hội thoại/Khác			雪绒豹豹	Snowfluff Seal	スノーフラッフシールちゃん	Hải Cẩu Snowfluff
lang_multi_text.db	OrnamentName_80870004	3.4	Hội thoại/Cốt truyện	Hội thoại/Khác			无念	Stillmind	無念	Tĩnh Tâm
lang_multi_text.db	OrnamentName_80870005	3.4	Hội thoại/Cốt truyện	Hội thoại/Khác			达妮娅玩偶	Denia's Doll	ダーニャのぬいぐるみ	Búp Bê Của Denia
lang_multi_text.db	OrnamentName_80870007	3.4	Hội thoại/Cốt truyện	Hội thoại/Khác			折映万彩	Unbound Brilliance	プリズム・リフレクション	Vạn Sắc Phản Chiếu
lang_multi_text.db	OrnamentName_80870008	3.4	Hội thoại/Cốt truyện	Hội thoại/Khác			星海的一角	Corner of the Star Sea	星海の一隅	Một Góc Biển Sao
lang_multi_text.db	OrnamentShop_text_01	3.4	Hội thoại/Cốt truyện	Hội thoại/Khác			前往装配	Equip	装備画面へ	Đến Trang Bị
lang_multi_text.db	OrnamentShop_text_02	3.4	Hội thoại/Cốt truyện	Hội thoại/Khác			尚未获得该角色，请在拥有该角色后再进行尝试	You do not own the Resonator yet. Please try again after obtaining this Resonator.	キャラクターを所持していません。キャラクターを獲得してから再度お試しください。	Chưa sở hữu nhân vật này, vui lòng thử lại sau khi có nhân vật này.
lang_multi_text.db	OrnamentUiText_01	3.4	Hội thoại/Cốt truyện	Hội thoại/Khác			装配	Equip	装着	Trang bị
lang_multi_text.db	OrnamentUiText_02	3.4	Hội thoại/Cốt truyện	Hội thoại/Khác			卸下	Remove	外す	Tháo
lang_multi_text.db	OrnamentUiText_03	3.4	Hội thoại/Cốt truyện	Hội thoại/Khác			无法与[{0}]同时装配	Cannot be equipped with {0} together	[{0}]と同時に装着できません	Không thể trang bị cùng lúc với [{0}]
lang_multi_text.db	OrnamentUiText_04	3.4	Hội thoại/Cốt truyện	Hội thoại/Khác			未获得服饰，不可装配	Outfit not obtained. Cannot equip	衣装未所持のため装着できません	Chưa nhận trang phục, không thể trang bị
lang_multi_text.db	OrnamentUiText_05	3.4	Hội thoại/Cốt truyện	Hội thoại/Khác			饰品装配成功	Accessory equipped	アクセサリーを装着しました	Trang bị phụ kiện thành công
lang_multi_text.db	OrnamentUiText_06	3.4	Hội thoại/Cốt truyện	Hội thoại/Khác			饰品已卸下	Accessory removed	アクセサリーを外しました	Đã tháo phụ kiện
lang_multi_text.db	OrnamentUiText_07	3.4	Hội thoại/Cốt truyện	Hội thoại/Khác			查看服饰	View Outfit	衣装を見る	Xem trang phục
lang_multi_text.db	Ornament_TypeDescription	3.4	Hội thoại/Cốt truyện	Hội thoại/Khác			角色服饰饰品	Outfit Accessory	キャラアクセサリー	Phụ kiện trang phục nhân vật
lang_multi_text.db	OverNeedWarnText	3.4	Hội thoại/Cốt truyện	Hội thoại/Khác			超出合鸣效果所需数量	Exceeded Sonata Effect requirement	ハーモニー効果の発動に必要な数を超えています	Vượt quá số lượng cần thiết để phát huy hiệu quả Hợp Minh
lang_multi_text.db	PSN_Tip_MailCodeError	3.4	Hội thoại/Cốt truyện	Hội thoại/Khác			验证码有误，请重试！	The verification code is incorrect. Please try again.	無効な認証コードです。再度お試しください。	Mã xác nhận không đúng, vui lòng thử lại!
lang_multi_text.db	PSN_Tip_MailCodeInvalid	3.4	Hội thoại/Cốt truyện	Hội thoại/Khác			验证已超时，请重试！	Verification has timed out. Please try again.	認証が期限切れです。再度お試しください。	Xác nhận đã hết hạn, vui lòng thử lại!
lang_multi_text.db	PSN_Tip_MailHasBind	3.4	Hội thoại/Cốt truyện	Hội thoại/Khác			已绑定PSN账号，请更换其他邮箱！	This email address is already linked with a PSN account. Please use another email address.	このメールアドレスは既に使用されています。他のメールアドレスを使用してください。	Đã liên kết tài khoản PSN, vui lòng đổi email khác!
lang_multi_text.db	PSN_Tip_MailNotValid	3.4	Hội thoại/Cốt truyện	Hội thoại/Khác			不满足绑定要求，请更换其他邮箱！	The email address you provided does not meet the requirements. Please use another email address.	使用できないメールアドレスです。他のメールアドレスを使用してください。	Không đáp ứng yêu cầu liên kết, vui lòng đổi email khác!
lang_multi_text.db	PSN_Tip_NeedAgreeProtol	3.4	Hội thoại/Cốt truyện	Hội thoại/Khác			请您阅读并同意用户协议与隐私政策以开始游戏	Please read our Terms of Use and Privacy Policy. You must agree to them to start the game.	利用規約及びプライバシーポリシーを同意した上、ゲームを開始	Vui lòng đọc và đồng ý với thỏa thuận người dùng và chính sách bảo mật để bắt đầu trò chơi
lang_multi_text.db	ParallelPackageUpdateDefaultDesc	3.4	Hội thoại/Cốt truyện	Hội thoại/Khác			版本更新	Version Update	バージョンアップデート	Cập nhật phiên bản
lang_multi_text.db	ParallelPackageUpdateDefaultTitle	3.4	Hội thoại/Cốt truyện	Hội thoại/Khác			版本更新	Version Update	バージョンアップデート	Cập nhật phiên bản
lang_multi_text.db	ParallelPackageVersionTip	3.4	Hội thoại/Cốt truyện	Hội thoại/Khác			当前版本不再提示	Hide until the next version update	次のバージョンまで表示しない	Phiên bản hiện tại sẽ không nhắc lại nữa
lang_multi_text.db	PassRecord	3.4	Hội thoại/Cốt truyện	Hội thoại/Khác			挑战记录	Challenge Record	挑戦履歴	Kỷ lục thử thách
lang_multi_text.db	PassReward	3.4	Hội thoại/Cốt truyện	Hội thoại/Khác			完成奖励	Clear Rewards	報酬	Phần Thưởng Hoàn Thành
lang_multi_text.db	PayShop_100_Name	3.4	Hội thoại/Cốt truyện	Hội thoại/Khác			凝刻月相	Purchase	月相刻印	Ngưng Khắc Nguyệt Tướng
lang_multi_text.db	PayShop_1_Name	3.4	Hội thoại/Cốt truyện	Hội thoại/Khác			特别推荐	Recommended	おすすめ	Đề Cử Đặc Biệt
lang_multi_text.db	PayShop_2_Name	3.4	Hội thoại/Cốt truyện	Hội thoại/Khác			时装联合会	Fashion Union	スキンショップ	Liên Hợp Hội Thời Trang
lang_multi_text.db	PayShop_3_Name	3.4	Hội thoại/Cốt truyện	Hội thoại/Khác			礼包中心	Bundles	パック	Trung Tâm Gói Quà
lang_multi_text.db	PayShop_4_Name	3.4	Hội thoại/Cốt truyện	Hội thoại/Khác			海市兑换	Item Exchange	海市交換所	Hải Thị Đổi
lang_multi_text.db	PayShop_5_Name	3.4	Hội thoại/Cốt truyện	Hội thoại/Khác			积分商店	Points Shop	交換ショップ	Cửa Hàng Tích Điểm
lang_multi_text.db	PayShop_6_Name	3.4	Hội thoại/Cốt truyện	Hội thoại/Khác			装扮橱窗	Outfits	スキン	Tủ Kính Trang Điểm
lang_multi_text.db	PayShop_BabelTower_Name	3.4	Hội thoại/Cốt truyện	Hội thoại/Khác			物资平台	Supply Station	物資倉庫	Nền Tảng Vật Tư
lang_multi_text.db	PayShop_Rogue_Name	3.4	Hội thoại/Cốt truyện	Hội thoại/Khác			异想商店	Illusive Store	空想ショップ	Cửa Hàng Dị Tưởng
lang_multi_text.db	PeriodicActivities_Forbidden_Title	3.4	Hội thoại/Cốt truyện	Hội thoại/Khác			禁忌海域	Forbidden Waters	禁忌の海域	Hải Vực Cấm Kỵ
lang_multi_text.db	PeriodicActivities_Hazard_Title	3.4	Hội thoại/Cốt truyện	Hội thoại/Khác			深境区	Hazard Zone	深層エリア	Khu Thâm Cảnh
lang_multi_text.db	PeriodicActivities_NonHazard_Title	3.4	Hội thoại/Cốt truyện	Hội thoại/Khác			非深境区	Non-Hazard Zone	非深層エリア	Khu Phi Thâm Cảnh
lang_multi_text.db	PeriodicActivities_Periodic_Title	3.4	Hội thoại/Cốt truyện	Hội thoại/Khác			周期挑战	Recurring Challenges	周期挑戦	Thử Thách Chu Kỳ
lang_multi_text.db	PeriodicActivities_Permanent_Title	3.4	Hội thoại/Cốt truyện	Hội thoại/Khác			常驻挑战	Permanent Challenges	恒常挑戦	Thử Thách Thường Trực
lang_multi_text.db	PeriodicActivities_Respawning_Title	3.4	Hội thoại/Cốt truyện	Hội thoại/Khác			再生海域	Respawning Waters	再生の海域	Hải Vực Tái Sinh
lang_multi_text.db	PeriodicActivities_Rogue_Title	3.4	Hội thoại/Cốt truyện	Hội thoại/Khác			千道门扉的异想	Fantasies of the Thousand Gateways	千の扉の奇想	Dị Tưởng Của Ngàn Cánh Cửa
lang_multi_text.db	PeriodicActivities_WheelBattleMode_EndLess_Title	3.4	Hội thoại/Cốt truyện	Hội thoại/Khác			奇点扩张	Singularity Expansion	奇点拡張	Mở Rộng Điểm Kỳ Dị
lang_multi_text.db	PeriodicActivities_WheelBattleMode_Normal_Title	3.4	Hội thoại/Cốt truyện	Hội thoại/Khác			稳态协议	Stability Accords	安定プロトコル	Hiệp Nghị Cân Bằng
lang_multi_text.db	PeriodicityChallengeItem_MaxScoreText	3.4	Hội thoại/Cốt truyện	Hội thoại/Khác			/{0}	/{0}	/{0}	/{0}
lang_multi_text.db	PeriodicityChallenge_ScoreText	3.4	Hội thoại/Cốt truyện	Hội thoại/Khác			<color=#182b34>{0}</color><color=#6a7b84>/{1}</color>	<color=#182b34>{0}</color><color=#6a7b84>/{1}</color>	<color=#182b34>{0}</color><color=#6a7b84>/{1}</color>	<color=#182b34>{0}</color><color=#6a7b84>/{1}</color>
lang_multi_text.db	Perspective_switching_disabled_Tips	3.4	Hội thoại/Cốt truyện	Hội thoại/Khác			当前状态无法切换视角	Cannot switch perspectives in the current state	現在の状態では視点を切り替えられません	Không thể chuyển góc nhìn trong trạng thái hiện tại
lang_multi_text.db	Phanton_CollectNum	3.4	Hội thoại/Cốt truyện	Hội thoại/Khác			声骸图鉴收集进度：<color=#f4f2bf>{0}</color>/{1}	Echo Collection Progress: <color=#f4f2bf>{0}</color>/{1}	音骸図鑑登録進捗：<color=#f4f2bf>{0}</color>/{1}	Tiến Độ Thu Thập Từ Điển Echo: <color=#f4f2bf>{0}</color>/{1}
lang_multi_text.db	PhonographSwitchBtnNormal	3.4	Hội thoại/Cốt truyện	Hội thoại/Khác			已设为背景音乐	Set As Background Music	BGMに設定しました	Đã cài làm nhạc nền
lang_multi_text.db	PhonographSwitchBtnSelect	3.4	Hội thoại/Cốt truyện	Hội thoại/Khác			设为背景音乐	Set As Background Music	BGMに設定	Cài làm nhạc nền
lang_multi_text.db	PhonographSwitchMusicCancel	3.4	Hội thoại/Cốt truyện	Hội thoại/Khác			背景音乐设置已取消	Background Music settings cancelled	BGM設定を無効にしました	Đã hủy cài đặt nhạc nền
lang_multi_text.db	PhonographSwitchMusicSuccess	3.4	Hội thoại/Cốt truyện	Hội thoại/Khác			已将当前歌曲设为背景音乐	Current music has been set as Background Music	現在の楽曲をBGMに設定しました	Đã cài bài hát hiện tại làm nhạc nền
lang_multi_text.db	PictureAlbum_ActivityName	3.4	Hội thoại/Cốt truyện	Hội thoại/Khác			霎那之书	The Book of Moments	刹那の書	Sách Khoảnh Khắc
lang_multi_text.db	PictureAlbum_BtnName_Receive	3.4	Hội thoại/Cốt truyện	Hội thoại/Khác			领取奖励	Claim Rewards	報酬受取	Nhận phần thưởng
lang_multi_text.db	PictureAlbum_BtnName_Track	3.4	Hội thoại/Cốt truyện	Hội thoại/Khác			追踪任务	Track Quest	任務を追跡	Theo dõi nhiệm vụ
lang_multi_text.db	PictureAlbum_BtnName_UnTrack	3.4	Hội thoại/Cốt truyện	Hội thoại/Khác			取消追踪	Cancel Tracking	追跡をキャンセル	Hủy theo dõi
lang_multi_text.db	Pinaball_inside_Attribute	3.4	Hội thoại/Cốt truyện	Hội thoại/Khác			属性	Stats	ステータス	Chỉ số
lang_multi_text.db	Pinaball_inside_CharacterInformation	3.4	Hội thoại/Cốt truyện	Hội thoại/Khác			弹珠信息	Pinball Info	ピンボール詳細	Thông tin bi
lang_multi_text.db	Pinaball_inside_LevelInformation	3.4	Hội thoại/Cốt truyện	Hội thoại/Khác			关卡信息	Stage Info	ステージ詳細	Thông tin ải
lang_multi_text.db	Pinaball_inside_Skill	3.4	Hội thoại/Cốt truyện	Hội thoại/Khác			技能	Skills	スキル	Kỹ năng
lang_multi_text.db	PlatformFriendOnly_Xbox	3.4	Hội thoại/Cốt truyện	Hội thoại/Khác			切换到Xbox的好友	Friends on Xbox only	Xboxのフレンドのみ表示	Chuyển sang bạn bè trên Xbox
lang_multi_text.db	PlayPointClearDesc_Text	3.4	Hội thoại/Cốt truyện	Hội thoại/Khác			该挑战当前被其他任务或挑战占用，暂时无法进行	This challenge is currently being occupied by another quest or challenge. Unable to continue	この挑戦は他の任務や挑戦に占用されているため、続行できません	Thử thách này hiện đang bị nhiệm vụ hoặc thử thách khác chiếm dụng, tạm thời không thể tiến hành
lang_multi_text.db	PlayPointFind_Text	3.4	Hội thoại/Cốt truyện	Hội thoại/Khác			已发现{0}，可通过追踪前往	{0} discovered, you can now track this location	{0}を発見しました。追跡機能で向かうことができます	Đã phát hiện {0}, có thể đến đó thông qua theo dõi
lang_multi_text.db	PlayerController_Basic	3.4	Hội thoại/Cốt truyện	Hội thoại/Khác			常规	Regular	基本	Thường quy
lang_multi_text.db	PlayerController_Motor	3.4	Hội thoại/Cốt truyện	Hội thoại/Khác			载具	Vehicle	乗り物	Phương tiện
lang_multi_text.db	PlayerController_ResetButton	3.4	Hội thoại/Cốt truyện	Hội thoại/Khác			重置为默认	Reset	デフォルトにリセット	Khôi phục mặc định
lang_multi_text.db	PlayerController_ResetButton_Controller	3.4	Hội thoại/Cốt truyện	Hội thoại/Khác			重置为默认	Reset	デフォルトにリセット	Khôi phục mặc định
lang_multi_text.db	PlayerDeleteSelf	3.4	Hội thoại/Cốt truyện	Hội thoại/Khác			玩家角色已注销	Player account has been deleted	プレイヤーキャラクターは削除済み	Nhân vật người chơi đã bị xóa
lang_multi_text.db	PleaseFullBuff	3.4	Hội thoại/Cốt truyện	Hội thoại/Khác			请完整装配增益词条	Please equip all buff stats.	有利効果を全枠装備してください	Vui lòng trang bị đầy đủ từ mục tăng ích
lang_multi_text.db	PlotReview_1	3.4	Hội thoại/Cốt truyện	Hội thoại/Khác			{0}：	{0}: 	{0}：	{0}：
lang_multi_text.db	PlotReview_2	3.4	Hội thoại/Cốt truyện	Hội thoại/Khác			选项：	Options:	選択肢：	Lựa chọn: 
lang_multi_text.db	PlotReview_3	3.4	Hội thoại/Cốt truyện	Hội thoại/Khác			旁白	Narration	ナレーション	Lời kể
lang_multi_text.db	PlotView_001	3.4	Hội thoại/Cốt truyện	Hội thoại/Khác			当前暂无剧情文本可回顾	No available story text to review.	バックログがありません	Hiện không có nội dung cốt truyện nào để xem lại
lang_multi_text.db	Poker_PlayerToJiabei_SkillUnuse	3.4	Hội thoại/Cốt truyện	Hội thoại/Khác			不使用技能	Do not use skill	スキルを発動しない	Không Dùng Kỹ Năng
lang_multi_text.db	Poker_PlayerToJiabei_SkillUse	3.4	Hội thoại/Cốt truyện	Hội thoại/Khác			使用技能「即刻否决」	Use Instant Veto	スキル「即時拒否」を発動する	Dùng Kỹ Năng"Phủ Quyết Tức Thì"
lang_multi_text.db	Poker_PlayerToJinxi_SkillUnuse	3.4	Hội thoại/Cốt truyện	Hội thoại/Khác			不使用技能	Do not use skill	スキルを発動しない	Không Dùng Kỹ Năng
lang_multi_text.db	Poker_PlayerToJinxi_SkillUse	3.4	Hội thoại/Cốt truyện	Hội thoại/Khác			使用技能「即刻否决」	Use Instant Veto	スキル「即時拒否」を発動する	Dùng Kỹ Năng"Phủ Quyết Tức Thì"
lang_multi_text.db	Poker_PlayerToLuhesi_SkillUnuse	3.4	Hội thoại/Cốt truyện	Hội thoại/Khác			不使用技能	Do not use skill	スキルを発動しない	Không Dùng Kỹ Năng
lang_multi_text.db	Poker_PlayerToLuhesi_SkillUse	3.4	Hội thoại/Cốt truyện	Hội thoại/Khác			使用技能「即刻否决」	Use Instant Veto	スキル「即時拒否」を発動する	Dùng Kỹ Năng"Phủ Quyết Tức Thì"
lang_multi_text.db	PowerLowCannotExchange	3.4	Hội thoại/Cốt truyện	Hội thoại/Khác			结晶单质不足，无法补充	Insufficient Waveplate Crystals	結晶波長体が足りないため、補充できません	Dung Môi Kết Tinh không đủ, không thể bổ sung
lang_multi_text.db	PowerMax	3.4	Hội thoại/Cốt truyện	Hội thoại/Khác			已达上限	Maxed Out	上限に達しました	Đã đạt giới hạn
lang_multi_text.db	PowerMaxCannotExchange	3.4	Hội thoại/Cốt truyện	Hội thoại/Khác			已达结晶波片上限	Waveplates are full	結晶波長板の上限に達しています	Đã đạt giới hạn Kết Tinh Dạng Sóng
lang_multi_text.db	PowerNextRecovery	3.4	Hội thoại/Cốt truyện	Hội thoại/Khác			下次恢复:{0}	Recover in: {0}	次回回復まで：{0}	Phục hồi lần sau: {0}
lang_multi_text.db	PowerNumTips	3.4	Hội thoại/Cốt truyện	Hội thoại/Khác			{0}	{0}	{0}	{0}
lang_multi_text.db	PowerPropsCannotExchange	3.4	Hội thoại/Cốt truyện	Hội thoại/Khác			<color=#c19f51>{0}</color>不足，无法补充	Insufficient <color=#c19f51>{0}</color>	<color=#c19f51>{0}</color>が足りないため、補充できません	<color=#c19f51>{0}</color> không đủ, không thể bổ sung
lang_multi_text.db	PowerfulBuffTabName	3.4	Hội thoại/Cốt truyện	Hội thoại/Khác			操作强化	Technique Buff	操作強化型有利効果	Cường Hóa Thao Tác
lang_multi_text.db	PreDownload_BinPatch	3.4	Hội thoại/Cốt truyện	Hội thoại/Khác			正在合成补丁	Compiling patch...	パッチを適用中……	Đang tổng hợp bản vá
lang_multi_text.db	PreDownload_ChangeCellNet	3.4	Hội thoại/Cốt truyện	Hội thoại/Khác			当前正在使用移动网络，将暂停预下载	You're currently using mobile data. Pre-download has been paused.	モバイルデータを使用中のため、事前ダウンロードを一時停止します	Đang sử dụng mạng di động, sẽ tạm dừng tải trước
lang_multi_text.db	PreDownload_Complete	3.4	Hội thoại/Cốt truyện	Hội thoại/Khác			下载已完成	Download is complete	ダウンロードが完了しました	Tải về hoàn tất
lang_multi_text.db	PreDownload_Complete_Btn_Text	3.4	Hội thoại/Cốt truyện	Hội thoại/Khác			下载完成	Download Complete	ダウンロード完了	Tải hoàn tất
lang_multi_text.db	PreDownload_Downloading	3.4	Hội thoại/Cốt truyện	Hội thoại/Khác			正在下载资源包……	Downloading resource packs…	リソースパックをダウンロード中……	Đang tải gói tài nguyên...
lang_multi_text.db	PreDownload_Downloading_Btn_Text	3.4	Hội thoại/Cốt truyện	Hội thoại/Khác			预下载	Pre-download	事前ダウンロード	Tải trước
lang_multi_text.db	PreDownload_IsPausing	3.4	Hội thoại/Cốt truyện	Hội thoại/Khác			下载已暂停	Download paused	ダウンロード一時停止	Đã tạm dừng tải về
lang_multi_text.db	PreDownload_NoSpace	3.4	Hội thoại/Cốt truyện	Hội thoại/Khác			存储空间不足，将暂停预下载	Insufficient storage available. Pre-download has been paused.	空き容量が不足しているため、事前ダウンロードを一時停止します	Không gian lưu trữ không đủ, sẽ tạm dừng tải trước
lang_multi_text.db	PreDownload_NoramlMode	3.4	Hội thoại/Cốt truyện	Hội thoại/Khác			普通模式	Normal Mode	通常モード	Chế độ bình thường
lang_multi_text.db	PreDownload_Pause	3.4	Hội thoại/Cốt truyện	Hội thoại/Khác			暂停	Pause	一時停止	Tạm dừng
lang_multi_text.db	PreDownload_Play	3.4	Hội thoại/Cốt truyện	Hội thoại/Khác			继续	Resume	続行	Tiếp tục
lang_multi_text.db	PreDownload_SpeedMode	3.4	Hội thoại/Cốt truyện	Hội thoại/Khác			全速模式	Full-Speed Mode	優先モード	Chế độ tốc độ cao
lang_multi_text.db	PrefabTextitem_RoleSkinExtraAcquisition_Text	3.4	Hội thoại/Cốt truyện	Hội thoại/Khác			购买后额外获得	Purchase to obtain extra	購入後追加で獲得	Sau khi mua nhận thêm
lang_multi_text.db	Privilege_album_Android_tips	3.4	Hội thoại/Cốt truyện	Hội thoại/Khác			请在设置-应用中开启相册权限，以正常使用该功能	Please enable album permissions in Settings-Application to use the feature properly	この機能を使用するには、設定-アプリでアルバムへのアクセスを許可する必要がございます	Vui lòng bật quyền truy cập album trong Cài đặt-Ứng dụng để sử dụng tính năng này bình thường
lang_multi_text.db	Privilege_album_IOS_tips	3.4	Hội thoại/Cốt truyện	Hội thoại/Khác			请在设置-应用中开启相册权限，以正常使用该功能	Please enable album permissions in Settings-Application to use the feature properly	この機能を使用するには、設定-アプリでアルバムへのアクセスを許可する必要がございます	Vui lòng bật quyền truy cập album trong Cài đặt-Ứng dụng để sử dụng tính năng này bình thường
lang_multi_text.db	ProgressDesc_Tower	3.4	Hội thoại/Cốt truyện	Hội thoại/Khác			【深境区】成绩	Hazard Zone Results	【深層エリア】判定	Thành tích [Khu Vực Nguy Hiểm]
lang_multi_text.db	ProgressDesc_WeeklyRogue	3.4	Hội thoại/Cốt truyện	Hội thoại/Khác			本期异想积分	Current Illusive Points	今期の奇想スコア	Điểm Ảo Cảnh kỳ này
lang_multi_text.db	ProgressDesc_WheelTower	3.4	Hội thoại/Cốt truyện	Hội thoại/Khác			阶段奖励	Stage Rewards	段階報酬	Trong thế giới dữ liệu của Solaris, mỗi ngày đều diễn ra những cuộc tấn công và phòng thủ vô hình khốc liệt. Trước khi ác ý ẩn nấp sâu trong ma trận hủy diệt mọi thứ, hãy tìm ra nó... và ngăn chặn tất cả những điều này.
lang_multi_text.db	PunishReportDescText	3.4	Hội thoại/Cốt truyện	Hội thoại/Khác			完成挑战目标获得奖励	Complete challenge goals to claim rewards	チャレンジ目標を達成して報酬を獲得	Hoàn thành mục tiêu khiêu chiến để nhận phần thưởng
lang_multi_text.db	PunishReportDescText100	3.4	Hội thoại/Cốt truyện	Hội thoại/Khác			击败「愚执之瞳」	Defeat Eye of Ignorance	「妄執の瞳」を倒す	đánh bại [Con Mắt Cố Chấp]
lang_multi_text.db	PunishReportDescText20	3.4	Hội thoại/Cốt truyện	Hội thoại/Khác			完成节点挑战获得奖励	Complete the Dreamscape Node challenge to claim rewards	ノード挑戦を達成して報酬を獲得	Hoàn thành khiêu chiến điểm nút để nhận phần thưởng
lang_multi_text.db	PunishReportDescText210	3.4	Hội thoại/Cốt truyện	Hội thoại/Khác			完成节点挑战获得奖励	Complete the Dreamscape Node to claim rewards	ノード挑戦を達成して報酬を獲得	Hoàn thành khiêu chiến điểm nút để nhận phần thưởng
lang_multi_text.db	PunishReportDescText230	3.4	Hội thoại/Cốt truyện	Hội thoại/Khác			击败「背誓之脊」	Defeat the Forsworn	「背誓の大黒柱」を倒す	đánh bại [Xương Sống Bội Ước]
lang_multi_text.db	PunishReportDescText250	3.4	Hội thoại/Cốt truyện	Hội thoại/Khác			击败「遗恨之指」	Defeat Claws of Regret	「遺恨の指」を倒す	đánh bại [Ngón Tay Hận Thù]
lang_multi_text.db	PunishReportDescText30	3.4	Hội thoại/Cốt truyện	Hội thoại/Khác			击败「谵妄之爪」	Defeat the Talons of Delirium	「狂乱の爪」を倒す	đánh bại [Móng Vuốt Mê Sảng]
lang_multi_text.db	PunishReportDescText40	3.4	Hội thoại/Cốt truyện	Hội thoại/Khác			击败「无餍之舌」	Defeat the Tongue of Insatiability	「飽食の舌」を倒す	đánh bại [Lưỡi Vô Độ]
lang_multi_text.db	PunishReportDescText50	3.4	Hội thoại/Cốt truyện	Hội thoại/Khác			击败「妒恨之眼」	Defeat the Eyes of Resentment	「嫉妬の瞳」を倒す	đánh bại [Con Mắt Đố Kỵ]
lang_multi_text.db	PunishReportDescText60	3.4	Hội thoại/Cốt truyện	Hội thoại/Khác			击败「凶戾之齿」	Defeat the Fangs of Cruelty	「暴虐の牙」を倒す	đánh bại [Nanh Hung Ác]
lang_multi_text.db	PunishReportDescText70	3.4	Hội thoại/Cốt truyện	Hội thoại/Khác			击败「爱欲之容」	Defeat the Face of Lust	「色欲の顔」を倒す	đánh bại [Gương Mặt Dục Vọng]
lang_multi_text.db	PunishReportDescText80	3.4	Hội thoại/Cốt truyện	Hội thoại/Khác			击败「倦怠之翼」	Defeat the Wings of Exhaustion	「怠惰の翼」を倒す	đánh bại [Cánh Mệt Mỏi]
lang_multi_text.db	PunishReportDescText90	3.4	Hội thoại/Cốt truyện	Hội thoại/Khác			击败「僭越之矛」	Defeat the Spear of Transgression	「傲慢の槍」を倒す	đánh bại [Giáo Trịch Thượng]
lang_multi_text.db	PunishReportMainText	3.4	Hội thoại/Cốt truyện	Hội thoại/Khác			约兰的战术测试	Yhoran's Tactical Trial	ヨランの戦術テスト	Thử Nghiệm Chiến Thuật Của Yhoran
lang_multi_text.db	PunishReportMainText20	3.4	Hội thoại/Cốt truyện	Hội thoại/Khác			巡礼之梦·拉古那篇	Dream Patrol: Ragunna	巡礼の夢・ラグーナ編	Giấc Mơ Tuần Lễ・Chương Ragunna
lang_multi_text.db	PunishReportMainText200	3.4	Hội thoại/Cốt truyện	Hội thoại/Khác			染秽之梦·七丘篇	Dream Contagion: Septimont	汚された夢・セブン・ヒルズ編	Giấc Mơ Ô Uế・Chương Septimont
lang_multi_text.db	PunishReportMainText220	3.4	Hội thoại/Cốt truyện	Hội thoại/Khác			梦魇·七丘篇	Nightmares: Septimont	ナイトメア・セブン・ヒルズ編	Ác Mộng・Chương Septimont
lang_multi_text.db	PunishReportMainText240	3.4	Hội thoại/Cốt truyện	Hội thoại/Khác			梦魇·隐海试验场篇	Nightmare: Fabricatorium of the Deep	ナイトメア・隠海実験場編	Ác Mộng・Chương Fabricatorium of the Deep
lang_multi_text.db	PunishReportMainText30	3.4	Hội thoại/Cốt truyện	Hội thoại/Khác			巡礼之梦·拉古那篇	Dream Patrol: Ragunna	巡礼の夢・ラグーナ編	Giấc Mơ Tuần Lễ・Chương Ragunna
lang_multi_text.db	PunishReportMainText40	3.4	Hội thoại/Cốt truyện	Hội thoại/Khác			巡礼之梦·拉古那篇	Dream Patrol: Ragunna	巡礼の夢・ラグーナ編	Giấc Mơ Tuần Lễ・Chương Ragunna
lang_multi_text.db	PunishReportMainText50	3.4	Hội thoại/Cốt truyện	Hội thoại/Khác			巡礼之梦·拉古那篇	Dream Patrol: Ragunna	巡礼の夢・ラグーナ編	Giấc Mơ Tuần Lễ・Chương Ragunna
lang_multi_text.db	PunishReportMainText60	3.4	Hội thoại/Cốt truyện	Hội thoại/Khác			巡礼之梦·拉古那篇	Dream Patrol: Ragunna	巡礼の夢・ラグーナ編	Giấc Mơ Tuần Lễ・Chương Ragunna
lang_multi_text.db	PunishReportMainText70	3.4	Hội thoại/Cốt truyện	Hội thoại/Khác			巡礼之梦·拉古那篇	Dream Patrol: Ragunna	巡礼の夢・ラグーナ編	Giấc Mơ Tuần Lễ・Chương Ragunna
lang_multi_text.db	PunishReportMainText80	3.4	Hội thoại/Cốt truyện	Hội thoại/Khác			巡礼之梦·拉古那篇	Dream Patrol: Ragunna	巡礼の夢・ラグーナ編	Giấc Mơ Tuần Lễ・Chương Ragunna
lang_multi_text.db	PunishReportMainText90	3.4	Hội thoại/Cốt truyện	Hội thoại/Khác			巡礼之梦·拉古那篇	Dream Patrol: Ragunna	巡礼の夢・ラグーナ編	Giấc Mơ Tuần Lễ・Chương Ragunna
lang_multi_text.db	PupuVillage_LevelText	3.4	Hội thoại/Cốt truyện	Hội thoại/Khác			等级{0}->等级{1}	Lv. {0} → Lv. {1}	レベル{0}→レベル{1}	Cấp {0}->Cấp {1}
lang_multi_text.db	PymTips_1_Description	3.4	Hội thoại/Cốt truyện	Hội thoại/Khác			使用「溯流仪」回溯小范围区域内的时间，抬高水位，以凝滞的水面为立足点，接触倒挂在空中的「曜岩」。	Use the Chronosorter to reverse time in a small area and raise the water level. Stand on the still water surface to reach the Flare Stone hanging in the air.	「遡流器」は一定範囲内の場所の時間を戻すことが可能。水位を上げ、時間を停滞された水面を足場とし、空中の「曜岩」に触れてください。	Sử dụng "Máy Hồi Lưu" để quay ngược thời gian trong một khu vực nhỏ, nâng mực nước lên, lấy mặt nước ngưng đọng làm chỗ đứng, tiếp xúc với "Đá Mặt Trời" treo ngược trên không trung.
lang_multi_text.db	PymTips_1_Title	3.4	Hội thoại/Cốt truyện	Hội thoại/Khác			玩法提示	Tips	コンテンツ説明	Gợi ý cách chơi
lang_multi_text.db	QTE_Continuous_Name	3.4	Hội thoại/Cốt truyện	Hội thoại/Khác			连击！！	Combo!!	連打！！	Liên kích!!
lang_multi_text.db	QiqiuThemeUnlock	3.4	Hội thoại/Cốt truyện	Hội thoại/Khác			未解锁	Locked	未解放	Chưa mở khóa
lang_multi_text.db	QiqiuTheme_UnlockTime	3.4	Hội thoại/Cốt truyện	Hội thoại/Khác			解锁时间：{0}后	Unlocks in {0}	開放まで：{0}	Thời gian mở khóa: Sau {0}
lang_multi_text.db	QualityInfo_1_ConsumeFilterText	3.4	Hội thoại/Cốt truyện	Hội thoại/Khác			一星道具	1-Star Item	星1	Đạo Cụ 1 Sao
lang_multi_text.db	QualityInfo_1_Name	3.4	Hội thoại/Cốt truyện	Hội thoại/Khác			一星	1-Star	星1	1 Sao
lang_multi_text.db	QualityInfo_2_ConsumeFilterText	3.4	Hội thoại/Cốt truyện	Hội thoại/Khác			二星及以下道具	2-Stars and Below	星2以下	Đạo Cụ 2 Sao Trở Xuống
lang_multi_text.db	QualityInfo_2_Name	3.4	Hội thoại/Cốt truyện	Hội thoại/Khác			二星	2-Stars	星2	2 Sao
lang_multi_text.db	QualityInfo_3_ConsumeFilterText	3.4	Hội thoại/Cốt truyện	Hội thoại/Khác			三星及以下道具	3-Stars and Below	星3以下	Đạo Cụ 3 Sao Trở Xuống
lang_multi_text.db	QualityInfo_3_Name	3.4	Hội thoại/Cốt truyện	Hội thoại/Khác			三星	3-Stars	星3	3 Sao
lang_multi_text.db	QualityInfo_4_ConsumeFilterText	3.4	Hội thoại/Cốt truyện	Hội thoại/Khác			四星及以下道具	4-Stars and Below	星4以下	Đạo Cụ 4 Sao Trở Xuống
lang_multi_text.db	QualityInfo_4_Name	3.4	Hội thoại/Cốt truyện	Hội thoại/Khác			四星	4-Stars	星4	4 Sao
lang_multi_text.db	QualityInfo_5_ConsumeFilterText	3.4	Hội thoại/Cốt truyện	Hội thoại/Khác			不限	Unlimited	絞らない	Không Giới Hạn
lang_multi_text.db	QualityInfo_5_Name	3.4	Hội thoại/Cốt truyện	Hội thoại/Khác			五星	5-Stars	星5	5 Sao
lang_multi_text.db	QuickChat_1_QuickChatContent	3.4	Hội thoại/Cốt truyện	Hội thoại/Khác			你好！	Hello!	どうも！	Xin chào!
lang_multi_text.db	QuickChat_2_QuickChatContent	3.4	Hội thoại/Cốt truyện	Hội thoại/Khác			再见！	Bye!	またね！	Tạm biệt!
lang_multi_text.db	QuickChat_3_QuickChatContent	3.4	Hội thoại/Cốt truyện	Hội thoại/Khác			谢谢！	Thanks!	ありがとう！	Cảm ơn!
lang_multi_text.db	QuickChat_4_QuickChatContent	3.4	Hội thoại/Cốt truyện	Hội thoại/Khác			救救我！	Help!	助けて！	Cứu tớ với!
lang_multi_text.db	QuickChat_5_QuickChatContent	3.4	Hội thoại/Cốt truyện	Hội thoại/Khác			初次见面，请多指教。	Nice to meet you.	はじめまして	Lần đầu gặp mặt, mong được chỉ giáo.
lang_multi_text.db	QuickChat_6_QuickChatContent	3.4	Hội thoại/Cốt truyện	Hội thoại/Khác			请再邀请我一下。	Send another invitation.	もう1回招待してお願いします	Xin hãy mời lại tớ một lần nữa.
lang_multi_text.db	QuickChat_7_QuickChatContent	3.4	Hội thoại/Cốt truyện	Hội thoại/Khác			等我调整一下编队。	Wait a sec. I'm adjusting my lineup.	編成を調整しますので、お待ちください	Đợi tớ điều chỉnh lại đội hình chút.
lang_multi_text.db	QuickChat_8_QuickChatContent	3.4	Hội thoại/Cốt truyện	Hội thoại/Khác			请开始挑战吧。	Let's go for the challenge.	挑戦を始めてください。	Xin hãy bắt đầu khiêu chiến đi.
lang_multi_text.db	QuickUpgrade_TargetLevel	3.4	Hội thoại/Cốt truyện	Hội thoại/Khác			升至：<color=Highlight>Lv.{0}</color>	Upgrade to <color=Highlight>Lv. {0}</color>	<color=Highlight>Lv.{0}</color>までLvUP	Nâng lên: <color=Highlight>Lv.{0}</color>
lang_multi_text.db	RacingBets_Advance_Elimination	3.4	Hội thoại/Cốt truyện	Hội thoại/Khác			晋级淘汰赛	Advanced to Eliminator	本戦進出	Thăng Cấp Vòng Loại
lang_multi_text.db	RacingBets_Advance_Final	3.4	Hội thoại/Cốt truyện	Hội thoại/Khác			晋级总决赛	Advanced to the Final	決勝戦進出	Thăng Cấp Chung Kết
lang_multi_text.db	ReSell	3.4	Hội thoại/Cốt truyện	Hội thoại/Khác			再次上架	Back on Shelf	再度販売	Lên kệ lại
lang_multi_text.db	ReUpShopItem	3.4	Hội thoại/Cốt truyện	Hội thoại/Khác			上架：	On the shelf:	販売：	Lên kệ:
lang_multi_text.db	ReadyToFightText	3.4	Hội thoại/Cốt truyện	Hội thoại/Khác			前往挑战	Navigate	挑戦へ	Đến khiêu chiến
lang_multi_text.db	RecTowerTips	3.4	Hội thoại/Cốt truyện	Hội thoại/Khác			回收	Recall	回収	Thu hồi
lang_multi_text.db	RecommendLevel	3.4	Hội thoại/Cốt truyện	Hội thoại/Khác			推荐等级{0}	Suggested Lv. {0}	推奨レベル{0}	Cấp Đề Cử {0}
lang_multi_text.db	RefreshTime	3.4	Hội thoại/Cốt truyện	Hội thoại/Khác			刷新时间：{0}	Refresh Time: {0}	リセットまで：{0}	Thời gian làm mới: {0}
lang_multi_text.db	RegressPanelRemainTime	3.4	Hội thoại/Cốt truyện	Hội thoại/Khác			剩余时间：<color=#ffec81>{0}</color>	Remaining: <color=#ffec81>{0}</color>	残り時間：<color=#ffec81>{0}</color>	Thời gian còn lại: <color=#ffec81>{0}</color>
lang_multi_text.db	Regress_Adventure_Tag_Activity	3.4	Hội thoại/Cốt truyện	Hội thoại/Khác			活动专属	Event Exclusive	イベント限定	Độc Quyền Sự Kiện
lang_multi_text.db	Regress_Adventure_Tag_PreOpen	3.4	Hội thoại/Cốt truyện	Hội thoại/Khác			限时提前开放	Limited-Time Early Access	期間限定先行解放	Mở Trước Giới Hạn
lang_multi_text.db	Regress_Adventure_Title	3.4	Hội thoại/Cốt truyện	Hội thoại/Khác			养成助力	Leveling Aid	育成サポート	Hỗ Trợ Bồi Dưỡng
lang_multi_text.db	Regress_BattlePass_Purchase_Tips	3.4	Hội thoại/Cốt truyện	Hội thoại/Khác			解锁重奏荣礼可额外获得	Unlock Reprise Bounty to obtain the following rewards	重奏のデラックスギフト解放で追加獲得	Mở khóa Quà Vinh Dự Trọng Tấu để nhận thêm
lang_multi_text.db	Regress_BattlePass_Title	3.4	Hội thoại/Cốt truyện	Hội thoại/Khác			重奏之旅	Reprise Journey	重奏の旅	Hành Trình Trọng Tấu
lang_multi_text.db	Regress_DoubleDrop_Title	3.4	Hội thoại/Cốt truyện	Hội thoại/Khác			双倍掉落	Double Drop	報酬2倍	Rơi x2
lang_multi_text.db	Regress_NewVersion_MainLine_Current	3.4	Hội thoại/Cốt truyện	Hội thoại/Khác			当前任务进度：{0}	Current Task Progress: {0}	現在の任務進捗：{0}	Tiến độ nhiệm vụ hiện tại: {0}
lang_multi_text.db	Regress_NewVersion_MainLine_Title	3.4	Hội thoại/Cốt truyện	Hội thoại/Khác			潮汐任务	Main Quest	潮汐任務	Nhiệm Vụ Minh Triều
lang_multi_text.db	Regress_NewVersion_Role_Title	3.4	Hội thoại/Cốt truyện	Hội thoại/Khác			潮汐唤取	Wuthering Convene	潮汐集音	Triệu Gọi Minh Triều
lang_multi_text.db	Regress_Recommend_Tag_Area	3.4	Hội thoại/Cốt truyện	Hội thoại/Khác			区域探索度：{0}	Region Exploration Progress: {0}	エリア探索進捗：{0}	Tiến Độ Khám Phá Khu Vực: {0}
lang_multi_text.db	Regress_Recommend_Tag_NormalActivity	3.4	Hội thoại/Cốt truyện	Hội thoại/Khác			常驻	Permanent	恒常	Thường Trú
lang_multi_text.db	Regress_Recommend_Title	3.4	Hội thoại/Cốt truyện	Hội thoại/Khác			推荐内容	Featured Content	注目コンテンツ	Nội Dung Đề Cử
lang_multi_text.db	Regress_Sign_Title	3.4	Hội thoại/Cốt truyện	Hội thoại/Khác			七日签到	7-Day Login	7日間ログイン	Điểm danh 7 ngày
lang_multi_text.db	Reign_Title	3.4	Hội thoại/Cốt truyện	Hội thoại/Khác			潮汐序曲	Overture	潮汐の序曲	Khúc Dạo Đầu Minh Triều
lang_multi_text.db	ReignsAttribute_1_Name	3.4	Hội thoại/Cốt truyện	Hội thoại/Khác			体力	Health	体力	Thể lực
lang_multi_text.db	ReignsAttribute_2_Name	3.4	Hội thoại/Cốt truyện	Hội thoại/Khác			武技	Martialism	武芸	Võ Kỹ
lang_multi_text.db	ReignsAttribute_3_Name	3.4	Hội thoại/Cốt truyện	Hội thoại/Khác			意志	Willpower	意志	Ý Chí
lang_multi_text.db	ReignsAttribute_4_Name	3.4	Hội thoại/Cốt truyện	Hội thoại/Khác			声望	Reputation	人望	Danh Vọng
lang_multi_text.db	ReignsBuff_1_Desc	3.4	Hội thoại/Cốt truyện	Hội thoại/Khác			奥古斯塔利用自己的共鸣能力将掠夺的佩剑熔铸成巨剑，以此彰显她过人的力量与来之不易的荣誉。	In a display of her extraordinary strength and hard-earned honor, Augusta used her Forte to forge the challengers' swords into a great sword.	オーガスタは共鳴の力で奪った剣を溶かし、巨大な大剣を作り上げることで、自らの並外れた力と得がたい名誉を示す。	Augusta tận dụng năng lực cộng hưởng của mình để đúc những thanh kiếm cướp được thành một thanh cự kiếm, qua đó phô diễn sức mạnh phi thường và danh dự khó khăn lắm mới có được của mình.
lang_multi_text.db	ReignsBuff_1_Title	3.4	Hội thoại/Cốt truyện	Hội thoại/Khác			荣耀剑锋	Blade of Glory	栄光の剣先	Lưỡi Kiếm Vinh Quang
lang_multi_text.db	ReignsPlayerName_1	3.4	Hội thoại/Cốt truyện	Hội thoại/Khác			无名少女·奥古斯塔	Nameless Girl: Augusta	無名の少女・オーガスタ	Cô Gái Vô Danh - Augusta
lang_multi_text.db	ReignsPlayerName_2	3.4	Hội thoại/Cốt truyện	Hội thoại/Khác			见习角斗士·奥古斯塔	Trainee Gladiator: Augusta	見習いグラディエーター・オーガスタ	Giác Đấu Sĩ Tập Sự - Augusta
lang_multi_text.db	ReignsPlayerName_3	3.4	Hội thoại/Cốt truyện	Hội thoại/Khác			无畏的试炼者·奥古斯塔	Fearless Trialbearer: Augusta	恐れ知らぬ試練者・オーガスタ	Người Thử Thách Dũng Cảm - Augusta
lang_multi_text.db	ReignsPlayerName_4	3.4	Hội thoại/Cốt truyện	Hội thoại/Khác			荣耀之刃·奥古斯塔	Blade of Glory: Augusta	栄光の刃・オーガスタ	Lưỡi Kiếm Vinh Quang - Augusta
lang_multi_text.db	ReignsPlayerName_5	3.4	Hội thoại/Cốt truyện	Hội thoại/Khác			七丘之巅·奥古斯塔	Summit of Septimont: Augusta	セブン・ヒルズの頂・オーガスタ	Đỉnh Septimont - Augusta
lang_multi_text.db	Reigns_700001_TargetText	3.4	Hội thoại/Cốt truyện	Hội thoại/Khác			在主城立足	Establish yourself in Septimont	セブン・ヒルズ城での始まり	Lập nghiệp ở thành phố chính
lang_multi_text.db	Reigns_700001_TitleText	3.4	Hội thoại/Cốt truyện	Hội thoại/Khác			「烈阳昔叙之诗」第一章	Epic of the Blazing Sun - Chapter I	「烈日の叙事詩」第一章	Chương 1 - "Sử Thi Ánh Dương Chói Lọi"
lang_multi_text.db	Reigns_700002_TargetText	3.4	Hội thoại/Cốt truyện	Hội thoại/Khác			磨炼技艺	Training in Combat	腕磨き	Rèn Luyện Kỹ Năng
lang_multi_text.db	Reigns_700002_TitleText	3.4	Hội thoại/Cốt truyện	Hội thoại/Khác			「烈阳昔叙之诗」第二章	Epic of the Blazing Sun - Chapter II	「烈日の叙事詩」第二章	Chương 2 - "Sử Thi Ánh Dương Chói Lọi"
lang_multi_text.db	Reigns_700003_TargetText	3.4	Hội thoại/Cốt truyện	Hội thoại/Khác			挑战试炼	Challenging the Trials	試練に挑戦	Thử Thách Thí Luyện
lang_multi_text.db	Reigns_700003_TitleText	3.4	Hội thoại/Cốt truyện	Hội thoại/Khác			「烈阳昔叙之诗」第三章	Epic of the Blazing Sun - Chapter III	「烈日の叙事詩」第三章	Chương 3 - "Sử Thi Ánh Dương Chói Lọi"
lang_multi_text.db	Reigns_700004_TargetText	3.4	Hội thoại/Cốt truyện	Hội thoại/Khác			加冕之日	The Day of Crowning	戴冠の日	Ngày Đăng Quang
lang_multi_text.db	Reigns_700004_TitleText	3.4	Hội thoại/Cốt truyện	Hội thoại/Khác			「烈阳昔叙之诗」第四章	Epic of the Blazing Sun - Chapter IV	「烈日の叙事詩」第四章	Chương 4 - "Sử Thi Ánh Dương Chói Lọi"
lang_multi_text.db	RemainingCollectTimes	3.4	Hội thoại/Cốt truyện	Hội thoại/Khác			本周剩余可收取次数	Remaining Attempts This Week	今週報酬受取可能回数	Số lần có thể thu thập còn lại tuần này
lang_multi_text.db	RemainingTime	3.4	Hội thoại/Cốt truyện	Hội thoại/Khác			剩余时间：{0}	Remaining: {0}	残り時間：{0}	Thời gian còn lại: {0}
lang_multi_text.db	RepeatedDeliveryItemText	3.4	Hội thoại/Cốt truyện	Hội thoại/Khác			已达到交付数量上限	Maximum number reached	提出上限に達しました	Đã đạt giới hạn số lượng giao
lang_multi_text.db	Replace_Text_200321	3.4	Hội thoại/Cốt truyện	Hội thoại/Khác			60fps（插帧）	60 FPS (Frame Generation)	60fps（フレーム生成）	60fps (Tạo khung hình)
lang_multi_text.db	Replace_Text_71	3.4	Hội thoại/Cốt truyện	Hội thoại/Khác			无上限（插帧）	Unlimited (Frame Generation)	制限なし（フレーム生成）	Không giới hạn (Tạo khung hình)
lang_multi_text.db	ResDownLoadVersion_DownLoadingTips	3.4	Hội thoại/Cốt truyện	Hội thoại/Khác			{0}（总大小：{1}）	{0} (Total size: {1})	{0}（総容量：{1}）	{0} (Tổng dung lượng: {1})
lang_multi_text.db	ResDownLoadVersion_FinishTips	3.4	Hội thoại/Cốt truyện	Hội thoại/Khác			已下载：{0}	Downloaded: {0}	ダウンロード済み：{0}	Đã tải: {0}
lang_multi_text.db	ResourceVerificationFailed_Text	3.4	Hội thoại/Cốt truyện	Hội thoại/Khác			资源校验失败，点击确认将退出游戏，重新启动后自动进行修复	Resource verification failed. Click Confirm to quit the game. Repair will be automatically initiated after the game restarts.	リソース検証に失敗しました、決定ボタンを押してゲームを再起動後に自動的に修復が行えます	Xác minh tài nguyên thất bại, nhấp xác nhận sẽ thoát trò chơi, sau khi khởi động lại sẽ tự động tiến hành sửa chữa
lang_multi_text.db	Reward_Tag_Extra	3.4	Hội thoại/Cốt truyện	Hội thoại/Khác			额外	Extra	ボーナス	Thêm
lang_multi_text.db	Reward_Tag_Magnification	3.4	Hội thoại/Cốt truyện	Hội thoại/Khác			双倍	Double	2倍	Gấp đôi
lang_multi_text.db	Reward_doubling_end	3.4	Hội thoại/Cốt truyện	Hội thoại/Khác			<color=#8c4646>{0}</color>/{1}	<color=#8c4646>{0}</color>/{1}	<color=#8c4646>{0}</color>/{1}	<color=#8c4646>{0}</color>/{1}
lang_multi_text.db	Reward_doubling_end_tips	3.4	Hội thoại/Cốt truyện	Hội thoại/Khác			今日剩余双倍奖励次数：<color=#8c4646>{0}</color>/{1}	Double Drop Chances Today: <color=#8c4646>{0}</color>/{1}	本日報酬2倍回数残り：<color=#8c4646>{0}</color>/{1}	Số lần phần thưởng x2 còn lại hôm nay: <color=#8c4646>{0}</color>/{1}
lang_multi_text.db	Reward_doubling_time	3.4	Hội thoại/Cốt truyện	Hội thoại/Khác			{0}/{1}	{0}/{1}	{0}/{1}	{0}/{1}
lang_multi_text.db	Reward_doubling_tips	3.4	Hội thoại/Cốt truyện	Hội thoại/Khác			今日剩余双倍奖励次数：{0}/{1}	Double Drop Chances Today: {0}/{1}	本日報酬2倍回数残り：{0}/{1}	Số lần phần thưởng x2 còn lại hôm nay: {0}/{1}
lang_multi_text.db	RoadBookClaimed_Text	3.4	Hội thoại/Cốt truyện	Hội thoại/Khác			已领取	Claimed	受取済	Đã nhận
lang_multi_text.db	RoadBookCurrentLevelExp_Text	3.4	Hội thoại/Cốt truyện	Hội thoại/Khác			当前探索数据	Exploration Data	現在の探索データ	Dữ liệu thám hiểm hiện tại
lang_multi_text.db	RoadBookEnterName_Text	3.4	Hội thoại/Cốt truyện	Hội thoại/Khác			前往	Go	開始	Đến
lang_multi_text.db	RoadBookExpNotEnough_Text	3.4	Hội thoại/Cốt truyện	Hội thoại/Khác			探索数据不足	Insufficient Exploration Data	探索データが足りません	Không đủ dữ liệu thám hiểm
lang_multi_text.db	RoadBookExp_Text	3.4	Hội thoại/Cốt truyện	Hội thoại/Khác			{0}/{1}	{0}/{1}	{0}/{1}	{0}/{1}
lang_multi_text.db	RoadBookLevelCanUp_Text	3.4	Hội thoại/Cốt truyện	Hội thoại/Khác			可升级	Upgrade Available	LvUP可	Có thể nâng cấp
lang_multi_text.db	RoadBookLevelMax_Text	3.4	Hội thoại/Cốt truyện	Hội thoại/Khác			MAX	MAX	MAX	MAX
lang_multi_text.db	RoadBookLevelNotReach_Text	3.4	Hội thoại/Cốt truyện	Hội thoại/Khác			请完成前置等级	Please reach the prerequisite level	前のLvを完了してください	Hãy hoàn thành cấp trước đó
lang_multi_text.db	RoadBookLevelUpTipsExp_Text	3.4	Hội thoại/Cốt truyện	Hội thoại/Khác			探索数据+{0}	Exploration Data + {0}	探索データ+{0}	Dữ liệu thám hiểm +{0}
lang_multi_text.db	RoadBookLevelUp_Text	3.4	Hội thoại/Cốt truyện	Hội thoại/Khác			升级	Upgrade	レベルアップ	Tăng Cấp
lang_multi_text.db	RoadBookLv_Text	3.4	Hội thoại/Cốt truyện	Hội thoại/Khác			Lv.{0}	Lv. {0}	Lv.{0}	Lv. {0}
lang_multi_text.db	RoadBookPhantomGain_Progress	3.4	Hội thoại/Cốt truyện	Hội thoại/Khác			收集进度:{0}/{1}	Collection Progress: {0}/{1}	収集進捗：{0}/{1}	Tiến độ thu thập:{0}/{1}
lang_multi_text.db	RotTowerTips	3.4	Hội thoại/Cốt truyện	Hội thoại/Khác			旋转	Rotate	回す	Xoay
lang_multi_text.db	RoverSkinEvent_ExtraReward	3.4	Hội thoại/Cốt truyện	Hội thoại/Khác			领取后可额外获得	Claim to additionally obtain:	受取後、追加で獲得可能	Nhận xong có thể nhận thêm
lang_multi_text.db	RoverSkinEvent_Go	3.4	Hội thoại/Cốt truyện	Hội thoại/Khác			请继续推进潮汐任务	Please progress with Main Quests	引き続き潮汐任務を続行してください	Vui lòng tiếp tục Nhiệm Vụ Minh Triều
lang_multi_text.db	RoverSkinEvent_Receive	3.4	Hội thoại/Cốt truyện	Hội thoại/Khác			领取	Claim	受取	Nhận
lang_multi_text.db	RoverSkinEvent_Received	3.4	Hội thoại/Cốt truyện	Hội thoại/Khác			已领取	Claimed	受取済	Đã Nhận
lang_multi_text.db	RoverSkinEvent_RewardDetail	3.4	Hội thoại/Cốt truyện	Hội thoại/Khác			可同时获得两套服饰和头像	Claim both sets of Avatars and Outfits at once	衣装2セットと、対応するアイコンを同時に獲得	Có thể nhận đồng thời hai bộ trang phục và avatar
lang_multi_text.db	RoverSkinEvent_RewardTitle	3.4	Hội thoại/Cốt truyện	Hội thoại/Khác			领取后立即获得	Immediately Obtainable	受取ると獲得可能	Sau khi nhận sẽ có ngay
lang_multi_text.db	SameVisionNoCountValue	3.4	Hội thoại/Cốt truyện	Hội thoại/Khác			同名声骸在一组合鸣中不重复计数	Same Echoes will not be counted towards the Sonata effect	同名の音骸を組み合わせてもハーモニー効果を発動できません	Echo cùng tên trong một bộ Hợp Minh sẽ không được tính lặp lại
lang_multi_text.db	SaveProjectName01	3.4	Hội thoại/Cốt truyện	Hội thoại/Khác			COST 4-通用	COST 4 (Common)	COST 4-汎用	COST 4-Đa dụng
lang_multi_text.db	SaveProjectName02	3.4	Hội thoại/Cốt truyện	Hội thoại/Khác			COST 4-治疗	COST 4 (Healing)	COST 4-回復	COST 4-Trị liệu
lang_multi_text.db	SaveProjectName03	3.4	Hội thoại/Cốt truyện	Hội thoại/Khác			COST 3-冷凝	COST 3 (Glacio DMG)	COST 3-凝縮	COST 3-Ngưng Băng
lang_multi_text.db	SaveProjectName04	3.4	Hội thoại/Cốt truyện	Hội thoại/Khác			COST 3-热熔	COST 3 (Fusion DMG)	COST 3-焦熱	COST 3-Hỏa Liệt
lang_multi_text.db	SaveProjectName05	3.4	Hội thoại/Cốt truyện	Hội thoại/Khác			COST 3-导电	COST 3 (Electro DMG)	COST 3-電導	COST 3-Điện Từ
lang_multi_text.db	SaveProjectName06	3.4	Hội thoại/Cốt truyện	Hội thoại/Khác			COST 3-气动	COST 3 (Aero DMG)	COST 3-気動	COST 3-Khí Động
lang_multi_text.db	SaveProjectName07	3.4	Hội thoại/Cốt truyện	Hội thoại/Khác			COST 3-衍射	COST 3 (Spectro DMG)	COST 3-回折	COST 3-Quang Phổ
lang_multi_text.db	SaveProjectName08	3.4	Hội thoại/Cốt truyện	Hội thoại/Khác			COST 3-湮灭	COST 3 (Havoc DMG)	COST 3-消滅	COST 3-Hủy Diệt
lang_multi_text.db	SaveProjectName09	3.4	Hội thoại/Cốt truyện	Hội thoại/Khác			COST 3-治疗	COST 3 (Healing)	COST 3-回復	COST 3-Trị liệu
lang_multi_text.db	SaveProjectName10	3.4	Hội thoại/Cốt truyện	Hội thoại/Khác			COST 1-攻击	COST 1 (ATK)	COST 1-攻撃	COST 1-Tấn Công
lang_multi_text.db	SaveProjectName11	3.4	Hội thoại/Cốt truyện	Hội thoại/Khác			COST 1-生命	COST 1 (HP)	COST 1-HP	COST 1-HP
lang_multi_text.db	SaveProjectName12	3.4	Hội thoại/Cốt truyện	Hội thoại/Khác			COST 1-防御	COST 1 (DEF)	COST 1-防御	COST 1-Phòng Ngự
lang_multi_text.db	SdkLoginSuccess	3.4	Hội thoại/Cốt truyện	Hội thoại/Khác			{0}欢迎进入游戏	{0}, welcome to the game	{0}ゲームへようこそ	{0} chào mừng vào game
lang_multi_text.db	SdkPayCancelDesc	3.4	Hội thoại/Cốt truyện	Hội thoại/Khác			/test 取消支付	Cancel payment.	キャンセル	/test Hủy thanh toán
lang_multi_text.db	SdkPayCountDown	3.4	Hội thoại/Cốt truyện	Hội thoại/Khác			/test {0}秒后自动关闭界面	Page closing in {0}s.	ページが{0}秒後に閉じられます	/test Sau {0} giây tự động đóng giao diện
lang_multi_text.db	SdkPayFail	3.4	Hội thoại/Cốt truyện	Hội thoại/Khác			/test 支付失败	Payment failed.	支払いが失敗しました	/test Thanh toán thất bại
lang_multi_text.db	SdkPayFailDesc	3.4	Hội thoại/Cốt truyện	Hội thoại/Khác			/test 支付失败，请稍微再试	Payment failed. Please try again later.	支払いが失敗しました、暫くしてから再度お試しください	/test Thanh toán thất bại, vui lòng thử lại sau
lang_multi_text.db	SdkPaySuccess	3.4	Hội thoại/Cốt truyện	Hội thoại/Khác			/test 支付成功	Payment successful.	支払いが完了しました	/test Thanh toán thành công
lang_multi_text.db	SdkPaySuccessDesc	3.4	Hội thoại/Cốt truyện	Hội thoại/Khác			/test 支付成功，留意商品到账状态	Payment successful. Please check if your order has been delivered.	支払いが完了しました、購入した商品をご確認ください	/test Thanh toán thành công, lưu ý trạng thái nhận hàng
lang_multi_text.db	Sdk_Send_MailCode_Success	3.4	Hội thoại/Cốt truyện	Hội thoại/Khác			已发送验证码！	Verification code sent!	認証コードを送信しました！	Đã gửi mã xác nhận!
lang_multi_text.db	SearchNextRichArea	3.4	Hội thoại/Cốt truyện	Hội thoại/Khác			当前区域采集完成，已追踪下一区域	All tracked collectibles in this region have been gathered. You'll now be directed to the next region for further collection.	現在のエリアの収集が完了しました、次のエリアを追跡中	Đã thu thập xong khu vực hiện tại, đã theo dõi khu vực tiếp theo
lang_multi_text.db	Search_PSN_ID_Result	3.4	Hội thoại/Cốt truyện	Hội thoại/Khác			输入玩家PSN online ID搜索	Search by Online ID for PSN	PSN online IDを入力して検索	Nhập PSN online ID người chơi để tìm kiếm
lang_multi_text.db	Search_PSN_ID_Tips	3.4	Hội thoại/Cốt truyện	Hội thoại/Khác			搜索玩家PSN online ID添加好友	Search by Online ID for PSN™ to add a friend	PSN online IDを検索してフレンド申請	Tìm kiếm PSN online ID người chơi để thêm bạn
lang_multi_text.db	Search_UID_Result	3.4	Hội thoại/Cốt truyện	Hội thoại/Khác			输入玩家特征码搜索	Search by UID	ユーザーIDを入力して検索	Nhập ID người chơi để tìm kiếm
lang_multi_text.db	Search_UID_Tips	3.4	Hội thoại/Cốt truyện	Hội thoại/Khác			搜索玩家特征码添加好友	Search by UID to add a Friend	ユーザーIDを検索してフレンド申請	Tìm kiếm ID người chơi để thêm bạn
lang_multi_text.db	Search_Xbox_ID_Tips	3.4	Hội thoại/Cốt truyện	Hội thoại/Khác			搜索玩家Xbox ID添加好友	Search Xbox ID to add a friend	Xbox IDを検索してフレンド申請	Tìm ID Xbox của người chơi để thêm bạn bè
lang_multi_text.db	SelfGacha_NoDetail_Tips	3.4	Hội thoại/Cốt truyện	Hội thoại/Khác			请先完成定向选择后，再查看唤取详情	Please select your Convene target before viewing Convene details.	ピックアップ対象を指定してから集音詳細をご確認ください	Vui lòng chọn mục tiêu định hướng trước khi xem chi tiết Thức Tỉnh
lang_multi_text.db	SendChatText	3.4	Hội thoại/Cốt truyện	Hội thoại/Khác			按{0}输入	Press {0} to enter	{0}を押して入力	Nhấn {0} để nhập
lang_multi_text.db	Send_MailCode	3.4	Hội thoại/Cốt truyện	Hội thoại/Khác			发送验证码	Get verification code	認証コードを送信	Gửi mã xác nhận
lang_multi_text.db	Send_MailCode_Cd	3.4	Hội thoại/Cốt truyện	Hội thoại/Khác			{0}s	{0}s	{0}s	{0}s
lang_multi_text.db	SetRemark	3.4	Hội thoại/Cốt truyện	Hội thoại/Khác			设置备注	Edit Remark	タグをつける	Thiết lập ghi chú
lang_multi_text.db	SetTowerTips	3.4	Hội thoại/Cốt truyện	Hội thoại/Khác			部署	Deploy	配置	Triển khai
lang_multi_text.db	ShengXiaDetectTip	3.4	Hội thoại/Cốt truyện	Hội thoại/Khác			当前探测数量已达到上限，请完成收集后再尝试	You have reached the detection number cap. Please complete the collection before trying again.	同時特定数が上限に達しています。先に収集を完了してから再度お試しください。	Số lượng dò tìm hiện tại đã đạt giới hạn, vui lòng hoàn thành thu thập rồi thử lại
lang_multi_text.db	ShipTogetherCanNotUse	3.4	Hội thoại/Cốt truyện	Hội thoại/Khác			当前状态无法进行该操作	Cannot perform this action in current state	この状態で実行できません	Trạng thái hiện tại không thể thực hiện thao tác này
lang_multi_text.db	ShipTogetherViewCanNotOpenWhenMoving	3.4	Hội thoại/Cốt truyện	Hội thoại/Khác			当前状态下无法使用该功能	You cannot currently use this function	現在の状態で使用できません	Không thể sử dụng chức năng này trong trạng thái hiện tại
lang_multi_text.db	ShipTower_BurningTide_End	3.4	Hội thoại/Cốt truyện	Hội thoại/Khác			焚潮终止	Burning Waves Ends	炎潮状態が終了しました	Triều Phần chấm dứt
lang_multi_text.db	ShowDescription_80870001	3.4	Hội thoại/Cốt truyện	Hội thoại/Khác			由热心粉丝制作的海豹头饰，取材自飞行雪绒最喜欢的吉祥物。	A seal headpiece made by an enthusiastic fan, inspired by Fleet Snowfluff’s favorite mascot.	熱心なファンが手作りしたアザラシのヘッドアクセ。「フリート・スノーフラッフ」のお気に入りマスコットがモチーフ。	Băng đô hình hải cẩu do một fan hâm mộ nhiệt tình làm ra, lấy cảm hứng từ linh vật yêu thích của Phi Đội Lông Tuyết.
lang_multi_text.db	ShowDescription_80870004	3.4	Hội thoại/Cốt truyện	Hội thoại/Khác			取材自某种花的头饰，也是她曾为自己添置过的唯一饰品。	A headpiece inspired by a certain flower, and the only accessory she ever chose for herself.	とある花をモチーフにしたヘッドアクセ。かつて彼女が自分のために用意した、唯一の装飾品。	Băng đô lấy cảm hứng từ một loài hoa nào đó, cũng là món trang sức duy nhất cô từng mua cho mình.
lang_multi_text.db	ShowDescription_80870005	3.4	Hội thoại/Cốt truyện	Hội thoại/Khác			达妮娅平时携带的玩偶的……特殊版本？这一款看起来似乎和她本人格外地像。	A special version of the doll Denia carries with her every day. This one looks uncannily like her.	ダーニャがいつも持ち歩いているぬいぐるみの……特別仕様？どこか本人にそっくりな気がする。	Phiên bản đặc biệt... của con búp bê mà Denia thường mang theo? Con này trông có vẻ đặc biệt giống cô ấy.
lang_multi_text.db	ShowDescription_80870007	3.4	Hội thoại/Cốt truyện	Hội thoại/Khác			第二次考入星炬学院后，她为自己挑选的第一件饰品。过去的阴霾已经消散，现在嘛，重要的——只有眼前的缤纷色彩，和闪闪发光的未来！	Upon her second admission to Startorch Academy, she chose her very first accessory. The shadows of the past had finally receded. Now, all that mattered were the vivid colors before her eyes and the dazzling future that lay ahead.	スタートーチ学園に再び入学した彼女が、自分のために初めて選んだアクセサリー。過去の影はもう遠い。今の彼女にとって大切なのは、目の前に広がる鮮やかな毎日と、きらきらと輝く未来！	Sau khi thi đỗ vào Học viện Startorch lần thứ hai, đây là món phụ kiện đầu tiên cô tự chọn cho mình. Bóng tối của quá khứ đã lùi xa. Giờ đây, điều quan trọng chỉ còn là những sắc màu rực rỡ trước mắt và tương lai lấp lánh đang chờ phía trước!
lang_multi_text.db	ShowDescription_80870008	3.4	Hội thoại/Cốt truyện	Hội thoại/Khác			为监测超频对自己的身体影响，莫宁临时改造了她的星栈，因共鸣力不稳定而影响了实验器械这种可以预防的意外，从不会出现在她的实验室中。	To monitor the effects of Overclocking on her vitals, Mornye temporarily modified her Starstack. Due to her unstable Forte, such preventative adjustments—a rarity in her laboratory—ensure her experiments remain uninterrupted by unforeseen accidents.	オーバークロックによる自身への負荷を観測するため、モーニエが急ごしらえで改造したスタースタック。共鳴力の乱れによる機材トラブル――そのような防ぎ得る事故は、彼女の実験室では決して起こらない。	Để theo dõi tác động của Vượt Tần lên cơ thể, Mornye đã tạm thời cải tạo Starstack của mình. Trong phòng thí nghiệm của cô, những sự cố có thể phòng ngừa — chẳng hạn thiết bị bị ảnh hưởng vì Năng Lực Cộng Hưởng bất ổn — tuyệt đối không được phép xảy ra.
lang_multi_text.db	ShowerInviteNumber	3.4	Hội thoại/Cốt truyện	Hội thoại/Khác			当前邀请数量：{0}	Current Invitations: {0}	招待数：{0}	Số lượng lời mời hiện tại: {0}
lang_multi_text.db	ShowerInvitePos	3.4	Hội thoại/Cốt truyện	Hội thoại/Khác			位置{0}	Position {0}	位置{0}	Vị trí {0}
lang_multi_text.db	SingleBuyLimit	3.4	Hội thoại/Cốt truyện	Hội thoại/Khác			单次限购：{0}	Per-Purchase Limit: {0}	一度に購入できる数：{0}	Giới hạn mua 1 lần: {0}
lang_multi_text.db	SkipTask_Prevent	3.4	Hội thoại/Cốt truyện	Hội thoại/Khác			当前界面无法进行跳转，请回到其他界面再尝试	You cannot navigate from the current interface. Please switch to another interface and try again.	現在の画面から遷移できません。他の画面に戻ってからもう一度お試しください	Giao diện hiện tại không thể chuyển hướng, vui lòng trở về giao diện khác rồi thử lại
lang_multi_text.db	SlashTowerTagDesc_Text1	3.4	Hội thoại/Cốt truyện	Hội thoại/Khác			气动抗性增加20%	Increase Aero RES by 20%	気動耐性20％アップ	Kháng Khí Động tăng 20%
lang_multi_text.db	SlashTowerTagDesc_Text2	3.4	Hội thoại/Cốt truyện	Hội thoại/Khác			导电抗性增加20%	Increase Electro RES by 20%	電導耐性20％アップ	Kháng Điện Từ tăng 20%
lang_multi_text.db	SlashTowerTagDesc_Text3	3.4	Hội thoại/Cốt truyện	Hội thoại/Khác			热熔抗性增加20%	Increase Fusion RES by 20%	焦熱耐性20％アップ	Kháng Hỏa Liệt tăng 20%
lang_multi_text.db	SlashTowerTagDesc_Text4	3.4	Hội thoại/Cốt truyện	Hội thoại/Khác			冷凝抗性增加20%	Increase Glacio RES by 20%	凝縮耐性20％アップ	Kháng Ngưng Băng tăng 20%
lang_multi_text.db	SlashTowerTagDesc_Text5	3.4	Hội thoại/Cốt truyện	Hội thoại/Khác			湮灭抗性增加20%	Increase Havoc RES by 20%	消滅耐性20％アップ	Kháng Hủy Diệt tăng 20%
lang_multi_text.db	SlashTowerTagDesc_Text6	3.4	Hội thoại/Cốt truyện	Hội thoại/Khác			衍射抗性增加20%	Increase Spectro RES by 20%	回折耐性20％アップ	Kháng Quang Phổ tăng 20%
lang_multi_text.db	SlashTowerTagName_Text1	3.4	Hội thoại/Cốt truyện	Hội thoại/Khác			气动抗性	Aero RES	気動耐性	Kháng Khí Động
lang_multi_text.db	SlashTowerTagName_Text2	3.4	Hội thoại/Cốt truyện	Hội thoại/Khác			导电抗性	Electro RES	電導耐性	Kháng Điện Từ
lang_multi_text.db	SlashTowerTagName_Text3	3.4	Hội thoại/Cốt truyện	Hội thoại/Khác			热熔抗性	Fusion RES	焦熱耐性	Kháng Hỏa Liệt
lang_multi_text.db	SlashTowerTagName_Text4	3.4	Hội thoại/Cốt truyện	Hội thoại/Khác			冷凝抗性	Glacio RES	凝縮耐性	Kháng Ngưng Băng
lang_multi_text.db	SlashTowerTagName_Text5	3.4	Hội thoại/Cốt truyện	Hội thoại/Khác			湮灭抗性	Havoc RES	消滅耐性	Kháng Hủy Diệt
lang_multi_text.db	SlashTowerTagName_Text6	3.4	Hội thoại/Cốt truyện	Hội thoại/Khác			衍射抗性	Spectro RES	回折耐性	Kháng Quang Phổ
lang_multi_text.db	SmallAreaName	3.4	Hội thoại/Cốt truyện	Hội thoại/Khác			<size=36>{0}</size>	<size=36>{0}</size>	<size=36>{0}</size>	<size=36>{0}</size>
lang_multi_text.db	SoldOut	3.4	Hội thoại/Cốt truyện	Hội thoại/Khác			已售罄	SOLD OUT	売り切れ	Đã bán hết
lang_multi_text.db	SoundAreaPlayInfo_1001001_BuffDescription	3.4	Hội thoại/Cốt truyện	Hội thoại/Khác			无常凶鹭进入了防御状态，尽快清空其共振度，阻止其回复共振度！	Impermanence Heron has entered a defensive state. Quickly deplete its Vibration Strength to prevent it from recovering!	無常の鷺がガードしようとしています！共振度の回復を阻止するため、全力で叩いて共振度を削ってください！	Mưu Thùy Vô Thường đã vào trạng thái phòng thủ, hãy nhanh chóng xóa bỏ Mức Độ Cộng Hưởng của nó, ngăn chặn nó hồi phục Mức Độ Cộng Hưởng!
lang_multi_text.db	SoundAreaPlayInfo_1001001_BuffTitle	3.4	Hội thoại/Cốt truyện	Hội thoại/Khác			无常凶鹭	Impermanence Heron	無情のサギ	Mưu Thùy Vô Thường
lang_multi_text.db	SoundAreaPlayInfo_1001002_BuffDescription	3.4	Hội thoại/Cốt truyện	Hội thoại/Khác			鸣钟之龟体表的冰甲可以被破坏，成功破坏时可以削减其共振度。	Bell-Borne Geochelone's ice armor can be destroyed. Shatter it to deplete its Vibration Strength.	鳴鐘の亀の表面を覆う氷は破壊可能です。破壊すると、効率よく共振度を削られます。	Lớp giáp băng ngoài cơ thể Rùa Minh Chung có thể bị phá hủy, khi phá hủy thành công có thể làm giảm Mức Độ Cộng Hưởng của nó.
lang_multi_text.db	SoundAreaPlayInfo_1001002_BuffTitle	3.4	Hội thoại/Cốt truyện	Hội thoại/Khác			鸣钟之龟	Bell-Borne Geochelone	鳴鐘の亀	Minh Chung Chi Quy
lang_multi_text.db	SoundAreaPlayInfo_1001003_BuffDescription	3.4	Hội thoại/Cốt truyện	Hội thoại/Khác			鸣钟之龟进入瘫痪状态，其背部已出现钩索点。	Bell-Borne Geochelone goes into a paralyzed state and has developed Grapple points on his back.	鳴鐘の亀は無力状態になっています。背部に鉤縄ポイントが現れました。	Rùa Minh Chung đã rơi vào trạng thái tê liệt, điểm móc trên lưng nó đã xuất hiện.
lang_multi_text.db	SoundAreaPlayInfo_1001003_BuffTitle	3.4	Hội thoại/Cốt truyện	Hội thoại/Khác			鸣钟之龟	Bell-Borne Geochelone	鳴鐘の亀	Minh Chung Chi Quy
lang_multi_text.db	SoundAreaPlayInfo_1001004_BuffDescription	3.4	Hội thoại/Cốt truyện	Hội thoại/Khác			dnt/领主的远程投掷物可以被打回去			
lang_multi_text.db	SoundAreaPlayInfo_1001004_BuffTitle	3.4	Hội thoại/Cốt truyện	Hội thoại/Khác			dnt/无归的谬误	Fallacy of No Return		Sai Lầm Không Lối Về
lang_multi_text.db	Source_Desc_1	3.4	Hội thoại/Cốt truyện	Hội thoại/Khác			核心包是进入游戏所必须下载的资源，下载完成后即可进入游戏，其余资源可在游戏内边玩边下载	The core package must be downloaded to run the game. After entering the game, you may choose to download other assets as you play.	コアリソースはゲームを開始するために必須のリソースです。ダウンロード完了後、ゲームを開始できます。その他のリソースは、ゲーム内でプレイしながらダウンロードできます。	Gói cốt lõi là tài nguyên bắt buộc phải tải xuống để vào trò chơi, sau khi tải xong có thể vào trò chơi, các tài nguyên khác có thể vừa chơi vừa tải xuống trong trò chơi
lang_multi_text.db	Source_Desc_2	3.4	Hội thoại/Cốt truyện	Hội thoại/Khác			今州及其他区域相关资源，包含场景资源和剧情资源		今州およびその他のエリア関連リソースには、該当マップとストーリーに使われるリソースが含まれます。	Tài nguyên liên quan đến Kim Châu và các khu vực khác, bao gồm tài nguyên bối cảnh và tài nguyên cốt truyện
lang_multi_text.db	Source_Desc_3	3.4	Hội thoại/Cốt truyện	Hội thoại/Khác			黎那汐塔及其他区域相关资源，包含场景资源和剧情资源	Assets of Rinascita and other areas, including environment and storyline assets.	リナシータおよびその他のエリア関連リソースには、該当マップとストーリーに使われるリソースが含まれます。	Tài nguyên liên quan đến Rinascita và các khu vực khác, bao gồm tài nguyên cảnh quan và tài nguyên cốt truyện
lang_multi_text.db	Source_Desc_4	3.4	Hội thoại/Cốt truyện	Hội thoại/Khác			切换漂泊者所需下载的资源，下载完成后可前往设置界面切换漂泊者	Essential assets needed to enable Rover Appearance Switch. After the download is complete, proceed to Settings to switch Rover's Appearance.	漂泊者切替に必要なリソースです。ダウンロード完了後、設定画面で漂泊者を切り替えることができるようになります。	Tài nguyên cần tải xuống để chuyển đổi Rover, sau khi tải xong có thể vào giao diện Cài đặt để chuyển đổi Rover
lang_multi_text.db	Source_Desc_5	3.4	Hội thoại/Cốt truyện	Hội thoại/Khác			罗伊冰原及其他区域相关资源，包含场景资源和剧情资源	Assets of Roya Frostlands and other areas, including environment and storyline assets.	ロイ氷原およびその他のエリア関連リソースには、該当マップとストーリーに使われるリソースが含まれます。	Tài nguyên liên quan đến Băng Nguyên Roya và các khu vực khác, bao gồm tài nguyên cảnh quan và tài nguyên cốt truyện
lang_multi_text.db	Source_Title_1	3.4	Hội thoại/Cốt truyện	Hội thoại/Khác			【剧情】区域剧情资源	[Storyline] Regional Storyline Assets	【ストーリー】瑝瓏およびその他のエリア	[Cốt Truyện] Tài nguyên Cốt truyện Khu vực
lang_multi_text.db	Source_Title_10	3.4	Hội thoại/Cốt truyện	Hội thoại/Khác			【剧情】罗伊冰原及其他区域剧情资源	[Storyline] Storyline assets in Roya Frostlands and other areas	【ストーリー】ロイ氷原およびその他のエリア	[Cốt Truyện] Tài nguyên Cốt truyện Băng Nguyên Roya
lang_multi_text.db	Source_Title_11	3.4	Hội thoại/Cốt truyện	Hội thoại/Khác			【区域】罗伊冰原	[Region] Roya Frostlands	【マップ】ロイ氷原	[Khu Vực] Băng Nguyên Roya
lang_multi_text.db	Source_Title_12	3.4	Hội thoại/Cốt truyện	Hội thoại/Khác			【剧情】黯原及其他区域剧情资源	[Storyline] Storyline assets in the Dimmr Plains and other areas	【ストーリー】ディマー・プレーンズおよびその他のエリア	[Cốt truyện] Tài nguyên cốt truyện ở Dimmr Plains và các khu vực khác
lang_multi_text.db	Source_Title_13	3.4	Hội thoại/Cốt truyện	Hội thoại/Khác			【区域】黯原	[Region] Dimmr Plains	【マップ】ディマー・プレーンズ	[Khu vực] Dimmr Plains
lang_multi_text.db	Source_Title_2	3.4	Hội thoại/Cốt truyện	Hội thoại/Khác			【区域】今州及其他区域	[Environment] Jinzhou and other areas	【マップ】今州およびその他のエリア	[Khu Vực] Kim Châu và các Khu vực khác
lang_multi_text.db	Source_Title_3	3.4	Hội thoại/Cốt truyện	Hội thoại/Khác			【区域】泰缇斯之底	[Environment] Tethys' Deep	【マップ】テティスの底	[Khu Vực] Đáy Tethys
lang_multi_text.db	Source_Title_4	3.4	Hội thoại/Cốt truyện	Hội thoại/Khác			【剧情】拉古那及其他区域剧情资源	[Storyline] Storyline assets in Ragunna and other areas	【ストーリー】ラグーナおよびその他のエリア	[Cốt Truyện] Tài nguyên Cốt truyện Ragunna và các Khu vực khác
lang_multi_text.db	Source_Title_5	3.4	Hội thoại/Cốt truyện	Hội thoại/Khác			【区域】拉古那及其他区域	[Environment] Ragunna and other areas	【マップ】ラグーナおよびその他のエリア	[Khu Vực] Ragunna và các Khu vực khác
lang_multi_text.db	Source_Title_6	3.4	Hội thoại/Cốt truyện	Hội thoại/Khác			【区域】七丘及其他区域	[Environment] Septimont and other areas	【マップ】セブン・ヒルズおよびその他のエリア	[Khu Vực] Septimont và các Khu vực khác
lang_multi_text.db	Source_Title_7	3.4	Hội thoại/Cốt truyện	Hội thoại/Khác			【剧情】七丘及其他区域剧情资源	[Storyline] Storyline assets in Septimont and other areas	【ストーリー】セブン・ヒルズおよびその他のエリア	[Cốt Truyện] Tài nguyên Cốt truyện Septimont và các Khu vực khác
lang_multi_text.db	Source_Title_8	3.4	Hội thoại/Cốt truyện	Hội thoại/Khác			【剧情】拉海洛剧情资源	[Storyline] Lahai-Roi Storyline Assets	【ストーリー】ラハイロイおよびその他のエリア	[Cốt Truyện] Tài nguyên Cốt Truyện Lahai-Roi
lang_multi_text.db	Source_Title_9	3.4	Hội thoại/Cốt truyện	Hội thoại/Khác			【区域】拉海洛	[Region] Lahai-Roi	【マップ】ラハイロイ	[Khu Vực] Lahai-Roi
lang_multi_text.db	Source_Title_Land_1	3.4	Hội thoại/Cốt truyện	Hội thoại/Khác			今州及其他区域		今州およびその他のエリア	Kim Châu và các khu vực khác
lang_multi_text.db	Source_Title_Land_2	3.4	Hội thoại/Cốt truyện	Hội thoại/Khác			黎那汐塔及其他区域	Rinascita and other areas	リナシータおよびその他のエリア	Rinascita và các Khu vực khác
lang_multi_text.db	Source_Title_Land_3	3.4	Hội thoại/Cốt truyện	Hội thoại/Khác			罗伊冰原及其他区域	Roya Frostlands and other areas	ロイ氷原およびその他のエリア	Băng Nguyên Roya và các Khu vực khác
lang_multi_text.db	Source_Title_Main	3.4	Hội thoại/Cốt truyện	Hội thoại/Khác			核心包	Core Package	コアリソース	Gói Cốt Lõi
lang_multi_text.db	Source_Title_Sex	3.4	Hội thoại/Cốt truyện	Hội thoại/Khác			切换漂泊者资源	Rover Appearance Switch assets	漂泊者切替リソース	Chuyển Đổi Tài Nguyên Rover
lang_multi_text.db	SpecialRule	3.4	Hội thoại/Cốt truyện	Hội thoại/Khác			特殊机制	Special Mechanism	特殊ギミック	Cơ Chế Đặc Biệt
lang_multi_text.db	SubPackageCanClearButton	3.4	Hội thoại/Cốt truyện	Hội thoại/Khác			清理资源（{0}）	Clear Resources ({0})	リソースクリーンアップ（{0}）	Dọn Dẹp Tài Nguyên ({0})
lang_multi_text.db	SubPackageClearButton	3.4	Hội thoại/Cốt truyện	Hội thoại/Khác			清理资源（{0}/{1}）	Clear Resources ({0}/{1})	リソースクリーンアップ（{0}/{1}）	Dọn Dẹp Tài Nguyên ({0}/{1})
lang_multi_text.db	SubPackageClearTips_Plot_Item_Info	3.4	Hội thoại/Cốt truyện	Hội thoại/Khác			过往任务资源	Past Storyline Resources	クリア済み任務のリソース	Tài Nguyên Cốt Truyện Cũ
lang_multi_text.db	SubPackageHaveNoSpaceClear	3.4	Hội thoại/Cốt truyện	Hội thoại/Khác			无可清理资源	No resources to clean	削除可能なリソースはありません	Không có tài nguyên để dọn dẹp
lang_multi_text.db	Suibo_Title	3.4	Hội thoại/Cốt truyện	Hội thoại/Khác			<color=#586778>穗波怪异物语</color>	<color=#586778>Stranger Things in Honami</color>	<color=#586778>穂波の怪異物語</color>	<color=#586778>Chuyện Lạ Honami</color>
lang_multi_text.db	SurvivorCharacterAttributeInterface_Name	3.4	Hội thoại/Cốt truyện	Hội thoại/Khác			角色	Resonator	キャラ	Nhân Vật
lang_multi_text.db	SurvivorPropObtain_ScreenName	3.4	Hội thoại/Cốt truyện	Hội thoại/Khác			额外奖励	Extra Rewards	追加報酬	Phần Thưởng Thêm
lang_multi_text.db	SurvivorPropSelection_ScreenName	3.4	Hội thoại/Cốt truyện	Hội thoại/Khác			道具选择	Select Item	アイテムを選択	Chọn Đạo Cụ
lang_multi_text.db	SurvivorTreasure_ScreenName	3.4	Hội thoại/Cốt truyện	Hội thoại/Khác			奇藏奖励	Chest Rewards	秘蔵報酬	Phần Thưởng Kỳ Tàng
lang_multi_text.db	SurvivorWeaponSelection_ScreenName	3.4	Hội thoại/Cốt truyện	Hội thoại/Khác			武装选择	Select Weapon	武装を選択	Chọn Vũ Trang
lang_multi_text.db	TagCantSwitchWeapon	3.4	Hội thoại/Cốt truyện	Hội thoại/Khác			当前状态无法进行该操作	Cannot perform this action in current state	この状態で実行できません	Trạng thái hiện tại không thể làm thao tác này
lang_multi_text.db	TeamMatchAcceptInviteRoleDead	3.4	Hội thoại/Cốt truyện	Hội thoại/Khác			死亡状态无法接受邀请	Cannot join Co-op when defeated	戦闘不能状態では招待を承認できません	Trạng thái tử vong không thể chấp nhận lời mời
lang_multi_text.db	TeamTeleport_Tips	3.4	Hội thoại/Cốt truyện	Hội thoại/Khác			{0}后传送到下一调查区域	Proceed to the next investigation area in {0}	{0}後次の調査エリアへ	{0} truyền tống đến khu vực điều tra tiếp theo
lang_multi_text.db	TeddyBear_Bonus	3.4	Hội thoại/Cốt truyện	Hội thoại/Khác			火力「拳」开，迅猛连击！	Time for Powerful Punches!	全力連続パンチを繰り出そう！	Mở "Quyền" Hỏa Lực, Liên Kích Chớp Nhoáng!
lang_multi_text.db	TeddyBear_Intro	3.4	Hội thoại/Cốt truyện	Hội thoại/Khác			抓准时机，在指针进入有色区按键发力，进一步击碎弥合坚岩	Press the button once the pointer is inside the highlighted section to throw a heavier punch	ポインターが色付きの判定エリアに入ったら、ボタンを押してリズムストーンを壊そう！	Canh chuẩn thời cơ, ấn nút phát lực khi kim chỉ vào khu vực có màu để Phá Hủy Bù Đắp Đá Kiên Cố
lang_multi_text.db	TeddyBear_Progress	3.4	Hội thoại/Cốt truyện	Hội thoại/Khác			进度	Progress	進捗	Tiến độ
lang_multi_text.db	TeleporterDelete	3.4	Hội thoại/Cốt truyện	Hội thoại/Khác			销毁	Destroy	破棄	Hủy
lang_multi_text.db	TimeOfDayLock	3.4	Hội thoại/Cốt truyện	Hội thoại/Khác			当前任务状态无法使用	Unable to use this right now.	現在の状態ではこの機能をご利用できません	Trạng thái nhiệm vụ hiện tại không thể sử dụng
lang_multi_text.db	TimePointRewardActivity_RewardDesc01	3.4	Hội thoại/Cốt truyện	Hội thoại/Khác			待签到	Sign in	未解放	Chờ điểm danh
lang_multi_text.db	TimePointRewardActivity_RewardDesc02	3.4	Hội thoại/Cốt truyện	Hội thoại/Khác			可领取	Available	受取可	Có thể nhận
lang_multi_text.db	TimePointRewardActivity_RewardDesc03	3.4	Hội thoại/Cốt truyện	Hội thoại/Khác			已领取	Collected	受取済	Đã Nhận
lang_multi_text.db	TimePointRewardActivity_TimeDesc01	3.4	Hội thoại/Cốt truyện	Hội thoại/Khác			{0}月{1}日	{0}-{1}	{0}月{1}日	Ngày {1} tháng {0}
lang_multi_text.db	Tips_Crown_2026_Remove	3.4	Hội thoại/Cốt truyện	Hội thoại/Khác			已卸下「伴你同行的星轨」	"Trails of Companion Stars" is removed	「共に歩む星の軌跡」をはずしました	Đã tháo "Quỹ Đạo Sao Đồng Hành Cùng Bạn"
lang_multi_text.db	Tips_Crown_2026_Wear	3.4	Hội thoại/Cốt truyện	Hội thoại/Khác			已佩戴「伴你同行的星轨」	"Trails of Companion Stars" is equipped	「共に歩む星の軌跡」をかぶりました	Đã đeo "Quỹ Đạo Sao Đồng Hành Cùng Bạn"
lang_multi_text.db	Tips_Crown_Remove	3.4	Hội thoại/Cốt truyện	Hội thoại/Khác			已卸下「为你闪烁的星光」	"The Stars that Shine For You" is removed	「あなたのために輝くスターライト」をはずしました	Đã tháo "Ánh Sao Lấp Lánh Vì Bạn"
lang_multi_text.db	Tips_Crown_Spent2026_Remove	3.4	Hội thoại/Cốt truyện	Hội thoại/Khác			已卸下「映照万音的星彩」	"Starbright Resonance" is removed	「幾万の音を照らす星明り」を外しました	Đã tháo "Sắc Sao Chiếu Rọi Vạn Âm"
lang_multi_text.db	Tips_Crown_Spent2026_Wear	3.4	Hội thoại/Cốt truyện	Hội thoại/Khác			已佩戴「映照万音的星彩」	"Starbright Resonance" is equipped	「幾万の音を照らす星明り」を装着しました	Đã đeo "Sắc Sao Chiếu Rọi Vạn Âm"
lang_multi_text.db	Tips_Crown_Wear	3.4	Hội thoại/Cốt truyện	Hội thoại/Khác			已佩戴「为你闪烁的星光」	"The Stars that Shine For You" is equipped	「あなたのために輝くスターライト」をかぶりました	Đã đeo "Ánh Sao Lấp Lánh Vì Bạn"
lang_multi_text.db	Tips_Mask_Remove	3.4	Hội thoại/Cốt truyện	Hội thoại/Khác			已卸下「穿行昼夜的自由之鸽」	Removed Unfettered Dove through Day and Night	「白昼と黒夜を翔ける自由のハト」を外しました	Đã tháo "Chim Bồ Câu Tự Do Xuyên Qua Ngày Đêm"
lang_multi_text.db	Tips_Mask_Wear	3.4	Hội thoại/Cốt truyện	Hội thoại/Khác			已佩戴「穿行昼夜的自由之鸽」	Wearing Unfettered Dove through Day and Night	「白昼と黒夜を翔ける自由のハト」を着用しました	Đã đeo "Chim Bồ Câu Tự Do Xuyên Qua Ngày Đêm"
lang_multi_text.db	ToolsImageSetOpenGLES_Text	3.4	Hội thoại/Cốt truyện	Hội thoại/Khác			OpenGLES	OpenGLES	OpenGLES	OpenGLES
lang_multi_text.db	ToolsImageSetVulkan_Text	3.4	Hội thoại/Cốt truyện	Hội thoại/Khác			Vulkan	Vulkan	Vulkan	Vulkan
lang_multi_text.db	ToolsImageSet_Text	3.4	Hội thoại/Cốt truyện	Hội thoại/Khác			渲染设置	Render Options	グラフィックレンダラー	Tùy chọn kết xuất
lang_multi_text.db	TotalTopUp_1001	3.4	Hội thoại/Cốt truyện	Hội thoại/Khác			剩余{0}	Remaining: {0}	残り{0}	Còn lại {0}
lang_multi_text.db	TotalTopUp_1002	3.4	Hội thoại/Cốt truyện	Hội thoại/Khác			剩余{0}	Remaining: {0}	残り{0}	Còn lại {0}
lang_multi_text.db	TotalTopUp_1002_Desc	3.4	Hội thoại/Cốt truyện	Hội thoại/Khác			为努力至今的你我，献上祝福与花束。	A bouquet and blessing for you and me, for all we've done to reach this day.	今日まで歩み続けてきた、あなたと私に、祝福と花束を。	Tặng hoa và lời chúc cho chúng ta, cho tất cả những gì chúng ta đã làm để đến được ngày hôm nay.
lang_multi_text.db	TotalTopUp_1002_Props	3.4	Hội thoại/Cốt truyện	Hội thoại/Khác			套装内包含	The set includes	以下のアイテムが含まれます	Bộ bao gồm
lang_multi_text.db	TotalTopUp_1002_Subtitle	3.4	Hội thoại/Cốt truyện	Hội thoại/Khác			周年—印象涂装	Anniversary - Signature Livery	周年　イメージペイント	Kỷ Niệm - Màu Sơn Đặc Trưng
lang_multi_text.db	TotalTopUp_1002_Title	3.4	Hội thoại/Cốt truyện	Hội thoại/Khác			献给你的花束	Flowers For You	あなたへ贈る花束	Bó Hoa Dành Cho Bạn
lang_multi_text.db	TotalTopUp_1003	3.4	Hội thoại/Cốt truyện	Hội thoại/Khác			漂泊者定制饰品	Rover Custom Accessory	漂泊者のカスタム装飾	Phụ Kiện Tùy Chỉnh Rover
lang_multi_text.db	TotalTopUp_1005_Desc	3.4	Hội thoại/Cốt truyện	Hội thoại/Khác			致穿越无尽苦难之人，愿你的勇气如星光般永远闪耀。	To those who have crossed endless suffering, may your courage shine eternal like starlight.	果てなき苦難を乗り越えし者へ。その勇気が、星の光のごとく永遠に輝かんことを。	Gửi đến những người đã vượt qua muôn vàn khổ đau, nguyện cho lòng dũng cảm của bạn luôn tỏa sáng như ánh sao.
lang_multi_text.db	TotalTopUp_1005_Props	3.4	Hội thoại/Cốt truyện	Hội thoại/Khác			套装内包含	The set includes	以下のアイテムが含まれます	Bộ bao gồm
lang_multi_text.db	TotalTopUp_1011	3.4	Hội thoại/Cốt truyện	Hội thoại/Khác			定制涂装·深空与歌者	Custom Livery: Singer in Deepspace	カスタムペイント・深宇宙と歌う者	Sơn Tùy Chỉnh - Không Gian Sâu Thẳm Và Ca Sĩ
lang_multi_text.db	TotalTopUp_1012	3.4	Hội thoại/Cốt truyện	Hội thoại/Khác			爱弥斯—印象涂装	Aemeath - Signature Livery	エイメス　イメージペイント	Aemeath - Sơn Ấn Tượng
lang_multi_text.db	TotalTopUp_1013	3.4	Hội thoại/Cốt truyện	Hội thoại/Khác			套装内包含	The set includes	以下のアイテムが含まれます	Bộ bao gồm
lang_multi_text.db	TotalTopUp_1014	3.4	Hội thoại/Cốt truyện	Hội thoại/Khác			远航的星星为深空带去歌声，天穹下的万事万物，都洋溢蓬勃生机，都如故安宁美好。	The voyaging star carries songs into deep space. Everything under the sky pulses with life—serene, ordinary, and breathtakingly beautiful.	旅立った星は宇宙に歌声をもたらした、この空の下にあるあらゆる物事が、生き生きと生気に溢れており、いつもと変わらずに安らかで素敵である。	Ngôi sao viễn du mang tiếng hát vào không gian sâu thẳm, vạn vật dưới bầu trời đều tràn đầy sức sống, thanh bình và tuyệt đẹp.
lang_multi_text.db	TotalTopUp_1015	3.4	Hội thoại/Cốt truyện	Hội thoại/Khác			摩托饰品·“小小救世主”	Motorbike Accessory: "Little Savior"	バイクパーツ・「小さき救世主」	Phụ Kiện Mô Tô - "Vị Cứu Tinh Nhỏ"
lang_multi_text.db	TotalTopUp_1016	3.4	Hội thoại/Cốt truyện	Hội thoại/Khác			定制饰品	Custom Accessory	カスタムパーツ	Phụ Kiện Tùy Chỉnh
lang_multi_text.db	TowerGuideDes	3.4	Hội thoại/Cốt truyện	Hội thoại/Khác			效果	Area Effect	効果	Hiệu quả
lang_multi_text.db	TowerGuideTitle	3.4	Hội thoại/Cốt truyện	Hội thoại/Khác			环境特性	Environment Report	ステージ効果	Đặc Tính Môi Trường
lang_multi_text.db	TowerProcess	3.4	Hội thoại/Cốt truyện	Hội thoại/Khác			当前进度	Current Progress	現在進捗	Tiến độ hiện tại
lang_multi_text.db	TowerScore	3.4	Hội thoại/Cốt truyện	Hội thoại/Khác			成绩	Score	判定	Điểm
lang_multi_text.db	Towerdefence_NobuffTips	3.4	Hội thoại/Cốt truyện	Hội thoại/Khác			暂未获得任何战术	No Tactics yet	まだ戦術を獲得していません	Chưa nhận được chiến thuật nào
lang_multi_text.db	Trapdefence_BDinpool	3.4	Hội thoại/Cốt truyện	Hội thoại/Khác			已加入可选战术	Added to available Tactics	選択可能な戦術に追加されました	Đã thêm vào chiến thuật tùy chọn
lang_multi_text.db	Trapdefence_NoOlineTpye	3.4	Hội thoại/Cốt truyện	Hội thoại/Khác			联机状态下无法进入该活动	Unable to join this event in Co-Op Mode	マルチプレイ中はこのイベントに参加できません	Trong trạng thái nhiều người chơi không thể tham gia sự kiện này
lang_multi_text.db	Trapdefence_Rogue_BuffupgradeTitle	3.4	Hội thoại/Cốt truyện	Hội thoại/Khác			战术强化	Tactic Enhancement	戦術強化	Cường Hóa Chiến Thuật
lang_multi_text.db	Trapdefence_Rogue_ChooseTitle	3.4	Hội thoại/Cốt truyện	Hội thoại/Khác			请选择战术	Select Tactic	戦術を選択してください	Vui lòng chọn chiến thuật
lang_multi_text.db	Trapdefence_Rogue_GetbuffTitle	3.4	Hội thoại/Cốt truyện	Hội thoại/Khác			获得战术	Tactic Obtained	戦術獲得	Nhận chiến thuật
lang_multi_text.db	TuanziRace_EliminationRound	3.4	Hội thoại/Cốt truyện	Hội thoại/Khác			淘汰赛	Eliminator	本戦	Vòng Loại Trực Tiếp
lang_multi_text.db	TuanziRace_Finals	3.4	Hội thoại/Cốt truyện	Hội thoại/Khác			总决赛	Final	決勝戦	Vòng Chung Kết
lang_multi_text.db	TuneEchoesProject_Button2	3.4	Hội thoại/Cốt truyện	Hội thoại/Khác			强化并调谐	Upgrade & Tune	強化してチューニングする	Cường hóa và Điều chỉnh
lang_multi_text.db	TuneEchoesProject_Button4	3.4	Hội thoại/Cốt truyện	Hội thoại/Khác			全部调谐	Tune All	一括チューニング	Điều Chỉnh Tất Cả
lang_multi_text.db	TuneEchoesProject_Enable	3.4	Hội thoại/Cốt truyện	Hội thoại/Khác			开启同步调谐	Enable Sync Tuning	チューニング同期をON	Mở đồng bộ điều chỉnh
lang_multi_text.db	TuneEchoesProject_FunctionName	3.4	Hội thoại/Cốt truyện	Hội thoại/Khác			调谐方案（二星声骸无法调谐，仅可强化）	Tuning Plan (2-star Echoes cannot be tuned, only upgraded)	チューニングプラン（星2音骸はチューニングできません、強化のみ可能です）	Kế hoạch điều chỉnh (Echo hai sao không thể điều chỉnh, chỉ có thể cường hóa)
lang_multi_text.db	TuneEchoesProject_Tips01	3.4	Hội thoại/Cốt truyện	Hội thoại/Khác			可调谐	To be Tuned	チューニング可能	Có thể điều chỉnh
lang_multi_text.db	TuneEchoesProject_Unable	3.4	Hội thoại/Cốt truyện	Hội thoại/Khác			关闭同步调谐	Disable Sync Tuning	チューニング同期をOFF	Tắt đồng bộ điều chỉnh
lang_multi_text.db	TuneEchoesProject_Warning01	3.4	Hội thoại/Cốt truyện	Hội thoại/Khác			强化至+{0}并激活辅音属性	Upgrade to +{0} and activate Substat(s)	+{0}まで強化し、サブステータスを解放	Cường hóa đến +{0} và kích hoạt thuộc tính phụ
lang_multi_text.db	TunlongzhuTips_1_Description	3.4	Hội thoại/Cốt truyện	Hội thoại/Khác			推进危行任务「照龙映珠」后开启系列玩法	Unlocked after completing the Exploration Quest "Glorious Loong's Pearl"	危地任務「龍を映す珠」の進行により、コンテンツが解放される	Tiến hành nhiệm vụ nguy hiểm "Chiếu Long Ánh Châu" để mở loạt lối chơi
lang_multi_text.db	TunlongzhuTips_1_Title	3.4	Hội thoại/Cốt truyện	Hội thoại/Khác			玩法提示	Tips	コンテンツ説明	Gợi ý trò chơi
lang_multi_text.db	TurnedOnRayTracing	3.4	Hội thoại/Cốt truyện	Hội thoại/Khác			已开启光线追踪，重启游戏后生效	Ray Tracing enabled. Restart the game for the change to take effect.	レイトレーシングを有効にしました。変更を適用するには、ゲームを再起動してください。	Đã bật dò tia, có hiệu lực sau khi khởi động lại game
lang_multi_text.db	TurntableActivity_ForbidTips01	3.4	Hội thoại/Cốt truyện	Hội thoại/Khác			呜呜邮币数量不足\n完成呜呜企划可获得更多呜呜邮币	Insufficient Lollo Stamps. Complete Lollo Campaigns to obtain more Lollo Stamps.	ブブコインが足りません\nイベントに参加してコインを獲得しましょう	Tem Lollo không đủ\nHoàn thành Chiến dịch Lollo để nhận thêm Tem Lollo.
lang_multi_text.db	TurntableActivity_ForbidTips02	3.4	Hội thoại/Cốt truyện	Hội thoại/Khác			前序库存告罄后，将启用本库存	Available once the previous Inventory is sold out.	前ラウンドの在庫が切れた後、本ラウンド開始	Sau khi kho trước hết hàng, sẽ mở kho này
lang_multi_text.db	TurntableActivity_Progress	3.4	Hội thoại/Cốt truyện	Hội thoại/Khác			当前进度（{0}/{1}）	Current Progress: {0}/{1}	現在進捗（{0}/{1}）	Tiến độ hiện tại ({0}/{1})
lang_multi_text.db	TurntableActivity_TaskDesc	3.4	Hội thoại/Cốt truyện	Hội thoại/Khác			{0}后上线新业务	New venture will be available in {0}.	あと{0}で新事業開始	{0} sau sẽ ra mắt dịch vụ mới
lang_multi_text.db	TurntableActivity_Tips01	3.4	Hội thoại/Cốt truyện	Hội thoại/Khác			本库存已告罄，下一库存已启用	All sold out. The next Inventory is now available.	本ラウンドの在庫が切れました、次のラウンドに移ります	Kho này đã hết, kho tiếp theo đã được mở
lang_multi_text.db	TurntableTask_1_Desc	3.4	Hội thoại/Cốt truyện	Hội thoại/Khác			登录游戏获得1个邮币	Log in to obtain 1 Lollo Stamp	ログインすると1枚獲得	Đăng nhập vào game nhận 1 Tem Lollo
lang_multi_text.db	TurntableTask_2_Desc	3.4	Hội thoại/Cốt truyện	Hội thoại/Khác			消耗120（{0}/{1}）结晶波片获得1个邮币	Every 120 Waveplates consumed ({0}/{1}) grants 1 Lollo Stamp	結晶波長板を 120（{0}/{1}）消費すると1枚獲得	Tiêu hao 120 ({0}/{1}) Mảnh Sóng Kết Tinh nhận 1 Tem Lollo
lang_multi_text.db	TurntableTask_3_Desc	3.4	Hội thoại/Cốt truyện	Hội thoại/Khác			索拉指南活跃度达到100（{0}/{1}）获得1~3个邮币	Obtain 1 to 3 Lollo Stamp(s) when Guidebook Activity Points reach 100 ({0}/{1})	ソラガイドの活躍度が 100（{0}/{1}）に達すると、1~3枚獲得	Độ năng động Sổ Tay Solaris đạt 100 ({0}/{1}) nhận 1~3 Tem Lollo
lang_multi_text.db	UiView_MowingTowerTaskReward32	3.4	Hội thoại/Cốt truyện	Hội thoại/Khác			每个挑战阶段新增3个挑战任务，循环任务每阶段刷新	Every challenge phase has 3 new Challenge Tasks. Cycle Tasks reset every phase.	挑戦段階ごとに挑戦任務が3つ追加され、繰り返し任務は段階ごとにリセットされます	Mỗi giai đoạn Thử thách sẽ thêm 3 nhiệm vụ thử thách, nhiệm vụ Vòng lặp được làm mới sau mỗi giai đoạn
lang_multi_text.db	Ultra_Graphics_Quality_3	3.4	Hội thoại/Cốt truyện	Hội thoại/Khác						Siêu Cao (3x)
lang_multi_text.db	UnLockNewVisionQuality	3.4	Hội thoại/Cốt truyện	Hội thoại/Khác			新品质解锁	New Rarity Unlocked	新品質解放	Mở khóa phẩm chất mới
lang_multi_text.db	UnLockNewVisionSkin	3.4	Hội thoại/Cốt truyện	Hội thoại/Khác			新异相声骸解锁	New Phantom Echo Unlocked	新異相解放	Mở khóa Echo Ảo Ảnh mới
lang_multi_text.db	UnitTimeText_1	3.4	Hội thoại/Cốt truyện	Hội thoại/Khác			{0}天	{0}d	{0}日	{0} ngày
lang_multi_text.db	UnitTimeText_2	3.4	Hội thoại/Cốt truyện	Hội thoại/Khác			{0}小时	{0}h	{0}時間	{0} giờ
lang_multi_text.db	UnitTimeText_3	3.4	Hội thoại/Cốt truyện	Hội thoại/Khác			{0}分钟	{0}m	{0}分	{0} phút
lang_multi_text.db	UnitTimeText_4	3.4	Hội thoại/Cốt truyện	Hội thoại/Khác			{0}秒	{0}s	{0}秒	{0} giây
lang_multi_text.db	UnknownPlace	3.4	Hội thoại/Cốt truyện	Hội thoại/Khác			未知地点	Unknown Location	未探索	Địa Điểm Chưa Biết
lang_multi_text.db	UnknownPlaceContent	3.4	Hội thoại/Cốt truyện	Hội thoại/Khác			/test鸣潮的世界中，尚有许多未知等待漂泊者探索……	The world of Wuthering Waves has many unknowns for Rover to explore...	鳴潮の世界には、まだまだ漂泊者を待っている未知がたくさんある……	/testTrong thế giới Minh Triều, vẫn còn nhiều điều chưa biết chờ Rover khám phá...
lang_multi_text.db	UnlockSlot	3.4	Hội thoại/Cốt truyện	Hội thoại/Khác			<color=#f7eba6>辅音属性栏位</color>	<color=#f7eba6>Substat Slot</color>	<color=#f7eba6>サブステータス</color>	<color=#f7eba6>Ô Thuộc Tính Phụ</color>
lang_multi_text.db	UpAbsorptionTarget	3.4	Hội thoại/Cốt truyện	Hội thoại/Khác			<color=#f9ffffcc>- 强化吸收目标</color>	<color=#f9ffffcc>- Target Classes</color>	<color=#f9ffffcc>- ドロップ率強化対象</color>	<color=#f9ffffcc>- Mục tiêu hấp thụ cường hóa</color>
lang_multi_text.db	UpAbsorptionTargetName	3.4	Hội thoại/Cốt truyện	Hội thoại/Khác			<color=#f9ffffcc>怒涛级|海啸级</color>	<color=#f9ffffcc>Overlord | Calamity</color>	<color=#f9ffffcc>怒涛級|津波級</color>	<color=#f9ffffcc>Cấp Ba Đào|Cấp Hải Khiếu</color>
lang_multi_text.db	UpAbsorptionTargetName_Junior	3.4	Hội thoại/Cốt truyện	Hội thoại/Khác			轻波级|巨浪级	Common | Elite	水風級|巨浪級	Cấp Khinh Ba|Cấp Cự Lãng
lang_multi_text.db	UpAbsorptionTarget_Advanced	3.4	Hội thoại/Cốt truyện	Hội thoại/Khác			COST 4 强化吸收概率	COST 4 Enhanced Drop Rate	COST 4 強化後のドロップ率	Xác suất hấp thụ cường hóa COST 4
lang_multi_text.db	UpAbsorptionTarget_Junior	3.4	Hội thoại/Cốt truyện	Hội thoại/Khác			COST 1、COST 3 强化吸收概率	Cost 1 & Cost 3 Enhanced Drop Rate	COST 1・3 強化後のドロップ率	Xác suất hấp thụ cường hóa COST 1, COST 3
lang_multi_text.db	UpAbsorptionTimeDescText	3.4	Hội thoại/Cốt truyện	Hội thoại/Khác			<color=#f4f2bfff>{0}</color><color=#f9ffff7f>/{1}</color>	<color=#f4f2bfff>{0}</color><color=#f9ffff7f>/{1}</color>	<color=#f4f2bfff>{0}</color><color=#f9ffff7f>/{1}</color>	{0}/{1}
lang_multi_text.db	UpAbsorptionTimeText	3.4	Hội thoại/Cốt truyện	Hội thoại/Khác			<color=#f9ffffcc>- 剩余强化吸收次数</color>	<color=#f9ffffcc>- Remaining Chances</color>	<color=#f9ffffcc>- ドロップ率強化回数残り</color>	<color=#f9ffffcc>- Số lần hấp thụ cường hóa còn lại</color>
lang_multi_text.db	UpAbsorptionTimeWithTagText	3.4	Hội thoại/Cốt truyện	Hội thoại/Khác			剩余强化吸收次数：<color=#f0eca9>{0}</color>	Remaining Enhanced Absorptions: <color=#f0eca9>{0}</color>	ドロップ率強化回数残り：<color=#f0eca9>{0}</color>	Số lần hấp thụ cường hóa còn lại: <color=#f0eca9>{0}</color>
lang_multi_text.db	UpdateGraphicsCardDriver_Text	3.4	Hội thoại/Cốt truyện	Hội thoại/Khác			为了更好的光追功能适配，请更新到最新显卡驱动版本	Please update to the latest graphics driver version for better ray tracing performance.	よりレイトレーシング機能を最適化するために、グラフィックドライバーを最新バージョンにアップデートしてください	Để tối ưu hóa chức năng Ray Tracing, vui lòng cập nhật phiên bản driver card đồ họa mới nhất
lang_multi_text.db	UpdateRecordFailed	3.4	Hội thoại/Cốt truyện	Hội thoại/Khác			本地更新记录异常，点击确认进行修复	Local update records are abnormal. Tap Confirm to repair.	ローカルアップデート履歴に異常が発生しました、確認すると修復が行われます	Lỗi lịch sử cập nhật nội bộ, nhấn xác nhận để sửa
lang_multi_text.db	UpgradeSuccess_AttrName	3.4	Hội thoại/Cốt truyện	Hội thoại/Khác			稳定值上升	Max Stability increased	安定値アップ	Chỉ số ổn định tăng
lang_multi_text.db	Version_Update_Time_34	3.4	Hội thoại/Cốt truyện	Hội thoại/Khác			6月8日正式开启	Available Jun 8	6月8日正式リリース	Chính thức mở ngày 8 tháng 6
lang_multi_text.db	VisionAssembleAttribute	3.4	Hội thoại/Cốt truyện	Hội thoại/Khác			属性	Stats	ステータス	Thuộc Tính
lang_multi_text.db	VisionAssembleChangeNameTips	3.4	Hội thoại/Cốt truyện	Hội thoại/Khác			dnt/			Phoebe: Hướng dẫn <color=#d4bf5f>Hiệp Tấu Đóng</color>
lang_multi_text.db	VisionAssembleCurrentEquip	3.4	Hội thoại/Cốt truyện	Hội thoại/Khác			当前装配	Current Setup	装備中	Đang Lắp
lang_multi_text.db	VisionAssembleCurrentIndex	3.4	Hội thoại/Cốt truyện	Hội thoại/Khác			当前预设编号：{0}	Current Preset Number: {0}	プリセット番号：{0}	Mã số cài đặt hiện tại: {0}
lang_multi_text.db	VisionAssembleHasSave	3.4	Hội thoại/Cốt truyện	Hội thoại/Khác			<color=#f9ffff>已保存：</color><color=#f7eba6>{0}</color><color=#f9ffff>/{1}</color>	<color=#f9ffff>Saved:</color> <color=#f7eba6>{0}</color><color=#f9ffff>/{1}</color>	<color=#f9ffff>登録済み：</color><color=#f7eba6>{0}</color><color=#f9ffff>/{1}</color>	<color=#f9ffff>Đã lưu: </color><color=#f7eba6>{0}</color><color=#f9ffff>/{1}</color>
lang_multi_text.db	VisionAssembleHasUse	3.4	Hội thoại/Cốt truyện	Hội thoại/Khác			已应用该预设	Preset Applied	プリセットを適用しました	Đã áp dụng cài đặt này
lang_multi_text.db	VisionAssembleHasUseTips	3.4	Hội thoại/Cốt truyện	Hội thoại/Khác			已应用该预设	Preset Applied	プリセットを適用しました	Đã áp dụng cài đặt này
lang_multi_text.db	VisionAssembleInputTips	3.4	Hội thoại/Cốt truyện	Hội thoại/Khác			最长可输入20字符	20 characters max	全角10文字もしくは半角20文字まで入力可能	Nhập tối đa 20 ký tự
lang_multi_text.db	VisionAssembleSave	3.4	Hội thoại/Cốt truyện	Hội thoại/Khác			保存为预设	Save As Preset	プリセットを登録する	Lưu làm cài đặt sẵn
lang_multi_text.db	VisionAssembleSaveNone	3.4	Hội thoại/Cốt truyện	Hội thoại/Khác			当前无可保存内容	Content missing. Unable to save	先に音骸を装備してください	Hiện không có nội dung để lưu
lang_multi_text.db	VisionAssembleSaveTips	3.4	Hội thoại/Cốt truyện	Hội thoại/Khác			预设名称	Preset Name	プリセット名	Tên cài đặt
lang_multi_text.db	VisionAssembleTitle	3.4	Hội thoại/Cốt truyện	Hội thoại/Khác			声骸预设	Echo Preset	音骸プリセット	Cài Đặt Echo
lang_multi_text.db	VisionAssembleTopNeverTips	3.4	Hội thoại/Cốt truyện	Hội thoại/Khác			本次登录不再提示	Do not show again	次回ログインまで表示しない	Lần đăng nhập này không hiển thị nữa
lang_multi_text.db	VisionAssembleUse	3.4	Hội thoại/Cốt truyện	Hội thoại/Khác			应用	Apply	適用	Áp Dụng
lang_multi_text.db	VisionAssembleUseSuccess	3.4	Hội thoại/Cốt truyện	Hội thoại/Khác			dnt/			Phoebe: Hướng dẫn <color=#d4bf5f>Hiệp Tấu Đóng</color>
lang_multi_text.db	VisionCounterSkillText	3.4	Hội thoại/Cốt truyện	Hội thoại/Khác			声骸技能  对策技	Echo Skills: Countermeasures	音骸スキル 対策技	Kỹ Năng Echo - Kỹ Năng Ứng Phó
lang_multi_text.db	VisionEmptyCannotSave	3.4	Hội thoại/Cốt truyện	Hội thoại/Khác			dnt/			Phoebe: Hướng dẫn <color=#d4bf5f>Hiệp Tấu Đóng</color>
lang_multi_text.db	VisionEquipping	3.4	Hội thoại/Cốt truyện	Hội thoại/Khác			{0}装配中	Equipped by {0}	{0}装備中	{0} đang lắp
lang_multi_text.db	VisionFetterDetailViewName	3.4	Hội thoại/Cốt truyện	Hội thoại/Khác			{0}（{1}件套）	{0} ({1}-pc Set)	{0}（{1}セット）	{0}（Bộ {1} món）
lang_multi_text.db	VisionFetterTitle	3.4	Hội thoại/Cốt truyện	Hội thoại/Khác			合鸣效果	Sonata Effect	ハーモニー効果	Hiệu Ứng Hợp Minh
lang_multi_text.db	VisionHighLevel	3.4	Hội thoại/Cốt truyện	Hội thoại/Khác			经过强化	Upgrade	強化済み	Đã cường hóa
lang_multi_text.db	VisionHighQuality	3.4	Hội thoại/Cốt truyện	Hội thoại/Khác			品质较高	High Rarity	高品質	Phẩm chất cao
lang_multi_text.db	VisionHighRare	3.4	Hội thoại/Cốt truyện	Hội thoại/Khác			稀有度较高	Higher Rarity	レア	Độ hiếm cao
lang_multi_text.db	VisionIdentifyLock	3.4	Hội thoại/Cốt truyện	Hội thoại/Khác			强化至+5可解锁声骸调谐	Upgrade to +5 to unlock Echo Tuning	強化レベル5でチューニングを解放	Cường hóa đến +5 để mở khóa chỉnh âm Echo
lang_multi_text.db	VisionLevel	3.4	Hội thoại/Cốt truyện	Hội thoại/Khác			+{0}	+{0}	+{0}	+{0}
lang_multi_text.db	VisionLevel_ConfirmBox_1_Content	3.4	Hội thoại/Cốt truyện	Hội thoại/Khác			消耗材料中包含<color=#8c7e51>{0}</color>、<color=#8c7e51>{1}</color>和<color=#8c7e51>{2}</color>的声骸，请确认是否继续？	Includes <color=#8c7e51>{0}</color>, <color=#8c7e51>{1}</color> and <color=#8c7e51>{2}</color> materials. Do you wish to continue upgrade?	消費素材には【<color=#8c7e51>{0}</color>】【<color=#8c7e51>{1}</color>】【<color=#8c7e51>{2}</color>】の音骸が含まれていますが、続行しますか？	Vật liệu tiêu hao bao gồm Echo <color=#8c7e51>{0}</color>, <color=#8c7e51>{1}</color> và <color=#8c7e51>{2}</color>, bạn có chắc chắn muốn tiếp tục không?
lang_multi_text.db	VisionLevel_ConfirmBox_1_Content_Special	3.4	Hội thoại/Cốt truyện	Hội thoại/Khác			消耗材料中包含<color=#8c7e51>{0}</color>、<color=#8c7e51>{1}</color>和<color=#8c7e51>{2}</color>的声骸，且本次强化的材料溢出,将转化为以下材料，请确认是否继续？	The selected materials include <color=#8c7e51>{0}</color>, <color=#8c7e51>{1}</color>, and <color=#8c7e51>{2}</color> Echoes. The excessive EXP will be converted into the following material(s). Do you wish to continue?	消費素材には【<color=#8c7e51>{0}</color>】【<color=#8c7e51>{1}</color>】【<color=#8c7e51>{2}</color>】の音骸が含まれています。上限を超えた部分の素材は以下の素材に変換されますが、続行しますか？	Vật liệu tiêu hao bao gồm Echo <color=#8c7e51>{0}</color>, <color=#8c7e51>{1}</color> và <color=#8c7e51>{2}</color>, và vật liệu dư ra của lần cường hóa này sẽ chuyển thành vật liệu sau, bạn có chắc chắn muốn tiếp tục không?
lang_multi_text.db	VisionLevel_ConfirmBox_2_Content	3.4	Hội thoại/Cốt truyện	Hội thoại/Khác			消耗材料中包含<color=#8c7e51>{0}</color>和<color=#8c7e51>{1}</color>的声骸，请确认是否继续？	Includes <color=#8c7e51>{0}</color> and <color=#8c7e51>{1}</color> materials. Do you wish to continue upgrade?	消費素材には【<color=#8c7e51>{0}</color>】【<color=#8c7e51>{1}</color>】の音骸が含まれていますが、続行しますか？	Vật liệu tiêu hao bao gồm Echo <color=#8c7e51>{0}</color> và <color=#8c7e51>{1}</color>, bạn có chắc chắn muốn tiếp tục không?
lang_multi_text.db	VisionLevel_ConfirmBox_2_Content_Special	3.4	Hội thoại/Cốt truyện	Hội thoại/Khác			消耗材料中包含<color=#8c7e51>{0}</color>和<color=#8c7e51>{1}</color>的声骸，且本次强化的材料溢出,将转化为以下材料，请确认是否继续？	The selected materials include <color=#8c7e51>{0}</color> and <color=#8c7e51>{1}</color> Echoes. The excessive EXP will be converted into the following material(s). Do you wish to continue?	消費素材には【<color=#8c7e51>{0}</color>】【<color=#8c7e51>{1}</color>】の音骸が含まれています。上限を超えた部分の素材は以下の素材に変換されますが、続行しますか？	Vật liệu tiêu hao bao gồm Echo <color=#8c7e51>{0}</color> và <color=#8c7e51>{1}</color>, và vật liệu dư ra của lần cường hóa này sẽ chuyển thành vật liệu sau, bạn có chắc chắn muốn tiếp tục không?
lang_multi_text.db	VisionLevel_ConfirmBox_3_Content	3.4	Hội thoại/Cốt truyện	Hội thoại/Khác			消耗材料中包含<color=#8c7e51>{0}</color>的声骸，请确认是否继续？	Includes <color=#8c7e51>{0}</color> materials. Do you wish to continue?	消費素材には【<color=#8c7e51>{0}</color>】の音骸が含まれていますが、続行しますか？	Vật liệu tiêu hao bao gồm Echo <color=#8c7e51>{0}</color>, bạn có chắc chắn muốn tiếp tục không?
lang_multi_text.db	VisionLevel_ConfirmBox_3_Content_Special	3.4	Hội thoại/Cốt truyện	Hội thoại/Khác			消耗材料中包含<color=#8c7e51>{0}</color>的声骸，且本次强化的材料溢出，将转化为以下材料，请确认是否继续？	The selected materials include <color=#8c7e51>{0}</color> Echoes. The excessive EXP will be converted into the following material(s). Do you wish to continue?	消費素材には【<color=#8c7e51>{0}</color>】の音骸が含まれています。上限を超えた部分の素材は以下の素材に変換されますが、続行しますか？	Vật liệu tiêu hao bao gồm Echo <color=#8c7e51>{0}</color>, và vật liệu dư ra của lần cường hóa này sẽ chuyển thành vật liệu sau, bạn có chắc chắn muốn tiếp tục không?
lang_multi_text.db	VisionNeedLevelTen	3.4	Hội thoại/Cốt truyện	Hội thoại/Khác			声骸强化至10级解锁调优	Upgrade to +10 to unlock Tuning	音骸強化レベル10でチューニング解放	Cường hóa Echo lên cấp 10 để mở khóa điều chỉnh
lang_multi_text.db	VisionNormalSkill	3.4	Hội thoại/Cốt truyện	Hội thoại/Khác			通用技能	Common Skill	汎用スキル	Kỹ Năng Chung
lang_multi_text.db	VisionNotMain	3.4	Hội thoại/Cốt truyện	Hội thoại/Khác			未装配到主声骸	Not equipped to Main Slot	メイン音骸未装備	Chưa lắp vào Echo chính
lang_multi_text.db	VisionNotPersonalRoleEquip	3.4	Hội thoại/Cốt truyện	Hội thoại/Khác			非{0}装备中，无法装备专属技能	Not {0} Equipped. Cannot equip the exclusive skill	{0}ではないため、専用スキルを発動できません	Không trang bị cho {0}, không thể trang bị kỹ năng độc quyền
lang_multi_text.db	VisionNotSelectItem	3.4	Hội thoại/Cốt truyện	Hội thoại/Khác			请先选择材料	Select materials	素材を選択してください	Vui lòng chọn vật liệu trước
lang_multi_text.db	VisionRecoveryTabView_Btn_AimModel	3.4	Hội thoại/Cốt truyện	Hội thoại/Khác			定向融合	Targeted Merge	指向性融合	Dung Hợp Định Hướng
lang_multi_text.db	VisionRecoveryTabView_Btn_RandomModel	3.4	Hội thoại/Cốt truyện	Hội thoại/Khác			标准融合	Standard Merge	通常融合	Dung Hợp Tiêu Chuẩn
lang_multi_text.db	VisionRecoveryTabView_Out_Btn_AimModel	3.4	Hội thoại/Cốt truyện	Hội thoại/Khác			定向融合	Targeted Merge	指向性融合	Dung Hợp Định Hướng
lang_multi_text.db	VisionRecoveryTabView_Out_Btn_RandomModel	3.4	Hội thoại/Cốt truyện	Hội thoại/Khác			标准融合	Standard Merge	通常融合	Dung Hợp Tiêu Chuẩn
lang_multi_text.db	VisionRefineAttributeLack	3.4	Hội thoại/Cốt truyện	Hội thoại/Khác			请确认重构目标	Please confirm your selection	再構築する対象を確認してください	Vui lòng xác nhận mục tiêu tái cấu trúc
lang_multi_text.db	VisionRefineAttributeSelect	3.4	Hội thoại/Cốt truyện	Hội thoại/Khác			可选主音属性	Mainstats Available	選択可能なメインステータス	Thuộc tính âm chính có thể chọn
lang_multi_text.db	VisionRefineAttributeSelectTitle	3.4	Hội thoại/Cốt truyện	Hội thoại/Khác			数据重构	Data Modify	データ再構築	Tái Cấu Trúc Dữ Liệu
lang_multi_text.db	VisionRefineChooseCheck	3.4	Hội thoại/Cốt truyện	Hội thoại/Khác			仅可放入未强化过的五星声骸	Only unupgraded 5-Star Echoes can be selected	未強化の星5音骸のみ選択できます	Chỉ có thể đưa vào Echo 5 sao chưa cường hóa
lang_multi_text.db	VisionRefineMaterialLack	3.4	Hội thoại/Cốt truyện	Hội thoại/Khác			所需材料不足	Insufficient materials	素材が足りません	Không đủ vật liệu
lang_multi_text.db	VisionSkillTitle	3.4	Hội thoại/Cốt truyện	Hội thoại/Khác			声骸技能	Echo Skill	音骸スキル	Kỹ Năng Echo
lang_multi_text.db	VisionSkilling	3.4	Hội thoại/Cốt truyện	Hội thoại/Khác			声骸技能生效中，无法进行该操作	Echo Skill in effect. Cannot perform this action.	音骸スキルが発動中のため、実行できません	Kỹ Năng Echo đang hoạt động, không thể thực hiện thao tác này
lang_multi_text.db	VisionSkinTitleText	3.4	Hội thoại/Cốt truyện	Hội thoại/Khác			声骸异相	Phantom Appearance	異相音骸	Ảo Ảnh Echo
lang_multi_text.db	VisionSlot	3.4	Hội thoại/Cốt truyện	Hội thoại/Khác			调优槽位	New Tuning Slot	新しいスロット	Ô điều chỉnh
lang_multi_text.db	VisionSlotLevelUpTips	3.4	Hội thoại/Cốt truyện	Hội thoại/Khác			调优所需经验	EXP needed for Tuning	チューニングに消費するEXP	Kinh nghiệm điều chỉnh
lang_multi_text.db	VisionSlotUnlockTips	3.4	Hội thoại/Cốt truyện	Hội thoại/Khác			声骸{0}级后解锁槽位	Unlocks after Echo Level reaches {0}	Lv{0}でスロット解放	Echo đạt cấp {0} mở khóa ô
lang_multi_text.db	VisionSpecialSkill	3.4	Hội thoại/Cốt truyện	Hội thoại/Khác			专属技能	Exclusive Skill	専属スキル	Kỹ Năng Độc Quyền
lang_multi_text.db	WaitForIdentify	3.4	Hội thoại/Cốt truyện	Hội thoại/Khác			待调谐	To be Tuned	チューニング可能	Chờ chỉnh âm
lang_multi_text.db	Wandering_Log_Prograss	3.4	Hội thoại/Cốt truyện	Hội thoại/Khác			/{0}	/{0}	/{0}	/{0}
lang_multi_text.db	Wandering_Log_Task_Prograss	3.4	Hội thoại/Cốt truyện	Hội thoại/Khác			{0}<color=#6a7b84>/{1}</color>	{0}<color=#6a7b84>/{1}</color>	{0}<color=#6a7b84>/{1}</color>	{0}<color=#6a7b84>/{1}</color>
lang_multi_text.db	WeRogueMapScoreText	3.4	Hội thoại/Cốt truyện	Hội thoại/Khác			{0}	{0}	{0}	{0}/{1}
lang_multi_text.db	WeRogueMisssingToken	3.4	Hội thoại/Cốt truyện	Hội thoại/Khác			未获得	Not Obtained	未獲得	Chưa nhận được
lang_multi_text.db	WeRogueNewSettleExtraRoomScore	3.4	Hội thoại/Cốt truyện	Hội thoại/Khác			深层记忆区获得游历值	Sub-Memory Zones Weekly Activity Pts	深層記憶ブロックによる遊歴Pt	Nhận Điểm Dị Tưởng Ở Khu Nhớ Sâu
lang_multi_text.db	WeRogueNewSettleScore	3.4	Hội thoại/Cốt truyện	Hội thoại/Khác			通关获得游历值	Completion Weekly Activity Pts	クリアによる遊歴Pt	Nhận Điểm Dị Tưởng Khi Vượt Ải
lang_multi_text.db	WeRogueNewSettleTotalScore	3.4	Hội thoại/Cốt truyện	Hội thoại/Khác			总计获得游历值	Total Weekly Activity Pts	今回の遊歴Pt合計	Tổng Điểm Dị Tưởng Nhận Được
lang_multi_text.db	WeRogueOverviewCoreBuff	3.4	Hội thoại/Cốt truyện	Hội thoại/Khác			核心隐喻（{0}/{1}）	Core Metaphors ({0}/{1})	コアメタファー（{0}/{1}）	Ẩn Dụ Cốt Lõi ({0}/{1})
lang_multi_text.db	WeRogueScorePopupText	3.4	Hội thoại/Cốt truyện	Hội thoại/Khác			当前游历值：{0}/{1}	Current Weekly Activity Points: {0}/{1}	現在の遊歴Pt：{0}/{1}	Điểm Dị Tưởng Hiện Tại: {0}/{1}
lang_multi_text.db	WeRougeBuffTriggerDreamEnergy	3.4	Hội thoại/Cốt truyện	Hội thoại/Khác			梦境能量	Dreamscape Energy	夢境エネルギー	Năng Lượng Mộng Cảnh
lang_multi_text.db	WeRougeBuffTriggerGeneral	3.4	Hội thoại/Cốt truyện	Hội thoại/Khác			通用	General	汎用	Chung
lang_multi_text.db	WeRougeBuffTriggerName	3.4	Hội thoại/Cốt truyện	Hội thoại/Khác			普攻	Basic Attack	通常攻撃	Đánh Thường
lang_multi_text.db	WeRougeBuffTriggerNameAttack	3.4	Hội thoại/Cốt truyện	Hội thoại/Khác			攻击	ATK	攻撃力	Tấn Công
lang_multi_text.db	WeRougeBuffTriggerNameAttackSpeed	3.4	Hội thoại/Cốt truyện	Hội thoại/Khác			攻速	Attack Speed	攻撃速度	Tốc Độ Đánh
lang_multi_text.db	WeRougeBuffTriggerNameAvoidDeath	3.4	Hội thoại/Cốt truyện	Hội thoại/Khác			免死	Immunity to Death	不屈	Miễn Chết
lang_multi_text.db	WeRougeBuffTriggerNameBasicAttack	3.4	Hội thoại/Cốt truyện	Hội thoại/Khác			普攻	Basic Attack	通常攻撃	Đánh Thường
lang_multi_text.db	WeRougeBuffTriggerNameBasicAttackDamage	3.4	Hội thoại/Cốt truyện	Hội thoại/Khác			普攻伤害	Basic Attack DMG	通常攻撃ダメージ	Sát Thương Đánh Thường
lang_multi_text.db	WeRougeBuffTriggerNameBloodVolume	3.4	Hội thoại/Cốt truyện	Hội thoại/Khác			血量转伤	HP-Based Damage	自傷ダメージ	Chuyển Đổi HP
lang_multi_text.db	WeRougeBuffTriggerNameCD	3.4	Hội thoại/Cốt truyện	Hội thoại/Khác			冷却时间	Cooldown	クールタイム	Thời Gian Chờ
lang_multi_text.db	WeRougeBuffTriggerNameConcertEnergy	3.4	Hội thoại/Cốt truyện	Hội thoại/Khác			协奏能量	Concerto Energy	協奏エネルギー	Năng Lượng Hiệp Tấu
lang_multi_text.db	WeRougeBuffTriggerNameCriticalDamage	3.4	Hội thoại/Cốt truyện	Hội thoại/Khác			暴击伤害	Crit. DMG	クリティカルダメージ	Sát Thương Bạo Kích
lang_multi_text.db	WeRougeBuffTriggerNameCriticalHit	3.4	Hội thoại/Cốt truyện	Hội thoại/Khác			暴击	Crit. Rate	クリティカル	Tỷ Lệ Bạo Kích
lang_multi_text.db	WeRougeBuffTriggerNameDamage	3.4	Hội thoại/Cốt truyện	Hội thoại/Khác			伤害	DMG	ダメージ	Sát Thương
lang_multi_text.db	WeRougeBuffTriggerNameDefense	3.4	Hội thoại/Cốt truyện	Hội thoại/Khác			防御	DEF	防御	Phòng Thủ
lang_multi_text.db	WeRougeBuffTriggerNameDivineDamage	3.4	Hội thoại/Cốt truyện	Hội thoại/Khác			徽记	Sigil	印	Huy Hiệu
lang_multi_text.db	WeRougeBuffTriggerNameDivineTime	3.4	Hội thoại/Cốt truyện	Hội thoại/Khác			解梦	Divined Dream	夢解き	Giải Mộng
lang_multi_text.db	WeRougeBuffTriggerNameDot	3.4	Hội thoại/Cốt truyện	Hội thoại/Khác			异常效应	Negative Status	異常効果	Hiệu Ứng Dị Thường
lang_multi_text.db	WeRougeBuffTriggerNameFireball	3.4	Hội thoại/Cốt truyện	Hội thoại/Khác			火球	Fireball	火玉	Cầu Lửa
lang_multi_text.db	WeRougeBuffTriggerNameHeavyAttack	3.4	Hội thoại/Cốt truyện	Hội thoại/Khác			重击	Heavy Attack	重撃	Đánh Mạnh
lang_multi_text.db	WeRougeBuffTriggerNameHeavyAttackDamage	3.4	Hội thoại/Cốt truyện	Hội thoại/Khác			重击伤害	Heavy Attack DMG	重撃ダメージ	Sát Thương Đánh Mạnh
lang_multi_text.db	WeRougeBuffTriggerNameIceBlossoms	3.4	Hội thoại/Cốt truyện	Hội thoại/Khác			冰绽	Blizzard	氷砕	Băng Nở
lang_multi_text.db	WeRougeBuffTriggerNameLayersNumber	3.4	Hội thoại/Cốt truyện	Hội thoại/Khác			叠层数量	Stack Number	スタック数	Số Tầng Tích Lũy
lang_multi_text.db	WeRougeBuffTriggerNameNumber	3.4	Hội thoại/Cốt truyện	Hội thoại/Khác			触发次数	Trigger Frequency	発動回数	Số Lần Kích Hoạt
lang_multi_text.db	WeRougeBuffTriggerNamePhantom	3.4	Hội thoại/Cốt truyện	Hội thoại/Khác			声骸伤害	Echo DMG	音骸ダメージ	Sát Thương Echo
lang_multi_text.db	WeRougeBuffTriggerNameQSkill	3.4	Hội thoại/Cốt truyện	Hội thoại/Khác			声骸技能	Echo Skill	音骸スキル	Kỹ Năng Echo
lang_multi_text.db	WeRougeBuffTriggerNameResonantEnergy	3.4	Hội thoại/Cốt truyện	Hội thoại/Khác			共鸣能量	Resonance Energy	共鳴エネルギー	Năng Lượng Cộng Hưởng
lang_multi_text.db	WeRougeBuffTriggerNameRevelry	3.4	Hội thoại/Cốt truyện	Hội thoại/Khác			狂欢	Spree	狂喜	Cuồng Hoan
lang_multi_text.db	WeRougeBuffTriggerNameShieldsDamage	3.4	Hội thoại/Cốt truyện	Hội thoại/Khác			护盾反伤	Shield Counter	ダメージ反射	Phản Thương Khiên
lang_multi_text.db	WeRougeBuffTriggerNameSkill	3.4	Hội thoại/Cốt truyện	Hội thoại/Khác			共鸣技能	Resonance Skill	共鳴スキル	Kỹ Năng Cộng Hưởng
lang_multi_text.db	WeRougeBuffTriggerNameSkillDamage	3.4	Hội thoại/Cốt truyện	Hội thoại/Khác			共鸣技能伤害	Resonance Skill DMG	共鳴スキルダメージ	Sát Thương Kỹ Năng Cộng Hưởng
lang_multi_text.db	WeRougeBuffTriggerNameSlowDown	3.4	Hội thoại/Cốt truyện	Hội thoại/Khác			时缓	Slow Time	速度低下	Thời Gian Chậm
lang_multi_text.db	WeRougeBuffTriggerNameTime	3.4	Hội thoại/Cốt truyện	Hội thoại/Khác			时驭	Time	時御	Kiểm Soát Thời Gian
lang_multi_text.db	WeRougeBuffTriggerNameTriggerConditions	3.4	Hội thoại/Cốt truyện	Hội thoại/Khác			触发条件	Trigger Condition	発動条件	Điều Kiện Kích Hoạt
lang_multi_text.db	WeRougeBuffTriggerNameTriggerInterval	3.4	Hội thoại/Cốt truyện	Hội thoại/Khác			触发间隔	Trigger Interval	発動間隔	Khoảng Cách Kích Hoạt
lang_multi_text.db	WeRougeBuffTriggerNameUltimate	3.4	Hội thoại/Cốt truyện	Hội thoại/Khác			共鸣解放	Resonance Liberation	共鳴解放	Giải Phóng Cộng Hưởng
lang_multi_text.db	WeRougeBuffTriggerNameUltimateDamage	3.4	Hội thoại/Cốt truyện	Hội thoại/Khác			共鸣解放伤害	Resonance Liberation DMG	共鳴解放ダメージ	Sát Thương Giải Phóng Cộng Hưởng
lang_multi_text.db	WeRougeBuffTriggerNameValidityCondition	3.4	Hội thoại/Cốt truyện	Hội thoại/Khác			生效条件	Trigger Condition	適用条件	Điều Kiện Hiệu Lực
lang_multi_text.db	WeRougeBuffTriggerNameVariation	3.4	Hội thoại/Cốt truyện	Hội thoại/Khác			变奏技能	Intro Skill	変奏スキル	Kỹ Năng Biến Tấu
lang_multi_text.db	WeRougeBuffTriggerNameVitality	3.4	Hội thoại/Cốt truyện	Hội thoại/Khác			生命	HP	HP	Sinh Lực
lang_multi_text.db	WeRougeBuffTriggerNameWhirlwind	3.4	Hội thoại/Cốt truyện	Hội thoại/Khác			旋风	Cyclone	旋風	Gió Lốc
lang_multi_text.db	WeRougeBuffTriggerText	3.4	Hội thoại/Cốt truyện	Hội thoại/Khác			通过{0}触发徽记效果！	Sigil effect triggered via {0}!	{0}により印の効果発動	Kích hoạt hiệu quả Huy Hiệu thông qua {0}!
lang_multi_text.db	WeRougeBuffTriggerTuneBreak	3.4	Hội thoại/Cốt truyện	Hội thoại/Khác			谐度破坏	Tune Break	協和破壊	Phá Vỡ Hài Hòa
lang_multi_text.db	WeRougeBuffTriggerTuneBreakNormal	3.4	Hội thoại/Cốt truyện	Hội thoại/Khác			谐度破坏	Tune Break	協和破壊	Phá Vỡ Hài Hòa
lang_multi_text.db	WeRougeCycleUpdateBubbleText	3.4	Hội thoại/Cốt truyện	Hội thoại/Khác			周期已更新	The current cycle has been refreshed	配置が更新されました	Chu kỳ đã làm mới
lang_multi_text.db	WeRougeEndButtonBack	3.4	Hội thoại/Cốt truyện	Hội thoại/Khác			返回	Back	戻る	Trở về
lang_multi_text.db	WeRougeEndButtonQuit	3.4	Hội thoại/Cốt truyện	Hội thoại/Khác			退出	Exit	退出	Thoát
lang_multi_text.db	WeRougeFormationIntegralMultiplier	3.4	Hội thoại/Cốt truyện	Hội thoại/Khác			游历值{0}%	Weekly Activity {0}%	遊歴Pt{0}%	Điểm x{0}%
lang_multi_text.db	WeRougeFormationMissingRole	3.4	Hội thoại/Cốt truyện	Hội thoại/Khác			角色未拥有	Locked	未所持	Nhân vật chưa sở hữu
lang_multi_text.db	WeRougeFormationOtherRole	3.4	Hội thoại/Cốt truyện	Hội thoại/Khác			其他共鸣者	Others	他の共鳴者	Cộng Hưởng Giả Khác
lang_multi_text.db	WeRougeFormationRecommendedRole	3.4	Hội thoại/Cốt truyện	Hội thoại/Khác			推荐共鸣者	Recommended	おすすめの共鳴者	Cộng Hưởng Giả Đề Xuất
lang_multi_text.db	WeRougeHomePageButtonTextContinue	3.4	Hội thoại/Cốt truyện	Hội thoại/Khác			继续挑战	Continue Challenge	挑戦を続ける	Tiếp Tục Thử Thách
lang_multi_text.db	WeRouge_ExitCopyPopup	3.4	Hội thoại/Cốt truyện	Hội thoại/Khác			当前积分：{0}/{1}	Current Points: {0}/{1}	現在スコア：{0}/{1}	Điểm hiện tại: {0}/{1}
lang_multi_text.db	WeatherControl_Confirm	3.4	Hội thoại/Cốt truyện	Hội thoại/Khác			发射控制信号	Transmit Signal	コントロール信号を発信	Phát tín hiệu điều khiển
lang_multi_text.db	WeatherControl_Cooldown	3.4	Hội thoại/Cốt truyện	Hội thoại/Khác			充能中：{0}s	Regenerating: {0}s	チャージ中：{0}s	Đang nạp năng lượng: {0}s
lang_multi_text.db	WeatherControl_DateOccupied	3.4	Hội thoại/Cốt truyện	Hội thoại/Khác			时间调整未解锁或被占用	Time Adjustment locked or unavailable	時間設定は未解放か、すでに使用されています	Chưa mở khóa hoặc đang bị chiếm dụng điều chỉnh thời gian
lang_multi_text.db	WeatherControl_FunctionOpen	3.4	Hội thoại/Cốt truyện	Hội thoại/Khác			完成深空测界台重建工程后解锁	Completely rebuild the Spacetrek Observatory to unlock	スペーストレック観測台再建完了で解放	Mở khóa sau khi hoàn thành công trình tái thiết Đài Quan Sát Spacetrek
lang_multi_text.db	WeatherControl_FunctionOpenTips	3.4	Hội thoại/Cốt truyện	Hội thoại/Khác			请继续推进深空测界台重建工程	Please continue the rebuild of the Spacetrek Observatory	スペーストレック観測台の再建を進めてください	Vui lòng tiếp tục đẩy mạnh công trình tái thiết Đài Quan Sát Spacetrek
lang_multi_text.db	WeatherControl_InvalidAreaTips	3.4	Hội thoại/Cốt truyện	Hội thoại/Khác			对应区域暂未开启模拟天气	Weather Simulation not available in the current area	このエリアは天気シミュレーターが解放されていません	Khu vực tương ứng tạm thời chưa mở mô phỏng thời tiết
lang_multi_text.db	WeatherControl_Occupied	3.4	Hội thoại/Cốt truyện	Hội thoại/Khác			天气正被任务{0}占用，无法模拟天气	Blocked by the quest "{0}". Cannot Simulate Weather at the moment.	天気は現在任務 {0} に使用中のため、シミュレーションできません	Thời tiết đang bị nhiệm vụ {0} chiếm dụng, không thể mô phỏng thời tiết
lang_multi_text.db	WeatherSwitch_name1	3.4	Hội thoại/Cốt truyện	Hội thoại/Khác			晴天	Sunny	晴れ	Trời nắng
lang_multi_text.db	WeatherSwitch_name2	3.4	Hội thoại/Cốt truyện	Hội thoại/Khác			阴天	Cloudy	曇り	Trời râm
lang_multi_text.db	WeatherSwitch_name3	3.4	Hội thoại/Cốt truyện	Hội thoại/Khác			雨天	Rainy	雨	Trời mưa
lang_multi_text.db	WeatherSwitch_name4	3.4	Hội thoại/Cốt truyện	Hội thoại/Khác			大雾	Misty	濃霧	Sương mù dày đặc
lang_multi_text.db	WeatherSwitch_name5	3.4	Hội thoại/Cốt truyện	Hội thoại/Khác			幻夜星空	Ethereal Starveil	幻夜の星空	Bầu trời đêm ảo ảnh
lang_multi_text.db	WeatherSwitch_name6	3.4	Hội thoại/Cốt truyện	Hội thoại/Khác			流星雨	Meteor Shower	流星群	Mưa sao băng
lang_multi_text.db	WeatherSwitch_name7	3.4	Hội thoại/Cốt truyện	Hội thoại/Khác			炉光虹彩	Prismatic Glow	ドライブ虹彩	Ánh sáng lò vòm
lang_multi_text.db	WeekCard_1001	3.4	Hội thoại/Cốt truyện	Hội thoại/Khác			购买后可获得	Purchase to obtain	購入後獲得	Sau khi mua có thể nhận được
lang_multi_text.db	WeekCard_1002	3.4	Hội thoại/Cốt truyện	Hội thoại/Khác			{0}后可领取	Claimable in {0}	{0}後受取可能	Có thể nhận sau {0}
lang_multi_text.db	WeekCard_1003	3.4	Hội thoại/Cốt truyện	Hội thoại/Khác			累计可获得	Total Rewards	累計で獲得可能	Tổng cộng có thể nhận được
lang_multi_text.db	WeekCard_1004	3.4	Hội thoại/Cốt truyện	Hội thoại/Khác			活动剩余时间：{0}	Event Time Remaining: {0}	イベント残り時間：{0}	Thời gian hoạt động còn lại: {0}
lang_multi_text.db	WeekCard_1005	3.4	Hội thoại/Cốt truyện	Hội thoại/Khác			奖励领取剩余时间：{0}	Rewards Claimable Until: {0}	報酬受取残り時間：{0}	Thời gian nhận phần thưởng còn lại: {0}
lang_multi_text.db	WeekCard_1006	3.4	Hội thoại/Cốt truyện	Hội thoại/Khác			第{0}日可领取	Claimable on Day {0}	{0}日目に受取可能	Ngày {0} có thể nhận
lang_multi_text.db	WeekCard_1007	3.4	Hội thoại/Cốt truyện	Hội thoại/Khác			购买	Purchase	購入	Mua
lang_multi_text.db	WeekCard_1008	3.4	Hội thoại/Cốt truyện	Hội thoại/Khác			已购买	Purchased	購入済み	Đã mua
lang_multi_text.db	WeekCard_1009	3.4	Hội thoại/Cốt truyện	Hội thoại/Khác			购买后立即赠送	Purchase to obtain	購入後すぐ獲得	Tặng ngay sau khi mua
lang_multi_text.db	WeekLeftTime	3.4	Hội thoại/Cốt truyện	Hội thoại/Khác			本周剩余：{0}	Remaining This Week: {0}	今週購入制限: {0}	Tuần này còn lại: {0}
lang_multi_text.db	WeekLimitBuy	3.4	Hội thoại/Cốt truyện	Hội thoại/Khác			每周限购：<color=#d5c64b>{0}</color>/{1}	Weekly Limit: <color=#d5c64b>{0}</color>/{1}	毎週購入可能数：<color=#d5c64b>{0}</color>/{1}	Giới hạn mua hàng tuần: <color=#d5c64b>{0}</color>/{1}
lang_multi_text.db	WeekLimitBuy_B	3.4	Hội thoại/Cốt truyện	Hội thoại/Khác			每周限购：{0}	Weekly limit: {0}	毎週購入可能：{0}	Giới hạn mua hàng tuần: {0}
lang_multi_text.db	WeeklyBossInfo_Desc_1	3.4	Hội thoại/Cốt truyện	Hội thoại/Khác			人类形态<color=Fire>热熔伤害</color><color=HighlightB>抗性提高</color>。\n“黑羊”形态<color=Light>衍射伤害</color><color=Dark>湮灭伤害</color><color=HighlightB>抗性提高</color>。	This enemy has a <color=HighlightB>higher RES</color> to <color=Fire>Fusion DMG</color> while in human form.\nWhen enraged, he transforms into a grim goat reaper with a <color=HighlightB>higher RES</color> to <color=Light>Spectro DMG</color> and <color=Dark>Havoc DMG</color>.	人間形態は<color=Fire>焦熱ダメージ</color>の<color=HighlightB>耐性が高い</color>。\n「黒ヤギ」形態は<color=Light>回折ダメージ</color>、<color=Dark>消滅ダメージ</color>の<color=HighlightB>耐性が高い</color>。	Hình thái con người <color=HighlightB>tăng kháng</color> <color=Fire>sát thương Hỏa Liệt</color>.\nHình thái "Dê Đen" <color=HighlightB>tăng kháng</color> <color=Light>sát thương Quang Phổ</color>, <color=Dark>sát thương Hủy Diệt</color>.
lang_multi_text.db	WeeklyBossInfo_Desc_2	3.4	Hội thoại/Cốt truyện	Hội thoại/Khác			该敌人<color=Dark>湮灭伤害</color><color=HighlightB>抗性提高</color>。	This enemy has a <color=HighlightB>higher RES</color> to <color=Dark>Havoc DMG</color>.	この敵は<color=Dark>消滅ダメージ</color>の<color=HighlightB>耐性が高い</color>。	Kẻ địch này <color=HighlightB>tăng kháng</color> <color=Dark>sát thương Hủy Diệt</color>.
lang_multi_text.db	WeeklyBossInfo_Desc_3	3.4	Hội thoại/Cốt truyện	Hội thoại/Khác			该敌人<color=Light>衍射伤害</color><color=Thunder>导电伤害</color><color=HighlightB>抗性提高</color>。	This enemy has a <color=HighlightB>higher RES</color> to <color=Light>Spectro DMG</color> and <color=Thunder>Electro DMG</color>.	この敵は<color=Light>回折ダメージ</color>、<color=Thunder>電導ダメージ</color>の<color=HighlightB>耐性が高い</color>。	Kẻ địch này <color=HighlightB>tăng kháng</color> <color=Light>sát thương Quang Phổ</color>, <color=Thunder>sát thương Điện Từ</color>.
lang_multi_text.db	WeeklyBossInfo_Desc_4	3.4	Hội thoại/Cốt truyện	Hội thoại/Khác			该敌人<color=Dark>湮灭伤害</color><color=HighlightB>抗性提高</color>。	This enemy has a <color=HighlightB>higher RES</color> to <color=Dark>Havoc DMG</color>.	この敵は<color=Dark>消滅ダメージ</color>の<color=HighlightB>耐性が高い</color>。	Kẻ địch này <color=HighlightB>tăng kháng</color> <color=Dark>sát thương Hủy Diệt</color>.
lang_multi_text.db	WeeklyBossInfo_Desc_5	3.4	Hội thoại/Cốt truyện	Hội thoại/Khác			该敌人<color=Wind>气动伤害</color><color=HighlightB>抗性提高</color>。	This enemy has a <color=HighlightB>higher RES</color> to <color=Wind>Aero DMG</color>.	この敵は<color=Wind>気動ダメージ</color>の<color=HighlightB>耐性が高い</color>。	Kẻ địch này <color=HighlightB>tăng kháng</color> <color=Wind>sát thương Khí Động</color>.
lang_multi_text.db	WeeklyBossInfo_Desc_6	3.4	Hội thoại/Cốt truyện	Hội thoại/Khác			该敌人<color=Wind>气动伤害</color><color=Dark>湮灭伤害</color><color=HighlightB>抗性提高</color>。	This enemy has a <color=HighlightB>higher RES</color> to <color=Wind>Aero DMG</color> and <color=Dark>Havoc DMG</color>.	この敵は<color=Wind>気動ダメージ</color>、<color=Dark>消滅ダメージ</color>の<color=HighlightB>耐性が高い</color>。	Kẻ địch này <color=HighlightB>tăng kháng</color> <color=Wind>sát thương Khí Động</color>, <color=Dark>sát thương Hủy Diệt</color>.
lang_multi_text.db	WeeklyBossInfo_Desc_7	3.4	Hội thoại/Cốt truyện	Hội thoại/Khác			该敌人<color=Light>衍射伤害</color><color=HighlightB>抗性提高</color>。	This enemy has a <color=HighlightB>higher RES</color> to <color=Light>Spectro DMG</color>.	この敵は<color=Light>回折ダメージ</color>の<color=HighlightB>耐性が高い</color>。	Kẻ địch này <color=HighlightB>tăng kháng</color> <color=Light>sát thương Quang Phổ</color>.
lang_multi_text.db	WeeklyBossInfo_Desc_8	3.4	Hội thoại/Cốt truyện	Hội thoại/Khác			该敌人<color=Fire>热熔伤害</color><color=HighlightB>抗性提高</color>。	This enemy has a <color=HighlightB>higher RES</color> to <color=Fire>Fusion DMG</color>.	この敵は<color=Fire>焦熱ダメージ</color>の<color=HighlightB>耐性が高い</color>。	Kẻ địch này <color=HighlightB>tăng Kháng</color> <color=Fire>sát thương Hỏa Liệt</color>.
lang_multi_text.db	WeeklyBossInfo_OuterTitle	3.4	Hội thoại/Cốt truyện	Hội thoại/Khác			挑战详情	Details	挑戦詳細	Chi tiết khiêu chiến
lang_multi_text.db	WeeklyBossInfo_Text	3.4	Hội thoại/Cốt truyện	Hội thoại/Khác			挑战详情	Details	挑戦詳細	Chi tiết khiêu chiến
lang_multi_text.db	WeeklyBossInfo_Title	3.4	Hội thoại/Cốt truyện	Hội thoại/Khác			敌人抗性详情	Enemy Info	敵耐性	Chi tiết kháng của kẻ địch
lang_multi_text.db	WeeklyFarm_SameToyTip	3.4	Hội thoại/Cốt truyện	Hội thoại/Khác			无法获得重复道具	Cannot obtain the same items repeatedly	同じアイテムは重複して獲得できません	Không thể nhận Vật phẩm trùng lặp
lang_multi_text.db	WeeklyFarm_ScoreMax	3.4	Hội thoại/Cốt truyện	Hội thoại/Khác			已达到上限	Limit Reached	MAX	Đã đạt giới hạn
lang_multi_text.db	WeeklyGamePlayTag_1	3.4	Hội thoại/Cốt truyện	Hội thoại/Khác			战斗	Battle	戦闘	Chiến đấu
lang_multi_text.db	WeeklyGamePlayTag_2	3.4	Hội thoại/Cốt truyện	Hội thoại/Khác			策略	Strategy	ストラテジー	Chiến thuật
lang_multi_text.db	WeeklyGamePlayTag_3	3.4	Hội thoại/Cốt truyện	Hội thoại/Khác			休闲	Leisure	レジャー	Thư giãn
lang_multi_text.db	WeeklyGamePlayTag_4	3.4	Hội thoại/Cốt truyện	Hội thoại/Khác			趣味	Fun	アトラクション	Thú vị
lang_multi_text.db	WeeklyGamePlayTime_1	3.4	Hội thoại/Cốt truyện	Hội thoại/Khác			预计通关时长：12分钟以上	Estimated Clear Time: 12+ min	予想クリア時間：12分以上	Thời gian thông quan dự kiến: trên 12 phút
lang_multi_text.db	WeeklyGamePlayTime_2	3.4	Hội thoại/Cốt truyện	Hội thoại/Khác			预计通关时长：6–12分钟以上	Estimated Clear Time: 6-12 min	予想クリア時間：6–12分以上	Thời gian thông quan dự kiến: trên 6–12 phút
lang_multi_text.db	WeeklyGamePlayTitle_1	3.4	Hội thoại/Cốt truyện	Hội thoại/Khác			千道门扉的异想	Fantasies of the Thousand Gateways	千の扉の奇想	Ảo Tưởng Của Ngàn Cánh Cửa
lang_multi_text.db	WeeklyGamePlayTitle_2	3.4	Hội thoại/Cốt truyện	Hội thoại/Khác			幻梦游园·狂想	Phantasma Dreamland: Rhapsody	お伽のドリームランド・狂想	Công Viên Ảo Mộng: Cuồng Tưởng
lang_multi_text.db	WeeklyRogueSettleScoreReward	3.4	Hội thoại/Cốt truyện	Hội thoại/Khác			获得异想积分	Illusive Points Obtained	獲得した奇想スコア	Nhận Điểm Dị Tưởng
lang_multi_text.db	WeeklyRogueTag	3.4	Hội thoại/Cốt truyện	Hội thoại/Khác			积分150%	Points x150%	スコア150%	Điểm 150%
lang_multi_text.db	WeeklyRogue_Activity_Score	3.4	Hội thoại/Cốt truyện	Hội thoại/Khác			{0}/{1}	{0}/{1}	{0}/{1}	{0}/{1}
lang_multi_text.db	WeeklyRogue_Activity_Time	3.4	Hội thoại/Cốt truyện	Hội thoại/Khác			本期剩余时间：{0}	Remaining: {0}	今期残り時間：{0}	Thời gian kỳ này còn lại: {0}
lang_multi_text.db	WeeklyRogue_ExitTip_CurRoom	3.4	Hội thoại/Cốt truyện	Hội thoại/Khác			<color=#ffd12f>{0}</color>/{1}	<color=#ffd12f>{0}</color>/{1}	<color=#ffd12f>{0}</color>/{1}	<color=#ffd12f>{0}</color>/{1}
lang_multi_text.db	WeeklyRogue_ExitTip_Desc	3.4	Hội thoại/Cốt truyện	Hội thoại/Khác			调查尚未完成，是否退出？（当前游历值：{0}）	Investigation not complete. Quit now? (Current Weekly Activity Points: {0})	調査はまだ完成していません。一時離脱しますか？（現在遊歴Pt：{0}）	Điều tra Mùi hoàn thành, có muốn thoát không? (Điểm du hành hiện tại: {0})
lang_multi_text.db	WeeklyRogue_ExitTip_Title	3.4	Hội thoại/Cốt truyện	Hội thoại/Khác			退出当前进度	Quit Current Challenge	一時離脱	Thoát tiến độ hiện tại
lang_multi_text.db	WeeklyRogue_ExitTip_button1	3.4	Hội thoại/Cốt truyện	Hội thoại/Khác			结束并结算	End and Finalize	終了して集計	Kết thúc và quyết toán Bùa Hộ Mệnh
lang_multi_text.db	WeeklyRogue_ExitTip_button2	3.4	Hội thoại/Cốt truyện	Hội thoại/Khác			暂时离开	Leave for Now	一時離脱	Rời đi tạm thời
lang_multi_text.db	WeeklyRoguelikeShopItemType0	3.4	Hội thoại/Cốt truyện	Hội thoại/Khác			隐喻	Metaphor	メタファー	Ẩn Dụ
lang_multi_text.db	WeeklyRoguelikeShopItemType9	3.4	Hội thoại/Cốt truyện	Hội thoại/Khác			隐喻	Metaphor	メタファー	Ẩn Dụ
lang_multi_text.db	WeeklyRouge_BonusWindow_Title	3.4	Hội thoại/Cốt truyện	Hội thoại/Khác			回音结晶奖励	Remnant Crystal Reward	反響結晶報酬	Phần thưởng Kết Tinh Tiếng Vang
lang_multi_text.db	WeeklyRouge_PhaseName21_01	3.4	Hội thoại/Cốt truyện	Hội thoại/Khác			崩毁边域	Frontier of Ruin	破滅の辺境	Biên Giới Sụp Đổ
lang_multi_text.db	WeeklyRouge_PhaseName21_02	3.4	Hội thoại/Cốt truyện	Hội thoại/Khác			时流迷局	Temporal Maze	時空の迷路	Mê Cung Thời Gian
lang_multi_text.db	WeeklyRouge_PhaseName21_03	3.4	Hội thoại/Cốt truyện	Hội thoại/Khác			隐秘厅堂	Hidden Chamber	秘匿の広間	Đại Sảnh Bí Mật
lang_multi_text.db	WeeklyRouge_PhaseName21_04	3.4	Hội thoại/Cốt truyện	Hội thoại/Khác			湮没之花	Flowers of Oblivion	虚無の花々	Hoa Chôn Vùi
lang_multi_text.db	WeeklyRouge_PhaseName21_05	3.4	Hội thoại/Cốt truyện	Hội thoại/Khác			长夜余音	Night's Aftersound	闇夜の残響	Âm Vang Đêm Dài
lang_multi_text.db	WeeklyRouge_PhaseName21_06	3.4	Hội thoại/Cốt truyện	Hội thoại/Khác			晨昏之始	Birth of Darkness	朝暮の序曲	Sự Bắt Đầu Của Bình Minh Và Hoàng Hôn
lang_multi_text.db	Weekly_TabTitle_1	3.4	Hội thoại/Cốt truyện	Hội thoại/Khác			活跃度	Daily	活躍度	Điểm Hoạt Động
lang_multi_text.db	Weekly_TabTitle_2	3.4	Hội thoại/Cốt truyện	Hội thoại/Khác			周度游历	Weekly	週間ジャーニー	Du Lịch Hằng Tuần
lang_multi_text.db	Werouge_BuffDesc_2101	3.4	Hội thoại/Cốt truyện	Hội thoại/Khác			本期梦境援护角色：<color=#ffd12f>菲比、今汐、守岸人、维里奈</color>，使用至少1位梦境援护角色可<color=#ffd12f>获得150%「异想积分」加成</color>！\n本期梦境援护效果：\n· 全队角色<color=#ffd12f>衍射伤害加成提升30%；</color>\n· 普攻命中敌人时获得20点「梦境能量」，每秒可触发一次；<color=#ffd12f>施放共鸣技能时，获得50点「梦境能量」，若共鸣技能造成了治疗，则额外获得50点「梦境能量」，每10秒可触发一次；对带有【光噪效应】的敌人造成伤害时，获得30点「梦境能量」，每秒可触发一次；</color>\n· 「梦境能量」达到500点后进入「明晰梦」状态，「明晰梦」状态下，特定隐喻会获得强化，且全队角色暴击提升50%、共鸣效率提升100%、共鸣技能和共鸣解放冷却时间减少50%，「明晰梦」状态持续10秒，持续时间结束后「梦境能量」降至0点。	Current Dreamscape Aid Resonators: <color=#ffd12f>Phoebe, Jinhsi, Shorekeeper, and Verina</color>. Use at least one Dreamscape Aid Resonator to <color=#ffd12f>gain a 150% Point Bonus!</color>\n\nCurrent Dreamscape Aid Effects:\n- All Resonators in the team <color=#ffd12f>gain 30% Spectro DMG Bonus.</color>\n- Hitting a target with Basic Attack grants 20 Dreamscape Energy. This effect can be triggered once every second. <color=#ffd12f>Casting Resonance Skill grants 50 Dreamscape Energy, and healing a Resonator with Resonance Skill grants another 50 Dreamscape Energy. This effect can be triggered once every 10s. Damaging a target affected by Spectro Frazzle grants 30 Dreamscape Energy. This effect can be triggered once every second.</color>\n- Enter Lucid Dream when Dreamscape Energy reaches 500. In this mode, the Crit. Rate and Energy Regen of all Resonators in the team are increased by 50% and 100% respectively, and the cooldown of their Resonance Skill and Resonance Liberation is reduced by 50%. Certain Metaphors will be enhanced in this mode. Lucid Dream lasts for 10s and depletes all Dreamscape Energy when it ends.	今期の夢境サポートキャラ：<color=#ffd12f>フィービー、今汐、ショアキーパー、ヴェリーナ</color>。サポートキャラを1人以上編成すると、<color=#ffd12f>150%のスコアが獲得可能！</color>\n今期の「夢境」サポート効果：\n· チーム内全員の<color=#ffd12f>回折ダメージが30%アップ。</color>\n· 通常攻撃が敵に命中時、「夢境エネルギー」を20Pt獲得。この効果は1秒ごとに1回発動可能。<color=#ffd12f>共鳴スキル発動時、「夢境エネルギー」を50Pt獲得。共鳴スキルでHP回復を行った場合、さらに50Pt獲得。この効果は10秒ごとに1回発動可能。また、【騒光効果】が付与された敵にダメージを与えた時、「夢境エネルギー」を30Pt獲得。この効果は1秒ごとに1回発動可能。</color>\n·「夢境エネルギー」が500Ptに達すると「明晰夢」状態になる。「明晰夢」状態では、特定の「メタファー」が強化される他、チーム内全員のクリティカル率が50%アップ、共鳴効率が100%アップ、共鳴スキルと共鳴解放のクールタイムが50%短縮する。「明晰夢」状態は10秒間続き、終了後、「夢境エネルギー」は0Ptに戻る。	Cộng Hưởng Giả hỗ trợ trong mộng kỳ này: <color=#ffd12f>Phoebe, Jinhsi, Shorekeeper, Verina</color>, sử dụng ít nhất 1 Cộng Hưởng Giả hỗ trợ trong mộng có thể <color=#ffd12f>nhận thêm 150% Điểm Dị Tưởng</color>!\nHiệu quả hỗ trợ trong mộng kỳ này:\n·Toàn bộ nhân vật trong đội <color=#ffd12f>tăng 30% sát thương Quang Phổ</color>;\n·Khi Đánh Thường trúng kẻ địch sẽ nhận 20 điểm Năng Lượng Mộng Cảnh, mỗi giây có thể kích hoạt 1 lần; <color=#ffd12f>khi thi triển Kỹ Năng Cộng Hưởng, nhận 50 điểm Năng Lượng Mộng Cảnh, nếu Kỹ Năng Cộng Hưởng tạo ra trị liệu, nhận thêm 50 điểm Năng Lượng Mộng Cảnh, mỗi 10 giây có thể kích hoạt 1 lần; khi gây sát thương lên kẻ địch có [Hiệu Ứng Quang Táo], nhận 30 điểm Năng Lượng Mộng Cảnh, mỗi giây có thể kích hoạt 1 lần;</color>\n·Năng Lượng Mộng Cảnh đạt 500 điểm sẽ vào trạng thái Mộng Tỉnh, trong trạng thái Mộng Tỉnh, Ẩn Dụ đặc định sẽ được cường hóa, đồng thời toàn đội tăng 50% Bạo Kích, 100% Hiệu Suất Cộng Hưởng, giảm 50% thời gian chờ Kỹ Năng Cộng Hưởng và Giải Phóng Cộng Hưởng. Trạng thái Mộng Tỉnh duy trì 10 giây, sau khi kết thúc, Năng Lượng Mộng Cảnh giảm xuống 0 điểm.
lang_multi_text.db	Werouge_BuffDesc_2102	3.4	Hội thoại/Cốt truyện	Hội thoại/Khác			本期梦境援护角色：<color=#ffd12f>珂莱塔、折枝、凌阳、散华、釉瑚</color>，使用至少1位梦境援护角色可<color=#ffd12f>获得150%「异想积分」加成</color>！\n本期梦境援护效果：\n· 全队角色<color=#ffd12f>冷凝伤害加成提升30%；</color>\n· 普攻命中敌人时获得20点「梦境能量」，每秒可触发一次；<color=#ffd12f>施放共鸣解放时，获得100点「梦境能量」，每10秒可触发一次；造成冷凝伤害时，获得30点「梦境能量」，每秒可触发一次；</color>\n· 「梦境能量」达到500点后进入「明晰梦」状态，「明晰梦」状态下，特定隐喻会获得强化，且全队角色暴击提升50%、共鸣效率提升100%、共鸣技能和共鸣解放冷却时间减少50%，「明晰梦」状态持续10秒，持续时间结束后「梦境能量」降至0点。	Current Dreamscape Aid Resonators: <color=#ffd12f>Carlotta, Zhezhi, Lingyang, Sanhua, and Youhu</color>. Use at least one Dreamscape Aid Resonator to <color=#ffd12f>gain a 150% Point Bonus!</color>\n\nCurrent Dreamscape Aid Effects:\n- All Resonators in the team <color=#ffd12f>gain 30% Glacio DMG Bonus.</color>\n- Hitting a target with Basic Attack grants 20 Dreamscape Energy. This effect can be triggered once every second. <color=#ffd12f>Casting Resonance Liberation grants 100 Dreamscape Energy. This effect can be triggered once every 10s. Dealing Glacio DMG grants 30 Dreamscape Energy. This effect can be triggered once every second.</color>\n- Enter Lucid Dream when Dreamscape Energy reaches 500. In this mode, the Crit. Rate and Energy Regen of all Resonators in the team are increased by 50% and 100% respectively, and the cooldown of their Resonance Skill and Resonance Liberation is reduced by 50%. Certain Metaphors will be enhanced in this mode. Lucid Dream lasts for 10s and depletes all Dreamscape Energy when it ends.	今期の夢境サポートキャラ：<color=#ffd12f>カルロッタ、折枝、凌陽、散華、釉瑚</color>。サポートキャラを1人以上編成すると、<color=#ffd12f>150%のスコアが獲得可能！</color>\n今期の「夢境」サポート効果：\n· チーム内全員の<color=#ffd12f>凝縮ダメージが30%アップ。</color>\n· 通常攻撃が敵に命中時、「夢境エネルギー」を20Pt獲得。この効果は1秒ごとに1回発動可能。<color=#ffd12f>共鳴解放発動時、「夢境エネルギー」を100Pt獲得。この効果は10秒ごとに1回発動可能。凝縮ダメージを与えた時、「夢境エネルギー」を30Pt獲得。この効果は1秒ごとに1回発動可能。</color>\n·「夢境エネルギー」が500Ptに達すると「明晰夢」状態になる。「明晰夢」状態では、特定の「メタファー」が強化される他、チーム内全員のクリティカル率が50%アップ、共鳴効率が100%アップ、共鳴スキルと共鳴解放のクールタイムが50%短縮する。「明晰夢」状態は10秒間続き、終了後、「夢境エネルギー」は0Ptに戻る。	Cộng Hưởng Giả hỗ trợ trong mộng kỳ này: <color=#ffd12f>Carlotta, Chiết Chi, Lingyang, Sanhua, Youhu</color>, sử dụng ít nhất 1 Cộng Hưởng Giả hỗ trợ trong mộng có thể <color=#ffd12f>nhận thêm 150% Điểm Dị Tưởng</color>!\nHiệu quả hỗ trợ trong mộng kỳ này:\n·Toàn bộ nhân vật trong đội <color=#ffd12f>tăng 30% sát thương Ngưng Băng</color>;\n·Khi Đánh Thường trúng kẻ địch sẽ nhận 20 điểm Năng Lượng Mộng Cảnh, mỗi giây có thể kích hoạt 1 lần; <color=#ffd12f>khi thi triển Giải Phóng Cộng Hưởng, nhận 100 điểm Năng Lượng Mộng Cảnh, mỗi 10 giây có thể kích hoạt 1 lần; khi gây sát thương Ngưng Băng, nhận 30 điểm Năng Lượng Mộng Cảnh, mỗi giây có thể kích hoạt 1 lần;</color>\n·Năng Lượng Mộng Cảnh đạt 500 điểm sẽ vào trạng thái Mộng Tỉnh, trong trạng thái Mộng Tỉnh, Ẩn Dụ đặc định sẽ được cường hóa, đồng thời toàn đội tăng 50% Bạo Kích, 100% Hiệu Suất Cộng Hưởng, giảm 50% thời gian chờ Kỹ Năng Cộng Hưởng và Giải Phóng Cộng Hưởng. Trạng thái Mộng Tỉnh duy trì 10 giây, sau khi kết thúc, Năng Lượng Mộng Cảnh giảm xuống 0 điểm.
lang_multi_text.db	Werouge_BuffDesc_2103	3.4	Hội thoại/Cốt truyện	Hội thoại/Khác			本期梦境援护角色：<color=#ffd12f>椿、洛可可、丹瑾、白芷</color>，使用至少1位梦境援护角色可<color=#ffd12f>获得150%「异想积分」加成</color>！\n本期梦境援护效果：\n· 全队角色<color=#ffd12f>湮灭伤害加成提升30%；</color>\n· 普攻命中敌人时获得20点「梦境能量」，每秒可触发一次； <color=#ffd12f>重击命中时，获得10点「梦境能量」，每秒可触发一次；造成湮灭伤害时，获得30点「梦境能量」，每秒可触发一次；</color>\n· 「梦境能量」达到500点后进入「明晰梦」状态，「明晰梦」状态下，特定隐喻会获得强化，且全队角色暴击提升50%、共鸣效率提升100%、共鸣技能和共鸣解放冷却时间减少50%，「明晰梦」状态持续10秒，持续时间结束后「梦境能量」降至0点。	Current Dreamscape Aid Resonators: <color=#ffd12f>Camellya, Roccia, Danjin, and Baizhi</color>. Use at least one Dreamscape Aid Resonator to <color=#ffd12f>gain a 150% Point Bonus!</color>\n\nCurrent Dreamscape Aid Effects:\n- All Resonators in the team <color=#ffd12f>gain 30% Havoc DMG Bonus.</color>\n- Hitting a target with Basic Attack grants 20 Dreamscape Energy. This effect can be triggered once every second.\n- <color=#ffd12f>Casting Heavy Attack grants 10 Dreamscape Energy. This effect can be triggered once every 10s. Dealing Havoc DMG grants 30 Dreamscape Energy. This effect can be triggered once every second.</color>\n- Enter Lucid Dream when Dreamscape Energy reaches 500. In this mode, the Crit. Rate and Energy Regen of all Resonators in the team are increased by 50% and 100% respectively, and the cooldown of their Resonance Skill and Resonance Liberation is reduced by 50%. Certain Metaphors will be enhanced in this mode. Lucid Dream lasts for 10s and depletes all Dreamscape Energy when it ends.	今期の夢境サポートキャラ：<color=#ffd12f>ツバキ、ロココ、丹瑾、白芷</color>。サポートキャラを1人以上編成すると、<color=#ffd12f>150%のスコアが獲得可能！</color>\n今期の「夢境」サポート効果：\n· チーム内全員の<color=#ffd12f>消滅ダメージが30%アップ。</color>\n· 通常攻撃が敵に命中時、「夢境エネルギー」を20Pt獲得。この効果は1秒ごとに1回発動可能。<color=#ffd12f>重撃命中時、「夢境エネルギー」を10Pt獲得。この効果は1秒ごとに1回発動可能。消滅ダメージを与えた時、「夢境エネルギー」を30Pt獲得。この効果は1秒ごとに1回発動可能。</color>\n·「夢境エネルギー」が500Ptに達すると「明晰夢」状態になる。「明晰夢」状態では、特定の「メタファー」が強化される他、チーム内全員のクリティカル率が50%アップ、共鳴効率が100%アップ、共鳴スキルと共鳴解放のクールタイムが50%短縮する。「明晰夢」状態は10秒間続き、終了後、「夢境エネルギー」は0Ptに戻る。	Cộng Hưởng Giả hỗ trợ trong mộng kỳ này: <color=#ffd12f>Camellya, Roccia, Danjin, Baizhi</color>, sử dụng ít nhất 1 Cộng Hưởng Giả hỗ trợ trong mộng có thể <color=#ffd12f>nhận thêm 150% Điểm Dị Tưởng</color>!\nHiệu quả hỗ trợ trong mộng kỳ này:\n·Toàn bộ nhân vật trong đội <color=#ffd12f>tăng 30% sát thương Hủy Diệt</color>;\n·Khi Đánh Thường trúng kẻ địch sẽ nhận 20 điểm Năng Lượng Mộng Cảnh, mỗi giây có thể kích hoạt 1 lần; <color=#ffd12f>khi Đánh Mạnh trúng đích, nhận 10 điểm Năng Lượng Mộng Cảnh, mỗi giây có thể kích hoạt 1 lần; khi gây sát thương Hủy Diệt, nhận 30 điểm Năng Lượng Mộng Cảnh, mỗi giây có thể kích hoạt 1 lần;</color>\n·Năng Lượng Mộng Cảnh đạt 500 điểm sẽ vào trạng thái Mộng Tỉnh, trong trạng thái Mộng Tỉnh, Ẩn Dụ đặc định sẽ được cường hóa, đồng thời toàn đội tăng 50% Bạo Kích, 100% Hiệu Suất Cộng Hưởng, giảm 50% thời gian chờ Kỹ Năng Cộng Hưởng và Giải Phóng Cộng Hưởng. Trạng thái Mộng Tỉnh duy trì 10 giây, sau khi kết thúc, Năng Lượng Mộng Cảnh giảm xuống 0 điểm.
lang_multi_text.db	Werouge_BuffDesc_2104	3.4	Hội thoại/Cốt truyện	Hội thoại/Khác			本期梦境援护角色：<color=#ffd12f>布兰特、长离、安可、炽霞、莫特斐</color>，使用至少1位梦境援护角色可<color=#ffd12f>获得150%「异想积分」加成</color>！\n本期梦境援护效果：\n· 全队角色<color=#ffd12f>热熔伤害加成提升30%；</color>\n· 普攻命中敌人时获得20点「梦境能量」，每秒可触发一次；<color=#ffd12f>施放变奏技能时，获得100点「梦境能量」，每10秒可触发一次；造成热熔伤害时，获得30点「梦境能量」，每秒可触发一次；</color>\n· 「梦境能量」达到500点后进入「明晰梦」状态，「明晰梦」状态下，特定隐喻会获得强化，且全队角色暴击提升50%、共鸣效率提升100%、共鸣技能和共鸣解放冷却时间减少50%，「明晰梦」状态持续10秒，持续时间结束后「梦境能量」降至0点。	Current Dreamscape Aid Resonators: <color=#ffd12f>Brant, Changli, Encore, Chixia, and Mortefi</color>. Use at least one Dreamscape Aid Resonator to <color=#ffd12f>gain a 150% Point Bonus!</color>\n\nCurrent Dreamscape Aid Effects:\n- All Resonators in the team <color=#ffd12f>gain 30% Fusion DMG Bonus.</color>\n- Hitting a target with Basic Attack grants 20 Dreamscape Energy. This effect can be triggered once every second. <color=#ffd12f>Casting Intro Skill grants 100 Dreamscape Energy. This effect can be triggered once every 10s. Dealing Fusion DMG grants 30 Dreamscape Energy. This effect can be triggered once every second.</color>\n- Enter Lucid Dream when Dreamscape Energy reaches 500. In this mode, the Crit. Rate and Energy Regen of all Resonators in the team are increased by 50% and 100% respectively, and the cooldown of their Resonance Skill and Resonance Liberation is reduced by 50%. Certain Metaphors will be enhanced in this mode. Lucid Dream lasts for 10s and depletes all Dreamscape Energy when it ends.	今期の夢境サポートキャラ：<color=#ffd12f>ブラント、長離、アンコ、熾霞、モルトフィー</color>。サポートキャラを1人以上編成すると、<color=#ffd12f>150%のスコアが獲得可能！</color>\n今期の「夢境」サポート効果：\n· チーム内全員の<color=#ffd12f>焦熱ダメージが30%アップ。</color>\n· 通常攻撃が敵に命中時、「夢境エネルギー」を20Pt獲得。この効果は1秒ごとに1回発動可能。<color=#ffd12f>変奏スキル発動時、「夢境エネルギー」を100Pt獲得。この効果は10秒ごとに1回発動可能。焦熱ダメージを与えた時、「夢境エネルギー」を30Pt獲得。この効果は1秒ごとに1回発動可能。</color>\n·「夢境エネルギー」が500Ptに達すると「明晰夢」状態になる。「明晰夢」状態では、特定の「メタファー」が強化される他、チーム内全員のクリティカル率が50%アップ、共鳴効率が100%アップ、共鳴スキルと共鳴解放のクールタイムが50%短縮する。「明晰夢」状態は10秒間続き、終了後、「夢境エネルギー」は0Ptに戻る。	Cộng Hưởng Giả hỗ trợ trong mộng kỳ này: <color=#ffd12f>Brant, Changli, Encore, Chixia, Mortefi</color>, sử dụng ít nhất 1 Cộng Hưởng Giả hỗ trợ trong mộng có thể <color=#ffd12f>nhận thêm 150% Điểm Dị Tưởng</color>!\nHiệu quả hỗ trợ trong mộng kỳ này:\n·Toàn bộ nhân vật trong đội <color=#ffd12f>tăng 30% sát thương Hỏa Liệt</color>;\n·Khi Đánh Thường trúng kẻ địch sẽ nhận 20 điểm Năng Lượng Mộng Cảnh, mỗi giây có thể kích hoạt 1 lần; <color=#ffd12f>khi thi triển Kỹ Năng Biến Tấu, nhận 100 điểm Năng Lượng Mộng Cảnh, mỗi 10 giây có thể kích hoạt 1 lần; khi gây sát thương Hỏa Liệt, nhận 30 điểm Năng Lượng Mộng Cảnh, mỗi giây có thể kích hoạt 1 lần;</color>\n·Năng Lượng Mộng Cảnh đạt 500 điểm sẽ vào trạng thái Mộng Tỉnh, trong trạng thái Mộng Tỉnh, Ẩn Dụ đặc định sẽ được cường hóa, đồng thời toàn đội tăng 50% Bạo Kích, 100% Hiệu Suất Cộng Hưởng, giảm 50% thời gian chờ Kỹ Năng Cộng Hưởng và Giải Phóng Cộng Hưởng. Trạng thái Mộng Tỉnh duy trì 10 giây, sau khi kết thúc, Năng Lượng Mộng Cảnh giảm xuống 0 điểm.
lang_multi_text.db	Werouge_BuffDesc_2105	3.4	Hội thoại/Cốt truyện	Hội thoại/Khác			本期梦境援护角色：<color=#ffd12f>今汐、菲比、守岸人、维里奈</color>，使用至少1位梦境援护角色可<color=#ffd12f>获得150%「异想积分」加成</color>！\n本期梦境援护效果：\n· 全队角色<color=#ffd12f>衍射伤害加成提升30%；</color>\n· 普攻命中敌人时获得20点「梦境能量」，每秒可触发一次；<color=#ffd12f>施放共鸣技能时，获得100点「梦境能量」，每10秒可触发一次；造成衍射伤害时，获得30点「梦境能量」，每秒可触发一次；</color>\n· 「梦境能量」达到500点后进入「明晰梦」状态，「明晰梦」状态下，特定隐喻会获得强化，且全队角色暴击提升50%、共鸣效率提升100%、共鸣技能和共鸣解放冷却时间减少50%，「明晰梦」状态持续10秒，持续时间结束后「梦境能量」降至0点。	Current Dreamscape Aid Resonators: <color=#ffd12f>Jinhsi, Phoebe, Shorekeeper, and Verina</color>. Use at least one Dreamscape Aid Resonator to <color=#ffd12f>gain a 150% Point Bonus!</color>\n\nCurrent Dreamscape Aid Effects:\n- All Resonators in the team <color=#ffd12f>gain 30% Spectro DMG Bonus.</color>\n- Hitting a target with Basic Attack grants 20 Dreamscape Energy. This effect can be triggered once every second. <color=#ffd12f>Casting Resonance Skill grants 100 Dreamscape Energy. This effect can be triggered once every 10s. Dealing Spectro DMG grants 30 Dreamscape Energy. This effect can be triggered once every second.</color>\n- Enter Lucid Dream when Dreamscape Energy reaches 500. In this mode, the Crit. Rate and Energy Regen of all Resonators in the team are increased by 50% and 100% respectively, and the cooldown of their Resonance Skill and Resonance Liberation is reduced by 50%. Certain Metaphors will be enhanced in this mode. Lucid Dream lasts for 10s and depletes all Dreamscape Energy when it ends.	今期の夢境サポートキャラ：<color=#ffd12f>今汐、フィービー、ショアキーパー、ヴェリーナ</color>。サポートキャラを1人以上編成すると、<color=#ffd12f>150%のスコアが獲得可能！</color>\n今期の「夢境」サポート効果：\n· チーム内全員の<color=#ffd12f>回折ダメージが30%アップ。</color>\n· 通常攻撃が敵に命中時、「夢境エネルギー」を20Pt獲得。この効果は1秒ごとに1回発動可能。<color=#ffd12f>共鳴スキル発動時、「夢境エネルギー」を100Pt獲得。この効果は10秒ごとに1回発動可能。回折ダメージを与えた時、「夢境エネルギー」を30Pt獲得。この効果は1秒ごとに1回発動可能。</color>\n·「夢境エネルギー」が500Ptに達すると「明晰夢」状態になる。「明晰夢」状態では、特定の「メタファー」が強化される他、チーム内全員のクリティカル率が50%アップ、共鳴効率が100%アップ、共鳴スキルと共鳴解放のクールタイムが50%短縮する。「明晰夢」状態は10秒間続き、終了後、「夢境エネルギー」は0Ptに戻る。	Cộng Hưởng Giả hỗ trợ trong mộng kỳ này: <color=#ffd12f>Jinhsi, Phoebe, Shorekeeper, Verina</color>, sử dụng ít nhất 1 Cộng Hưởng Giả hỗ trợ trong mộng có thể <color=#ffd12f>nhận thêm 150% Điểm Dị Tưởng</color>!\nHiệu quả hỗ trợ trong mộng kỳ này:\n·Toàn bộ nhân vật trong đội <color=#ffd12f>tăng 30% sát thương Quang Phổ</color>;\n·Khi Đánh Thường trúng kẻ địch sẽ nhận 20 điểm Năng Lượng Mộng Cảnh, mỗi giây có thể kích hoạt 1 lần; <color=#ffd12f>khi thi triển Kỹ Năng Cộng Hưởng, nhận 100 điểm Năng Lượng Mộng Cảnh, mỗi 10 giây có thể kích hoạt 1 lần; khi gây sát thương Quang Phổ, nhận 30 điểm Năng Lượng Mộng Cảnh, mỗi giây có thể kích hoạt 1 lần;</color>\n·Năng Lượng Mộng Cảnh đạt 500 điểm sẽ vào trạng thái Mộng Tỉnh, trong trạng thái Mộng Tỉnh, Ẩn Dụ đặc định sẽ được cường hóa, đồng thời toàn đội tăng 50% Bạo Kích, 100% Hiệu Suất Cộng Hưởng, giảm 50% thời gian chờ Kỹ Năng Cộng Hưởng và Giải Phóng Cộng Hưởng. Trạng thái Mộng Tỉnh duy trì 10 giây, sau khi kết thúc, Năng Lượng Mộng Cảnh giảm xuống 0 điểm.
lang_multi_text.db	Werouge_BuffDesc_2106	3.4	Hội thoại/Cốt truyện	Hội thoại/Khác			本期梦境援护角色：<color=#ffd12f>忌炎、鉴心、莫特斐、秧秧、秋水</color>，使用至少1位梦境援护角色可获得150%积分加成！\n本期梦境援护效果：\n· 全队角色<color=#ffd12f>气动伤害加成提升30%；</color>\n· 普攻命中敌人时获得20点「梦境能量」，每秒可触发一次；<color=#ffd12f>施放共鸣解放时，获得100点「梦境能量」，每10秒可触发一次；造成气动伤害时，获得30点「梦境能量」，每秒可触发一次；</color>\n· 「梦境能量」达到500点后进入「明晰梦」状态，「明晰梦」状态下，特定隐喻会获得强化，且全队角色暴击提升50%、共鸣效率提升100%、共鸣技能和共鸣解放冷却时间减少50%，「明晰梦」状态持续10秒，持续时间结束后「梦境能量」降至0点。	Current Dreamscape Aid Resonators: <color=#ffd12f>Jiyan, Jianxin, Mortefi, Yangyang, and Aalto</color>. Use at least one Dreamscape Aid Resonator to <color=#ffd12f>gain a 150% Point Bonus!</color>\n\nCurrent Dreamscape Aid Effects:\n- All Resonators in the team <color=#ffd12f>gain 30% Aero DMG Bonus.</color>\n- Hitting a target with Basic Attack grants 20 Dreamscape Energy. This effect can be triggered once every second. <color=#ffd12f>Casting Resonance Liberation grants 100 Dreamscape Energy. This effect can be triggered once every 10s. Dealing Aero DMG grants 30 Dreamscape Energy. This effect can be triggered once every second.</color>\n- Enter Lucid Dream mode when Dreamscape Energy reaches 500. In this mode, the Crit. Rate and Energy Regen of all Resonators in the team are increased by 50% and 100% respectively, and the cooldown of their Resonance Skill and Resonance Liberation is reduced by 50%. Certain Metaphors will be enhanced in this mode. Lucid Dream lasts for 10s and depletes all Dreamscape Energy when it ends.	今期の夢境サポートキャラ：<color=#ffd12f>忌炎、鑑心、モルトフィー、秧秧、アールト</color>。サポートキャラを1人以上編成すると、150%のスコアが獲得可能！\n今期の「夢境」サポート効果：\n· チーム内全員の<color=#ffd12f>気動ダメージが30%アップ</color>。\n· 通常攻撃が敵に命中時、「夢境エネルギー」を20Pt獲得。この効果は1秒ごとに1回発動可能。<color=#ffd12f>共鳴解放発動時、「夢境エネルギー」を100Pt獲得。この効果は10秒ごとに1回発動可能。気動ダメージを与えた時、「夢境エネルギー」を30Pt獲得。この効果は1秒ごとに1回発動可能。</color>\n·「夢境エネルギー」が500Ptに達すると「明晰夢」状態になる。「明晰夢」状態では、特定の「メタファー」が強化される他、チーム内全員のクリティカル率が50%アップ、共鳴効率が100%アップ、共鳴スキルと共鳴解放のクールタイムが50%短縮する。「明晰夢」状態は10秒間続き、終了後、「夢境エネルギー」は0Ptに戻る。	Cộng Hưởng Giả hỗ trợ trong mộng kỳ này: <color=#ffd12f>Jiyan, Giám Tâm, Mortefi, Yangyang, Aalto</color>, sử dụng ít nhất 1 Cộng Hưởng Giả hỗ trợ trong mộng có thể nhận thêm 150% điểm!\nHiệu quả hỗ trợ trong mộng kỳ này:\n·Toàn bộ nhân vật trong đội <color=#ffd12f>tăng 30% sát thương Khí Động</color>;\n·Khi Đánh Thường trúng kẻ địch sẽ nhận 20 điểm Năng Lượng Mộng Cảnh, mỗi giây có thể kích hoạt 1 lần; <color=#ffd12f>khi thi triển Giải Phóng Cộng Hưởng, nhận 100 điểm Năng Lượng Mộng Cảnh, mỗi 10 giây có thể kích hoạt 1 lần; khi gây sát thương Khí Động, nhận 30 điểm Năng Lượng Mộng Cảnh, mỗi giây có thể kích hoạt 1 lần;</color>\n·Năng Lượng Mộng Cảnh đạt 500 điểm sẽ vào trạng thái Mộng Tỉnh, trong trạng thái Mộng Tỉnh, Ẩn Dụ đặc định sẽ được cường hóa, đồng thời toàn đội tăng 50% Bạo Kích, 100% Hiệu Suất Cộng Hưởng, giảm 50% thời gian chờ Kỹ Năng Cộng Hưởng và Giải Phóng Cộng Hưởng. Trạng thái Mộng Tỉnh duy trì 10 giây, sau khi kết thúc, Năng Lượng Mộng Cảnh giảm xuống 0 điểm.
lang_multi_text.db	Werouge_BuffDesc_2201	3.4	Hội thoại/Cốt truyện	Hội thoại/Khác			本期梦境援护角色：<color=#ffd12f>相里要、吟霖、卡卡罗、渊武</color>，使用至少1位梦境援护角色可获得150%积分加成！\n本期梦境援护效果：\n· 全队角色<color=#ffd12f>导电伤害加成提升30%；</color>\n· 普攻命中敌人时获得20点「梦境能量」，每秒可触发一次；<color=#ffd12f>施放变奏技能时，获得100点「梦境能量」，每10秒可触发一次；造成导电伤害时，获得30点「梦境能量」，每秒可触发一次；</color>\n· 「梦境能量」达到500点后进入「明晰梦」状态，「明晰梦」状态下，特定隐喻会获得强化，且全队角色暴击提升50%、共鸣效率提升100%、共鸣技能和共鸣解放冷却时间减少50%，「明晰梦」状态持续10秒，持续时间结束后「梦境能量」降至0点。	Current Dreamscape Aid Resonators: <color=#ffd12f>Xiangli Yao, Yinlin, Calcharo, and Yuanwu</color>. Use at least one Dreamscape Aid Resonator to gain a 150% Point Bonus!\n\nCurrent Dreamscape Aid Effects:\n- All Resonators in the team <color=#ffd12f>gain 30% Electro DMG Bonus</color>.\n- Hitting a target with Basic Attack grants 20 Dreamscape Energy. This effect can be triggered once every second. <color=#ffd12f>Casting Intro Skill grants 100 Dreamscape Energy. This effect can be triggered once every 10s. Dealing Electro DMG grants 30 Dreamscape Energy. This effect can be triggered once every second.</color>\n- Enter Lucid Dream mode when Dreamscape Energy reaches 500. In this mode, the Crit. Rate and Energy Regen of all Resonators in the team are increased by 50% and 100% respectively, and the cooldown of their Resonance Skill and Resonance Liberation is reduced by 50%. Certain Metaphors will be enhanced in this mode. Lucid Dream lasts for 10s and depletes all Dreamscape Energy when it ends.	今期の夢境サポートキャラ：<color=#ffd12f>相里要、吟霖、カカロ、淵武</color>。サポートキャラを1人以上編成すると、150%のスコアを獲得可能！\n今期の「夢境」サポート効果：\n· チーム内全員の<color=#ffd12f>電導ダメージが30%アップ</color>。\n· 通常攻撃が敵に命中時、「夢境エネルギー」を20Pt獲得。この効果は1秒ごとに1回発動可能。<color=#ffd12f>変奏スキル発動時、「夢境エネルギー」を100Pt獲得。この効果は10秒ごとに1回発動可能。電導ダメージを与えた時、「夢境エネルギー」を30Pt獲得。この効果は1秒ごとに1回発動可能。</color>\n·「夢境エネルギー」が500Ptに達すると「明晰夢」状態になる。「明晰夢」状態では、特定の「メタファー」が強化される他、チーム内全員のクリティカル率が50%アップ、共鳴効率が100%アップ、共鳴スキルと共鳴解放のクールタイムが50%短縮する。「明晰夢」状態は10秒間続き、終了後、「夢境エネルギー」は0Ptに戻る。	Cộng Hưởng Giả hỗ trợ trong mộng kỳ này: <color=#ffd12f>Xiangli Yao, Yinlin, Calcharo, Yuanwu</color>, sử dụng ít nhất 1 Cộng Hưởng Giả hỗ trợ trong mộng có thể nhận thêm 150% điểm!\nHiệu quả hỗ trợ trong mộng kỳ này:\n·Toàn bộ nhân vật trong đội <color=#ffd12f>tăng 30% sát thương Điện Từ</color>;\n·Khi Đánh Thường trúng kẻ địch sẽ nhận 20 điểm Năng Lượng Mộng Cảnh, mỗi giây có thể kích hoạt 1 lần; <color=#ffd12f>khi thi triển Kỹ Năng Biến Tấu, nhận 100 điểm Năng Lượng Mộng Cảnh, mỗi 10 giây có thể kích hoạt 1 lần; khi gây sát thương Điện Từ, nhận 30 điểm Năng Lượng Mộng Cảnh, mỗi giây có thể kích hoạt 1 lần;</color>\n·Năng Lượng Mộng Cảnh đạt 500 điểm sẽ vào trạng thái Mộng Tỉnh, trong trạng thái Mộng Tỉnh, Ẩn Dụ đặc định sẽ được cường hóa, đồng thời toàn đội tăng 50% Bạo Kích, 100% Hiệu Suất Cộng Hưởng, giảm 50% thời gian chờ Kỹ Năng Cộng Hưởng và Giải Phóng Cộng Hưởng. Trạng thái Mộng Tỉnh duy trì 10 giây, sau khi kết thúc, Năng Lượng Mộng Cảnh giảm xuống 0 điểm.
lang_multi_text.db	Werouge_BuffDesc_2203	3.4	Hội thoại/Cốt truyện	Hội thoại/Khác			本期梦境援护角色：<color=#ffd12f>椿、洛可可、丹瑾、白芷、坎特蕾拉</color>，使用至少1位梦境援护角色可<color=#ffd12f>获得150%「异想积分」加成</color>！\n本期梦境援护效果：\n· 全队角色<color=#ffd12f>湮灭伤害加成提升30%；</color>\n· 普攻命中敌人时获得20点「梦境能量」，每秒可触发一次； <color=#ffd12f>重击命中时，获得10点「梦境能量」，每秒可触发一次；造成湮灭伤害时，获得30点「梦境能量」，每秒可触发一次；</color>\n· 「梦境能量」达到500点后进入「明晰梦」状态，「明晰梦」状态下，特定隐喻会获得强化，且全队角色暴击提升50%、共鸣效率提升100%、共鸣技能和共鸣解放冷却时间减少50%，「明晰梦」状态持续10秒，持续时间结束后「梦境能量」降至0点。	Current Dreamscape Aid Resonators: <color=#ffd12f>Camellya, Roccia, Danjin, Baizhi, and Cantarella</color>. Use at least one Dreamscape Aid Resonator to <color=#ffd12f>gain a 150% Point Bonus!</color>\n\nCurrent Dreamscape Aid Effects:\n- All Resonators in the team <color=#ffd12f>gain 30% Havoc DMG Bonus</color>.\n- Hitting a target with Basic Attack grants 20 Dreamscape Energy. This effect can be triggered once every second. <color=#ffd12f>Hitting a target with Heavy Attack grants 10 Dreamscape Energy. This effect can be triggered once every second. Dealing Havoc DMG grants 30 Dreamscape Energy. This effect can be triggered once every second.</color>\n- Enter Lucid Dream mode when Dreamscape Energy reaches 500. In this mode, the Crit. Rate and Energy Regen of all Resonators in the team are increased by 50% and 100% respectively, and the cooldown of their Resonance Skill and Resonance Liberation is reduced by 50%. Certain Metaphors will be enhanced in this mode. Lucid Dream lasts for 10s and depletes all Dreamscape Energy when it ends.	今期の夢境サポートキャラ：<color=#ffd12f>ツバキ、ロココ、丹瑾、白芷、カンタレラ</color>。サポートキャラを1人以上編成すると、<color=#ffd12f>150%のスコアを獲得可能！</color>\n今期の「夢境」サポート効果：\n· チーム内全員の<color=#ffd12f>消滅ダメージが30%アップ。</color>\n· 通常攻撃が敵に命中時、「夢境エネルギー」を20Pt獲得。この効果は1秒ごとに1回発動可能。<color=#ffd12f>重撃命中時、「夢境エネルギー」を10Pt獲得。この効果は1秒ごとに1回発動可能。消滅ダメージを与えた時、「夢境エネルギー」を30Pt獲得。この効果は1秒ごとに1回発動可能。</color>\n·「夢境エネルギー」が500Ptに達すると「明晰夢」状態になる。「明晰夢」状態では、特定の「メタファー」が強化される他、チーム内全員のクリティカル率が50%アップ、共鳴効率が100%アップ、共鳴スキルと共鳴解放のクールタイムが50%短縮する。「明晰夢」状態は10秒間続き、終了後、「夢境エネルギー」は0Ptに戻る。	Cộng Hưởng Giả hỗ trợ trong mộng kỳ này: <color=#ffd12f>Camellya, Roccia, Danjin, Baizhi, Cantarella</color>, sử dụng ít nhất 1 Cộng Hưởng Giả hỗ trợ trong mộng có thể <color=#ffd12f>nhận thêm 150% Điểm Dị Tưởng</color>!\nHiệu quả hỗ trợ trong mộng kỳ này:\n·Toàn bộ nhân vật trong đội <color=#ffd12f>tăng 30% sát thương Hủy Diệt</color>;\n·Khi Đánh Thường trúng kẻ địch sẽ nhận 20 điểm Năng Lượng Mộng Cảnh, mỗi giây có thể kích hoạt 1 lần; <color=#ffd12f>khi Đánh Mạnh trúng đích, nhận 10 điểm Năng Lượng Mộng Cảnh, mỗi giây có thể kích hoạt 1 lần; khi gây sát thương Hủy Diệt, nhận 30 điểm Năng Lượng Mộng Cảnh, mỗi giây có thể kích hoạt 1 lần;</color>\n·Năng Lượng Mộng Cảnh đạt 500 điểm sẽ vào trạng thái Mộng Tỉnh, trong trạng thái Mộng Tỉnh, Ẩn Dụ đặc định sẽ được cường hóa, đồng thời toàn đội tăng 50% Bạo Kích, 100% Hiệu Suất Cộng Hưởng, giảm 50% thời gian chờ Kỹ Năng Cộng Hưởng và Giải Phóng Cộng Hưởng. Trạng thái Mộng Tỉnh duy trì 10 giây, sau khi kết thúc, Năng Lượng Mộng Cảnh giảm xuống 0 điểm.
lang_multi_text.db	Werouge_BuffDesc_2301	3.4	Hội thoại/Cốt truyện	Hội thoại/Khác			本期梦境援护角色：<color=#ffd12f>赞妮、今汐、菲比、守岸人、维里奈</color>，使用至少1位梦境援护角色可<color=#ffd12f>获得150%「异想积分」加成</color>！\n本期梦境援护效果：\n· 全队角色<color=#ffd12f>衍射伤害加成提升30%；</color>\n· 普攻命中敌人时获得20点「梦境能量」，每秒可触发一次；<color=#ffd12f>施放共鸣技能时，获得100点「梦境能量」，每10秒可触发一次；造成衍射伤害时，获得30点「梦境能量」，每秒可触发一次；</color>\n· 「梦境能量」达到500点后进入「明晰梦」状态，「明晰梦」状态下，特定隐喻会获得强化，且全队角色暴击提升50%、共鸣效率提升100%、共鸣技能和共鸣解放冷却时间减少50%，「明晰梦」状态持续10秒，持续时间结束后「梦境能量」降至0点。	Current Dreamscape Aid Resonators: <color=#ffd12f>Zani, Jinhsi, Phoebe, Shorekeeper, and Verina</color>. Use at least one Dreamscape Aid Resonator to <color=#ffd12f>gain a 150% Point Bonus!</color>\n\nCurrent Dreamscape Aid Effects:\n- All Resonators in the team <color=#ffd12f>gain 30% Spectro DMG Bonus.</color> \n- Hitting a target with Basic Attack grants 20 Dreamscape Energy. This effect can be triggered once every second. <color=#ffd12f>Casting Resonance Skill grants 100 Dreamscape Energy. This effect can be triggered once every 10s. Dealing Spectro DMG grants 30 Dreamscape Energy. This effect can be triggered once every second.</color>\n- Enter Lucid Dream when Dreamscape Energy reaches 500. In this mode, the Crit. Rate and Energy Regen of all Resonators in the team are increased by 50% and 100% respectively, and the cooldown of their Resonance Skill and Resonance Liberation is reduced by 50%. Certain Metaphors will be enhanced in this mode. Lucid Dream lasts for 10s and depletes all Dreamscape Energy when it ends.	今期の夢境サポートキャラ：<color=#ffd12f>ザンニー、今汐、フィービー、ショアキーパー、ヴェリーナ</color>。サポートキャラを1人以上編成すると、<color=#ffd12f>150%のスコアが獲得可能！</color>\n今期の「夢境」サポート効果：\n· チーム内全員の<color=#ffd12f>回折ダメージが30%アップ。</color>\n· 通常攻撃が敵に命中時、「夢境エネルギー」を20Pt獲得する、この効果は1秒ごとに1回発動可能。<color=#ffd12f>共鳴スキル発動時、「夢境エネルギー」を100Pt獲得する、この効果は10秒ごとに1回発動可能。回折ダメージを与えた時、「夢境エネルギー」を30Pt獲得。この効果は1秒ごとに1回発動可能。</color>\n·「夢境エネルギー」が500Ptに達すると「明晰夢」状態になる。「明晰夢」状態では、特定の「メタファー」が強化される他、チーム内全員のクリティカル率が50%アップ、共鳴効率が100%アップ、共鳴スキルと共鳴解放のクールタイムが50%短縮する。「明晰夢」状態は10秒間続き、終了後、「夢境エネルギー」は0Ptに戻る。	Cộng Hưởng Giả hỗ trợ trong mộng kỳ này: <color=#ffd12f>Zani, Jinhsi, Phoebe, Shorekeeper, Verina</color>, sử dụng ít nhất 1 Cộng Hưởng Giả hỗ trợ trong mộng có thể <color=#ffd12f>nhận thêm 150% Điểm Dị Tưởng</color>!\nHiệu quả hỗ trợ trong mộng kỳ này:\n·Toàn bộ nhân vật trong đội <color=#ffd12f>tăng 30% sát thương Quang Phổ</color>;\n·Khi Đánh Thường trúng kẻ địch sẽ nhận 20 điểm Năng Lượng Mộng Cảnh, mỗi giây có thể kích hoạt 1 lần; <color=#ffd12f>khi thi triển Kỹ Năng Cộng Hưởng, nhận 100 điểm Năng Lượng Mộng Cảnh, mỗi 10 giây có thể kích hoạt 1 lần; khi gây sát thương Quang Phổ, nhận 30 điểm Năng Lượng Mộng Cảnh, mỗi giây có thể kích hoạt 1 lần;</color>\n·Năng Lượng Mộng Cảnh đạt 500 điểm sẽ vào trạng thái Mộng Tỉnh, trong trạng thái Mộng Tỉnh, Ẩn Dụ đặc định sẽ được cường hóa, đồng thời toàn đội tăng 50% Bạo Kích, 100% Hiệu Suất Cộng Hưởng, giảm 50% thời gian chờ Kỹ Năng Cộng Hưởng và Giải Phóng Cộng Hưởng. Trạng thái Mộng Tỉnh duy trì 10 giây, sau khi kết thúc, Năng Lượng Mộng Cảnh giảm xuống 0 điểm.
lang_multi_text.db	Werouge_BuffDesc_2302	3.4	Hội thoại/Cốt truyện	Hội thoại/Khác			本期梦境援护角色：<color=#ffd12f>布兰特、长离、安可、炽霞、莫特斐</color>，使用至少1位梦境援护角色可<color=#ffd12f>获得150%「异想积分」加成</color>！\n本期梦境援护效果：\n· 全队角色<color=#ffd12f>热熔伤害加成提升30%；</color>\n· <color=#ffd12f>造成热熔伤害时，获得30点「梦境能量」，每秒可触发一次；</color>\n· 「梦境能量」达到500点后进入「明晰梦」状态，「明晰梦」状态下，特定隐喻会获得强化，且全队角色暴击提升50%、共鸣效率提升100%、共鸣技能和共鸣解放冷却时间减少50%，「明晰梦」状态持续10秒，持续时间结束后「梦境能量」降至0点。	Current Dreamscape Aid Resonators: <color=#ffd12f>Brant, Changli, Encore, Chixia, and Mortefi</color>. Use at least one Dreamscape Aid Resonator to <color=#ffd12f>gain a 150% Point Bonus!</color>\n\nCurrent Dreamscape Aid Effects:\n- All Resonators in the team <color=#ffd12f>gain 30% Fusion DMG Bonus.</color> \n- <color=#ffd12f>Dealing Fusion DMG grants 30 Dreamscape Energy. This effect can be triggered once every second.</color> \n- Enter Lucid Dream when Dreamscape Energy reaches 500. In this mode, the Crit. Rate and Energy Regen of all Resonators in the team are increased by 50% and 100% respectively, and the cooldown of their Resonance Skill and Resonance Liberation is reduced by 50%. Certain Metaphors will be enhanced in this mode. Lucid Dream lasts for 10s and depletes all Dreamscape Energy when it ends.	今期の夢境サポートキャラ：<color=#ffd12f>ブラント、長離、アンコ、熾霞、モルトフィー</color>。サポートキャラを1人以上編成すると、<color=#ffd12f>150%のスコアが獲得可能！</color>\n今期の「夢境」サポート効果：\n· チーム内全員の<color=#ffd12f>焦熱ダメージが30%アップ。</color>\n· <color=#ffd12f>焦熱ダメージを与えた時、「夢境エネルギー」を30Pt獲得。この効果は1秒ごとに1回発動可能。</color>\n·「夢境エネルギー」が500Ptに達すると「明晰夢」状態になる。「明晰夢」状態では、特定の「メタファー」が強化される他、チーム内全員のクリティカル率が50%アップ、共鳴効率が100%アップ、共鳴スキルと共鳴解放のクールタイムが50%短縮する。「明晰夢」状態は10秒間続き、終了後、「夢境エネルギー」は0Ptに戻る。	Cộng Hưởng Giả hỗ trợ trong mộng kỳ này: <color=#ffd12f>Brant, Changli, Encore, Chixia, Mortefi</color>, sử dụng ít nhất 1 Cộng Hưởng Giả hỗ trợ trong mộng có thể <color=#ffd12f>nhận thêm 150% Điểm Dị Tưởng</color>!\nHiệu quả hỗ trợ trong mộng kỳ này:\n·Toàn bộ nhân vật trong đội <color=#ffd12f>tăng 30% sát thương Hỏa Liệt</color>;\n·<color=#ffd12f>Khi gây sát thương Hỏa Liệt, nhận 30 điểm Năng Lượng Mộng Cảnh, mỗi giây có thể kích hoạt 1 lần;</color>\n·Năng Lượng Mộng Cảnh đạt 500 điểm sẽ vào trạng thái Mộng Tỉnh, trong trạng thái Mộng Tỉnh, Ẩn Dụ đặc định sẽ được cường hóa, đồng thời toàn đội tăng 50% Bạo Kích, 100% Hiệu Suất Cộng Hưởng, giảm 50% thời gian chờ Kỹ Năng Cộng Hưởng và Giải Phóng Cộng Hưởng. Trạng thái Mộng Tỉnh duy trì 10 giây, sau khi kết thúc, Năng Lượng Mộng Cảnh giảm xuống 0 điểm.
lang_multi_text.db	Werouge_BuffDesc_2303	3.4	Hội thoại/Cốt truyện	Hội thoại/Khác			本期梦境援护角色：<color=#ffd12f>椿、洛可可、丹瑾、白芷、坎特蕾拉</color>，使用至少1位梦境援护角色可<color=#ffd12f>获得150%「异想积分」加成</color>！\n本期梦境援护效果：\n· 全队角色<color=#ffd12f>湮灭伤害加成提升30%；</color>\n· <color=#ffd12f>造成湮灭伤害时，获得30点「梦境能量」，每秒可触发一次；</color>\n· 「梦境能量」达到500点后进入「明晰梦」状态，「明晰梦」状态下，特定隐喻会获得强化，且全队角色暴击提升50%、共鸣效率提升100%、共鸣技能和共鸣解放冷却时间减少50%，「明晰梦」状态持续10秒，持续时间结束后「梦境能量」降至0点。	Current Dreamscape Aid Resonators: <color=#ffd12f>Camellya, Roccia, Danjin, Baizhi, and Cantarella</color>. Use at least one Dreamscape Aid Resonator to <color=#ffd12f>gain a 150% Point Bonus!</color>\n\nCurrent Dreamscape Aid Effects:\n- All Resonators in the team <color=#ffd12f>gain 30% Havoc DMG Bonus.</color> \n- <color=#ffd12f>Dealing Havoc DMG grants 30 Dreamscape Energy. This effect can be triggered once every second.</color> \n- Enter Lucid Dream when Dreamscape Energy reaches 500. In this mode, the Crit. Rate and Energy Regen of all Resonators in the team are increased by 50% and 100% respectively, and the cooldown of their Resonance Skill and Resonance Liberation is reduced by 50%. Certain Metaphors will be enhanced in this mode. Lucid Dream lasts for 10s and depletes all Dreamscape Energy when it ends.	今期の夢境サポートキャラ：<color=#ffd12f>ツバキ、ロココ、丹瑾、白芷、カンタレラ</color>。サポートキャラを1人以上編成すると、<color=#ffd12f>150%のスコアが獲得可能！</color>\n今期の「夢境」サポート効果：\n· チーム内全員の<color=#ffd12f>消滅ダメージが30%アップ。</color>\n· <color=#ffd12f>消滅ダメージを与えた時、「夢境エネルギー」を30Pt獲得。この効果は1秒ごとに1回発動可能。</color>\n·「夢境エネルギー」が500Ptに達すると「明晰夢」状態になる。「明晰夢」状態では、特定の「メタファー」が強化される他、チーム内全員のクリティカル率が50%アップ、共鳴効率が100%アップ、共鳴スキルと共鳴解放のクールタイムが50%短縮する。「明晰夢」状態は10秒間続き、終了後、「夢境エネルギー」は0Ptに戻る。	Cộng Hưởng Giả hỗ trợ trong mộng kỳ này: <color=#ffd12f>Camellya, Roccia, Danjin, Baizhi, Cantarella</color>, sử dụng ít nhất 1 Cộng Hưởng Giả hỗ trợ trong mộng có thể <color=#ffd12f>nhận thêm 150% Điểm Dị Tưởng</color>!\nHiệu quả hỗ trợ trong mộng kỳ này:\n·Toàn bộ nhân vật trong đội <color=#ffd12f>tăng 30% sát thương Hủy Diệt</color>;\n·<color=#ffd12f>Khi gây sát thương Hủy Diệt, nhận 30 điểm Năng Lượng Mộng Cảnh, mỗi giây có thể kích hoạt 1 lần;</color>\n·Năng Lượng Mộng Cảnh đạt 500 điểm sẽ vào trạng thái Mộng Tỉnh, trong trạng thái Mộng Tỉnh, Ẩn Dụ đặc định sẽ được cường hóa, đồng thời toàn đội tăng 50% Bạo Kích, 100% Hiệu Suất Cộng Hưởng, giảm 50% thời gian chờ Kỹ Năng Cộng Hưởng và Giải Phóng Cộng Hưởng. Trạng thái Mộng Tỉnh duy trì 10 giây, sau khi kết thúc, Năng Lượng Mộng Cảnh giảm xuống 0 điểm.
lang_multi_text.db	Werouge_BuffDesc_2304	3.4	Hội thoại/Cốt truyện	Hội thoại/Khác			本期梦境援护角色：<color=#ffd12f>卡提希娅、夏空、忌炎、鉴心、秧秧、秋水</color>，使用至少1位梦境援护角色可获得150%积分加成！\n本期梦境援护效果：\n· 全队角色<color=#ffd12f>气动伤害加成提升30%；</color>\n· <color=#ffd12f>造成气动伤害时，获得30点「梦境能量」，每秒可触发一次；</color>\n· 「梦境能量」达到500点后进入「明晰梦」状态，「明晰梦」状态下，特定隐喻会获得强化，且全队角色暴击提升50%、共鸣效率提升100%、共鸣技能和共鸣解放冷却时间减少50%，「明晰梦」状态持续10秒，持续时间结束后「梦境能量」降至0点。	Current Dreamscape Aid Resonators: <color=#ffd12f>Cartethyia, Ciaccona, Jiyan, Jianxin, Yangyang, and Aalto</color>. Use at least one Dreamscape Aid Resonator to <color=#ffd12f>gain a 150% Point Bonus!</color>\n\nCurrent Dreamscape Aid Effects:\n- All Resonators in the team <color=#ffd12f>gain 30% Aero DMG Bonus.</color> \n- <color=#ffd12f>Dealing Aero DMG grants 30 Dreamscape Energy. This effect can be triggered once every second.</color> \n- Enter Lucid Dream when Dreamscape Energy reaches 500. In this mode, the Crit. Rate and Energy Regen of all Resonators in the team are increased by 50% and 100% respectively, and the cooldown of their Resonance Skill and Resonance Liberation is reduced by 50%. Certain Metaphors will be enhanced in this mode. Lucid Dream lasts for 10s and depletes all Dreamscape Energy when it ends.	今期の夢境サポートキャラ：<color=#ffd12f>カルテジア、シャコンヌ、忌炎、鑑心、秧秧、アールト</color>。サポートキャラを1人以上編成すると、<color=#ffd12f>150%のスコアが獲得可能！</color>\n今期の「夢境」サポート効果：\n· チーム内全員の<color=#ffd12f>気動ダメージが30%アップ。</color>\n· <color=#ffd12f>気動ダメージを与えた時、「夢境エネルギー」を30Pt獲得。この効果は1秒ごとに1回発動可能。</color>\n·「夢境エネルギー」が500Ptに達すると「明晰夢」状態になる。「明晰夢」状態では、特定の「メタファー」が強化される他、チーム内全員のクリティカル率が50%アップ、共鳴効率が100%アップ、共鳴スキルと共鳴解放のクールタイムが50%短縮する。「明晰夢」状態は10秒間続き、終了後、「夢境エネルギー」は0Ptに戻る。	Cộng Hưởng Giả hỗ trợ trong mộng kỳ này: <color=#ffd12f>Cartethyia, Ciaccona, Jiyan, Giám Tâm, Yangyang, Aalto</color>, sử dụng ít nhất 1 Cộng Hưởng Giả hỗ trợ trong mộng có thể nhận thêm 150% điểm!\nHiệu quả hỗ trợ trong mộng kỳ này:\n·Toàn bộ nhân vật trong đội <color=#ffd12f>tăng 30% sát thương Khí Động</color>;\n·<color=#ffd12f>Khi gây sát thương Khí Động, nhận 30 điểm Năng Lượng Mộng Cảnh, mỗi giây có thể kích hoạt 1 lần;</color>\n·Năng Lượng Mộng Cảnh đạt 500 điểm sẽ vào trạng thái Mộng Tỉnh, trong trạng thái Mộng Tỉnh, Ẩn Dụ đặc định sẽ được cường hóa, đồng thời toàn đội tăng 50% Bạo Kích, 100% Hiệu Suất Cộng Hưởng, giảm 50% thời gian chờ Kỹ Năng Cộng Hưởng và Giải Phóng Cộng Hưởng. Trạng thái Mộng Tỉnh duy trì 10 giây, sau khi kết thúc, Năng Lượng Mộng Cảnh giảm xuống 0 điểm.
lang_multi_text.db	Werouge_BuffDesc_2305	3.4	Hội thoại/Cốt truyện	Hội thoại/Khác			本期梦境援护角色：<color=#ffd12f>相里要、吟霖、卡卡罗、渊武</color>，使用至少1位梦境援护角色可获得150%积分加成！\n本期梦境援护效果：\n· 全队角色<color=#ffd12f>导电伤害加成提升30%；</color>\n· <color=#ffd12f>造成导电伤害时，获得30点「梦境能量」，每秒可触发一次；</color>\n· 「梦境能量」达到500点后进入「明晰梦」状态，「明晰梦」状态下，特定隐喻会获得强化，且全队角色暴击提升50%、共鸣效率提升100%、共鸣技能和共鸣解放冷却时间减少50%，「明晰梦」状态持续10秒，持续时间结束后「梦境能量」降至0点。	Current Dreamscape Aid Resonators: <color=#ffd12f>Xiangli Yao, Yinlin, Calcharo, and Yuanwu</color>. Use at least one Dreamscape Aid Resonator to <color=#ffd12f>gain a 150% Point Bonus!</color>\n\nCurrent Dreamscape Aid Effects:\n- All Resonators in the team <color=#ffd12f>gain 30% Electro DMG Bonus.</color> \n- <color=#ffd12f>Dealing Electro DMG grants 30 Dreamscape Energy. This effect can be triggered once every second.</color> \n- Enter Lucid Dream when Dreamscape Energy reaches 500. In this mode, the Crit. Rate and Energy Regen of all Resonators in the team are increased by 50% and 100% respectively, and the cooldown of their Resonance Skill and Resonance Liberation is reduced by 50%. Certain Metaphors will be enhanced in this mode. Lucid Dream lasts for 10s and depletes all Dreamscape Energy when it ends.	今期の夢境サポートキャラ：<color=#ffd12f>相里要、吟霖、カカロ、淵武</color>。サポートキャラを1人以上編成すると、<color=#ffd12f>150%のスコアが獲得可能！</color>\n今期の「夢境」サポート効果：\n· チーム内全員の<color=#ffd12f>電導ダメージが30%アップ。</color>\n· <color=#ffd12f>電導ダメージを与えた時、「夢境エネルギー」を30Pt獲得。この効果は1秒ごとに1回発動可能。</color>\n·「夢境エネルギー」が500Ptに達すると「明晰夢」状態になる。「明晰夢」状態では、特定の「メタファー」が強化される他、チーム内全員のクリティカル率が50%アップ、共鳴効率が100%アップ、共鳴スキルと共鳴解放のクールタイムが50%短縮する。「明晰夢」状態は10秒間続き、終了後、「夢境エネルギー」は0Ptに戻る。	Cộng Hưởng Giả hỗ trợ trong mộng kỳ này: <color=#ffd12f>Xiangli Yao, Yinlin, Calcharo, Yuanwu</color>, sử dụng ít nhất 1 Cộng Hưởng Giả hỗ trợ trong mộng có thể nhận thêm 150% điểm!\nHiệu quả hỗ trợ trong mộng kỳ này:\n·Toàn bộ nhân vật trong đội <color=#ffd12f>tăng 30% sát thương Điện Từ</color>;\n·<color=#ffd12f>Khi gây sát thương Điện Từ, nhận 30 điểm Năng Lượng Mộng Cảnh, mỗi giây có thể kích hoạt 1 lần;</color>\n·Năng Lượng Mộng Cảnh đạt 500 điểm sẽ vào trạng thái Mộng Tỉnh, trong trạng thái Mộng Tỉnh, Ẩn Dụ đặc định sẽ được cường hóa, đồng thời toàn đội tăng 50% Bạo Kích, 100% Hiệu Suất Cộng Hưởng, giảm 50% thời gian chờ Kỹ Năng Cộng Hưởng và Giải Phóng Cộng Hưởng. Trạng thái Mộng Tỉnh duy trì 10 giây, sau khi kết thúc, Năng Lượng Mộng Cảnh giảm xuống 0 điểm.
lang_multi_text.db	Werouge_BuffDesc_2306	3.4	Hội thoại/Cốt truyện	Hội thoại/Khác			本期梦境援护角色：<color=#ffd12f>珂莱塔、折枝、凌阳、散华、釉瑚</color>，使用至少1位梦境援护角色可<color=#ffd12f>获得150%「异想积分」加成</color>！\n本期梦境援护效果：\n· 全队角色<color=#ffd12f>冷凝伤害加成提升30%；</color>\n· <color=#ffd12f>造成冷凝伤害时，获得30点「梦境能量」，每秒可触发一次；</color>\n· 「梦境能量」达到500点后进入「明晰梦」状态，「明晰梦」状态下，特定隐喻会获得强化，且全队角色暴击提升50%、共鸣效率提升100%、共鸣技能和共鸣解放冷却时间减少50%，「明晰梦」状态持续10秒，持续时间结束后「梦境能量」降至0点。	Current Dreamscape Aid Resonators: <color=#ffd12f>Carlotta, Zhezhi, Lingyang, Sanhua, and Youhu</color>. Use at least one Dreamscape Aid Resonator to <color=#ffd12f>gain a 150% Point Bonus!</color>\n\nCurrent Dreamscape Aid Effects: \n- All Resonators in the team <color=#ffd12f>gain 30% Glacio DMG Bonus.</color> \n- <color=#ffd12f>Dealing Glacio DMG grants 30 Dreamscape Energy. This effect can be triggered once every second.</color> \n- Enter Lucid Dream when Dreamscape Energy reaches 500. In this mode, the Crit. Rate and Energy Regen of all Resonators in the team are increased by 50% and 100% respectively, and the cooldown of their Resonance Skill and Resonance Liberation is reduced by 50%. Certain Metaphors will be enhanced in this mode. Lucid Dream lasts for 10s and depletes all Dreamscape Energy when it ends.	今期の夢境サポートキャラ：<color=#ffd12f>カルロッタ、折枝、凌陽、散華、釉瑚</color>。サポートキャラを1人以上編成すると、<color=#ffd12f>150%のスコアが獲得可能！</color>\n今期の「夢境」サポート効果：\n· チーム内全員の<color=#ffd12f>凝縮ダメージが30%アップ。</color>\n· <color=#ffd12f>凝縮ダメージを与えた時、「夢境エネルギー」を30Pt獲得。この効果は1秒ごとに1回発動可能。</color>\n·「夢境エネルギー」が500Ptに達すると「明晰夢」状態になる。「明晰夢」状態では、特定の「メタファー」が強化される他、チーム内全員のクリティカル率が50%アップ、共鳴効率が100%アップ、共鳴スキルと共鳴解放のクールタイムが50%短縮する。「明晰夢」状態は10秒間続き、終了後、「夢境エネルギー」は0Ptに戻る。	Cộng Hưởng Giả hỗ trợ trong mộng kỳ này: <color=#ffd12f>Carlotta, Chiết Chi, Lingyang, Sanhua, Youhu</color>, sử dụng ít nhất 1 Cộng Hưởng Giả hỗ trợ trong mộng có thể <color=#ffd12f>nhận thêm 150% Điểm Dị Tưởng</color>!\nHiệu quả hỗ trợ trong mộng kỳ này:\n·Toàn bộ nhân vật trong đội <color=#ffd12f>tăng 30% sát thương Ngưng Băng</color>;\n·<color=#ffd12f>Khi gây sát thương Ngưng Băng, nhận 30 điểm Năng Lượng Mộng Cảnh, mỗi giây có thể kích hoạt 1 lần;</color>\n·Năng Lượng Mộng Cảnh đạt 500 điểm sẽ vào trạng thái Mộng Tỉnh, trong trạng thái Mộng Tỉnh, Ẩn Dụ đặc định sẽ được cường hóa, đồng thời toàn đội tăng 50% Bạo Kích, 100% Hiệu Suất Cộng Hưởng, giảm 50% thời gian chờ Kỹ Năng Cộng Hưởng và Giải Phóng Cộng Hưởng. Trạng thái Mộng Tỉnh duy trì 10 giây, sau khi kết thúc, Năng Lượng Mộng Cảnh giảm xuống 0 điểm.
lang_multi_text.db	Werouge_BuffDesc_2401	3.4	Hội thoại/Cốt truyện	Hội thoại/Khác			本期梦境援护角色：<color=#ffd12f>卡提希娅、夏空、忌炎、鉴心、秧秧、秋水</color>，使用至少1位梦境援护角色可获得150%积分加成！\n本期梦境援护效果：\n· 全队角色<color=#ffd12f>气动伤害加成提升30%；</color>\n· <color=#ffd12f>造成气动伤害时，获得30点「梦境能量」，每秒可触发一次；</color>\n· 「梦境能量」达到500点后进入「明晰梦」状态，「明晰梦」状态下，特定隐喻会获得强化，且全队角色暴击提升50%、共鸣效率提升100%、共鸣技能和共鸣解放冷却时间减少50%，「明晰梦」状态持续10秒，持续时间结束后「梦境能量」降至0点。	Current Dreamscape Aid Resonators: <color=#ffd12f>Cartethyia, Ciaccona, Jiyan, Jianxin, Yangyang, and Aalto</color>. Use at least one Dreamscape Aid Resonator to <color=#ffd12f>gain a 150% Point Bonus!</color>\n\nCurrent Dreamscape Aid Effects:\n- All Resonators in the team <color=#ffd12f>gain 30% Aero DMG Bonus.</color> \n- <color=#ffd12f>Dealing Aero DMG grants 30 Dreamscape Energy. This effect can be triggered once every second.</color> \n- Enter Lucid Dream when Dreamscape Energy reaches 500. In this mode, the Crit. Rate and Energy Regen of all Resonators in the team are increased by 50% and 100% respectively, and the cooldown of their Resonance Skill and Resonance Liberation is reduced by 50%. Certain Metaphors will be enhanced in this mode. Lucid Dream lasts for 10s and depletes all Dreamscape Energy when it ends.	今期の夢境サポートキャラ：<color=#ffd12f>カルテジア、シャコンヌ、忌炎、鑑心、秧秧、アールト</color>。サポートキャラを1人以上編成すると、150%のスコアが獲得可能！\n今期の「夢境」サポート効果：\n· チーム内全員の<color=#ffd12f>気動ダメージが30%アップ。</color>\n· <color=#ffd12f>気動ダメージを与えた時、「夢境エネルギー」を30Pt獲得。この効果は1秒ごとに1回発動可能。</color>\n·「夢境エネルギー」が500Ptに達すると「明晰夢」状態になる。「明晰夢」状態では、特定の「メタファー」が強化される他、チーム内全員のクリティカル率が50%アップ、共鳴効率が100%アップ、共鳴スキルと共鳴解放のクールタイムが50%短縮する。「明晰夢」状態は10秒間続き、終了後、「夢境エネルギー」は0Ptに戻る。	Cộng Hưởng Giả hỗ trợ trong mộng kỳ này: <color=#ffd12f>Cartethyia, Ciaccona, Jiyan, Giám Tâm, Yangyang, Aalto</color>, sử dụng ít nhất 1 Cộng Hưởng Giả hỗ trợ trong mộng có thể nhận thêm 150% điểm!\nHiệu quả hỗ trợ trong mộng kỳ này:\n·Toàn bộ nhân vật trong đội <color=#ffd12f>tăng 30% sát thương Khí Động</color>;\n·<color=#ffd12f>Khi gây sát thương Khí Động, nhận 30 điểm Năng Lượng Mộng Cảnh, mỗi giây có thể kích hoạt 1 lần;</color>\n·Năng Lượng Mộng Cảnh đạt 500 điểm sẽ vào trạng thái Mộng Tỉnh, trong trạng thái Mộng Tỉnh, Ẩn Dụ đặc định sẽ được cường hóa, đồng thời toàn đội tăng 50% Bạo Kích, 100% Hiệu Suất Cộng Hưởng, giảm 50% thời gian chờ Kỹ Năng Cộng Hưởng và Giải Phóng Cộng Hưởng. Trạng thái Mộng Tỉnh duy trì 10 giây, sau khi kết thúc, Năng Lượng Mộng Cảnh giảm xuống 0 điểm.
lang_multi_text.db	Werouge_BuffDesc_2404	3.4	Hội thoại/Cốt truyện	Hội thoại/Khác			本期梦境援护角色：<color=#ffd12f>露帕、布兰特、长离、安可、炽霞、莫特斐</color>，使用至少1位梦境援护角色可<color=#ffd12f>获得150%「异想积分」加成</color>！\n本期梦境援护效果：\n· 全队角色<color=#ffd12f>热熔伤害加成提升30%；</color>\n· <color=#ffd12f>造成热熔伤害时，获得30点「梦境能量」，每秒可触发一次；</color>\n· 「梦境能量」达到500点后进入「明晰梦」状态，「明晰梦」状态下，特定隐喻会获得强化，且全队角色暴击提升50%、共鸣效率提升100%、共鸣技能和共鸣解放冷却时间减少50%，「明晰梦」状态持续10秒，持续时间结束后「梦境能量」降至0点。	Current Dreamscape Aid Resonators: <color=#ffd12f>Lupa, Brant, Changli, Encore, Chixia, and Mortefi</color>. Use at least one Dreamscape Aid Resonator to <color=#ffd12f>gain a 150% Point Bonus!</color>\n\nCurrent Dreamscape Aid Effects:\n- All Resonators in the team <color=#ffd12f>gain 30% Fusion DMG Bonus.</color> \n- <color=#ffd12f>Dealing Fusion DMG grants 30 Dreamscape Energy. This effect can be triggered once every second.</color> \n- Enter Lucid Dream when Dreamscape Energy reaches 500. In this mode, the Crit. Rate and Energy Regen of all Resonators in the team are increased by 50% and 100% respectively, and the cooldown of their Resonance Skill and Resonance Liberation is reduced by 50%. Certain Metaphors will be enhanced in this mode. Lucid Dream lasts for 10s and depletes all Dreamscape Energy when it ends.	今期の夢境サポートキャラ：<color=#ffd12f>ルパ、ブラント、長離、アンコ、熾霞、モルトフィー</color>。サポートキャラを1人以上編成すると、<color=#ffd12f>150%のスコアが獲得可能！</color>\n今期の「夢境」サポート効果：\n· チーム内全員の<color=#ffd12f>焦熱ダメージが30%アップ。</color>\n· <color=#ffd12f>焦熱ダメージを与えた時、「夢境エネルギー」を30Pt獲得。この効果は1秒ごとに1回発動可能。</color>\n·「夢境エネルギー」が500Ptに達すると「明晰夢」状態になる。「明晰夢」状態では、特定の「メタファー」が強化される他、チーム内全員のクリティカル率が50%アップ、共鳴効率が100%アップ、共鳴スキルと共鳴解放のクールタイムが50%短縮する。「明晰夢」状態は10秒間続き、終了後、「夢境エネルギー」は0Ptに戻る。	Cộng Hưởng Giả hỗ trợ trong mộng kỳ này: <color=#ffd12f>Lupa, Brant, Changli, Encore, Chixia, Mortefi</color>, sử dụng ít nhất 1 Cộng Hưởng Giả hỗ trợ trong mộng có thể <color=#ffd12f>nhận thêm 150% Điểm Dị Tưởng</color>!\nHiệu quả hỗ trợ trong mộng kỳ này:\n·Toàn bộ nhân vật trong đội <color=#ffd12f>tăng 30% sát thương Hỏa Liệt</color>;\n·<color=#ffd12f>Khi gây sát thương Hỏa Liệt, nhận 30 điểm Năng Lượng Mộng Cảnh, mỗi giây có thể kích hoạt 1 lần;</color>\n·Năng Lượng Mộng Cảnh đạt 500 điểm sẽ vào trạng thái Mộng Tỉnh, trong trạng thái Mộng Tỉnh, Ẩn Dụ đặc định sẽ được cường hóa, đồng thời toàn đội tăng 50% Bạo Kích, 100% Hiệu Suất Cộng Hưởng, giảm 50% thời gian chờ Kỹ Năng Cộng Hưởng và Giải Phóng Cộng Hưởng. Trạng thái Mộng Tỉnh duy trì 10 giây, sau khi kết thúc, Năng Lượng Mộng Cảnh giảm xuống 0 điểm.
lang_multi_text.db	Werouge_BuffDesc_2601	3.4	Hội thoại/Cốt truyện	Hội thoại/Khác			· 全队角色<color=#ffd12f>衍射伤害加成提升30%</color>；\n· 造成<color=#ffd12f>衍射伤害</color>时，可额外获得「梦境能量」；	* All Resonators in the team gain <color=#ffd12f>30% Spectro DMG Bonus</color>.\n* Dealing <color=#ffd12f>Spectro DMG</color> grants extra Dreamscape Energy.	· チーム内全員の<color=#ffd12f>回折ダメージが30%アップ</color>\n· <color=#ffd12f>回折ダメージ</color>を与えた時、追加で「夢境エネルギー」を獲得	·Toàn bộ nhân vật trong đội <color=#ffd12f>tăng 30% sát thương Quang Phổ</color>;\n·Khi gây <color=#ffd12f>sát thương Quang Phổ</color>, có thể nhận thêm Năng Lượng Mộng Cảnh;
lang_multi_text.db	Werouge_BuffDesc_2602	3.4	Hội thoại/Cốt truyện	Hội thoại/Khác			· 全队角色<color=#ffd12f>湮灭伤害加成提升30%</color>；\n· 造成<color=#ffd12f>湮灭伤害</color>时，可额外获得「梦境能量」；	* All Resonators in the team gain <color=#ffd12f>30% Havoc DMG Bonus</color>.\n* Dealing <color=#ffd12f>Havoc DMG</color> grants extra Dreamscape Energy.	· チーム内全員の<color=#ffd12f>消滅ダメージが30%アップ</color>\n· <color=#ffd12f>消滅ダメージ</color>を与えた時、追加で「夢境エネルギー」を獲得	·Toàn bộ nhân vật trong đội <color=#ffd12f>tăng 30% sát thương Hủy Diệt</color>;\n·Khi gây <color=#ffd12f>sát thương Hủy Diệt</color>, có thể nhận thêm Năng Lượng Mộng Cảnh;
lang_multi_text.db	Werouge_BuffDesc_2603	3.4	Hội thoại/Cốt truyện	Hội thoại/Khác			· 全队角色<color=#ffd12f>热熔伤害加成提升30%</color>；\n· 造成<color=#ffd12f>热熔伤害</color>时，可额外获得「梦境能量」；	* All Resonators in the team gain <color=#ffd12f>30% Fusion DMG Bonus</color>.\n* Dealing <color=#ffd12f>Fusion DMG</color> grants extra Dreamscape Energy.	· チーム内全員の<color=#ffd12f>焦熱ダメージが30%アップ</color>\n· <color=#ffd12f>焦熱ダメージ</color>を与えた時、追加で「夢境エネルギー」を獲得	·Toàn bộ nhân vật trong đội <color=#ffd12f>tăng 30% sát thương Hỏa Liệt</color>;\n·Khi gây <color=#ffd12f>sát thương Hỏa Liệt</color>, có thể nhận thêm Năng Lượng Mộng Cảnh;
lang_multi_text.db	Werouge_BuffDesc_2604	3.4	Hội thoại/Cốt truyện	Hội thoại/Khác			· 全队角色<color=#ffd12f>导电伤害加成提升30%</color>；\n· 造成<color=#ffd12f>导电伤害</color>时，可额外获得「梦境能量」；	* All Resonators in the team gain <color=#ffd12f>30% Electro DMG Bonus</color>.\n* Dealing <color=#ffd12f>Electro DMG</color> grants extra Dreamscape Energy.	· チーム内全員の<color=#ffd12f>電導ダメージが30%アップ</color>\n· <color=#ffd12f>電導ダメージ</color>を与えた時、追加で「夢境エネルギー」を獲得	·Toàn bộ nhân vật trong đội <color=#ffd12f>tăng 30% sát thương Điện Từ</color>;\n·Khi gây <color=#ffd12f>sát thương Điện Từ</color>, có thể nhận thêm Năng Lượng Mộng Cảnh;
lang_multi_text.db	Werouge_BuffDesc_2605	3.4	Hội thoại/Cốt truyện	Hội thoại/Khác			· 全队角色<color=#ffd12f>冷凝伤害加成提升30%</color>；\n· 造成<color=#ffd12f>冷凝伤害</color>时，可额外获得「梦境能量」；	* All Resonators in the team gain <color=#ffd12f>30% Glacio DMG Bonus</color>.\n* Dealing <color=#ffd12f>Glacio DMG</color> grants extra Dreamscape Energy.	· チーム内全員の<color=#ffd12f>凝縮ダメージが30%アップ</color>\n· <color=#ffd12f>凝縮ダメージ</color>を与えた時、追加で「夢境エネルギー」を獲得	·Toàn bộ nhân vật trong đội <color=#ffd12f>tăng 30% sát thương Ngưng Băng</color>;\n·Khi gây <color=#ffd12f>sát thương Ngưng Băng</color>, có thể nhận thêm Năng Lượng Mộng Cảnh;
lang_multi_text.db	Werouge_BuffDesc_2606	3.4	Hội thoại/Cốt truyện	Hội thoại/Khác			· 全队角色<color=#ffd12f>气动伤害加成提升30%</color>；\n· 造成<color=#ffd12f>气动伤害</color>时，可额外获得「梦境能量」；	* All Resonators in the team gain <color=#ffd12f>30% Aero DMG Bonus</color>.\n* Dealing <color=#ffd12f>Aero DMG</color> grants extra Dreamscape Energy.	· チーム内全員の<color=#ffd12f>気動ダメージが30%アップ</color>\n· <color=#ffd12f>気動ダメージ</color>を与えた時、追加で「夢境エネルギー」を獲得	·Toàn bộ nhân vật trong đội <color=#ffd12f>tăng 30% sát thương Khí Động</color>;\n·Khi gây <color=#ffd12f>sát thương Khí Động</color>, có thể nhận thêm Năng Lượng Mộng Cảnh;
lang_multi_text.db	Wheel_Explore	3.4	Hội thoại/Cốt truyện	Hội thoại/Khác			探索工具	Utility	探索モジュール	Công Cụ Khám Phá
lang_multi_text.db	Wheel_Function	3.4	Hội thoại/Cốt truyện	Hội thoại/Khác			功能入口	Function	機能クイックアクセス	Chức Năng
lang_multi_text.db	Wheel_Viechel	3.4	Hội thoại/Cốt truyện	Hội thoại/Khác			载具	Vehicle	乗り物	Phương Tiện
lang_multi_text.db	WorldLevelTips	3.4	Hội thoại/Cốt truyện	Hội thoại/Khác			联觉等级上限{0}-><color=Highlight>{1}</color>	Union Level Cap {0}-><color=Highlight>{1}</color>	ユニオンレベル上限{0}-><color=Highlight>{1}</color>	Giới hạn Cấp Liên Kết {0}-><color=Highlight>{1}</color>
lang_multi_text.db	WorldLevelUpgradeNotice	3.4	Hội thoại/Cốt truyện	Hội thoại/Khác			索拉等级可突破，可打开任务界面追踪任务	SOL3 Phase Ascension available. Track it on the Quests menu	ソラランク突破可能。突破任務は任務画面から追跡してください	Cấp Solaris có thể đột phá, mở giao diện nhiệm vụ để theo dõi nhiệm vụ
lang_multi_text.db	WorldLevelUpgradeNotice_Mapnote	3.4	Hội thoại/Cốt truyện	Hội thoại/Khác			索拉等级可突破	SOL3 Phase Ascension available	ソラランク突破可能	Cấp Solaris có thể đột phá
lang_multi_text.db	WorldNewJourney_100001_SourceDesc	3.4	Hội thoại/Cốt truyện	Hội thoại/Khác			联觉等级达到45级后前往<color=#c19f51>初醒之征程</color>领取	Reach Union Level 45 and claim in <color=#c19f51>Awakening Journey</color>	ユニオンレベル45到達後、<color=#c19f51>最初の目覚め</color>画面で受取	Sau khi Cấp Liên Kết đạt 45, hãy đến <color=#c19f51>Hành Trình Thức Tỉnh</color> để nhận
lang_multi_text.db	WorldNewJourney_100002_SourceDesc	3.4	Hội thoại/Cốt truyện	Hội thoại/Khác			提升联觉等级前往<color=#c19f51>商城等级礼包</color>领取	Raise Union Level and claim from <color=#c19f51>Level Bundle</color>	ユニオンレベルを上げ、<color=#c19f51>ストアでLvパック</color>受取	Nâng Cấp Liên Kết, đến <color=#c19f51>Gói Cấp Cửa Hàng</color> để nhận
lang_multi_text.db	WorldNewJourney_100003_SourceDesc	3.4	Hội thoại/Cốt truyện	Hội thoại/Khác			完成<color=#c19f51>初霁赠礼</color>第五天签到领取	Sign-in 5 days in <color=#c19f51>Gifts of Thawing Frost</color>	イベント<color=#c19f51>初晴れプレゼント</color>で五日目のログインを完了で獲得	Hoàn thành điểm danh ngày 5 của <color=#c19f51>Quà Tặng Đầu Mùa</color> để nhận
lang_multi_text.db	WorldNewJourney_100004_SourceDesc	3.4	Hội thoại/Cốt truyện	Hội thoại/Khác			通关<color=#c19f51>逆境深塔</color>稳定区后领取	Clear <color=#c19f51>Tower of Adversity</color>: Stable Zone	<color=#c19f51>逆境深塔</color>「安定エリア」クリアで獲得	Hoàn thành Khu Ổn Định của <color=#c19f51>Tháp Nghịch Cảnh</color> để nhận
lang_multi_text.db	WorldNewJourney_100005_SourceDesc	3.4	Hội thoại/Cốt truyện	Hội thoại/Khác			完成危行任务<color=#c19f51>「使命必达·归墟港市」</color>后领取	Clear Exploration Quest <color=#c19f51>"We Promise, We Deliver: Port City of Guixu"</color>	危地任務<color=#c19f51>「届けるまでが配送・帰来の港」</color>クリアして獲得	Sau khi hoàn thành Nhiệm Vụ Nguy Hiểm <color=#c19f51>Sứ Mệnh Phải Đạt: Thành Phố Cảng Guixu</color> để nhận
lang_multi_text.db	WorldNewJourney_100006_SourceDesc	3.4	Hội thoại/Cốt truyện	Hội thoại/Khác			完成<color=#c19f51>漂泊日志</color>第五阶段后领取	Complete Stage 5 in <color=#c19f51>Milestones</color>	<color=#c19f51>漂泊日記</color>5段階目で獲得	Sau khi hoàn thành Giai đoạn 5 của <color=#c19f51>Nhật Ký Lữ Khách</color> để nhận
lang_multi_text.db	WorldRun_Settlement	3.4	Hội thoại/Cốt truyện	Hội thoại/Khác			消耗时间	Time Taken	クリアタイム	Thời gian hoàn thành
lang_multi_text.db	World_Level_Text	3.4	Hội thoại/Cốt truyện	Hội thoại/Khác			索拉等级{0}	SOL3 Phase {0}	ソラランク{0}	Cấp Solaris {0}
lang_multi_text.db	WuWangZheWarning _1407399318_Text	3.4	Hội thoại/Cốt truyện	Hội thoại/Khác			「梦魇」来袭	"Nightmare" Incursion	「悪夢」襲来	"Ác Mộng" ập đến
lang_multi_text.db	XValueShow	3.4	Hội thoại/Cốt truyện	Hội thoại/Khác			x{0}	x{0}	×{0}	x{0}
lang_multi_text.db	XboxSearch	3.4	Hội thoại/Cốt truyện	Hội thoại/Khác			Xbox ID	Xbox ID	Xbox ID	Xbox ID
lang_multi_text.db	Xbox_MultiPlatform_Tips	3.4	Hội thoại/Cốt truyện	Hội thoại/Khác			提示：当前正处于跨网络游戏状态	Notice: You are in cross-play now	現在、クロスプレイ中です	Lưu ý: Hiện đang ở trạng thái chơi chéo mạng
lang_multi_text.db	Xkjsx_Chapter_Begin	3.4	Hội thoại/Cốt truyện	Hội thoại/Khác			从分支点开始演绎	Resume from Choices	分岐点から再現開始	Bắt đầu diễn giải từ điểm phân nhánh
lang_multi_text.db	Xkjsx_Chapter_Replay	3.4	Hội thoại/Cốt truyện	Hội thoại/Khác			再次演绎	Replay Story	再度再現	Diễn giải lại
lang_multi_text.db	Xkjsx_Chapter_Unlockcondition_01	3.4	Hội thoại/Cốt truyện	Hội thoại/Khác			继续完成「唯你的长夏永不凋落」	Proceed with "Your Summer Will Never Wither" to unlock	「常夏に書き綴る詩」の続きを進行する	Tiếp tục hoàn thành "Chỉ Có Mùa Hè Dài Của Cậu Không Bao Giờ Phai Tàn"
lang_multi_text.db	Xkjsx_Chapter_Unlockcondition_02	3.4	Hội thoại/Cốt truyện	Hội thoại/Khác			继续完成「唯你的长夏永不凋落」	Proceed with "Your Summer Will Never Wither" to unlock	「常夏に書き綴る詩」の続きを進行する	Tiếp tục hoàn thành "Chỉ Có Mùa Hè Dài Của Cậu Không Bao Giờ Phai Tàn"
lang_multi_text.db	Xkjsx_Inspiration_Unlockcondition	3.4	Hội thoại/Cốt truyện	Hội thoại/Khác			消耗灵感x{0}	Inspiration x{0}	ひらめきx{0}消費	Tiêu hao Cảm Hứng x{0}
lang_multi_text.db	Xkjsx_Option_Cancel	3.4	Hội thoại/Cốt truyện	Hội thoại/Khác			取消该选择	Cancel	選択を取り消す	Hủy bỏ lựa chọn này
lang_multi_text.db	Xkjsx_Option_Condition_01	3.4	Hội thoại/Cốt truyện	Hội thoại/Khác			继续完成「唯你的长夏永不凋落」任务	Proceed with "Your Summer Will Never Wither" to unlock	任務「常夏に書き綴る詩」の続きを進行する	Tiếp tục hoàn thành nhiệm vụ "Chỉ Có Mùa Hè Dài Của Cậu Không Bao Giờ Phai Tàn"
lang_multi_text.db	Xkjsx_Option_Condition_02	3.4	Hội thoại/Cốt truyện	Hội thoại/Khác			未在第四章中完成指定的演绎选项	The required choices in Chapter IV have not been completed	チャプター4の再現で指定の選択肢を完了していません	Chưa hoàn thành các tùy chọn diễn giải được chỉ định trong Chương 4
lang_multi_text.db	Xkjsx_Option_Condition_03	3.4	Hội thoại/Cốt truyện	Hội thoại/Khác			灵感不足，需要时间进行恢复	Insufficient Inspiration. Please wait for it to regenerate	ひらめきが足りません。ひらめきの回復には時間がかかります	Cảm hứng không đủ, cần thời gian để khôi phục
lang_multi_text.db	Xkjsx_Option_Reselection	3.4	Hội thoại/Cốt truyện	Hội thoại/Khác			确认重新选择	Reselect	選択を決定	Xác nhận chọn lại
lang_multi_text.db	Xkjsx_Option_Title	3.4	Hội thoại/Cốt truyện	Hội thoại/Khác			此选项已选取过，是否确认选取	You've tried this option before. Continue?	すでに選んだことがある選択肢です。選択しますか？	Tùy chọn này đã được chọn, có chắc chắn chọn không
lang_multi_text.db	Xkjsx_Rewards_Timeless	3.4	Hội thoại/Cốt truyện	Hội thoại/Khác			剩余时间	Remaining Time	残り時間	Thời Gian Còn Lại
lang_multi_text.db	YanbiyijiTips_1_Description	3.4	Hội thoại/Cốt truyện	Hội thoại/Khác			使用「溯流仪」回溯小范围区域内的时间，将破碎的「岩壁旋盘」旋转至中央位置，促使三个「撷光锁」前均无遮挡物，同时暴露于视野中。	Use the Chronosorter to reverse time in a small area, rotating the fractured Ledge Wheels to the center. Ensure all three Photonvaults are fully visible and unobstructed.	「遡流器」は一定範囲内の場所の時間を戻すことが可能。砕けた「岩壁円盤」を中央に回転させ、3つの「採光錠」の遮蔽物を除去し、視野に入れてください。	Sử dụng "Máy Quay Ngược Dòng Thời Gian" quay ngược thời gian trong một khu vực nhỏ, xoay "Mâm Xoay Vách Đá" bị vỡ đến vị trí trung tâm, để đảm bảo không có vật cản trước ba "Khóa Bắt Sáng", đồng thời lộ ra trong tầm nhìn.
lang_multi_text.db	YanbiyijiTips_1_Title	3.4	Hội thoại/Cốt truyện	Hội thoại/Khác			玩法提示	Tips	コンテンツ説明	Gợi Ý Lối Chơi
lang_multi_text.db	YuxueOffTips	3.4	Hội thoại/Cốt truyện	Hội thoại/Khác			当前难度已降低	Difficulty has been lowered	難易度を下げました	Độ khó hiện tại đã giảm
lang_multi_text.db	keyActivity_105100001_Desc	3.4	Hội thoại/Cốt truyện	Hội thoại/Khác			完成流音任务可获得流音浪沫，兑换丰厚奖励	Complete Spindrift Tasks to earn Spindrifts, which can be exchanged for various rewards.	潮音任務をクリアして潮音のしぶきを集め、\n報酬を手に入れよう！	Hoàn thành nhiệm vụ Chợ Đêm sẽ nhận được Chip Chợ Đêm, đổi lấy phần thưởng phong phú
lang_multi_text.db	lang_multi_multi_text.db|MultiText|POI_PSAYZX_31_14	3.4	Hội thoại/Cốt truyện	Hội thoại/Khác						Chulu!!!
lang_multi_text.db	lang_multi_text.db|Flow_139000007_984	3.4	Hội thoại/Cốt truyện	Hội thoại/Khác						Cẩn thận! Mình cảm nhận được luồng khí nguy hiểm từ đằng kia...
lang_multi_text.db	lang_multi_text.db|Multifunction_text.db|MultiText|Character_Zani_67_6	3.4	Hội thoại/Cốt truyện	Hội thoại/Khác						Buổi trưa giờ nào đến quán xếp hàng thì vừa kịp lấy được bánh cuốn mới ra lò...
lang_multi_text.db	lang_multit_text.db|MultiText|Guide_BWHC_5_8	3.4	Hội thoại/Cốt truyện	Hội thoại/Khác						Chị Xí Hà, chị đã là vị Tuần Úy đứng đầu bảng tiêu thụ Dược Tễ của tiệm em rồi đấy, tuy rất cảm ơn chị đã chiếu cố làm ăn của em, nhưng kiểu hạng nhất này thì không có tích lũy giảm giá hay khuyến mãi gì đâu nhé.
lang_multi_text.db	parkour_award_2_1	3.4	Hội thoại/Cốt truyện	Hội thoại/Khác			{0}/{1}	{0}/{1}	{0}/{1}	{0}/{1}
lang_multi_text.db	qqbxd_10_1	3.4	Hội thoại/Cốt truyện	Hội thoại/Khác	Gleamtender		姐姐，您没事真是太好了，我就说贵有贵的道理！	Glad you're alright, Sister! I knew it, you really do get what you pay for!	お姉様、無事で何よりです！だから高くてもその価値はあるって言ったんでしょう！	Chị ơi, chị không sao thì tốt quá rồi, em đã nói là tiền nào của nấy mà!
lang_multi_text.db	qqbxd_11_1	3.4	Hội thoại/Cốt truyện	Hội thoại/Khác	Gleamtender		多索斯，你消气了吗？	Dosos, have you calmed down now?	ドソス、気は済んだかい？	Dosos, cậu bớt giận chưa?
lang_multi_text.db	qqbxd_12_1	3.4	Hội thoại/Cốt truyện	Hội thoại/Khác	Gleamtender		普里西拉……是我输了……你没事真是太好了。	Presley... I lost, I admit it. I'm just so glad you're alright.	プリシラ、俺の負けだ……お前が無事でよかった……	Presley... là tôi thua rồi... cậu không sao thì tốt quá.
lang_multi_text.db	qqbxd_1_1	3.4	Hội thoại/Cốt truyện	Hội thoại/Khác	Gleamtender		必须赶回营地……	I must return to camp...	キャンプに戻らねば……	Phải mau chóng quay về doanh trại...
lang_multi_text.db	qqbxd_1_2	3.4	Hội thoại/Cốt truyện	Hội thoại/Khác	Gleamtender		我不会输给预言，我不会……	I will not lose to some prophecy. I will not...	予言になど負けてたまるか……	Tôi sẽ không thua lời tiên tri, tôi sẽ không...
lang_multi_text.db	qqbxd_1_3	3.4	Hội thoại/Cốt truyện	Hội thoại/Khác	Gleamtender		命运是可以改写的……	Fate can be rewritten...	運命は、書き換えられるんだ……	Vận mệnh có thể được viết lại...
lang_multi_text.db	qqbxd_1_4	3.4	Hội thoại/Cốt truyện	Hội thoại/Khác	Gleamtender		我来证明给你看……	And I shall prove it...	俺が証明してやる……	Tôi sẽ chứng minh cho mọi người thấy...
lang_multi_text.db	qqbxd_2_1	3.4	Hội thoại/Cốt truyện	Hội thoại/Khác			盾牌背后刻有一行小字：诺隆所有，有需者可自行取用，除了斐迪！再敢乱涂我就打到你屁股开花！	The inscriptions on the shield read: Property of Nolon. Use if needed—Fictro not included! You doodle on my shield again, and I'll beat the Dark Tide out of you!	盾の裏には一行の小さな文字が刻まれている。「ノロンの所有物。自由に使ってよし。ただしフェディ、テメェはダメだ！次に落書きでもしてみろ、テメェのケツをカチわってやるからな！」	Mặt sau của tấm khiên có khắc một dòng chữ nhỏ: Tài sản của Nolon, ai cần có thể tự tiện lấy dùng, trừ Fictro! Dám vẽ bậy nữa tôi sẽ đánh cho mông cậu nở hoa!
lang_multi_text.db	qqbxd_3_1	3.4	Hội thoại/Cốt truyện	Hội thoại/Khác			头盔内侧有一行小字：愿你迅捷如疾风，愿你骁勇如烈火。生日快乐，姐姐！	The inscriptions on the inside of the helmet read: May you be swift as the wind. May you be as brave as blazing fire. Happy birthday, sis!	ヘルムの内側には一行の小さな文字がある。「願わくは、その身に疾風の迅速を。願わくは、その魂に烈火の勇猛を。お誕生日おめでとうございます、お姉様！」	Mặt trong của chiếc mũ bảo hiểm có một dòng chữ nhỏ: Chúc chị nhanh như gió lốc, dũng mãnh như lửa rực. Chúc mừng sinh nhật chị!
lang_multi_text.db	qqbxd_4_1	3.4	Hội thoại/Cốt truyện	Hội thoại/Khác			长矛的握把处绣着一行字：别生气了，蠢货斐迪敬献。	The inscriptions on the spear's shaft read: Chill out already. From yours truly, Fictro the Idiot.	槍の握りの部分に一行の文字が刺繍されている。「もう怒らないでください。愚か者フェディより」	Trên cán giáo có thêu một dòng chữ: Đừng giận nữa, đồ ngốc Fictro kính tặng.
lang_multi_text.db	qqbxd_5_1	3.4	Hội thoại/Cốt truyện	Hội thoại/Khác			左边的匕首刻画了四十道痕迹，应该是匕首的主人所狩猎的黑潮造物数量。\n右边的匕首只刻画了九道痕迹，下面写着：打败斐迪的次数。	The dagger on the left has forty markings on it, likely representing the number of Dark Tide creatures its owner has hunted.\nThe dagger on the right has only nine with inscriptions below reading: Times I kicked Fictro's arse.	左の短剣には四十の刻み目がある。おそらくその主が狩った黒潮の造物の数だろう。\n右の短剣には九つの刻み目があり、その下にはこう書かれている。「フェディに勝った回数」	Con dao găm bên trái có khắc bốn mươi vạch, chắc là số lượng sinh vật Hắc Triều mà chủ nhân con dao đã săn được.\nCon dao găm bên phải chỉ khắc chín vạch, bên dưới có viết: Số lần đánh bại Fictro.
lang_multi_text.db	qqbxd_6_1	3.4	Hội thoại/Cốt truyện	Hội thoại/Khác	NPC #750298		你认识我……你也是角斗士吗？！	How do you know me...? Are you a Gladiator?	俺を知っているのか……あんたもグラディエーターなのか！？	Cậu biết tôi sao... cậu cũng là đấu sĩ à?!
lang_multi_text.db	qqbxd_6_2	3.4	Hội thoại/Cốt truyện	Hội thoại/Khác	NPC #750298		这是紧急调令，出现了异常的黑潮波动，请立刻向受蚀地方向增援！	We've just sent out an emergency assistance request. There's been an abnormal Dark Tide surge. We need reinforcements at the Wastelands!	緊急招集だ。異常な黒潮の波動が出現した。すぐに潮蝕地の方へ向かってくれ！	Đây là lệnh điều động khẩn cấp, xuất hiện sự dao động bất thường của Hắc Triều, xin hãy lập tức chi viện về hướng vùng đất bị ăn mòn!
lang_multi_text.db	qqbxd_6_3	3.4	Hội thoại/Cốt truyện	Hội thoại/Khác	NPC #750298		卡托角斗士和伊厄鲁角斗士被困在那了，我的小队没法与他会合，我们……我！	Cato and Aeolus are pinned down over there, and my squad can't link up with them. We... I...!	カトーとイエルが囲まれているのに、俺の部隊は……合流できない。……くそっ！	Cato và Aeolus đang bị mắc kẹt ở đó, tiểu đội của tôi không thể hội quân với cậu ấy được, chúng tôi... tôi!
lang_multi_text.db	qqbxd_6_4	3.4	Hội thoại/Cốt truyện	Hội thoại/Khác			交给我就好，斐迪。	Just leave it to me, Fictro.	{Male=俺に任せてくれ、フェディ。;Female=私に任せて、フェディ。}	Cứ giao cho mình, Fictro.
lang_multi_text.db	qqbxd_6_5	3.4	Hội thoại/Cốt truyện	Hội thoại/Khác			增援已经抵达了，斐迪。	Don't worry, Fictro. The cavalry's here.	増援は到着した。	Chi viện đã đến rồi, Fictro.
lang_multi_text.db	qqbxd_6_6	3.4	Hội thoại/Cốt truyện	Hội thoại/Khác	NPC #750298		这样，这就好。	Good... That's good.	そうか。なら、よかった。	Vậy thì, vậy thì tốt rồi.
lang_multi_text.db	qqbxd_6_7	3.4	Hội thoại/Cốt truyện	Hội thoại/Khác	NPC #750298		我有点头晕，我想，我需要休息一下了。	I think I got the wind knocked out of me. I, uh, I need to take a breather.	あれ、なんか頭が……すまん、少し、休ませてくれ。	Tôi hơi chóng mặt, tôi nghĩ, tôi cần nghỉ ngơi một chút.
lang_multi_text.db	qqbxd_6_8	3.4	Hội thoại/Cốt truyện	Hội thoại/Khác	NPC #750298		诺隆、梅莉雅、多索斯、普里西拉……我终于……找到增援了……	Nolon. Maylia. Dosos. Presley... I've finally... I've finally got us reinforcements...	ノロン、メリア、ドソス、プリシラ……ようやく……増援を見つけたぞ……	Nolon, Maylia, Dosos, Presley... cuối cùng... tôi đã tìm được chi viện rồi...
lang_multi_text.db	qqbxd_6_9	3.4	Hội thoại/Cốt truyện	Hội thoại/Khác	NPC #750298		莉莉贝大人……命运是，可以被改写的……	Grandmother Lillibet... Fate can be rewritten...	リリベル様……運命は、書き換えられるんだな……	Ngài Lillibet... vận mệnh là, có thể được viết lại...
lang_multi_text.db	qqbxd_7_1	3.4	Hội thoại/Cốt truyện	Hội thoại/Khác	NPC #750299		调令优先级：危急\n       斐迪预备狩猎队，营地检测到异常的黑潮波动，有两名角斗士被困，请立即赶往目标位置接应。\n       以呼嚎向你致意，角斗士。	Request Order Priority: Critical\nTo: Fictro Reserve Squad\nThe Den has detected abnormal Dark Tide fluctuations. Two Gladiators are trapped. Proceed immediately to the marked location to assist.\nMay howls of triumph follow you, Gladiators.	命令優先度：緊急\nフェディ予備狩猟隊へ。キャンプにて異常な黒潮の波動を検知。グラディエーター二名が孤立状態にあり。直ちに目標地点へ急行し、その援護に当たれ。\n咆哮の戦士に祝福を。	Mức độ ưu tiên của lệnh điều động: Nguy cấp\n       Đội săn bắn dự bị Fictro, doanh trại phát hiện ra sự dao động bất thường của Hắc Triều, có hai đấu sĩ đang bị mắc kẹt, xin hãy lập tức tiến đến vị trí mục tiêu để ứng cứu.\n       Gửi lời chào bằng tiếng gầm thét tới cậu, đấu sĩ.
lang_multi_text.db	qqbxd_8_1	3.4	Hội thoại/Cốt truyện	Hội thoại/Khác	Gleamtender		不……不能倒在这……	No... I can't fall here...	こ……ここで倒れちゃダメだ……	Không... không thể gục ngã ở đây được...
lang_multi_text.db	qqbxd_8_2	3.4	Hội thoại/Cốt truyện	Hội thoại/Khác	Gleamtender		我是角斗士……角斗士……狩猎命运……	I'm a Gladiator... a damn Gladiator... hunting fate...	俺は……グラディエーターだ……運命でさえ狩ってみせる……	Tôi là đấu sĩ... đấu sĩ... săn lùng vận mệnh...
lang_multi_text.db	qqbxd_9_1	3.4	Hội thoại/Cốt truyện	Hội thoại/Khác	Gleamtender		诺隆？是你吗，对不起弄花了你的盾牌……	Nolon? Is that you? I'm sorry I scratched your shield...	ノロン？お前なのか？お前の盾に傷つけちまって、わりぃな……	Nolon? Là cậu đó hả, xin lỗi vì đã làm xước khiên của cậu...
lang_multi_text.db	rainharves_ToltalScoreDesc_1	3.4	Hội thoại/Cốt truyện	Hội thoại/Khác			累积获得战略数据3000	Obtain 3,000 Tactic Points in total	戦略データ最高獲得数が合計3000達成	Tích lũy nhận 3000 Dữ liệu Chiến lược
lang_multi_text.db	rainharves_ToltalScoreDesc_2	3.4	Hội thoại/Cốt truyện	Hội thoại/Khác			累积获得战略数据12000	Obtain 12,000 Tactic Points in total	戦略データ最高獲得数が合計12000達成	Tích lũy nhận 12000 Dữ liệu Chiến lược
lang_multi_text.db	rainharves_ToltalScoreDesc_3	3.4	Hội thoại/Cốt truyện	Hội thoại/Khác			累积获得战略数据20000	Obtain 20,000 Tactic Points in total	戦略データ最高獲得数が合計20000達成	Tích lũy nhận 20000 Dữ liệu Chiến lược
lang_multi_text.db	rainharves_ToltalScoreDesc_4	3.4	Hội thoại/Cốt truyện	Hội thoại/Khác			累积获得战略数据30000	Obtain 30,000 Tactic Points in total	戦略データ最高獲得数が合計30000達成	Tích lũy nhận 30000 Dữ liệu Chiến lược
lang_multi_text.db	rainharves_ToltalScoreDesc_5	3.4	Hội thoại/Cốt truyện	Hội thoại/Khác			累积获得战略数据40000	Obtain 40,000 Tactic Points in total	戦略データ最高獲得数が合計40000達成	Tích lũy nhận 40000 Dữ liệu Chiến lược
lang_multi_text.db	rainharves_ToltalScoreDesc_6	3.4	Hội thoại/Cốt truyện	Hội thoại/Khác			累积获得战略数据50000	Obtain 50,000 Tactic Points in total	戦略データ最高獲得数が合計50000達成	Tích lũy nhận 50000 Dữ liệu Chiến lược
lang_multi_text.db	rainharves_ToltalScoreDesc_7	3.4	Hội thoại/Cốt truyện	Hội thoại/Khác			累积获得战略数据70000	Obtain 70,000 Tactic Points in total	戦略データ最高獲得数が合計70000達成	Tích lũy nhận 70000 Dữ liệu Chiến lược
lang_multi_text.db	rainharves_ToltalScoreDesc_8	3.4	Hội thoại/Cốt truyện	Hội thoại/Khác			累积获得战略数据90000	Obtain 90,000 Tactic Points in total	戦略データ最高獲得数が合計90000達成	Tích lũy nhận 90000 Dữ liệu Chiến lược
lang_multi_text.db	rainharves_buffreward1	3.4	Hội thoại/Cốt truyện	Hội thoại/Khác			dnt/解锁1个蓝色buff	Unlock 1 Low-Capacity Variable	低容量因子を1つ解放	Mở khóa 1 Low-Capacity Variable
lang_multi_text.db	rainharves_buffreward2	3.4	Hội thoại/Cốt truyện	Hội thoại/Khác			dnt/解锁2个蓝色buff	Unlock 2 Low-Capacity Variables	低容量因子を2つ解放	Mở khóa 2 Low-Capacity Variable
lang_multi_text.db	rainharves_buffreward3	3.4	Hội thoại/Cốt truyện	Hội thoại/Khác			dnt/解锁3个蓝色buff	Unlock 3 Low-Capacity Variables	低容量因子を3つ解放	Mở khóa 3 Low-Capacity Variable
lang_multi_text.db	rainharves_buffreward4	3.4	Hội thoại/Cốt truyện	Hội thoại/Khác			dnt/解锁4个蓝色buff	Unlock 4 Low-Capacity Variables	低容量因子を4つ解放	Mở khóa 4 Low-Capacity Variable
lang_multi_text.db	rainharves_buffreward5	3.4	Hội thoại/Cốt truyện	Hội thoại/Khác			dnt/解锁5个蓝色buff	Unlock 5 Low-Capacity Variables	低容量因子を5つ解放	Mở khóa 5 Low-Capacity Variable
lang_multi_text.db	rainharves_levelreward107	3.4	Hội thoại/Cốt truyện	Hội thoại/Khác			在关卡【悲叹墓岛-Ⅰ】中获得1000战略数据。	Obtain 1,000 Tactic Points in Penitent's End Ⅰ	ペニテントの吹き溜まりⅠで戦略データ1000獲得	Trong ải [Đảo Mộ Bi Than - I] nhận 1000 Dữ liệu Chiến lược.
lang_multi_text.db	rainharves_levelreward108	3.4	Hội thoại/Cốt truyện	Hội thoại/Khác			在关卡【悲叹墓岛-II】中获得1000战略数据。	Obtain 1,000 Tactic Points in Penitent's End II	ペニテントの吹き溜まりⅡで戦略データ1000獲得	Trong ải [Đảo Mộ Bi Than - II] nhận 1000 Dữ liệu Chiến lược.
lang_multi_text.db	rainharves_levelreward109	3.4	Hội thoại/Cốt truyện	Hội thoại/Khác			在关卡【悲叹墓岛-III】中获得1000战略数据。	Obtain 1,000 Tactic Points in Penitent's End III	ペニテントの吹き溜まりⅢで戦略データ1000獲得	Trong ải [Đảo Mộ Bi Than - III] nhận 1000 Dữ liệu Chiến lược.
lang_multi_text.db	rainharves_levelreward11	3.4	Hội thoại/Cốt truyện	Hội thoại/Khác			在关卡【幽泽险径-Ⅰ】中获得2000战略数据	Obtain 2,000 Tactic Points in Secluded Bog I	ステージ【幽深の沼Ⅰ】で戦略データを2000獲得	Trong ải [Đầm Lầy Hiểm Trở - I] nhận 2000 Dữ liệu Chiến lược
lang_multi_text.db	rainharves_levelreward12	3.4	Hội thoại/Cốt truyện	Hội thoại/Khác			在关卡【幽泽险径-Ⅱ】中获得4000战略数据	Obtain 4,000 Tactic Points in Secluded Bog II	ステージ【幽深の沼Ⅱ】で戦略データを4000獲得	Trong ải [Đầm Lầy Hiểm Trở - II] nhận 4000 Dữ liệu Chiến lược
lang_multi_text.db	rainharves_levelreward120	3.4	Hội thoại/Cốt truyện	Hội thoại/Khác			在关卡【悲叹墓岛-IV】中获得1000战略数据。	Obtain 1,000 Tactic Points in Penitent's End IV	ペニテントの吹き溜まりⅣで戦略データ1000獲得	Trong ải [Đảo Mộ Bi Than - IV] nhận 1000 Dữ liệu Chiến lược.
lang_multi_text.db	rainharves_levelreward121	3.4	Hội thoại/Cốt truyện	Hội thoại/Khác			在关卡【悲叹墓岛-V】中获得1000战略数据。	Obtain 1,000 Tactic Points in Penitent's End V	ペニテントの吹き溜まりⅤで戦略データ1000獲得	Trong ải [Đảo Mộ Bi Than - V] nhận 1000 Dữ liệu Chiến lược.
lang_multi_text.db	rainharves_levelreward13	3.4	Hội thoại/Cốt truyện	Hội thoại/Khác			在关卡【幽泽险径-Ⅲ】中获得8000战略数据	Obtain 8,000 Tactic Points in Secluded Bog III	ステージ【幽深の沼Ⅲ】で戦略データを8000獲得	Trong ải [Đầm Lầy Hiểm Trở - III] nhận 8000 Dữ liệu Chiến lược
lang_multi_text.db	rainharves_levelreward21	3.4	Hội thoại/Cốt truyện	Hội thoại/Khác			在关卡【异象涛声-Ⅰ】中获得2000战略数据	Obtain 2,000 Tactic Points in Tide of Perils I	ステージ【異変の波Ⅰ】で戦略データを2000獲得	Trong ải [Sóng Biển Dị Tượng - I] nhận 2000 Dữ liệu Chiến lược
lang_multi_text.db	rainharves_levelreward22	3.4	Hội thoại/Cốt truyện	Hội thoại/Khác			在关卡【异象涛声-Ⅱ】中获得4000战略数据	Obtain 4,000 Tactic Points in Tide of Perils II	ステージ【異変の波Ⅱ】で戦略データを4000獲得	Trong ải [Sóng Biển Dị Tượng - II] nhận 4000 Dữ liệu Chiến lược
lang_multi_text.db	rainharves_levelreward23	3.4	Hội thoại/Cốt truyện	Hội thoại/Khác			在关卡【异象涛声-Ⅲ】中获得8000战略数据	Obtain 8,000 Tactic Points in Tide of Perils III	ステージ【異変の波Ⅲ】で戦略データを8000獲得	Trong ải [Sóng Biển Dị Tượng - III] nhận 8000 Dữ liệu Chiến lược
lang_multi_text.db	riskofrain_UIBacktoworld	3.4	Hội thoại/Cốt truyện	Hội thoại/Khác			离开副本	Leave	ダンジョンを出る	Rời Khỏi Phụ Bản
lang_multi_text.db	riskofrain_UIFinish	3.4	Hội thoại/Cốt truyện	Hội thoại/Khác			挑战结束	Challenge Complete	挑戦終了	Kết thúc Khiêu Chiến
lang_multi_text.db	riskofrain_UIScore	3.4	Hội thoại/Cốt truyện	Hội thoại/Khác			<color=Highlight>{0}</color>/{1}	<color=Highlight>{0}</color>/{1}	<color=Highlight>{0}</color>/{1}	<color=Highlight>{0}</color>/{1}
lang_multi_text.db	riskofrain_ratio_num	3.4	Hội thoại/Cốt truyện	Hội thoại/Khác			本关战略数据倍率：<color=Highlight>{0}</color>	Tactic Point Multiplier of the Stage: <color=Highlight>{0}</color>	このステージの戦略データ獲得倍率：<color=Highlight>{0}</color>	Bội số dữ liệu chiến lược ải này: <color=Highlight>{0}</color>
lang_multi_text.db	riskofrain_total_num	3.4	Hội thoại/Cốt truyện	Hội thoại/Khác			本关最多可获得<color=Highlight>{0}</color>战略数据	Tactic Point Limit of the Stage: <color=Highlight>{0}</color>	このステージの戦略データ獲得数上限：<color=Highlight>{0}</color>	Ải này có thể nhận tối đa <color=Highlight>{0}</color> dữ liệu chiến lược
lang_multi_text.db	zhixian_BNDX_1_1	3.4	Hội thoại/Cốt truyện	Hội thoại/Khác	NPC #701079		各位参与黯原地区相关行动的研究员及同学们。	To all researchers and students involved in Dimmr Plains operations:	ディマー・プレーンズで活動する研究員と学生の皆さんへ。	Gửi đến tất cả các nhà nghiên cứu và bạn học tham gia các Hành động liên quan tại Khu Vực Đồng Bằng Dimmr nghiên cứu.
lang_multi_text.db	zhixian_BNDX_1_2	3.4	Hội thoại/Cốt truyện	Hội thoại/Khác	NPC #701079		为应对黯原地区残留的虚质威胁，以及便于各类科考实际工作需要。	In response to the lingering Voidmatter threat and to support various field research needs—	ヴォイドマター対策を徹底し、調査を円滑に進めるための措置として、	Để ứng phó với mối đe dọa Uy hiếp Hư Chất còn sót lại tại Khu Vực Đồng Bằng Dimmr, cũng như thuận tiện cho nhu cầu công tác thực tế của các loại Khảo Sát Khoa Học.
lang_multi_text.db	zhixian_BNDX_1_3	3.4	Hội thoại/Cốt truyện	Hội thoại/Khác	NPC #701079		特别对策组为各位制作了一批“纸役”，当你踏入黯原地区时，“纸役”会自动跟随并响应你的需要。	The Special Response Force has prepared a batch of "Origami Constructs." Once you enter the Dimmr Plains, they will automatically follow and assist you.	特別対策班が専用の「折り紙」を用意しました。エリア内では自動で皆さんに追従し、活動をサポートします。	Tổ Đối Sách Đặc Biệt đã chế tạo cho mọi người một loạt "Giấy Sai" (giấy), khi bạn đặt chân vào Khu Vực Đồng Bằng Dimmr, "Giấy Sai" sẽ tự động đi theo và đáp ứng nhu cầu của bạn.
lang_multi_text.db	zhixian_BNDX_1_4	3.4	Hội thoại/Cốt truyện	Hội thoại/Khác	NPC #701079		请注意，“纸役”在你离开黯原地区后便会停止跟随，且有一定的使用极限。	Please note, these "Origami Constructs" will stop following you once you leave the Dimmr Plains, and they are subject to a limited number of uses.	エリアの外に出ると停止します。稼働限界があるため、運用には注意してください。	Xin lưu ý, "Giấy Sai" (giấy) sẽ dừng đi theo sau khi bạn rời khỏi Khu Vực Đồng Bằng Dimmr, và có một giới hạn sử dụng nhất định.
lang_multi_text.db	zhixian_BNDX_1_5	3.4	Hội thoại/Cốt truyện	Hội thoại/Khác	NPC #701079		黯原地区当前仍属于危险区域，请务必小心行事，及时报备。	Please be aware that the Dimmr Plains remain a high-risk zone. Exercise extreme caution and report your status promptly.	現地は今もなお危険な区域です。慎重に行動し、こまめな報告をお願いします。	Khu Vực Đồng Bằng Dimmr hiện vẫn thuộc khu vực nguy hiểm, xin nhất định phải cẩn trọng hành sự, báo cáo kịp thời.
lang_multi_text.db	描述KEY	3.4	Hội thoại/Cốt truyện	Hội thoại/Khác			描述生成列	Description Generation Column	説明生成リスト	Cột mô tả
lang_multi_text.db	BattlePhoto_AspectRatio_Cinema	3.5	Hội thoại/Cốt truyện	Hội thoại/Khác			电影画幅	Cinematic Aspect Ratio	シネマ画角	Khung Hình Điện Ảnh
lang_multi_text.db	BattlePhoto_AspectRatio_MinimalWide	3.5	Hội thoại/Cốt truyện	Hội thoại/Khác			极简宽屏	Minimal Wide Screen	ワイドスクリーン	Màn Rộng Tối Giản
lang_multi_text.db	BattlePhoto_AspectRatio_None	3.5	Hội thoại/Cốt truyện	Hội thoại/Khác			默认	Default	デフォルト	Mặc định
lang_multi_text.db	BattlePhoto_BlurIntensityText	3.5	Hội thoại/Cốt truyện	Hội thoại/Khác			光圈大小	Aperture	絞り値	Kích Thước Khẩu Độ
lang_multi_text.db	BattlePhoto_Frame_Horizontal	3.5	Hội thoại/Cốt truyện	Hội thoại/Khác			横版画框	Landscape Frame	横長フレーム	Khung Hình Ngang
lang_multi_text.db	BattlePhoto_Frame_Square	3.5	Hội thoại/Cốt truyện	Hội thoại/Khác			方形画框	Square Frame	スクエアフレーム	Khung Hình Vuông
lang_multi_text.db	BattlePhoto_Frame_Vertical	3.5	Hội thoại/Cốt truyện	Hội thoại/Khác			竖版画框	Portrait Frame	縦長フレーム	Khung Hình Dọc
lang_multi_text.db	Btn_Apply_VoiceDIY	3.5	Hội thoại/Cốt truyện	Hội thoại/Khác			应用	Apply	適用	Áp Dụng
lang_multi_text.db	Btn_Applying_VoiceDIY	3.5	Hội thoại/Cốt truyện	Hội thoại/Khác			使用中	Using	使用中	Đang dùng
lang_multi_text.db	Btn_Download_VoiceDIY	3.5	Hội thoại/Cốt truyện	Hội thoại/Khác			下载资源		リソースダウンロード	Tải tài nguyên
lang_multi_text.db	Btn_Downloading_VoiceDIY	3.5	Hội thoại/Cốt truyện	Hội thoại/Khác			下载中	Downloading	ダウンロード中	Đang tải
lang_multi_text.db	Btn_GrabDoll_Text	3.5	Hội thoại/Cốt truyện	Hội thoại/Khác			抓取	Grab	つかむ	Gắp
lang_multi_text.db	Btn_InsertCoin_Text	3.5	Hội thoại/Cốt truyện	Hội thoại/Khác			投币	Insert Coin	コイン投入	Nhét Xu
lang_multi_text.db	Btn_ReleaseClaw_Text	3.5	Hội thoại/Cốt truyện	Hội thoại/Khác			松开	Release	はなす	Thả Ra
lang_multi_text.db	Btn_VoiceDIY_Filter_All	3.5	Hội thoại/Cốt truyện	Hội thoại/Khác			全部	All	すべて	Tất Cả
lang_multi_text.db	Btn_WarenessSpace01_Text	3.5	Hội thoại/Cốt truyện	Hội thoại/Khác			test/结契定约			Kết Khế Định Ước
lang_multi_text.db	Btn_WarenessSpace02_Text	3.5	Hội thoại/Cốt truyện	Hội thoại/Khác			test/既定规则			Quy Tắc Đã Định
lang_multi_text.db	Btn_WarenessSpace03_Text	3.5	Hội thoại/Cốt truyện	Hội thoại/Khác			test/竭诚护卫			Tận Tâm Hộ Vệ
lang_multi_text.db	Btn_WarenessSpace04_Text	3.5	Hội thoại/Cốt truyện	Hội thoại/Khác			test/甘为牺牲			Cam Lòng Hy Sinh
lang_multi_text.db	Caidan_QHY_1_1	3.5	Hội thoại/Cốt truyện	Hội thoại/Khác	NPC #1316		这种地方为什么有个院子……这是干什么用的？	Why is there a garden here? What's it for?	なんでこんな所に庭が……？一体、何に使う場所なんだろうな？	Sao ở nơi thế này lại có một cái sân…… nó dùng để làm gì vậy?
lang_multi_text.db	Caidan_QHY_1_2	3.5	Hội thoại/Cốt truyện	Hội thoại/Khác	NPC #1316		前面好像有东西，我们去看看吧！	Something's up ahead. Let's go check it out!	あっちに何かあるみたいだぞ。行ってみよう！	Phía trước hình như có gì đó, chúng ta đến xem thử đi!
lang_multi_text.db	Caidan_QHY_2_1	3.5	Hội thoại/Cốt truyện	Hội thoại/Khác	Speaker_84_Name		你仔细观察着面前的庭院，发现了一段文字。	After carefully studying the surroundings, you discover a note that says:	目の前の庭を調べると、とある文章が記されていた。	Cậu chăm chú quan sát khu vườn trước mặt, phát hiện một đoạn văn tự.
lang_multi_text.db	Caidan_QHY_2_2	3.5	Hội thoại/Cốt truyện	Hội thoại/Khác	Speaker_84_Name		“燕雀回返，一院枯荣。放入四时之物，即可改变雀回苑的环境。”	"The return of swallows marks the cycle of the seasons. Place each season's signature item here to alter the environment of the Bird-Return Garden."	「燕雀舞い戻りて、一院に枯栄あり。四季の物を捧げば、この『雀回苑』の景色を変えられよう」	“Yến tước bay về, cả khu vườn tàn thịnh theo mùa. Đặt vào vật của bốn mùa, là có thể thay đổi cảnh sắc của Tước Hồi Uyển.”
lang_multi_text.db	Caidan_QHY_2_3	3.5	Hội thoại/Cốt truyện	Hội thoại/Khác	Speaker_84_Name		“附：见春，登青云破土。入夏，潭中游霞惊梦。秋时，叶中匠巧织其巢。冬来，夜见白刃繁如霜。”	"Note: Comes Spring, Climber Shoots break the earth; In Summer, Flowborne Dreams wander; Leaves fall, Leafweavers nest; Comes Winter, Blade Blossoms bloom with frost."	「追記：春には、青雲へと登り土を破るものを。夏には、淵を泳ぐたゆたう輝きを。秋には、葉に潜む匠が織りし巣を。冬には、夜に霜のごとく繁る白き刃を」	“Chú thích: Xuân đến, Đăng Thanh Vân đội đất trồi lên. Hạ sang, Du Hà dưới đầm khuấy động giấc mộng. Thu về, Diệp Trung Tượng khéo léo dệt tổ. Đông tới, đêm thấy Bạch Nhận nhiều tựa sương.”
lang_multi_text.db	Caidan_QHY_2_4	3.5	Hội thoại/Cốt truyện	Hội thoại/Khác	NPC #1316		登青云，游霞惊梦，叶中匠和白刃繁…………看起来是要我们去找这四样东西？	Climber Shoots, Flowborne Dreams, Leafweavers, and Blade Blossoms... Looks like we need to find these four items?	つまり、「青雲登り」、「たゆたう輝き」、「葉中匠」、それに「白銀刃」……この四つの物を探せってことか？	Đăng Thanh Vân, Du Hà kinh mộng, Diệp Trung Tượng và Bạch Nhận…………xem ra là muốn chúng ta đi tìm bốn thứ này?
lang_multi_text.db	Caidan_QHY_2_5	3.5	Hội thoại/Cốt truyện	Hội thoại/Khác	NPC #1316		我们要不要试试看？看看把这些东西放到院子里后，到底会有什么变化！	Does the garden really change with the items we place in? Let's give it a go!	ちょっと試してみないか？ここに置いたら、何が起きるか見てみようぜ！	Chúng ta thử xem sao nhỉ? Xem thử sau khi đặt những thứ này vào sân, rốt cuộc sẽ có biến đổi gì!
lang_multi_text.db	Caidan_QHY_3_1	3.5	Hội thoại/Cốt truyện	Hội thoại/Khác	NPC #1316		{PlayerName}你快看！这座院子真的可以变换四季！	Look! {PlayerName}! Seasons in this garden do change with the items!	{PlayerName}、見てみろ！この庭、本当にその季節の景色に変わったぞ！	{PlayerName} cậu mau nhìn kìa! Khu vườn này thật sự có thể chuyển đổi bốn mùa!
lang_multi_text.db	CdkGiftCdkBatchAlreadyGot	3.5	Hội thoại/Cốt truyện	Hội thoại/Khác			本账号已通过兑换码获取过致予新世界-巡回演唱会礼包内容，无法重复兑换	This account has already obtained the contents of the To the New World - World Tour Concert Pack via redemption code. Cannot redeem again.	すでに特典コードから「To the New World - コンサートツアーパック」を受け取っているため、重複して受け取ることはできません	Tài khoản này đã nhận nội dung Gói Quà Buổi Hòa Nhạc Lưu Diễn Đến Với Thế Giới Mới thông qua mã đổi, không thể đổi lại
lang_multi_text.db	CdkGiftCdkPayGiftAlreadyBought	3.5	Hội thoại/Cốt truyện	Hội thoại/Khác			本账号已通过商城购买过致予新世界-巡回演唱会礼包内容，无法重复兑换	This account has already purchased the contents of the To the New World - World Tour Concert Pack from the Store. Cannot redeem again.	すでにショップで「To the New World - コンサートツアーパック」を購入しているため、重複して受け取ることはできません	Tài khoản này đã mua nội dung Gói Quà Buổi Hòa Nhạc Lưu Diễn Đến Với Thế Giới Mới thông qua cửa hàng, không thể đổi lại
lang_multi_text.db	CompositeRewardDisplay_2011_Title	3.5	Hội thoại/Cốt truyện	Hội thoại/Khác			回收完成	Retrieval Complete	回収完了	Thu Hồi Hoàn Tất
lang_multi_text.db	DeleteResource_VoiceDIY_Tip	3.5	Hội thoại/Cốt truyện	Hội thoại/Khác			删除语音资源会影响部分角色当前的语言选择		ボイスリソースを削除すると、一部使用中の共鳴者ボイスに影響します	Xóa tài nguyên giọng nói sẽ ảnh hưởng đến lựa chọn ngôn ngữ hiện tại của một số nhân vật
lang_multi_text.db	DirectTrain_SkipButton20	3.5	Hội thoại/Cốt truyện	Hội thoại/Khác			前往黎那汐塔	Next Stop: Rinascita	リナシータへ旅立つ	Đến Rinascita
lang_multi_text.db	DirectTrain_SkipButton30	3.5	Hội thoại/Cốt truyện	Hội thoại/Khác			前往拉海洛	Next Stop: Lahai-Roi	ラハイロイへ旅立つ	Đến Lahai-Roi
lang_multi_text.db	DirectTrain_SkipButton35	3.5	Hội thoại/Cốt truyện	Hội thoại/Khác			前往梦州		夢州へ旅立つ	Đến Mộng Châu
lang_multi_text.db	DiscountCount_1	3.5	Hội thoại/Cốt truyện	Hội thoại/Khác			单抽折扣次数	Convene x1 Discount	1回集音の割引回数	Số lần giảm giá triệu hồi đơn
lang_multi_text.db	DiscountCount_2	3.5	Hội thoại/Cốt truyện	Hội thoại/Khác			十连折扣次数	Convene x10 Discount	10回集音の割引回数	Số lần giảm giá triệu hồi mười
lang_multi_text.db	DiscountCount_Num	3.5	Hội thoại/Cốt truyện	Hội thoại/Khác			（剩余：{0}）	(Remaining: {0})	（残り：{0}）	（Còn lại：{0}）
lang_multi_text.db	Email_Inbox_Number	3.5	Hội thoại/Cốt truyện	Hội thoại/Khác			<color=#f7eba6>{0}</color>/{1}			<color=#f7eba6>{0}</color>/{1}
lang_multi_text.db	FightPhotoAim_100040	3.5	Hội thoại/Cốt truyện	Hội thoại/Khác			test/秧秧·玄翎与穗穗	Yangyang - Xuanling & Suisui	秧秧・玄翎と穂穂	Yangyang·Huyền Linh và Suisui
lang_multi_text.db	FightPhotoAim_100050	3.5	Hội thoại/Cốt truyện	Hội thoại/Khác			test/达妮娅与西格莉卡	Denia & Sigrika	ダーニャとシグリカ	Denia và Sigrika
lang_multi_text.db	FightPhoto_CurrentResolutionText	3.5	Hội thoại/Cốt truyện	Hội thoại/Khác			当前：{0}	Current: {0}	現在：{0}	Hiện tại: {0}
lang_multi_text.db	FightPhoto_Mission_Progress	3.5	Hội thoại/Cốt truyện	Hội thoại/Khác			当前进度： {0}/{1}	Current Progress: {0}/{1}	現在の進捗：{0}/{1}	Tiến độ hiện tại: {0}/{1}
lang_multi_text.db	FightPhoto_Nextlevel_Buttun	3.5	Hội thoại/Cốt truyện	Hội thoại/Khác			目标关卡：{0}		目標ステージ：{0}	Ải mục tiêu: {0}
lang_multi_text.db	FightPhoto_NoMission	3.5	Hội thoại/Cốt truyện	Hội thoại/Khác			自由拍摄环节	Free Photography Moment	フリー撮影	Phần Chụp Ảnh Tự Do
lang_multi_text.db	GatherCraft_Btn	3.5	Hội thoại/Cốt truyện	Hội thoại/Khác			拟合		プリント	Mô Phỏng
lang_multi_text.db	GatherCraft_Quantity_Text	3.5	Hội thoại/Cốt truyện	Hội thoại/Khác			拟合数量 <color=Highlight>{0}</color>		プリント数 <color=Highlight>{0}</color>	Số lượng Mô Phỏng <color=Highlight>{0}</color>
lang_multi_text.db	GatherCraft_Title	3.5	Hội thoại/Cốt truyện	Hội thoại/Khác			拟合		プリント	Mô Phỏng
lang_multi_text.db	GymShopNew1.0_Text	3.5	Hội thoại/Cốt truyện	Hội thoại/Khác			演练数据集：{0}/{1}		仮想訓練データ収集：{0}/{1}	Bộ dữ liệu diễn luyện: {0}/{1}
lang_multi_text.db	GymShopNew3.5_Text	3.5	Hội thoại/Cốt truyện	Hội thoại/Khác			演武纹币：{0}/{1}	Sparring Coin: {0}/{1}	演武コイン：{0}/{1}	Xu Diễn Võ: {0}/{1}
lang_multi_text.db	Hint_Empty_VoiceDIY_Filter	3.5	Hội thoại/Cốt truyện	Hội thoại/Khác			/test暂无对应筛选条件共鸣者		フィルター結果なし	/testHiện chưa có Cộng Hưởng Giả tương ứng với điều kiện lọc
lang_multi_text.db	ImportantSelectionDefault	3.5	Hội thoại/Cốt truyện	Hội thoại/Khác			选项将影响后续故事发展		選択肢によってストーリーが分岐します	Lựa chọn sẽ ảnh hưởng đến diễn biến câu chuyện về sau
lang_multi_text.db	Iteminfo_71300100_Name	3.5	Hội thoại/Cốt truyện	Hội thoại/Khác			一张狐狸样式的面具。	Fox Mask	狐を模した面。	Một chiếc mặt nạ kiểu con cáo.
lang_multi_text.db	Iteminfo_71300100_ObtainedShowDescription	3.5	Hội thoại/Cốt truyện	Hội thoại/Khác			一张狐狸样式的面具，似乎是偷走岁主信物的犯人落下的。	A fox mask, presumably dropped by the suspect who stole the Sentinel's Token.		Một chiếc mặt nạ kiểu con cáo, dường như do kẻ phạm tội trộm tín vật Tuế Chủ đánh rơi.
lang_multi_text.db	Label_VoiceDIY_Downloading	3.5	Hội thoại/Cốt truyện	Hội thoại/Khác			正在下载		ダウンロード中	Đang tải xuống
lang_multi_text.db	Label_VoiceDIY_Not_Downloaded	3.5	Hội thoại/Cốt truyện	Hội thoại/Khác			未下载	Not downloaded	未ダウンロード	Chưa tải xuống
lang_multi_text.db	Label_VoiceDIY_Use	3.5	Hội thoại/Cốt truyện	Hội thoại/Khác			当前使用		使用中	Đang dùng
lang_multi_text.db	LockedOptionPauseAutoSelection	3.5	Hội thoại/Cốt truyện	Hội thoại/Khác			该选项暂未解锁，已停止自动播放			Lựa chọn này tạm chưa mở khóa, đã dừng tự động phát
lang_multi_text.db	LordGymFilterType_07	3.5	Hội thoại/Cốt truyện	Hội thoại/Khác			全息战略·演武	Tactical Hologram: Sparring	ホロタクティクス・演武	Chiến Lược Toàn Ảnh·Diễn Võ
lang_multi_text.db	LordGymInfo_Text16	3.5	Hội thoại/Cốt truyện	Hội thoại/Khác			全息战略·达妮娅	Tactical Hologram: Denia	ホロタクティクス・ダーニャ	Chiến Lược Toàn Ảnh·Denia
lang_multi_text.db	LordRecordTitile_01	3.5	Hội thoại/Cốt truyện	Hội thoại/Khác			全息战略挑战记录		ホロタクティクス挑戦履歴	Ghi Chép Thử Thách Chiến Lược Toàn Ảnh
lang_multi_text.db	NewSoundDetectDirectChallenge	3.5	Hội thoại/Cốt truyện	Hội thoại/Khác			直接挑战		挑戦開始	Khiêu chiến trực tiếp
lang_multi_text.db	NewSoundDetectGoTo	3.5	Hội thoại/Cốt truyện	Hội thoại/Khác			前往	Go	進む	Đến
lang_multi_text.db	NewTower_Addenergy	3.5	Hội thoại/Cốt truyện	Hội thoại/Khác			在本阶段挑战中初始拥有的疲劳值增加{0}点	This Resonator gains {0} more Vigor in this Phase	本段階の挑戦において、この共鳴者の初期疲労度は{0}Pt増加する	Trong thử thách giai đoạn này, độ Mệt Mỏi sở hữu ban đầu tăng thêm {0} điểm
lang_multi_text.db	NewTower_ChallengeTask	3.5	Hội thoại/Cốt truyện	Hội thoại/Khác			周期挑战任务		周期挑戦任務	Nhiệm Vụ Thử Thách Theo Chu Kỳ
lang_multi_text.db	NewTower_CurrentSeason	3.5	Hội thoại/Cốt truyện	Hội thoại/Khác			当前周期		現在の周期	Chu kỳ hiện tại
lang_multi_text.db	NewTower_Endlessmodereview	3.5	Hội thoại/Cốt truyện	Hội thoại/Khác			{0}奇点扩张		{0}奇点拡張	Bành Trướng Kỳ Điểm {0}
lang_multi_text.db	NewTower_LoopTask	3.5	Hội thoại/Cốt truyện	Hội thoại/Khác			阶段循环任务		段階繰り返し任務	Nhiệm Vụ Tuần Hoàn Theo Giai Đoạn
lang_multi_text.db	NewTower_Scorept	3.5	Hội thoại/Cốt truyện	Hội thoại/Khác			得分倍率:<color=#ffd966>{0}</color>		スコア獲得倍率：<color=#ffd966>{0}</color>	Hệ số điểm:<color=#ffd966>{0}</color>
lang_multi_text.db	NewTower_SeasonMedal	3.5	Hội thoại/Cốt truyện	Hội thoại/Khác			{0}周期荣誉		{0}周期戦績	Vinh Dự Chu Kỳ {0}
lang_multi_text.db	NewTower_medalreview	3.5	Hội thoại/Cốt truyện	Hội thoại/Khác			{0}周期回顾		{0}周期のおさらい	Nhìn Lại Chu Kỳ {0}
lang_multi_text.db	Notice_VoiceDIY_Delete_Success	3.5	Hội thoại/Cốt truyện	Hội thoại/Khác			语音资源删除成功		ボイスリソース削除完了	Xóa tài nguyên giọng nói thành công
lang_multi_text.db	Notice_VoiceDIY_Download_Success	3.5	Hội thoại/Cốt truyện	Hội thoại/Khác			语音资源下载完成		ボイスリソースダウンロード完了	Tải tài nguyên giọng nói hoàn tất
lang_multi_text.db	Notice_VoiceDIY_LanguageChange	3.5	Hội thoại/Cốt truyện	Hội thoại/Khác			此选择将覆盖已设置的角色的自定义语音		一部設定したキャラボイスを上書きします	Lựa chọn này sẽ ghi đè giọng nói tùy chỉnh của các nhân vật đã cài đặt
lang_multi_text.db	Notice_VoiceDIY_Setting_Success	3.5	Hội thoại/Cốt truyện	Hội thoại/Khác			语音设置成功		ボイス設定完了	Cài đặt giọng nói thành công
lang_multi_text.db	OrnamentAttrDes_80870010	3.5	Hội thoại/Cốt truyện	Hội thoại/Khác			由姐妹二人的母亲缝制的雀鸟玩偶，这是其中属于秧秧的那只。获得新的力量后，秧秧依照自己新的模样重新缝制了一只，作为此行的纪念。		母親が姉妹のために手縫いした小鳥のぬいぐるみのうちの一羽。新たな力に目覚めた後、秧秧は現在の自分に似せたもう一羽の小鳥を縫い上げ、旅の記念とした。	Con búp bê chim sẻ do người mẹ của hai chị em khâu, đây là con thuộc về Yangyang. Sau khi có được sức mạnh mới, Yangyang đã khâu lại một con theo dáng vẻ mới của mình, làm kỷ niệm cho chuyến đi này.
lang_multi_text.db	OrnamentAttrDes_80870012	3.5	Hội thoại/Cốt truyện	Hội thoại/Khác			姐妹二人的母亲缝制的雀鸟玩偶，这是其中属于穗穗的那只。穗穗把它别在了发簪上，从此无论走到何处，都仿佛有家人的温暖伴在身旁。		母親が姉妹のために手縫いした小鳥のぬいぐるみのうちの一羽。家族の温もりを常に感じさせるそのぬいぐるみを、穂穂は髪飾りとして身に着けている。	Con búp bê chim sẻ do người mẹ của hai chị em khâu, đây là con thuộc về Suisui. Suisui cài nó lên trâm cài tóc, từ đó dù đi đến đâu, đều tựa như có hơi ấm của người thân bên cạnh.
lang_multi_text.db	OrnamentAttrDes_80871005	3.5	Hội thoại/Cốt truyện	Hội thoại/Khác			漂泊者与阿布在欣赏完音乐会后，共同制作的玩偶。形象取自漂泊者，动作取自阿布，轻哼旋律，爱与星光就会从舞动中跃然而出。		漂泊者とアブがコンサートを楽しんだ後に作り上げたぬいぐるみ。漂泊者を模した姿に、アブの動きを組み合わせている。ひとたび旋律を口ずさめば、愛と星の光が湧き出してくる。	Con búp bê do Rover và Abby cùng làm sau khi thưởng thức buổi hòa nhạc. Ngoại hình được lấy cảm hứng từ Rover, động tác phỏng theo Abby. Khi khẽ ngân nga giai điệu, tình yêu và ánh sao dường như cũng bật lên theo từng điệu múa.
lang_multi_text.db	OrnamentBgDes_80870010	3.5	Hội thoại/Cốt truyện	Hội thoại/Khác			依依檐下雀，悠悠向云间。		名残惜しき軒下の小鳥、悠々と雲海へと羽ばたく。	Chim sẻ dưới mái hiên bịn rịn, thong dong hướng về mây trời.
lang_multi_text.db	OrnamentBgDes_80870012	3.5	Hội thoại/Cốt truyện	Hội thoại/Khác			长明不夜处，羽渡霞满天。		長く明かり灯る、夜訪れぬ地に、彩雲銜える鳥が、いつまでも空を舞う。	Nơi sáng mãi không đêm, cánh vũ vượt ráng chiều đầy trời.
lang_multi_text.db	OrnamentBgDes_80871005	3.5	Hội thoại/Cốt truyện	Hội thoại/Khác			“再来一首！再来一首！再来一首！”	"Encore! Encore! Encore!"	「アンコール！アンコール！アンコール！」	"Thêm một bài nữa! Thêm một bài nữa! Thêm một bài nữa!"
lang_multi_text.db	OrnamentName_80870010	3.5	Hội thoại/Cốt truyện	Hội thoại/Khác			云中雀	Cloud Lark	雲間を行く小鳥	Vân Trung Tước
lang_multi_text.db	OrnamentName_80870012	3.5	Hội thoại/Cốt truyện	Hội thoại/Khác			枕霞间	Upon Rosy Clouds	彩雲と眠る小鳥	Chẩm Hà Gian
lang_multi_text.db	OrnamentName_80871005	3.5	Hội thoại/Cốt truyện	Hội thoại/Khác			爪垫指挥家	Purrfect Pitch	ぷにぷにコンダクター	Nhạc Trưởng Đệm Chân
lang_multi_text.db	OrnamentUiText_08	3.5	Hội thoại/Cốt truyện	Hội thoại/Khác			当前已为预览状态			Hiện đang ở trạng thái xem trước
lang_multi_text.db	OutAreaBorderConfig_750001_TipText	3.5	Hội thoại/Cốt truyện	Hội thoại/Khác			test/已进入异常区域，请速速返回		<i>異常エリアに入りました。速やかに引き返してください</i>	Đã tiến vào khu vực dị thường, hãy mau chóng quay lại
lang_multi_text.db	PayShop_7_Name	3.5	Hội thoại/Cốt truyện	Hội thoại/Khác			旅程专享	Voyage Exclusive	旅路専属セール	Độc Quyền Hành Trình
lang_multi_text.db	PrefabTextltem_4169027139_Text	3.5	Hội thoại/Cốt truyện	Hội thoại/Khác			共鸣者语音自定义	Resonator Voice Pack Customization	共鳴者ボイス設定	Tùy chỉnh lồng tiếng Cộng Hưởng Giả
lang_multi_text.db	RealmBetweenAllTaskProgress_Text	3.5	Hội thoại/Cốt truyện	Hội thoại/Khác			<color=#fde7a1>{0}</color><color=#ece5d8>/{1}</color>	<color=#fde7a1>{0}</color><color=#ece5d8>/{1}</color>	<color=#fde7a1>{0}</color><color=#ece5d8>/{1}</color>	<color=#fde7a1>{0}</color><color=#ece5d8>/{1}</color>
lang_multi_text.db	RealmBetweenClaimed_Text	3.5	Hội thoại/Cốt truyện	Hội thoại/Khác			已领取	Claimed	受取済	Đã nhận
lang_multi_text.db	RealmBetweenCurrentLevelExp_Text	3.5	Hội thoại/Cốt truyện	Hội thoại/Khác			当前「一隙玄方」数量	Sliver of Xuanfang Owned	「狭間の玄方」の数	Số lượng 「Một Thoáng Huyền Phương」 hiện tại
lang_multi_text.db	RealmBetweenEnterName_Text	3.5	Hội thoại/Cốt truyện	Hội thoại/Khác			前往	Go	進む	Đến
lang_multi_text.db	RealmBetweenExpNotEnough_Text	3.5	Hội thoại/Cốt truyện	Hội thoại/Khác			「一隙玄方」数量不足	Insufficient Slivers of Xuanfang	「狭間の玄方」が足りません	Số lượng 「Một Thoáng Huyền Phương」 không đủ
lang_multi_text.db	RealmBetweenExp_Text	3.5	Hội thoại/Cốt truyện	Hội thoại/Khác			{0}/{1}	{0}/{1}	{0}/{1}	{0}/{1}
lang_multi_text.db	RealmBetweenGetReward_Text	3.5	Hội thoại/Cốt truyện	Hội thoại/Khác			领取	Claim	受取	Nhận
lang_multi_text.db	RealmBetweenJump_Text	3.5	Hội thoại/Cốt truyện	Hội thoại/Khác			前往	Go	進む	Đến
lang_multi_text.db	RealmBetweenLevelCanUp_Text	3.5	Hội thoại/Cốt truyện	Hội thoại/Khác			可升级	Upgrade Available	LvUP可	Có thể nâng cấp
lang_multi_text.db	RealmBetweenLevelMaxBtn_Text	3.5	Hội thoại/Cốt truyện	Hội thoại/Khác			已达最大等级	Max Level reached	最大レベル達成済	Đã đạt cấp tối đa
lang_multi_text.db	RealmBetweenLevelMax_Text	3.5	Hội thoại/Cốt truyện	Hội thoại/Khác			最大等级	Max Level	最大レベル	Cấp tối đa
lang_multi_text.db	RealmBetweenLevelNotReach_Text	3.5	Hội thoại/Cốt truyện	Hội thoại/Khác			请完成前置等级	Please reach the prerequisite level	前のLvを完了してください	Vui lòng hoàn thành cấp tiền đề
lang_multi_text.db	RealmBetweenLevelUpTipsExp_Text	3.5	Hội thoại/Cốt truyện	Hội thoại/Khác			「一隙玄方」+{0}	Sliver of Xuanfang + {0}	「狭間の玄方」+{0}	「Một Thoáng Huyền Phương」+{0}
lang_multi_text.db	RealmBetweenLevelUp_Text	3.5	Hội thoại/Cốt truyện	Hội thoại/Khác			升级	Upgrade	LvUP	Nâng cấp
lang_multi_text.db	RealmBetweenPhantomGain_Progress	3.5	Hội thoại/Cốt truyện	Hội thoại/Khác			收集进度：{0}/{1}	Progress: {0}/{1}	収集進捗：{0}/{1}	Tiến độ thu thập: {0}/{1}
lang_multi_text.db	RealmBetween_MotorChallengeName_1	3.5	Hội thoại/Cốt truyện	Hội thoại/Khác			超级云帛机骑挑战1		スーパー雲帛機騎挑戦・一	Thử thách Vân Bạch Cơ Kỵ Siêu Cấp 1
lang_multi_text.db	RealmBetween_MotorChallengeName_2	3.5	Hội thoại/Cốt truyện	Hội thoại/Khác			超级云帛机骑挑战2		スーパー雲帛機騎挑戦・二	Thử thách Vân Bạch Cơ Kỵ Siêu Cấp 2
lang_multi_text.db	RealmBetween_MotorChallengeName_3	3.5	Hội thoại/Cốt truyện	Hội thoại/Khác			超级云帛机骑挑战3		スーパー雲帛機騎挑戦・三	Thử thách Vân Bạch Cơ Kỵ Siêu Cấp 3
lang_multi_text.db	RealmBetween_MotorChallengeName_4	3.5	Hội thoại/Cốt truyện	Hội thoại/Khác			超级云帛机骑挑战4		スーパー雲帛機騎挑戦・四	Thử Thách Vân Bạch Cơ Kỵ Siêu Cấp 4
lang_multi_text.db	RealmBetween_MotorChallengeName_5	3.5	Hội thoại/Cốt truyện	Hội thoại/Khác			超级云帛机骑挑战5		スーパー雲帛機騎挑戦・五	Thử thách Vân Bạch Cơ Kỵ Siêu Cấp 5
lang_multi_text.db	RealmBetween_MotorChallengeTask_1	3.5	Hội thoại/Cốt truyện	Hội thoại/Khác			评分等级达到B		評価B達成	Cấp đánh giá đạt B
lang_multi_text.db	RealmBetween_MotorChallengeTask_2	3.5	Hội thoại/Cốt truyện	Hội thoại/Khác			评分等级达到A		評価A達成	Cấp đánh giá đạt A
lang_multi_text.db	RealmBetween_MotorChallengeTask_3	3.5	Hội thoại/Cốt truyện	Hội thoại/Khác			评分等级达到S		評価S達成	Cấp đánh giá đạt S
lang_multi_text.db	RealmBetween_MotorChallengeTips_1	3.5	Hội thoại/Cốt truyện	Hội thoại/Khác			完成任务「超级超级……超级挑战！」后解锁		任務「ススススーパー……チャレンジ！」をクリア後解放	Mở khóa sau khi hoàn thành nhiệm vụ 「Siêu Siêu…… Siêu Thử Thách!」
lang_multi_text.db	SaleTag_1	3.5	Hội thoại/Cốt truyện	Hội thoại/Khác			免费	Free	無料	Miễn phí
lang_multi_text.db	SaleTag_10001	3.5	Hội thoại/Cốt truyện	Hội thoại/Khác			首次十连免费	Free 10-Convene	初回10連無料	Miễn phí 10 lần lần đầu
lang_multi_text.db	SaleTag_2	3.5	Hội thoại/Cốt truyện	Hội thoại/Khác			-{0}%	-{0}%	-{0}%	-{0}%
lang_multi_text.db	ShowDescription_80870010	3.5	Hội thoại/Cốt truyện	Hội thoại/Khác			由姐妹二人的母亲缝制的雀鸟玩偶，这是其中属于秧秧的那只。获得新的力量后，秧秧依照自己新的模样重新缝制了一只，作为此行的纪念。		母親が姉妹のために手縫いしてくれた、小鳥のぬいぐるみの片割れ。新たな力に目覚めたのち、秧秧は今の自分に似せたもう一羽の小鳥を縫い上げ、旅の記念とした。	Con búp bê chim sẻ do người mẹ của hai chị em khâu, đây là con thuộc về Yangyang. Sau khi có được sức mạnh mới, Yangyang đã khâu lại một con theo dáng vẻ mới của mình, làm kỷ niệm cho chuyến đi này.
lang_multi_text.db	ShowDescription_80870012	3.5	Hội thoại/Cốt truyện	Hội thoại/Khác			姐妹二人的母亲缝制的雀鸟玩偶，这是其中属于穗穗的那只。穗穗把它别在了发簪上，从此无论走到何处，都仿佛有家人的温暖伴在身旁。		姉妹二人の母親が縫ってくれた鳥のぬいぐるみのうち、穂穂のほうのもの。穂穂はそれをかんざしに付けた。これからはどこに行こうと、まるで家族がそばにいるかのような温もりを感じられる。	Con búp bê chim sẻ do người mẹ của hai chị em khâu, đây là con thuộc về Suisui. Suisui cài nó lên trâm cài tóc, từ đó dù đi đến đâu, đều tựa như có hơi ấm của người thân bên cạnh.
lang_multi_text.db	ShowDescription_80871005	3.5	Hội thoại/Cốt truyện	Hội thoại/Khác			漂泊者与阿布在欣赏完音乐会后，共同制作的玩偶。形象取自漂泊者，动作取自阿布，轻哼旋律，爱与星光就会从舞动中跃然而出。		漂泊者とアブがコンサートを楽しんだ後に作り上げたぬいぐるみ。漂泊者を模した姿に、アブの動きを組み合わせている。ひとたび旋律を口ずさめば、愛と星の光が湧き出してくる。	Con búp bê mà Lữ Khách và Abby cùng làm sau khi thưởng thức xong buổi hòa nhạc. Hình tượng lấy từ Lữ Khách, động tác lấy từ Abby, khẽ ngân giai điệu, tình yêu và ánh sao sẽ từ điệu múa mà nhảy vọt ra.
lang_multi_text.db	Source_Desc_6	3.5	Hội thoại/Cốt truyện	Hội thoại/Khác			梦州及其他区域相关资源，包含场景资源和剧情资源		夢州およびその他のエリア関連リソースには、該当マップとストーリーに使われるリソースが含まれます。	Tài nguyên liên quan đến Mộng Châu và các khu vực khác, gồm tài nguyên cảnh và tài nguyên cốt truyện
lang_multi_text.db	Source_Title_14	3.5	Hội thoại/Cốt truyện	Hội thoại/Khác			【剧情】梦州及其他区域剧情资源		【ストーリー】夢州およびその他のエリア	【Cốt Truyện】Tài nguyên cốt truyện Mộng Châu và các khu vực khác
lang_multi_text.db	Source_Title_15	3.5	Hội thoại/Cốt truyện	Hội thoại/Khác			【区域】梦州		【マップ】夢州	【Khu vực】Mộng Châu
lang_multi_text.db	Source_Title_Land_4	3.5	Hội thoại/Cốt truyện	Hội thoại/Khác			梦州及其他区域		夢州およびその他のエリア	Mộng Châu và các khu vực khác
lang_multi_text.db	Survivor_Wave	3.5	Hội thoại/Cốt truyện	Hội thoại/Khác			波次	Wave	ウェーブ	Đợt
lang_multi_text.db	UiItem_BattlePhotoOpenTips	3.5	Hội thoại/Cốt truyện	Hội thoại/Khác			再续·光影瞬息	Recaptured: Action Highlights	続・光と影の刹那	Tái tục·Khoảnh khắc quang ảnh
lang_multi_text.db	WeeklyBossInfo_Desc_210301020	3.5	Hội thoại/Cốt truyện	Hội thoại/Khác			该敌人<color=Ice>冷凝伤害</color><color=HighlightB>抗性提高</color>。		この敵は<color=Ice>凝縮ダメージ</color>の<color=HighlightB>耐性が高い</color>。	Kẻ địch này <color=HighlightB>được nâng kháng tính</color> đối với <color=Ice>sát thương Ngưng Băng</color>.
lang_multi_text.db	WeeklyBossInfo_Desc_9	3.5	Hội thoại/Cốt truyện	Hội thoại/Khác			该敌人<color=Thunder>导电伤害</color><color=HighlightB>抗性提高</color>。\n该敌人<color=Dark>湮灭伤害</color><color=HighlightB>抗性提高</color>。\n千傀重楼的【墙甲】，【左臂】，【头部】部位可被破坏。【墙甲】被破坏时，千傀重楼受到的共振度削减提高；【左臂】被破坏时，千傀重楼造成的伤害将暂时降低；【头部】被破坏时，千傀重楼将被累积大量偏谐值。\n千傀重楼偏谐值上限较高。千傀重楼处于集谐·偏移状态下，被谐度破坏命中时，额外获得2层【集谐·干涉】。【集谐·干涉】层数达到3层时，受到的最终伤害提升25%。千傀重楼的【集谐·干涉】层数上限提升2层		この敵は<color=Thunder>電導ダメージ</color>の<color=HighlightB>耐性が高い</color>。\nこの敵は<color=Dark>消滅ダメージ</color>の<color=HighlightB>耐性が高い</color>。\n千傀の重楼の【壁甲】、【左腕】、【頭部】は破壊可能。【壁甲】が破壊されると、千傀の重楼が受ける共振度削減効果がアップ。【左腕】が破壊されると、千傀の重楼の与ダメージが一定時間ダウン。【頭部】が破壊されると、千傀の重楼に大量の不協和値が蓄積される。\n千傀の重楼は、不協和値上限が高い。密集協和・オフセット状態中に協和破壊攻撃を受けると、追加で【密集協和・インターフェア】を2スタック獲得する。【密集協和・インターフェア】が3スタックに達すると、受ける最終ダメージが25%アップ。千傀の重楼の【密集協和・インターフェア】の上限が2スタック増加。	Kẻ địch này <color=Thunder>Sát thương Đạo Điện</color><color=HighlightB> kháng tính tăng</color>.\nKẻ địch này <color=Dark>Sát thương Nhân Diệt</color><color=HighlightB> kháng tính tăng</color>.\nCác bộ phận 【Giáp Tường】, 【Cánh Tay Trái】, 【Đầu】 của Thiên Khôi Trùng Lâu có thể bị phá hủy. Khi 【Giáp Tường】 bị phá hủy, mức giảm Cộng Chấn mà Thiên Khôi Trùng Lâu phải nhận sẽ tăng; khi 【Cánh Tay Trái】 bị phá hủy, sát thương mà Thiên Khôi Trùng Lâu gây ra sẽ tạm thời giảm; khi 【Đầu】 bị phá hủy, Thiên Khôi Trùng Lâu sẽ bị tích lũy lượng lớn giá trị Thiên Hài.\nGiới hạn giá trị Thiên Hài của Thiên Khôi Trùng Lâu khá cao. Khi Thiên Khôi Trùng Lâu ở trạng thái Tập Hài·Thiên Di, lúc bị đòn phá Hài Độ đánh trúng sẽ nhận thêm 2 tầng 【Tập Hài·Can Thiệp】. Khi số tầng 【Tập Hài·Can Thiệp】 đạt 3 tầng, sát thương cuối cùng phải nhận tăng 25%. Giới hạn số tầng 【Tập Hài·Can Thiệp】 của Thiên Khôi Trùng Lâu tăng thêm 2 tầng
lang_multi_text.db	WriteLetter_750001_Title	3.5	Hội thoại/Cốt truyện	Hội thoại/Khác			test/漂泊者的信件		漂泊者への手紙	Bức thư của Lữ Khách
lang_multi_text.db	WriteLetter_750002_Title	3.5	Hội thoại/Cốt truyện	Hội thoại/Khác			test/秧秧未完成的信		未完成の秧秧の手紙	Bức thư dang dở của Yangyang
lang_multi_text.db	WriteLetter_750003_Title	3.5	Hội thoại/Cốt truyện	Hội thoại/Khác			test/秧秧的信		秧秧からの手紙	Bức thư của Yangyang
lang_multi_text.db	allProgressRewardsCompleted	3.5	Hội thoại/Cốt truyện	Hội thoại/Khác			进度奖励全达成	All Milestones Completed	進捗報酬を全て達成	Đã đạt toàn bộ phần thưởng tiến độ
lang_multi_text.db	kurotato_weaponcombinsucceed	3.5	Hội thoại/Cốt truyện	Hội thoại/Khác			武器合成成功	Merge Complete	武器を合成しました	Hợp thành vũ khí thành công
lang_multi_text.db	refabTextItem_2440122840_Text	3.5	Hội thoại/Cốt truyện	Hội thoại/Khác			test/点按并向下滑动			Nhấn rồi vuốt xuống
