dbfile	key	version	category	folder	speaker	mission	anh_en
lang_multi_text.db	ElementalReaction_11_ReactionDescription	3.4	Hội thoại/Cốt truyện	Hệ thống/Thuật ngữ			When the Concerto Effect is triggered, if the attribute types of the two Characters are both <color=#1891e7>Glacio</color>, the <color=#8c7e51>Glacio Concerto</color> is triggered, causing <color=#1891e7>Glacio</color> DMG to the target.
lang_multi_text.db	ElementalReaction_11_ReactionName	3.4	Hội thoại/Cốt truyện	Hệ thống/Thuật ngữ			Glacio Harmony
lang_multi_text.db	ElementalReaction_21_ReactionDescription	3.4	Hội thoại/Cốt truyện	Hệ thống/Thuật ngữ			Triggers <color=#8c7e51>Hot and Cold Ensemble</color> when Concerto Effect is triggered if both Character's Attribute Types are <color=#1891e7>Glacio</color> and <color=#e15226>Fusion</color>, respectively.\nDamage dealt by the debuting CharacterResonance Liberation is increased by <color=#8c7e51>40%</color> for <color=#8c7e51>12</color> seconds. does not take effect when the Character is not debuting.
lang_multi_text.db	ElementalReaction_21_ReactionName	3.4	Hội thoại/Cốt truyện	Hệ thống/Thuật ngữ			Cold and Hot Ensemble
lang_multi_text.db	ElementalReaction_22_ReactionDescription	3.4	Hội thoại/Cốt truyện	Hệ thống/Thuật ngữ			When the Concerto Effect is triggered, if both Characters have the same attribute type of <color=#e15226>Fusion</color>, it triggers the <color=#8c7e51>Fusion flurry</color>, which inflicts <color=#e15226>Fusion</color> DMG.
lang_multi_text.db	ElementalReaction_22_ReactionName	3.4	Hội thoại/Cốt truyện	Hệ thống/Thuật ngữ			Fusion Ensemble
lang_multi_text.db	ElementalReaction_31_ReactionDescription	3.4	Hội thoại/Cốt truyện	Hệ thống/Thuật ngữ			When the Concerto Effect is triggered, if both Character's attribute types are <color=#1891e7>Glacio</color> and <color=#9656d8>Electro</color>, it triggers the <color=#8c7e51>Cold and Electric Ensemble</color>.\nDebuting CharacterBasic Attack and Heavy Attack deal <color=#8c7e51>40% more damage</color> for <color=#8c7e51>12</color> seconds. does not take effect when the Character is not debuting.
lang_multi_text.db	ElementalReaction_31_ReactionName	3.4	Hội thoại/Cốt truyện	Hệ thống/Thuật ngữ			combined heat and power (physics)
lang_multi_text.db	ElementalReaction_32_ReactionDescription	3.4	Hội thoại/Cốt truyện	Hệ thống/Thuật ngữ			Triggers <color=#8c7e51>Thermoelectric Ensemble</color> when Concerto Effect is triggered if both Character's Attribute Types are <color=#e15226>Fusion</color> and <color=#9656d8>Electro</color>, respectively.\nDamage dealt by the debuting CharacterResonance Skill is increased by <color=#8c7e51>40%</color> for <color=#8c7e51>12</color> seconds.The effect does not take effect when the Character is not debuting.
lang_multi_text.db	ElementalReaction_32_ReactionName	3.4	Hội thoại/Cốt truyện	Hệ thống/Thuật ngữ			thermoelectric ensemble
lang_multi_text.db	ElementalReaction_33_ReactionDescription	3.4	Hội thoại/Cốt truyện	Hệ thống/Thuật ngữ			When the Concerto Effect is triggered, if both Characters have the same attribute type of <color=#9656d8>Electro</color>, it triggers the <color=#8c7e51>Electro flurry</color>, which deals <color=#9656d8> Electro</color> damage.
lang_multi_text.db	ElementalReaction_33_ReactionName	3.4	Hội thoại/Cốt truyện	Hệ thống/Thuật ngữ			Electro
lang_multi_text.db	ElementalReaction_41_ReactionDescription	3.4	Hội thoại/Cốt truyện	Hệ thống/Thuật ngữ			Triggers <color=#8c7e51>Air Cold Ensemble</color> if both Character's Attribute Types are <color=#46c3d4>Aero</color> and <color=#1891e7>Glacio</color>, respectively, when triggering Concerto Effect.\nDamage dealt by the boarding CharacterResonance Skill is increased by <color=#8c7e51>40%</color> for <color=#8c7e51>12</color> seconds. does not take effect when the Character is not boarded.
lang_multi_text.db	ElementalReaction_41_ReactionName	3.4	Hội thoại/Cốt truyện	Hệ thống/Thuật ngữ			air-cooled ensemble (music)
lang_multi_text.db	ElementalReaction_42_ReactionDescription	3.4	Hội thoại/Cốt truyện	Hệ thống/Thuật ngữ			When the Concerto Effect is triggered, if both Character's Attribute Types are <color=#46c3d4>Aero</color> and <color=#e15226>Fusion</color> respectively, it triggers the <color=#8c7e51> Aerothermal Ensemble</color>.\nThe damage dealt by the debuting CharacterBasic Attack and Heavy Attack is increased by <color=#8c7e51>40%</color> for <color=#8c7e51>12</color> seconds. does not take effect when the Character is not debuting.
lang_multi_text.db	ElementalReaction_42_ReactionName	3.4	Hội thoại/Cốt truyện	Hệ thống/Thuật ngữ			air-heat ensemble
lang_multi_text.db	ElementalReaction_43_ReactionDescription	3.4	Hội thoại/Cốt truyện	Hệ thống/Thuật ngữ			Triggers <color=#8c7e51>Electro Ensemble</color> when Concerto Effect is triggered if both Character's Attribute Types are <color=#9656d8>Electro</color> and <color=#46c3d4>Aero</color>, respectively.\nDamage dealt by the boarding CharacterResonance Liberation is increased by <color=#8c7e51>40%</color> for <color=#8c7e51>12</color> seconds. does not take effect when the Character is not boarded.
lang_multi_text.db	ElementalReaction_43_ReactionName	3.4	Hội thoại/Cốt truyện	Hệ thống/Thuật ngữ			Electrical Ensemble
lang_multi_text.db	ElementalReaction_44_ReactionDescription	3.4	Hội thoại/Cốt truyện	Hệ thống/Thuật ngữ			When the Concerto Effect is triggered, if both Characters have the same attribute type of <color=#46c3d4>Aero</color>, it triggers the <color=#8c7e51>Aero flurry</color>, which inflicts <color=#46c3d4>Aero</color> on the target Damage.
lang_multi_text.db	ElementalReaction_44_ReactionName	3.4	Hội thoại/Cốt truyện	Hệ thống/Thuật ngữ			Aero.
lang_multi_text.db	ElementalReaction_51_ReactionDescription	3.4	Hội thoại/Cốt truyện	Hệ thống/Thuật ngữ			When the Concerto Effect is triggered, if the attribute types of the two Characters are <color=#1891e7>Glacio</color> and <color=#d4bf5f>Spectro</color> respectively, the <color=#8c7e51>Glacio extension</color>.\nProduces a short, wide-area stasis effect and the debuting Character gains <color=#8c7e51>10</color> points of Resonance Energy.
lang_multi_text.db	ElementalReaction_51_ReactionName	3.4	Hội thoại/Cốt truyện	Hệ thống/Thuật ngữ			Glacio Extension
lang_multi_text.db	ElementalReaction_52_ReactionDescription	3.4	Hội thoại/Cốt truyện	Hệ thống/Thuật ngữ			When the Concerto Effect is triggered, if the attribute types of the two Characters are <color=#e15226>Fusion</color> and <color=#d4bf5f>Spectro</color> respectively, then the <color=#8c7e51>Fusion extension</color>.\nProduces a short, wide-area stasis effect and the debuting Character gains <color=#8c7e51>10</color> points of Resonance Energy.
lang_multi_text.db	ElementalReaction_52_ReactionName	3.4	Hội thoại/Cốt truyện	Hệ thống/Thuật ngữ			Fusion Extension
lang_multi_text.db	ElementalReaction_53_ReactionDescription	3.4	Hội thoại/Cốt truyện	Hệ thống/Thuật ngữ			When the Concerto Effect is triggered, if the attribute types of the two Characters are <color=#9656d8>Electro</color> and <color=#d4bf5f>Spectro</color> respectively, the <color=#8c7e51>Electro extension</color>.\nProduces a short, wide-area stasis effect and the debuting Character gains <color=#8c7e51>10</color> points of Resonance Energy.
lang_multi_text.db	ElementalReaction_53_ReactionName	3.4	Hội thoại/Cốt truyện	Hệ thống/Thuật ngữ			Electro Extension
lang_multi_text.db	ElementalReaction_54_ReactionDescription	3.4	Hội thoại/Cốt truyện	Hệ thống/Thuật ngữ			When the Concerto Effect is triggered, the <color=#8c7e51>Aero Delay</color> is triggered if the two Character's attribute types are <color=#46c3d4>Aero</color> and <color=#d4bf5f>Spectro</color>, respectively.\nProduces a short, wide-area stasis effect and the debuting Character gains <color=#8c7e51>10</color> points of Resonance Energy.
lang_multi_text.db	ElementalReaction_54_ReactionName	3.4	Hội thoại/Cốt truyện	Hệ thống/Thuật ngữ			Aero Extension
lang_multi_text.db	ElementalReaction_55_ReactionDescription	3.4	Hội thoại/Cốt truyện	Hệ thống/Thuật ngữ			When Concerto Effect is triggered, if both Characters have the same attribute type of <color=#d4bf5f>Spectro</color>, it triggers the <color=#8c7e51>Spectro flurry</color>, which deals <color=#d4bf5f> Spectro</color> damage.
lang_multi_text.db	ElementalReaction_55_ReactionName	3.4	Hội thoại/Cốt truyện	Hệ thống/Thuật ngữ			Spectro Unison
lang_multi_text.db	ElementalReaction_61_ReactionDescription	3.4	Hội thoại/Cốt truyện	Hệ thống/Thuật ngữ			When the Concerto Effect is triggered, if the attribute types of the two Resonators are <color=#1891e7>Glacio</color> and <color=#7e1f57>Havoc</color> respectively, then the <color=#8c7e51>Glacio Continuum</color>.\nDamage dealt by the incoming Resonator's Resonance Skill is increased by <color=#8c7e51>20%</color> for <color=#8c7e51>15</color> seconds. The effect does not wear off while the Resonator's switched off, and the damage dealt by Resonance Skill is increased by an additional <color=#8c7e51>20%</color>.
lang_multi_text.db	ElementalReaction_61_ReactionName	3.4	Hội thoại/Cốt truyện	Hệ thống/Thuật ngữ			Glacio continuo
lang_multi_text.db	ElementalReaction_62_ReactionDescription	3.4	Hội thoại/Cốt truyện	Hệ thống/Thuật ngữ			When the Concerto Effect is triggered, if the attribute types of the two Resonators are <color=#e15226>Fusion</color> and <color=#7e1f57>Havoc</color> respectively, then the <color=#8c7e51>Fusion Continuum</color>.\nDamage dealt by the incoming Resonator's Resonance Skill is increased by <color=#8c7e51>20%</color> for <color=#8c7e51>15</color> seconds. The effect does not wear off while in the resonator's swithed, and the damage dealt by Resonance Skill is increased by an additional <color=#8c7e51>20%</color>.
lang_multi_text.db	ElementalReaction_62_ReactionName	3.4	Hội thoại/Cốt truyện	Hệ thống/Thuật ngữ			Fusion Continuous
lang_multi_text.db	ElementalReaction_63_ReactionDescription	3.4	Hội thoại/Cốt truyện	Hệ thống/Thuật ngữ			When the Concerto Effect is triggered, if the attribute types of the two Characters are <color=#9656d8>Electro</color> and <color=#7e1f57>Havoc</color> respectively, then the <color=#8c7e51>Electro continuum</color>.\nDamage dealt by the incoming Resonator's Resonance Skill is increased by <color=#8c7e51>20%</color> for <color=#8c7e51>15</color> seconds. The effect does not wear off while in an unregistered state, and the damage dealt by Resonance Skill is increased by an additional <color=#8c7e51>20%</color>.
lang_multi_text.db	ElementalReaction_63_ReactionName	3.4	Hội thoại/Cốt truyện	Hệ thống/Thuật ngữ			Electro continuo
lang_multi_text.db	ElementalReaction_64_ReactionDescription	3.4	Hội thoại/Cốt truyện	Hệ thống/Thuật ngữ			When the Concerto Effect is triggered, the <color=#8c7e51>Aero Consonance</color> is triggered if both Character's Attribute Types are <color=#46c3d4>Aero</color> and <color=#7e1f57>Havoc</color>, respectively.\nThe damage dealt by the debut CharacterResonance Skill is increased by <color=#8c7e51>20%</color> for <color=#8c7e51>15</color> seconds. The effect does not wear off while in an unregistered state, and the damage dealt by Resonance Skill is increased by an additional <color=#8c7e51>20%</color>.
lang_multi_text.db	ElementalReaction_64_ReactionName	3.4	Hội thoại/Cốt truyện	Hệ thống/Thuật ngữ			Aero Continuous
lang_multi_text.db	ElementalReaction_65_ReactionDescription	3.4	Hội thoại/Cốt truyện	Hệ thống/Thuật ngữ			When the Concerto Effect is triggered, if the attribute types of the two Characters are <color=#d4bf5f>Spectro</color> and <color=#7e1f57>Havoc</color>, it triggers the <color=#8c7e51>Diphase Replay</color>.\nAttribute damage dealt by the entire team is increased by <color=#8c7e51>20%</color> for <color=#8c7e51>12</color> seconds.
lang_multi_text.db	ElementalReaction_65_ReactionName	3.4	Hội thoại/Cốt truyện	Hệ thống/Thuật ngữ			duplex
lang_multi_text.db	ElementalReaction_66_ReactionDescription	3.4	Hội thoại/Cốt truyện	Hệ thống/Thuật ngữ			When the Concerto Effect is triggered, if both Characters have the same attribute type of <color=#7e1f57>Havoc</color>, it triggers <color=#8c7e51>Havoc Flurry</color>, which deals <color=#7e1f57>Havoc</ color> damage.
lang_multi_text.db	ElementalReaction_66_ReactionName	3.4	Hội thoại/Cốt truyện	Hệ thống/Thuật ngữ			Havoc.
lang_multi_text.db	ErrorCode_0_Text	3.4	Hội thoại/Cốt truyện	Hệ thống/Thuật ngữ			Success
lang_multi_text.db	ErrorCode_1000000_Text	3.4	Hội thoại/Cốt truyện	Hệ thống/Thuật ngữ			Buff item configuration does not exist
lang_multi_text.db	ErrorCode_1000001_Text	3.4	Hội thoại/Cốt truyện	Hệ thống/Thuật ngữ			Buff item is not sharing type
lang_multi_text.db	ErrorCode_1000002_Text	3.4	Hội thoại/Cốt truyện	Hệ thống/Thuật ngữ			Buff item character ID is not sharing type
lang_multi_text.db	ErrorCode_1000003_Text	3.4	Hội thoại/Cốt truyện	Hệ thống/Thuật ngữ			Buff item character ID is not in team
lang_multi_text.db	ErrorCode_1000004_Text	3.4	Hội thoại/Cốt truyện	Hệ thống/Thuật ngữ			Insufficient buff item
lang_multi_text.db	ErrorCode_1000005_Text	3.4	Hội thoại/Cốt truyện	Hệ thống/Thuật ngữ			Buff item cannot be repeatedly used while still in cooldown
lang_multi_text.db	ErrorCode_1000006_Text	3.4	Hội thoại/Cốt truyện	Hệ thống/Thuật ngữ			Buff item still in cooldown
lang_multi_text.db	ErrorCode_1000007_Text	3.4	Hội thoại/Cốt truyện	Hệ thống/Thuật ngữ			Buff item usage amount error
lang_multi_text.db	ErrorCode_1000008_Text	3.4	Hội thoại/Cốt truyện	Hệ thống/Thuật ngữ			Buff item cannot find target player
lang_multi_text.db	ErrorCode_1000009_Text	3.4	Hội thoại/Cốt truyện	Hệ thống/Thuật ngữ			Terrain object does not exist
lang_multi_text.db	ErrorCode_100000_Text	3.4	Hội thoại/Cốt truyện	Hệ thống/Thuật ngữ			Registration closed
lang_multi_text.db	ErrorCode_1000010_Text	3.4	Hội thoại/Cốt truyện	Hệ thống/Thuật ngữ			Incorrect terrain object type
lang_multi_text.db	ErrorCode_1000011_Text	3.4	Hội thoại/Cốt truyện	Hệ thống/Thuật ngữ			Incorrect terrain object operation type
lang_multi_text.db	ErrorCode_1000012_Text	3.4	Hội thoại/Cốt truyện	Hệ thống/Thuật ngữ			Terrain object status error
lang_multi_text.db	ErrorCode_1000013_Text	3.4	Hội thoại/Cốt truyện	Hệ thống/Thuật ngữ			Entity status change entity not found
lang_multi_text.db	ErrorCode_1000014_Text	3.4	Hội thoại/Cốt truyện	Hệ thống/Thuật ngữ			Missing tag component for status change entity
lang_multi_text.db	ErrorCode_1000015_Text	3.4	Hội thoại/Cốt truyện	Hệ thống/Thuật ngữ			Status change entity Type does not exist
lang_multi_text.db	ErrorCode_1000016_Text	3.4	Hội thoại/Cốt truyện	Hệ thống/Thuật ngữ			Status change entity State does not exist
lang_multi_text.db	ErrorCode_1000017_Text	3.4	Hội thoại/Cốt truyện	Hệ thống/Thuật ngữ			Missing configuration for status change entity
lang_multi_text.db	ErrorCode_1000018_Text	3.4	Hội thoại/Cốt truyện	Hệ thống/Thuật ngữ			Status change mismatch
lang_multi_text.db	ErrorCode_1000019_Text	3.4	Hội thoại/Cốt truyện	Hệ thống/Thuật ngữ			Matching old and new status changes
lang_multi_text.db	ErrorCode_100001_Text	3.4	Hội thoại/Cốt truyện	Hệ thống/Thuật ngữ			Registration full
lang_multi_text.db	ErrorCode_1000020_Text	3.4	Hội thoại/Cốt truyện	Hệ thống/Thuật ngữ			Status cannot be changed while silent
lang_multi_text.db	ErrorCode_1000021_Text	3.4	Hội thoại/Cốt truyện	Hệ thống/Thuật ngữ			Completed status cannot be changed
lang_multi_text.db	ErrorCode_1000022_Text	3.4	Hội thoại/Cốt truyện	Hệ thống/Thuật ngữ			Status cannot be changed while locked
lang_multi_text.db	ErrorCode_1000023_Text	3.4	Hội thoại/Cốt truyện	Hệ thống/Thuật ngữ			Entity not in initial status
lang_multi_text.db	ErrorCode_1000024_Text	3.4	Hội thoại/Cốt truyện	Hệ thống/Thuật ngữ			Entity status does not exist
lang_multi_text.db	ErrorCode_1000025_Text	3.4	Hội thoại/Cốt truyện	Hệ thống/Thuật ngữ			Cannot change while in spawn state
lang_multi_text.db	ErrorCode_1000026_Text	3.4	Hội thoại/Cốt truyện	Hệ thống/Thuật ngữ			Conditions not met to change status
lang_multi_text.db	ErrorCode_1000027_Text	3.4	Hội thoại/Cốt truyện	Hệ thống/Thuật ngữ			Missing console player for status change
lang_multi_text.db	ErrorCode_1000028_Text	3.4	Hội thoại/Cốt truyện	Hệ thống/Thuật ngữ			Entity self status change error
lang_multi_text.db	ErrorCode_1000029_Text	3.4	Hội thoại/Cốt truyện	Hệ thống/Thuật ngữ			Levitation base entity does not exist
lang_multi_text.db	ErrorCode_100002_Text	3.4	Hội thoại/Cốt truyện	Hệ thống/Thuật ngữ			Create a player profile first
lang_multi_text.db	ErrorCode_1000030_Text	3.4	Hội thoại/Cốt truyện	Hệ thống/Thuật ngữ			Levitation target does not exist
lang_multi_text.db	ErrorCode_1000031_Text	3.4	Hội thoại/Cốt truyện	Hệ thống/Thuật ngữ			Missing Levitation base entity Foundation component
lang_multi_text.db	ErrorCode_1000032_Text	3.4	Hội thoại/Cốt truyện	Hệ thống/Thuật ngữ			Levitation base activated
lang_multi_text.db	ErrorCode_1000033_Text	3.4	Hội thoại/Cốt truyện	Hệ thống/Thuật ngữ			Levitation base inactive
lang_multi_text.db	ErrorCode_1000034_Text	3.4	Hội thoại/Cốt truyện	Hệ thống/Thuật ngữ			Levitation target tag mismatch
lang_multi_text.db	ErrorCode_1000035_Text	3.4	Hội thoại/Cốt truyện	Hệ thống/Thuật ngữ			Levitation target not within range
lang_multi_text.db	ErrorCode_1000036_Text	3.4	Hội thoại/Cốt truyện	Hệ thống/Thuật ngữ			Levitation target status tag mismatch
lang_multi_text.db	ErrorCode_1000037_Text	3.4	Hội thoại/Cốt truyện	Hệ thống/Thuật ngữ			Gravity puzzle does not exist
lang_multi_text.db	ErrorCode_1000038_Text	3.4	Hội thoại/Cốt truyện	Hệ thống/Thuật ngữ			Missing gravity puzzle components
lang_multi_text.db	ErrorCode_1000039_Text	3.4	Hội thoại/Cốt truyện	Hệ thống/Thuật ngữ			Restricted gravity puzzle reset
lang_multi_text.db	ErrorCode_100003_Text	3.4	Hội thoại/Cốt truyện	Hệ thống/Thuật ngữ			Illegal player name
lang_multi_text.db	ErrorCode_1000040_Text	3.4	Hội thoại/Cốt truyện	Hệ thống/Thuật ngữ			Mutterfly entity does not exist
lang_multi_text.db	ErrorCode_1000041_Text	3.4	Hội thoại/Cốt truyện	Hệ thống/Thuật ngữ			Missing Mutterfly entity tracking component
lang_multi_text.db	ErrorCode_1000042_Text	3.4	Hội thoại/Cốt truyện	Hệ thống/Thuật ngữ			Missing Mutterfly base ID
lang_multi_text.db	ErrorCode_1000043_Text	3.4	Hội thoại/Cốt truyện	Hệ thống/Thuật ngữ			Missing Mutterfly base
lang_multi_text.db	ErrorCode_1000044_Text	3.4	Hội thoại/Cốt truyện	Hệ thống/Thuật ngữ			Mutterfly base activated
lang_multi_text.db	ErrorCode_1000045_Text	3.4	Hội thoại/Cốt truyện	Hệ thống/Thuật ngữ			Tossing player does not exist
lang_multi_text.db	ErrorCode_1000046_Text	3.4	Hội thoại/Cốt truyện	Hệ thống/Thuật ngữ			Small animal destroyed entity does not exist
lang_multi_text.db	ErrorCode_1000047_Text	3.4	Hội thoại/Cốt truyện	Hệ thống/Thuật ngữ			Not a small animal entity
lang_multi_text.db	ErrorCode_1000048_Text	3.4	Hội thoại/Cốt truyện	Hệ thống/Thuật ngữ			Stealth behavior tree does not exist
lang_multi_text.db	ErrorCode_1000049_Text	3.4	Hội thoại/Cốt truyện	Hệ thống/Thuật ngữ			Stealth behavior tree nodes do not exist
lang_multi_text.db	ErrorCode_100004_Text	3.4	Hội thoại/Cốt truyện	Hệ thống/Thuật ngữ			Failed to create player profile
lang_multi_text.db	ErrorCode_1000050_Text	3.4	Hội thoại/Cốt truyện	Hệ thống/Thuật ngữ			Stealth node is not a failure node
lang_multi_text.db	ErrorCode_1000051_Text	3.4	Hội thoại/Cốt truyện	Hệ thống/Thuật ngữ			Missing stealth time configuration
lang_multi_text.db	ErrorCode_1000052_Text	3.4	Hội thoại/Cốt truyện	Hệ thống/Thuật ngữ			Stealth configuration error
lang_multi_text.db	ErrorCode_1000053_Text	3.4	Hội thoại/Cốt truyện	Hệ thống/Thuật ngữ			Already in stealth mode
lang_multi_text.db	ErrorCode_1000054_Text	3.4	Hội thoại/Cốt truyện	Hệ thống/Thuật ngữ			Not in stealth mode
lang_multi_text.db	ErrorCode_1000055_Text	3.4	Hội thoại/Cốt truyện	Hệ thống/Thuật ngữ			Levitation target entity does not exist
lang_multi_text.db	ErrorCode_1000056_Text	3.4	Hội thoại/Cốt truyện	Hệ thống/Thuật ngữ			Not a levitation target
lang_multi_text.db	ErrorCode_1000057_Text	3.4	Hội thoại/Cốt truyện	Hệ thống/Thuật ngữ			Control entity already has controller
lang_multi_text.db	ErrorCode_1000058_Text	3.4	Hội thoại/Cốt truyện	Hệ thống/Thuật ngữ			Cancellation control entity does not have controller
lang_multi_text.db	ErrorCode_1000059_Text	3.4	Hội thoại/Cốt truyện	Hệ thống/Thuật ngữ			An error occurred. For inquiries please contact customer support.
lang_multi_text.db	ErrorCode_100005_Text	3.4	Hội thoại/Cốt truyện	Hệ thống/Thuật ngữ			Failed to create player profile
lang_multi_text.db	ErrorCode_1000060_Text	3.4	Hội thoại/Cốt truyện	Hệ thống/Thuật ngữ			An error occurred. For inquiries please contact customer support.
lang_multi_text.db	ErrorCode_1000061_Text	3.4	Hội thoại/Cốt truyện	Hệ thống/Thuật ngữ			An error occurred. For inquiries please contact customer support.
lang_multi_text.db	ErrorCode_1000062_Text	3.4	Hội thoại/Cốt truyện	Hệ thống/Thuật ngữ			An error occurred. For inquiries please contact customer support.
lang_multi_text.db	ErrorCode_1000063_Text	3.4	Hội thoại/Cốt truyện	Hệ thống/Thuật ngữ			An error occurred. For inquiries please contact customer support.
lang_multi_text.db	ErrorCode_1000064_Text	3.4	Hội thoại/Cốt truyện	Hệ thống/Thuật ngữ			An error occurred. For inquiries please contact customer support.
lang_multi_text.db	ErrorCode_1000065_Text	3.4	Hội thoại/Cốt truyện	Hệ thống/Thuật ngữ			Please contact customer support for help.
lang_multi_text.db	ErrorCode_1000066_Text	3.4	Hội thoại/Cốt truyện	Hệ thống/Thuật ngữ			Please contact customer support for help.
lang_multi_text.db	ErrorCode_1000067_Text	3.4	Hội thoại/Cốt truyện	Hệ thống/Thuật ngữ			Please contact customer support for help.
lang_multi_text.db	ErrorCode_1000068_Text	3.4	Hội thoại/Cốt truyện	Hệ thống/Thuật ngữ			Please contact customer support for help.
lang_multi_text.db	ErrorCode_1000069_Text	3.4	Hội thoại/Cốt truyện	Hệ thống/Thuật ngữ			Current behavior tree not in stealth mode
lang_multi_text.db	ErrorCode_100006_Text	3.4	Hội thoại/Cốt truyện	Hệ thống/Thuật ngữ			Logged in
lang_multi_text.db	ErrorCode_1000070_Text	3.4	Hội thoại/Cốt truyện	Hệ thống/Thuật ngữ			Movement condition not met
lang_multi_text.db	ErrorCode_1000071_Text	3.4	Hội thoại/Cốt truyện	Hệ thống/Thuật ngữ			Missing Levitation configuration
lang_multi_text.db	ErrorCode_1000072_Text	3.4	Hội thoại/Cốt truyện	Hệ thống/Thuật ngữ			Levitation target already discarded
lang_multi_text.db	ErrorCode_1000073_Text	3.4	Hội thoại/Cốt truyện	Hệ thống/Thuật ngữ			Missing dismantle time for Levitation target
lang_multi_text.db	ErrorCode_1000074_Text	3.4	Hội thoại/Cốt truyện	Hệ thống/Thuật ngữ			Anomaly exists, if you have any questions, please contact the official customer service
lang_multi_text.db	ErrorCode_1000075_Text	3.4	Hội thoại/Cốt truyện	Hệ thống/Thuật ngữ			Anomaly exists, if you have any questions, please contact the official customer service
lang_multi_text.db	ErrorCode_1000076_Text	3.4	Hội thoại/Cốt truyện	Hệ thống/Thuật ngữ			Anomaly exists, if you have any questions, please contact the official customer service
lang_multi_text.db	ErrorCode_100007_Text	3.4	Hội thoại/Cốt truyện	Hệ thống/Thuật ngữ			Logging in
lang_multi_text.db	ErrorCode_100008_Text	3.4	Hội thoại/Cốt truyện	Hệ thống/Thuật ngữ			You are disconnected and reconnecting to the game. Please try again later.
lang_multi_text.db	ErrorCode_100009_Text	3.4	Hội thoại/Cốt truyện	Hệ thống/Thuật ngữ			Re-login
lang_multi_text.db	ErrorCode_100010_Text	3.4	Hội thoại/Cốt truyện	Hệ thống/Thuật ngữ			Failed to request user data
lang_multi_text.db	ErrorCode_100011_Text	3.4	Hội thoại/Cốt truyện	Hệ thống/Thuật ngữ			Failed to verify user data
lang_multi_text.db	ErrorCode_100012_Text	3.4	Hội thoại/Cốt truyện	Hệ thống/Thuật ngữ			Failed to verify user data. Please use a new account or contact server maintenance team.
lang_multi_text.db	ErrorCode_100013_Text	3.4	Hội thoại/Cốt truyện	Hệ thống/Thuật ngữ			Login error. Please try again later or contact Customer Service.
lang_multi_text.db	ErrorCode_100014_Text	3.4	Hội thoại/Cốt truyện	Hệ thống/Thuật ngữ			Account logged in elsewhere
lang_multi_text.db	ErrorCode_100015_Text	3.4	Hội thoại/Cốt truyện	Hệ thống/Thuật ngữ			Your account is banned for misconduct. For queries please contact official Customer Service.
lang_multi_text.db	ErrorCode_100016_Text	3.4	Hội thoại/Cốt truyện	Hệ thống/Thuật ngữ			Server overload. Please try to log in 15 minutes later.
lang_multi_text.db	ErrorCode_100017_Text	3.4	Hội thoại/Cốt truyện	Hệ thống/Thuật ngữ			Disconnected from the server. Please try again or contact our Customer Service for assistance.
lang_multi_text.db	ErrorCode_100018_Text	3.4	Hội thoại/Cốt truyện	Hệ thống/Thuật ngữ			Version number unmatched.
lang_multi_text.db	ErrorCode_100019_Text	3.4	Hội thoại/Cốt truyện	Hệ thống/Thuật ngữ			Launcher outdated. Please restart to update the game.
lang_multi_text.db	ErrorCode_100020_Text	3.4	Hội thoại/Cốt truyện	Hệ thống/Thuật ngữ			Asset outdated. Please restart to update the game.
lang_multi_text.db	ErrorCode_100021_Text	3.4	Hội thoại/Cốt truyện	Hệ thống/Thuật ngữ			Disconnected from the server. Please try again later.
lang_multi_text.db	ErrorCode_100022_Text	3.4	Hội thoại/Cốt truyện	Hệ thống/Thuật ngữ			Failed to get the login status, please try again later.
lang_multi_text.db	ErrorCode_100023_Text	3.4	Hội thoại/Cốt truyện	Hệ thống/Thuật ngữ			Logging out and saving data, please try again later.
lang_multi_text.db	ErrorCode_100024_Text	3.4	Hội thoại/Cốt truyện	Hệ thống/Thuật ngữ			Network error. Please try again later.
lang_multi_text.db	ErrorCode_100025_Text	3.4	Hội thoại/Cốt truyện	Hệ thống/Thuật ngữ			Login timeout. Please try again later.
lang_multi_text.db	ErrorCode_1051001_Text	3.4	Hội thoại/Cốt truyện	Hệ thống/Thuật ngữ			Bountiful Waves currently unavailable
lang_multi_text.db	ErrorCode_1051002_Text	3.4	Hội thoại/Cốt truyện	Hệ thống/Thuật ngữ			Bountiful Waves task error. Please try again
lang_multi_text.db	ErrorCode_1051003_Text	3.4	Hội thoại/Cốt truyện	Hệ thống/Thuật ngữ			Bountiful Waves task not completed
lang_multi_text.db	ErrorCode_1051004_Text	3.4	Hội thoại/Cốt truyện	Hệ thống/Thuật ngữ			Bountiful Waves task rewards already claimed
lang_multi_text.db	ErrorCode_1051005_Text	3.4	Hội thoại/Cốt truyện	Hệ thống/Thuật ngữ			Bountiful Waves event error. Please try again
lang_multi_text.db	ErrorCode_10_Text	3.4	Hội thoại/Cốt truyện	Hệ thống/Thuật ngữ			Wrong GM parameter
lang_multi_text.db	ErrorCode_1100000_Text	3.4	Hội thoại/Cốt truyện	Hệ thống/Thuật ngữ			Missing guide information. Guide group: {0}
lang_multi_text.db	ErrorCode_1100001_Text	3.4	Hội thoại/Cốt truyện	Hệ thống/Thuật ngữ			Guide status error. Guide group: {0}. Status: {1}
lang_multi_text.db	ErrorCode_1100002_Text	3.4	Hội thoại/Cốt truyện	Hệ thống/Thuật ngữ			Guide configuration not found. Guide ID: {0}
lang_multi_text.db	ErrorCode_1100003_Text	3.4	Hội thoại/Cốt truyện	Hệ thống/Thuật ngữ			Guide completion requirements not met. Guide ID: {0}. Condition ID: {1}
lang_multi_text.db	ErrorCode_1100004_Text	3.4	Hội thoại/Cốt truyện	Hệ thống/Thuật ngữ			Guide completed. Guide group: {0}
lang_multi_text.db	ErrorCode_1100005_Text	3.4	Hội thoại/Cốt truyện	Hệ thống/Thuật ngữ			Guide prerequisite incomplete. Current guide ID: {0}. Guide prerequisite ID: {1}
lang_multi_text.db	ErrorCode_1100006_Text	3.4	Hội thoại/Cốt truyện	Hệ thống/Thuật ngữ			Missing guide completion requirement. Guide ID: {0}
lang_multi_text.db	ErrorCode_1100007_Text	3.4	Hội thoại/Cốt truyện	Hệ thống/Thuật ngữ			No running navigation group
lang_multi_text.db	ErrorCode_1100008_Text	3.4	Hội thoại/Cốt truyện	Hệ thống/Thuật ngữ			Cannot complete guide procedure of server monitoring
lang_multi_text.db	ErrorCode_1100009_Text	3.4	Hội thoại/Cốt truyện	Hệ thống/Thuật ngữ			Current activation guide not in pending list
lang_multi_text.db	ErrorCode_1100010_Text	3.4	Hội thoại/Cốt truyện	Hệ thống/Thuật ngữ			Repeated activation for guide step
lang_multi_text.db	ErrorCode_1100011_Text	3.4	Hội thoại/Cốt truyện	Hệ thống/Thuật ngữ			Not a front end controlled guide group
lang_multi_text.db	ErrorCode_1100012_Text	3.4	Hội thoại/Cốt truyện	Hệ thống/Thuật ngữ			Guide group currently running, cannot be added to pending list
lang_multi_text.db	ErrorCode_1100013_Text	3.4	Hội thoại/Cốt truyện	Hệ thống/Thuật ngữ			Guide group cannot be activated repeatedly
lang_multi_text.db	ErrorCode_1100014_Text	3.4	Hội thoại/Cốt truyện	Hệ thống/Thuật ngữ			Tutorial configuration does not exist
lang_multi_text.db	ErrorCode_1100015_Text	3.4	Hội thoại/Cốt truyện	Hệ thống/Thuật ngữ			Tutorial unlocked
lang_multi_text.db	ErrorCode_1100016_Text	3.4	Hội thoại/Cốt truyện	Hệ thống/Thuật ngữ			Tutorial locked
lang_multi_text.db	ErrorCode_1100017_Text	3.4	Hội thoại/Cốt truyện	Hệ thống/Thuật ngữ			Already claimed tutorial rewards
lang_multi_text.db	ErrorCode_1100018_Text	3.4	Hội thoại/Cốt truyện	Hệ thống/Thuật ngữ			Tutorial reward drop configuration does not exist
lang_multi_text.db	ErrorCode_1100019_Text	3.4	Hội thoại/Cốt truyện	Hệ thống/Thuật ngữ			Tutorial reward drop deliver error
lang_multi_text.db	ErrorCode_1100020_Text	3.4	Hội thoại/Cốt truyện	Hệ thống/Thuật ngữ			Current guide group ID mismatch
lang_multi_text.db	ErrorCode_1100021_Text	3.4	Hội thoại/Cốt truyện	Hệ thống/Thuật ngữ			Requested index type does not exist
lang_multi_text.db	ErrorCode_1100022_Text	3.4	Hội thoại/Cốt truyện	Hệ thống/Thuật ngữ			Index entry locked
lang_multi_text.db	ErrorCode_1100023_Text	3.4	Hội thoại/Cốt truyện	Hệ thống/Thuật ngữ			Current type of entry cannot be unlocked
lang_multi_text.db	ErrorCode_1100024_Text	3.4	Hội thoại/Cốt truyện	Hệ thống/Thuật ngữ			Requested amount exceeds max index quantity
lang_multi_text.db	ErrorCode_1100025_Text	3.4	Hội thoại/Cốt truyện	Hệ thống/Thuật ngữ			Achievement entry not activated, if you have any questions, please contact the official customer service
lang_multi_text.db	ErrorCode_1100026_Text	3.4	Hội thoại/Cốt truyện	Hệ thống/Thuật ngữ			Achievement entry not completed, if you have any questions, please contact the official customer service
lang_multi_text.db	ErrorCode_1100027_Text	3.4	Hội thoại/Cốt truyện	Hệ thống/Thuật ngữ			Achievement entry has been claimed, if you have any questions, please contact the official customer service
lang_multi_text.db	ErrorCode_1100028_Text	3.4	Hội thoại/Cốt truyện	Hệ thống/Thuật ngữ			Achievement entry does not exist, if you have any questions, please contact the official customer service
lang_multi_text.db	ErrorCode_1100029_Text	3.4	Hội thoại/Cốt truyện	Hệ thống/Thuật ngữ			Achievement entry not open, if you have any questions, please contact the official customer service
lang_multi_text.db	ErrorCode_1100030_Text	3.4	Hội thoại/Cốt truyện	Hệ thống/Thuật ngữ			Achievement group entry not activated, if you have any questions, please contact the official customer service
lang_multi_text.db	ErrorCode_1100031_Text	3.4	Hội thoại/Cốt truyện	Hệ thống/Thuật ngữ			Achievement group entry not completed, if you have any questions, please contact the official customer service
lang_multi_text.db	ErrorCode_1100032_Text	3.4	Hội thoại/Cốt truyện	Hệ thống/Thuật ngữ			Achievement group entry has been claimed, if you have any questions, please contact the official customer service
lang_multi_text.db	ErrorCode_1100033_Text	3.4	Hội thoại/Cốt truyện	Hệ thống/Thuật ngữ			Achievement group entry does not exist, if you have any questions, please contact the official customer service
lang_multi_text.db	ErrorCode_1100034_Text	3.4	Hội thoại/Cốt truyện	Hệ thống/Thuật ngữ			Achievement group entry not open, if you have any questions, please contact the official customer service
lang_multi_text.db	ErrorCode_1100035_Text	3.4	Hội thoại/Cốt truyện	Hệ thống/Thuật ngữ			Tacet Field configuration is abnormal, if you have any questions, please contact the official customer service
lang_multi_text.db	ErrorCode_1100036_Text	3.4	Hội thoại/Cốt truyện	Hệ thống/Thuật ngữ			Tacet Field not unlocked, unable to claim the first pass reward, if you have any questions, please contact the official customer service
lang_multi_text.db	ErrorCode_1100037_Text	3.4	Hội thoại/Cốt truyện	Hệ thống/Thuật ngữ			Related Tacet Field not completed, unable to claim the first pass reward, if you have any questions, please contact the official customer service
lang_multi_text.db	ErrorCode_1100038_Text	3.4	Hội thoại/Cốt truyện	Hệ thống/Thuật ngữ			First pass reward has been claimed, unable to claim again, if you have any questions, please contact the official customer service
lang_multi_text.db	ErrorCode_1100039_Text	3.4	Hội thoại/Cốt truyện	Hệ thống/Thuật ngữ			Achievement entry has been completed
lang_multi_text.db	ErrorCode_1100040_Text	3.4	Hội thoại/Cốt truyện	Hệ thống/Thuật ngữ			Achievement entry requires conditions to be completed
lang_multi_text.db	ErrorCode_1100041_Text	3.4	Hội thoại/Cốt truyện	Hệ thống/Thuật ngữ			Anomaly exists, if you have any questions, please contact the official customer service
lang_multi_text.db	ErrorCode_1100042_Text	3.4	Hội thoại/Cốt truyện	Hệ thống/Thuật ngữ			Anomaly exists, if you have any questions, please contact the official customer service
lang_multi_text.db	ErrorCode_1100043_Text	3.4	Hội thoại/Cốt truyện	Hệ thống/Thuật ngữ			Anomaly exists, if you have any questions, please contact the official customer service
lang_multi_text.db	ErrorCode_1100044_Text	3.4	Hội thoại/Cốt truyện	Hệ thống/Thuật ngữ			The display list of the Resonator Showcase has exceeded the maximum value
lang_multi_text.db	ErrorCode_1100045_Text	3.4	Hội thoại/Cốt truyện	Hệ thống/Thuật ngữ			The display list of the Resonator Showcase is abnormal, if you have any questions, please contact the official customer service
lang_multi_text.db	ErrorCode_1100046_Text	3.4	Hội thoại/Cốt truyện	Hệ thống/Thuật ngữ			The display list of theResonator Showcase is abnormal, if you have any questions, please contact the official customer service
lang_multi_text.db	ErrorCode_1100047_Text	3.4	Hội thoại/Cốt truyện	Hệ thống/Thuật ngữ			The display list of the Sigil is abnormal, if you have any questions, please contact the official customer service
lang_multi_text.db	ErrorCode_1100048_Text	3.4	Hội thoại/Cốt truyện	Hệ thống/Thuật ngữ			The display list of the Sigil is abnormal, if you have any questions, please contact the official customer service
lang_multi_text.db	ErrorCode_1100049_Text	3.4	Hội thoại/Cốt truyện	Hệ thống/Thuật ngữ			The display list of the Sigil is abnormal, if you have any questions, please contact the official customer service
lang_multi_text.db	ErrorCode_1100050_Text	3.4	Hội thoại/Cốt truyện	Hệ thống/Thuật ngữ			The display list of the Sigil is abnormal, if you have any questions, please contact the official customer service
lang_multi_text.db	ErrorCode_1100051_Text	3.4	Hội thoại/Cốt truyện	Hệ thống/Thuật ngữ			The display list of the Sigil is abnormal, if you have any questions, please contact the official customer service
lang_multi_text.db	ErrorCode_1100052_Text	3.4	Hội thoại/Cốt truyện	Hệ thống/Thuật ngữ			The display list of the Sigil is abnormal, if you have any questions, please contact the official customer service
lang_multi_text.db	ErrorCode_1100053_Text	3.4	Hội thoại/Cốt truyện	Hệ thống/Thuật ngữ			The display list of the Resonator Showcase cannot be empty
lang_multi_text.db	ErrorCode_1100054_Text	3.4	Hội thoại/Cốt truyện	Hệ thống/Thuật ngữ			There is an abnormality, if you have any questions, please contact the official customer service
lang_multi_text.db	ErrorCode_1100055_Text	3.4	Hội thoại/Cốt truyện	Hệ thống/Thuật ngữ			The configuration of the Somnoire route table is abnormal, if you have any questions, please contact the official customer service
lang_multi_text.db	ErrorCode_1100056_Text	3.4	Hội thoại/Cốt truyện	Hệ thống/Thuật ngữ			There is an unknown abnormality in Somnoire, if you have any questions, please contact the official customer service
lang_multi_text.db	ErrorCode_1100057_Text	3.4	Hội thoại/Cốt truyện	Hệ thống/Thuật ngữ			There is an unknown abnormality in Somnoire, if you have any questions, please contact the official customer service
lang_multi_text.db	ErrorCode_1100058_Text	3.4	Hội thoại/Cốt truyện	Hệ thống/Thuật ngữ			There is an unknown abnormality in Somnoire, if you have any questions, please contact the official customer service
lang_multi_text.db	ErrorCode_1100059_Text	3.4	Hội thoại/Cốt truyện	Hệ thống/Thuật ngữ			There is an unknown abnormality in Somnoire, if you have any questions, please contact the official customer service
lang_multi_text.db	ErrorCode_1100060_Text	3.4	Hội thoại/Cốt truyện	Hệ thống/Thuật ngữ			There is an unknown abnormality in Somnoire, if you have any questions, please contact the official customer service
lang_multi_text.db	ErrorCode_1100061_Text	3.4	Hội thoại/Cốt truyện	Hệ thống/Thuật ngữ			Network connection timeout, please try again
lang_multi_text.db	ErrorCode_1100062_Text	3.4	Hội thoại/Cốt truyện	Hệ thống/Thuật ngữ			Network connection timeout, please try again
lang_multi_text.db	ErrorCode_1100063_Text	3.4	Hội thoại/Cốt truyện	Hệ thống/Thuật ngữ			Network connection timeout, please try again
lang_multi_text.db	ErrorCode_1100064_Text	3.4	Hội thoại/Cốt truyện	Hệ thống/Thuật ngữ			Network connection timeout, please try again
lang_multi_text.db	ErrorCode_1100065_Text	3.4	Hội thoại/Cốt truyện	Hệ thống/Thuật ngữ			Network connection timeout, please try again
lang_multi_text.db	ErrorCode_1100066_Text	3.4	Hội thoại/Cốt truyện	Hệ thống/Thuật ngữ			Network connection timeout, please try again
lang_multi_text.db	ErrorCode_1100067_Text	3.4	Hội thoại/Cốt truyện	Hệ thống/Thuật ngữ			Network connection timeout, please try again
lang_multi_text.db	ErrorCode_1100068_Text	3.4	Hội thoại/Cốt truyện	Hệ thống/Thuật ngữ			Network connection timeout, please try again
lang_multi_text.db	ErrorCode_1100069_Text	3.4	Hội thoại/Cốt truyện	Hệ thống/Thuật ngữ			Achievement system is not activated
lang_multi_text.db	ErrorCode_1100070_Text	3.4	Hội thoại/Cốt truyện	Hệ thống/Thuật ngữ			You have completed the Theater. Cannot perform movement input futher.
lang_multi_text.db	ErrorCode_1100071_Text	3.4	Hội thoại/Cốt truyện	Hệ thống/Thuật ngữ			There is an unknown abnormality in Somnoire, if you have any questions, please contact the official customer service
lang_multi_text.db	ErrorCode_1100072_Text	3.4	Hội thoại/Cốt truyện	Hệ thống/Thuật ngữ			There is an unknown abnormality in Somnoire, if you have any questions, please contact the official customer service
lang_multi_text.db	ErrorCode_1100073_Text	3.4	Hội thoại/Cốt truyện	Hệ thống/Thuật ngữ			There is an unknown abnormality in Somnoire, if you have any questions, please contact the official customer service
lang_multi_text.db	ErrorCode_1100074_Text	3.4	Hội thoại/Cốt truyện	Hệ thống/Thuật ngữ			There is an unknown abnormality in Somnoire, if you have any questions, please contact the official customer service
lang_multi_text.db	ErrorCode_1100075_Text	3.4	Hội thoại/Cốt truyện	Hệ thống/Thuật ngữ			There is an unknown abnormality in Somnoire, if you have any questions, please contact the official customer service
lang_multi_text.db	ErrorCode_1100076_Text	3.4	Hội thoại/Cốt truyện	Hệ thống/Thuật ngữ			There is an unknown abnormality in Somnoire, if you have any questions, please contact the official customer service
lang_multi_text.db	ErrorCode_1100077_Text	3.4	Hội thoại/Cốt truyện	Hệ thống/Thuật ngữ			There is an unknown abnormality in Somnoire, if you have any questions, please contact the official customer service
lang_multi_text.db	ErrorCode_1100078_Text	3.4	Hội thoại/Cốt truyện	Hệ thống/Thuật ngữ			There is an unknown abnormality in Somnoire, if you have any questions, please contact the official customer service
lang_multi_text.db	ErrorCode_1100079_Text	3.4	Hội thoại/Cốt truyện	Hệ thống/Thuật ngữ			There is an unknown abnormality in Somnoire, if you have any questions, please contact the official customer service
lang_multi_text.db	ErrorCode_1100080_Text	3.4	Hội thoại/Cốt truyện	Hệ thống/Thuật ngữ			There is an unknown abnormality in Somnoire, if you have any questions, please contact the official customer service
lang_multi_text.db	ErrorCode_1100081_Text	3.4	Hội thoại/Cốt truyện	Hệ thống/Thuật ngữ			There is an unknown abnormality in Somnoire, if you have any questions, please contact the official customer service
lang_multi_text.db	ErrorCode_1100082_Text	3.4	Hội thoại/Cốt truyện	Hệ thống/Thuật ngữ			There is an unknown abnormality in Somnoire, if you have any questions, please contact the official customer service
lang_multi_text.db	ErrorCode_1100083_Text	3.4	Hội thoại/Cốt truyện	Hệ thống/Thuật ngữ			There is an unknown abnormality in Somnoire, if you have any questions, please contact the official customer service
lang_multi_text.db	ErrorCode_1100084_Text	3.4	Hội thoại/Cốt truyện	Hệ thống/Thuật ngữ			There is an unknown abnormality in Somnoire, if you have any questions, please contact the official customer service
lang_multi_text.db	ErrorCode_1100085_Text	3.4	Hội thoại/Cốt truyện	Hệ thống/Thuật ngữ			No other Metaphors are currently available in this Memory Zone
lang_multi_text.db	ErrorCode_1100086_Text	3.4	Hội thoại/Cốt truyện	Hệ thống/Thuật ngữ			There is an unknown abnormality in Somnoire, if you have any questions, please contact the official customer service
lang_multi_text.db	ErrorCode_1100087_Text	3.4	Hội thoại/Cốt truyện	Hệ thống/Thuật ngữ			There is an unknown abnormality in Somnoire, if you have any questions, please contact the official customer service
lang_multi_text.db	ErrorCode_1100088_Text	3.4	Hội thoại/Cốt truyện	Hệ thống/Thuật ngữ			There is an unknown abnormality in Somnoire, if you have any questions, please contact the official customer service
lang_multi_text.db	ErrorCode_1100089_Text	3.4	Hội thoại/Cốt truyện	Hệ thống/Thuật ngữ			There is an unknown abnormality in Somnoire, if you have any questions, please contact the official customer service
lang_multi_text.db	ErrorCode_1100090_Text	3.4	Hội thoại/Cốt truyện	Hệ thống/Thuật ngữ			There is an unknown abnormality in Somnoire, if you have any questions, please contact the official customer service
lang_multi_text.db	ErrorCode_1100091_Text	3.4	Hội thoại/Cốt truyện	Hệ thống/Thuật ngữ			There is an unknown abnormality in Somnoire, if you have any questions, please contact the official customer service
lang_multi_text.db	ErrorCode_1100092_Text	3.4	Hội thoại/Cốt truyện	Hệ thống/Thuật ngữ			There is an unknown abnormality in Somnoire, if you have any questions, please contact the official customer service
lang_multi_text.db	ErrorCode_1100093_Text	3.4	Hội thoại/Cốt truyện	Hệ thống/Thuật ngữ			There is an unknown abnormality in Somnoire, if you have any questions, please contact the official customer service
lang_multi_text.db	ErrorCode_1100094_Text	3.4	Hội thoại/Cốt truyện	Hệ thống/Thuật ngữ			There is an unknown abnormality in Somnoire, if you have any questions, please contact the official customer service
lang_multi_text.db	ErrorCode_1100095_Text	3.4	Hội thoại/Cốt truyện	Hệ thống/Thuật ngữ			There is an unknown abnormality in Somnoire, if you have any questions, please contact the official customer service
lang_multi_text.db	ErrorCode_1100096_Text	3.4	Hội thoại/Cốt truyện	Hệ thống/Thuật ngữ			There is an unknown abnormality in Somnoire, if you have any questions, please contact the official customer service
lang_multi_text.db	ErrorCode_1100097_Text	3.4	Hội thoại/Cốt truyện	Hệ thống/Thuật ngữ			There is an unknown abnormality in Somnoire, if you have any questions, please contact the official customer service
lang_multi_text.db	ErrorCode_1100098_Text	3.4	Hội thoại/Cốt truyện	Hệ thống/Thuật ngữ			There is an unknown abnormality in Somnoire, if you have any questions, please contact the official customer service
lang_multi_text.db	ErrorCode_1100099_Text	3.4	Hội thoại/Cốt truyện	Hệ thống/Thuật ngữ			There is an unknown abnormality in Somnoire, if you have any questions, please contact the official customer service
lang_multi_text.db	ErrorCode_1100100_Text	3.4	Hội thoại/Cốt truyện	Hệ thống/Thuật ngữ			There is an unknown abnormality in Somnoire, if you have any questions, please contact the official customer service
lang_multi_text.db	ErrorCode_1100101_Text	3.4	Hội thoại/Cốt truyện	Hệ thống/Thuật ngữ			There is an unknown abnormality in Somnoire, if you have any questions, please contact the official customer service
lang_multi_text.db	ErrorCode_1100102_Text	3.4	Hội thoại/Cốt truyện	Hệ thống/Thuật ngữ			There is an unknown abnormality in Somnoire, if you have any questions, please contact the official customer service
lang_multi_text.db	ErrorCode_1100103_Text	3.4	Hội thoại/Cốt truyện	Hệ thống/Thuật ngữ			There is an unknown abnormality in Somnoire, if you have any questions, please contact the official customer service
lang_multi_text.db	ErrorCode_1100104_Text	3.4	Hội thoại/Cốt truyện	Hệ thống/Thuật ngữ			There is an unknown abnormality in Somnoire, if you have any questions, please contact the official customer service
lang_multi_text.db	ErrorCode_1100105_Text	3.4	Hội thoại/Cốt truyện	Hệ thống/Thuật ngữ			Incorrect number of Resonators in the lineup
lang_multi_text.db	ErrorCode_1100106_Text	3.4	Hội thoại/Cốt truyện	Hệ thống/Thuật ngữ			There is an unknown abnormality in Somnoire, if you have any questions, please contact the official customer service
lang_multi_text.db	ErrorCode_1100107_Text	3.4	Hội thoại/Cốt truyện	Hệ thống/Thuật ngữ			There is an unknown abnormality in Somnoire, if you have any questions, please contact the official customer service
lang_multi_text.db	ErrorCode_1100108_Text	3.4	Hội thoại/Cốt truyện	Hệ thống/Thuật ngữ			There is an unknown abnormality in Somnoire, if you have any questions, please contact the official customer service
lang_multi_text.db	ErrorCode_1100109_Text	3.4	Hội thoại/Cốt truyện	Hệ thống/Thuật ngữ			There is an unknown abnormality in Somnoire, if you have any questions, please contact the official customer service
lang_multi_text.db	ErrorCode_1100110_Text	3.4	Hội thoại/Cốt truyện	Hệ thống/Thuật ngữ			There is an unknown abnormality in Somnoire, if you have any questions, please contact the official customer service
lang_multi_text.db	ErrorCode_1100111_Text	3.4	Hội thoại/Cốt truyện	Hệ thống/Thuật ngữ			There is an unknown abnormality in Somnoire, if you have any questions, please contact the official customer service
lang_multi_text.db	ErrorCode_1100112_Text	3.4	Hội thoại/Cốt truyện	Hệ thống/Thuật ngữ			There is an unknown abnormality in Somnoire, if you have any questions, please contact the official customer service
lang_multi_text.db	ErrorCode_1100113_Text	3.4	Hội thoại/Cốt truyện	Hệ thống/Thuật ngữ			No refresh attempts left
lang_multi_text.db	ErrorCode_1100114_Text	3.4	Hội thoại/Cốt truyện	Hệ thống/Thuật ngữ			There is an unknown abnormality in Somnoire, if you have any questions, please contact the official customer service
lang_multi_text.db	ErrorCode_1100115_Text	3.4	Hội thoại/Cốt truyện	Hệ thống/Thuật ngữ			Data recovery anomaly, if you have any questions, please contact the official customer service
lang_multi_text.db	ErrorCode_1100116_Text	3.4	Hội thoại/Cốt truyện	Hệ thống/Thuật ngữ			Data recovery anomaly, if you have any questions, please contact the official customer service
lang_multi_text.db	ErrorCode_1100117_Text	3.4	Hội thoại/Cốt truyện	Hệ thống/Thuật ngữ			A network error occurred when creating the character. Please try again
lang_multi_text.db	ErrorCode_1100118_Text	3.4	Hội thoại/Cốt truyện	Hệ thống/Thuật ngữ			Activity data anomaly, if you have any questions, please contact the official customer service
lang_multi_text.db	ErrorCode_1100119_Text	3.4	Hội thoại/Cốt truyện	Hệ thống/Thuật ngữ			Activity data anomaly, if you have any questions, please contact the official customer service
lang_multi_text.db	ErrorCode_1100120_Text	3.4	Hội thoại/Cốt truyện	Hệ thống/Thuật ngữ			Activity data anomaly, if you have any questions, please contact the official customer service
lang_multi_text.db	ErrorCode_1100121_Text	3.4	Hội thoại/Cốt truyện	Hệ thống/Thuật ngữ			Activity data anomaly, if you have any questions, please contact the official customer service
lang_multi_text.db	ErrorCode_1100122_Text	3.4	Hội thoại/Cốt truyện	Hệ thống/Thuật ngữ			Activity data anomaly, if you have any questions, please contact the official customer service
lang_multi_text.db	ErrorCode_1100123_Text	3.4	Hội thoại/Cốt truyện	Hệ thống/Thuật ngữ			There is an unknown abnormality in Somnoire, if you have any questions, please contact the official customer service
lang_multi_text.db	ErrorCode_1100124_Text	3.4	Hội thoại/Cốt truyện	Hệ thống/Thuật ngữ			There is an unknown abnormality in Somnoire, if you have any questions, please contact the official customer service
lang_multi_text.db	ErrorCode_1100125_Text	3.4	Hội thoại/Cốt truyện	Hệ thống/Thuật ngữ			There is an unknown abnormality in Somnoire, if you have any questions, please contact the official customer service
lang_multi_text.db	ErrorCode_1100126_Text	3.4	Hội thoại/Cốt truyện	Hệ thống/Thuật ngữ			There is an unknown abnormality in Somnoire, if you have any questions, please contact the official customer service
lang_multi_text.db	ErrorCode_1100127_Text	3.4	Hội thoại/Cốt truyện	Hệ thống/Thuật ngữ			There is an unknown abnormality in Somnoire, if you have any questions, please contact the official customer service
lang_multi_text.db	ErrorCode_1100128_Text	3.4	Hội thoại/Cốt truyện	Hệ thống/Thuật ngữ			There is an unknown abnormality in Somnoire, if you have any questions, please contact the official customer service
lang_multi_text.db	ErrorCode_1100129_Text	3.4	Hội thoại/Cốt truyện	Hệ thống/Thuật ngữ			There is an unknown abnormality in Somnoire, if you have any questions, please contact the official customer service
lang_multi_text.db	ErrorCode_1100130_Text	3.4	Hội thoại/Cốt truyện	Hệ thống/Thuật ngữ			There is an unknown abnormality in Somnoire, if you have any questions, please contact the official customer service
lang_multi_text.db	ErrorCode_1100131_Text	3.4	Hội thoại/Cốt truyện	Hệ thống/Thuật ngữ			There is an unknown abnormality in Somnoire, if you have any questions, please contact the official customer service
lang_multi_text.db	ErrorCode_1100132_Text	3.4	Hội thoại/Cốt truyện	Hệ thống/Thuật ngữ			There is an unknown abnormality in Somnoire, if you have any questions, please contact the official customer service
lang_multi_text.db	ErrorCode_1100133_Text	3.4	Hội thoại/Cốt truyện	Hệ thống/Thuật ngữ			There is an unknown abnormality in Somnoire, if you have any questions, please contact the official customer service
lang_multi_text.db	ErrorCode_1100134_Text	3.4	Hội thoại/Cốt truyện	Hệ thống/Thuật ngữ			There is an unknown abnormality in Somnoire, if you have any questions, please contact the official customer service
lang_multi_text.db	ErrorCode_1100135_Text	3.4	Hội thoại/Cốt truyện	Hệ thống/Thuật ngữ			There is an unknown abnormality in Somnoire, if you have any questions, please contact the official customer service
lang_multi_text.db	ErrorCode_1100136_Text	3.4	Hội thoại/Cốt truyện	Hệ thống/Thuật ngữ			There is an unknown abnormality in Somnoire, if you have any questions, please contact the official customer service
lang_multi_text.db	ErrorCode_1100137_Text	3.4	Hội thoại/Cốt truyện	Hệ thống/Thuật ngữ			There is an unknown abnormality in Somnoire, if you have any questions, please contact the official customer service
lang_multi_text.db	ErrorCode_1100138_Text	3.4	Hội thoại/Cốt truyện	Hệ thống/Thuật ngữ			There is an unknown abnormality in Somnoire, if you have any questions, please contact the official customer service
lang_multi_text.db	ErrorCode_1100139_Text	3.4	Hội thoại/Cốt truyện	Hệ thống/Thuật ngữ			There is an unknown abnormality in Somnoire, if you have any questions, please contact the official customer service
lang_multi_text.db	ErrorCode_1100140_Text	3.4	Hội thoại/Cốt truyện	Hệ thống/Thuật ngữ			There is an unknown abnormality in Somnoire, if you have any questions, please contact the official customer service
lang_multi_text.db	ErrorCode_1100141_Text	3.4	Hội thoại/Cốt truyện	Hệ thống/Thuật ngữ			The event has not yet started, if you have any questions, please contact the official customer service
lang_multi_text.db	ErrorCode_1100142_Text	3.4	Hội thoại/Cốt truyện	Hệ thống/Thuật ngữ			The copy does not support this operation.
lang_multi_text.db	ErrorCode_1100143_Text	3.4	Hội thoại/Cốt truyện	Hệ thống/Thuật ngữ			Anomalies exist, please contact official customer service if you have any questions.
lang_multi_text.db	ErrorCode_1100144_Text	3.4	Hội thoại/Cốt truyện	Hệ thống/Thuật ngữ			Anomalies exist, please contact official customer service if you have any questions.
lang_multi_text.db	ErrorCode_1100145_Text	3.4	Hội thoại/Cốt truyện	Hệ thống/Thuật ngữ			Your account is now locked due to overdue recharges.
lang_multi_text.db	ErrorCode_1100146_Text	3.4	Hội thoại/Cốt truyện	Hệ thống/Thuật ngữ			There is no corresponding user information, please try again.
lang_multi_text.db	ErrorCode_1100147_Text	3.4	Hội thoại/Cốt truyện	Hệ thống/Thuật ngữ			Network error. Please try again later.
lang_multi_text.db	ErrorCode_1100148_Text	3.4	Hội thoại/Cốt truyện	Hệ thống/Thuật ngữ			Network error. Please try again later.
lang_multi_text.db	ErrorCode_1100149_Text	3.4	Hội thoại/Cốt truyện	Hệ thống/Thuật ngữ			Error when logging into the server, please contact official customer service if you have any questions.
lang_multi_text.db	ErrorCode_1100150_Text	3.4	Hội thoại/Cốt truyện	Hệ thống/Thuật ngữ			Error when logging into the server, please contact official customer service if you have any questions.
lang_multi_text.db	ErrorCode_1100151_Text	3.4	Hội thoại/Cốt truyện	Hệ thống/Thuật ngữ			Failed to connect to the server, please try again later.
lang_multi_text.db	ErrorCode_1100152_Text	3.4	Hội thoại/Cốt truyện	Hệ thống/Thuật ngữ			Failed to connect to the server, please try again later.
lang_multi_text.db	ErrorCode_1100153_Text	3.4	Hội thoại/Cốt truyện	Hệ thống/Thuật ngữ			Failed to connect to the server, please try again later.
lang_multi_text.db	ErrorCode_1100154_Text	3.4	Hội thoại/Cốt truyện	Hệ thống/Thuật ngữ			Team data error
lang_multi_text.db	ErrorCode_1100155_Text	3.4	Hội thoại/Cốt truyện	Hệ thống/Thuật ngữ			Anomalies exist, please contact official customer service if you have any questions.
lang_multi_text.db	ErrorCode_1100156_Text	3.4	Hội thoại/Cốt truyện	Hệ thống/Thuật ngữ			Anomalies exist, please contact official customer service if you have any questions.
lang_multi_text.db	ErrorCode_1100157_Text	3.4	Hội thoại/Cốt truyện	Hệ thống/Thuật ngữ			Liking failed, please try again.
lang_multi_text.db	ErrorCode_1100158_Text	3.4	Hội thoại/Cốt truyện	Hệ thống/Thuật ngữ			Failed to add Memo, please try again.
lang_multi_text.db	ErrorCode_1100159_Text	3.4	Hội thoại/Cốt truyện	Hệ thống/Thuật ngữ			Failed to update Memo, please try again.
lang_multi_text.db	ErrorCode_1100160_Text	3.4	Hội thoại/Cốt truyện	Hệ thống/Thuật ngữ			Failed to remove Memo, please try again.
lang_multi_text.db	ErrorCode_1100161_Text	3.4	Hội thoại/Cốt truyện	Hệ thống/Thuật ngữ			Anomalies exist, please contact official customer service if you have any questions.
lang_multi_text.db	ErrorCode_1100162_Text	3.4	Hội thoại/Cốt truyện	Hệ thống/Thuật ngữ			Anomalies exist, please contact official customer service if you have any questions.
lang_multi_text.db	ErrorCode_1100163_Text	3.4	Hội thoại/Cốt truyện	Hệ thống/Thuật ngữ			Anomalies exist, please contact official customer service if you have any questions.
lang_multi_text.db	ErrorCode_1100164_Text	3.4	Hội thoại/Cốt truyện	Hệ thống/Thuật ngữ			Props configuration type mismatch.
lang_multi_text.db	ErrorCode_1100165_Text	3.4	Hội thoại/Cốt truyện	Hệ thống/Thuật ngữ			Anomalies exist, please contact official customer service if you have any questions.
lang_multi_text.db	ErrorCode_1100166_Text	3.4	Hội thoại/Cốt truyện	Hệ thống/Thuật ngữ			The prop cannot be removed.
lang_multi_text.db	ErrorCode_1100167_Text	3.4	Hội thoại/Cốt truyện	Hệ thống/Thuật ngữ			This prop cannot be added.
lang_multi_text.db	ErrorCode_1100168_Text	3.4	Hội thoại/Cốt truyện	Hệ thống/Thuật ngữ			Failed to add item.
lang_multi_text.db	ErrorCode_1100169_Text	3.4	Hội thoại/Cốt truyện	Hệ thống/Thuật ngữ			Modifying Note failed, please try again.
lang_multi_text.db	ErrorCode_1100170_Text	3.4	Hội thoại/Cốt truyện	Hệ thống/Thuật ngữ			Delete friend request failed, please try again.
lang_multi_text.db	ErrorCode_1100171_Text	3.4	Hội thoại/Cốt truyện	Hệ thống/Thuật ngữ			Deleting a friend failed, please try again.
lang_multi_text.db	ErrorCode_1100172_Text	3.4	Hội thoại/Cốt truyện	Hệ thống/Thuật ngữ			The team does not exist.
lang_multi_text.db	ErrorCode_1100173_Text	3.4	Hội thoại/Cốt truyện	Hệ thống/Thuật ngữ			Incorrect number of Character, please try again.
lang_multi_text.db	ErrorCode_1100174_Text	3.4	Hội thoại/Cốt truyện	Hệ thống/Thuật ngữ			Failed to add Data Bank experience.
lang_multi_text.db	ErrorCode_1100175_Text	3.4	Hội thoại/Cốt truyện	Hệ thống/Thuật ngữ			Network error. Please try again later.
lang_multi_text.db	ErrorCode_1100176_Text	3.4	Hội thoại/Cốt truyện	Hệ thống/Thuật ngữ			Network error. Please try again later.
lang_multi_text.db	ErrorCode_1100177_Text	3.4	Hội thoại/Cốt truyện	Hệ thống/Thuật ngữ			The event is not yet open.
lang_multi_text.db	ErrorCode_1100178_Text	3.4	Hội thoại/Cốt truyện	Hệ thống/Thuật ngữ			Point rewards have been claimed.
lang_multi_text.db	ErrorCode_1100179_Text	3.4	Hội thoại/Cốt truyện	Hệ thống/Thuật ngữ			There is no corresponding points configuration.
lang_multi_text.db	ErrorCode_1100180_Text	3.4	Hội thoại/Cốt truyện	Hệ thống/Thuật ngữ			Not enough points.
lang_multi_text.db	ErrorCode_1100181_Text	3.4	Hội thoại/Cốt truyện	Hệ thống/Thuật ngữ			There is no corresponding level data.
lang_multi_text.db	ErrorCode_1100182_Text	3.4	Hội thoại/Cốt truyện	Hệ thống/Thuật ngữ			Stage rewards have been claimed.
lang_multi_text.db	ErrorCode_1100183_Text	3.4	Hội thoại/Cốt truyện	Hệ thống/Thuật ngữ			There is no corresponding level configuration.
lang_multi_text.db	ErrorCode_1100184_Text	3.4	Hội thoại/Cốt truyện	Hệ thống/Thuật ngữ			Not enough stage points.
lang_multi_text.db	ErrorCode_1100185_Text	3.4	Hội thoại/Cốt truyện	Hệ thống/Thuật ngữ			There is no corresponding level difficulty.
lang_multi_text.db	ErrorCode_1100186_Text	3.4	Hội thoại/Cốt truyện	Hệ thống/Thuật ngữ			Configuration acquisition failed, please try again.
lang_multi_text.db	ErrorCode_1100187_Text	3.4	Hội thoại/Cốt truyện	Hệ thống/Thuật ngữ			The option is not valid.
lang_multi_text.db	ErrorCode_1100188_Text	3.4	Hội thoại/Cốt truyện	Hệ thống/Thuật ngữ			Configuration acquisition failed, please try again.
lang_multi_text.db	ErrorCode_1100189_Text	3.4	Hội thoại/Cốt truyện	Hệ thống/Thuật ngữ			Character failed to load, please try again.
lang_multi_text.db	ErrorCode_1100190_Text	3.4	Hội thoại/Cốt truyện	Hệ thống/Thuật ngữ			Anomalies exist, please contact official customer service if you have any questions.
lang_multi_text.db	ErrorCode_1100191_Text	3.4	Hội thoại/Cốt truyện	Hệ thống/Thuật ngữ			Anomalies exist, please contact official customer service if you have any questions.
lang_multi_text.db	ErrorCode_1100192_Text	3.4	Hội thoại/Cốt truyện	Hệ thống/Thuật ngữ			Anomalies exist, please contact official customer service if you have any questions.
lang_multi_text.db	ErrorCode_1100193_Text	3.4	Hội thoại/Cốt truyện	Hệ thống/Thuật ngữ			The event has not started.
lang_multi_text.db	ErrorCode_1100194_Text	3.4	Hội thoại/Cốt truyện	Hệ thống/Thuật ngữ			There is no corresponding active configuration.
lang_multi_text.db	ErrorCode_1100195_Text	3.4	Hội thoại/Cốt truyện	Hệ thống/Thuật ngữ			The activity data is empty.
lang_multi_text.db	ErrorCode_1100196_Text	3.4	Hội thoại/Cốt truyện	Hệ thống/Thuật ngữ			Event rewards have been claimed.
lang_multi_text.db	ErrorCode_1100197_Text	3.4	Hội thoại/Cốt truyện	Hệ thống/Thuật ngữ			Anomalies exist, please contact official customer service if you have any questions.
lang_multi_text.db	ErrorCode_1100198_Text	3.4	Hội thoại/Cốt truyện	Hệ thống/Thuật ngữ			Anomalies exist, please contact official customer service if you have any questions.
lang_multi_text.db	ErrorCode_1100199_Text	3.4	Hội thoại/Cốt truyện	Hệ thống/Thuật ngữ			Anomalies exist, please contact official customer service if you have any questions.
lang_multi_text.db	ErrorCode_1100200_Text	3.4	Hội thoại/Cốt truyện	Hệ thống/Thuật ngữ			This event domain is not available yet
lang_multi_text.db	ErrorCode_1100201_Text	3.4	Hội thoại/Cốt truyện	Hệ thống/Thuật ngữ			There is no corresponding active configuration.
lang_multi_text.db	ErrorCode_1100202_Text	3.4	Hội thoại/Cốt truyện	Hệ thống/Thuật ngữ			There is no corresponding active configuration.
lang_multi_text.db	ErrorCode_1100203_Text	3.4	Hội thoại/Cốt truyện	Hệ thống/Thuật ngữ			Failed to retrieve configuration. Please try again.
lang_multi_text.db	ErrorCode_1100204_Text	3.4	Hội thoại/Cốt truyện	Hệ thống/Thuật ngữ			Failed to retrieve configuration. Please try again.
lang_multi_text.db	ErrorCode_1100205_Text	3.4	Hội thoại/Cốt truyện	Hệ thống/Thuật ngữ			Character created. Please log in again.
lang_multi_text.db	ErrorCode_1100206_Text	3.4	Hội thoại/Cốt truyện	Hệ thống/Thuật ngữ			System error. Please try again later.
lang_multi_text.db	ErrorCode_1100207_Text	3.4	Hội thoại/Cốt truyện	Hệ thống/Thuật ngữ			System error. Please try again later.
lang_multi_text.db	ErrorCode_1100208_Text	3.4	Hội thoại/Cốt truyện	Hệ thống/Thuật ngữ			System error. Please try again later.
lang_multi_text.db	ErrorCode_1100209_Text	3.4	Hội thoại/Cốt truyện	Hệ thống/Thuật ngữ			System error. Please try again later.
lang_multi_text.db	ErrorCode_1100210_Text	3.4	Hội thoại/Cốt truyện	Hệ thống/Thuật ngữ			System error. Please try again later.
lang_multi_text.db	ErrorCode_1100211_Text	3.4	Hội thoại/Cốt truyện	Hệ thống/Thuật ngữ			System error. Please try again later.
lang_multi_text.db	ErrorCode_1100212_Text	3.4	Hội thoại/Cốt truyện	Hệ thống/Thuật ngữ			System error. Please try again later.
lang_multi_text.db	ErrorCode_1100213_Text	3.4	Hội thoại/Cốt truyện	Hệ thống/Thuật ngữ			System error. Please try again later.
lang_multi_text.db	ErrorCode_1100214_Text	3.4	Hội thoại/Cốt truyện	Hệ thống/Thuật ngữ			System error. Please try again later.
lang_multi_text.db	ErrorCode_1100215_Text	3.4	Hội thoại/Cốt truyện	Hệ thống/Thuật ngữ			System error. Please try again later.
lang_multi_text.db	ErrorCode_1100216_Text	3.4	Hội thoại/Cốt truyện	Hệ thống/Thuật ngữ			System error. Please try again later.
lang_multi_text.db	ErrorCode_1100217_Text	3.4	Hội thoại/Cốt truyện	Hệ thống/Thuật ngữ			System error. Please try again later.
lang_multi_text.db	ErrorCode_1100218_Text	3.4	Hội thoại/Cốt truyện	Hệ thống/Thuật ngữ			System error. Please try again later.
lang_multi_text.db	ErrorCode_1100219_Text	3.4	Hội thoại/Cốt truyện	Hệ thống/Thuật ngữ			System error. Please try again later.
lang_multi_text.db	ErrorCode_1100220_Text	3.4	Hội thoại/Cốt truyện	Hệ thống/Thuật ngữ			System error. Please try again later.
lang_multi_text.db	ErrorCode_1100221_Text	3.4	Hội thoại/Cốt truyện	Hệ thống/Thuật ngữ			System error. Please try again later.
lang_multi_text.db	ErrorCode_1100222_Text	3.4	Hội thoại/Cốt truyện	Hệ thống/Thuật ngữ			System error. Please try again later.
lang_multi_text.db	ErrorCode_1100223_Text	3.4	Hội thoại/Cốt truyện	Hệ thống/Thuật ngữ			System error. Please try again later.
lang_multi_text.db	ErrorCode_1100224_Text	3.4	Hội thoại/Cốt truyện	Hệ thống/Thuật ngữ			This event has ended
lang_multi_text.db	ErrorCode_1100225_Text	3.4	Hội thoại/Cốt truyện	Hệ thống/Thuật ngữ			System error. Please try again later.
lang_multi_text.db	ErrorCode_1100226_Text	3.4	Hội thoại/Cốt truyện	Hệ thống/Thuật ngữ			System error. Please try again later.
lang_multi_text.db	ErrorCode_1100227_Text	3.4	Hội thoại/Cốt truyện	Hệ thống/Thuật ngữ			System error. Please try again later.
lang_multi_text.db	ErrorCode_1100228_Text	3.4	Hội thoại/Cốt truyện	Hệ thống/Thuật ngữ			System error. Please try again later.
lang_multi_text.db	ErrorCode_1100229_Text	3.4	Hội thoại/Cốt truyện	Hệ thống/Thuật ngữ			System error. Please try again later.
lang_multi_text.db	ErrorCode_1100230_Text	3.4	Hội thoại/Cốt truyện	Hệ thống/Thuật ngữ			System error. Please try again later.
lang_multi_text.db	ErrorCode_1100231_Text	3.4	Hội thoại/Cốt truyện	Hệ thống/Thuật ngữ			System error. Please try again later.
lang_multi_text.db	ErrorCode_1100232_Text	3.4	Hội thoại/Cốt truyện	Hệ thống/Thuật ngữ			Memes selection limit reached
lang_multi_text.db	ErrorCode_1100233_Text	3.4	Hội thoại/Cốt truyện	Hệ thống/Thuật ngữ			System error. Please try again later.
lang_multi_text.db	ErrorCode_1100234_Text	3.4	Hội thoại/Cốt truyện	Hệ thống/Thuật ngữ			Trial character unavailable
lang_multi_text.db	ErrorCode_1100235_Text	3.4	Hội thoại/Cốt truyện	Hệ thống/Thuật ngữ			System error. Please try again later.
lang_multi_text.db	ErrorCode_1100237_Text	3.4	Hội thoại/Cốt truyện	Hệ thống/Thuật ngữ			System error. Please try again later.
lang_multi_text.db	ErrorCode_1100238_Text	3.4	Hội thoại/Cốt truyện	Hệ thống/Thuật ngữ			System error. Please try again later.
lang_multi_text.db	ErrorCode_1100239_Text	3.4	Hội thoại/Cốt truyện	Hệ thống/Thuật ngữ			System error. Please try again later.
lang_multi_text.db	ErrorCode_1100240_Text	3.4	Hội thoại/Cốt truyện	Hệ thống/Thuật ngữ			System error. Please try again later.
lang_multi_text.db	ErrorCode_1100241_Text	3.4	Hội thoại/Cốt truyện	Hệ thống/Thuật ngữ			System error. Please try again later.
lang_multi_text.db	ErrorCode_1100243_Text	3.4	Hội thoại/Cốt truyện	Hệ thống/Thuật ngữ			System error. Please try again later.
lang_multi_text.db	ErrorCode_1100244_Text	3.4	Hội thoại/Cốt truyện	Hệ thống/Thuật ngữ			System error. Please try again later.
lang_multi_text.db	ErrorCode_1100245_Text	3.4	Hội thoại/Cốt truyện	Hệ thống/Thuật ngữ			System error. Please try again later.
lang_multi_text.db	ErrorCode_1100246_Text	3.4	Hội thoại/Cốt truyện	Hệ thống/Thuật ngữ			System error. Please try again later.
lang_multi_text.db	ErrorCode_1100247_Text	3.4	Hội thoại/Cốt truyện	Hệ thống/Thuật ngữ			Item sold out. Purchase unavailable
lang_multi_text.db	ErrorCode_1100248_Text	3.4	Hội thoại/Cốt truyện	Hệ thống/Thuật ngữ			System error. Please try again later.
lang_multi_text.db	ErrorCode_1100249_Text	3.4	Hội thoại/Cốt truyện	Hệ thống/Thuật ngữ			System error. Please try again later.
lang_multi_text.db	ErrorCode_1100250_Text	3.4	Hội thoại/Cốt truyện	Hệ thống/Thuật ngữ			System error. Please try again later.
lang_multi_text.db	ErrorCode_1100251_Text	3.4	Hội thoại/Cốt truyện	Hệ thống/Thuật ngữ			Dream Fragment error
lang_multi_text.db	ErrorCode_1100252_Text	3.4	Hội thoại/Cốt truyện	Hệ thống/Thuật ngữ			System error. Please try again later.
lang_multi_text.db	ErrorCode_1100253_Text	3.4	Hội thoại/Cốt truyện	Hệ thống/Thuật ngữ			Event unavailable
lang_multi_text.db	ErrorCode_1100254_Text	3.4	Hội thoại/Cốt truyện	Hệ thống/Thuật ngữ			System error. Please try again later.
lang_multi_text.db	ErrorCode_1100255_Text	3.4	Hội thoại/Cốt truyện	Hệ thống/Thuật ngữ			Rewards locked
lang_multi_text.db	ErrorCode_1100256_Text	3.4	Hội thoại/Cốt truyện	Hệ thống/Thuật ngữ			Already claimed
lang_multi_text.db	ErrorCode_1100257_Text	3.4	Hội thoại/Cốt truyện	Hệ thống/Thuật ngữ			System error. Please try again later.
lang_multi_text.db	ErrorCode_1100258_Text	3.4	Hội thoại/Cốt truyện	Hệ thống/Thuật ngữ			System error. Please try again later.
lang_multi_text.db	ErrorCode_1100259_Text	3.4	Hội thoại/Cốt truyện	Hệ thống/Thuật ngữ			Challenge locked
lang_multi_text.db	ErrorCode_1100260_Text	3.4	Hội thoại/Cốt truyện	Hệ thống/Thuật ngữ			System error. Please try again later.
lang_multi_text.db	ErrorCode_1100261_Text	3.4	Hội thoại/Cốt truyện	Hệ thống/Thuật ngữ			Rewards locked
lang_multi_text.db	ErrorCode_1100262_Text	3.4	Hội thoại/Cốt truyện	Hệ thống/Thuật ngữ			Already claimed
lang_multi_text.db	ErrorCode_1100263_Text	3.4	Hội thoại/Cốt truyện	Hệ thống/Thuật ngữ			System error. Please try again later.
lang_multi_text.db	ErrorCode_1100264_Text	3.4	Hội thoại/Cốt truyện	Hệ thống/Thuật ngữ			Rewards locked
lang_multi_text.db	ErrorCode_1100265_Text	3.4	Hội thoại/Cốt truyện	Hệ thống/Thuật ngữ			Already claimed
lang_multi_text.db	ErrorCode_1100266_Text	3.4	Hội thoại/Cốt truyện	Hệ thống/Thuật ngữ			Asset outdated. Please update the game and restart.
lang_multi_text.db	ErrorCode_1100267_Text	3.4	Hội thoại/Cốt truyện	Hệ thống/Thuật ngữ			System error. Please try again later.
lang_multi_text.db	ErrorCode_1100268_Text	3.4	Hội thoại/Cốt truyện	Hệ thống/Thuật ngữ			Reward expired
lang_multi_text.db	ErrorCode_1100269_Text	3.4	Hội thoại/Cốt truyện	Hệ thống/Thuật ngữ			Rewards locked
lang_multi_text.db	ErrorCode_1100270_Text	3.4	Hội thoại/Cốt truyện	Hệ thống/Thuật ngữ			Already claimed
lang_multi_text.db	ErrorCode_1100271_Text	3.4	Hội thoại/Cốt truyện	Hệ thống/Thuật ngữ			Insufficient Reward Attempts. Please wait for a reset before trying again.
lang_multi_text.db	ErrorCode_1100272_Text	3.4	Hội thoại/Cốt truyện	Hệ thống/Thuật ngữ			System error. Please try again later.
lang_multi_text.db	ErrorCode_1100273_Text	3.4	Hội thoại/Cốt truyện	Hệ thống/Thuật ngữ			System error. Please try again later.
lang_multi_text.db	ErrorCode_1100274_Text	3.4	Hội thoại/Cốt truyện	Hệ thống/Thuật ngữ			System error. Please try again later.
lang_multi_text.db	ErrorCode_1100275_Text	3.4	Hội thoại/Cốt truyện	Hệ thống/Thuật ngữ			System error. Please try again later.
lang_multi_text.db	ErrorCode_1100276_Text	3.4	Hội thoại/Cốt truyện	Hệ thống/Thuật ngữ			System error. Please try again later.
lang_multi_text.db	ErrorCode_1100277_Text	3.4	Hội thoại/Cốt truyện	Hệ thống/Thuật ngữ			System error. Please try again later.
lang_multi_text.db	ErrorCode_1100278_Text	3.4	Hội thoại/Cốt truyện	Hệ thống/Thuật ngữ			System error. Please try again later.
lang_multi_text.db	ErrorCode_1100279_Text	3.4	Hội thoại/Cốt truyện	Hệ thống/Thuật ngữ			System error. Please try again later.
lang_multi_text.db	ErrorCode_1100280_Text	3.4	Hội thoại/Cốt truyện	Hệ thống/Thuật ngữ			Configuration not found
lang_multi_text.db	ErrorCode_1100281_Text	3.4	Hội thoại/Cốt truyện	Hệ thống/Thuật ngữ			Cycle updated. Result calculation failed
lang_multi_text.db	ErrorCode_1100282_Text	3.4	Hội thoại/Cốt truyện	Hệ thống/Thuật ngữ			Cycle updated. Result calculation failed
lang_multi_text.db	ErrorCode_1100283_Text	3.4	Hội thoại/Cốt truyện	Hệ thống/Thuật ngữ			The Rover in this record is of a different gender. Unable to continue the challenge
lang_multi_text.db	ErrorCode_1100284_Text	3.4	Hội thoại/Cốt truyện	Hệ thống/Thuật ngữ			Event ID mismatch
lang_multi_text.db	ErrorCode_1100285_Text	3.4	Hội thoại/Cốt truyện	Hệ thống/Thuật ngữ			Reward configuration not found
lang_multi_text.db	ErrorCode_1100286_Text	3.4	Hội thoại/Cốt truyện	Hệ thống/Thuật ngữ			Event reward condition mismatch
lang_multi_text.db	ErrorCode_1100287_Text	3.4	Hội thoại/Cốt truyện	Hệ thống/Thuật ngữ			Failed to calculate event rewards
lang_multi_text.db	ErrorCode_1100288_Text	3.4	Hội thoại/Cốt truyện	Hệ thống/Thuật ngữ			Insufficient Dream Fragments
lang_multi_text.db	ErrorCode_1100289_Text	3.4	Hội thoại/Cốt truyện	Hệ thống/Thuật ngữ			Rover is currently occupied in Fantasies of the Thousand Gateways. Unable to switch gender
lang_multi_text.db	ErrorCode_1100290_Text	3.4	Hội thoại/Cốt truyện	Hệ thống/Thuật ngữ			Your current SOL3 Phase does not match this record. Unable to continue the challenge
lang_multi_text.db	ErrorCode_1100307_Text	3.4	Hội thoại/Cốt truyện	Hệ thống/Thuật ngữ			Ineffective Area
lang_multi_text.db	ErrorCode_1100308_Text	3.4	Hội thoại/Cốt truyện	Hệ thống/Thuật ngữ			Target area currently unreachable. You do not have line of sight.
lang_multi_text.db	ErrorCode_1100309_Text	3.4	Hội thoại/Cốt truyện	Hệ thống/Thuật ngữ			Movement blocked
lang_multi_text.db	ErrorCode_1100311_Text	3.4	Hội thoại/Cốt truyện	Hệ thống/Thuật ngữ			Something is blocking your movement
lang_multi_text.db	ErrorCode_1100321_Text	3.4	Hội thoại/Cốt truyện	Hệ thống/Thuật ngữ			Reward already claimed
lang_multi_text.db	ErrorCode_1100322_Text	3.4	Hội thoại/Cốt truyện	Hệ thống/Thuật ngữ			Reward eligibility not met
lang_multi_text.db	ErrorCode_1100326_Text	3.4	Hội thoại/Cốt truyện	Hệ thống/Thuật ngữ			Reward already claimed
lang_multi_text.db	ErrorCode_1100327_Text	3.4	Hội thoại/Cốt truyện	Hệ thống/Thuật ngữ			Reward eligibility not met
lang_multi_text.db	ErrorCode_1100329_Text	3.4	Hội thoại/Cốt truyện	Hệ thống/Thuật ngữ			Resonator already recruited
lang_multi_text.db	ErrorCode_1100330_Text	3.4	Hội thoại/Cốt truyện	Hệ thống/Thuật ngữ			Current Tactical Hologram Challenge in progress. Cannot start multiple challenges
lang_multi_text.db	ErrorCode_1100336_Text	3.4	Hội thoại/Cốt truyện	Hệ thống/Thuật ngữ			Resonator already recruited
lang_multi_text.db	ErrorCode_1100354_Text	3.4	Hội thoại/Cốt truyện	Hệ thống/Thuật ngữ			Reward already claimed
lang_multi_text.db	ErrorCode_1100355_Text	3.4	Hội thoại/Cốt truyện	Hệ thống/Thuật ngữ			Reward eligibility not met
lang_multi_text.db	ErrorCode_1100390_Text	3.4	Hội thoại/Cốt truyện	Hệ thống/Thuật ngữ			No data on file
lang_multi_text.db	ErrorCode_1100393_Text	3.4	Hội thoại/Cốt truyện	Hệ thống/Thuật ngữ			Max failed battle attempts reached
lang_multi_text.db	ErrorCode_1100394_Text	3.4	Hội thoại/Cốt truyện	Hệ thống/Thuật ngữ			This Resonator's level is maxed
lang_multi_text.db	ErrorCode_1100395_Text	3.4	Hội thoại/Cốt truyện	Hệ thống/Thuật ngữ			Preceding stage not cleared
lang_multi_text.db	ErrorCode_1100396_Text	3.4	Hội thoại/Cốt truyện	Hệ thống/Thuật ngữ			All Recruitable Resonators have been recruited in this store.
lang_multi_text.db	ErrorCode_1100505_Text	3.4	Hội thoại/Cốt truyện	Hệ thống/Thuật ngữ			Only Spectro, Havoc, and Aero Rover can be used in the event.
lang_multi_text.db	ErrorCode_11_Text	3.4	Hội thoại/Cốt truyện	Hệ thống/Thuật ngữ			GM execution error
lang_multi_text.db	ErrorCode_1200000_Text	3.4	Hội thoại/Cốt truyện	Hệ thống/Thuật ngữ			Must be friends with player to start private chat
lang_multi_text.db	ErrorCode_1200001_Text	3.4	Hội thoại/Cốt truyện	Hệ thống/Thuật ngữ			Input contains sensitive words. Please re-enter
lang_multi_text.db	ErrorCode_1200002_Text	3.4	Hội thoại/Cốt truyện	Hệ thống/Thuật ngữ			You have been temporarily suspended from sending messages due to recent reports by other players
lang_multi_text.db	ErrorCode_1200003_Text	3.4	Hội thoại/Cốt truyện	Hệ thống/Thuật ngữ			Emote not available
lang_multi_text.db	ErrorCode_1200004_Text	3.4	Hội thoại/Cốt truyện	Hệ thống/Thuật ngữ			Too many requests
lang_multi_text.db	ErrorCode_1200005_Text	3.4	Hội thoại/Cốt truyện	Hệ thống/Thuật ngữ			Block failed. Invalid player ID
lang_multi_text.db	ErrorCode_1200006_Text	3.4	Hội thoại/Cốt truyện	Hệ thống/Thuật ngữ			You have been temporarily restricted from messaging due to your behavior. Please contact Customer Support if you have any questions.
lang_multi_text.db	ErrorCode_1200007_Text	3.4	Hội thoại/Cốt truyện	Hệ thống/Thuật ngữ			Character Stories not unlocked yet
lang_multi_text.db	ErrorCode_1200008_Text	3.4	Hội thoại/Cốt truyện	Hệ thống/Thuật ngữ			Max number of concurrent Character Stories reached
lang_multi_text.db	ErrorCode_1200009_Text	3.4	Hội thoại/Cốt truyện	Hệ thống/Thuật ngữ			Cannot unlock. Insufficient unlock times.
lang_multi_text.db	ErrorCode_1200010_Text	3.4	Hội thoại/Cốt truyện	Hệ thống/Thuật ngữ			Region ID does not exist
lang_multi_text.db	ErrorCode_1200011_Text	3.4	Hội thoại/Cốt truyện	Hệ thống/Thuật ngữ			Faction ID does not exist
lang_multi_text.db	ErrorCode_1200012_Text	3.4	Hội thoại/Cốt truyện	Hệ thống/Thuật ngữ			Reward has been claimed
lang_multi_text.db	ErrorCode_1200013_Text	3.4	Hội thoại/Cốt truyện	Hệ thống/Thuật ngữ			There is an exception, if you have any questions, please contact the official customer service
lang_multi_text.db	ErrorCode_1200014_Text	3.4	Hội thoại/Cốt truyện	Hệ thống/Thuật ngữ			Daily Quests incomplete. You cannot claim rewards yet
lang_multi_text.db	ErrorCode_1200015_Text	3.4	Hội thoại/Cốt truyện	Hệ thống/Thuật ngữ			Interaction target status error
lang_multi_text.db	ErrorCode_1200016_Text	3.4	Hội thoại/Cốt truyện	Hệ thống/Thuật ngữ			Terrain/Entity does not exist
lang_multi_text.db	ErrorCode_1200017_Text	3.4	Hội thoại/Cốt truyện	Hệ thống/Thuật ngữ			Missing target Resonator in current Echo lineup
lang_multi_text.db	ErrorCode_1200018_Text	3.4	Hội thoại/Cốt truyện	Hệ thống/Thuật ngữ			Unable to switch. Target Echo already fallen.
lang_multi_text.db	ErrorCode_12_Text	3.4	Hội thoại/Cốt truyện	Hệ thống/Thuật ngữ			Unavailable GM function
lang_multi_text.db	ErrorCode_1300000_Text	3.4	Hội thoại/Cốt truyện	Hệ thống/Thuật ngữ			Failed to add GameplayEffect
lang_multi_text.db	ErrorCode_1300001_Text	3.4	Hội thoại/Cốt truyện	Hệ thống/Thuật ngữ			Combat disengage entity not a monster
lang_multi_text.db	ErrorCode_1300002_Text	3.4	Hội thoại/Cốt truyện	Hệ thống/Thuật ngữ			Self-destruct entity does not exist
lang_multi_text.db	ErrorCode_1300003_Text	3.4	Hội thoại/Cốt truyện	Hệ thống/Thuật ngữ			Self-destruct entity not a monster
lang_multi_text.db	ErrorCode_1300004_Text	3.4	Hội thoại/Cốt truyện	Hệ thống/Thuật ngữ			Self-destruct entity already fallen
lang_multi_text.db	ErrorCode_1300005_Text	3.4	Hội thoại/Cốt truyện	Hệ thống/Thuật ngữ			Animation status synchronization error
lang_multi_text.db	ErrorCode_13_Text	3.4	Hội thoại/Cốt truyện	Hệ thống/Thuật ngữ			Contains prohibited word(s)
lang_multi_text.db	ErrorCode_1400000_Text	3.4	Hội thoại/Cốt truyện	Hệ thống/Thuật ngữ			Payment configuration not found
lang_multi_text.db	ErrorCode_1400001_Text	3.4	Hội thoại/Cốt truyện	Hệ thống/Thuật ngữ			Failed to create payment order. For inquiries please contact customer support.
lang_multi_text.db	ErrorCode_1400002_Text	3.4	Hội thoại/Cốt truyện	Hệ thống/Thuật ngữ			Order not found
lang_multi_text.db	ErrorCode_1400003_Text	3.4	Hội thoại/Cốt truyện	Hệ thống/Thuật ngữ			Order does not match with player
lang_multi_text.db	ErrorCode_1400004_Text	3.4	Hội thoại/Cốt truyện	Hệ thống/Thuật ngữ			Order cannot be updated to processed status
lang_multi_text.db	ErrorCode_1400005_Text	3.4	Hội thoại/Cốt truyện	Hệ thống/Thuật ngữ			Order failed to update to processed status
lang_multi_text.db	ErrorCode_1400006_Text	3.4	Hội thoại/Cốt truyện	Hệ thống/Thuật ngữ			Payment function unavailable
lang_multi_text.db	ErrorCode_1400007_Text	3.4	Hội thoại/Cốt truyện	Hệ thống/Thuật ngữ			Payment data has been changed
lang_multi_text.db	ErrorCode_1400008_Text	3.4	Hội thoại/Cốt truyện	Hệ thống/Thuật ngữ			Failed to update order
lang_multi_text.db	ErrorCode_1400009_Text	3.4	Hội thoại/Cốt truyện	Hệ thống/Thuật ngữ			Convene configuration does not exist
lang_multi_text.db	ErrorCode_1400010_Text	3.4	Hội thoại/Cốt truyện	Hệ thống/Thuật ngữ			Convene rule group configuration does not exist
lang_multi_text.db	ErrorCode_1400011_Text	3.4	Hội thoại/Cốt truyện	Hệ thống/Thuật ngữ			Convene rule configuration does not exist
lang_multi_text.db	ErrorCode_1400012_Text	3.4	Hội thoại/Cốt truyện	Hệ thống/Thuật ngữ			Unknown Convene type
lang_multi_text.db	ErrorCode_1400013_Text	3.4	Hội thoại/Cốt truyện	Hệ thống/Thuật ngữ			Insufficient remaining attempts for current daily Convene pool
lang_multi_text.db	ErrorCode_1400014_Text	3.4	Hội thoại/Cốt truyện	Hệ thống/Thuật ngữ			Insufficient total remaining attempts for current Convene pool
lang_multi_text.db	ErrorCode_1400015_Text	3.4	Hội thoại/Cốt truyện	Hệ thống/Thuật ngữ			Insufficient total remaining Convene attempts
lang_multi_text.db	ErrorCode_1400016_Text	3.4	Hội thoại/Cốt truyện	Hệ thống/Thuật ngữ			Current Convene pool not available
lang_multi_text.db	ErrorCode_1400017_Text	3.4	Hội thoại/Cốt truyện	Hệ thống/Thuật ngữ			Current Convene pool is closed
lang_multi_text.db	ErrorCode_1400018_Text	3.4	Hội thoại/Cốt truyện	Hệ thống/Thuật ngữ			Convene function disabled
lang_multi_text.db	ErrorCode_1400019_Text	3.4	Hội thoại/Cốt truyện	Hệ thống/Thuật ngữ			Item exchange configuration does not exist
lang_multi_text.db	ErrorCode_1400020_Text	3.4	Hội thoại/Cốt truyện	Hệ thống/Thuật ngữ			Insufficient redemption attempts for today
lang_multi_text.db	ErrorCode_1400021_Text	3.4	Hội thoại/Cốt truyện	Hệ thống/Thuật ngữ			Insufficient total redemption attempts
lang_multi_text.db	ErrorCode_1400022_Text	3.4	Hội thoại/Cốt truyện	Hệ thống/Thuật ngữ			Convene limitation information does not exist
lang_multi_text.db	ErrorCode_1400023_Text	3.4	Hội thoại/Cốt truyện	Hệ thống/Thuật ngữ			Missing Convene limitation information list
lang_multi_text.db	ErrorCode_1400024_Text	3.4	Hội thoại/Cốt truyện	Hệ thống/Thuật ngữ			There is an exception, if you have any questions, please contact the official customer service
lang_multi_text.db	ErrorCode_1400025_Text	3.4	Hội thoại/Cốt truyện	Hệ thống/Thuật ngữ			There is an exception, if you have any questions, please contact the official customer service
lang_multi_text.db	ErrorCode_1400026_Text	3.4	Hội thoại/Cốt truyện	Hệ thống/Thuật ngữ			There is an exception, if you have any questions, please contact the official customer service
lang_multi_text.db	ErrorCode_1400027_Text	3.4	Hội thoại/Cốt truyện	Hệ thống/Thuật ngữ			There is an exception, if you have any questions, please contact the official customer service
lang_multi_text.db	ErrorCode_1400028_Text	3.4	Hội thoại/Cốt truyện	Hệ thống/Thuật ngữ			There is an exception, if you have any questions, please contact the official customer service
lang_multi_text.db	ErrorCode_1400029_Text	3.4	Hội thoại/Cốt truyện	Hệ thống/Thuật ngữ			Pioneer Podcast not available yet. Please come back later
lang_multi_text.db	ErrorCode_1400030_Text	3.4	Hội thoại/Cốt truyện	Hệ thống/Thuật ngữ			Store not available yet. Please come back later
lang_multi_text.db	ErrorCode_1400031_Text	3.4	Hội thoại/Cốt truyện	Hệ thống/Thuật ngữ			Gacha data is abnormal, please try again later
lang_multi_text.db	ErrorCode_1400032_Text	3.4	Hội thoại/Cốt truyện	Hệ thống/Thuật ngữ			Convene function is not activated
lang_multi_text.db	ErrorCode_1400033_Text	3.4	Hội thoại/Cốt truyện	Hệ thống/Thuật ngữ			The current gacha is not activated
lang_multi_text.db	ErrorCode_1400034_Text	3.4	Hội thoại/Cốt truyện	Hệ thống/Thuật ngữ			Gacha data is abnormal, please try again later
lang_multi_text.db	ErrorCode_1400035_Text	3.4	Hội thoại/Cốt truyện	Hệ thống/Thuật ngữ			Gacha data is abnormal, please try again later
lang_multi_text.db	ErrorCode_1400036_Text	3.4	Hội thoại/Cốt truyện	Hệ thống/Thuật ngữ			Please select the gacha information for the targeted Convene first
lang_multi_text.db	ErrorCode_1400037_Text	3.4	Hội thoại/Cốt truyện	Hệ thống/Thuật ngữ			Insufficient Convene times
lang_multi_text.db	ErrorCode_1400039_Text	3.4	Hội thoại/Cốt truyện	Hệ thống/Thuật ngữ			The current Convene event has ended.
lang_multi_text.db	ErrorCode_1400040_Text	3.4	Hội thoại/Cốt truyện	Hệ thống/Thuật ngữ			Purchase failed. The purchase limit for this gift pack has been reached.
lang_multi_text.db	ErrorCode_1400041_Text	3.4	Hội thoại/Cốt truyện	Hệ thống/Thuật ngữ			Purchase failed. The gift pack type does not exist.
lang_multi_text.db	ErrorCode_1400042_Text	3.4	Hội thoại/Cốt truyện	Hệ thống/Thuật ngữ			Purchase failed. The gift pack is not available for purchase at this time.
lang_multi_text.db	ErrorCode_1400043_Text	3.4	Hội thoại/Cốt truyện	Hệ thống/Thuật ngữ			Purchase failed. The current purchase exceeded the max battle pass level.
lang_multi_text.db	ErrorCode_1400044_Text	3.4	Hội thoại/Cốt truyện	Hệ thống/Thuật ngữ			Purchase failed. The value of your input is incorrect.
lang_multi_text.db	ErrorCode_1400045_Text	3.4	Hội thoại/Cốt truyện	Hệ thống/Thuật ngữ			Please contact our Customer Service for assistance
lang_multi_text.db	ErrorCode_1400046_Text	3.4	Hội thoại/Cốt truyện	Hệ thống/Thuật ngữ			Your order has been refunded
lang_multi_text.db	ErrorCode_1400047_Text	3.4	Hội thoại/Cốt truyện	Hệ thống/Thuật ngữ			Your transaction is incomplete
lang_multi_text.db	ErrorCode_1400048_Text	3.4	Hội thoại/Cốt truyện	Hệ thống/Thuật ngữ			Your refund request cannot be approved
lang_multi_text.db	ErrorCode_1400049_Text	3.4	Hội thoại/Cốt truyện	Hệ thống/Thuật ngữ			This item is locked
lang_multi_text.db	ErrorCode_1400050_Text	3.4	Hội thoại/Cốt truyện	Hệ thống/Thuật ngữ			You haven't met the purchase requirements for this item
lang_multi_text.db	ErrorCode_1400051_Text	3.4	Hội thoại/Cốt truyện	Hệ thống/Thuật ngữ			Marker does not exist
lang_multi_text.db	ErrorCode_1400052_Text	3.4	Hội thoại/Cốt truyện	Hệ thống/Thuật ngữ			Detection marker for Supplies does not exist
lang_multi_text.db	ErrorCode_1400053_Text	3.4	Hội thoại/Cốt truyện	Hệ thống/Thuật ngữ			Marker for the Supplies do not exist
lang_multi_text.db	ErrorCode_1400054_Text	3.4	Hội thoại/Cốt truyện	Hệ thống/Thuật ngữ			Detection marker for Supplies already exists
lang_multi_text.db	ErrorCode_1400055_Text	3.4	Hội thoại/Cốt truyện	Hệ thống/Thuật ngữ			Marker type error
lang_multi_text.db	ErrorCode_14_Text	3.4	Hội thoại/Cốt truyện	Hệ thống/Thuật ngữ			Contains prohibited word(s)
lang_multi_text.db	ErrorCode_1500000_Text	3.4	Hội thoại/Cốt truyện	Hệ thống/Thuật ngữ			Incorrect information display ID
lang_multi_text.db	ErrorCode_1500001_Text	3.4	Hội thoại/Cốt truyện	Hệ thống/Thuật ngữ			In cooldown. Please check again later.
lang_multi_text.db	ErrorCode_1500002_Text	3.4	Hội thoại/Cốt truyện	Hệ thống/Thuật ngữ			Configuration not found
lang_multi_text.db	ErrorCode_1500003_Text	3.4	Hội thoại/Cốt truyện	Hệ thống/Thuật ngữ			Reward has been claimed
lang_multi_text.db	ErrorCode_1500004_Text	3.4	Hội thoại/Cốt truyện	Hệ thống/Thuật ngữ			Mission data not found
lang_multi_text.db	ErrorCode_1500005_Text	3.4	Hội thoại/Cốt truyện	Hệ thống/Thuật ngữ			Milestones status error
lang_multi_text.db	ErrorCode_1500006_Text	3.4	Hội thoại/Cốt truyện	Hệ thống/Thuật ngữ			Claim order error
lang_multi_text.db	ErrorCode_1500007_Text	3.4	Hội thoại/Cốt truyện	Hệ thống/Thuật ngữ			Chapter status error
lang_multi_text.db	ErrorCode_1500008_Text	3.4	Hội thoại/Cốt truyện	Hệ thống/Thuật ngữ			Detection target not found
lang_multi_text.db	ErrorCode_1500009_Text	3.4	Hội thoại/Cốt truyện	Hệ thống/Thuật ngữ			Selected target not within tracking list
lang_multi_text.db	ErrorCode_1500010_Text	3.4	Hội thoại/Cốt truyện	Hệ thống/Thuật ngữ			Cannot track other detection types
lang_multi_text.db	ErrorCode_1500011_Text	3.4	Hội thoại/Cốt truyện	Hệ thống/Thuật ngữ			Current detection ID not selected
lang_multi_text.db	ErrorCode_1500012_Text	3.4	Hội thoại/Cốt truyện	Hệ thống/Thuật ngữ			Detection configuration not found
lang_multi_text.db	ErrorCode_1500013_Text	3.4	Hội thoại/Cốt truyện	Hệ thống/Thuật ngữ			Detection template ID list of non-normal monsters cannot be empty
lang_multi_text.db	ErrorCode_1500014_Text	3.4	Hội thoại/Cốt truyện	Hệ thống/Thuật ngữ			Detection target not found
lang_multi_text.db	ErrorCode_1500015_Text	3.4	Hội thoại/Cốt truyện	Hệ thống/Thuật ngữ			There is an exception, if you have any questions, please contact the official customer service
lang_multi_text.db	ErrorCode_1500016_Text	3.4	Hội thoại/Cốt truyện	Hệ thống/Thuật ngữ			There is an exception, if you have any questions, please contact the official customer service
lang_multi_text.db	ErrorCode_1500017_Text	3.4	Hội thoại/Cốt truyện	Hệ thống/Thuật ngữ			There is an exception, if you have any questions, please contact the official customer service
lang_multi_text.db	ErrorCode_1500018_Text	3.4	Hội thoại/Cốt truyện	Hệ thống/Thuật ngữ			There is an exception, if you have any questions, please contact the official customer service
lang_multi_text.db	ErrorCode_1500019_Text	3.4	Hội thoại/Cốt truyện	Hệ thống/Thuật ngữ			The Energy Matrix has an unknown anomaly, if you have any questions, please contact the official customer service.
lang_multi_text.db	ErrorCode_1500020_Text	3.4	Hội thoại/Cốt truyện	Hệ thống/Thuật ngữ			The Energy Matrix has an unknown anomaly, if you have any questions, please contact the official customer service.
lang_multi_text.db	ErrorCode_1500021_Text	3.4	Hội thoại/Cốt truyện	Hệ thống/Thuật ngữ			The Energy Matrix has an unknown anomaly, if you have any questions, please contact the official customer service.
lang_multi_text.db	ErrorCode_1500022_Text	3.4	Hội thoại/Cốt truyện	Hệ thống/Thuật ngữ			The Energy Matrix has an unknown anomaly, if you have any questions, please contact the official customer service.
lang_multi_text.db	ErrorCode_1500023_Text	3.4	Hội thoại/Cốt truyện	Hệ thống/Thuật ngữ			The Energy Matrix has an unknown anomaly, if you have any questions, please contact the official customer service.
lang_multi_text.db	ErrorCode_1500024_Text	3.4	Hội thoại/Cốt truyện	Hệ thống/Thuật ngữ			The Energy Matrix has an unknown anomaly, if you have any questions, please contact the official customer service.
lang_multi_text.db	ErrorCode_1500025_Text	3.4	Hội thoại/Cốt truyện	Hệ thống/Thuật ngữ			The Energy Matrix has an unknown anomaly, if you have any questions, please contact the official customer service.
lang_multi_text.db	ErrorCode_1500026_Text	3.4	Hội thoại/Cốt truyện	Hệ thống/Thuật ngữ			The Energy Matrix has an unknown anomaly, if you have any questions, please contact the official customer service.
lang_multi_text.db	ErrorCode_1500027_Text	3.4	Hội thoại/Cốt truyện	Hệ thống/Thuật ngữ			The Energy Matrix has an unknown anomaly, if you have any questions, please contact the official customer service.
lang_multi_text.db	ErrorCode_1500028_Text	3.4	Hội thoại/Cốt truyện	Hệ thống/Thuật ngữ			The Energy Matrix has an unknown anomaly, if you have any questions, please contact the official customer service.
lang_multi_text.db	ErrorCode_1500029_Text	3.4	Hội thoại/Cốt truyện	Hệ thống/Thuật ngữ			The Energy Matrix has an unknown anomaly, if you have any questions, please contact the official customer service.
lang_multi_text.db	ErrorCode_1500030_Text	3.4	Hội thoại/Cốt truyện	Hệ thống/Thuật ngữ			The Energy Matrix has an unknown anomaly, if you have any questions, please contact the official customer service.
lang_multi_text.db	ErrorCode_1500031_Text	3.4	Hội thoại/Cốt truyện	Hệ thống/Thuật ngữ			The Energy Matrix has an unknown anomaly, if you have any questions, please contact the official customer service.
lang_multi_text.db	ErrorCode_1500032_Text	3.4	Hội thoại/Cốt truyện	Hệ thống/Thuật ngữ			The Energy Matrix has an unknown anomaly, if you have any questions, please contact the official customer service.
lang_multi_text.db	ErrorCode_1500033_Text	3.4	Hội thoại/Cốt truyện	Hệ thống/Thuật ngữ			The Energy Matrix has an unknown anomaly, if you have any questions, please contact the official customer service.
lang_multi_text.db	ErrorCode_1500034_Text	3.4	Hội thoại/Cốt truyện	Hệ thống/Thuật ngữ			The Energy Matrix has an unknown anomaly, if you have any questions, please contact the official customer service.
lang_multi_text.db	ErrorCode_1500035_Text	3.4	Hội thoại/Cốt truyện	Hệ thống/Thuật ngữ			The Energy Matrix has an unknown anomaly, if you have any questions, please contact the official customer service.
lang_multi_text.db	ErrorCode_1500036_Text	3.4	Hội thoại/Cốt truyện	Hệ thống/Thuật ngữ			The Energy Matrix has an unknown anomaly, if you have any questions, please contact the official customer service.
lang_multi_text.db	ErrorCode_1500037_Text	3.4	Hội thoại/Cốt truyện	Hệ thống/Thuật ngữ			The Energy Matrix has an unknown anomaly, if you have any questions, please contact the official customer service.
lang_multi_text.db	ErrorCode_1500038_Text	3.4	Hội thoại/Cốt truyện	Hệ thống/Thuật ngữ			The Energy Matrix has an unknown anomaly, if you have any questions, please contact the official customer service.
lang_multi_text.db	ErrorCode_1500039_Text	3.4	Hội thoại/Cốt truyện	Hệ thống/Thuật ngữ			The Energy Matrix has an unknown anomaly, if you have any questions, please contact the official customer service.
lang_multi_text.db	ErrorCode_1500040_Text	3.4	Hội thoại/Cốt truyện	Hệ thống/Thuật ngữ			The Energy Matrix has an unknown anomaly, if you have any questions, please contact the official customer service.
lang_multi_text.db	ErrorCode_1500041_Text	3.4	Hội thoại/Cốt truyện	Hệ thống/Thuật ngữ			The Energy Matrix has an unknown anomaly, if you have any questions, please contact the official customer service.
lang_multi_text.db	ErrorCode_1500042_Text	3.4	Hội thoại/Cốt truyện	Hệ thống/Thuật ngữ			Anomaly exists, if you have any questions, please contact the official customer service
lang_multi_text.db	ErrorCode_1500043_Text	3.4	Hội thoại/Cốt truyện	Hệ thống/Thuật ngữ			Anomaly exists, if you have any questions, please contact the official customer service
lang_multi_text.db	ErrorCode_1500044_Text	3.4	Hội thoại/Cốt truyện	Hệ thống/Thuật ngữ			Anomaly exists, if you have any questions, please contact the official customer service
lang_multi_text.db	ErrorCode_1500045_Text	3.4	Hội thoại/Cốt truyện	Hệ thống/Thuật ngữ			Anomaly exists, if you have any questions, please contact the official customer service
lang_multi_text.db	ErrorCode_1500046_Text	3.4	Hội thoại/Cốt truyện	Hệ thống/Thuật ngữ			Anomaly exists, if you have any questions, please contact the official customer service
lang_multi_text.db	ErrorCode_1500047_Text	3.4	Hội thoại/Cốt truyện	Hệ thống/Thuật ngữ			Anomaly exists, if you have any questions, please contact the official customer service
lang_multi_text.db	ErrorCode_1500048_Text	3.4	Hội thoại/Cốt truyện	Hệ thống/Thuật ngữ			Anomaly exists, if you have any questions, please contact the official customer service
lang_multi_text.db	ErrorCode_1500049_Text	3.4	Hội thoại/Cốt truyện	Hệ thống/Thuật ngữ			Anomaly exists, if you have any questions, please contact the official customer service
lang_multi_text.db	ErrorCode_1500050_Text	3.4	Hội thoại/Cốt truyện	Hệ thống/Thuật ngữ			Anomaly exists, if you have any questions, please contact the official customer service
lang_multi_text.db	ErrorCode_1500051_Text	3.4	Hội thoại/Cốt truyện	Hệ thống/Thuật ngữ			Anomaly exists, if you have any questions, please contact the official customer service
lang_multi_text.db	ErrorCode_1500052_Text	3.4	Hội thoại/Cốt truyện	Hệ thống/Thuật ngữ			Anomaly exists, if you have any questions, please contact the official customer service
lang_multi_text.db	ErrorCode_1500053_Text	3.4	Hội thoại/Cốt truyện	Hệ thống/Thuật ngữ			Anomaly exists, if you have any questions, please contact the official customer service
lang_multi_text.db	ErrorCode_1500054_Text	3.4	Hội thoại/Cốt truyện	Hệ thống/Thuật ngữ			Anomaly exists, if you have any questions, please contact the official customer service
lang_multi_text.db	ErrorCode_1500055_Text	3.4	Hội thoại/Cốt truyện	Hệ thống/Thuật ngữ			Anomaly exists, if you have any questions, please contact the official customer service
lang_multi_text.db	ErrorCode_1500056_Text	3.4	Hội thoại/Cốt truyện	Hệ thống/Thuật ngữ			Anomaly exists, if you have any questions, please contact the official customer service
lang_multi_text.db	ErrorCode_1500057_Text	3.4	Hội thoại/Cốt truyện	Hệ thống/Thuật ngữ			Anomaly exists, if you have any questions, please contact the official customer service
lang_multi_text.db	ErrorCode_1500058_Text	3.4	Hội thoại/Cốt truyện	Hệ thống/Thuật ngữ			Waypoint does not exist
lang_multi_text.db	ErrorCode_1500059_Text	3.4	Hội thoại/Cốt truyện	Hệ thống/Thuật ngữ			Cannot open this panel in Co-op Mode
lang_multi_text.db	ErrorCode_1500060_Text	3.4	Hội thoại/Cốt truyện	Hệ thống/Thuật ngữ			Anomaly exists, if you have any questions, please contact the official customer service
lang_multi_text.db	ErrorCode_1500061_Text	3.4	Hội thoại/Cốt truyện	Hệ thống/Thuật ngữ			Anomaly exists, if you have any questions, please contact the official customer service
lang_multi_text.db	ErrorCode_1500062_Text	3.4	Hội thoại/Cốt truyện	Hệ thống/Thuật ngữ			Anomaly exists, if you have any questions, please contact the official customer service
lang_multi_text.db	ErrorCode_1500063_Text	3.4	Hội thoại/Cốt truyện	Hệ thống/Thuật ngữ			Anomaly exists, if you have any questions, please contact the official customer service
lang_multi_text.db	ErrorCode_1500064_Text	3.4	Hội thoại/Cốt truyện	Hệ thống/Thuật ngữ			Anomaly exists, if you have any questions, please contact the official customer service
lang_multi_text.db	ErrorCode_1500065_Text	3.4	Hội thoại/Cốt truyện	Hệ thống/Thuật ngữ			Anomaly exists, if you have any questions, please contact the official customer service
lang_multi_text.db	ErrorCode_1500066_Text	3.4	Hội thoại/Cốt truyện	Hệ thống/Thuật ngữ			The Lootmapper has an unknown anomaly, if you have any questions, please contact the official customer service
lang_multi_text.db	ErrorCode_1500067_Text	3.4	Hội thoại/Cốt truyện	Hệ thống/Thuật ngữ			The Lootmapper has an unknown anomaly, if you have any questions, please contact the official customer service
lang_multi_text.db	ErrorCode_1500068_Text	3.4	Hội thoại/Cốt truyện	Hệ thống/Thuật ngữ			The Energy Matrix has an unknown anomaly, if you have any questions, please contact the official customer service
lang_multi_text.db	ErrorCode_1500069_Text	3.4	Hội thoại/Cốt truyện	Hệ thống/Thuật ngữ			The Energy Matrix has an unknown anomaly, if you have any questions, please contact the official customer service
lang_multi_text.db	ErrorCode_1500070_Text	3.4	Hội thoại/Cốt truyện	Hệ thống/Thuật ngữ			The Energy Matrix has an unknown anomaly, if you have any questions, please contact the official customer service
lang_multi_text.db	ErrorCode_1500071_Text	3.4	Hội thoại/Cốt truyện	Hệ thống/Thuật ngữ			Anomaly exists, if you have any questions, please contact the official customer service
lang_multi_text.db	ErrorCode_1500072_Text	3.4	Hội thoại/Cốt truyện	Hệ thống/Thuật ngữ			Anomaly exists, if you have any questions, please contact the official customer service
lang_multi_text.db	ErrorCode_1500073_Text	3.4	Hội thoại/Cốt truyện	Hệ thống/Thuật ngữ			Anomaly exists, if you have any questions, please contact the official customer service
lang_multi_text.db	ErrorCode_1500074_Text	3.4	Hội thoại/Cốt truyện	Hệ thống/Thuật ngữ			Anomaly exists, if you have any questions, please contact the official customer service
lang_multi_text.db	ErrorCode_1500075_Text	3.4	Hội thoại/Cốt truyện	Hệ thống/Thuật ngữ			Anomaly exists, if you have any questions, please contact the official customer service
lang_multi_text.db	ErrorCode_1500076_Text	3.4	Hội thoại/Cốt truyện	Hệ thống/Thuật ngữ			Anomaly exists, if you have any questions, please contact the official customer service
lang_multi_text.db	ErrorCode_1500077_Text	3.4	Hội thoại/Cốt truyện	Hệ thống/Thuật ngữ			Anomaly exists, if you have any questions, please contact the official customer service
lang_multi_text.db	ErrorCode_1500078_Text	3.4	Hội thoại/Cốt truyện	Hệ thống/Thuật ngữ			Anomaly exists, if you have any questions, please contact the official customer service
lang_multi_text.db	ErrorCode_1500079_Text	3.4	Hội thoại/Cốt truyện	Hệ thống/Thuật ngữ			Character is not active.
lang_multi_text.db	ErrorCode_1500080_Text	3.4	Hội thoại/Cốt truyện	Hệ thống/Thuật ngữ			Anomalies exist, please contact official customer service if you have any questions.
lang_multi_text.db	ErrorCode_1500081_Text	3.4	Hội thoại/Cốt truyện	Hệ thống/Thuật ngữ			Passive skills are abnormal, if you have any questions, please contact official customer service.
lang_multi_text.db	ErrorCode_1500082_Text	3.4	Hội thoại/Cốt truyện	Hệ thống/Thuật ngữ			Passive skills are abnormal, if you have any questions, please contact official customer service.
lang_multi_text.db	ErrorCode_1500083_Text	3.4	Hội thoại/Cốt truyện	Hệ thống/Thuật ngữ			Passive skills are abnormal, if you have any questions, please contact official customer service.
lang_multi_text.db	ErrorCode_1500084_Text	3.4	Hội thoại/Cốt truyện	Hệ thống/Thuật ngữ			Passive skills are abnormal, if you have any questions, please contact official customer service.
lang_multi_text.db	ErrorCode_1500085_Text	3.4	Hội thoại/Cốt truyện	Hệ thống/Thuật ngữ			Passive skills are abnormal, if you have any questions, please contact official customer service.
lang_multi_text.db	ErrorCode_1500086_Text	3.4	Hội thoại/Cốt truyện	Hệ thống/Thuật ngữ			Anomalies exist, please contact official customer service if you have any questions.
lang_multi_text.db	ErrorCode_1500087_Text	3.4	Hội thoại/Cốt truyện	Hệ thống/Thuật ngữ			Passive skills are abnormal, if you have any questions, please contact official customer service.
lang_multi_text.db	ErrorCode_1500088_Text	3.4	Hội thoại/Cốt truyện	Hệ thống/Thuật ngữ			Passive skills are abnormal, if you have any questions, please contact official customer service.
lang_multi_text.db	ErrorCode_1500089_Text	3.4	Hội thoại/Cốt truyện	Hệ thống/Thuật ngữ			Passive skills are abnormal, if you have any questions, please contact official customer service.
lang_multi_text.db	ErrorCode_1500090_Text	3.4	Hội thoại/Cốt truyện	Hệ thống/Thuật ngữ			Passive skills are abnormal, if you have any questions, please contact official customer service.
lang_multi_text.db	ErrorCode_1500091_Text	3.4	Hội thoại/Cốt truyện	Hệ thống/Thuật ngữ			Anomalies exist, please contact official customer service if you have any questions.
lang_multi_text.db	ErrorCode_1500092_Text	3.4	Hội thoại/Cốt truyện	Hệ thống/Thuật ngữ			Passive skills are abnormal, if you have any questions, please contact official customer service.
lang_multi_text.db	ErrorCode_1500093_Text	3.4	Hội thoại/Cốt truyện	Hệ thống/Thuật ngữ			Passive skills are abnormal, if you have any questions, please contact official customer service.
lang_multi_text.db	ErrorCode_1500094_Text	3.4	Hội thoại/Cốt truyện	Hệ thống/Thuật ngữ			Passive skills are abnormal, if you have any questions, please contact official customer service.
lang_multi_text.db	ErrorCode_1500095_Text	3.4	Hội thoại/Cốt truyện	Hệ thống/Thuật ngữ			Anomalies exist, please contact official customer service if you have any questions.
lang_multi_text.db	ErrorCode_1500096_Text	3.4	Hội thoại/Cốt truyện	Hệ thống/Thuật ngữ			Passive skills are abnormal, if you have any questions, please contact official customer service.
lang_multi_text.db	ErrorCode_1500097_Text	3.4	Hội thoại/Cốt truyện	Hệ thống/Thuật ngữ			Please contact our Customer Service for assistance
lang_multi_text.db	ErrorCode_15_Text	3.4	Hội thoại/Cốt truyện	Hệ thống/Thuật ngữ			Word Screening API failed to respond. Please try again.
lang_multi_text.db	ErrorCode_1600000_Text	3.4	Hội thoại/Cốt truyện	Hệ thống/Thuật ngữ			System error. Please try again later.
lang_multi_text.db	ErrorCode_1600001_Text	3.4	Hội thoại/Cốt truyện	Hệ thống/Thuật ngữ			System error. Please try again later.
lang_multi_text.db	ErrorCode_1600002_Text	3.4	Hội thoại/Cốt truyện	Hệ thống/Thuật ngữ			System error. Please try again later.
lang_multi_text.db	ErrorCode_1600003_Text	3.4	Hội thoại/Cốt truyện	Hệ thống/Thuật ngữ			System error. Please try again later.
lang_multi_text.db	ErrorCode_1600004_Text	3.4	Hội thoại/Cốt truyện	Hệ thống/Thuật ngữ			Restricted combat action
lang_multi_text.db	ErrorCode_1600005_Text	3.4	Hội thoại/Cốt truyện	Hệ thống/Thuật ngữ			Restricted combat action
lang_multi_text.db	ErrorCode_1600006_Text	3.4	Hội thoại/Cốt truyện	Hệ thống/Thuật ngữ			Restricted combat action
lang_multi_text.db	ErrorCode_1600007_Text	3.4	Hội thoại/Cốt truyện	Hệ thống/Thuật ngữ			Bullet target does not exist
lang_multi_text.db	ErrorCode_1600008_Text	3.4	Hội thoại/Cốt truyện	Hệ thống/Thuật ngữ			Restricted part
lang_multi_text.db	ErrorCode_1600009_Text	3.4	Hội thoại/Cốt truyện	Hệ thống/Thuật ngữ			Restricted action
lang_multi_text.db	ErrorCode_1600010_Text	3.4	Hội thoại/Cốt truyện	Hệ thống/Thuật ngữ			Restricted configuration
lang_multi_text.db	ErrorCode_1600011_Text	3.4	Hội thoại/Cốt truyện	Hệ thống/Thuật ngữ			System error. Please try again later.
lang_multi_text.db	ErrorCode_1600012_Text	3.4	Hội thoại/Cốt truyện	Hệ thống/Thuật ngữ			System error. Please try again later.
lang_multi_text.db	ErrorCode_1600013_Text	3.4	Hội thoại/Cốt truyện	Hệ thống/Thuật ngữ			System error. Please try again later.
lang_multi_text.db	ErrorCode_1600014_Text	3.4	Hội thoại/Cốt truyện	Hệ thống/Thuật ngữ			Restricted action
lang_multi_text.db	ErrorCode_1600015_Text	3.4	Hội thoại/Cốt truyện	Hệ thống/Thuật ngữ			Anomaly exists, if you have any questions, please contact the official customer service
lang_multi_text.db	ErrorCode_1600016_Text	3.4	Hội thoại/Cốt truyện	Hệ thống/Thuật ngữ			Anomaly exists, if you have any questions, please contact the official customer service
lang_multi_text.db	ErrorCode_1600017_Text	3.4	Hội thoại/Cốt truyện	Hệ thống/Thuật ngữ			Anomaly exists, if you have any questions, please contact the official customer service
lang_multi_text.db	ErrorCode_1600018_Text	3.4	Hội thoại/Cốt truyện	Hệ thống/Thuật ngữ			Anomaly exists, if you have any questions, please contact the official customer service
lang_multi_text.db	ErrorCode_1600019_Text	3.4	Hội thoại/Cốt truyện	Hệ thống/Thuật ngữ			Anomaly exists, if you have any questions, please contact the official customer service
lang_multi_text.db	ErrorCode_1600020_Text	3.4	Hội thoại/Cốt truyện	Hệ thống/Thuật ngữ			Anomaly exists, if you have any questions, please contact the official customer service
lang_multi_text.db	ErrorCode_1600021_Text	3.4	Hội thoại/Cốt truyện	Hệ thống/Thuật ngữ			Anomaly exists, if you have any questions, please contact the official customer service
lang_multi_text.db	ErrorCode_1600022_Text	3.4	Hội thoại/Cốt truyện	Hệ thống/Thuật ngữ			Anomaly exists, if you have any questions, please contact the official customer service
lang_multi_text.db	ErrorCode_1600023_Text	3.4	Hội thoại/Cốt truyện	Hệ thống/Thuật ngữ			Anomaly exists, if you have any questions, please contact the official customer service
lang_multi_text.db	ErrorCode_1600024_Text	3.4	Hội thoại/Cốt truyện	Hệ thống/Thuật ngữ			Anomaly exists, if you have any questions, please contact the official customer service
lang_multi_text.db	ErrorCode_1600025_Text	3.4	Hội thoại/Cốt truyện	Hệ thống/Thuật ngữ			Anomaly exists, if you have any questions, please contact the official customer service
lang_multi_text.db	ErrorCode_1600026_Text	3.4	Hội thoại/Cốt truyện	Hệ thống/Thuật ngữ			Anomaly exists, if you have any questions, please contact the official customer service
lang_multi_text.db	ErrorCode_1600027_Text	3.4	Hội thoại/Cốt truyện	Hệ thống/Thuật ngữ			Anomaly exists, if you have any questions, please contact the official customer service
lang_multi_text.db	ErrorCode_16_Text	3.4	Hội thoại/Cốt truyện	Hệ thống/Thuật ngữ			Response from Word Screening API is null. Please try again.
lang_multi_text.db	ErrorCode_1700000_Text	3.4	Hội thoại/Cốt truyện	Hệ thống/Thuật ngữ			Status toggle error
lang_multi_text.db	ErrorCode_1700001_Text	3.4	Hội thoại/Cốt truyện	Hệ thống/Thuật ngữ			Status toggle error
lang_multi_text.db	ErrorCode_1700002_Text	3.4	Hội thoại/Cốt truyện	Hệ thống/Thuật ngữ			Status toggle error
lang_multi_text.db	ErrorCode_1700003_Text	3.4	Hội thoại/Cốt truyện	Hệ thống/Thuật ngữ			State switch error
lang_multi_text.db	ErrorCode_1700004_Text	3.4	Hội thoại/Cốt truyện	Hệ thống/Thuật ngữ			State switch error
lang_multi_text.db	ErrorCode_1700005_Text	3.4	Hội thoại/Cốt truyện	Hệ thống/Thuật ngữ			State switch error
lang_multi_text.db	ErrorCode_1700006_Text	3.4	Hội thoại/Cốt truyện	Hệ thống/Thuật ngữ			State switch error
lang_multi_text.db	ErrorCode_1700007_Text	3.4	Hội thoại/Cốt truyện	Hệ thống/Thuật ngữ			State switch error
lang_multi_text.db	ErrorCode_1700008_Text	3.4	Hội thoại/Cốt truyện	Hệ thống/Thuật ngữ			Test auto-generated submission
lang_multi_text.db	ErrorCode_1700009_Text	3.4	Hội thoại/Cốt truyện	Hệ thống/Thuật ngữ			Test auto-generated submission
lang_multi_text.db	ErrorCode_1700010_Text	3.4	Hội thoại/Cốt truyện	Hệ thống/Thuật ngữ			Activity function disabled
lang_multi_text.db	ErrorCode_1700011_Text	3.4	Hội thoại/Cốt truyện	Hệ thống/Thuật ngữ			Activity mission configuration not found
lang_multi_text.db	ErrorCode_1700012_Text	3.4	Hội thoại/Cốt truyện	Hệ thống/Thuật ngữ			Activity mission not accepted
lang_multi_text.db	ErrorCode_1700013_Text	3.4	Hội thoại/Cốt truyện	Hệ thống/Thuật ngữ			Activity mission incomplete
lang_multi_text.db	ErrorCode_1700014_Text	3.4	Hội thoại/Cốt truyện	Hệ thống/Thuật ngữ			Activity rewards claimed
lang_multi_text.db	ErrorCode_1700015_Text	3.4	Hội thoại/Cốt truyện	Hệ thống/Thuật ngữ			Activity reward configuration not found
lang_multi_text.db	ErrorCode_1700016_Text	3.4	Hội thoại/Cốt truyện	Hệ thống/Thuật ngữ			Already requirement not met
lang_multi_text.db	ErrorCode_1700017_Text	3.4	Hội thoại/Cốt truyện	Hệ thống/Thuật ngữ			Activity reward request parameters error
lang_multi_text.db	ErrorCode_1700018_Text	3.4	Hội thoại/Cốt truyện	Hệ thống/Thuật ngữ			Activity mission reward request parameters error
lang_multi_text.db	ErrorCode_1700019_Text	3.4	Hội thoại/Cốt truyện	Hệ thống/Thuật ngữ			The current blueprint node type is not a montage
lang_multi_text.db	ErrorCode_1700020_Text	3.4	Hội thoại/Cốt truyện	Hệ thống/Thuật ngữ			The current blueprint node type is not a montage
lang_multi_text.db	ErrorCode_1700021_Text	3.4	Hội thoại/Cốt truyện	Hệ thống/Thuật ngữ			The skill does not exist
lang_multi_text.db	ErrorCode_1700022_Text	3.4	Hội thoại/Cốt truyện	Hệ thống/Thuật ngữ			The skill does not exist
lang_multi_text.db	ErrorCode_1700023_Text	3.4	Hội thoại/Cốt truyện	Hệ thống/Thuật ngữ			The skill does not exist buff
lang_multi_text.db	ErrorCode_1700024_Text	3.4	Hội thoại/Cốt truyện	Hệ thống/Thuật ngữ			The skill does not exist buff
lang_multi_text.db	ErrorCode_1700025_Text	3.4	Hội thoại/Cốt truyện	Hệ thống/Thuật ngữ			The skill does not exist bullet
lang_multi_text.db	ErrorCode_1700026_Text	3.4	Hội thoại/Cốt truyện	Hệ thống/Thuật ngữ			The skill does not exist bullet
lang_multi_text.db	ErrorCode_1700027_Text	3.4	Hội thoại/Cốt truyện	Hệ thống/Thuật ngữ			The montage being played does not match the skill
lang_multi_text.db	ErrorCode_1700028_Text	3.4	Hội thoại/Cốt truyện	Hệ thống/Thuật ngữ			The montage index being played is wrong
lang_multi_text.db	ErrorCode_1700029_Text	3.4	Hội thoại/Cốt truyện	Hệ thống/Thuật ngữ			No illusion skill is equipped
lang_multi_text.db	ErrorCode_1700030_Text	3.4	Hội thoại/Cốt truyện	Hệ thống/Thuật ngữ			The skill is not cooled down
lang_multi_text.db	ErrorCode_1700031_Text	3.4	Hội thoại/Cốt truyện	Hệ thống/Thuật ngữ			No context
lang_multi_text.db	ErrorCode_1700032_Text	3.4	Hội thoại/Cốt truyện	Hệ thống/Thuật ngữ			State machine behavior can only be executed once
lang_multi_text.db	ErrorCode_1700033_Text	3.4	Hội thoại/Cốt truyện	Hệ thống/Thuật ngữ			Playing montage, but the skill is not being released
lang_multi_text.db	ErrorCode_1700034_Text	3.4	Hội thoại/Cốt truyện	Hệ thống/Thuật ngữ			The montage does not exist
lang_multi_text.db	ErrorCode_1700035_Text	3.4	Hội thoại/Cốt truyện	Hệ thống/Thuật ngữ			The montage does not contain a buff
lang_multi_text.db	ErrorCode_1700036_Text	3.4	Hội thoại/Cốt truyện	Hệ thống/Thuật ngữ			The montage does not contain a bullet
lang_multi_text.db	ErrorCode_1700037_Text	3.4	Hội thoại/Cốt truyện	Hệ thống/Thuật ngữ			The montage cannot generate subsequent behavior
lang_multi_text.db	ErrorCode_1700038_Text	3.4	Hội thoại/Cốt truyện	Hệ thống/Thuật ngữ			The useSkillInfo parameter is null
lang_multi_text.db	ErrorCode_17_Text	3.4	Hội thoại/Cốt truyện	Hệ thống/Thuật ngữ			Word Screening error. Please try again.
lang_multi_text.db	ErrorCode_1800000_Text	3.4	Hội thoại/Cốt truyện	Hệ thống/Thuật ngữ			Currently not in the online state, please try again later
lang_multi_text.db	ErrorCode_1800001_Text	3.4	Hội thoại/Cốt truyện	Hệ thống/Thuật ngữ			No Team Members Now
lang_multi_text.db	ErrorCode_1800002_Text	3.4	Hội thoại/Cốt truyện	Hệ thống/Thuật ngữ			The player is not the host
lang_multi_text.db	ErrorCode_1800003_Text	3.4	Hội thoại/Cốt truyện	Hệ thống/Thuật ngữ			The invitation has expired
lang_multi_text.db	ErrorCode_1800004_Text	3.4	Hội thoại/Cốt truyện	Hệ thống/Thuật ngữ			The player does not have team match information, please try again later
lang_multi_text.db	ErrorCode_1800005_Text	3.4	Hội thoại/Cốt truyện	Hệ thống/Thuật ngữ			The host's match team has no members, please try again later
lang_multi_text.db	ErrorCode_1800006_Text	3.4	Hội thoại/Cốt truyện	Hệ thống/Thuật ngữ			The player is already in the match team
lang_multi_text.db	ErrorCode_1800007_Text	3.4	Hội thoại/Cốt truyện	Hệ thống/Thuật ngữ			The player is not in the match team, please try again later
lang_multi_text.db	ErrorCode_1800008_Text	3.4	Hội thoại/Cốt truyện	Hệ thống/Thuật ngữ			The host status is abnormal, if you have any questions, please contact the official customer service
lang_multi_text.db	ErrorCode_1800009_Text	3.4	Hội thoại/Cốt truyện	Hệ thống/Thuật ngữ			The matching status is abnormal, if you have any questions, please contact the official customer service
lang_multi_text.db	ErrorCode_1800010_Text	3.4	Hội thoại/Cốt truyện	Hệ thống/Thuật ngữ			The matching team is full
lang_multi_text.db	ErrorCode_1800011_Text	3.4	Hội thoại/Cốt truyện	Hệ thống/Thuật ngữ			The matching team challenge team has no permission, please try again later
lang_multi_text.db	ErrorCode_1800012_Text	3.4	Hội thoại/Cốt truyện	Hệ thống/Thuật ngữ			The player is already in the team challenge team, please try again later
lang_multi_text.db	ErrorCode_1800013_Text	3.4	Hội thoại/Cốt truyện	Hệ thống/Thuật ngữ			The player has no matching node, please contact the official customer service for consultation
lang_multi_text.db	ErrorCode_1800014_Text	3.4	Hội thoại/Cốt truyện	Hệ thống/Thuật ngữ			The player's current scene is empty, please update and try again
lang_multi_text.db	ErrorCode_1800015_Text	3.4	Hội thoại/Cốt truyện	Hệ thống/Thuật ngữ			The player's scene character list is empty, please update and try again
lang_multi_text.db	ErrorCode_1800016_Text	3.4	Hội thoại/Cốt truyện	Hệ thống/Thuật ngữ			The player's matching status is abnormal, if you have any questions, please contact the official customer service
lang_multi_text.db	ErrorCode_1800017_Text	3.4	Hội thoại/Cốt truyện	Hệ thống/Thuật ngữ			The player's matching status is set repeatedly, if you have any questions, please contact the official customer service
lang_multi_text.db	ErrorCode_1800018_Text	3.4	Hội thoại/Cốt truyện	Hệ thống/Thuật ngữ			The world owner is matchmaking. Unable to join Co-op.
lang_multi_text.db	ErrorCode_1800019_Text	3.4	Hội thoại/Cốt truyện	Hệ thống/Thuật ngữ			The other party's client version is too low to operate, if you have any questions, please contact the official customer service
lang_multi_text.db	ErrorCode_1800020_Text	3.4	Hội thoại/Cốt truyện	Hệ thống/Thuật ngữ			The current client version is too low, please update and try again, if you have any questions, please contact the official customer service
lang_multi_text.db	ErrorCode_1800021_Text	3.4	Hội thoại/Cốt truyện	Hệ thống/Thuật ngữ			The current online mode cannot be downgraded, if you have any questions, please contact the official customer service
lang_multi_text.db	ErrorCode_1800022_Text	3.4	Hội thoại/Cốt truyện	Hệ thống/Thuật ngữ			The current online mode cannot be restored, if you have any questions, please contact the official customer service
lang_multi_text.db	ErrorCode_1800023_Text	3.4	Hội thoại/Cốt truyện	Hệ thống/Thuật ngữ			The other party is already in the online status
lang_multi_text.db	ErrorCode_1800024_Text	3.4	Hội thoại/Cốt truyện	Hệ thống/Thuật ngữ			The Resonator to be switched is not in the current team
lang_multi_text.db	ErrorCode_1800025_Text	3.4	Hội thoại/Cốt truyện	Hệ thống/Thuật ngữ			The current character cannot be changed
lang_multi_text.db	ErrorCode_1800026_Text	3.4	Hội thoại/Cốt truyện	Hệ thống/Thuật ngữ			The current player cannot use the online mode
lang_multi_text.db	ErrorCode_1800027_Text	3.4	Hội thoại/Cốt truyện	Hệ thống/Thuật ngữ			There is an abnormality, if you have any questions, please contact the official customer service
lang_multi_text.db	ErrorCode_1800028_Text	3.4	Hội thoại/Cốt truyện	Hệ thống/Thuật ngữ			There is an abnormality, if you have any questions, please contact the official customer service
lang_multi_text.db	ErrorCode_1800029_Text	3.4	Hội thoại/Cốt truyện	Hệ thống/Thuật ngữ			There is an abnormality, if you have any questions, please contact the official customer service
lang_multi_text.db	ErrorCode_1800030_Text	3.4	Hội thoại/Cốt truyện	Hệ thống/Thuật ngữ			Revive the current Resonator before you join Co-op
lang_multi_text.db	ErrorCode_1800031_Text	3.4	Hội thoại/Cốt truyện	Hệ thống/Thuật ngữ			Revive the current Resonator before you join Co-op
lang_multi_text.db	ErrorCode_1800032_Text	3.4	Hội thoại/Cốt truyện	Hệ thống/Thuật ngữ			Revive the current Resonator before you join Co-op
lang_multi_text.db	ErrorCode_1800033_Text	3.4	Hội thoại/Cốt truyện	Hệ thống/Thuật ngữ			Network error. Please try again later.
lang_multi_text.db	ErrorCode_1800034_Text	3.4	Hội thoại/Cốt truyện	Hệ thống/Thuật ngữ			Network error. Please try again later.
lang_multi_text.db	ErrorCode_1800035_Text	3.4	Hội thoại/Cốt truyện	Hệ thống/Thuật ngữ			Please resurrect and try to match again.
lang_multi_text.db	ErrorCode_1800036_Text	3.4	Hội thoại/Cốt truyện	Hệ thống/Thuật ngữ			Patch verification failed. The client's common configuration is too old.
lang_multi_text.db	ErrorCode_1800037_Text	3.4	Hội thoại/Cốt truyện	Hệ thống/Thuật ngữ			Patch verification failed. The client's common configuration is too new.
lang_multi_text.db	ErrorCode_1800038_Text	3.4	Hội thoại/Cốt truyện	Hệ thống/Thuật ngữ			Patch verification failed. The client's common configuration is incorrect.
lang_multi_text.db	ErrorCode_1800039_Text	3.4	Hội thoại/Cốt truyện	Hệ thống/Thuật ngữ			Patch verification failed. The client's common configuration is incorrect.
lang_multi_text.db	ErrorCode_1800040_Text	3.4	Hội thoại/Cốt truyện	Hệ thống/Thuật ngữ			Patch verification failed. An error occurred when requesting the server's common configuration.
lang_multi_text.db	ErrorCode_1800041_Text	3.4	Hội thoại/Cốt truyện	Hệ thống/Thuật ngữ			Your client version is too low. Please update immediately.
lang_multi_text.db	ErrorCode_1800044_Text	3.4	Hội thoại/Cốt truyện	Hệ thống/Thuật ngữ			A player has failed to join the Co-op Mode
lang_multi_text.db	ErrorCode_1800045_Text	3.4	Hội thoại/Cốt truyện	Hệ thống/Thuật ngữ			You failed to join the Co-op Mode
lang_multi_text.db	ErrorCode_1800047_Text	3.4	Hội thoại/Cốt truyện	Hệ thống/Thuật ngữ			Unable to invite when the team is queuing. Please retry after quitting the queue or finding a match.
lang_multi_text.db	ErrorCode_1800048_Text	3.4	Hội thoại/Cốt truyện	Hệ thống/Thuật ngữ			Cannot start the challenge in the current state
lang_multi_text.db	ErrorCode_1800049_Text	3.4	Hội thoại/Cốt truyện	Hệ thống/Thuật ngữ			Currently using a trial Resonator, unable to join Co-op.
lang_multi_text.db	ErrorCode_1800053_Text	3.4	Hội thoại/Cốt truyện	Hệ thống/Thuật ngữ			The player you invited has been defeated and cannot join Co-op
lang_multi_text.db	ErrorCode_1800054_Text	3.4	Hội thoại/Cốt truyện	Hệ thống/Thuật ngữ			Cannot accept invitation when all Resonators are downed
lang_multi_text.db	ErrorCode_1800060_Text	3.4	Hội thoại/Cốt truyện	Hệ thống/Thuật ngữ			Your current game version is incompatible with other players'. Please update and try again.
lang_multi_text.db	ErrorCode_1800061_Text	3.4	Hội thoại/Cốt truyện	Hệ thống/Thuật ngữ			Your current network node does not support Co-op Mode. Please log out and log back in to continue.
lang_multi_text.db	ErrorCode_1800062_Text	3.4	Hội thoại/Cốt truyện	Hệ thống/Thuật ngữ			The other player's network node does not support Co-op Mode. They need to log out and log back in to continue.
lang_multi_text.db	ErrorCode_18_Text	3.4	Hội thoại/Cốt truyện	Hệ thống/Thuật ngữ			{0} component does not exist, if you have any questions, please contact the official customer service
lang_multi_text.db	ErrorCode_1900000_Text	3.4	Hội thoại/Cốt truyện	Hệ thống/Thuật ngữ			The Data Bank level is not unlocked, if you have any questions, please contact the official customer service
lang_multi_text.db	ErrorCode_1900001_Text	3.4	Hội thoại/Cốt truyện	Hệ thống/Thuật ngữ			The Data Bank level reward has been obtained
lang_multi_text.db	ErrorCode_1900002_Text	3.4	Hội thoại/Cốt truyện	Hệ thống/Thuật ngữ			The Data Bank has an abnormality, if you have any questions, please contact the official customer service
lang_multi_text.db	ErrorCode_1900003_Text	3.4	Hội thoại/Cốt truyện	Hệ thống/Thuật ngữ			There is an abnormality, if you have any questions, please contact the official customer service
lang_multi_text.db	ErrorCode_1900004_Text	3.4	Hội thoại/Cốt truyện	Hệ thống/Thuật ngữ			Failed to load the friend system data
lang_multi_text.db	ErrorCode_1900005_Text	3.4	Hội thoại/Cốt truyện	Hệ thống/Thuật ngữ			The private chat system data has not been loaded
lang_multi_text.db	ErrorCode_1900006_Text	3.4	Hội thoại/Cốt truyện	Hệ thống/Thuật ngữ			The Utility has an unknown abnormality, if you have any questions, please contact the official customer service
lang_multi_text.db	ErrorCode_1900007_Text	3.4	Hội thoại/Cốt truyện	Hệ thống/Thuật ngữ			The Utility has an unknown abnormality, if you have any questions, please contact the official customer service
lang_multi_text.db	ErrorCode_1900008_Text	3.4	Hội thoại/Cốt truyện	Hệ thống/Thuật ngữ			Unavailable in combat
lang_multi_text.db	ErrorCode_1900009_Text	3.4	Hội thoại/Cốt truyện	Hệ thống/Thuật ngữ			You have not obtained the Use Permit for this utility in the current region
lang_multi_text.db	ErrorCode_1900010_Text	3.4	Hội thoại/Cốt truyện	Hệ thống/Thuật ngữ			The Utility has an unknown abnormality, if you have any questions, please contact the official customer service
lang_multi_text.db	ErrorCode_1900011_Text	3.4	Hội thoại/Cốt truyện	Hệ thống/Thuật ngữ			No special collectibles are detected in the authorized area.
lang_multi_text.db	ErrorCode_1900012_Text	3.4	Hội thoại/Cốt truyện	Hệ thống/Thuật ngữ			The Utility has an unknown abnormality, if you have any questions, please contact the official customer service
lang_multi_text.db	ErrorCode_1900013_Text	3.4	Hội thoại/Cốt truyện	Hệ thống/Thuật ngữ			The Utility has an unknown abnormality, if you have any questions, please contact the official customer service
lang_multi_text.db	ErrorCode_1900014_Text	3.4	Hội thoại/Cốt truyện	Hệ thống/Thuật ngữ			The Utility has an unknown abnormality, if you have any questions, please contact the official customer service
lang_multi_text.db	ErrorCode_1900015_Text	3.4	Hội thoại/Cốt truyện	Hệ thống/Thuật ngữ			The Utility has an unknown abnormality, if you have any questions, please contact the official customer service
lang_multi_text.db	ErrorCode_1900016_Text	3.4	Hội thoại/Cốt truyện	Hệ thống/Thuật ngữ			There is an abnormality, if you have any questions, please contact the official customer service
lang_multi_text.db	ErrorCode_1900017_Text	3.4	Hội thoại/Cốt truyện	Hệ thống/Thuật ngữ			There is an abnormality, if you have any questions, please contact the official customer service
lang_multi_text.db	ErrorCode_1900018_Text	3.4	Hội thoại/Cốt truyện	Hệ thống/Thuật ngữ			There is an abnormality, if you have any questions, please contact the official customer service
lang_multi_text.db	ErrorCode_1900019_Text	3.4	Hội thoại/Cốt truyện	Hệ thống/Thuật ngữ			There is an abnormality, if you have any questions, please contact the official customer service
lang_multi_text.db	ErrorCode_1900020_Text	3.4	Hội thoại/Cốt truyện	Hệ thống/Thuật ngữ			There is an abnormality, if you have any questions, please contact the official customer service
lang_multi_text.db	ErrorCode_1900021_Text	3.4	Hội thoại/Cốt truyện	Hệ thống/Thuật ngữ			Utility has an unknown error, if you have any questions, please contact the official customer service
lang_multi_text.db	ErrorCode_1900022_Text	3.4	Hội thoại/Cốt truyện	Hệ thống/Thuật ngữ			There is an error, if you have any questions, please contact the official customer service
lang_multi_text.db	ErrorCode_1900023_Text	3.4	Hội thoại/Cốt truyện	Hệ thống/Thuật ngữ			Utility has an unknown error, if you have any questions, please contact the official customer service
lang_multi_text.db	ErrorCode_1900024_Text	3.4	Hội thoại/Cốt truyện	Hệ thống/Thuật ngữ			Utility has an unknown error, if you have any questions, please contact the official customer service
lang_multi_text.db	ErrorCode_1900025_Text	3.4	Hội thoại/Cốt truyện	Hệ thống/Thuật ngữ			Purchase conditions are not met
lang_multi_text.db	ErrorCode_1900026_Text	3.4	Hội thoại/Cốt truyện	Hệ thống/Thuật ngữ			Anomaly detected, if you have any questions, please contact the official customer service.
lang_multi_text.db	ErrorCode_1900027_Text	3.4	Hội thoại/Cốt truyện	Hệ thống/Thuật ngữ			There is an abnormality, if you have any questions, please contact the official customer service
lang_multi_text.db	ErrorCode_1900028_Text	3.4	Hội thoại/Cốt truyện	Hệ thống/Thuật ngữ			There is an abnormality, if you have any questions, please contact the official customer service
lang_multi_text.db	ErrorCode_1900029_Text	3.4	Hội thoại/Cốt truyện	Hệ thống/Thuật ngữ			There is an abnormality, if you have any questions, please contact the official customer service
lang_multi_text.db	ErrorCode_1900030_Text	3.4	Hội thoại/Cốt truyện	Hệ thống/Thuật ngữ			There is an abnormality, if you have any questions, please contact the official customer service
lang_multi_text.db	ErrorCode_1900031_Text	3.4	Hội thoại/Cốt truyện	Hệ thống/Thuật ngữ			There is an abnormality, if you have any questions, please contact the official customer service
lang_multi_text.db	ErrorCode_1900032_Text	3.4	Hội thoại/Cốt truyện	Hệ thống/Thuật ngữ			You cannot claim the same reward twice. If there are any questions, please contact the official customer service.
lang_multi_text.db	ErrorCode_1900033_Text	3.4	Hội thoại/Cốt truyện	Hệ thống/Thuật ngữ			Anomaly detected, if you have any questions, please contact the official customer service.
lang_multi_text.db	ErrorCode_1900034_Text	3.4	Hội thoại/Cốt truyện	Hệ thống/Thuật ngữ			Anomaly detected, if you have any questions, please contact the official customer service.
lang_multi_text.db	ErrorCode_1900035_Text	3.4	Hội thoại/Cốt truyện	Hệ thống/Thuật ngữ			Anomaly detected, if you have any questions, please contact the official customer service.
lang_multi_text.db	ErrorCode_1900036_Text	3.4	Hội thoại/Cốt truyện	Hệ thống/Thuật ngữ			Repeatedly claiming rewards, if you have any questions, please contact the official customer service.
lang_multi_text.db	ErrorCode_1900037_Text	3.4	Hội thoại/Cốt truyện	Hệ thống/Thuật ngữ			Level not achieved, please try again later.
lang_multi_text.db	ErrorCode_1900038_Text	3.4	Hội thoại/Cốt truyện	Hệ thống/Thuật ngữ			An error happened. Please try again later
lang_multi_text.db	ErrorCode_1900039_Text	3.4	Hội thoại/Cốt truyện	Hệ thống/Thuật ngữ			Unusual activity, please try again later.
lang_multi_text.db	ErrorCode_1900040_Text	3.4	Hội thoại/Cốt truyện	Hệ thống/Thuật ngữ			The Character Trial was not completed.
lang_multi_text.db	ErrorCode_1900041_Text	3.4	Hội thoại/Cốt truyện	Hệ thống/Thuật ngữ			Failed to claim rewards. Please try again.
lang_multi_text.db	ErrorCode_1900042_Text	3.4	Hội thoại/Cốt truyện	Hệ thống/Thuật ngữ			Event rewards have been claimed.
lang_multi_text.db	ErrorCode_1900043_Text	3.4	Hội thoại/Cốt truyện	Hệ thống/Thuật ngữ			Reward claim failed, please try again.
lang_multi_text.db	ErrorCode_1900044_Text	3.4	Hội thoại/Cốt truyện	Hệ thống/Thuật ngữ			Reward claim failed, please try again.
lang_multi_text.db	ErrorCode_1900045_Text	3.4	Hội thoại/Cốt truyện	Hệ thống/Thuật ngữ			Rewards error. Please contact our Customer Service for assistance
lang_multi_text.db	ErrorCode_1900046_Text	3.4	Hội thoại/Cốt truyện	Hệ thống/Thuật ngữ			Reward claim failed, please try again.
lang_multi_text.db	ErrorCode_1900047_Text	3.4	Hội thoại/Cốt truyện	Hệ thống/Thuật ngữ			The Character corresponding to the Remnant band was not obtained.
lang_multi_text.db	ErrorCode_1900048_Text	3.4	Hội thoại/Cốt truyện	Hệ thống/Thuật ngữ			Character's Remnant band props are over the limit.
lang_multi_text.db	ErrorCode_1900049_Text	3.4	Hội thoại/Cốt truyện	Hệ thống/Thuật ngữ			The event has not started.
lang_multi_text.db	ErrorCode_1900050_Text	3.4	Hội thoại/Cốt truyện	Hệ thống/Thuật ngữ			You have not reached the required activity level in the event.
lang_multi_text.db	ErrorCode_1900051_Text	3.4	Hội thoại/Cốt truyện	Hệ thống/Thuật ngữ			Please do not claim the reward repeatedly.
lang_multi_text.db	ErrorCode_1900052_Text	3.4	Hội thoại/Cốt truyện	Hệ thống/Thuật ngữ			Failed to claim the reward.
lang_multi_text.db	ErrorCode_1900053_Text	3.4	Hội thoại/Cốt truyện	Hệ thống/Thuật ngữ			You have not yet completed the event task.
lang_multi_text.db	ErrorCode_1900054_Text	3.4	Hội thoại/Cốt truyện	Hệ thống/Thuật ngữ			The event has ended.
lang_multi_text.db	ErrorCode_1900055_Text	3.4	Hội thoại/Cốt truyện	Hệ thống/Thuật ngữ			You cannot enter an empty remark.
lang_multi_text.db	ErrorCode_1900068_Text	3.4	Hội thoại/Cốt truyện	Hệ thống/Thuật ngữ			Reward not claimable
lang_multi_text.db	ErrorCode_1900069_Text	3.4	Hội thoại/Cốt truyện	Hệ thống/Thuật ngữ			Reward configuration missing
lang_multi_text.db	ErrorCode_1900070_Text	3.4	Hội thoại/Cốt truyện	Hệ thống/Thuật ngữ			Reward level configuration missing
lang_multi_text.db	ErrorCode_1900071_Text	3.4	Hội thoại/Cốt truyện	Hệ thống/Thuật ngữ			Reward claimed
lang_multi_text.db	ErrorCode_1900072_Text	3.4	Hội thoại/Cốt truyện	Hệ thống/Thuật ngữ			Reward configuration missing
lang_multi_text.db	ErrorCode_1900073_Text	3.4	Hội thoại/Cốt truyện	Hệ thống/Thuật ngữ			Reward claimed
lang_multi_text.db	ErrorCode_1900074_Text	3.4	Hội thoại/Cốt truyện	Hệ thống/Thuật ngữ			You have not signed in
lang_multi_text.db	ErrorCode_1900075_Text	3.4	Hội thoại/Cốt truyện	Hệ thống/Thuật ngữ			Reward configuration missing
lang_multi_text.db	ErrorCode_1900076_Text	3.4	Hội thoại/Cốt truyện	Hệ thống/Thuật ngữ			Reward claimed
lang_multi_text.db	ErrorCode_1900077_Text	3.4	Hội thoại/Cốt truyện	Hệ thống/Thuật ngữ			Points requirement not met
lang_multi_text.db	ErrorCode_1900078_Text	3.4	Hội thoại/Cốt truyện	Hệ thống/Thuật ngữ			Current quest not completed
lang_multi_text.db	ErrorCode_1900081_Text	3.4	Hội thoại/Cốt truyện	Hệ thống/Thuật ngữ			Sever busy. Please try again later.
lang_multi_text.db	ErrorCode_1900082_Text	3.4	Hội thoại/Cốt truyện	Hệ thống/Thuật ngữ			Sever busy. Please try again later.
lang_multi_text.db	ErrorCode_1900083_Text	3.4	Hội thoại/Cốt truyện	Hệ thống/Thuật ngữ			Incorrect account and password combination.
lang_multi_text.db	ErrorCode_1900094_Text	3.4	Hội thoại/Cốt truyện	Hệ thống/Thuật ngữ			Sever busy. Please try again later.
lang_multi_text.db	ErrorCode_1900098_Text	3.4	Hội thoại/Cốt truyện	Hệ thống/Thuật ngữ			Not the event time yet
lang_multi_text.db	ErrorCode_1900135_Text	3.4	Hội thoại/Cốt truyện	Hệ thống/Thuật ngữ			Event unavailable
lang_multi_text.db	ErrorCode_1900138_Text	3.4	Hội thoại/Cốt truyện	Hệ thống/Thuật ngữ			System error. Please contact our Customer Service for assistance
lang_multi_text.db	ErrorCode_1900139_Text	3.4	Hội thoại/Cốt truyện	Hệ thống/Thuật ngữ			System error. Please contact our Customer Service for assistance
lang_multi_text.db	ErrorCode_1900140_Text	3.4	Hội thoại/Cốt truyện	Hệ thống/Thuật ngữ			System error. Please contact our Customer Service for assistance
lang_multi_text.db	ErrorCode_1900141_Text	3.4	Hội thoại/Cốt truyện	Hệ thống/Thuật ngữ			Reward already claimed
lang_multi_text.db	ErrorCode_1900142_Text	3.4	Hội thoại/Cốt truyện	Hệ thống/Thuật ngữ			Reward eligibility not met
lang_multi_text.db	ErrorCode_1900143_Text	3.4	Hội thoại/Cốt truyện	Hệ thống/Thuật ngữ			All Resonator slots must be deployed
lang_multi_text.db	ErrorCode_1900144_Text	3.4	Hội thoại/Cốt truyện	Hệ thống/Thuật ngữ			All teams must carry a Token
lang_multi_text.db	ErrorCode_1900145_Text	3.4	Hội thoại/Cốt truyện	Hệ thống/Thuật ngữ			All teams must carry a Token
lang_multi_text.db	ErrorCode_1900146_Text	3.4	Hội thoại/Cốt truyện	Hệ thống/Thuật ngữ			Insufficient Token uses
lang_multi_text.db	ErrorCode_1900147_Text	3.4	Hội thoại/Cốt truyện	Hệ thống/Thuật ngữ			Resonator already on the team
lang_multi_text.db	ErrorCode_1900148_Text	3.4	Hội thoại/Cốt truyện	Hệ thống/Thuật ngữ			System error. Please contact our Customer Service for assistance
lang_multi_text.db	ErrorCode_1900149_Text	3.4	Hội thoại/Cốt truyện	Hệ thống/Thuật ngữ			Insufficient Token uses
lang_multi_text.db	ErrorCode_1900151_Text	3.4	Hội thoại/Cốt truyện	Hệ thống/Thuật ngữ			Quest data not found. Please try again later
lang_multi_text.db	ErrorCode_1900152_Text	3.4	Hội thoại/Cốt truyện	Hệ thống/Thuật ngữ			Event data not found. Please try again later
lang_multi_text.db	ErrorCode_1900153_Text	3.4	Hội thoại/Cốt truyện	Hệ thống/Thuật ngữ			Event configuration error. Please try again later.
lang_multi_text.db	ErrorCode_1900154_Text	3.4	Hội thoại/Cốt truyện	Hệ thống/Thuật ngữ			Quest incomplete
lang_multi_text.db	ErrorCode_1900155_Text	3.4	Hội thoại/Cốt truyện	Hệ thống/Thuật ngữ			Quest rewards already claimed
lang_multi_text.db	ErrorCode_1900156_Text	3.4	Hội thoại/Cốt truyện	Hệ thống/Thuật ngữ			Stage locked
lang_multi_text.db	ErrorCode_1900157_Text	3.4	Hội thoại/Cốt truyện	Hệ thống/Thuật ngữ			Stage configuration not found. Please try again later
lang_multi_text.db	ErrorCode_1900158_Text	3.4	Hội thoại/Cốt truyện	Hệ thống/Thuật ngữ			System error. Please contact our Customer Service for assistance
lang_multi_text.db	ErrorCode_1900159_Text	3.4	Hội thoại/Cốt truyện	Hệ thống/Thuật ngữ			System error. Please contact our Customer Service for assistance
lang_multi_text.db	ErrorCode_1900160_Text	3.4	Hội thoại/Cốt truyện	Hệ thống/Thuật ngữ			Whimpering Wastes not started yet
lang_multi_text.db	ErrorCode_1900161_Text	3.4	Hội thoại/Cốt truyện	Hệ thống/Thuật ngữ			System error. Please contact our Customer Service for assistance
lang_multi_text.db	ErrorCode_1900162_Text	3.4	Hội thoại/Cốt truyện	Hệ thống/Thuật ngữ			Whimpering Wastes cycle not refreshed
lang_multi_text.db	ErrorCode_1900163_Text	3.4	Hội thoại/Cốt truyện	Hệ thống/Thuật ngữ			Challenge Failed
lang_multi_text.db	ErrorCode_1900164_Text	3.4	Hội thoại/Cốt truyện	Hệ thống/Thuật ngữ			System error. Please contact our Customer Service for assistance
lang_multi_text.db	ErrorCode_1900165_Text	3.4	Hội thoại/Cốt truyện	Hệ thống/Thuật ngữ			A full team of 3 players is required to begin the race
lang_multi_text.db	ErrorCode_1900174_Text	3.4	Hội thoại/Cốt truyện	Hệ thống/Thuật ngữ			A team member does not meet the criteria
lang_multi_text.db	ErrorCode_1900182_Text	3.4	Hội thoại/Cốt truyện	Hệ thống/Thuật ngữ			Proceed with Main Quest Chapter I Prologue to unlock Glide
lang_multi_text.db	ErrorCode_1900183_Text	3.4	Hội thoại/Cốt truyện	Hệ thống/Thuật ngữ			Proceed with Main Quest Chapter II Act II to unlock Flight
lang_multi_text.db	ErrorCode_1900195_Text	3.4	Hội thoại/Cốt truyện	Hệ thống/Thuật ngữ			Not yet at set birthday
lang_multi_text.db	ErrorCode_1900196_Text	3.4	Hội thoại/Cốt truyện	Hệ thống/Thuật ngữ			Resonator does not exist
lang_multi_text.db	ErrorCode_1900197_Text	3.4	Hội thoại/Cốt truyện	Hệ thống/Thuật ngữ			Please set your date of birth to unlock Birthday Wishes
lang_multi_text.db	ErrorCode_1900198_Text	3.4	Hội thoại/Cốt truyện	Hệ thống/Thuật ngữ			You have collected your Birthday Wishes for this year
lang_multi_text.db	ErrorCode_1900199_Text	3.4	Hội thoại/Cốt truyện	Hệ thống/Thuật ngữ			Please change your date of birth
lang_multi_text.db	ErrorCode_1900200_Text	3.4	Hội thoại/Cốt truyện	Hệ thống/Thuật ngữ			Birthday Wishes will be sent via in-game mail
lang_multi_text.db	ErrorCode_1900201_Text	3.4	Hội thoại/Cốt truyện	Hệ thống/Thuật ngữ			Reset date of birth must be within current year
lang_multi_text.db	ErrorCode_1900202_Text	3.4	Hội thoại/Cốt truyện	Hệ thống/Thuật ngữ			Birthday feature unavailable
lang_multi_text.db	ErrorCode_1900203_Text	3.4	Hội thoại/Cốt truyện	Hệ thống/Thuật ngữ			Please claim your birthday rewards first
lang_multi_text.db	ErrorCode_1900204_Text	3.4	Hội thoại/Cốt truyện	Hệ thống/Thuật ngữ			Resonator already invited
lang_multi_text.db	ErrorCode_1900205_Text	3.4	Hội thoại/Cốt truyện	Hệ thống/Thuật ngữ			Failed to claim the challenge progress reward
lang_multi_text.db	ErrorCode_1900225_Text	3.4	Hội thoại/Cốt truyện	Hệ thống/Thuật ngữ			Event not available
lang_multi_text.db	ErrorCode_1900226_Text	3.4	Hội thoại/Cốt truyện	Hệ thống/Thuật ngữ			Insufficient Decipher items
lang_multi_text.db	ErrorCode_1900227_Text	3.4	Hội thoại/Cốt truyện	Hệ thống/Thuật ngữ			All Lunar Phases deciphered
lang_multi_text.db	ErrorCode_1900228_Text	3.4	Hội thoại/Cốt truyện	Hệ thống/Thuật ngữ			Event data error
lang_multi_text.db	ErrorCode_1900229_Text	3.4	Hội thoại/Cốt truyện	Hệ thống/Thuật ngữ			Event data error
lang_multi_text.db	ErrorCode_1900230_Text	3.4	Hội thoại/Cốt truyện	Hệ thống/Thuật ngữ			Event data error
lang_multi_text.db	ErrorCode_1900231_Text	3.4	Hội thoại/Cốt truyện	Hệ thống/Thuật ngữ			Rewards already claimed
lang_multi_text.db	ErrorCode_1900232_Text	3.4	Hội thoại/Cốt truyện	Hệ thống/Thuật ngữ			Rewards already claimed
lang_multi_text.db	ErrorCode_1900233_Text	3.4	Hội thoại/Cốt truyện	Hệ thống/Thuật ngữ			Failed to obtain Decipher items
lang_multi_text.db	ErrorCode_1900234_Text	3.4	Hội thoại/Cốt truyện	Hệ thống/Thuật ngữ			Failed to obtain Lunar Blessings
lang_multi_text.db	ErrorCode_1900242_Text	3.4	Hội thoại/Cốt truyện	Hệ thống/Thuật ngữ			Motorbike Collab, collab subject configuration not found
lang_multi_text.db	ErrorCode_1900243_Text	3.4	Hội thoại/Cốt truyện	Hệ thống/Thuật ngữ			Motorbike Collab, no rewards to claim
lang_multi_text.db	ErrorCode_1900254_Text	3.4	Hội thoại/Cốt truyện	Hệ thống/Thuật ngữ			Stage configuration not found
lang_multi_text.db	ErrorCode_1900255_Text	3.4	Hội thoại/Cốt truyện	Hệ thống/Thuật ngữ			You are not in the event area now
lang_multi_text.db	ErrorCode_1900256_Text	3.4	Hội thoại/Cốt truyện	Hệ thống/Thuật ngữ			Game data not found
lang_multi_text.db	ErrorCode_1900257_Text	3.4	Hội thoại/Cốt truyện	Hệ thống/Thuật ngữ			Cannot play cards now
lang_multi_text.db	ErrorCode_1900258_Text	3.4	Hội thoại/Cốt truyện	Hệ thống/Thuật ngữ			Cannot make moves now
lang_multi_text.db	ErrorCode_1900259_Text	3.4	Hội thoại/Cốt truyện	Hệ thống/Thuật ngữ			Card configuration not found
lang_multi_text.db	ErrorCode_1900260_Text	3.4	Hội thoại/Cốt truyện	Hệ thống/Thuật ngữ			This card is not in your hand
lang_multi_text.db	ErrorCode_1900261_Text	3.4	Hội thoại/Cốt truyện	Hệ thống/Thuật ngữ			Cannot play this card
lang_multi_text.db	ErrorCode_1900262_Text	3.4	Hội thoại/Cốt truyện	Hệ thống/Thuật ngữ			Only pairs can be played
lang_multi_text.db	ErrorCode_1900263_Text	3.4	Hội thoại/Cốt truyện	Hệ thống/Thuật ngữ			All pairs must be played first
lang_multi_text.db	ErrorCode_1900264_Text	3.4	Hội thoại/Cốt truyện	Hệ thống/Thuật ngữ			The played card violates game rules
lang_multi_text.db	ErrorCode_1900265_Text	3.4	Hội thoại/Cốt truyện	Hệ thống/Thuật ngữ			Cannot draw cards now
lang_multi_text.db	ErrorCode_1900266_Text	3.4	Hội thoại/Cốt truyện	Hệ thống/Thuật ngữ			Failed to use skill
lang_multi_text.db	ErrorCode_1900267_Text	3.4	Hội thoại/Cốt truyện	Hệ thống/Thuật ngữ			Skill configuration not found
lang_multi_text.db	ErrorCode_1900268_Text	3.4	Hội thoại/Cốt truyện	Hệ thống/Thuật ngữ			The skill used is not your skill
lang_multi_text.db	ErrorCode_1900269_Text	3.4	Hội thoại/Cốt truyện	Hệ thống/Thuật ngữ			Cannot play more cards
lang_multi_text.db	ErrorCode_1900270_Text	3.4	Hội thoại/Cốt truyện	Hệ thống/Thuật ngữ			Card already played
lang_multi_text.db	ErrorCode_1900271_Text	3.4	Hội thoại/Cốt truyện	Hệ thống/Thuật ngữ			Opponent locked
lang_multi_text.db	ErrorCode_1900272_Text	3.4	Hội thoại/Cốt truyện	Hệ thống/Thuật ngữ			Previous opponent locked
lang_multi_text.db	ErrorCode_1900273_Text	3.4	Hội thoại/Cốt truyện	Hệ thống/Thuật ngữ			Previous opponent locked
lang_multi_text.db	ErrorCode_1900307_Text	3.4	Hội thoại/Cốt truyện	Hệ thống/Thuật ngữ			Card game tracker limit reached
lang_multi_text.db	ErrorCode_1900308_Text	3.4	Hội thoại/Cốt truyện	Hệ thống/Thuật ngữ			Card game data does not exist
lang_multi_text.db	ErrorCode_1900309_Text	3.4	Hội thoại/Cốt truyện	Hệ thống/Thuật ngữ			Card game quests not completed
lang_multi_text.db	ErrorCode_1900310_Text	3.4	Hội thoại/Cốt truyện	Hệ thống/Thuật ngữ			Card game rewards claimed
lang_multi_text.db	ErrorCode_1900313_Text	3.4	Hội thoại/Cốt truyện	Hệ thống/Thuật ngữ			Request parameter length invalid
lang_multi_text.db	ErrorCode_1900314_Text	3.4	Hội thoại/Cốt truyện	Hệ thống/Thuật ngữ			Duplicate parameters detected
lang_multi_text.db	ErrorCode_1900315_Text	3.4	Hội thoại/Cốt truyện	Hệ thống/Thuật ngữ			Request parameters invalid
lang_multi_text.db	ErrorCode_1900316_Text	3.4	Hội thoại/Cốt truyện	Hệ thống/Thuật ngữ			Request parameters invalid
lang_multi_text.db	ErrorCode_1900317_Text	3.4	Hội thoại/Cốt truyện	Hệ thống/Thuật ngữ			Request parameters invalid
lang_multi_text.db	ErrorCode_1900318_Text	3.4	Hội thoại/Cốt truyện	Hệ thống/Thuật ngữ			Rewards already claimed
lang_multi_text.db	ErrorCode_1900319_Text	3.4	Hội thoại/Cốt truyện	Hệ thống/Thuật ngữ			Request parameters invalid
lang_multi_text.db	ErrorCode_1900320_Text	3.4	Hội thoại/Cốt truyện	Hệ thống/Thuật ngữ			Request parameters invalid
lang_multi_text.db	ErrorCode_1900321_Text	3.4	Hội thoại/Cốt truyện	Hệ thống/Thuật ngữ			Abnormal requested value
lang_multi_text.db	ErrorCode_1900322_Text	3.4	Hội thoại/Cốt truyện	Hệ thống/Thuật ngữ			Quest/Task configuration missing
lang_multi_text.db	ErrorCode_1900323_Text	3.4	Hội thoại/Cốt truyện	Hệ thống/Thuật ngữ			Event configuration mismatch
lang_multi_text.db	ErrorCode_1900324_Text	3.4	Hội thoại/Cốt truyện	Hệ thống/Thuật ngữ			Reward already claimed
lang_multi_text.db	ErrorCode_1900325_Text	3.4	Hội thoại/Cốt truyện	Hệ thống/Thuật ngữ			Quest/task incomplete
lang_multi_text.db	ErrorCode_1900326_Text	3.4	Hội thoại/Cốt truyện	Hệ thống/Thuật ngữ			Drop configuration abnormal
lang_multi_text.db	ErrorCode_1900327_Text	3.4	Hội thoại/Cốt truyện	Hệ thống/Thuật ngữ			Reward claimed repeatedly
lang_multi_text.db	ErrorCode_1900328_Text	3.4	Hội thoại/Cốt truyện	Hệ thống/Thuật ngữ			No rewards to claim
lang_multi_text.db	ErrorCode_1900329_Text	3.4	Hội thoại/Cốt truyện	Hệ thống/Thuật ngữ			Invalid Level
lang_multi_text.db	ErrorCode_1900330_Text	3.4	Hội thoại/Cốt truyện	Hệ thống/Thuật ngữ			Unable to find Resonator configuration
lang_multi_text.db	ErrorCode_1900331_Text	3.4	Hội thoại/Cốt truyện	Hệ thống/Thuật ngữ			Resonator not owned
lang_multi_text.db	ErrorCode_1900332_Text	3.4	Hội thoại/Cốt truyện	Hệ thống/Thuật ngữ			Max Level acquisition failed
lang_multi_text.db	ErrorCode_1900333_Text	3.4	Hội thoại/Cốt truyện	Hệ thống/Thuật ngữ			Exceeded Max Resonator Level
lang_multi_text.db	ErrorCode_1900334_Text	3.4	Hội thoại/Cốt truyện	Hệ thống/Thuật ngữ			Unable find to find event configuration
lang_multi_text.db	ErrorCode_1900335_Text	3.4	Hội thoại/Cốt truyện	Hệ thống/Thuật ngữ			Insufficient items
lang_multi_text.db	ErrorCode_1900336_Text	3.4	Hội thoại/Cốt truyện	Hệ thống/Thuật ngữ			Unable to acquire Trial Resonators
lang_multi_text.db	ErrorCode_1900337_Text	3.4	Hội thoại/Cốt truyện	Hệ thống/Thuật ngữ			Unable to find Weapon data
lang_multi_text.db	ErrorCode_1900338_Text	3.4	Hội thoại/Cốt truyện	Hệ thống/Thuật ngữ			Unable to find Weapon configuration
lang_multi_text.db	ErrorCode_1900339_Text	3.4	Hội thoại/Cốt truyện	Hệ thống/Thuật ngữ			Unable to find Resonator data
lang_multi_text.db	ErrorCode_1900340_Text	3.4	Hội thoại/Cốt truyện	Hệ thống/Thuật ngữ			Unable to find Resonator configuration
lang_multi_text.db	ErrorCode_1900341_Text	3.4	Hội thoại/Cốt truyện	Hệ thống/Thuật ngữ			Unable to equip this type of weapon
lang_multi_text.db	ErrorCode_1900342_Text	3.4	Hội thoại/Cốt truyện	Hệ thống/Thuật ngữ			Unable to switch Signature Weapon
lang_multi_text.db	ErrorCode_1900343_Text	3.4	Hội thoại/Cốt truyện	Hệ thống/Thuật ngữ			Repeatedly equipped
lang_multi_text.db	ErrorCode_1900344_Text	3.4	Hội thoại/Cốt truyện	Hệ thống/Thuật ngữ			Decompile quantity invalid
lang_multi_text.db	ErrorCode_1900345_Text	3.4	Hội thoại/Cốt truyện	Hệ thống/Thuật ngữ			Repeated decompile
lang_multi_text.db	ErrorCode_1900346_Text	3.4	Hội thoại/Cốt truyện	Hệ thống/Thuật ngữ			Target weapon is locked
lang_multi_text.db	ErrorCode_1900347_Text	3.4	Hội thoại/Cốt truyện	Hệ thống/Thuật ngữ			Target weapon is linked
lang_multi_text.db	ErrorCode_1900348_Text	3.4	Hội thoại/Cốt truyện	Hệ thống/Thuật ngữ			No weapons to decompile
lang_multi_text.db	ErrorCode_1900352_Text	3.4	Hội thoại/Cốt truyện	Hệ thống/Thuật ngữ			No applicable reward to claim
lang_multi_text.db	ErrorCode_1900353_Text	3.4	Hội thoại/Cốt truyện	Hệ thống/Thuật ngữ			Not within the valid time range for the quest
lang_multi_text.db	ErrorCode_1900356_Text	3.4	Hội thoại/Cốt truyện	Hệ thống/Thuật ngữ			Weapon initialization failed
lang_multi_text.db	ErrorCode_1900357_Text	3.4	Hội thoại/Cốt truyện	Hệ thống/Thuật ngữ			No Friends available
lang_multi_text.db	ErrorCode_1900358_Text	3.4	Hội thoại/Cốt truyện	Hệ thống/Thuật ngữ			Persona Pinball leaderboard on cooldown
lang_multi_text.db	ErrorCode_1900359_Text	3.4	Hội thoại/Cốt truyện	Hệ thống/Thuật ngữ			No data on Persona Pinball leaderboard
lang_multi_text.db	ErrorCode_1900360_Text	3.4	Hội thoại/Cốt truyện	Hệ thống/Thuật ngữ			Stage locked
lang_multi_text.db	ErrorCode_1900361_Text	3.4	Hội thoại/Cốt truyện	Hệ thống/Thuật ngữ			Incorrect daily challenge instance
lang_multi_text.db	ErrorCode_1900362_Text	3.4	Hội thoại/Cốt truyện	Hệ thống/Thuật ngữ			Resonator function not available
lang_multi_text.db	ErrorCode_1900363_Text	3.4	Hội thoại/Cốt truyện	Hệ thống/Thuật ngữ			Daily challenge not available
lang_multi_text.db	ErrorCode_1900364_Text	3.4	Hội thoại/Cốt truyện	Hệ thống/Thuật ngữ			Signature Weapon mismatch
lang_multi_text.db	ErrorCode_1900372_Text	3.4	Hội thoại/Cốt truyện	Hệ thống/Thuật ngữ			Track Locked
lang_multi_text.db	ErrorCode_1900373_Text	3.4	Hội thoại/Cốt truyện	Hệ thống/Thuật ngữ			Wrong party size
lang_multi_text.db	ErrorCode_1900374_Text	3.4	Hội thoại/Cốt truyện	Hệ thống/Thuật ngữ			One or more party members do not have the event unlocked
lang_multi_text.db	ErrorCode_19_Text	3.4	Hội thoại/Cốt truyện	Hệ thống/Thuật ngữ			The server is currently full, please be patient.
lang_multi_text.db	ErrorCode_1_Text	3.4	Hội thoại/Cốt truyện	Hệ thống/Thuật ngữ			Invalid query parameter
lang_multi_text.db	ErrorCode_2000000_Text	3.4	Hội thoại/Cốt truyện	Hệ thống/Thuật ngữ			System error, please try again later.
lang_multi_text.db	ErrorCode_2000001_Text	3.4	Hội thoại/Cốt truyện	Hệ thống/Thuật ngữ			There is an abnormality, if you have any questions, please contact the official customer service
lang_multi_text.db	ErrorCode_2000002_Text	3.4	Hội thoại/Cốt truyện	Hệ thống/Thuật ngữ			There is an abnormality, if you have any questions, please contact the official customer service
lang_multi_text.db	ErrorCode_2000003_Text	3.4	Hội thoại/Cốt truyện	Hệ thống/Thuật ngữ			There is an abnormality, if you have any questions, please contact the official customer service
lang_multi_text.db	ErrorCode_2000004_Text	3.4	Hội thoại/Cốt truyện	Hệ thống/Thuật ngữ			There is an abnormality, if you have any questions, please contact the official customer service
lang_multi_text.db	ErrorCode_2000005_Text	3.4	Hội thoại/Cốt truyện	Hệ thống/Thuật ngữ			There is an abnormality, if you have any questions, please contact the official customer service
lang_multi_text.db	ErrorCode_2000006_Text	3.4	Hội thoại/Cốt truyện	Hệ thống/Thuật ngữ			There is an abnormality, if you have any questions, please contact the official customer service
lang_multi_text.db	ErrorCode_2000007_Text	3.4	Hội thoại/Cốt truyện	Hệ thống/Thuật ngữ			There is an abnormality, if you have any questions, please contact the official customer service
lang_multi_text.db	ErrorCode_2000008_Text	3.4	Hội thoại/Cốt truyện	Hệ thống/Thuật ngữ			The player has already died when teleporting to the respawn point.
lang_multi_text.db	ErrorCode_2000009_Text	3.4	Hội thoại/Cốt truyện	Hệ thống/Thuật ngữ			There is an abnormality, if you have any questions, please contact the official customer service
lang_multi_text.db	ErrorCode_200000_Text	3.4	Hội thoại/Cốt truyện	Hệ thống/Thuật ngữ			Default Weapon
lang_multi_text.db	ErrorCode_2000010_Text	3.4	Hội thoại/Cốt truyện	Hệ thống/Thuật ngữ			There is an abnormality, if you have any questions, please contact the official customer service
lang_multi_text.db	ErrorCode_2000011_Text	3.4	Hội thoại/Cốt truyện	Hệ thống/Thuật ngữ			There is an abnormality, if you have any questions, please contact the official customer service
lang_multi_text.db	ErrorCode_2000012_Text	3.4	Hội thoại/Cốt truyện	Hệ thống/Thuật ngữ			There is an abnormality, if you have any questions, please contact the official customer service
lang_multi_text.db	ErrorCode_2000013_Text	3.4	Hội thoại/Cốt truyện	Hệ thống/Thuật ngữ			There is an abnormality, if you have any questions, please contact the official customer service
lang_multi_text.db	ErrorCode_2000014_Text	3.4	Hội thoại/Cốt truyện	Hệ thống/Thuật ngữ			Levitator has been placed on the base.
lang_multi_text.db	ErrorCode_2000015_Text	3.4	Hội thoại/Cốt truyện	Hệ thống/Thuật ngữ			Unable to enter a Single-player only instance in Co-op Mode.
lang_multi_text.db	ErrorCode_2000016_Text	3.4	Hội thoại/Cốt truyện	Hệ thống/Thuật ngữ			No re-challenges are allowed for that copy.
lang_multi_text.db	ErrorCode_2000017_Text	3.4	Hội thoại/Cốt truyện	Hệ thống/Thuật ngữ			You can't depend on yourself.
lang_multi_text.db	ErrorCode_2000018_Text	3.4	Hội thoại/Cốt truyện	Hệ thống/Thuật ngữ			Circular dependencies are not allowed.
lang_multi_text.db	ErrorCode_2000019_Text	3.4	Hội thoại/Cốt truyện	Hệ thống/Thuật ngữ			Dependent on missing target information.
lang_multi_text.db	ErrorCode_200001_Text	3.4	Hội thoại/Cốt truyện	Hệ thống/Thuật ngữ			Weapon Level limit
lang_multi_text.db	ErrorCode_2000020_Text	3.4	Hội thoại/Cốt truyện	Hệ thống/Thuật ngữ			Challenge Failed
lang_multi_text.db	ErrorCode_2000021_Text	3.4	Hội thoại/Cốt truyện	Hệ thống/Thuật ngữ			An exception occurred.
lang_multi_text.db	ErrorCode_2000022_Text	3.4	Hội thoại/Cốt truyện	Hệ thống/Thuật ngữ			An exception occurred. Please contact Customer Support for assistance.
lang_multi_text.db	ErrorCode_2000023_Text	3.4	Hội thoại/Cốt truyện	Hệ thống/Thuật ngữ			An exception occurred. Please contact Customer Support for assistance.
lang_multi_text.db	ErrorCode_2000024_Text	3.4	Hội thoại/Cốt truyện	Hệ thống/Thuật ngữ			An exception occurred. Please contact Customer Support for assistance.
lang_multi_text.db	ErrorCode_2000025_Text	3.4	Hội thoại/Cốt truyện	Hệ thống/Thuật ngữ			An exception occurred. Please contact Customer Support for assistance.
lang_multi_text.db	ErrorCode_2000026_Text	3.4	Hội thoại/Cốt truyện	Hệ thống/Thuật ngữ			An error occurred. Please contact Customer Service for assistance.
lang_multi_text.db	ErrorCode_2000027_Text	3.4	Hội thoại/Cốt truyện	Hệ thống/Thuật ngữ			An error occurred. Please contact Customer Service for assistance.
lang_multi_text.db	ErrorCode_2000028_Text	3.4	Hội thoại/Cốt truyện	Hệ thống/Thuật ngữ			An error occurred. Please contact Customer Service for assistance.
lang_multi_text.db	ErrorCode_2000029_Text	3.4	Hội thoại/Cốt truyện	Hệ thống/Thuật ngữ			An error occurred. Please contact Customer Service for assistance.
lang_multi_text.db	ErrorCode_200002_Text	3.4	Hội thoại/Cốt truyện	Hệ thống/Thuật ngữ			Weapon Rank limit
lang_multi_text.db	ErrorCode_2000030_Text	3.4	Hội thoại/Cốt truyện	Hệ thống/Thuật ngữ			An error occurred. Please contact Customer Service for assistance.
lang_multi_text.db	ErrorCode_2000031_Text	3.4	Hội thoại/Cốt truyện	Hệ thống/Thuật ngữ			An error occurred. Please contact Customer Service for assistance.
lang_multi_text.db	ErrorCode_2000032_Text	3.4	Hội thoại/Cốt truyện	Hệ thống/Thuật ngữ			An exception occurred. Please contact Customer Support for assistance.
lang_multi_text.db	ErrorCode_2000033_Text	3.4	Hội thoại/Cốt truyện	Hệ thống/Thuật ngữ			An error occurred. Please contact Customer Service for assistance.
lang_multi_text.db	ErrorCode_2000034_Text	3.4	Hội thoại/Cốt truyện	Hệ thống/Thuật ngữ			An error occurred. Please contact Customer Service for assistance.
lang_multi_text.db	ErrorCode_2000035_Text	3.4	Hội thoại/Cốt truyện	Hệ thống/Thuật ngữ			An error occurred. Please contact Customer Service for assistance.
lang_multi_text.db	ErrorCode_2000036_Text	3.4	Hội thoại/Cốt truyện	Hệ thống/Thuật ngữ			An error occurred. Please contact Customer Service for assistance.
lang_multi_text.db	ErrorCode_2000037_Text	3.4	Hội thoại/Cốt truyện	Hệ thống/Thuật ngữ			Cannot enter Sonoro Sphere with Trial Character
lang_multi_text.db	ErrorCode_200003_Text	3.4	Hội thoại/Cốt truyện	Hệ thống/Thuật ngữ			Insufficient Consumables
lang_multi_text.db	ErrorCode_2000041_Text	3.4	Hội thoại/Cốt truyện	Hệ thống/Thuật ngữ			Resonator already in the team. Please select another Resonator and try again.
lang_multi_text.db	ErrorCode_2000042_Text	3.4	Hội thoại/Cốt truyện	Hệ thống/Thuật ngữ			Rover already in the team. Please select another Resonator and try again.
lang_multi_text.db	ErrorCode_2000046_Text	3.4	Hội thoại/Cốt truyện	Hệ thống/Thuật ngữ			Event is not currently available.
lang_multi_text.db	ErrorCode_2000047_Text	3.4	Hội thoại/Cốt truyện	Hệ thống/Thuật ngữ			This stage is locked.
lang_multi_text.db	ErrorCode_2000048_Text	3.4	Hội thoại/Cốt truyện	Hệ thống/Thuật ngữ			This stage is locked.
lang_multi_text.db	ErrorCode_2000049_Text	3.4	Hội thoại/Cốt truyện	Hệ thống/Thuật ngữ			Instance configuration error. Please contact Customer Service.
lang_multi_text.db	ErrorCode_200004_Text	3.4	Hội thoại/Cốt truyện	Hệ thống/Thuật ngữ			Weapon Inventory full
lang_multi_text.db	ErrorCode_2000057_Text	3.4	Hội thoại/Cốt truyện	Hệ thống/Thuật ngữ			Boarding failed. Vehicle out of range.
lang_multi_text.db	ErrorCode_200005_Text	3.4	Hội thoại/Cốt truyện	Hệ thống/Thuật ngữ			Failed to find configuration
lang_multi_text.db	ErrorCode_200006_Text	3.4	Hội thoại/Cốt truyện	Hệ thống/Thuật ngữ			Player activated. Cannot activate again.
lang_multi_text.db	ErrorCode_2000071_Text	3.4	Hội thoại/Cốt truyện	Hệ thống/Thuật ngữ			Trial Resonator on the team. Cannot invite
lang_multi_text.db	ErrorCode_2000077_Text	3.4	Hội thoại/Cốt truyện	Hệ thống/Thuật ngữ			Spacetrek Convoy Supply Chest claim limit reached
lang_multi_text.db	ErrorCode_200007_Text	3.4	Hội thoại/Cốt truyện	Hệ thống/Thuật ngữ			Player not activated. Operation failed.
lang_multi_text.db	ErrorCode_200008_Text	3.4	Hội thoại/Cốt truyện	Hệ thống/Thuật ngữ			Level too low for Rank up
lang_multi_text.db	ErrorCode_200009_Text	3.4	Hội thoại/Cốt truyện	Hệ thống/Thuật ngữ			Level too low for Rank up
lang_multi_text.db	ErrorCode_200010_Text	3.4	Hội thoại/Cốt truyện	Hệ thống/Thuật ngữ			Execution function error
lang_multi_text.db	ErrorCode_200011_Text	3.4	Hội thoại/Cốt truyện	Hệ thống/Thuật ngữ			Character not available for exchange
lang_multi_text.db	ErrorCode_200012_Text	3.4	Hội thoại/Cốt truyện	Hệ thống/Thuật ngữ			Resonance unactivated
lang_multi_text.db	ErrorCode_200013_Text	3.4	Hội thoại/Cốt truyện	Hệ thống/Thuật ngữ			Resonance activated
lang_multi_text.db	ErrorCode_200014_Text	3.4	Hội thoại/Cốt truyện	Hệ thống/Thuật ngữ			EXP item configuration error
lang_multi_text.db	ErrorCode_200015_Text	3.4	Hội thoại/Cốt truyện	Hệ thống/Thuật ngữ			Level limit reached. Cannot level up
lang_multi_text.db	ErrorCode_200016_Text	3.4	Hội thoại/Cốt truyện	Hệ thống/Thuật ngữ			Prerequisite Resonance unactivated
lang_multi_text.db	ErrorCode_200017_Text	3.4	Hội thoại/Cốt truyện	Hệ thống/Thuật ngữ			Failed to find unlock condition
lang_multi_text.db	ErrorCode_200018_Text	3.4	Hội thoại/Cốt truyện	Hệ thống/Thuật ngữ			Unlock condition unmet
lang_multi_text.db	ErrorCode_200019_Text	3.4	Hội thoại/Cốt truyện	Hệ thống/Thuật ngữ			Illegal name length
lang_multi_text.db	ErrorCode_200020_Text	3.4	Hội thoại/Cốt truyện	Hệ thống/Thuật ngữ			Invalid EXP
lang_multi_text.db	ErrorCode_200021_Text	3.4	Hội thoại/Cốt truyện	Hệ thống/Thuật ngữ			Insufficient activation material
lang_multi_text.db	ErrorCode_200022_Text	3.4	Hội thoại/Cốt truyện	Hệ thống/Thuật ngữ			Max Resonance level reached
lang_multi_text.db	ErrorCode_200023_Text	3.4	Hội thoại/Cốt truyện	Hệ thống/Thuật ngữ			Protocol parameter error
lang_multi_text.db	ErrorCode_200024_Text	3.4	Hội thoại/Cốt truyện	Hệ thống/Thuật ngữ			Empty Consumable Inventory
lang_multi_text.db	ErrorCode_200025_Text	3.4	Hội thoại/Cốt truyện	Hệ thống/Thuật ngữ			Too many Consumables in Consumable Inventory
lang_multi_text.db	ErrorCode_200026_Text	3.4	Hội thoại/Cốt truyện	Hệ thống/Thuật ngữ			EXP Consumable calculation error
lang_multi_text.db	ErrorCode_200027_Text	3.4	Hội thoại/Cốt truyện	Hệ thống/Thuật ngữ			Wrong Echo position
lang_multi_text.db	ErrorCode_200028_Text	3.4	Hội thoại/Cốt truyện	Hệ thống/Thuật ngữ			Cannot replace with the same Echo
lang_multi_text.db	ErrorCode_200029_Text	3.4	Hội thoại/Cốt truyện	Hệ thống/Thuật ngữ			No Echo to remove
lang_multi_text.db	ErrorCode_200030_Text	3.4	Hội thoại/Cốt truyện	Hệ thống/Thuật ngữ			Insufficient EXP item
lang_multi_text.db	ErrorCode_200031_Text	3.4	Hội thoại/Cốt truyện	Hệ thống/Thuật ngữ			Failed to obtain Skill
lang_multi_text.db	ErrorCode_200032_Text	3.4	Hội thoại/Cốt truyện	Hệ thống/Thuật ngữ			Insufficient Intimacy to rename this Resonator
lang_multi_text.db	ErrorCode_200033_Text	3.4	Hội thoại/Cốt truyện	Hệ thống/Thuật ngữ			Skill Node type error
lang_multi_text.db	ErrorCode_200034_Text	3.4	Hội thoại/Cốt truyện	Hệ thống/Thuật ngữ			Node already activated
lang_multi_text.db	ErrorCode_200035_Text	3.4	Hội thoại/Cốt truyện	Hệ thống/Thuật ngữ			Node unactivated
lang_multi_text.db	ErrorCode_200036_Text	3.4	Hội thoại/Cốt truyện	Hệ thống/Thuật ngữ			Insufficient Forte points
lang_multi_text.db	ErrorCode_200037_Text	3.4	Hội thoại/Cốt truyện	Hệ thống/Thuật ngữ			Trial character already exists
lang_multi_text.db	ErrorCode_200038_Text	3.4	Hội thoại/Cốt truyện	Hệ thống/Thuật ngữ			Trial character does not exist
lang_multi_text.db	ErrorCode_200039_Text	3.4	Hội thoại/Cốt truyện	Hệ thống/Thuật ngữ			Trial character's area data already exists
lang_multi_text.db	ErrorCode_200040_Text	3.4	Hội thoại/Cốt truyện	Hệ thống/Thuật ngữ			Trial character's behavior tree data already exists
lang_multi_text.db	ErrorCode_200041_Text	3.4	Hội thoại/Cốt truyện	Hệ thống/Thuật ngữ			Trial character's area already exists
lang_multi_text.db	ErrorCode_200042_Text	3.4	Hội thoại/Cốt truyện	Hệ thống/Thuật ngữ			Trial character's area does not exist
lang_multi_text.db	ErrorCode_200043_Text	3.4	Hội thoại/Cốt truyện	Hệ thống/Thuật ngữ			Equipment default
lang_multi_text.db	ErrorCode_200044_Text	3.4	Hội thoại/Cốt truyện	Hệ thống/Thuật ngữ			Invalid equipment position
lang_multi_text.db	ErrorCode_200045_Text	3.4	Hội thoại/Cốt truyện	Hệ thống/Thuật ngữ			Invalid character for equipment
lang_multi_text.db	ErrorCode_200046_Text	3.4	Hội thoại/Cốt truyện	Hệ thống/Thuật ngữ			Character configuration error for equipment
lang_multi_text.db	ErrorCode_200047_Text	3.4	Hội thoại/Cốt truyện	Hệ thống/Thuật ngữ			Null Echo configuration
lang_multi_text.db	ErrorCode_200048_Text	3.4	Hội thoại/Cốt truyện	Hệ thống/Thuật ngữ			Echo locked or does not exist
lang_multi_text.db	ErrorCode_200049_Text	3.4	Hội thoại/Cốt truyện	Hệ thống/Thuật ngữ			Max level for Echo reached
lang_multi_text.db	ErrorCode_2000501_Text	3.4	Hội thoại/Cốt truyện	Hệ thống/Thuật ngữ			Unable to load environment data. Please exit and retry your request.
lang_multi_text.db	ErrorCode_2000502_Text	3.4	Hội thoại/Cốt truyện	Hệ thống/Thuật ngữ			Unable to select Buffs. Please exit and retry your request.
lang_multi_text.db	ErrorCode_2000503_Text	3.4	Hội thoại/Cốt truyện	Hệ thống/Thuật ngữ			Wrong sequence number. Please exit and retry your request.
lang_multi_text.db	ErrorCode_2000504_Text	3.4	Hội thoại/Cốt truyện	Hệ thống/Thuật ngữ			A conflict occurred due to duplicate buffs. Please exit and retry your request.
lang_multi_text.db	ErrorCode_2000505_Text	3.4	Hội thoại/Cốt truyện	Hệ thống/Thuật ngữ			Please select a Technique Buff before starting the challenge.
lang_multi_text.db	ErrorCode_2000506_Text	3.4	Hội thoại/Cốt truyện	Hệ thống/Thuật ngữ			Error in the selected Buff. Please exit and retry your request.
lang_multi_text.db	ErrorCode_2000507_Text	3.4	Hội thoại/Cốt truyện	Hệ thống/Thuật ngữ			The selected Buff does not exist. Please exit and retry your request.
lang_multi_text.db	ErrorCode_200050_Text	3.4	Hội thoại/Cốt truyện	Hệ thống/Thuật ngữ			Echo level-up item does not match with configuration
lang_multi_text.db	ErrorCode_200051_Text	3.4	Hội thoại/Cốt truyện	Hệ thống/Thuật ngữ			EXP increased 0 due to no item selected or selected item does not match with configuration
lang_multi_text.db	ErrorCode_200052_Text	3.4	Hội thoại/Cốt truyện	Hệ thống/Thuật ngữ			Expected level exceeds Max level
lang_multi_text.db	ErrorCode_200053_Text	3.4	Hội thoại/Cốt truyện	Hệ thống/Thuật ngữ			Echo item type error
lang_multi_text.db	ErrorCode_200054_Text	3.4	Hội thoại/Cốt truyện	Hệ thống/Thuật ngữ			Wrong Echo position
lang_multi_text.db	ErrorCode_200055_Text	3.4	Hội thoại/Cốt truyện	Hệ thống/Thuật ngữ			Echo item configuration does not exist
lang_multi_text.db	ErrorCode_200056_Text	3.4	Hội thoại/Cốt truyện	Hệ thống/Thuật ngữ			Echo item does not exist
lang_multi_text.db	ErrorCode_200057_Text	3.4	Hội thoại/Cốt truyện	Hệ thống/Thuật ngữ			Echo stat does not exist
lang_multi_text.db	ErrorCode_200058_Text	3.4	Hội thoại/Cốt truyện	Hệ thống/Thuật ngữ			Echo quality does not exist
lang_multi_text.db	ErrorCode_200059_Text	3.4	Hội thoại/Cốt truyện	Hệ thống/Thuật ngữ			Echo Rank up configuration does not exist
lang_multi_text.db	ErrorCode_200060_Text	3.4	Hội thoại/Cốt truyện	Hệ thống/Thuật ngữ			Insufficient Echo level
lang_multi_text.db	ErrorCode_200061_Text	3.4	Hội thoại/Cốt truyện	Hệ thống/Thuật ngữ			Echo EXP item does not exist
lang_multi_text.db	ErrorCode_200062_Text	3.4	Hội thoại/Cốt truyện	Hệ thống/Thuật ngữ			Echo substat configuration error
lang_multi_text.db	ErrorCode_200063_Text	3.4	Hội thoại/Cốt truyện	Hệ thống/Thuật ngữ			Insufficient Echo substat entries
lang_multi_text.db	ErrorCode_200064_Text	3.4	Hội thoại/Cốt truyện	Hệ thống/Thuật ngữ			Echo substat already exist
lang_multi_text.db	ErrorCode_200065_Text	3.4	Hội thoại/Cốt truyện	Hệ thống/Thuật ngữ			Current Echo Substat does not exist.
lang_multi_text.db	ErrorCode_200066_Text	3.4	Hội thoại/Cốt truyện	Hệ thống/Thuật ngữ			Echo Level up configuration does not exist
lang_multi_text.db	ErrorCode_200067_Text	3.4	Hội thoại/Cốt truyện	Hệ thống/Thuật ngữ			Insufficient consumables for Echo Level up
lang_multi_text.db	ErrorCode_200068_Text	3.4	Hội thoại/Cốt truyện	Hệ thống/Thuật ngữ			Echo material locked
lang_multi_text.db	ErrorCode_200069_Text	3.4	Hội thoại/Cốt truyện	Hệ thống/Thuật ngữ			Echo Level up material unmatched
lang_multi_text.db	ErrorCode_200070_Text	3.4	Hội thoại/Cốt truyện	Hệ thống/Thuật ngữ			Echo material already picked
lang_multi_text.db	ErrorCode_200071_Text	3.4	Hội thoại/Cốt truyện	Hệ thống/Thuật ngữ			The mainstat of this Echo does not exist.
lang_multi_text.db	ErrorCode_200072_Text	3.4	Hội thoại/Cốt truyện	Hệ thống/Thuật ngữ			Echo growth curve does not exist
lang_multi_text.db	ErrorCode_200073_Text	3.4	Hội thoại/Cốt truyện	Hệ thống/Thuật ngữ			Echo Rank up material quantity error
lang_multi_text.db	ErrorCode_200074_Text	3.4	Hội thoại/Cốt truyện	Hệ thống/Thuật ngữ			Echo Rank up material already picked
lang_multi_text.db	ErrorCode_200075_Text	3.4	Hội thoại/Cốt truyện	Hệ thống/Thuật ngữ			Equipped Echo cannot be Salvaged
lang_multi_text.db	ErrorCode_200076_Text	3.4	Hội thoại/Cốt truyện	Hệ thống/Thuật ngữ			Unrecyclable Echo included
lang_multi_text.db	ErrorCode_200077_Text	3.4	Hội thoại/Cốt truyện	Hệ thống/Thuật ngữ			Equipped item included
lang_multi_text.db	ErrorCode_200078_Text	3.4	Hội thoại/Cốt truyện	Hệ thống/Thuật ngữ			Echo Rank up material error
lang_multi_text.db	ErrorCode_200079_Text	3.4	Hội thoại/Cốt truyện	Hệ thống/Thuật ngữ			No Echo recommendation data for this Resonator yet
lang_multi_text.db	ErrorCode_200080_Text	3.4	Hội thoại/Cốt truyện	Hệ thống/Thuật ngữ			Echo at this position cannot be removed
lang_multi_text.db	ErrorCode_200081_Text	3.4	Hội thoại/Cốt truyện	Hệ thống/Thuật ngữ			Echo at this position cannot be replaced
lang_multi_text.db	ErrorCode_200082_Text	3.4	Hội thoại/Cốt truyện	Hệ thống/Thuật ngữ			Failed to set commonly-used skill. Unmatched skill type.
lang_multi_text.db	ErrorCode_200083_Text	3.4	Hội thoại/Cốt truyện	Hệ thống/Thuật ngữ			Failed to set commonly-used skill. Unmatched skill quantity.
lang_multi_text.db	ErrorCode_200084_Text	3.4	Hội thoại/Cốt truyện	Hệ thống/Thuật ngữ			Skill configuration does not exist
lang_multi_text.db	ErrorCode_200085_Text	3.4	Hội thoại/Cốt truyện	Hệ thống/Thuật ngữ			Skill locked
lang_multi_text.db	ErrorCode_200086_Text	3.4	Hội thoại/Cốt truyện	Hệ thống/Thuật ngữ			Max level for skill
lang_multi_text.db	ErrorCode_200087_Text	3.4	Hội thoại/Cốt truyện	Hệ thống/Thuật ngữ			Skill level locked
lang_multi_text.db	ErrorCode_200088_Text	3.4	Hội thoại/Cốt truyện	Hệ thống/Thuật ngữ			An exception occurred. Please contact customer support for help.
lang_multi_text.db	ErrorCode_200089_Text	3.4	Hội thoại/Cốt truyện	Hệ thống/Thuật ngữ			An exception occurred. Please contact customer support for help.
lang_multi_text.db	ErrorCode_200090_Text	3.4	Hội thoại/Cốt truyện	Hệ thống/Thuật ngữ			Unable to remove Skill
lang_multi_text.db	ErrorCode_200091_Text	3.4	Hội thoại/Cốt truyện	Hệ thống/Thuật ngữ			An exception occurred. Please contact customer support for help.
lang_multi_text.db	ErrorCode_200092_Text	3.4	Hội thoại/Cốt truyện	Hệ thống/Thuật ngữ			Skill and Equipment limited for this character
lang_multi_text.db	ErrorCode_200093_Text	3.4	Hội thoại/Cốt truyện	Hệ thống/Thuật ngữ			An exception occurred. Please contact customer support for help.
lang_multi_text.db	ErrorCode_200094_Text	3.4	Hội thoại/Cốt truyện	Hệ thống/Thuật ngữ			Operation error for Echo Skill
lang_multi_text.db	ErrorCode_200095_Text	3.4	Hội thoại/Cốt truyện	Hệ thống/Thuật ngữ			An exception occurred. Please contact customer support for help.
lang_multi_text.db	ErrorCode_200096_Text	3.4	Hội thoại/Cốt truyện	Hệ thống/Thuật ngữ			You cannot pick the same Skill multiple times on Skill Wheel
lang_multi_text.db	ErrorCode_200097_Text	3.4	Hội thoại/Cốt truyện	Hệ thống/Thuật ngữ			Item configuration does not exist
lang_multi_text.db	ErrorCode_200098_Text	3.4	Hội thoại/Cốt truyện	Hệ thống/Thuật ngữ			Item does not exist
lang_multi_text.db	ErrorCode_200099_Text	3.4	Hội thoại/Cốt truyện	Hệ thống/Thuật ngữ			Insufficient item
lang_multi_text.db	ErrorCode_200100_Text	3.4	Hội thoại/Cốt truyện	Hệ thống/Thuật ngữ			Item cannot be salvaged
lang_multi_text.db	ErrorCode_200101_Text	3.4	Hội thoại/Cốt truyện	Hệ thống/Thuật ngữ			Level too low to use Item
lang_multi_text.db	ErrorCode_200102_Text	3.4	Hội thoại/Cốt truyện	Hệ thống/Thuật ngữ			Item cannot be locked
lang_multi_text.db	ErrorCode_200103_Text	3.4	Hội thoại/Cốt truyện	Hệ thống/Thuật ngữ			Failed to add Item. Parameter error
lang_multi_text.db	ErrorCode_200104_Text	3.4	Hội thoại/Cốt truyện	Hệ thống/Thuật ngữ			Failed to salvage Item. Parameter error
lang_multi_text.db	ErrorCode_200105_Text	3.4	Hội thoại/Cốt truyện	Hệ thống/Thuật ngữ			Failed to use Item. Parameter error
lang_multi_text.db	ErrorCode_200106_Text	3.4	Hội thoại/Cốt truyện	Hệ thống/Thuật ngữ			Insufficient Waveplates. Please refill your Waveplates to claim rewards
lang_multi_text.db	ErrorCode_200107_Text	3.4	Hội thoại/Cốt truyện	Hệ thống/Thuật ngữ			Reward claimed for {0}{1}
lang_multi_text.db	ErrorCode_200108_Text	3.4	Hội thoại/Cốt truyện	Hệ thống/Thuật ngữ			Backpack full. Please free up some space and try again.
lang_multi_text.db	ErrorCode_200109_Text	3.4	Hội thoại/Cốt truyện	Hệ thống/Thuật ngữ			Wrong quantity for reward of your choice
lang_multi_text.db	ErrorCode_200110_Text	3.4	Hội thoại/Cốt truyện	Hệ thống/Thuật ngữ			The reward you chose does not exist
lang_multi_text.db	ErrorCode_200111_Text	3.4	Hội thoại/Cốt truyện	Hệ thống/Thuật ngữ			Reward configuration does not exist
lang_multi_text.db	ErrorCode_200112_Text	3.4	Hội thoại/Cốt truyện	Hệ thống/Thuật ngữ			Item quantity unmatched
lang_multi_text.db	ErrorCode_200113_Text	3.4	Hội thoại/Cốt truyện	Hệ thống/Thuật ngữ			Ineligible Item ID included
lang_multi_text.db	ErrorCode_200114_Text	3.4	Hội thoại/Cốt truyện	Hệ thống/Thuật ngữ			Ineligible Item type included
lang_multi_text.db	ErrorCode_200115_Text	3.4	Hội thoại/Cốt truyện	Hệ thống/Thuật ngữ			Level limit reached. Cannot level up
lang_multi_text.db	ErrorCode_200116_Text	3.4	Hội thoại/Cốt truyện	Hệ thống/Thuật ngữ			Configuration error. No configuration exists for current Level.
lang_multi_text.db	ErrorCode_200117_Text	3.4	Hội thoại/Cốt truyện	Hệ thống/Thuật ngữ			Level up condition unmet
lang_multi_text.db	ErrorCode_200118_Text	3.4	Hội thoại/Cốt truyện	Hệ thống/Thuật ngữ			Insufficient EXP for Level up
lang_multi_text.db	ErrorCode_200119_Text	3.4	Hội thoại/Cốt truyện	Hệ thống/Thuật ngữ			No reward available for claiming
lang_multi_text.db	ErrorCode_200120_Text	3.4	Hội thoại/Cốt truyện	Hệ thống/Thuật ngữ			Echo reward unavailable
lang_multi_text.db	ErrorCode_200121_Text	3.4	Hội thoại/Cốt truyện	Hệ thống/Thuật ngữ			{0}+{1}
lang_multi_text.db	ErrorCode_200122_Text	3.4	Hội thoại/Cốt truyện	Hệ thống/Thuật ngữ			Max Waveplate reached
lang_multi_text.db	ErrorCode_200123_Text	3.4	Hội thoại/Cốt truyện	Hệ thống/Thuật ngữ			You cannot currently teleport
lang_multi_text.db	ErrorCode_200124_Text	3.4	Hội thoại/Cốt truyện	Hệ thống/Thuật ngữ			Trial character present. Cannot enter Dungeon
lang_multi_text.db	ErrorCode_200125_Text	3.4	Hội thoại/Cốt truyện	Hệ thống/Thuật ngữ			Currenly unable to join Co-op
lang_multi_text.db	ErrorCode_200126_Text	3.4	Hội thoại/Cốt truyện	Hệ thống/Thuật ngữ			Cannot adjust the team lineup in the current state
lang_multi_text.db	ErrorCode_200127_Text	3.4	Hội thoại/Cốt truyện	Hệ thống/Thuật ngữ			Daily Report limit reached
lang_multi_text.db	ErrorCode_200128_Text	3.4	Hội thoại/Cốt truyện	Hệ thống/Thuật ngữ			Invalid Report reason
lang_multi_text.db	ErrorCode_200129_Text	3.4	Hội thoại/Cốt truyện	Hệ thống/Thuật ngữ			Report text exceeds limit
lang_multi_text.db	ErrorCode_200130_Text	3.4	Hội thoại/Cốt truyện	Hệ thống/Thuật ngữ			Cooking tool repaired
lang_multi_text.db	ErrorCode_200131_Text	3.4	Hội thoại/Cốt truyện	Hệ thống/Thuật ngữ			Cooking Recipe does not exist
lang_multi_text.db	ErrorCode_200132_Text	3.4	Hội thoại/Cốt truyện	Hệ thống/Thuật ngữ			Max cooking attempts reached
lang_multi_text.db	ErrorCode_200133_Text	3.4	Hội thoại/Cốt truyện	Hệ thống/Thuật ngữ			Ingredient does not exist
lang_multi_text.db	ErrorCode_200134_Text	3.4	Hội thoại/Cốt truyện	Hệ thống/Thuật ngữ			Invalid Chef Level
lang_multi_text.db	ErrorCode_200135_Text	3.4	Hội thoại/Cốt truyện	Hệ thống/Thuật ngữ			Level up conditions unmet
lang_multi_text.db	ErrorCode_200136_Text	3.4	Hội thoại/Cốt truyện	Hệ thống/Thuật ngữ			Interaction Configuration does not exist
lang_multi_text.db	ErrorCode_200137_Text	3.4	Hội thoại/Cốt truyện	Hệ thống/Thuật ngữ			Cooking not activated
lang_multi_text.db	ErrorCode_200138_Text	3.4	Hội thoại/Cốt truyện	Hệ thống/Thuật ngữ			Challenge Configuration does not exist
lang_multi_text.db	ErrorCode_200139_Text	3.4	Hội thoại/Cốt truyện	Hệ thống/Thuật ngữ			No team info
lang_multi_text.db	ErrorCode_200140_Text	3.4	Hội thoại/Cốt truyện	Hệ thống/Thuật ngữ			Incorrect number of parties
lang_multi_text.db	ErrorCode_200141_Text	3.4	Hội thoại/Cốt truyện	Hệ thống/Thuật ngữ			Incorrect number of party members
lang_multi_text.db	ErrorCode_200142_Text	3.4	Hội thoại/Cốt truyện	Hệ thống/Thuật ngữ			Cannot adjust the team lineup for this stage
lang_multi_text.db	ErrorCode_200143_Text	3.4	Hội thoại/Cốt truyện	Hệ thống/Thuật ngữ			Challenge unavailable
lang_multi_text.db	ErrorCode_200144_Text	3.4	Hội thoại/Cốt truyện	Hệ thống/Thuật ngữ			Tower of Adversity is refreshed regularly
lang_multi_text.db	ErrorCode_200145_Text	3.4	Hội thoại/Cốt truyện	Hệ thống/Thuật ngữ			Characters locked for Tower of Adversity exceeds limit
lang_multi_text.db	ErrorCode_200146_Text	3.4	Hội thoại/Cốt truyện	Hệ thống/Thuật ngữ			Character locked for other purpose
lang_multi_text.db	ErrorCode_200147_Text	3.4	Hội thoại/Cốt truyện	Hệ thống/Thuật ngữ			Failed to fetch characters for Forward Base
lang_multi_text.db	ErrorCode_200148_Text	3.4	Hội thoại/Cốt truyện	Hệ thống/Thuật ngữ			Failed to fetch team for Tower of Adversity
lang_multi_text.db	ErrorCode_200149_Text	3.4	Hội thoại/Cốt truyện	Hệ thống/Thuật ngữ			Failed to fetch characters for Tower of Adversity
lang_multi_text.db	ErrorCode_200150_Text	3.4	Hội thoại/Cốt truyện	Hệ thống/Thuật ngữ			Failed to fetch team for Tower of Adversity
lang_multi_text.db	ErrorCode_200151_Text	3.4	Hội thoại/Cốt truyện	Hệ thống/Thuật ngữ			Faction locked
lang_multi_text.db	ErrorCode_200152_Text	3.4	Hội thoại/Cốt truyện	Hệ thống/Thuật ngữ			No Faction Influence reward available to claim
lang_multi_text.db	ErrorCode_200153_Text	3.4	Hội thoại/Cốt truyện	Hệ thống/Thuật ngữ			Faction configuration does not exist
lang_multi_text.db	ErrorCode_200154_Text	3.4	Hội thoại/Cốt truyện	Hệ thống/Thuật ngữ			Insufficient Influence
lang_multi_text.db	ErrorCode_200155_Text	3.4	Hội thoại/Cốt truyện	Hệ thống/Thuật ngữ			Failed to claim Influence reward
lang_multi_text.db	ErrorCode_200156_Text	3.4	Hội thoại/Cốt truyện	Hệ thống/Thuật ngữ			Faction system locked
lang_multi_text.db	ErrorCode_200157_Text	3.4	Hội thoại/Cốt truyện	Hệ thống/Thuật ngữ			Weapon Craft system unavailable
lang_multi_text.db	ErrorCode_200158_Text	3.4	Hội thoại/Cốt truyện	Hệ thống/Thuật ngữ			Max Craft attempts reached
lang_multi_text.db	ErrorCode_200159_Text	3.4	Hội thoại/Cốt truyện	Hệ thống/Thuật ngữ			Craft Blueprint unavailable
lang_multi_text.db	ErrorCode_200160_Text	3.4	Hội thoại/Cốt truyện	Hệ thống/Thuật ngữ			Craft configuration not found
lang_multi_text.db	ErrorCode_200161_Text	3.4	Hội thoại/Cốt truyện	Hệ thống/Thuật ngữ			Craft Blueprint already unlocked
lang_multi_text.db	ErrorCode_200162_Text	3.4	Hội thoại/Cốt truyện	Hệ thống/Thuật ngữ			Synthesis system unavailable
lang_multi_text.db	ErrorCode_200163_Text	3.4	Hội thoại/Cốt truyện	Hệ thống/Thuật ngữ			Synthesis Recipe configuration not found
lang_multi_text.db	ErrorCode_200164_Text	3.4	Hội thoại/Cốt truyện	Hệ thống/Thuật ngữ			Max Synthesis attempts reached
lang_multi_text.db	ErrorCode_200165_Text	3.4	Hội thoại/Cốt truyện	Hệ thống/Thuật ngữ			Synthesis unavailable
lang_multi_text.db	ErrorCode_200166_Text	3.4	Hội thoại/Cốt truyện	Hệ thống/Thuật ngữ			Synthesis Level configuration not found
lang_multi_text.db	ErrorCode_200167_Text	3.4	Hội thoại/Cốt truyện	Hệ thống/Thuật ngữ			Level up conditions not met
lang_multi_text.db	ErrorCode_200168_Text	3.4	Hội thoại/Cốt truyện	Hệ thống/Thuật ngữ			Cannot unlock this Synthesis Recipe
lang_multi_text.db	ErrorCode_200169_Text	3.4	Hội thoại/Cốt truyện	Hệ thống/Thuật ngữ			Synthesis Recipe already unlocked
lang_multi_text.db	ErrorCode_200170_Text	3.4	Hội thoại/Cốt truyện	Hệ thống/Thuật ngữ			Trial character, unavailable for matching
lang_multi_text.db	ErrorCode_200171_Text	3.4	Hội thoại/Cốt truyện	Hệ thống/Thuật ngữ			You cannot currently teleport
lang_multi_text.db	ErrorCode_200172_Text	3.4	Hội thoại/Cốt truyện	Hệ thống/Thuật ngữ			Cannot enter Dungeon currently
lang_multi_text.db	ErrorCode_200173_Text	3.4	Hội thoại/Cốt truyện	Hệ thống/Thuật ngữ			Cannot enter Co-op currently
lang_multi_text.db	ErrorCode_200174_Text	3.4	Hội thoại/Cốt truyện	Hệ thống/Thuật ngữ			Unavailable currently
lang_multi_text.db	ErrorCode_200175_Text	3.4	Hội thoại/Cốt truyện	Hệ thống/Thuật ngữ			Cannot adjust the team lineup in the current state
lang_multi_text.db	ErrorCode_200176_Text	3.4	Hội thoại/Cốt truyện	Hệ thống/Thuật ngữ			Unavailable currently
lang_multi_text.db	ErrorCode_200177_Text	3.4	Hội thoại/Cốt truyện	Hệ thống/Thuật ngữ			Failed to switch team
lang_multi_text.db	ErrorCode_200178_Text	3.4	Hội thoại/Cốt truyện	Hệ thống/Thuật ngữ			Failed to switch character
lang_multi_text.db	ErrorCode_200179_Text	3.4	Hội thoại/Cốt truyện	Hệ thống/Thuật ngữ			Failed to switch character
lang_multi_text.db	ErrorCode_200180_Text	3.4	Hội thoại/Cốt truyện	Hệ thống/Thuật ngữ			Character locked
lang_multi_text.db	ErrorCode_200181_Text	3.4	Hội thoại/Cốt truyện	Hệ thống/Thuật ngữ			Cannot switch currently
lang_multi_text.db	ErrorCode_200182_Text	3.4	Hội thoại/Cốt truyện	Hệ thống/Thuật ngữ			Cannot switch currently
lang_multi_text.db	ErrorCode_200183_Text	3.4	Hội thoại/Cốt truyện	Hệ thống/Thuật ngữ			Attribute Switch unavailable yet
lang_multi_text.db	ErrorCode_200184_Text	3.4	Hội thoại/Cốt truyện	Hệ thống/Thuật ngữ			Cannot enter Co-op currently
lang_multi_text.db	ErrorCode_200185_Text	3.4	Hội thoại/Cốt truyện	Hệ thống/Thuật ngữ			Host cannot enter Co-op currently
lang_multi_text.db	ErrorCode_200186_Text	3.4	Hội thoại/Cốt truyện	Hệ thống/Thuật ngữ			More than one Rover present due to GM. Switch unavailable
lang_multi_text.db	ErrorCode_200187_Text	3.4	Hội thoại/Cốt truyện	Hệ thống/Thuật ngữ			Entity not found
lang_multi_text.db	ErrorCode_200188_Text	3.4	Hội thoại/Cốt truyện	Hệ thống/Thuật ngữ			Out of interaction range
lang_multi_text.db	ErrorCode_200189_Text	3.4	Hội thoại/Cốt truyện	Hệ thống/Thuật ngữ			Function locked
lang_multi_text.db	ErrorCode_200190_Text	3.4	Hội thoại/Cốt truyện	Hệ thống/Thuật ngữ			Entity function unsupported
lang_multi_text.db	ErrorCode_200191_Text	3.4	Hội thoại/Cốt truyện	Hệ thống/Thuật ngữ			Dungeon entry not found
lang_multi_text.db	ErrorCode_200192_Text	3.4	Hội thoại/Cốt truyện	Hệ thống/Thuật ngữ			Dungeon entry mismatch
lang_multi_text.db	ErrorCode_200193_Text	3.4	Hội thoại/Cốt truyện	Hệ thống/Thuật ngữ			Exceeded the maximum usage, please try again later.
lang_multi_text.db	ErrorCode_200194_Text	3.4	Hội thoại/Cốt truyện	Hệ thống/Thuật ngữ			Function unavailable
lang_multi_text.db	ErrorCode_200195_Text	3.4	Hội thoại/Cốt truyện	Hệ thống/Thuật ngữ			The current status is not operable, please try again later.
lang_multi_text.db	ErrorCode_200196_Text	3.4	Hội thoại/Cốt truyện	Hệ thống/Thuật ngữ			This item cannot be destroyed.
lang_multi_text.db	ErrorCode_200197_Text	3.4	Hội thoại/Cốt truyện	Hệ thống/Thuật ngữ			Insufficient available COST, cannot be equipped.
lang_multi_text.db	ErrorCode_200198_Text	3.4	Hội thoại/Cốt truyện	Hệ thống/Thuật ngữ			Insufficient available COST, cannot be equipped.
lang_multi_text.db	ErrorCode_200199_Text	3.4	Hội thoại/Cốt truyện	Hệ thống/Thuật ngữ			Echo equipped repeatedly, please try again.
lang_multi_text.db	ErrorCode_200200_Text	3.4	Hội thoại/Cốt truyện	Hệ thống/Thuật ngữ			Echo has been equipped by another character.
lang_multi_text.db	ErrorCode_200201_Text	3.4	Hội thoại/Cốt truyện	Hệ thống/Thuật ngữ			The number of items consumed is incorrect, please try again.
lang_multi_text.db	ErrorCode_200202_Text	3.4	Hội thoại/Cốt truyện	Hệ thống/Thuật ngữ			Consumption of the same item repeated, please try again
lang_multi_text.db	ErrorCode_200203_Text	3.4	Hội thoại/Cốt truyện	Hệ thống/Thuật ngữ			Consumption of the same item repeated, please try again
lang_multi_text.db	ErrorCode_200204_Text	3.4	Hội thoại/Cốt truyện	Hệ thống/Thuật ngữ			Consumption of item error, please try again
lang_multi_text.db	ErrorCode_200205_Text	3.4	Hội thoại/Cốt truyện	Hệ thống/Thuật ngữ			Consumption of Echo without experience, please try again
lang_multi_text.db	ErrorCode_200206_Text	3.4	Hội thoại/Cốt truyện	Hệ thống/Thuật ngữ			Tuning slot error, please try again
lang_multi_text.db	ErrorCode_200207_Text	3.4	Hội thoại/Cốt truyện	Hệ thống/Thuật ngữ			There are unconfirmed Tuning results
lang_multi_text.db	ErrorCode_200208_Text	3.4	Hội thoại/Cốt truyện	Hệ thống/Thuật ngữ			Consumption of item of wrong quality, please try again
lang_multi_text.db	ErrorCode_200209_Text	3.4	Hội thoại/Cốt truyện	Hệ thống/Thuật ngữ			Tuning EXP insufficient
lang_multi_text.db	ErrorCode_200210_Text	3.4	Hội thoại/Cốt truyện	Hệ thống/Thuật ngữ			No same name Echo put in, please try again
lang_multi_text.db	ErrorCode_200211_Text	3.4	Hội thoại/Cốt truyện	Hệ thống/Thuật ngữ			No Tuning to be confirmed
lang_multi_text.db	ErrorCode_200212_Text	3.4	Hội thoại/Cốt truyện	Hệ thống/Thuật ngữ			The current character cannot activate special skills, please try again
lang_multi_text.db	ErrorCode_200213_Text	3.4	Hội thoại/Cốt truyện	Hệ thống/Thuật ngữ			The current Echo is not equipped, please try again
lang_multi_text.db	ErrorCode_200214_Text	3.4	Hội thoại/Cốt truyện	Hệ thống/Thuật ngữ			The current Echo has no skills to activate
lang_multi_text.db	ErrorCode_200215_Text	3.4	Hội thoại/Cốt truyện	Hệ thống/Thuật ngữ			Echo Tuning attribute configuration does not exist, please try again
lang_multi_text.db	ErrorCode_200216_Text	3.4	Hội thoại/Cốt truyện	Hệ thống/Thuật ngữ			Echo Mainstat generation failed, please try again
lang_multi_text.db	ErrorCode_200217_Text	3.4	Hội thoại/Cốt truyện	Hệ thống/Thuật ngữ			Activity Points function not opened
lang_multi_text.db	ErrorCode_200218_Text	3.4	Hội thoại/Cốt truyện	Hệ thống/Thuật ngữ			Activity Points task configuration not found
lang_multi_text.db	ErrorCode_200219_Text	3.4	Hội thoại/Cốt truyện	Hệ thống/Thuật ngữ			Activity Points task not taken
lang_multi_text.db	ErrorCode_200220_Text	3.4	Hội thoại/Cốt truyện	Hệ thống/Thuật ngữ			Activity Points task not completed
lang_multi_text.db	ErrorCode_200221_Text	3.4	Hội thoại/Cốt truyện	Hệ thống/Thuật ngữ			Activity Points reward has been claimed
lang_multi_text.db	ErrorCode_200222_Text	3.4	Hội thoại/Cốt truyện	Hệ thống/Thuật ngữ			Activity Points reward configuration not found
lang_multi_text.db	ErrorCode_200223_Text	3.4	Hội thoại/Cốt truyện	Hệ thống/Thuật ngữ			Activity Points not up to standard
lang_multi_text.db	ErrorCode_200224_Text	3.4	Hội thoại/Cốt truyện	Hệ thống/Thuật ngữ			Activity Points reward request parameter error
lang_multi_text.db	ErrorCode_200225_Text	3.4	Hội thoại/Cốt truyện	Hệ thống/Thuật ngữ			Activity Points task reward request parameter error
lang_multi_text.db	ErrorCode_200226_Text	3.4	Hội thoại/Cốt truyện	Hệ thống/Thuật ngữ			Too many items consumed in weapon upgrade, please try again
lang_multi_text.db	ErrorCode_200227_Text	3.4	Hội thoại/Cốt truyện	Hệ thống/Thuật ngữ			Consumption of material error
lang_multi_text.db	ErrorCode_200228_Text	3.4	Hội thoại/Cốt truyện	Hệ thống/Thuật ngữ			Item does not exist, please contact official customer service if you have any questions
lang_multi_text.db	ErrorCode_200229_Text	3.4	Hội thoại/Cốt truyện	Hệ thống/Thuật ngữ			Item does not exist, please contact official customer service if you have any questions
lang_multi_text.db	ErrorCode_200230_Text	3.4	Hội thoại/Cốt truyện	Hệ thống/Thuật ngữ			Item is locked
lang_multi_text.db	ErrorCode_200231_Text	3.4	Hội thoại/Cốt truyện	Hệ thống/Thuật ngữ			Consumption of the same item repeated
lang_multi_text.db	ErrorCode_200232_Text	3.4	Hội thoại/Cốt truyện	Hệ thống/Thuật ngữ			The weapon has been equipped
lang_multi_text.db	ErrorCode_200233_Text	3.4	Hội thoại/Cốt truyện	Hệ thống/Thuật ngữ			Consumption of the same item repeated
lang_multi_text.db	ErrorCode_200234_Text	3.4	Hội thoại/Cốt truyện	Hệ thống/Thuật ngữ			Insufficient upgrade experience, please try again
lang_multi_text.db	ErrorCode_200235_Text	3.4	Hội thoại/Cốt truyện	Hệ thống/Thuật ngữ			Upgrade conditions are not met, please try again
lang_multi_text.db	ErrorCode_200236_Text	3.4	Hội thoại/Cốt truyện	Hệ thống/Thuật ngữ			Echo's Mainstat does not match, please try again
lang_multi_text.db	ErrorCode_200237_Text	3.4	Hội thoại/Cốt truyện	Hệ thống/Thuật ngữ			Echo's Substat does not match, please try again
lang_multi_text.db	ErrorCode_200238_Text	3.4	Hội thoại/Cốt truyện	Hệ thống/Thuật ngữ			Echo has been equipped
lang_multi_text.db	ErrorCode_200239_Text	3.4	Hội thoại/Cốt truyện	Hệ thống/Thuật ngữ			Advice data is abnormal, if you have any questions, please contact official customer service
lang_multi_text.db	ErrorCode_200240_Text	3.4	Hội thoại/Cốt truyện	Hệ thống/Thuật ngữ			Tower of Adversity challenge function is not open
lang_multi_text.db	ErrorCode_200241_Text	3.4	Hội thoại/Cốt truyện	Hệ thống/Thuật ngữ			Currently not in the challenge of the Tower of Adversity
lang_multi_text.db	ErrorCode_200242_Text	3.4	Hội thoại/Cốt truyện	Hệ thống/Thuật ngữ			Tower of Adversity configuration error, if you have any questions, please contact official customer service
lang_multi_text.db	ErrorCode_200243_Text	3.4	Hội thoại/Cốt truyện	Hệ thống/Thuật ngữ			The current Tower of Adversity challenge is not open
lang_multi_text.db	ErrorCode_200244_Text	3.4	Hội thoại/Cốt truyện	Hệ thống/Thuật ngữ			Currently in the challenge of the Tower of Adversity
lang_multi_text.db	ErrorCode_200245_Text	3.4	Hội thoại/Cốt truyện	Hệ thống/Thuật ngữ			The number of Resonators in the Tower of Adversity challenge team lineup exceeds the limit. Please try again
lang_multi_text.db	ErrorCode_200246_Text	3.4	Hội thoại/Cốt truyện	Hệ thống/Thuật ngữ			Cannot have duplicated Resonators in the Tower of Adversity challenge team lineup. Please try again
lang_multi_text.db	ErrorCode_200247_Text	3.4	Hội thoại/Cốt truyện	Hệ thống/Thuật ngữ			Insufficient fatigue value of the Resonator
lang_multi_text.db	ErrorCode_200248_Text	3.4	Hội thoại/Cốt truyện	Hệ thống/Thuật ngữ			The Tower of Adversity's pre-level has not been cleared, please try again
lang_multi_text.db	ErrorCode_200249_Text	3.4	Hội thoại/Cốt truyện	Hệ thống/Thuật ngữ			The Tower of Adversity's pre-level has not been cleared, please try again
lang_multi_text.db	ErrorCode_200250_Text	3.4	Hội thoại/Cốt truyện	Hệ thống/Thuật ngữ			The Tower of Adversity's pre-level has not been cleared, please try again
lang_multi_text.db	ErrorCode_200251_Text	3.4	Hội thoại/Cốt truyện	Hệ thống/Thuật ngữ			Server data is being counted, please try again later
lang_multi_text.db	ErrorCode_200252_Text	3.4	Hội thoại/Cốt truyện	Hệ thống/Thuật ngữ			Reward data is abnormal, if you have any questions, please contact official customer service
lang_multi_text.db	ErrorCode_200253_Text	3.4	Hội thoại/Cốt truyện	Hệ thống/Thuật ngữ			Reward data is abnormal, if you have any questions, please contact official customer service
lang_multi_text.db	ErrorCode_200254_Text	3.4	Hội thoại/Cốt truyện	Hệ thống/Thuật ngữ			The reward has been received
lang_multi_text.db	ErrorCode_200255_Text	3.4	Hội thoại/Cốt truyện	Hệ thống/Thuật ngữ			The reward target has not been reached
lang_multi_text.db	ErrorCode_200256_Text	3.4	Hội thoại/Cốt truyện	Hệ thống/Thuật ngữ			The current Tower of Adversity cycle has been refreshed
lang_multi_text.db	ErrorCode_200257_Text	3.4	Hội thoại/Cốt truyện	Hệ thống/Thuật ngữ			Holographic challenge: Calamity configuration index failed, if you have any questions, please contact official customer service
lang_multi_text.db	ErrorCode_200258_Text	3.4	Hội thoại/Cốt truyện	Hệ thống/Thuật ngữ			Holographic challenge: Calamity is open
lang_multi_text.db	ErrorCode_200259_Text	3.4	Hội thoại/Cốt truyện	Hệ thống/Thuật ngữ			Holographic challenge: Calamity is not unlocked
lang_multi_text.db	ErrorCode_200260_Text	3.4	Hội thoại/Cốt truyện	Hệ thống/Thuật ngữ			Holographic challenge: Calamity is not open
lang_multi_text.db	ErrorCode_200261_Text	3.4	Hội thoại/Cốt truyện	Hệ thống/Thuật ngữ			There is an abnormality, if you have any questions, please contact official customer service
lang_multi_text.db	ErrorCode_200262_Text	3.4	Hội thoại/Cốt truyện	Hệ thống/Thuật ngữ			Echo's Substat is not unlocked, please try again later
lang_multi_text.db	ErrorCode_200263_Text	3.4	Hội thoại/Cốt truyện	Hệ thống/Thuật ngữ			Echo's consumption configuration is wrong, please try again later
lang_multi_text.db	ErrorCode_200264_Text	3.4	Hội thoại/Cốt truyện	Hệ thống/Thuật ngữ			The type of gift package is abnormal, if you have any questions, please contact official customer service
lang_multi_text.db	ErrorCode_200265_Text	3.4	Hội thoại/Cốt truyện	Hệ thống/Thuật ngữ			No available data, please unlock at least one corresponding Echo first
lang_multi_text.db	ErrorCode_200282_Text	3.4	Hội thoại/Cốt truyện	Hệ thống/Thuật ngữ			The gift package item is abnormal, if you have any questions, please contact official customer service
lang_multi_text.db	ErrorCode_200283_Text	3.4	Hội thoại/Cốt truyện	Hệ thống/Thuật ngữ			Reconnection failed, list verification failed, if you have any questions, please contact official customer service
lang_multi_text.db	ErrorCode_200284_Text	3.4	Hội thoại/Cốt truyện	Hệ thống/Thuật ngữ			Reconnection failed, list verification failed, if you have any questions, please contact the official customer service
lang_multi_text.db	ErrorCode_200285_Text	3.4	Hội thoại/Cốt truyện	Hệ thống/Thuật ngữ			Network address resolution failed, please restart the network and try again
lang_multi_text.db	ErrorCode_200286_Text	3.4	Hội thoại/Cốt truyện	Hệ thống/Thuật ngữ			Reconnection failed, list verification failed, if you have any questions, please contact the official customer service
lang_multi_text.db	ErrorCode_200288_Text	3.4	Hội thoại/Cốt truyện	Hệ thống/Thuật ngữ			Maximum Resonance Level reached
lang_multi_text.db	ErrorCode_200289_Text	3.4	Hội thoại/Cốt truyện	Hệ thống/Thuật ngữ			Weapon configuration error, please try again
lang_multi_text.db	ErrorCode_200290_Text	3.4	Hội thoại/Cốt truyện	Hệ thống/Thuật ngữ			Weapon resonance configuration error, please try again
lang_multi_text.db	ErrorCode_200291_Text	3.4	Hội thoại/Cốt truyện	Hệ thống/Thuật ngữ			Weapon resonance consumption item error, please try again
lang_multi_text.db	ErrorCode_200292_Text	3.4	Hội thoại/Cốt truyện	Hệ thống/Thuật ngữ			Weapon resonance gold consumption abnormal, please try again
lang_multi_text.db	ErrorCode_200293_Text	3.4	Hội thoại/Cốt truyện	Hệ thống/Thuật ngữ			Destruction of items repeated, please try again
lang_multi_text.db	ErrorCode_200294_Text	3.4	Hội thoại/Cốt truyện	Hệ thống/Thuật ngữ			Contains items that cannot be destroyed
lang_multi_text.db	ErrorCode_200295_Text	3.4	Hội thoại/Cốt truyện	Hệ thống/Thuật ngữ			Contains items that cannot be destroyed
lang_multi_text.db	ErrorCode_200296_Text	3.4	Hội thoại/Cốt truyện	Hệ thống/Thuật ngữ			Contains items that cannot be destroyed
lang_multi_text.db	ErrorCode_200297_Text	3.4	Hội thoại/Cốt truyện	Hệ thống/Thuật ngữ			Contains items that cannot be destroyed
lang_multi_text.db	ErrorCode_200298_Text	3.4	Hội thoại/Cốt truyện	Hệ thống/Thuật ngữ			Contains items that cannot be destroyed
lang_multi_text.db	ErrorCode_200299_Text	3.4	Hội thoại/Cốt truyện	Hệ thống/Thuật ngữ			The quality of consumed props is too high, please replace them with other props.
lang_multi_text.db	ErrorCode_200300_Text	3.4	Hội thoại/Cốt truyện	Hệ thống/Thuật ngữ			Request too frequent. Please try again later.
lang_multi_text.db	ErrorCode_200301_Text	3.4	Hội thoại/Cốt truyện	Hệ thống/Thuật ngữ			The Echo skin has not been unlocked yet.
lang_multi_text.db	ErrorCode_200302_Text	3.4	Hội thoại/Cốt truyện	Hệ thống/Thuật ngữ			Echo skin mismatch.
lang_multi_text.db	ErrorCode_200303_Text	3.4	Hội thoại/Cốt truyện	Hệ thống/Thuật ngữ			System error, please try again later.
lang_multi_text.db	ErrorCode_200304_Text	3.4	Hội thoại/Cốt truyện	Hệ thống/Thuật ngữ			You cannot Cook more.
lang_multi_text.db	ErrorCode_200305_Text	3.4	Hội thoại/Cốt truyện	Hệ thống/Thuật ngữ			Not within the time limit.
lang_multi_text.db	ErrorCode_200306_Text	3.4	Hội thoại/Cốt truyện	Hệ thống/Thuật ngữ			You cannot Forge more.
lang_multi_text.db	ErrorCode_200307_Text	3.4	Hội thoại/Cốt truyện	Hệ thống/Thuật ngữ			Not within the time limit.
lang_multi_text.db	ErrorCode_200308_Text	3.4	Hội thoại/Cốt truyện	Hệ thống/Thuật ngữ			You cannot Synthesize more.
lang_multi_text.db	ErrorCode_200309_Text	3.4	Hội thoại/Cốt truyện	Hệ thống/Thuật ngữ			Not within the time limit.
lang_multi_text.db	ErrorCode_200310_Text	3.4	Hội thoại/Cốt truyện	Hệ thống/Thuật ngữ			Error when logging into the server, please contact official customer service if you have any questions.
lang_multi_text.db	ErrorCode_200311_Text	3.4	Hội thoại/Cốt truyện	Hệ thống/Thuật ngữ			The current login device is blocked due to {0}.
lang_multi_text.db	ErrorCode_200312_Text	3.4	Hội thoại/Cốt truyện	Hệ thống/Thuật ngữ			Character name length does not match, please try again.
lang_multi_text.db	ErrorCode_200313_Text	3.4	Hội thoại/Cốt truyện	Hệ thống/Thuật ngữ			The text length does not match, please try again.
lang_multi_text.db	ErrorCode_200314_Text	3.4	Hội thoại/Cốt truyện	Hệ thống/Thuật ngữ			Wrong number of props.
lang_multi_text.db	ErrorCode_200315_Text	3.4	Hội thoại/Cốt truyện	Hệ thống/Thuật ngữ			Data Merge configurations do not exist.
lang_multi_text.db	ErrorCode_200316_Text	3.4	Hội thoại/Cốt truyện	Hệ thống/Thuật ngữ			Data Merge configurations do not exist.
lang_multi_text.db	ErrorCode_200317_Text	3.4	Hội thoại/Cốt truyện	Hệ thống/Thuật ngữ			Data Merge failed because an enhanced Echo has been selected.
lang_multi_text.db	ErrorCode_200318_Text	3.4	Hội thoại/Cốt truyện	Hệ thống/Thuật ngữ			Failed to retrieve configuration. Please try again.
lang_multi_text.db	ErrorCode_200319_Text	3.4	Hội thoại/Cốt truyện	Hệ thống/Thuật ngữ			Function not available
lang_multi_text.db	ErrorCode_200320_Text	3.4	Hội thoại/Cốt truyện	Hệ thống/Thuật ngữ			Memory Collection function yet to unlock
lang_multi_text.db	ErrorCode_200321_Text	3.4	Hội thoại/Cốt truyện	Hệ thống/Thuật ngữ			You've already claimed the rewards.
lang_multi_text.db	ErrorCode_200322_Text	3.4	Hội thoại/Cốt truyện	Hệ thống/Thuật ngữ			Character data error. If you have any questions, please contact customer service
lang_multi_text.db	ErrorCode_200323_Text	3.4	Hội thoại/Cốt truyện	Hệ thống/Thuật ngữ			Recipe already unlocked. Unable to purchase again.
lang_multi_text.db	ErrorCode_200324_Text	3.4	Hội thoại/Cốt truyện	Hệ thống/Thuật ngữ			Recipe already unlocked. Unable to purchase again.
lang_multi_text.db	ErrorCode_200325_Text	3.4	Hội thoại/Cốt truyện	Hệ thống/Thuật ngữ			Recipe already unlocked. Unable to purchase again.
lang_multi_text.db	ErrorCode_200326_Text	3.4	Hội thoại/Cốt truyện	Hệ thống/Thuật ngữ			The maximum purchase limit of the recipe has been reached.
lang_multi_text.db	ErrorCode_200327_Text	3.4	Hội thoại/Cốt truyện	Hệ thống/Thuật ngữ			The maximum purchase limit of the recipe has been reached.
lang_multi_text.db	ErrorCode_200328_Text	3.4	Hội thoại/Cốt truyện	Hệ thống/Thuật ngữ			The maximum purchase limit of the recipe has been reached.
lang_multi_text.db	ErrorCode_200329_Text	3.4	Hội thoại/Cốt truyện	Hệ thống/Thuật ngữ			You have tried too many times today. Retry after 04:00 server time tomorrow.
lang_multi_text.db	ErrorCode_200330_Text	3.4	Hội thoại/Cốt truyện	Hệ thống/Thuật ngữ			Event data is error, please try again later
lang_multi_text.db	ErrorCode_200331_Text	3.4	Hội thoại/Cốt truyện	Hệ thống/Thuật ngữ			Event unavailable
lang_multi_text.db	ErrorCode_200332_Text	3.4	Hội thoại/Cốt truyện	Hệ thống/Thuật ngữ			Event data is error
lang_multi_text.db	ErrorCode_200333_Text	3.4	Hội thoại/Cốt truyện	Hệ thống/Thuật ngữ			Current task not yet completed
lang_multi_text.db	ErrorCode_200334_Text	3.4	Hội thoại/Cốt truyện	Hệ thống/Thuật ngữ			You've already claimed the task rewards
lang_multi_text.db	ErrorCode_200335_Text	3.4	Hội thoại/Cốt truyện	Hệ thống/Thuật ngữ			Request parameter error.
lang_multi_text.db	ErrorCode_200336_Text	3.4	Hội thoại/Cốt truyện	Hệ thống/Thuật ngữ			Stage configuration not found.
lang_multi_text.db	ErrorCode_200337_Text	3.4	Hội thoại/Cốt truyện	Hệ thống/Thuật ngữ			Event already ended.
lang_multi_text.db	ErrorCode_200338_Text	3.4	Hội thoại/Cốt truyện	Hệ thống/Thuật ngữ			Event data not found.
lang_multi_text.db	ErrorCode_200339_Text	3.4	Hội thoại/Cốt truyện	Hệ thống/Thuật ngữ			Completion data not found.
lang_multi_text.db	ErrorCode_200340_Text	3.4	Hội thoại/Cốt truyện	Hệ thống/Thuật ngữ			Reward already claimed.
lang_multi_text.db	ErrorCode_200341_Text	3.4	Hội thoại/Cốt truyện	Hệ thống/Thuật ngữ			Reward eligibility not met.
lang_multi_text.db	ErrorCode_200342_Text	3.4	Hội thoại/Cốt truyện	Hệ thống/Thuật ngữ			Reward already claimed.
lang_multi_text.db	ErrorCode_200343_Text	3.4	Hội thoại/Cốt truyện	Hệ thống/Thuật ngữ			Reward eligibility not met.
lang_multi_text.db	ErrorCode_200344_Text	3.4	Hội thoại/Cốt truyện	Hệ thống/Thuật ngữ			Reward configuration not found.
lang_multi_text.db	ErrorCode_200345_Text	3.4	Hội thoại/Cốt truyện	Hệ thống/Thuật ngữ			Unable to use Echoes in this instance.
lang_multi_text.db	ErrorCode_200346_Text	3.4	Hội thoại/Cốt truyện	Hệ thống/Thuật ngữ			Echo already selected.
lang_multi_text.db	ErrorCode_200347_Text	3.4	Hội thoại/Cốt truyện	Hệ thống/Thuật ngữ			Echo not selected.
lang_multi_text.db	ErrorCode_200348_Text	3.4	Hội thoại/Cốt truyện	Hệ thống/Thuật ngữ			Stage not available yet.
lang_multi_text.db	ErrorCode_200349_Text	3.4	Hội thoại/Cốt truyện	Hệ thống/Thuật ngữ			Stage locked.
lang_multi_text.db	ErrorCode_200350_Text	3.4	Hội thoại/Cốt truyện	Hệ thống/Thuật ngữ			You cannot change your name again within 72 hours of the last change. Please try again later.
lang_multi_text.db	ErrorCode_200351_Text	3.4	Hội thoại/Cốt truyện	Hệ thống/Thuật ngữ			The name change is in progress. Please check later.
lang_multi_text.db	ErrorCode_200352_Text	3.4	Hội thoại/Cốt truyện	Hệ thống/Thuật ngữ			Event data error
lang_multi_text.db	ErrorCode_200353_Text	3.4	Hội thoại/Cốt truyện	Hệ thống/Thuật ngữ			Event unavailable
lang_multi_text.db	ErrorCode_200354_Text	3.4	Hội thoại/Cốt truyện	Hệ thống/Thuật ngữ			You've already claimed the event rewards
lang_multi_text.db	ErrorCode_200355_Text	3.4	Hội thoại/Cốt truyện	Hệ thống/Thuật ngữ			Rewards unavailable
lang_multi_text.db	ErrorCode_200356_Text	3.4	Hội thoại/Cốt truyện	Hệ thống/Thuật ngữ			Redeem in progress, please try again later
lang_multi_text.db	ErrorCode_200357_Text	3.4	Hội thoại/Cốt truyện	Hệ thống/Thuật ngữ			This stage is locked
lang_multi_text.db	ErrorCode_200358_Text	3.4	Hội thoại/Cốt truyện	Hệ thống/Thuật ngữ			Lodge's Wish locked.
lang_multi_text.db	ErrorCode_200359_Text	3.4	Hội thoại/Cốt truyện	Hệ thống/Thuật ngữ			Companions locked.
lang_multi_text.db	ErrorCode_200360_Text	3.4	Hội thoại/Cốt truyện	Hệ thống/Thuật ngữ			Fair Stalls locked.
lang_multi_text.db	ErrorCode_200361_Text	3.4	Hội thoại/Cốt truyện	Hệ thống/Thuật ngữ			Construction entity not found.
lang_multi_text.db	ErrorCode_200362_Text	3.4	Hội thoại/Cốt truyện	Hệ thống/Thuật ngữ			Error. Please contact our Customer Service for assistance.
lang_multi_text.db	ErrorCode_200363_Text	3.4	Hội thoại/Cốt truyện	Hệ thống/Thuật ngữ			Error. Please contact our Customer Service for assistance.
lang_multi_text.db	ErrorCode_200364_Text	3.4	Hội thoại/Cốt truyện	Hệ thống/Thuật ngữ			Error. Please contact our Customer Service for assistance.
lang_multi_text.db	ErrorCode_200365_Text	3.4	Hội thoại/Cốt truyện	Hệ thống/Thuật ngữ			Error. Please contact our Customer Service for assistance.
lang_multi_text.db	ErrorCode_200366_Text	3.4	Hội thoại/Cốt truyện	Hệ thống/Thuật ngữ			Error. Please contact our Customer Service for assistance.
lang_multi_text.db	ErrorCode_200367_Text	3.4	Hội thoại/Cốt truyện	Hệ thống/Thuật ngữ			Error. Please contact our Customer Service for assistance.
lang_multi_text.db	ErrorCode_200368_Text	3.4	Hội thoại/Cốt truyện	Hệ thống/Thuật ngữ			The party has been disbanded
lang_multi_text.db	ErrorCode_200410_Text	3.4	Hội thoại/Cốt truyện	Hệ thống/Thuật ngữ			Input settings quantity error
lang_multi_text.db	ErrorCode_200411_Text	3.4	Hội thoại/Cốt truyện	Hệ thống/Thuật ngữ			Input settings incorrect device type
lang_multi_text.db	ErrorCode_200412_Text	3.4	Hội thoại/Cốt truyện	Hệ thống/Thuật ngữ			You have requested input settings too frequently
lang_multi_text.db	ErrorCode_200413_Text	3.4	Hội thoại/Cốt truyện	Hệ thống/Thuật ngữ			You have requested input settings too frequently
lang_multi_text.db	ErrorCode_200414_Text	3.4	Hội thoại/Cốt truyện	Hệ thống/Thuật ngữ			You have requested input settings too frequently
lang_multi_text.db	ErrorCode_200415_Text	3.4	Hội thoại/Cốt truyện	Hệ thống/Thuật ngữ			You have requested input settings too frequently
lang_multi_text.db	ErrorCode_200416_Text	3.4	Hội thoại/Cốt truyện	Hệ thống/Thuật ngữ			Input settings operation not found
lang_multi_text.db	ErrorCode_200417_Text	3.4	Hội thoại/Cốt truyện	Hệ thống/Thuật ngữ			Input settings operation not found
lang_multi_text.db	ErrorCode_200418_Text	3.4	Hội thoại/Cốt truyện	Hệ thống/Thuật ngữ			Input settings operation not found
lang_multi_text.db	ErrorCode_200419_Text	3.4	Hội thoại/Cốt truyện	Hệ thống/Thuật ngữ			Input settings operation not found
lang_multi_text.db	ErrorCode_200420_Text	3.4	Hội thoại/Cốt truyện	Hệ thống/Thuật ngữ			Input settings key name too long
lang_multi_text.db	ErrorCode_200421_Text	3.4	Hội thoại/Cốt truyện	Hệ thống/Thuật ngữ			Input settings too many keys configured
lang_multi_text.db	ErrorCode_200422_Text	3.4	Hội thoại/Cốt truyện	Hệ thống/Thuật ngữ			Input settings key name too long
lang_multi_text.db	ErrorCode_200423_Text	3.4	Hội thoại/Cốt truyện	Hệ thống/Thuật ngữ			Input settings too many keys configured
lang_multi_text.db	ErrorCode_200424_Text	3.4	Hội thoại/Cốt truyện	Hệ thống/Thuật ngữ			Input settings key name too long
lang_multi_text.db	ErrorCode_200425_Text	3.4	Hội thoại/Cốt truyện	Hệ thống/Thuật ngữ			Input settings too many keys configured
lang_multi_text.db	ErrorCode_200426_Text	3.4	Hội thoại/Cốt truyện	Hệ thống/Thuật ngữ			Input settings too many keys configured
lang_multi_text.db	ErrorCode_200427_Text	3.4	Hội thoại/Cốt truyện	Hệ thống/Thuật ngữ			Input settings key name too long
lang_multi_text.db	ErrorCode_200428_Text	3.4	Hội thoại/Cốt truyện	Hệ thống/Thuật ngữ			Input settings too many keys configured
lang_multi_text.db	ErrorCode_200429_Text	3.4	Hội thoại/Cốt truyện	Hệ thống/Thuật ngữ			Input settings too many keys configured
lang_multi_text.db	ErrorCode_200430_Text	3.4	Hội thoại/Cốt truyện	Hệ thống/Thuật ngữ			Input settings device subtype name too long
lang_multi_text.db	ErrorCode_200432_Text	3.4	Hội thoại/Cốt truyện	Hệ thống/Thuật ngữ			Failed to join Co-op because you have been blocked by this player.
lang_multi_text.db	ErrorCode_200433_Text	3.4	Hội thoại/Cốt truyện	Hệ thống/Thuật ngữ			Your content contains illegal characters, please try again.
lang_multi_text.db	ErrorCode_200434_Text	3.4	Hội thoại/Cốt truyện	Hệ thống/Thuật ngữ			Email not linked
lang_multi_text.db	ErrorCode_200435_Text	3.4	Hội thoại/Cốt truyện	Hệ thống/Thuật ngữ			The reward has been claimed already
lang_multi_text.db	ErrorCode_200436_Text	3.4	Hội thoại/Cốt truyện	Hệ thống/Thuật ngữ			Key setting data error.
lang_multi_text.db	ErrorCode_200437_Text	3.4	Hội thoại/Cốt truyện	Hệ thống/Thuật ngữ			System error. Please try again later.
lang_multi_text.db	ErrorCode_200438_Text	3.4	Hội thoại/Cốt truyện	Hệ thống/Thuật ngữ			This function is unavailable in combat before the first clear
lang_multi_text.db	ErrorCode_200439_Text	3.4	Hội thoại/Cốt truyện	Hệ thống/Thuật ngữ			This function is unavailable in this event
lang_multi_text.db	ErrorCode_200440_Text	3.4	Hội thoại/Cốt truyện	Hệ thống/Thuật ngữ			Function unavailable
lang_multi_text.db	ErrorCode_200441_Text	3.4	Hội thoại/Cốt truyện	Hệ thống/Thuật ngữ			Unavailable in this dungeon
lang_multi_text.db	ErrorCode_200442_Text	3.4	Hội thoại/Cốt truyện	Hệ thống/Thuật ngữ			Unavailable in the current challenge
lang_multi_text.db	ErrorCode_200447_Text	3.4	Hội thoại/Cốt truyện	Hệ thống/Thuật ngữ			System error. Please try again later.
lang_multi_text.db	ErrorCode_200451_Text	3.4	Hội thoại/Cốt truyện	Hệ thống/Thuật ngữ			Request too frequent. Please try again later.
lang_multi_text.db	ErrorCode_20_Text	3.4	Hội thoại/Cốt truyện	Hệ thống/Thuật ngữ			The server is currently full, please be patient.
lang_multi_text.db	ErrorCode_2100000_Text	3.4	Hội thoại/Cốt truyện	Hệ thống/Thuật ngữ			There is an abnormality, if you have any questions, please contact the official customer service
lang_multi_text.db	ErrorCode_2100001_Text	3.4	Hội thoại/Cốt truyện	Hệ thống/Thuật ngữ			Please contact our Customer Service for assistance
lang_multi_text.db	ErrorCode_2100003_Text	3.4	Hội thoại/Cốt truyện	Hệ thống/Thuật ngữ			This function is currently unavailable.
lang_multi_text.db	ErrorCode_2100004_Text	3.4	Hội thoại/Cốt truyện	Hệ thống/Thuật ngữ			Combat stats caused memory overflow. Check config file.
lang_multi_text.db	ErrorCode_21_Text	3.4	Hội thoại/Cốt truyện	Hệ thống/Thuật ngữ			The player is logging in.
lang_multi_text.db	ErrorCode_2200000_Text	3.4	Hội thoại/Cốt truyện	Hệ thống/Thuật ngữ			Command error, the level entity with the specified id cannot be killed.
lang_multi_text.db	ErrorCode_2200001_Text	3.4	Hội thoại/Cốt truyện	Hệ thống/Thuật ngữ			System error. Please try restart the client and log in again.
lang_multi_text.db	ErrorCode_2200002_Text	3.4	Hội thoại/Cốt truyện	Hệ thống/Thuật ngữ			The event has not started.
lang_multi_text.db	ErrorCode_2200003_Text	3.4	Hội thoại/Cốt truyện	Hệ thống/Thuật ngữ			Event points reward not found.
lang_multi_text.db	ErrorCode_2200004_Text	3.4	Hội thoại/Cốt truyện	Hệ thống/Thuật ngữ			Event stage reward not found.
lang_multi_text.db	ErrorCode_2200005_Text	3.4	Hội thoại/Cốt truyện	Hệ thống/Thuật ngữ			The goal for the event points reward has not been reached.
lang_multi_text.db	ErrorCode_2200006_Text	3.4	Hội thoại/Cốt truyện	Hệ thống/Thuật ngữ			The goal for the event points reward has not been reached.
lang_multi_text.db	ErrorCode_2200007_Text	3.4	Hội thoại/Cốt truyện	Hệ thống/Thuật ngữ			Event reward already claimed.
lang_multi_text.db	ErrorCode_2200008_Text	3.4	Hội thoại/Cốt truyện	Hệ thống/Thuật ngữ			The selected event buff is invalid.
lang_multi_text.db	ErrorCode_2200009_Text	3.4	Hội thoại/Cốt truyện	Hệ thống/Thuật ngữ			Event configuration not found.
lang_multi_text.db	ErrorCode_2200010_Text	3.4	Hội thoại/Cốt truyện	Hệ thống/Thuật ngữ			The selected event character is invalid.
lang_multi_text.db	ErrorCode_2200011_Text	3.4	Hội thoại/Cốt truyện	Hệ thống/Thuật ngữ			Event component not found.
lang_multi_text.db	ErrorCode_2200012_Text	3.4	Hội thoại/Cốt truyện	Hệ thống/Thuật ngữ			Please select at least one character to start the challenge.
lang_multi_text.db	ErrorCode_2200013_Text	3.4	Hội thoại/Cốt truyện	Hệ thống/Thuật ngữ			You have unselected buff stats. Please select them before starting the challenge.
lang_multi_text.db	ErrorCode_2200014_Text	3.4	Hội thoại/Cốt truyện	Hệ thống/Thuật ngữ			This event stage is currently unavailable.
lang_multi_text.db	ErrorCode_2200015_Text	3.4	Hội thoại/Cốt truyện	Hệ thống/Thuật ngữ			Cannot destroy conjured entity
lang_multi_text.db	ErrorCode_22000168_Text	3.4	Hội thoại/Cốt truyện	Hệ thống/Thuật ngữ			This is not a Tidal Defense Simulator environment
lang_multi_text.db	ErrorCode_2200016_Text	3.4	Hội thoại/Cốt truyện	Hệ thống/Thuật ngữ			An exception occurred. Please contact Customer Support for assistance.
lang_multi_text.db	ErrorCode_2200054_Text	3.4	Hội thoại/Cốt truyện	Hệ thống/Thuật ngữ			You cannot currently use this function
lang_multi_text.db	ErrorCode_2200060_Text	3.4	Hội thoại/Cốt truyện	Hệ thống/Thuật ngữ			Currently influenced by abnormal gravity, unable to join Co-op.
lang_multi_text.db	ErrorCode_2200061_Text	3.4	Hội thoại/Cốt truyện	Hệ thống/Thuật ngữ			Cannot Fast Travel to areas with abnormal gravity in Co-op.
lang_multi_text.db	ErrorCode_2200062_Text	3.4	Hội thoại/Cốt truyện	Hệ thống/Thuật ngữ			The Gravity Calibrator already points to the gravity direction requested.
lang_multi_text.db	ErrorCode_2200063_Text	3.4	Hội thoại/Cốt truyện	Hệ thống/Thuật ngữ			The gravity direction requested by the Gravity Calibrator does not exist.
lang_multi_text.db	ErrorCode_2200064_Text	3.4	Hội thoại/Cốt truyện	Hệ thống/Thuật ngữ			The Gravity Calibrator already points to the gravity direction requested.
lang_multi_text.db	ErrorCode_2200065_Text	3.4	Hội thoại/Cốt truyện	Hệ thống/Thuật ngữ			Player's gravity direction does not exist in the selectable directions of the Gravity Calibrator.
lang_multi_text.db	ErrorCode_2200066_Text	3.4	Hội thoại/Cốt truyện	Hệ thống/Thuật ngữ			The Gravity Calibrator is locked.
lang_multi_text.db	ErrorCode_2200079_Text	3.4	Hội thoại/Cốt truyện	Hệ thống/Thuật ngữ			Failed to randomly choose a Tactic Set in Deathtrap Mode
lang_multi_text.db	ErrorCode_2200080_Text	3.4	Hội thoại/Cốt truyện	Hệ thống/Thuật ngữ			The Tactic Set configuration does not exist in Deathtrap Mode
lang_multi_text.db	ErrorCode_2200081_Text	3.4	Hội thoại/Cốt truyện	Hệ thống/Thuật ngữ			The Tactic configuration does not exist in Deathtrap Mode
lang_multi_text.db	ErrorCode_2200082_Text	3.4	Hội thoại/Cốt truyện	Hệ thống/Thuật ngữ			Failed to randomize Tactic rarity in Deathtrap Mode
lang_multi_text.db	ErrorCode_2200083_Text	3.4	Hội thoại/Cốt truyện	Hệ thống/Thuật ngữ			Failed to randomly choose a Tactic Set in Deathtrap Mode
lang_multi_text.db	ErrorCode_2200084_Text	3.4	Hội thoại/Cốt truyện	Hệ thống/Thuật ngữ			The random Tactics pool in Deathtrap Mode is empty
lang_multi_text.db	ErrorCode_2200085_Text	3.4	Hội thoại/Cốt truyện	Hệ thống/Thuật ngữ			No available Tactic Set for drawing Tactics in Deathtrap Mode
lang_multi_text.db	ErrorCode_2200086_Text	3.4	Hội thoại/Cốt truyện	Hệ thống/Thuật ngữ			No available rarity for drawing Tactics in Deathtrap Mode
lang_multi_text.db	ErrorCode_2200087_Text	3.4	Hội thoại/Cốt truyện	Hệ thống/Thuật ngữ			The behavior of drawing Tactics in Deathtrap Mode is not configured
lang_multi_text.db	ErrorCode_2200088_Text	3.4	Hội thoại/Cốt truyện	Hệ thống/Thuật ngữ			Environment configuration not exist
lang_multi_text.db	ErrorCode_2200089_Text	3.4	Hội thoại/Cốt truyện	Hệ thống/Thuật ngữ			Tacet Discord Wave not configured
lang_multi_text.db	ErrorCode_2200090_Text	3.4	Hội thoại/Cốt truyện	Hệ thống/Thuật ngữ			Preparation phase wave not configured
lang_multi_text.db	ErrorCode_2200091_Text	3.4	Hội thoại/Cốt truyện	Hệ thống/Thuật ngữ			Tacet Discord not configured
lang_multi_text.db	ErrorCode_2200092_Text	3.4	Hội thoại/Cốt truyện	Hệ thống/Thuật ngữ			Duplicate Tacet Discord data in the wave
lang_multi_text.db	ErrorCode_2200093_Text	3.4	Hội thoại/Cốt truyện	Hệ thống/Thuật ngữ			Combat Machine not configured
lang_multi_text.db	ErrorCode_2200094_Text	3.4	Hội thoại/Cốt truyện	Hệ thống/Thuật ngữ			Combat Machine entity not found in grid system
lang_multi_text.db	ErrorCode_2200095_Text	3.4	Hội thoại/Cốt truyện	Hệ thống/Thuật ngữ			You are not in the Preparation phase
lang_multi_text.db	ErrorCode_2200096_Text	3.4	Hội thoại/Cốt truyện	Hệ thống/Thuật ngữ			Tactic Set not configured
lang_multi_text.db	ErrorCode_2200097_Text	3.4	Hội thoại/Cốt truyện	Hệ thống/Thuật ngữ			Established random Tactic Set pool is empty
lang_multi_text.db	ErrorCode_2200098_Text	3.4	Hội thoại/Cốt truyện	Hệ thống/Thuật ngữ			Established random rarity pool is empty
lang_multi_text.db	ErrorCode_2200099_Text	3.4	Hội thoại/Cốt truyện	Hệ thống/Thuật ngữ			Invalid query parameter
lang_multi_text.db	ErrorCode_2200100_Text	3.4	Hội thoại/Cốt truyện	Hệ thống/Thuật ngữ			Duplicate query parameter
lang_multi_text.db	ErrorCode_2200101_Text	3.4	Hội thoại/Cốt truyện	Hệ thống/Thuật ngữ			Reward configuration not found
lang_multi_text.db	ErrorCode_2200102_Text	3.4	Hội thoại/Cốt truyện	Hệ thống/Thuật ngữ			Not the time to claim rewards
lang_multi_text.db	ErrorCode_2200103_Text	3.4	Hội thoại/Cốt truyện	Hệ thống/Thuật ngữ			The reward has been received
lang_multi_text.db	ErrorCode_2200104_Text	3.4	Hội thoại/Cốt truyện	Hệ thống/Thuật ngữ			Condition not met yet
lang_multi_text.db	ErrorCode_2200105_Text	3.4	Hội thoại/Cốt truyện	Hệ thống/Thuật ngữ			Not in the event instance
lang_multi_text.db	ErrorCode_2200106_Text	3.4	Hội thoại/Cốt truyện	Hệ thống/Thuật ngữ			Parameter to enter the instance is missing
lang_multi_text.db	ErrorCode_2200107_Text	3.4	Hội thoại/Cốt truyện	Hệ thống/Thuật ngữ			Tidal Defense Simulator environment not configured
lang_multi_text.db	ErrorCode_2200108_Text	3.4	Hội thoại/Cốt truyện	Hệ thống/Thuật ngữ			This stage is locked
lang_multi_text.db	ErrorCode_2200109_Text	3.4	Hội thoại/Cốt truyện	Hệ thống/Thuật ngữ			This Combat Machine is locked
lang_multi_text.db	ErrorCode_2200110_Text	3.4	Hội thoại/Cốt truyện	Hệ thống/Thuật ngữ			This KU-Roro's Weapon is locked
lang_multi_text.db	ErrorCode_2200111_Text	3.4	Hội thoại/Cốt truyện	Hệ thống/Thuật ngữ			Equipment index out of range
lang_multi_text.db	ErrorCode_2200112_Text	3.4	Hội thoại/Cốt truyện	Hệ thống/Thuật ngữ			Cannot repeatedly equip the same Combat Machine
lang_multi_text.db	ErrorCode_2200113_Text	3.4	Hội thoại/Cốt truyện	Hệ thống/Thuật ngữ			Cannot repeatedly request the same Combat Machine
lang_multi_text.db	ErrorCode_2200114_Text	3.4	Hội thoại/Cốt truyện	Hệ thống/Thuật ngữ			Combat Machine not configured
lang_multi_text.db	ErrorCode_2200115_Text	3.4	Hội thoại/Cốt truyện	Hệ thống/Thuật ngữ			KU-Roro's Weapon not configured
lang_multi_text.db	ErrorCode_2200116_Text	3.4	Hội thoại/Cốt truyện	Hệ thống/Thuật ngữ			Cannot repeatedly equip the same KU-Roro's Weapon
lang_multi_text.db	ErrorCode_2200117_Text	3.4	Hội thoại/Cốt truyện	Hệ thống/Thuật ngữ			Necessary Combat Machine not equipped
lang_multi_text.db	ErrorCode_2200118_Text	3.4	Hội thoại/Cốt truyện	Hệ thống/Thuật ngữ			Necessary KU-Roro's Weapon not equipped
lang_multi_text.db	ErrorCode_2200119_Text	3.4	Hội thoại/Cốt truyện	Hệ thống/Thuật ngữ			Combat Machine level not configured
lang_multi_text.db	ErrorCode_2200120_Text	3.4	Hội thoại/Cốt truyện	Hệ thống/Thuật ngữ			The Combat Machine has reached the highest level
lang_multi_text.db	ErrorCode_2200121_Text	3.4	Hội thoại/Cốt truyện	Hệ thống/Thuật ngữ			Event configuration missing
lang_multi_text.db	ErrorCode_2200122_Text	3.4	Hội thoại/Cốt truyện	Hệ thống/Thuật ngữ			KU-Roro's Weapon level not configured
lang_multi_text.db	ErrorCode_2200123_Text	3.4	Hội thoại/Cốt truyện	Hệ thống/Thuật ngữ			The KU-Roro's Weapon has reached the highest level
lang_multi_text.db	ErrorCode_2200124_Text	3.4	Hội thoại/Cốt truyện	Hệ thống/Thuật ngữ			No current option for the KU-Roro's Weapon
lang_multi_text.db	ErrorCode_2200125_Text	3.4	Hội thoại/Cốt truyện	Hệ thống/Thuật ngữ			No current option for the Combat Machine
lang_multi_text.db	ErrorCode_2200126_Text	3.4	Hội thoại/Cốt truyện	Hệ thống/Thuật ngữ			The reset action of KU-Roro's Weapon is invalid
lang_multi_text.db	ErrorCode_2200127_Text	3.4	Hội thoại/Cốt truyện	Hệ thống/Thuật ngữ			The reset action of Combat Machine is invalid
lang_multi_text.db	ErrorCode_2200128_Text	3.4	Hội thoại/Cốt truyện	Hệ thống/Thuật ngữ			Overwatch Protocol configuration is missing
lang_multi_text.db	ErrorCode_2200129_Text	3.4	Hội thoại/Cốt truyện	Hệ thống/Thuật ngữ			The Overwatch Protocol is unlocked
lang_multi_text.db	ErrorCode_2200130_Text	3.4	Hội thoại/Cốt truyện	Hệ thống/Thuật ngữ			Overwatch Protocol configuration is missing
lang_multi_text.db	ErrorCode_2200131_Text	3.4	Hội thoại/Cốt truyện	Hệ thống/Thuật ngữ			Prerequisite Protocol is not activated
lang_multi_text.db	ErrorCode_2200132_Text	3.4	Hội thoại/Cốt truyện	Hệ thống/Thuật ngữ			Insufficient Rating Stars
lang_multi_text.db	ErrorCode_2200133_Text	3.4	Hội thoại/Cốt truyện	Hệ thống/Thuật ngữ			Event item not configured
lang_multi_text.db	ErrorCode_2200134_Text	3.4	Hội thoại/Cốt truyện	Hệ thống/Thuật ngữ			Event item capacity exceeded
lang_multi_text.db	ErrorCode_2200135_Text	3.4	Hội thoại/Cốt truyện	Hệ thống/Thuật ngữ			Insufficient event item
lang_multi_text.db	ErrorCode_2200136_Text	3.4	Hội thoại/Cốt truyện	Hệ thống/Thuật ngữ			Data of the purchased Tactic Set is missing
lang_multi_text.db	ErrorCode_2200137_Text	3.4	Hội thoại/Cốt truyện	Hệ thống/Thuật ngữ			Data of the purchased item is missing
lang_multi_text.db	ErrorCode_2200138_Text	3.4	Hội thoại/Cốt truyện	Hệ thống/Thuật ngữ			Insufficient Sim Credits
lang_multi_text.db	ErrorCode_2200139_Text	3.4	Hội thoại/Cốt truyện	Hệ thống/Thuật ngữ			Sim Credit payment failed
lang_multi_text.db	ErrorCode_2200140_Text	3.4	Hội thoại/Cốt truyện	Hệ thống/Thuật ngữ			Insufficient item inventory
lang_multi_text.db	ErrorCode_2200141_Text	3.4	Hội thoại/Cốt truyện	Hệ thống/Thuật ngữ			Shop data is missing
lang_multi_text.db	ErrorCode_2200142_Text	3.4	Hội thoại/Cốt truyện	Hệ thống/Thuật ngữ			Shop configuration is missing
lang_multi_text.db	ErrorCode_2200143_Text	3.4	Hội thoại/Cốt truyện	Hệ thống/Thuật ngữ			Insufficient Shop refresh attempts
lang_multi_text.db	ErrorCode_2200144_Text	3.4	Hội thoại/Cốt truyện	Hệ thống/Thuật ngữ			Sim Credit not configured
lang_multi_text.db	ErrorCode_2200145_Text	3.4	Hội thoại/Cốt truyện	Hệ thống/Thuật ngữ			Not the Sim Credit entity
lang_multi_text.db	ErrorCode_2200146_Text	3.4	Hội thoại/Cốt truyện	Hệ thống/Thuật ngữ			Not the Tacet Discord entity
lang_multi_text.db	ErrorCode_2200147_Text	3.4	Hội thoại/Cốt truyện	Hệ thống/Thuật ngữ			Not the Combat Machine entity
lang_multi_text.db	ErrorCode_2200148_Text	3.4	Hội thoại/Cốt truyện	Hệ thống/Thuật ngữ			All variables cannot drop below 0
lang_multi_text.db	ErrorCode_2200149_Text	3.4	Hội thoại/Cốt truyện	Hệ thống/Thuật ngữ			All variable types are missing
lang_multi_text.db	ErrorCode_2200150_Text	3.4	Hội thoại/Cốt truyện	Hệ thống/Thuật ngữ			The selected Tactic is sold
lang_multi_text.db	ErrorCode_2200151_Text	3.4	Hội thoại/Cốt truyện	Hệ thống/Thuật ngữ			Combat Machine deployment cap reached
lang_multi_text.db	ErrorCode_2200152_Text	3.4	Hội thoại/Cốt truyện	Hệ thống/Thuật ngữ			Not in the reward phase
lang_multi_text.db	ErrorCode_2200153_Text	3.4	Hội thoại/Cốt truyện	Hệ thống/Thuật ngữ			Data for drawing Tactics is missing
lang_multi_text.db	ErrorCode_2200154_Text	3.4	Hội thoại/Cốt truyện	Hệ thống/Thuật ngữ			Insufficient refresh attempts for drawing Tactics
lang_multi_text.db	ErrorCode_2200155_Text	3.4	Hội thoại/Cốt truyện	Hệ thống/Thuật ngữ			Special area not configured
lang_multi_text.db	ErrorCode_2200156_Text	3.4	Hội thoại/Cốt truyện	Hệ thống/Thuật ngữ			Special area of specific level not configured
lang_multi_text.db	ErrorCode_2200158_Text	3.4	Hội thoại/Cốt truyện	Hệ thống/Thuật ngữ			Insufficient Frequency Neutralizers
lang_multi_text.db	ErrorCode_2200159_Text	3.4	Hội thoại/Cốt truyện	Hệ thống/Thuật ngữ			Item logic configuration error
lang_multi_text.db	ErrorCode_2200160_Text	3.4	Hội thoại/Cốt truyện	Hệ thống/Thuật ngữ			Unmatched special area type
lang_multi_text.db	ErrorCode_2200161_Text	3.4	Hội thoại/Cốt truyện	Hệ thống/Thuật ngữ			Not a special area in Tidal Defense Simulator
lang_multi_text.db	ErrorCode_2200162_Text	3.4	Hội thoại/Cốt truyện	Hệ thống/Thuật ngữ			Deployment cap reached
lang_multi_text.db	ErrorCode_2200164_Text	3.4	Hội thoại/Cốt truyện	Hệ thống/Thuật ngữ			Combat Machine cannot be destroyed
lang_multi_text.db	ErrorCode_2200165_Text	3.4	Hội thoại/Cốt truyện	Hệ thống/Thuật ngữ			Tactic drawing result is empty
lang_multi_text.db	ErrorCode_2200166_Text	3.4	Hội thoại/Cốt truyện	Hệ thống/Thuật ngữ			The Tactic has reached the highest level
lang_multi_text.db	ErrorCode_2200167_Text	3.4	Hội thoại/Cốt truyện	Hệ thống/Thuật ngữ			Energy Matrix Durability cannot be depleted
lang_multi_text.db	ErrorCode_2200223_Text	3.4	Hội thoại/Cốt truyện	Hệ thống/Thuật ngữ			Smartprint Cube rebooted too frequently
lang_multi_text.db	ErrorCode_2200229_Text	3.4	Hội thoại/Cốt truyện	Hệ thống/Thuật ngữ			Cannot enter this instance currently
lang_multi_text.db	ErrorCode_22_Text	3.4	Hội thoại/Cốt truyện	Hệ thống/Thuật ngữ			System error, please try again later.
lang_multi_text.db	ErrorCode_2300000_Text	3.4	Hội thoại/Cốt truyện	Hệ thống/Thuật ngữ			Login failed. Server unavailable.
lang_multi_text.db	ErrorCode_2300001_Text	3.4	Hội thoại/Cốt truyện	Hệ thống/Thuật ngữ			This function is not available on this server.
lang_multi_text.db	ErrorCode_23_Text	3.4	Hội thoại/Cốt truyện	Hệ thống/Thuật ngữ			System error, please try again later.
lang_multi_text.db	ErrorCode_2400000_Text	3.4	Hội thoại/Cốt truyện	Hệ thống/Thuật ngữ			Please contact our Customer Service for assistance
lang_multi_text.db	ErrorCode_24_Text	3.4	Hội thoại/Cốt truyện	Hệ thống/Thuật ngữ			System error, please try again later.
lang_multi_text.db	ErrorCode_2500000_Text	3.4	Hội thoại/Cốt truyện	Hệ thống/Thuật ngữ			Reward claiming error. Corresponding event configuration not found.
lang_multi_text.db	ErrorCode_2500001_Text	3.4	Hội thoại/Cốt truyện	Hệ thống/Thuật ngữ			Reward claiming error. Event not available.
lang_multi_text.db	ErrorCode_2500002_Text	3.4	Hội thoại/Cốt truyện	Hệ thống/Thuật ngữ			Reward claiming error. Insufficient Popularity.
lang_multi_text.db	ErrorCode_2500003_Text	3.4	Hội thoại/Cốt truyện	Hệ thống/Thuật ngữ			Reward claiming error. Unknown error.
lang_multi_text.db	ErrorCode_2500004_Text	3.4	Hội thoại/Cốt truyện	Hệ thống/Thuật ngữ			Reward claiming error. Reward already claimed.
lang_multi_text.db	ErrorCode_2500005_Text	3.4	Hội thoại/Cốt truyện	Hệ thống/Thuật ngữ			Failed to retrieve the event data. Configuration not found.
lang_multi_text.db	ErrorCode_2500006_Text	3.4	Hội thoại/Cốt truyện	Hệ thống/Thuật ngữ			Failed to retrieve the event data. Event not available.
lang_multi_text.db	ErrorCode_2500007_Text	3.4	Hội thoại/Cốt truyện	Hệ thống/Thuật ngữ			Failed to retrieve the event data. Unknown error.
lang_multi_text.db	ErrorCode_2500008_Text	3.4	Hội thoại/Cốt truyện	Hệ thống/Thuật ngữ			Event id error
lang_multi_text.db	ErrorCode_2500009_Text	3.4	Hội thoại/Cốt truyện	Hệ thống/Thuật ngữ			Event unavailable
lang_multi_text.db	ErrorCode_2500010_Text	3.4	Hội thoại/Cốt truyện	Hệ thống/Thuật ngữ			Unknown error
lang_multi_text.db	ErrorCode_2500011_Text	3.4	Hội thoại/Cốt truyện	Hệ thống/Thuật ngữ			Gameplay error
lang_multi_text.db	ErrorCode_2500012_Text	3.4	Hội thoại/Cốt truyện	Hệ thống/Thuật ngữ			Event not available
lang_multi_text.db	ErrorCode_2500013_Text	3.4	Hội thoại/Cốt truyện	Hệ thống/Thuật ngữ			Reward claiming error. Requirements not met.
lang_multi_text.db	ErrorCode_2500014_Text	3.4	Hội thoại/Cốt truyện	Hệ thống/Thuật ngữ			Reward claiming error. Reward already claimed.
lang_multi_text.db	ErrorCode_2500015_Text	3.4	Hội thoại/Cốt truyện	Hệ thống/Thuật ngữ			Reward claiming error. Stage locked.
lang_multi_text.db	ErrorCode_2500016_Text	3.4	Hội thoại/Cốt truyện	Hệ thống/Thuật ngữ			Reward claiming error. Corresponding reward not found.
lang_multi_text.db	ErrorCode_2500017_Text	3.4	Hội thoại/Cốt truyện	Hệ thống/Thuật ngữ			Teleportation error. Gameplay not found.
lang_multi_text.db	ErrorCode_2500018_Text	3.4	Hội thoại/Cốt truyện	Hệ thống/Thuật ngữ			Teleportation error. Gameplay not available.
lang_multi_text.db	ErrorCode_2500019_Text	3.4	Hội thoại/Cốt truyện	Hệ thống/Thuật ngữ			Teleportation error. Event has not started.
lang_multi_text.db	ErrorCode_2500020_Text	3.4	Hội thoại/Cốt truyện	Hệ thống/Thuật ngữ			Teleportation error. Teleportation configuration not found.
lang_multi_text.db	ErrorCode_2500021_Text	3.4	Hội thoại/Cốt truyện	Hệ thống/Thuật ngữ			This item cannot be discarded
lang_multi_text.db	ErrorCode_2500022_Text	3.4	Hội thoại/Cốt truyện	Hệ thống/Thuật ngữ			This item cannot be discarded
lang_multi_text.db	ErrorCode_2500023_Text	3.4	Hội thoại/Cốt truyện	Hệ thống/Thuật ngữ			Exceeded the max number for Batch Merge
lang_multi_text.db	ErrorCode_2500024_Text	3.4	Hội thoại/Cốt truyện	Hệ thống/Thuật ngữ			Echo already existed
lang_multi_text.db	ErrorCode_2500025_Text	3.4	Hội thoại/Cốt truyện	Hệ thống/Thuật ngữ			Non-regular Echoes cannot be added
lang_multi_text.db	ErrorCode_2500030_Text	3.4	Hội thoại/Cốt truyện	Hệ thống/Thuật ngữ			System error. Please try again later.
lang_multi_text.db	ErrorCode_2500031_Text	3.4	Hội thoại/Cốt truyện	Hệ thống/Thuật ngữ			The reward is unclaimable now. Please complete the event quest first.
lang_multi_text.db	ErrorCode_2500032_Text	3.4	Hội thoại/Cốt truyện	Hệ thống/Thuật ngữ			The reward is unclaimable now. Please reach the target collection progress first.
lang_multi_text.db	ErrorCode_2500033_Text	3.4	Hội thoại/Cốt truyện	Hệ thống/Thuật ngữ			The reward has been claimed and cannot be claimed again.
lang_multi_text.db	ErrorCode_2500034_Text	3.4	Hội thoại/Cốt truyện	Hệ thống/Thuật ngữ			The reward has been claimed and cannot be claimed again.
lang_multi_text.db	ErrorCode_2500041_Text	3.4	Hội thoại/Cốt truyện	Hệ thống/Thuật ngữ			System error. Please try again later.
lang_multi_text.db	ErrorCode_2500042_Text	3.4	Hội thoại/Cốt truyện	Hệ thống/Thuật ngữ			Rewards have already been claimed
lang_multi_text.db	ErrorCode_2500043_Text	3.4	Hội thoại/Cốt truyện	Hệ thống/Thuật ngữ			Insufficient Adventure Logs
lang_multi_text.db	ErrorCode_2500044_Text	3.4	Hội thoại/Cốt truyện	Hệ thống/Thuật ngữ			Current round is not yet unlocked
lang_multi_text.db	ErrorCode_2500045_Text	3.4	Hội thoại/Cốt truyện	Hệ thống/Thuật ngữ			The event has not started
lang_multi_text.db	ErrorCode_2500046_Text	3.4	Hội thoại/Cốt truyện	Hệ thống/Thuật ngữ			Event not available yet
lang_multi_text.db	ErrorCode_2500047_Text	3.4	Hội thoại/Cốt truyện	Hệ thống/Thuật ngữ			Survey rewards unclaimed
lang_multi_text.db	ErrorCode_2500048_Text	3.4	Hội thoại/Cốt truyện	Hệ thống/Thuật ngữ			Pincer Maneuver Warriors stage configuration not found
lang_multi_text.db	ErrorCode_2500049_Text	3.4	Hội thoại/Cốt truyện	Hệ thống/Thuật ngữ			Pincer Maneuver Warriors unavailable now
lang_multi_text.db	ErrorCode_2500050_Text	3.4	Hội thoại/Cốt truyện	Hệ thống/Thuật ngữ			Pincer Maneuver Warriors cache data not found.
lang_multi_text.db	ErrorCode_2500051_Text	3.4	Hội thoại/Cốt truyện	Hệ thống/Thuật ngữ			Complete the first half of the challenge to proceed.
lang_multi_text.db	ErrorCode_2500052_Text	3.4	Hội thoại/Cốt truyện	Hệ thống/Thuật ngữ			Error in Pincer Maneuver Warriors stage ID.
lang_multi_text.db	ErrorCode_2500053_Text	3.4	Hội thoại/Cốt truyện	Hệ thống/Thuật ngữ			Current lineup is not allowed in this event. Please adjust and try again.
lang_multi_text.db	ErrorCode_2500054_Text	3.4	Hội thoại/Cốt truyện	Hệ thống/Thuật ngữ			Event buff selection error. Please try again later.
lang_multi_text.db	ErrorCode_2500055_Text	3.4	Hội thoại/Cốt truyện	Hệ thống/Thuật ngữ			Pincer Maneuver Warriors components not found.
lang_multi_text.db	ErrorCode_2500056_Text	3.4	Hội thoại/Cốt truyện	Hệ thống/Thuật ngữ			Duplicate Resonator detected in Team I and Team II.
lang_multi_text.db	ErrorCode_2500057_Text	3.4	Hội thoại/Cốt truyện	Hệ thống/Thuật ngữ			Please select Buff Stats to start the challenge.
lang_multi_text.db	ErrorCode_2500058_Text	3.4	Hội thoại/Cốt truyện	Hệ thống/Thuật ngữ			Currently not in the first half of the stage
lang_multi_text.db	ErrorCode_2500059_Text	3.4	Hội thoại/Cốt truyện	Hệ thống/Thuật ngữ			Pincer Maneuver Warriors data not found.
lang_multi_text.db	ErrorCode_2500060_Text	3.4	Hội thoại/Cốt truyện	Hệ thống/Thuật ngữ			Insufficient Points
lang_multi_text.db	ErrorCode_2500061_Text	3.4	Hội thoại/Cốt truyện	Hệ thống/Thuật ngữ			Reward Claimed
lang_multi_text.db	ErrorCode_2500062_Text	3.4	Hội thoại/Cốt truyện	Hệ thống/Thuật ngữ			Pincer Maneuver Warriors reward configuration not found.
lang_multi_text.db	ErrorCode_2500063_Text	3.4	Hội thoại/Cốt truyện	Hệ thống/Thuật ngữ			Currently not in a Pincer Maneuver Warriors stage
lang_multi_text.db	ErrorCode_2500064_Text	3.4	Hội thoại/Cốt truyện	Hệ thống/Thuật ngữ			Reward configuration not found.
lang_multi_text.db	ErrorCode_2500065_Text	3.4	Hội thoại/Cốt truyện	Hệ thống/Thuật ngữ			Event expired
lang_multi_text.db	ErrorCode_2500066_Text	3.4	Hội thoại/Cốt truyện	Hệ thống/Thuật ngữ			No Resonators deployed
lang_multi_text.db	ErrorCode_2500067_Text	3.4	Hội thoại/Cốt truyện	Hệ thống/Thuật ngữ			The event has not started.
lang_multi_text.db	ErrorCode_2500068_Text	3.4	Hội thoại/Cốt truyện	Hệ thống/Thuật ngữ			The event has not started.
lang_multi_text.db	ErrorCode_2500069_Text	3.4	Hội thoại/Cốt truyện	Hệ thống/Thuật ngữ			You have not yet completed the event task.
lang_multi_text.db	ErrorCode_2500070_Text	3.4	Hội thoại/Cốt truyện	Hệ thống/Thuật ngữ			You've already claimed the event rewards
lang_multi_text.db	ErrorCode_2500071_Text	3.4	Hội thoại/Cốt truyện	Hệ thống/Thuật ngữ			Data Modify function not activated
lang_multi_text.db	ErrorCode_2500072_Text	3.4	Hội thoại/Cốt truyện	Hệ thống/Thuật ngữ			Echo upgraded
lang_multi_text.db	ErrorCode_2500073_Text	3.4	Hội thoại/Cốt truyện	Hệ thống/Thuật ngữ			Not a 5-Star Echo
lang_multi_text.db	ErrorCode_2500074_Text	3.4	Hội thoại/Cốt truyện	Hệ thống/Thuật ngữ			Duplicate attributes selected
lang_multi_text.db	ErrorCode_2500076_Text	3.4	Hội thoại/Cốt truyện	Hệ thống/Thuật ngữ			You cannot buy this bundle
lang_multi_text.db	ErrorCode_2500077_Text	3.4	Hội thoại/Cốt truyện	Hệ thống/Thuật ngữ			Your access to this bundle has expired
lang_multi_text.db	ErrorCode_2500078_Text	3.4	Hội thoại/Cốt truyện	Hệ thống/Thuật ngữ			Not a personal bundle
lang_multi_text.db	ErrorCode_2500079_Text	3.4	Hội thoại/Cốt truyện	Hệ thống/Thuật ngữ			You have access to this bundle
lang_multi_text.db	ErrorCode_2500081_Text	3.4	Hội thoại/Cốt truyện	Hệ thống/Thuật ngữ			The Title System is unavailable
lang_multi_text.db	ErrorCode_2500082_Text	3.4	Hội thoại/Cốt truyện	Hệ thống/Thuật ngữ			The current title is unequipped.
lang_multi_text.db	ErrorCode_2500083_Text	3.4	Hội thoại/Cốt truyện	Hệ thống/Thuật ngữ			The current title is already equipped.
lang_multi_text.db	ErrorCode_2500084_Text	3.4	Hội thoại/Cốt truyện	Hệ thống/Thuật ngữ			The current title is locked.
lang_multi_text.db	ErrorCode_2500085_Text	3.4	Hội thoại/Cốt truyện	Hệ thống/Thuật ngữ			The current title is erroneous. Please try again.
lang_multi_text.db	ErrorCode_2500086_Text	3.4	Hội thoại/Cốt truyện	Hệ thống/Thuật ngữ			The trial is not unlocked.
lang_multi_text.db	ErrorCode_2500087_Text	3.4	Hội thoại/Cốt truyện	Hệ thống/Thuật ngữ			No Stress Module configuration found.
lang_multi_text.db	ErrorCode_2500088_Text	3.4	Hội thoại/Cốt truyện	Hệ thống/Thuật ngữ			The Stress Module effect is not on the selectable list.
lang_multi_text.db	ErrorCode_2500089_Text	3.4	Hội thoại/Cốt truyện	Hệ thống/Thuật ngữ			The Stress Modules selected are mutually exclusive.
lang_multi_text.db	ErrorCode_2500090_Text	3.4	Hội thoại/Cốt truyện	Hệ thống/Thuật ngữ			The selected reward is not on the daily reward list.
lang_multi_text.db	ErrorCode_2500091_Text	3.4	Hội thoại/Cốt truyện	Hệ thống/Thuật ngữ			The reward requirement is not met.
lang_multi_text.db	ErrorCode_2500092_Text	3.4	Hội thoại/Cốt truyện	Hệ thống/Thuật ngữ			The reward has been received
lang_multi_text.db	ErrorCode_2500093_Text	3.4	Hội thoại/Cốt truyện	Hệ thống/Thuật ngữ			No selectable due to Resonator weapon type limit.
lang_multi_text.db	ErrorCode_2500094_Text	3.4	Hội thoại/Cốt truyện	Hệ thống/Thuật ngữ			No Support Module configuration found.
lang_multi_text.db	ErrorCode_2500095_Text	3.4	Hội thoại/Cốt truyện	Hệ thống/Thuật ngữ			The Support Module selected is not in applicable in the current stage.
lang_multi_text.db	ErrorCode_2500096_Text	3.4	Hội thoại/Cốt truyện	Hệ thống/Thuật ngữ			Illegal quantity of Support Module selected.
lang_multi_text.db	ErrorCode_2500097_Text	3.4	Hội thoại/Cốt truyện	Hệ thống/Thuật ngữ			Max quantity of Support Module selected.
lang_multi_text.db	ErrorCode_2500098_Text	3.4	Hội thoại/Cốt truyện	Hệ thống/Thuật ngữ			No gameplay modules for Crisis Trial found.
lang_multi_text.db	ErrorCode_2500099_Text	3.4	Hội thoại/Cốt truyện	Hệ thống/Thuật ngữ			No data selection available for selection in the current stage.
lang_multi_text.db	ErrorCode_2500100_Text	3.4	Hội thoại/Cốt truyện	Hệ thống/Thuật ngữ			The selected Support Module is not unlocked.
lang_multi_text.db	ErrorCode_2500101_Text	3.4	Hội thoại/Cốt truyện	Hệ thống/Thuật ngữ			The selected Support Module is not unlocked.
lang_multi_text.db	ErrorCode_2500102_Text	3.4	Hội thoại/Cốt truyện	Hệ thống/Thuật ngữ			Currently not in a Crisis Trial scene.
lang_multi_text.db	ErrorCode_25_Text	3.4	Hội thoại/Cốt truyện	Hệ thống/Thuật ngữ			System error, please try again later.
lang_multi_text.db	ErrorCode_2600001_Text	3.4	Hội thoại/Cốt truyện	Hệ thống/Thuật ngữ			Event ID and Season ID mismatch
lang_multi_text.db	ErrorCode_2600002_Text	3.4	Hội thoại/Cốt truyện	Hệ thống/Thuật ngữ			Match data lost
lang_multi_text.db	ErrorCode_2600003_Text	3.4	Hội thoại/Cốt truyện	Hệ thống/Thuật ngữ			Event Quest data error
lang_multi_text.db	ErrorCode_2600004_Text	3.4	Hội thoại/Cốt truyện	Hệ thống/Thuật ngữ			Quest ID not found
lang_multi_text.db	ErrorCode_2600005_Text	3.4	Hội thoại/Cốt truyện	Hệ thống/Thuật ngữ			Reward already claimed
lang_multi_text.db	ErrorCode_2600006_Text	3.4	Hội thoại/Cốt truyện	Hệ thống/Thuật ngữ			Quest requirement not met
lang_multi_text.db	ErrorCode_2600007_Text	3.4	Hội thoại/Cốt truyện	Hệ thống/Thuật ngữ			Failed to claim reward
lang_multi_text.db	ErrorCode_2600008_Text	3.4	Hội thoại/Cốt truyện	Hệ thống/Thuật ngữ			Season ID does not exist
lang_multi_text.db	ErrorCode_2600009_Text	3.4	Hội thoại/Cốt truyện	Hệ thống/Thuật ngữ			Match ID does not exist
lang_multi_text.db	ErrorCode_2600010_Text	3.4	Hội thoại/Cốt truyện	Hệ thống/Thuật ngữ			Support duration data error
lang_multi_text.db	ErrorCode_2600011_Text	3.4	Hội thoại/Cốt truyện	Hệ thống/Thuật ngữ			Cannot obtain latest Underdog Odds
lang_multi_text.db	ErrorCode_2600012_Text	3.4	Hội thoại/Cốt truyện	Hệ thống/Thuật ngữ			Cannot define Underdog Odds
lang_multi_text.db	ErrorCode_2600013_Text	3.4	Hội thoại/Cốt truyện	Hệ thống/Thuật ngữ			Underdog Odds calculation configuration error
lang_multi_text.db	ErrorCode_2600014_Text	3.4	Hội thoại/Cốt truyện	Hệ thống/Thuật ngữ			Cannot obtain Underdog Odds
lang_multi_text.db	ErrorCode_2600015_Text	3.4	Hội thoại/Cốt truyện	Hệ thống/Thuật ngữ			Cannot define Underdog Odds
lang_multi_text.db	ErrorCode_2600016_Text	3.4	Hội thoại/Cốt truyện	Hệ thống/Thuật ngữ			Support duration data error
lang_multi_text.db	ErrorCode_2600017_Text	3.4	Hội thoại/Cốt truyện	Hệ thống/Thuật ngữ			Support failed. Please try again.
lang_multi_text.db	ErrorCode_2600018_Text	3.4	Hội thoại/Cốt truyện	Hệ thống/Thuật ngữ			Popularity deduction failed. Please try again.
lang_multi_text.db	ErrorCode_2600019_Text	3.4	Hội thoại/Cốt truyện	Hệ thống/Thuật ngữ			Max Support attempts reached
lang_multi_text.db	ErrorCode_2600020_Text	3.4	Hội thoại/Cốt truyện	Hệ thống/Thuật ngữ			Support record not found
lang_multi_text.db	ErrorCode_2600021_Text	3.4	Hội thoại/Cốt truyện	Hệ thống/Thuật ngữ			Support cancellation error
lang_multi_text.db	ErrorCode_2600022_Text	3.4	Hội thoại/Cốt truyện	Hệ thống/Thuật ngữ			Support cancellation failed
lang_multi_text.db	ErrorCode_2600023_Text	3.4	Hội thoại/Cốt truyện	Hệ thống/Thuật ngữ			You're currently Supporting a Cube. Please cancel Support first
lang_multi_text.db	ErrorCode_2600024_Text	3.4	Hội thoại/Cốt truyện	Hệ thống/Thuật ngữ			Event ID not found
lang_multi_text.db	ErrorCode_2600025_Text	3.4	Hội thoại/Cốt truyện	Hệ thống/Thuật ngữ			Insufficient Popularity
lang_multi_text.db	ErrorCode_2600026_Text	3.4	Hội thoại/Cốt truyện	Hệ thống/Thuật ngữ			Underdog Odds information not found
lang_multi_text.db	ErrorCode_2600027_Text	3.4	Hội thoại/Cốt truyện	Hệ thống/Thuật ngữ			Cannot find Group Stage
lang_multi_text.db	ErrorCode_2600028_Text	3.4	Hội thoại/Cốt truyện	Hệ thống/Thuật ngữ			Cannot find Group Stage info
lang_multi_text.db	ErrorCode_2600029_Text	3.4	Hội thoại/Cốt truyện	Hệ thống/Thuật ngữ			Group Stage match info error
lang_multi_text.db	ErrorCode_2600030_Text	3.4	Hội thoại/Cốt truyện	Hệ thống/Thuật ngữ			Unavailable. Pleasetry again
lang_multi_text.db	ErrorCode_2600031_Text	3.4	Hội thoại/Cốt truyện	Hệ thống/Thuật ngữ			Insufficient Popularity
lang_multi_text.db	ErrorCode_2600032_Text	3.4	Hội thoại/Cốt truyện	Hệ thống/Thuật ngữ			Popularity calculation error
lang_multi_text.db	ErrorCode_2600033_Text	3.4	Hội thoại/Cốt truyện	Hệ thống/Thuật ngữ			Current match not yet started
lang_multi_text.db	ErrorCode_2600034_Text	3.4	Hội thoại/Cốt truyện	Hệ thống/Thuật ngữ			Cube action error
lang_multi_text.db	ErrorCode_2600035_Text	3.4	Hội thoại/Cốt truyện	Hệ thống/Thuật ngữ			Cannot find Group Stage data
lang_multi_text.db	ErrorCode_2600036_Text	3.4	Hội thoại/Cốt truyện	Hệ thống/Thuật ngữ			Challenge type error
lang_multi_text.db	ErrorCode_2600037_Text	3.4	Hội thoại/Cốt truyện	Hệ thống/Thuật ngữ			Cube not found
lang_multi_text.db	ErrorCode_2600038_Text	3.4	Hội thoại/Cốt truyện	Hệ thống/Thuật ngữ			Match ID error
lang_multi_text.db	ErrorCode_2600039_Text	3.4	Hội thoại/Cốt truyện	Hệ thống/Thuật ngữ			Cannot find match Live Chat
lang_multi_text.db	ErrorCode_2600040_Text	3.4	Hội thoại/Cốt truyện	Hệ thống/Thuật ngữ			Live Chat message does not match with race
lang_multi_text.db	ErrorCode_2600041_Text	3.4	Hội thoại/Cốt truyện	Hệ thống/Thuật ngữ			Live Chat message error
lang_multi_text.db	ErrorCode_2600042_Text	3.4	Hội thoại/Cốt truyện	Hệ thống/Thuật ngữ			Match of the Live Chat does not exist
lang_multi_text.db	ErrorCode_2600043_Text	3.4	Hội thoại/Cốt truyện	Hệ thống/Thuật ngữ			No Patron Board stats available at this time
lang_multi_text.db	ErrorCode_2600044_Text	3.4	Hội thoại/Cốt truyện	Hệ thống/Thuật ngữ			Failed to obtain Patron Board stats
lang_multi_text.db	ErrorCode_2600045_Text	3.4	Hội thoại/Cốt truyện	Hệ thống/Thuật ngữ			Live Chat is on cooldown
lang_multi_text.db	ErrorCode_2600046_Text	3.4	Hội thoại/Cốt truyện	Hệ thống/Thuật ngữ			Underdog Odds calculation error
lang_multi_text.db	ErrorCode_2600047_Text	3.4	Hội thoại/Cốt truyện	Hệ thống/Thuật ngữ			Underdog Odds calculation error
lang_multi_text.db	ErrorCode_2600048_Text	3.4	Hội thoại/Cốt truyện	Hệ thống/Thuật ngữ			Support Cube does not exist
lang_multi_text.db	ErrorCode_2600049_Text	3.4	Hội thoại/Cốt truyện	Hệ thống/Thuật ngữ			Current match data error
lang_multi_text.db	ErrorCode_2600050_Text	3.4	Hội thoại/Cốt truyện	Hệ thống/Thuật ngữ			Match data requesting now. Please wait
lang_multi_text.db	ErrorCode_2600051_Text	3.4	Hội thoại/Cốt truyện	Hệ thống/Thuật ngữ			Cannot find Support info
lang_multi_text.db	ErrorCode_2600052_Text	3.4	Hội thoại/Cốt truyện	Hệ thống/Thuật ngữ			Current match has ended
lang_multi_text.db	ErrorCode_2600053_Text	3.4	Hội thoại/Cốt truyện	Hệ thống/Thuật ngữ			Patron Board unavailable
lang_multi_text.db	ErrorCode_2600054_Text	3.4	Hội thoại/Cốt truyện	Hệ thống/Thuật ngữ			Cube action directory error
lang_multi_text.db	ErrorCode_2600055_Text	3.4	Hội thoại/Cốt truyện	Hệ thống/Thuật ngữ			Current stage does not exist
lang_multi_text.db	ErrorCode_2600056_Text	3.4	Hội thoại/Cốt truyện	Hệ thống/Thuật ngữ			Cube configuration does not exist
lang_multi_text.db	ErrorCode_2600057_Text	3.4	Hội thoại/Cốt truyện	Hệ thống/Thuật ngữ			Cube template does not exist
lang_multi_text.db	ErrorCode_2600058_Text	3.4	Hội thoại/Cốt truyện	Hệ thống/Thuật ngữ			Cube creation error
lang_multi_text.db	ErrorCode_2600059_Text	3.4	Hội thoại/Cốt truyện	Hệ thống/Thuật ngữ			Current match configuration does not exist
lang_multi_text.db	ErrorCode_2600060_Text	3.4	Hội thoại/Cốt truyện	Hệ thống/Thuật ngữ			Cannot obtain latest Underdog Odds
lang_multi_text.db	ErrorCode_2600061_Text	3.4	Hội thoại/Cốt truyện	Hệ thống/Thuật ngữ			Cannot find Patron Board
lang_multi_text.db	ErrorCode_2600062_Text	3.4	Hội thoại/Cốt truyện	Hệ thống/Thuật ngữ			Cannot find target player in Patron Board
lang_multi_text.db	ErrorCode_2600063_Text	3.4	Hội thoại/Cốt truyện	Hệ thống/Thuật ngữ			The target Cube does not participate in this match
lang_multi_text.db	ErrorCode_2600064_Text	3.4	Hội thoại/Cốt truyện	Hệ thống/Thuật ngữ			Event data error. Please try again later
lang_multi_text.db	ErrorCode_2600065_Text	3.4	Hội thoại/Cốt truyện	Hệ thống/Thuật ngữ			Event data error. Please try again later
lang_multi_text.db	ErrorCode_2600066_Text	3.4	Hội thoại/Cốt truyện	Hệ thống/Thuật ngữ			Reward has already been claimed
lang_multi_text.db	ErrorCode_2600067_Text	3.4	Hội thoại/Cốt truyện	Hệ thống/Thuật ngữ			Event data error. Please try again later
lang_multi_text.db	ErrorCode_2600068_Text	3.4	Hội thoại/Cốt truyện	Hệ thống/Thuật ngữ			Event data error. Please try again later
lang_multi_text.db	ErrorCode_2600069_Text	3.4	Hội thoại/Cốt truyện	Hệ thống/Thuật ngữ			Event data error. Please try again later
lang_multi_text.db	ErrorCode_2600070_Text	3.4	Hội thoại/Cốt truyện	Hệ thống/Thuật ngữ			Event data error. Please try again later
lang_multi_text.db	ErrorCode_2600071_Text	3.4	Hội thoại/Cốt truyện	Hệ thống/Thuật ngữ			User data not found
lang_multi_text.db	ErrorCode_2600072_Text	3.4	Hội thoại/Cốt truyện	Hệ thống/Thuật ngữ			Task data not found
lang_multi_text.db	ErrorCode_2624001_Text	3.4	Hội thoại/Cốt truyện	Hệ thống/Thuật ngữ			This Resonator does not have any Echoes equipped.
lang_multi_text.db	ErrorCode_2624002_Text	3.4	Hội thoại/Cốt truyện	Hệ thống/Thuật ngữ			Max Echo Equipment loadout limit exceeded.
lang_multi_text.db	ErrorCode_2624003_Text	3.4	Hội thoại/Cốt truyện	Hệ thống/Thuật ngữ			Max Echo Equipment loadout limit reached.
lang_multi_text.db	ErrorCode_2624004_Text	3.4	Hội thoại/Cốt truyện	Hệ thống/Thuật ngữ			Echo Equipment loadout name is empty.
lang_multi_text.db	ErrorCode_2624005_Text	3.4	Hội thoại/Cốt truyện	Hệ thống/Thuật ngữ			Character limit exceeded.
lang_multi_text.db	ErrorCode_2624006_Text	3.4	Hội thoại/Cốt truyện	Hệ thống/Thuật ngữ			Echo recommendation feature not yet unlocked.
lang_multi_text.db	ErrorCode_2624007_Text	3.4	Hội thoại/Cốt truyện	Hệ thống/Thuật ngữ			Current loadout already equipped by Resonator.
lang_multi_text.db	ErrorCode_2624008_Text	3.4	Hội thoại/Cốt truyện	Hệ thống/Thuật ngữ			Echo Equipment loadout feature not yet unlocked.
lang_multi_text.db	ErrorCode_2624009_Text	3.4	Hội thoại/Cốt truyện	Hệ thống/Thuật ngữ			Selection amount error.
lang_multi_text.db	ErrorCode_2624010_Text	3.4	Hội thoại/Cốt truyện	Hệ thống/Thuật ngữ			Selection category error.
lang_multi_text.db	ErrorCode_2624011_Text	3.4	Hội thoại/Cốt truyện	Hệ thống/Thuật ngữ			Battle Unit logic null.
lang_multi_text.db	ErrorCode_2624012_Text	3.4	Hội thoại/Cốt truyện	Hệ thống/Thuật ngữ			Challenge configuration null.
lang_multi_text.db	ErrorCode_2624013_Text	3.4	Hội thoại/Cốt truyện	Hệ thống/Thuật ngữ			Invalid position chosen.
lang_multi_text.db	ErrorCode_2624014_Text	3.4	Hội thoại/Cốt truyện	Hệ thống/Thuật ngữ			Remaining Modulations null.
lang_multi_text.db	ErrorCode_2624015_Text	3.4	Hội thoại/Cốt truyện	Hệ thống/Thuật ngữ			Unit operation missing.
lang_multi_text.db	ErrorCode_2624016_Text	3.4	Hội thoại/Cốt truyện	Hệ thống/Thuật ngữ			Echo selection missing.
lang_multi_text.db	ErrorCode_2624017_Text	3.4	Hội thoại/Cốt truyện	Hệ thống/Thuật ngữ			Echo configuration missing.
lang_multi_text.db	ErrorCode_2624018_Text	3.4	Hội thoại/Cốt truyện	Hệ thống/Thuật ngữ			Failed to verify Echo Modulation.
lang_multi_text.db	ErrorCode_2624019_Text	3.4	Hội thoại/Cốt truyện	Hệ thống/Thuật ngữ			Failed to consume Energy for the Skill.
lang_multi_text.db	ErrorCode_2624020_Text	3.4	Hội thoại/Cốt truyện	Hệ thống/Thuật ngữ			Resonator—Echo configuration null.
lang_multi_text.db	ErrorCode_2624021_Text	3.4	Hội thoại/Cốt truyện	Hệ thống/Thuật ngữ			Invalid skill chosen.
lang_multi_text.db	ErrorCode_2624022_Text	3.4	Hội thoại/Cốt truyện	Hệ thống/Thuật ngữ			Skill configuration null.
lang_multi_text.db	ErrorCode_2624023_Text	3.4	Hội thoại/Cốt truyện	Hệ thống/Thuật ngữ			Echo precondition not met.
lang_multi_text.db	ErrorCode_2624024_Text	3.4	Hội thoại/Cốt truyện	Hệ thống/Thuật ngữ			Operation too frequent. Please try again later
lang_multi_text.db	ErrorCode_2624025_Text	3.4	Hội thoại/Cốt truyện	Hệ thống/Thuật ngữ			Not in Deployment Stage.
lang_multi_text.db	ErrorCode_2624026_Text	3.4	Hội thoại/Cốt truyện	Hệ thống/Thuật ngữ			Operation too frequent. Please try again later.
lang_multi_text.db	ErrorCode_2624027_Text	3.4	Hội thoại/Cốt truyện	Hệ thống/Thuật ngữ			Client operation parameters mismatch.
lang_multi_text.db	ErrorCode_2624028_Text	3.4	Hội thoại/Cốt truyện	Hệ thống/Thuật ngữ			Client operation parameters mismatch.
lang_multi_text.db	ErrorCode_2624029_Text	3.4	Hội thoại/Cốt truyện	Hệ thống/Thuật ngữ			Client data substitution error.
lang_multi_text.db	ErrorCode_2624030_Text	3.4	Hội thoại/Cốt truyện	Hệ thống/Thuật ngữ			Previous sequence mismatch.
lang_multi_text.db	ErrorCode_2624031_Text	3.4	Hội thoại/Cốt truyện	Hệ thống/Thuật ngữ			No triggerable options for this skill.
lang_multi_text.db	ErrorCode_2624032_Text	3.4	Hội thoại/Cốt truyện	Hệ thống/Thuật ngữ			Conditions not met.
lang_multi_text.db	ErrorCode_2624033_Text	3.4	Hội thoại/Cốt truyện	Hệ thống/Thuật ngữ			Owner not found.
lang_multi_text.db	ErrorCode_2624034_Text	3.4	Hội thoại/Cốt truyện	Hệ thống/Thuật ngữ			Trigger not found.
lang_multi_text.db	ErrorCode_2624035_Text	3.4	Hội thoại/Cốt truyện	Hệ thống/Thuật ngữ			Selectable parameters null.
lang_multi_text.db	ErrorCode_2624036_Text	3.4	Hội thoại/Cốt truyện	Hệ thống/Thuật ngữ			Echo Buff data not found.
lang_multi_text.db	ErrorCode_2624037_Text	3.4	Hội thoại/Cốt truyện	Hệ thống/Thuật ngữ			Echo buff configuration not found.
lang_multi_text.db	ErrorCode_2624038_Text	3.4	Hội thoại/Cốt truyện	Hệ thống/Thuật ngữ			Invalid Deck subscript.
lang_multi_text.db	ErrorCode_2624039_Text	3.4	Hội thoại/Cốt truyện	Hệ thống/Thuật ngữ			Echo Resonator locked.
lang_multi_text.db	ErrorCode_2624040_Text	3.4	Hội thoại/Cốt truyện	Hệ thống/Thuật ngữ			Deck configuration null.
lang_multi_text.db	ErrorCode_2624041_Text	3.4	Hội thoại/Cốt truyện	Hệ thống/Thuật ngữ			At max deployment.
lang_multi_text.db	ErrorCode_2624042_Text	3.4	Hội thoại/Cốt truyện	Hệ thống/Thuật ngữ			Insufficient number of Echoes.
lang_multi_text.db	ErrorCode_2624043_Text	3.4	Hội thoại/Cốt truyện	Hệ thống/Thuật ngữ			Selected Echo missing.
lang_multi_text.db	ErrorCode_2624044_Text	3.4	Hội thoại/Cốt truyện	Hệ thống/Thuật ngữ			Incorrect number of Echoes selected.
lang_multi_text.db	ErrorCode_2624045_Text	3.4	Hội thoại/Cốt truyện	Hệ thống/Thuật ngữ			Enemy units null.
lang_multi_text.db	ErrorCode_2624046_Text	3.4	Hội thoại/Cốt truyện	Hệ thống/Thuật ngữ			Resonator—Echo player configuration null.
lang_multi_text.db	ErrorCode_2624047_Text	3.4	Hội thoại/Cốt truyện	Hệ thống/Thuật ngữ			Invalid event tree behavior.
lang_multi_text.db	ErrorCode_2624048_Text	3.4	Hội thoại/Cốt truyện	Hệ thống/Thuật ngữ			Cannot find deployed Echoes.
lang_multi_text.db	ErrorCode_2624049_Text	3.4	Hội thoại/Cốt truyện	Hệ thống/Thuật ngữ			Cannot find behavior tree branch.
lang_multi_text.db	ErrorCode_2624050_Text	3.4	Hội thoại/Cốt truyện	Hệ thống/Thuật ngữ			Cannot find behavior tree branch.
lang_multi_text.db	ErrorCode_2624051_Text	3.4	Hội thoại/Cốt truyện	Hệ thống/Thuật ngữ			On hand cards data null.
lang_multi_text.db	ErrorCode_2624052_Text	3.4	Hội thoại/Cốt truyện	Hệ thống/Thuật ngữ			On hand cards data null.
lang_multi_text.db	ErrorCode_2624053_Text	3.4	Hội thoại/Cốt truyện	Hệ thống/Thuật ngữ			Enemy configuration null.
lang_multi_text.db	ErrorCode_2624054_Text	3.4	Hội thoại/Cốt truyện	Hệ thống/Thuật ngữ			Insufficient Energy.
lang_multi_text.db	ErrorCode_2624055_Text	3.4	Hội thoại/Cốt truyện	Hệ thống/Thuật ngữ			Active Skills null.
lang_multi_text.db	ErrorCode_2624056_Text	3.4	Hội thoại/Cốt truyện	Hệ thống/Thuật ngữ			Selection target error.
lang_multi_text.db	ErrorCode_2624057_Text	3.4	Hội thoại/Cốt truyện	Hệ thống/Thuật ngữ			A card is already deployed there
lang_multi_text.db	ErrorCode_2624058_Text	3.4	Hội thoại/Cốt truyện	Hệ thống/Thuật ngữ			Unable to move.
lang_multi_text.db	ErrorCode_2624059_Text	3.4	Hội thoại/Cốt truyện	Hệ thống/Thuật ngữ			No selectable targets. Effect can't activate!
lang_multi_text.db	ErrorCode_2624060_Text	3.4	Hội thoại/Cốt truyện	Hệ thống/Thuật ngữ			Unable to manage your opponent’s deck
lang_multi_text.db	ErrorCode_2624061_Text	3.4	Hội thoại/Cốt truyện	Hệ thống/Thuật ngữ			This Echo cannot be Modulated.
lang_multi_text.db	ErrorCode_2624062_Text	3.4	Hội thoại/Cốt truyện	Hệ thống/Thuật ngữ			Core Echo cannot be operated.
lang_multi_text.db	ErrorCode_2624063_Text	3.4	Hội thoại/Cốt truyện	Hệ thống/Thuật ngữ			Not an Endless Challenge.
lang_multi_text.db	ErrorCode_2624064_Text	3.4	Hội thoại/Cốt truyện	Hệ thống/Thuật ngữ			Function not activated.
lang_multi_text.db	ErrorCode_2624065_Text	3.4	Hội thoại/Cốt truyện	Hệ thống/Thuật ngữ			Endless Challenge not requested.
lang_multi_text.db	ErrorCode_2624066_Text	3.4	Hội thoại/Cốt truyện	Hệ thống/Thuật ngữ			Position of operation has the same subscript.
lang_multi_text.db	ErrorCode_2624067_Text	3.4	Hội thoại/Cốt truyện	Hệ thống/Thuật ngữ			Item already unlocked.
lang_multi_text.db	ErrorCode_2624068_Text	3.4	Hội thoại/Cốt truyện	Hệ thống/Thuật ngữ			Event data does not exist.
lang_multi_text.db	ErrorCode_2624069_Text	3.4	Hội thoại/Cốt truyện	Hệ thống/Thuật ngữ			Echo configuration does not exist.
lang_multi_text.db	ErrorCode_2624070_Text	3.4	Hội thoại/Cốt truyện	Hệ thống/Thuật ngữ			Number of Echoes restricted.
lang_multi_text.db	ErrorCode_2624071_Text	3.4	Hội thoại/Cốt truyện	Hệ thống/Thuật ngữ			Event configuration does not exist.
lang_multi_text.db	ErrorCode_2624072_Text	3.4	Hội thoại/Cốt truyện	Hệ thống/Thuật ngữ			Number of Echoes in a single deck restricted.
lang_multi_text.db	ErrorCode_2624073_Text	3.4	Hội thoại/Cốt truyện	Hệ thống/Thuật ngữ			Number of Echoes restricted.
lang_multi_text.db	ErrorCode_2624074_Text	3.4	Hội thoại/Cốt truyện	Hệ thống/Thuật ngữ			Core Echo restricted.
lang_multi_text.db	ErrorCode_2624075_Text	3.4	Hội thoại/Cốt truyện	Hệ thống/Thuật ngữ			Card locked.
lang_multi_text.db	ErrorCode_2624076_Text	3.4	Hội thoại/Cốt truyện	Hệ thống/Thuật ngữ			Deck name length restricted.
lang_multi_text.db	ErrorCode_2624077_Text	3.4	Hội thoại/Cốt truyện	Hệ thống/Thuật ngữ			Deck does not exist.
lang_multi_text.db	ErrorCode_2624078_Text	3.4	Hội thoại/Cốt truyện	Hệ thống/Thuật ngữ			reason error.
lang_multi_text.db	ErrorCode_2624079_Text	3.4	Hội thoại/Cốt truyện	Hệ thống/Thuật ngữ			Deck element restricted.
lang_multi_text.db	ErrorCode_2624080_Text	3.4	Hội thoại/Cốt truyện	Hệ thống/Thuật ngữ			Echo appearance already upgraded.
lang_multi_text.db	ErrorCode_2624081_Text	3.4	Hội thoại/Cốt truyện	Hệ thống/Thuật ngữ			Quest configuration does not exist.
lang_multi_text.db	ErrorCode_2624082_Text	3.4	Hội thoại/Cốt truyện	Hệ thống/Thuật ngữ			Condition grouping data error.
lang_multi_text.db	ErrorCode_2624083_Text	3.4	Hội thoại/Cốt truyện	Hệ thống/Thuật ngữ			Condition configuration does not exist.
lang_multi_text.db	ErrorCode_2624084_Text	3.4	Hội thoại/Cốt truyện	Hệ thống/Thuật ngữ			Duelist Level configuration does not exist.
lang_multi_text.db	ErrorCode_2624085_Text	3.4	Hội thoại/Cốt truyện	Hệ thống/Thuật ngữ			Quest/task state error.
lang_multi_text.db	ErrorCode_2624086_Text	3.4	Hội thoại/Cốt truyện	Hệ thống/Thuật ngữ			Quest/task rewards already claimed.
lang_multi_text.db	ErrorCode_2624087_Text	3.4	Hội thoại/Cốt truyện	Hệ thống/Thuật ngữ			Quest/task incomplete.
lang_multi_text.db	ErrorCode_2624088_Text	3.4	Hội thoại/Cốt truyện	Hệ thống/Thuật ngữ			Quest/task progression error.
lang_multi_text.db	ErrorCode_2624089_Text	3.4	Hội thoại/Cốt truyện	Hệ thống/Thuật ngữ			Medal of Prestige unlocked.
lang_multi_text.db	ErrorCode_2624090_Text	3.4	Hội thoại/Cốt truyện	Hệ thống/Thuật ngữ			Duelist level configuration does not exist.
lang_multi_text.db	ErrorCode_2624091_Text	3.4	Hội thoại/Cốt truyện	Hệ thống/Thuật ngữ			Cumulative Medal of Prestige reward unlock condition does not exist.
lang_multi_text.db	ErrorCode_2624092_Text	3.4	Hội thoại/Cốt truyện	Hệ thống/Thuật ngữ			Cumulative Badge of Glory reward unlock condition does not exist.
lang_multi_text.db	ErrorCode_2624093_Text	3.4	Hội thoại/Cốt truyện	Hệ thống/Thuật ngữ			Cumulative Medal of Prestige reward unlock failed.
lang_multi_text.db	ErrorCode_2624094_Text	3.4	Hội thoại/Cốt truyện	Hệ thống/Thuật ngữ			Cumulative Medal of Prestige reward configuration error.
lang_multi_text.db	ErrorCode_2624095_Text	3.4	Hội thoại/Cốt truyện	Hệ thống/Thuật ngữ			Cumulative Medal of Prestige reward distribution error.
lang_multi_text.db	ErrorCode_2624096_Text	3.4	Hội thoại/Cốt truyện	Hệ thống/Thuật ngữ			Duelist level reward configuration does not exist.
lang_multi_text.db	ErrorCode_2624097_Text	3.4	Hội thoại/Cốt truyện	Hệ thống/Thuật ngữ			Cumulative unlocked Echoes insufficient.
lang_multi_text.db	ErrorCode_2624098_Text	3.4	Hội thoại/Cốt truyện	Hệ thống/Thuật ngữ			Cumulative Echoes reward configuration error.
lang_multi_text.db	ErrorCode_2624099_Text	3.4	Hội thoại/Cốt truyện	Hệ thống/Thuật ngữ			Insufficient Duelist Level.
lang_multi_text.db	ErrorCode_2624100_Text	3.4	Hội thoại/Cốt truyện	Hệ thống/Thuật ngữ			Duelist Level reward configuration does not exist.
lang_multi_text.db	ErrorCode_2624101_Text	3.4	Hội thoại/Cốt truyện	Hệ thống/Thuật ngữ			Cumulative Echo reward distribution error.
lang_multi_text.db	ErrorCode_2624102_Text	3.4	Hội thoại/Cốt truyện	Hệ thống/Thuật ngữ			Duelist level reward distribution error.
lang_multi_text.db	ErrorCode_2624103_Text	3.4	Hội thoại/Cốt truyện	Hệ thống/Thuật ngữ			Cumulative Echo reward configuration does not exist.
lang_multi_text.db	ErrorCode_2624104_Text	3.4	Hội thoại/Cốt truyện	Hệ thống/Thuật ngữ			Resonator locked.
lang_multi_text.db	ErrorCode_2624105_Text	3.4	Hội thoại/Cốt truyện	Hệ thống/Thuật ngữ			Resonator reward already claimed
lang_multi_text.db	ErrorCode_2624106_Text	3.4	Hội thoại/Cốt truyện	Hệ thống/Thuật ngữ			Failed to distribute Resonator reward.
lang_multi_text.db	ErrorCode_2624107_Text	3.4	Hội thoại/Cốt truyện	Hệ thống/Thuật ngữ			Failed to distribute Duelist reward.
lang_multi_text.db	ErrorCode_2624108_Text	3.4	Hội thoại/Cốt truyện	Hệ thống/Thuật ngữ			Failed to distribute Duelist reward.
lang_multi_text.db	ErrorCode_2624109_Text	3.4	Hội thoại/Cốt truyện	Hệ thống/Thuật ngữ			Challenge Configuration does not exist
lang_multi_text.db	ErrorCode_2624110_Text	3.4	Hội thoại/Cốt truyện	Hệ thống/Thuật ngữ			Challenge initialization condition restricted.
lang_multi_text.db	ErrorCode_2624111_Text	3.4	Hội thoại/Cốt truyện	Hệ thống/Thuật ngữ			Parameters too long.
lang_multi_text.db	ErrorCode_2624112_Text	3.4	Hội thoại/Cốt truyện	Hệ thống/Thuật ngữ			Parameters repeated.
lang_multi_text.db	ErrorCode_2624113_Text	3.4	Hội thoại/Cốt truyện	Hệ thống/Thuật ngữ			Endless Challenge not activated.
lang_multi_text.db	ErrorCode_2624114_Text	3.4	Hội thoại/Cốt truyện	Hệ thống/Thuật ngữ			Deck editing not activated.
lang_multi_text.db	ErrorCode_2624115_Text	3.4	Hội thoại/Cốt truyện	Hệ thống/Thuật ngữ			Echo function is not activated
lang_multi_text.db	ErrorCode_2624116_Text	3.4	Hội thoại/Cốt truyện	Hệ thống/Thuật ngữ			Echo appearance upgrade function not activated.
lang_multi_text.db	ErrorCode_2624117_Text	3.4	Hội thoại/Cốt truyện	Hệ thống/Thuật ngữ			You can't challenge a finished duel again
lang_multi_text.db	ErrorCode_2624118_Text	3.4	Hội thoại/Cốt truyện	Hệ thống/Thuật ngữ			Action limit reached, cannot proceed
lang_multi_text.db	ErrorCode_2624119_Text	3.4	Hội thoại/Cốt truyện	Hệ thống/Thuật ngữ			Challenge configuration not found
lang_multi_text.db	ErrorCode_2624120_Text	3.4	Hội thoại/Cốt truyện	Hệ thống/Thuật ngữ			Gameplay not completed
lang_multi_text.db	ErrorCode_2624121_Text	3.4	Hội thoại/Cốt truyện	Hệ thống/Thuật ngữ			Rewards already claimed
lang_multi_text.db	ErrorCode_2624122_Text	3.4	Hội thoại/Cốt truyện	Hệ thống/Thuật ngữ			Not yet available
lang_multi_text.db	ErrorCode_2624123_Text	3.4	Hội thoại/Cốt truyện	Hệ thống/Thuật ngữ			Repeated Storage Bag operations.
lang_multi_text.db	ErrorCode_2624124_Text	3.4	Hội thoại/Cốt truyện	Hệ thống/Thuật ngữ			No Storage Bag Configuration
lang_multi_text.db	ErrorCode_2624125_Text	3.4	Hội thoại/Cốt truyện	Hệ thống/Thuật ngữ			The Storage Bag from Stranger Things in Honami cannot store regular items.
lang_multi_text.db	ErrorCode_2624126_Text	3.4	Hội thoại/Cốt truyện	Hệ thống/Thuật ngữ			Storage Bag data not found.
lang_multi_text.db	ErrorCode_2624127_Text	3.4	Hội thoại/Cốt truyện	Hệ thống/Thuật ngữ			Item quantity update invalid.
lang_multi_text.db	ErrorCode_2624128_Text	3.4	Hội thoại/Cốt truyện	Hệ thống/Thuật ngữ			Repeated item operations.
lang_multi_text.db	ErrorCode_2624129_Text	3.4	Hội thoại/Cốt truyện	Hệ thống/Thuật ngữ			This Storage Bag has items.
lang_multi_text.db	ErrorCode_2624130_Text	3.4	Hội thoại/Cốt truyện	Hệ thống/Thuật ngữ			Storage Bag location invalid.
lang_multi_text.db	ErrorCode_2624131_Text	3.4	Hội thoại/Cốt truyện	Hệ thống/Thuật ngữ			Item type update error.
lang_multi_text.db	ErrorCode_2624132_Text	3.4	Hội thoại/Cốt truyện	Hệ thống/Thuật ngữ			This Storage Bag has no items.
lang_multi_text.db	ErrorCode_2624133_Text	3.4	Hội thoại/Cốt truyện	Hệ thống/Thuật ngữ			Cannot find dropped material.
lang_multi_text.db	ErrorCode_2624134_Text	3.4	Hội thoại/Cốt truyện	Hệ thống/Thuật ngữ			Cannot find entity.
lang_multi_text.db	ErrorCode_2624135_Text	3.4	Hội thoại/Cốt truyện	Hệ thống/Thuật ngữ			Cannot find dropped entity.
lang_multi_text.db	ErrorCode_2624136_Text	3.4	Hội thoại/Cốt truyện	Hệ thống/Thuật ngữ			Dropped entity does not have items.
lang_multi_text.db	ErrorCode_2624137_Text	3.4	Hội thoại/Cốt truyện	Hệ thống/Thuật ngữ			Item quantity is not balanced.
lang_multi_text.db	ErrorCode_2624138_Text	3.4	Hội thoại/Cốt truyện	Hệ thống/Thuật ngữ			Updated items not found.
lang_multi_text.db	ErrorCode_2624139_Text	3.4	Hội thoại/Cốt truyện	Hệ thống/Thuật ngữ			No Stranger Things in Homani item configuration.
lang_multi_text.db	ErrorCode_2624140_Text	3.4	Hội thoại/Cốt truyện	Hệ thống/Thuật ngữ			Stranger Things in Honami bitmap check position exceeded.
lang_multi_text.db	ErrorCode_2624141_Text	3.4	Hội thoại/Cốt truyện	Hệ thống/Thuật ngữ			Stranger Things in Honami bitmap check position exceeded.
lang_multi_text.db	ErrorCode_2624142_Text	3.4	Hội thoại/Cốt truyện	Hệ thống/Thuật ngữ			Stranger Things in Honami bitmap check position markers overlap.
lang_multi_text.db	ErrorCode_2624143_Text	3.4	Hội thoại/Cốt truyện	Hệ thống/Thuật ngữ			Event operations data mismatch.
lang_multi_text.db	ErrorCode_2624144_Text	3.4	Hội thoại/Cốt truyện	Hệ thống/Thuật ngữ			No equipment slot data
lang_multi_text.db	ErrorCode_2624145_Text	3.4	Hội thoại/Cốt truyện	Hệ thống/Thuật ngữ			This item is unequippable.
lang_multi_text.db	ErrorCode_2624146_Text	3.4	Hội thoại/Cốt truyện	Hệ thống/Thuật ngữ			No Stranger Things in Honami equipment configuration.
lang_multi_text.db	ErrorCode_2624147_Text	3.4	Hội thoại/Cốt truyện	Hệ thống/Thuật ngữ			Equipment type not compatible.
lang_multi_text.db	ErrorCode_2624148_Text	3.4	Hội thoại/Cốt truyện	Hệ thống/Thuật ngữ			Sent Event ID error.
lang_multi_text.db	ErrorCode_2624149_Text	3.4	Hội thoại/Cốt truyện	Hệ thống/Thuật ngữ			You cannot switch Resonators inside this domain.
lang_multi_text.db	ErrorCode_2624150_Text	3.4	Hội thoại/Cốt truyện	Hệ thống/Thuật ngữ			Invalid Resonator chosen.
lang_multi_text.db	ErrorCode_2624151_Text	3.4	Hội thoại/Cốt truyện	Hệ thống/Thuật ngữ			Challenge configuration not found.
lang_multi_text.db	ErrorCode_2624152_Text	3.4	Hội thoại/Cốt truyện	Hệ thống/Thuật ngữ			Type does not belong in the Stranger Things in Honami domain.
lang_multi_text.db	ErrorCode_2624153_Text	3.4	Hội thoại/Cốt truyện	Hệ thống/Thuật ngữ			No item configuration.
lang_multi_text.db	ErrorCode_2624154_Text	3.4	Hội thoại/Cốt truyện	Hệ thống/Thuật ngữ			Pick up distance error.
lang_multi_text.db	ErrorCode_2624155_Text	3.4	Hội thoại/Cốt truyện	Hệ thống/Thuật ngữ			No Namipon equipped.
lang_multi_text.db	ErrorCode_2624156_Text	3.4	Hội thoại/Cốt truyện	Hệ thống/Thuật ngữ			No Namipon configuration.
lang_multi_text.db	ErrorCode_2624157_Text	3.4	Hội thoại/Cốt truyện	Hệ thống/Thuật ngữ			Namipon Sticker equipment location error.
lang_multi_text.db	ErrorCode_2624158_Text	3.4	Hội thoại/Cốt truyện	Hệ thống/Thuật ngữ			Namipon Sticker type not compatible.
lang_multi_text.db	ErrorCode_2624159_Text	3.4	Hội thoại/Cốt truyện	Hệ thống/Thuật ngữ			Warehouse exceeded limits.
lang_multi_text.db	ErrorCode_2624160_Text	3.4	Hội thoại/Cốt truyện	Hệ thống/Thuật ngữ			Security Box interaction not triggered.
lang_multi_text.db	ErrorCode_2624161_Text	3.4	Hội thoại/Cốt truyện	Hệ thống/Thuật ngữ			Security Box has no items.
lang_multi_text.db	ErrorCode_2624162_Text	3.4	Hội thoại/Cốt truyện	Hệ thống/Thuật ngữ			Bag type not compatible.
lang_multi_text.db	ErrorCode_2624163_Text	3.4	Hội thoại/Cốt truyện	Hệ thống/Thuật ngữ			Namipon Sticker not unloaded.
lang_multi_text.db	ErrorCode_2624164_Text	3.4	Hội thoại/Cốt truyện	Hệ thống/Thuật ngữ			Changed Backpack location is identical to current postion.
lang_multi_text.db	ErrorCode_2624165_Text	3.4	Hội thoại/Cốt truyện	Hệ thống/Thuật ngữ			Equipment location error.
lang_multi_text.db	ErrorCode_2624166_Text	3.4	Hội thoại/Cốt truyện	Hệ thống/Thuật ngữ			Equipment location error.
lang_multi_text.db	ErrorCode_2624167_Text	3.4	Hội thoại/Cốt truyện	Hệ thống/Thuật ngữ			Initial location error.
lang_multi_text.db	ErrorCode_2624168_Text	3.4	Hội thoại/Cốt truyện	Hệ thống/Thuật ngữ			No Storage Bag operations allowed in here.
lang_multi_text.db	ErrorCode_2624169_Text	3.4	Hội thoại/Cốt truyện	Hệ thống/Thuật ngữ			Rewards already claimed.
lang_multi_text.db	ErrorCode_2624170_Text	3.4	Hội thoại/Cốt truyện	Hệ thống/Thuật ngữ			Preceeding conditions not met.
lang_multi_text.db	ErrorCode_2624171_Text	3.4	Hội thoại/Cốt truyện	Hệ thống/Thuật ngữ			No configuration found.
lang_multi_text.db	ErrorCode_2624172_Text	3.4	Hội thoại/Cốt truyện	Hệ thống/Thuật ngữ			Activated
lang_multi_text.db	ErrorCode_2624173_Text	3.4	Hội thoại/Cốt truyện	Hệ thống/Thuật ngữ			Locked
lang_multi_text.db	ErrorCode_2624174_Text	3.4	Hội thoại/Cốt truyện	Hệ thống/Thuật ngữ			Item cannot be sold.
lang_multi_text.db	ErrorCode_2624175_Text	3.4	Hội thoại/Cốt truyện	Hệ thống/Thuật ngữ			Reward claimed repeatedly.
lang_multi_text.db	ErrorCode_2624176_Text	3.4	Hội thoại/Cốt truyện	Hệ thống/Thuật ngữ			Domain has ended.
lang_multi_text.db	ErrorCode_2624177_Text	3.4	Hội thoại/Cốt truyện	Hệ thống/Thuật ngữ			Namipon Badge max level reached.
lang_multi_text.db	ErrorCode_2624178_Text	3.4	Hội thoại/Cốt truyện	Hệ thống/Thuật ngữ			Stranger Things in Honami invalid Danger level.
lang_multi_text.db	ErrorCode_2624179_Text	3.4	Hội thoại/Cốt truyện	Hệ thống/Thuật ngữ			Stranger Things in Honami Namipon is already equipped.
lang_multi_text.db	ErrorCode_2624180_Text	3.4	Hội thoại/Cốt truyện	Hệ thống/Thuật ngữ			Stranger Things in Honami items locked.
lang_multi_text.db	ErrorCode_2624181_Text	3.4	Hội thoại/Cốt truyện	Hệ thống/Thuật ngữ			Function not activated.
lang_multi_text.db	ErrorCode_2624182_Text	3.4	Hội thoại/Cốt truyện	Hệ thống/Thuật ngữ			Namipon Shuttle booked.
lang_multi_text.db	ErrorCode_2624183_Text	3.4	Hội thoại/Cốt truyện	Hệ thống/Thuật ngữ			Unable to perform Neon Tower operations.
lang_multi_text.db	ErrorCode_2624184_Text	3.4	Hội thoại/Cốt truyện	Hệ thống/Thuật ngữ			Please complete the prerequisite event tasks before going out to explore.
lang_multi_text.db	ErrorCode_2624185_Text	3.4	Hội thoại/Cốt truyện	Hệ thống/Thuật ngữ			The preceding slot is still locked.
lang_multi_text.db	ErrorCode_2624186_Text	3.4	Hội thoại/Cốt truyện	Hệ thống/Thuật ngữ			No event configuration
lang_multi_text.db	ErrorCode_2624187_Text	3.4	Hội thoại/Cốt truyện	Hệ thống/Thuật ngữ			Reward points unreached
lang_multi_text.db	ErrorCode_2624188_Text	3.4	Hội thoại/Cốt truyện	Hệ thống/Thuật ngữ			Reward already claimed
lang_multi_text.db	ErrorCode_2624189_Text	3.4	Hội thoại/Cốt truyện	Hệ thống/Thuật ngữ			The selected Resonator already has a full Resonance Chain
lang_multi_text.db	ErrorCode_2624190_Text	3.4	Hội thoại/Cốt truyện	Hệ thống/Thuật ngữ			Weekly Subscription cannot be activated repeatedly
lang_multi_text.db	ErrorCode_2624191_Text	3.4	Hội thoại/Cốt truyện	Hệ thống/Thuật ngữ			Weekly Subscription configuration not found
lang_multi_text.db	ErrorCode_2624192_Text	3.4	Hội thoại/Cốt truyện	Hệ thống/Thuật ngữ			Weekly Subscription not activated
lang_multi_text.db	ErrorCode_2624193_Text	3.4	Hội thoại/Cốt truyện	Hệ thống/Thuật ngữ			Insufficient day count
lang_multi_text.db	ErrorCode_2624194_Text	3.4	Hội thoại/Cốt truyện	Hệ thống/Thuật ngữ			Reward already claimed
lang_multi_text.db	ErrorCode_2624195_Text	3.4	Hội thoại/Cốt truyện	Hệ thống/Thuật ngữ			Weekly Subscription expired
lang_multi_text.db	ErrorCode_2625101_Text	3.4	Hội thoại/Cốt truyện	Hệ thống/Thuật ngữ			Deck building failed
lang_multi_text.db	ErrorCode_2625102_Text	3.4	Hội thoại/Cốt truyện	Hệ thống/Thuật ngữ			Deck building failed
lang_multi_text.db	ErrorCode_2625103_Text	3.4	Hội thoại/Cốt truyện	Hệ thống/Thuật ngữ			Failed to load the opponent behavoir
lang_multi_text.db	ErrorCode_2625104_Text	3.4	Hội thoại/Cốt truyện	Hệ thống/Thuật ngữ			Wrong card type
lang_multi_text.db	ErrorCode_2625105_Text	3.4	Hội thoại/Cốt truyện	Hệ thống/Thuật ngữ			Wrong event type
lang_multi_text.db	ErrorCode_2625106_Text	3.4	Hội thoại/Cốt truyện	Hệ thống/Thuật ngữ			Wrong event type
lang_multi_text.db	ErrorCode_2625107_Text	3.4	Hội thoại/Cốt truyện	Hệ thống/Thuật ngữ			Domain cap reached
lang_multi_text.db	ErrorCode_2625108_Text	3.4	Hội thoại/Cốt truyện	Hệ thống/Thuật ngữ			Novelties cap reached
lang_multi_text.db	ErrorCode_2625109_Text	3.4	Hội thoại/Cốt truyện	Hệ thống/Thuật ngữ			Wrong parameters
lang_multi_text.db	ErrorCode_2625110_Text	3.4	Hội thoại/Cốt truyện	Hệ thống/Thuật ngữ			No Deploy Zone available
lang_multi_text.db	ErrorCode_2625111_Text	3.4	Hội thoại/Cốt truyện	Hệ thống/Thuật ngữ			Deployment limit reached
lang_multi_text.db	ErrorCode_2625112_Text	3.4	Hội thoại/Cốt truyện	Hệ thống/Thuật ngữ			Quest ID error
lang_multi_text.db	ErrorCode_2625113_Text	3.4	Hội thoại/Cốt truyện	Hệ thống/Thuật ngữ			Event ID error
lang_multi_text.db	ErrorCode_2625114_Text	3.4	Hội thoại/Cốt truyện	Hệ thống/Thuật ngữ			Domain configuration error
lang_multi_text.db	ErrorCode_2625115_Text	3.4	Hội thoại/Cốt truyện	Hệ thống/Thuật ngữ			Effect condition parameters error
lang_multi_text.db	ErrorCode_2625116_Text	3.4	Hội thoại/Cốt truyện	Hệ thống/Thuật ngữ			The area is blocked
lang_multi_text.db	ErrorCode_2625117_Text	3.4	Hội thoại/Cốt truyện	Hệ thống/Thuật ngữ			Tutorial event sheet does not exist
lang_multi_text.db	ErrorCode_2625118_Text	3.4	Hội thoại/Cốt truyện	Hệ thống/Thuật ngữ			Environment component does not exist
lang_multi_text.db	ErrorCode_2625119_Text	3.4	Hội thoại/Cốt truyện	Hệ thống/Thuật ngữ			Skipping is not available
lang_multi_text.db	ErrorCode_2625120_Text	3.4	Hội thoại/Cốt truyện	Hệ thống/Thuật ngữ			Echo Deployment limit reached
lang_multi_text.db	ErrorCode_2625121_Text	3.4	Hội thoại/Cốt truyện	Hệ thống/Thuật ngữ			Novelty Deployment limit reached
lang_multi_text.db	ErrorCode_2625122_Text	3.4	Hội thoại/Cốt truyện	Hệ thống/Thuật ngữ			The challenge is already skipped
lang_multi_text.db	ErrorCode_26_Text	3.4	Hội thoại/Cốt truyện	Hệ thống/Thuật ngữ			System error, please try again later.
lang_multi_text.db	ErrorCode_27_Text	3.4	Hội thoại/Cốt truyện	Hệ thống/Thuật ngữ			System error, please try again later.
lang_multi_text.db	ErrorCode_28_Text	3.4	Hội thoại/Cốt truyện	Hệ thống/Thuật ngữ			Player profile creation failed
lang_multi_text.db	ErrorCode_29_Text	3.4	Hội thoại/Cốt truyện	Hệ thống/Thuật ngữ			System error, please try again later.
lang_multi_text.db	ErrorCode_2_Text	3.4	Hội thoại/Cốt truyện	Hệ thống/Thuật ngữ			System error. Please try again later.
lang_multi_text.db	ErrorCode_300000_Text	3.4	Hội thoại/Cốt truyện	Hệ thống/Thuật ngữ			There is an exception, if you have any questions, please contact the official customer service
lang_multi_text.db	ErrorCode_300001_Text	3.4	Hội thoại/Cốt truyện	Hệ thống/Thuật ngữ			Max Pins reached
lang_multi_text.db	ErrorCode_300002_Text	3.4	Hội thoại/Cốt truyện	Hệ thống/Thuật ngữ			No Map Fog configuration
lang_multi_text.db	ErrorCode_300003_Text	3.4	Hội thoại/Cốt truyện	Hệ thống/Thuật ngữ			Map Fog unlocked
lang_multi_text.db	ErrorCode_300004_Text	3.4	Hội thoại/Cốt truyện	Hệ thống/Thuật ngữ			Empty team
lang_multi_text.db	ErrorCode_300005_Text	3.4	Hội thoại/Cốt truyện	Hệ thống/Thuật ngữ			Unknown team
lang_multi_text.db	ErrorCode_300006_Text	3.4	Hội thoại/Cốt truyện	Hệ thống/Thuật ngữ			Downed Resonators cannot join the team
lang_multi_text.db	ErrorCode_300007_Text	3.4	Hội thoại/Cốt truyện	Hệ thống/Thuật ngữ			Resonator already on the team
lang_multi_text.db	ErrorCode_300008_Text	3.4	Hội thoại/Cốt truyện	Hệ thống/Thuật ngữ			Selected Resonator locked
lang_multi_text.db	ErrorCode_300009_Text	3.4	Hội thoại/Cốt truyện	Hệ thống/Thuật ngữ			Resonator index out of bound
lang_multi_text.db	ErrorCode_300010_Text	3.4	Hội thoại/Cốt truyện	Hệ thống/Thuật ngữ			Too many Resonators in the lineup
lang_multi_text.db	ErrorCode_300011_Text	3.4	Hội thoại/Cốt truyện	Hệ thống/Thuật ngữ			Resonator does not exist for pre-battle team setup
lang_multi_text.db	ErrorCode_300012_Text	3.4	Hội thoại/Cốt truyện	Hệ thống/Thuật ngữ			Resonator does not match for pre-battle team setup
lang_multi_text.db	ErrorCode_300013_Text	3.4	Hội thoại/Cốt truyện	Hệ thống/Thuật ngữ			Pre-battle character quantity mismatch
lang_multi_text.db	ErrorCode_300014_Text	3.4	Hội thoại/Cốt truyện	Hệ thống/Thuật ngữ			Resonator type does not match for pre-battle team setup
lang_multi_text.db	ErrorCode_300015_Text	3.4	Hội thoại/Cốt truyện	Hệ thống/Thuật ngữ			Resonator Attribute does not match for pre-battle team setup
lang_multi_text.db	ErrorCode_300016_Text	3.4	Hội thoại/Cốt truyện	Hệ thống/Thuật ngữ			Trial Resonator unavailable for current pre-battle team setup
lang_multi_text.db	ErrorCode_300017_Text	3.4	Hội thoại/Cốt truyện	Hệ thống/Thuật ngữ			Trial Resonator does not match for pre-battle team setup
lang_multi_text.db	ErrorCode_300018_Text	3.4	Hội thoại/Cốt truyện	Hệ thống/Thuật ngữ			Too many teams
lang_multi_text.db	ErrorCode_300019_Text	3.4	Hội thoại/Cốt truyện	Hệ thống/Thuật ngữ			Downed Resonators were selected
lang_multi_text.db	ErrorCode_300020_Text	3.4	Hội thoại/Cốt truyện	Hệ thống/Thuật ngữ			Downed Resonators were selected when editing lineup
lang_multi_text.db	ErrorCode_300021_Text	3.4	Hội thoại/Cốt truyện	Hệ thống/Thuật ngữ			The new team setup is empty
lang_multi_text.db	ErrorCode_300022_Text	3.4	Hội thoại/Cốt truyện	Hệ thống/Thuật ngữ			Team ID over limit
lang_multi_text.db	ErrorCode_300023_Text	3.4	Hội thoại/Cốt truyện	Hệ thống/Thuật ngữ			Current team cannot be removed
lang_multi_text.db	ErrorCode_300024_Text	3.4	Hội thoại/Cốt truyện	Hệ thống/Thuật ngữ			Character not on available team list
lang_multi_text.db	ErrorCode_300025_Text	3.4	Hội thoại/Cốt truyện	Hệ thống/Thuật ngữ			Team Setup unavailable in co-op mode
lang_multi_text.db	ErrorCode_300026_Text	3.4	Hội thoại/Cốt truyện	Hệ thống/Thuật ngữ			Type of switching Character does not match 1
lang_multi_text.db	ErrorCode_300027_Text	3.4	Hội thoại/Cốt truyện	Hệ thống/Thuật ngữ			Type of switching Character does not match 2
lang_multi_text.db	ErrorCode_300028_Text	3.4	Hội thoại/Cốt truyện	Hệ thống/Thuật ngữ			Type of switching Character does not match 3
lang_multi_text.db	ErrorCode_300029_Text	3.4	Hội thoại/Cốt truyện	Hệ thống/Thuật ngữ			Undefined type of switching character
lang_multi_text.db	ErrorCode_300030_Text	3.4	Hội thoại/Cốt truyện	Hệ thống/Thuật ngữ			Current Character cannot be switched in single-player mode
lang_multi_text.db	ErrorCode_300031_Text	3.4	Hội thoại/Cốt truyện	Hệ thống/Thuật ngữ			Available Character list is empty when updated
lang_multi_text.db	ErrorCode_300032_Text	3.4	Hội thoại/Cốt truyện	Hệ thống/Thuật ngữ			Current Character not in available list when updated
lang_multi_text.db	ErrorCode_300033_Text	3.4	Hội thoại/Cốt truyện	Hệ thống/Thuật ngữ			Cannot switch from Story Character
lang_multi_text.db	ErrorCode_300034_Text	3.4	Hội thoại/Cốt truyện	Hệ thống/Thuật ngữ			Character to switch to is not in available list
lang_multi_text.db	ErrorCode_300035_Text	3.4	Hội thoại/Cốt truyện	Hệ thống/Thuật ngữ			Cannot repeatedly switch to Character
lang_multi_text.db	ErrorCode_300036_Text	3.4	Hội thoại/Cốt truyện	Hệ thống/Thuật ngữ			Switched Character's entity ID does not exist
lang_multi_text.db	ErrorCode_300037_Text	3.4	Hội thoại/Cốt truyện	Hệ thống/Thuật ngữ			Switched Character entity does not exist
lang_multi_text.db	ErrorCode_300038_Text	3.4	Hội thoại/Cốt truyện	Hệ thống/Thuật ngữ			Cannot switch to a downed Resonator
lang_multi_text.db	ErrorCode_300039_Text	3.4	Hội thoại/Cốt truyện	Hệ thống/Thuật ngữ			Failed to adjust team
lang_multi_text.db	ErrorCode_300040_Text	3.4	Hội thoại/Cốt truyện	Hệ thống/Thuật ngữ			Player already on a team
lang_multi_text.db	ErrorCode_300041_Text	3.4	Hội thoại/Cốt truyện	Hệ thống/Thuật ngữ			Invalid Invite
lang_multi_text.db	ErrorCode_300042_Text	3.4	Hội thoại/Cốt truyện	Hệ thống/Thuật ngữ			Invite sent too frequently. {} unavailable for Invite
lang_multi_text.db	ErrorCode_300043_Text	3.4	Hội thoại/Cốt truyện	Hệ thống/Thuật ngữ			Player Invite error
lang_multi_text.db	ErrorCode_300044_Text	3.4	Hội thoại/Cốt truyện	Hệ thống/Thuật ngữ			Player already on team
lang_multi_text.db	ErrorCode_300045_Text	3.4	Hội thoại/Cốt truyện	Hệ thống/Thuật ngữ			No permission to remove
lang_multi_text.db	ErrorCode_300046_Text	3.4	Hội thoại/Cốt truyện	Hệ thống/Thuật ngữ			Team full
lang_multi_text.db	ErrorCode_300047_Text	3.4	Hội thoại/Cốt truyện	Hệ thống/Thuật ngữ			Teaming service not ready
lang_multi_text.db	ErrorCode_300048_Text	3.4	Hội thoại/Cốt truyện	Hệ thống/Thuật ngữ			Player already on team cannot join repeatedly
lang_multi_text.db	ErrorCode_300049_Text	3.4	Hội thoại/Cốt truyện	Hệ thống/Thuật ngữ			Player not on team
lang_multi_text.db	ErrorCode_300050_Text	3.4	Hội thoại/Cốt truyện	Hệ thống/Thuật ngữ			Invited player does not exist
lang_multi_text.db	ErrorCode_300051_Text	3.4	Hội thoại/Cốt truyện	Hệ thống/Thuật ngữ			Removed Player not on team
lang_multi_text.db	ErrorCode_300052_Text	3.4	Hội thoại/Cốt truyện	Hệ thống/Thuật ngữ			No permission to disband
lang_multi_text.db	ErrorCode_300053_Text	3.4	Hội thoại/Cốt truyện	Hệ thống/Thuật ngữ			Character locked for team
lang_multi_text.db	ErrorCode_300054_Text	3.4	Hội thoại/Cốt truyện	Hệ thống/Thuật ngữ			Character already on team
lang_multi_text.db	ErrorCode_300055_Text	3.4	Hội thoại/Cốt truyện	Hệ thống/Thuật ngữ			The world you are joining does not exist
lang_multi_text.db	ErrorCode_300056_Text	3.4	Hội thoại/Cốt truyện	Hệ thống/Thuật ngữ			The world you are joining is not in BuildSettings
lang_multi_text.db	ErrorCode_300057_Text	3.4	Hội thoại/Cốt truyện	Hệ thống/Thuật ngữ			The scene of the world you are joining does not exist
lang_multi_text.db	ErrorCode_300058_Text	3.4	Hội thoại/Cốt truyện	Hệ thống/Thuật ngữ			Player's team does not exist
lang_multi_text.db	ErrorCode_300059_Text	3.4	Hội thoại/Cốt truyện	Hệ thống/Thuật ngữ			Reward configuration not found
lang_multi_text.db	ErrorCode_300060_Text	3.4	Hội thoại/Cốt truyện	Hệ thống/Thuật ngữ			Teleport ID does not exist
lang_multi_text.db	ErrorCode_300061_Text	3.4	Hội thoại/Cốt truyện	Hệ thống/Thuật ngữ			Teleport Point not activated
lang_multi_text.db	ErrorCode_300062_Text	3.4	Hội thoại/Cốt truyện	Hệ thống/Thuật ngữ			Teleport Point does not exist
lang_multi_text.db	ErrorCode_300063_Text	3.4	Hội thoại/Cốt truyện	Hệ thống/Thuật ngữ			Teleport Point activated
lang_multi_text.db	ErrorCode_300064_Text	3.4	Hội thoại/Cốt truyện	Hệ thống/Thuật ngữ			Teleport GM API error
lang_multi_text.db	ErrorCode_300065_Text	3.4	Hội thoại/Cốt truyện	Hệ thống/Thuật ngữ			Teleport GM API error
lang_multi_text.db	ErrorCode_300066_Text	3.4	Hội thoại/Cốt truyện	Hệ thống/Thuật ngữ			Teleport-to-Gameplay GM does not exist
lang_multi_text.db	ErrorCode_300067_Text	3.4	Hội thoại/Cốt truyện	Hệ thống/Thuật ngữ			Teleport-to-Gameplay GM's player does not exist
lang_multi_text.db	ErrorCode_300068_Text	3.4	Hội thoại/Cốt truyện	Hệ thống/Thuật ngữ			Teleport-to-Gameplay GM's Creation Point does not exist
lang_multi_text.db	ErrorCode_300069_Text	3.4	Hội thoại/Cốt truyện	Hệ thống/Thuật ngữ			Teleport-to-Gameplay GM directs to other region
lang_multi_text.db	ErrorCode_300070_Text	3.4	Hội thoại/Cốt truyện	Hệ thống/Thuật ngữ			Teleport Point entity does not exist
lang_multi_text.db	ErrorCode_300071_Text	3.4	Hội thoại/Cốt truyện	Hệ thống/Thuật ngữ			Teleport Point entity part does not exist
lang_multi_text.db	ErrorCode_300072_Text	3.4	Hội thoại/Cốt truyện	Hệ thống/Thuật ngữ			Teleport Point entity part's configuration mismatch
lang_multi_text.db	ErrorCode_300073_Text	3.4	Hội thoại/Cốt truyện	Hệ thống/Thuật ngữ			Repeated attempts to enter region
lang_multi_text.db	ErrorCode_300074_Text	3.4	Hội thoại/Cốt truyện	Hệ thống/Thuật ngữ			Region ID does not exist
lang_multi_text.db	ErrorCode_300075_Text	3.4	Hội thoại/Cốt truyện	Hệ thống/Thuật ngữ			Region does not need recording
lang_multi_text.db	ErrorCode_300076_Text	3.4	Hội thoại/Cốt truyện	Hệ thống/Thuật ngữ			Character not knocked out, cannot revive
lang_multi_text.db	ErrorCode_300077_Text	3.4	Hội thoại/Cốt truyện	Hệ thống/Thuật ngữ			Cannot revive Characters currently
lang_multi_text.db	ErrorCode_300078_Text	3.4	Hội thoại/Cốt truyện	Hệ thống/Thuật ngữ			Max revive attempts reached
lang_multi_text.db	ErrorCode_300079_Text	3.4	Hội thoại/Cốt truyện	Hệ thống/Thuật ngữ			Revive on cooldown
lang_multi_text.db	ErrorCode_300080_Text	3.4	Hội thoại/Cốt truyện	Hệ thống/Thuật ngữ			Auto-revive available
lang_multi_text.db	ErrorCode_300081_Text	3.4	Hội thoại/Cốt truyện	Hệ thống/Thuật ngữ			Revive range already in place
lang_multi_text.db	ErrorCode_300082_Text	3.4	Hội thoại/Cốt truyện	Hệ thống/Thuật ngữ			Revive range not in place
lang_multi_text.db	ErrorCode_300083_Text	3.4	Hội thoại/Cốt truyện	Hệ thống/Thuật ngữ			The revive range's configuration is unavailable
lang_multi_text.db	ErrorCode_300084_Text	3.4	Hội thoại/Cốt truyện	Hệ thống/Thuật ngữ			Cannot revive with items
lang_multi_text.db	ErrorCode_300085_Text	3.4	Hội thoại/Cốt truyện	Hệ thống/Thuật ngữ			Matching
lang_multi_text.db	ErrorCode_300086_Text	3.4	Hội thoại/Cốt truyện	Hệ thống/Thuật ngữ			Not matching
lang_multi_text.db	ErrorCode_300087_Text	3.4	Hội thoại/Cốt truyện	Hệ thống/Thuật ngữ			Matching pool does not exist
lang_multi_text.db	ErrorCode_300088_Text	3.4	Hội thoại/Cốt truyện	Hệ thống/Thuật ngữ			No matching results found
lang_multi_text.db	ErrorCode_300089_Text	3.4	Hội thoại/Cốt truyện	Hệ thống/Thuật ngữ			Matching results confirmed
lang_multi_text.db	ErrorCode_300090_Text	3.4	Hội thoại/Cốt truyện	Hệ thống/Thuật ngữ			Dungeon team already exists
lang_multi_text.db	ErrorCode_300091_Text	3.4	Hội thoại/Cốt truyện	Hệ thống/Thuật ngữ			Dungeon team does not exist
lang_multi_text.db	ErrorCode_300092_Text	3.4	Hội thoại/Cốt truyện	Hệ thống/Thuật ngữ			Not on team
lang_multi_text.db	ErrorCode_300093_Text	3.4	Hội thoại/Cốt truyện	Hệ thống/Thuật ngữ			World host cannot be Ready
lang_multi_text.db	ErrorCode_300094_Text	3.4	Hội thoại/Cốt truyện	Hệ thống/Thuật ngữ			Ready State reset
lang_multi_text.db	ErrorCode_300095_Text	3.4	Hội thoại/Cốt truyện	Hệ thống/Thuật ngữ			Same Character on team
lang_multi_text.db	ErrorCode_300096_Text	3.4	Hội thoại/Cốt truyện	Hệ thống/Thuật ngữ			Cannot edit Team lineup in the Ready state
lang_multi_text.db	ErrorCode_300097_Text	3.4	Hội thoại/Cốt truyện	Hệ thống/Thuật ngữ			Character already on team is set
lang_multi_text.db	ErrorCode_300098_Text	3.4	Hội thoại/Cốt truyện	Hệ thống/Thuật ngữ			No permission to remove
lang_multi_text.db	ErrorCode_300099_Text	3.4	Hội thoại/Cốt truyện	Hệ thống/Thuật ngữ			Player being removed is not on team
lang_multi_text.db	ErrorCode_300100_Text	3.4	Hội thoại/Cốt truyện	Hệ thống/Thuật ngữ			No permission to begin battle
lang_multi_text.db	ErrorCode_300101_Text	3.4	Hội thoại/Cốt truyện	Hệ thống/Thuật ngữ			Player(s) not Ready
lang_multi_text.db	ErrorCode_300102_Text	3.4	Hội thoại/Cốt truyện	Hệ thống/Thuật ngữ			Dungeon id does not exist
lang_multi_text.db	ErrorCode_300103_Text	3.4	Hội thoại/Cốt truyện	Hệ thống/Thuật ngữ			You do not have designated Character to begin matching
lang_multi_text.db	ErrorCode_300104_Text	3.4	Hội thoại/Cốt truyện	Hệ thống/Thuật ngữ			Cannot match Players for Single-Player Dungeon
lang_multi_text.db	ErrorCode_300105_Text	3.4	Hội thoại/Cốt truyện	Hệ thống/Thuật ngữ			Cannot begin matching when waiting for other Players to enter the scene
lang_multi_text.db	ErrorCode_300106_Text	3.4	Hội thoại/Cốt truyện	Hệ thống/Thuật ngữ			Cannot begin matching when entering other World
lang_multi_text.db	ErrorCode_300107_Text	3.4	Hội thoại/Cốt truyện	Hệ thống/Thuật ngữ			Behavior tree node not found for Dungeon
lang_multi_text.db	ErrorCode_300108_Text	3.4	Hội thoại/Cốt truyện	Hệ thống/Thuật ngữ			Not complete yet
lang_multi_text.db	ErrorCode_300109_Text	3.4	Hội thoại/Cốt truyện	Hệ thống/Thuật ngữ			Reward Claimed
lang_multi_text.db	ErrorCode_300110_Text	3.4	Hội thoại/Cốt truyện	Hệ thống/Thuật ngữ			Failed to redeem. Weekly redeem limit reached
lang_multi_text.db	ErrorCode_300111_Text	3.4	Hội thoại/Cốt truyện	Hệ thống/Thuật ngữ			Result already produced
lang_multi_text.db	ErrorCode_300112_Text	3.4	Hội thoại/Cốt truyện	Hệ thống/Thuật ngữ			Dungeon entry locked
lang_multi_text.db	ErrorCode_300113_Text	3.4	Hội thoại/Cốt truyện	Hệ thống/Thuật ngữ			Dungeon entry unavailable
lang_multi_text.db	ErrorCode_300114_Text	3.4	Hội thoại/Cốt truyện	Hệ thống/Thuật ngữ			Dungeon's Level requirement not met
lang_multi_text.db	ErrorCode_300115_Text	3.4	Hội thoại/Cốt truyện	Hệ thống/Thuật ngữ			Dungeon's SOL3 Phase requirement not met
lang_multi_text.db	ErrorCode_300116_Text	3.4	Hội thoại/Cốt truyện	Hệ thống/Thuật ngữ			Dungeon's Mission requirement not met
lang_multi_text.db	ErrorCode_300117_Text	3.4	Hội thoại/Cốt truyện	Hệ thống/Thuật ngữ			Cannot enter Dungeon when matching
lang_multi_text.db	ErrorCode_300118_Text	3.4	Hội thoại/Cốt truyện	Hệ thống/Thuật ngữ			Cannot enter Dungeon when entering other World
lang_multi_text.db	ErrorCode_300119_Text	3.4	Hội thoại/Cốt truyện	Hệ thống/Thuật ngữ			Cannot enter Dungeon when waiting for other Players to enter the World
lang_multi_text.db	ErrorCode_300120_Text	3.4	Hội thoại/Cốt truyện	Hệ thống/Thuật ngữ			Type mismatch for the Dungeon you are entering
lang_multi_text.db	ErrorCode_300121_Text	3.4	Hội thoại/Cốt truyện	Hệ thống/Thuật ngữ			No reward claims available
lang_multi_text.db	ErrorCode_300122_Text	3.4	Hội thoại/Cốt truyện	Hệ thống/Thuật ngữ			Matching
lang_multi_text.db	ErrorCode_300123_Text	3.4	Hội thoại/Cốt truyện	Hệ thống/Thuật ngữ			Not matching
lang_multi_text.db	ErrorCode_300124_Text	3.4	Hội thoại/Cốt truyện	Hệ thống/Thuật ngữ			Worthy matching server not found
lang_multi_text.db	ErrorCode_300125_Text	3.4	Hội thoại/Cốt truyện	Hệ thống/Thuật ngữ			Failed to connect to matching server
lang_multi_text.db	ErrorCode_300126_Text	3.4	Hội thoại/Cốt truyện	Hệ thống/Thuật ngữ			No matching team info
lang_multi_text.db	ErrorCode_300127_Text	3.4	Hội thoại/Cốt truyện	Hệ thống/Thuật ngữ			Matching results confirmed
lang_multi_text.db	ErrorCode_300128_Text	3.4	Hội thoại/Cốt truyện	Hệ thống/Thuật ngữ			Matched team not Ready
lang_multi_text.db	ErrorCode_300129_Text	3.4	Hội thoại/Cốt truyện	Hệ thống/Thuật ngữ			Character locked for matching
lang_multi_text.db	ErrorCode_300130_Text	3.4	Hội thoại/Cốt truyện	Hệ thống/Thuật ngữ			Already Ready
lang_multi_text.db	ErrorCode_300131_Text	3.4	Hội thoại/Cốt truyện	Hệ thống/Thuật ngữ			Cannot Unready
lang_multi_text.db	ErrorCode_300132_Text	3.4	Hội thoại/Cốt truyện	Hệ thống/Thuật ngữ			Cannot remove as non-host
lang_multi_text.db	ErrorCode_300133_Text	3.4	Hội thoại/Cốt truyện	Hệ thống/Thuật ngữ			Cannot match as non-host
lang_multi_text.db	ErrorCode_300134_Text	3.4	Hội thoại/Cốt truyện	Hệ thống/Thuật ngữ			Matching status already set
lang_multi_text.db	ErrorCode_300135_Text	3.4	Hội thoại/Cốt truyện	Hệ thống/Thuật ngữ			Player not on matched team
lang_multi_text.db	ErrorCode_300136_Text	3.4	Hội thoại/Cốt truyện	Hệ thống/Thuật ngữ			Failed to fetch matching pool
lang_multi_text.db	ErrorCode_300137_Text	3.4	Hội thoại/Cốt truyện	Hệ thống/Thuật ngữ			Player already in matching pool
lang_multi_text.db	ErrorCode_300138_Text	3.4	Hội thoại/Cốt truyện	Hệ thống/Thuật ngữ			Player not in matching pool
lang_multi_text.db	ErrorCode_300139_Text	3.4	Hội thoại/Cốt truyện	Hệ thống/Thuật ngữ			Cannot cancel when Player already on matched team
lang_multi_text.db	ErrorCode_300140_Text	3.4	Hội thoại/Cốt truyện	Hệ thống/Thuật ngữ			Matching results confirmed
lang_multi_text.db	ErrorCode_300141_Text	3.4	Hội thoại/Cốt truyện	Hệ thống/Thuật ngữ			Failed to find matched team
lang_multi_text.db	ErrorCode_300142_Text	3.4	Hội thoại/Cốt truyện	Hệ thống/Thuật ngữ			Cannot edit Team lineup in the Ready state
lang_multi_text.db	ErrorCode_300143_Text	3.4	Hội thoại/Cốt truyện	Hệ thống/Thuật ngữ			Cannot set multiple Characters as non-host
lang_multi_text.db	ErrorCode_300144_Text	3.4	Hội thoại/Cốt truyện	Hệ thống/Thuật ngữ			Cannot set Characters already on team
lang_multi_text.db	ErrorCode_300145_Text	3.4	Hội thoại/Cốt truyện	Hệ thống/Thuật ngữ			Cannot Unready
lang_multi_text.db	ErrorCode_300146_Text	3.4	Hội thoại/Cốt truyện	Hệ thống/Thuật ngữ			Same Characters on team. Cannot ready
lang_multi_text.db	ErrorCode_300147_Text	3.4	Hội thoại/Cốt truyện	Hệ thống/Thuật ngữ			Player being removed is not on matched team
lang_multi_text.db	ErrorCode_300148_Text	3.4	Hội thoại/Cốt truyện	Hệ thống/Thuật ngữ			Cannot remove as non-World host
lang_multi_text.db	ErrorCode_300149_Text	3.4	Hội thoại/Cốt truyện	Hệ thống/Thuật ngữ			Cannot set team status as non-World host
lang_multi_text.db	ErrorCode_300150_Text	3.4	Hội thoại/Cốt truyện	Hệ thống/Thuật ngữ			Cannot begin when matching
lang_multi_text.db	ErrorCode_300151_Text	3.4	Hội thoại/Cốt truyện	Hệ thống/Thuật ngữ			Player(s) on team not Ready
lang_multi_text.db	ErrorCode_300152_Text	3.4	Hội thoại/Cốt truyện	Hệ thống/Thuật ngữ			Cannot begin Dungeon as non-World host
lang_multi_text.db	ErrorCode_300153_Text	3.4	Hội thoại/Cốt truyện	Hệ thống/Thuật ngữ			Team not entering Dungeon
lang_multi_text.db	ErrorCode_300154_Text	3.4	Hội thoại/Cốt truyện	Hệ thống/Thuật ngữ			Dungeon id does not exist for matching
lang_multi_text.db	ErrorCode_300155_Text	3.4	Hội thoại/Cốt truyện	Hệ thống/Thuật ngữ			Cannot match for Single-Player Dungeon
lang_multi_text.db	ErrorCode_300156_Text	3.4	Hội thoại/Cốt truyện	Hệ thống/Thuật ngữ			Cannot match under co-op mode
lang_multi_text.db	ErrorCode_300157_Text	3.4	Hội thoại/Cốt truyện	Hệ thống/Thuật ngữ			Same Characters on team. Cannot begin
lang_multi_text.db	ErrorCode_300158_Text	3.4	Hội thoại/Cốt truyện	Hệ thống/Thuật ngữ			Not in chat yet
lang_multi_text.db	ErrorCode_300159_Text	3.4	Hội thoại/Cốt truyện	Hệ thống/Thuật ngữ			Chat not found
lang_multi_text.db	ErrorCode_300160_Text	3.4	Hội thoại/Cốt truyện	Hệ thống/Thuật ngữ			Chat not matched
lang_multi_text.db	ErrorCode_300161_Text	3.4	Hội thoại/Cốt truyện	Hệ thống/Thuật ngữ			Word limit reached
lang_multi_text.db	ErrorCode_300162_Text	3.4	Hội thoại/Cốt truyện	Hệ thống/Thuật ngữ			No available Resonators for battle
lang_multi_text.db	ErrorCode_300163_Text	3.4	Hội thoại/Cốt truyện	Hệ thống/Thuật ngữ			Loading scene id mismatch
lang_multi_text.db	ErrorCode_300164_Text	3.4	Hội thoại/Cốt truyện	Hệ thống/Thuật ngữ			Your Party Members are not in the current scene.
lang_multi_text.db	ErrorCode_300165_Text	3.4	Hội thoại/Cốt truyện	Hệ thống/Thuật ngữ			Member joining. Cannot remove.
lang_multi_text.db	ErrorCode_300166_Text	3.4	Hội thoại/Cốt truyện	Hệ thống/Thuật ngữ			Party member joining. Cannot exit Co-op Mode witin 3 minutes.
lang_multi_text.db	ErrorCode_300167_Text	3.4	Hội thoại/Cốt truyện	Hệ thống/Thuật ngữ			Scene loading. Cannot leave the team.
lang_multi_text.db	ErrorCode_300168_Text	3.4	Hội thoại/Cốt truyện	Hệ thống/Thuật ngữ			Scene loading. Cannot start the challenge.
lang_multi_text.db	ErrorCode_300169_Text	3.4	Hội thoại/Cốt truyện	Hệ thống/Thuật ngữ			There is an exception, if you have any questions, please contact the official customer service
lang_multi_text.db	ErrorCode_300170_Text	3.4	Hội thoại/Cốt truyện	Hệ thống/Thuật ngữ			The world owner is loading scenes. Currently unable to access the world.
lang_multi_text.db	ErrorCode_300171_Text	3.4	Hội thoại/Cốt truyện	Hệ thống/Thuật ngữ			The world owner is loading scenes. Currently unable to request access to the world.
lang_multi_text.db	ErrorCode_300172_Text	3.4	Hội thoại/Cốt truyện	Hệ thống/Thuật ngữ			Loading scenes. Unable to approve Co-op requests.
lang_multi_text.db	ErrorCode_300173_Text	3.4	Hội thoại/Cốt truyện	Hệ thống/Thuật ngữ			Failed to connect to the host
lang_multi_text.db	ErrorCode_300174_Text	3.4	Hội thoại/Cốt truyện	Hệ thống/Thuật ngữ			There is an exception, if you have any questions, please contact the official customer service
lang_multi_text.db	ErrorCode_300175_Text	3.4	Hội thoại/Cốt truyện	Hệ thống/Thuật ngữ			Cannot join Co-op when defeated
lang_multi_text.db	ErrorCode_300176_Text	3.4	Hội thoại/Cốt truyện	Hệ thống/Thuật ngữ			The host is in a state of death and cannot enter temporarily
lang_multi_text.db	ErrorCode_300177_Text	3.4	Hội thoại/Cốt truyện	Hệ thống/Thuật ngữ			The scene is loading and cannot leave temporarily
lang_multi_text.db	ErrorCode_300178_Text	3.4	Hội thoại/Cốt truyện	Hệ thống/Thuật ngữ			Re-challenge is not supported, if you have any questions, please contact the official customer service
lang_multi_text.db	ErrorCode_300179_Text	3.4	Hội thoại/Cốt truyện	Hệ thống/Thuật ngữ			The number of players is not enough to re-challenge
lang_multi_text.db	ErrorCode_300180_Text	3.4	Hội thoại/Cốt truyện	Hệ thống/Thuật ngữ			There are players leaving, cannot re-challenge
lang_multi_text.db	ErrorCode_300181_Text	3.4	Hội thoại/Cốt truyện	Hệ thống/Thuật ngữ			The current player is not knocked out, cannot re-challenge
lang_multi_text.db	ErrorCode_300182_Text	3.4	Hội thoại/Cốt truyện	Hệ thống/Thuật ngữ			Unsettled, unable to initiate a rematch
lang_multi_text.db	ErrorCode_300183_Text	3.4	Hội thoại/Cốt truyện	Hệ thống/Thuật ngữ			Invitation has been sent, unable to initiate again
lang_multi_text.db	ErrorCode_300184_Text	3.4	Hội thoại/Cốt truyện	Hệ thống/Thuật ngữ			Cannot accept the invitation repeatedly
lang_multi_text.db	ErrorCode_300185_Text	3.4	Hội thoại/Cốt truyện	Hệ thống/Thuật ngữ			Current player is not the host, unable to initiate invitation
lang_multi_text.db	ErrorCode_300186_Text	3.4	Hội thoại/Cốt truyện	Hệ thống/Thuật ngữ			The host has not initiated a rematch
lang_multi_text.db	ErrorCode_300187_Text	3.4	Hội thoại/Cốt truyện	Hệ thống/Thuật ngữ			Anomaly exists, if you have any questions, please contact the official customer service
lang_multi_text.db	ErrorCode_300188_Text	3.4	Hội thoại/Cốt truyện	Hệ thống/Thuật ngữ			Anomaly exists, if you have any questions, please contact the official customer service
lang_multi_text.db	ErrorCode_300189_Text	3.4	Hội thoại/Cốt truyện	Hệ thống/Thuật ngữ			Anomaly exists, if you have any questions, please contact the official customer service
lang_multi_text.db	ErrorCode_300190_Text	3.4	Hội thoại/Cốt truyện	Hệ thống/Thuật ngữ			Anomaly exists, if you have any questions, please contact the official customer service
lang_multi_text.db	ErrorCode_300191_Text	3.4	Hội thoại/Cốt truyện	Hệ thống/Thuật ngữ			Anomaly exists, if you have any questions, please contact the official customer service
lang_multi_text.db	ErrorCode_300192_Text	3.4	Hội thoại/Cốt truyện	Hệ thống/Thuật ngữ			Applying to enter, unable to repeat the operation
lang_multi_text.db	ErrorCode_300193_Text	3.4	Hội thoại/Cốt truyện	Hệ thống/Thuật ngữ			Querying friend information, unable to repeat the operation
lang_multi_text.db	ErrorCode_300194_Text	3.4	Hội thoại/Cốt truyện	Hệ thống/Thuật ngữ			Querying player information, unable to repeat the operation
lang_multi_text.db	ErrorCode_300195_Text	3.4	Hội thoại/Cốt truyện	Hệ thống/Thuật ngữ			Cannot use the teleport function during the loading process, please try again later
lang_multi_text.db	ErrorCode_300196_Text	3.4	Hội thoại/Cốt truyện	Hệ thống/Thuật ngữ			Cannot repeat the teleport process, please try again later
lang_multi_text.db	ErrorCode_300197_Text	3.4	Hội thoại/Cốt truyện	Hệ thống/Thuật ngữ			Anomaly exists in teleport, please try again later
lang_multi_text.db	ErrorCode_300198_Text	3.4	Hội thoại/Cốt truyện	Hệ thống/Thuật ngữ			Cannot resurrect during loading
lang_multi_text.db	ErrorCode_300199_Text	3.4	Hội thoại/Cốt truyện	Hệ thống/Thuật ngữ			Cannot resurrect during teleport
lang_multi_text.db	ErrorCode_300200_Text	3.4	Hội thoại/Cốt truyện	Hệ thống/Thuật ngữ			The player is teleporting, unable to perform the current operation
lang_multi_text.db	ErrorCode_300201_Text	3.4	Hội thoại/Cốt truyện	Hệ thống/Thuật ngữ			A player in the team is teleporting, unable to disband
lang_multi_text.db	ErrorCode_300202_Text	3.4	Hội thoại/Cốt truyện	Hệ thống/Thuật ngữ			You can't send Co-op request during teleportation
lang_multi_text.db	ErrorCode_300203_Text	3.4	Hội thoại/Cốt truyện	Hệ thống/Thuật ngữ			Currently teleporting, unable to accept the application
lang_multi_text.db	ErrorCode_30_Text	3.4	Hội thoại/Cốt truyện	Hệ thống/Thuật ngữ			System error, please try again later.
lang_multi_text.db	ErrorCode_3100001_Text	3.4	Hội thoại/Cốt truyện	Hệ thống/Thuật ngữ			Error in loading stage info, please try again
lang_multi_text.db	ErrorCode_3100002_Text	3.4	Hội thoại/Cốt truyện	Hệ thống/Thuật ngữ			Event unavailable
lang_multi_text.db	ErrorCode_3100003_Text	3.4	Hội thoại/Cốt truyện	Hệ thống/Thuật ngữ			Battle data missing
lang_multi_text.db	ErrorCode_3100004_Text	3.4	Hội thoại/Cốt truyện	Hệ thống/Thuật ngữ			Configuration does not exist
lang_multi_text.db	ErrorCode_3100005_Text	3.4	Hội thoại/Cốt truyện	Hệ thống/Thuật ngữ			Not yet available
lang_multi_text.db	ErrorCode_3100006_Text	3.4	Hội thoại/Cốt truyện	Hệ thống/Thuật ngữ			The preceding stage is not cleared
lang_multi_text.db	ErrorCode_3100007_Text	3.4	Hội thoại/Cốt truyện	Hệ thống/Thuật ngữ			Unable to retrieve battle data
lang_multi_text.db	ErrorCode_3100008_Text	3.4	Hội thoại/Cốt truyện	Hệ thống/Thuật ngữ			Reward claim state cannot be rolled back
lang_multi_text.db	ErrorCode_3100009_Text	3.4	Hội thoại/Cốt truyện	Hệ thống/Thuật ngữ			Required Resonator is not in the lineup
lang_multi_text.db	ErrorCode_3100010_Text	3.4	Hội thoại/Cốt truyện	Hệ thống/Thuật ngữ			Illegal player name
lang_multi_text.db	ErrorCode_3100011_Text	3.4	Hội thoại/Cốt truyện	Hệ thống/Thuật ngữ			Reward page configuration does not exist
lang_multi_text.db	ErrorCode_3100012_Text	3.4	Hội thoại/Cốt truyện	Hệ thống/Thuật ngữ			Reward claim parameter error
lang_multi_text.db	ErrorCode_3100013_Text	3.4	Hội thoại/Cốt truyện	Hệ thống/Thuật ngữ			Reward already claimed
lang_multi_text.db	ErrorCode_3100014_Text	3.4	Hội thoại/Cốt truyện	Hệ thống/Thuật ngữ			Reward info error. Please try again later.
lang_multi_text.db	ErrorCode_31_Text	3.4	Hội thoại/Cốt truyện	Hệ thống/Thuật ngữ			System error, please try again later.
lang_multi_text.db	ErrorCode_32_Text	3.4	Hội thoại/Cốt truyện	Hệ thống/Thuật ngữ			System error, please try again later.
lang_multi_text.db	ErrorCode_33_Text	3.4	Hội thoại/Cốt truyện	Hệ thống/Thuật ngữ			System error, please try again later.
lang_multi_text.db	ErrorCode_34_Text	3.4	Hội thoại/Cốt truyện	Hệ thống/Thuật ngữ			System error, please try again later.
lang_multi_text.db	ErrorCode_35_Text	3.4	Hội thoại/Cốt truyện	Hệ thống/Thuật ngữ			The player has logged in.
lang_multi_text.db	ErrorCode_36_Text	3.4	Hội thoại/Cốt truyện	Hệ thống/Thuật ngữ			System error, please try again later.
lang_multi_text.db	ErrorCode_37_Text	3.4	Hội thoại/Cốt truyện	Hệ thống/Thuật ngữ			Re-login
lang_multi_text.db	ErrorCode_3_Text	3.4	Hội thoại/Cốt truyện	Hệ thống/Thuật ngữ			Unknown error. Please contact Customer Service
lang_multi_text.db	ErrorCode_400000_Text	3.4	Hội thoại/Cốt truyện	Hệ thống/Thuật ngữ			Invalid modification of basic information string
lang_multi_text.db	ErrorCode_400001_Text	3.4	Hội thoại/Cốt truyện	Hệ thống/Thuật ngữ			Avatar locked
lang_multi_text.db	ErrorCode_400002_Text	3.4	Hội thoại/Cốt truyện	Hệ thống/Thuật ngữ			Avatar frame locked
lang_multi_text.db	ErrorCode_400003_Text	3.4	Hội thoại/Cốt truyện	Hệ thống/Thuật ngữ			You cannot obtain the basic information from yourself
lang_multi_text.db	ErrorCode_400004_Text	3.4	Hội thoại/Cốt truyện	Hệ thống/Thuật ngữ			The mail does not exist
lang_multi_text.db	ErrorCode_400005_Text	3.4	Hội thoại/Cốt truyện	Hệ thống/Thuật ngữ			Mail read
lang_multi_text.db	ErrorCode_400006_Text	3.4	Hội thoại/Cốt truyện	Hệ thống/Thuật ngữ			No mail to claim
lang_multi_text.db	ErrorCode_400007_Text	3.4	Hội thoại/Cốt truyện	Hệ thống/Thuật ngữ			The mail does not contain the attachment
lang_multi_text.db	ErrorCode_400008_Text	3.4	Hội thoại/Cốt truyện	Hệ thống/Thuật ngữ			Attachment claimed
lang_multi_text.db	ErrorCode_400009_Text	3.4	Hội thoại/Cốt truyện	Hệ thống/Thuật ngữ			Attachment not claimed
lang_multi_text.db	ErrorCode_400010_Text	3.4	Hội thoại/Cốt truyện	Hệ thống/Thuật ngữ			Mail not read
lang_multi_text.db	ErrorCode_400011_Text	3.4	Hội thoại/Cốt truyện	Hệ thống/Thuật ngữ			No mail to delete
lang_multi_text.db	ErrorCode_400012_Text	3.4	Hội thoại/Cốt truyện	Hệ thống/Thuật ngữ			No space left in Backpack
lang_multi_text.db	ErrorCode_400013_Text	3.4	Hội thoại/Cốt truyện	Hệ thống/Thuật ngữ			Mail function is unavailable
lang_multi_text.db	ErrorCode_400014_Text	3.4	Hội thoại/Cốt truyện	Hệ thống/Thuật ngữ			Exceeded mail capacity
lang_multi_text.db	ErrorCode_400015_Text	3.4	Hội thoại/Cốt truyện	Hệ thống/Thuật ngữ			Exceeded quantity limit for mail claiming
lang_multi_text.db	ErrorCode_400016_Text	3.4	Hội thoại/Cốt truyện	Hệ thống/Thuật ngữ			Incorrect number of the attached items in mail
lang_multi_text.db	ErrorCode_400017_Text	3.4	Hội thoại/Cốt truyện	Hệ thống/Thuật ngữ			Cannot find the configuration of the attached item in mail
lang_multi_text.db	ErrorCode_400018_Text	3.4	Hội thoại/Cốt truyện	Hệ thống/Thuật ngữ			Cannot find mail configuration
lang_multi_text.db	ErrorCode_400019_Text	3.4	Hội thoại/Cốt truyện	Hệ thống/Thuật ngữ			Store ID does not exist
lang_multi_text.db	ErrorCode_400020_Text	3.4	Hội thoại/Cốt truyện	Hệ thống/Thuật ngữ			Store product does not exist
lang_multi_text.db	ErrorCode_400021_Text	3.4	Hội thoại/Cốt truyện	Hệ thống/Thuật ngữ			Not available
lang_multi_text.db	ErrorCode_400022_Text	3.4	Hội thoại/Cốt truyện	Hệ thống/Thuật ngữ			No corresponding currency ID
lang_multi_text.db	ErrorCode_400023_Text	3.4	Hội thoại/Cốt truyện	Hệ thống/Thuật ngữ			Purchase limit reached
lang_multi_text.db	ErrorCode_400024_Text	3.4	Hội thoại/Cốt truyện	Hệ thống/Thuật ngữ			Purchase requirements not met
lang_multi_text.db	ErrorCode_400025_Text	3.4	Hội thoại/Cốt truyện	Hệ thống/Thuật ngữ			Product listing page does not exist
lang_multi_text.db	ErrorCode_400026_Text	3.4	Hội thoại/Cốt truyện	Hệ thống/Thuật ngữ			Products not displayed
lang_multi_text.db	ErrorCode_400027_Text	3.4	Hội thoại/Cốt truyện	Hệ thống/Thuật ngữ			Update available for store version
lang_multi_text.db	ErrorCode_400028_Text	3.4	Hội thoại/Cốt truyện	Hệ thống/Thuật ngữ			Store invalid parameter
lang_multi_text.db	ErrorCode_400029_Text	3.4	Hội thoại/Cốt truyện	Hệ thống/Thuật ngữ			An exception occurred. Please contact customer support for help.
lang_multi_text.db	ErrorCode_400030_Text	3.4	Hội thoại/Cốt truyện	Hệ thống/Thuật ngữ			Max level reached
lang_multi_text.db	ErrorCode_400031_Text	3.4	Hội thoại/Cốt truyện	Hệ thống/Thuật ngữ			Item configuration error
lang_multi_text.db	ErrorCode_400032_Text	3.4	Hội thoại/Cốt truyện	Hệ thống/Thuật ngữ			Insufficient items
lang_multi_text.db	ErrorCode_400033_Text	3.4	Hội thoại/Cốt truyện	Hệ thống/Thuật ngữ			An exception occurred. Please contact customer support for help.
lang_multi_text.db	ErrorCode_400034_Text	3.4	Hội thoại/Cốt truyện	Hệ thống/Thuật ngữ			An exception occurred. Please contact customer support for help.
lang_multi_text.db	ErrorCode_400035_Text	3.4	Hội thoại/Cốt truyện	Hệ thống/Thuật ngữ			An exception occurred. Please contact customer support for help.
lang_multi_text.db	ErrorCode_400036_Text	3.4	Hội thoại/Cốt truyện	Hệ thống/Thuật ngữ			An exception occurred. Please contact customer support for help.
lang_multi_text.db	ErrorCode_400037_Text	3.4	Hội thoại/Cốt truyện	Hệ thống/Thuật ngữ			SOL3 Phase lowered. Cannot be further lowered.
lang_multi_text.db	ErrorCode_400038_Text	3.4	Hội thoại/Cốt truyện	Hệ thống/Thuật ngữ			SOL3 Phase hasn't been lowered. Cannot be reverted.
lang_multi_text.db	ErrorCode_400039_Text	3.4	Hội thoại/Cốt truyện	Hệ thống/Thuật ngữ			SOL3 Phase is below the minimum level required for adjustment
lang_multi_text.db	ErrorCode_400040_Text	3.4	Hội thoại/Cốt truyện	Hệ thống/Thuật ngữ			Operation in cd
lang_multi_text.db	ErrorCode_400041_Text	3.4	Hội thoại/Cốt truyện	Hệ thống/Thuật ngữ			This player is already in your Blocklist
lang_multi_text.db	ErrorCode_400042_Text	3.4	Hội thoại/Cốt truyện	Hệ thống/Thuật ngữ			This player is not in your Blocklist
lang_multi_text.db	ErrorCode_400043_Text	3.4	Hội thoại/Cốt truyện	Hệ thống/Thuật ngữ			Blocklist is full
lang_multi_text.db	ErrorCode_400044_Text	3.4	Hội thoại/Cốt truyện	Hệ thống/Thuật ngữ			You've been blocked
lang_multi_text.db	ErrorCode_400045_Text	3.4	Hội thoại/Cốt truyện	Hệ thống/Thuật ngữ			This player is in your Friend List
lang_multi_text.db	ErrorCode_400046_Text	3.4	Hội thoại/Cốt truyện	Hệ thống/Thuật ngữ			This player is not in your Friend List
lang_multi_text.db	ErrorCode_400047_Text	3.4	Hội thoại/Cốt truyện	Hệ thống/Thuật ngữ			This player is in your Friend Requests
lang_multi_text.db	ErrorCode_400048_Text	3.4	Hội thoại/Cốt truyện	Hệ thống/Thuật ngữ			Request does not exist
lang_multi_text.db	ErrorCode_400049_Text	3.4	Hội thoại/Cốt truyện	Hệ thống/Thuật ngữ			Your friend list is full
lang_multi_text.db	ErrorCode_400050_Text	3.4	Hội thoại/Cốt truyện	Hệ thống/Thuật ngữ			This player's friend list is full
lang_multi_text.db	ErrorCode_400051_Text	3.4	Hội thoại/Cốt truyện	Hệ thống/Thuật ngữ			This player's Friend List is full
lang_multi_text.db	ErrorCode_400052_Text	3.4	Hội thoại/Cốt truyện	Hệ thống/Thuật ngữ			Cannot send a request to yourself
lang_multi_text.db	ErrorCode_400053_Text	3.4	Hội thoại/Cốt truyện	Hệ thống/Thuật ngữ			Already sent a request
lang_multi_text.db	ErrorCode_400054_Text	3.4	Hội thoại/Cốt truyện	Hệ thống/Thuật ngữ			Exceeded friend nickname length limit
lang_multi_text.db	ErrorCode_400055_Text	3.4	Hội thoại/Cốt truyện	Hệ thống/Thuật ngữ			Daily friend request limit reached
lang_multi_text.db	ErrorCode_400056_Text	3.4	Hội thoại/Cốt truyện	Hệ thống/Thuật ngữ			Empty friend request processing content
lang_multi_text.db	ErrorCode_400057_Text	3.4	Hội thoại/Cốt truyện	Hệ thống/Thuật ngữ			Request amount exceeded the limit
lang_multi_text.db	ErrorCode_400058_Text	3.4	Hội thoại/Cốt truyện	Hệ thống/Thuật ngữ			Specified exchange does not exist
lang_multi_text.db	ErrorCode_400059_Text	3.4	Hội thoại/Cốt truyện	Hệ thống/Thuật ngữ			Specified exchange cannot be used
lang_multi_text.db	ErrorCode_400060_Text	3.4	Hội thoại/Cốt truyện	Hệ thống/Thuật ngữ			Specified product does not exist
lang_multi_text.db	ErrorCode_400061_Text	3.4	Hội thoại/Cốt truyện	Hệ thống/Thuật ngữ			Specified product cannot be used
lang_multi_text.db	ErrorCode_400062_Text	3.4	Hội thoại/Cốt truyện	Hệ thống/Thuật ngữ			Specified product locked
lang_multi_text.db	ErrorCode_400063_Text	3.4	Hội thoại/Cốt truyện	Hệ thống/Thuật ngữ			Specified product is unavailable
lang_multi_text.db	ErrorCode_400064_Text	3.4	Hội thoại/Cốt truyện	Hệ thống/Thuật ngữ			Purchase amount cannot exceed purchase limit
lang_multi_text.db	ErrorCode_400065_Text	3.4	Hội thoại/Cốt truyện	Hệ thống/Thuật ngữ			Exchange data has changed. Please re-enter the interface
lang_multi_text.db	ErrorCode_400066_Text	3.4	Hội thoại/Cốt truyện	Hệ thống/Thuật ngữ			Invalid purchase quantity
lang_multi_text.db	ErrorCode_400067_Text	3.4	Hội thoại/Cốt truyện	Hệ thống/Thuật ngữ			Specified product can be purchased directly
lang_multi_text.db	ErrorCode_400068_Text	3.4	Hội thoại/Cốt truyện	Hệ thống/Thuật ngữ			Specified product cannot be purchased directly
lang_multi_text.db	ErrorCode_400069_Text	3.4	Hội thoại/Cốt truyện	Hệ thống/Thuật ngữ			Specified product tab cannot be used
lang_multi_text.db	ErrorCode_400070_Text	3.4	Hội thoại/Cốt truyện	Hệ thống/Thuật ngữ			Not in the valid period of Lunite Subscription.
lang_multi_text.db	ErrorCode_400071_Text	3.4	Hội thoại/Cốt truyện	Hệ thống/Thuật ngữ			Lunite Subscription daily update configuration does not exist.
lang_multi_text.db	ErrorCode_400072_Text	3.4	Hội thoại/Cốt truyện	Hệ thống/Thuật ngữ			Lunite Subscription max days reached.
lang_multi_text.db	ErrorCode_400073_Text	3.4	Hội thoại/Cốt truyện	Hệ thống/Thuật ngữ			Lunite Subscription daily rewards claimed.
lang_multi_text.db	ErrorCode_400074_Text	3.4	Hội thoại/Cốt truyện	Hệ thống/Thuật ngữ			Lunite Subscription configuration does not exist.
lang_multi_text.db	ErrorCode_400075_Text	3.4	Hội thoại/Cốt truyện	Hệ thống/Thuật ngữ			This item is not an event item
lang_multi_text.db	ErrorCode_400076_Text	3.4	Hội thoại/Cốt truyện	Hệ thống/Thuật ngữ			No event items equipped
lang_multi_text.db	ErrorCode_400077_Text	3.4	Hội thoại/Cốt truyện	Hệ thống/Thuật ngữ			No available Pioneer Podcast
lang_multi_text.db	ErrorCode_400078_Text	3.4	Hội thoại/Cốt truyện	Hệ thống/Thuật ngữ			Corresponding rewards not found
lang_multi_text.db	ErrorCode_400079_Text	3.4	Hội thoại/Cốt truyện	Hệ thống/Thuật ngữ			Pioneer Podcast locked
lang_multi_text.db	ErrorCode_400080_Text	3.4	Hội thoại/Cốt truyện	Hệ thống/Thuật ngữ			Pioneer Podcast unlocked
lang_multi_text.db	ErrorCode_400081_Text	3.4	Hội thoại/Cốt truyện	Hệ thống/Thuật ngữ			Rewards locked
lang_multi_text.db	ErrorCode_400082_Text	3.4	Hội thoại/Cốt truyện	Hệ thống/Thuật ngữ			Pioneer Podcast rewards claimed
lang_multi_text.db	ErrorCode_400083_Text	3.4	Hội thoại/Cốt truyện	Hệ thống/Thuật ngữ			Pioneer Podcast cannot be purchased repeatedly
lang_multi_text.db	ErrorCode_400084_Text	3.4	Hội thoại/Cốt truyện	Hệ thống/Thuật ngữ			Pioneer Podcast no cycle rewards
lang_multi_text.db	ErrorCode_400085_Text	3.4	Hội thoại/Cốt truyện	Hệ thống/Thuật ngữ			Pioneer Podcast unlocked
lang_multi_text.db	ErrorCode_400086_Text	3.4	Hội thoại/Cốt truyện	Hệ thống/Thuật ngữ			Pioneer Podcast Tasks not found
lang_multi_text.db	ErrorCode_400087_Text	3.4	Hội thoại/Cốt truyện	Hệ thống/Thuật ngữ			Pioneer Podcast Tasks not completed
lang_multi_text.db	ErrorCode_400088_Text	3.4	Hội thoại/Cốt truyện	Hệ thống/Thuật ngữ			Pioneer Podcast Tasks accepted
lang_multi_text.db	ErrorCode_400089_Text	3.4	Hội thoại/Cốt truyện	Hệ thống/Thuật ngữ			Max Pioneer Podcast EXP reached
lang_multi_text.db	ErrorCode_400090_Text	3.4	Hội thoại/Cốt truyện	Hệ thống/Thuật ngữ			Chat data not found
lang_multi_text.db	ErrorCode_400091_Text	3.4	Hội thoại/Cốt truyện	Hệ thống/Thuật ngữ			Conjunctive words cannot be filled in words
lang_multi_text.db	ErrorCode_400092_Text	3.4	Hội thoại/Cốt truyện	Hệ thống/Thuật ngữ			Chat text not found
lang_multi_text.db	ErrorCode_400093_Text	3.4	Hội thoại/Cốt truyện	Hệ thống/Thuật ngữ			Chat words not found
lang_multi_text.db	ErrorCode_400094_Text	3.4	Hội thoại/Cốt truyện	Hệ thống/Thuật ngữ			Chat template does not exist
lang_multi_text.db	ErrorCode_400095_Text	3.4	Hội thoại/Cốt truyện	Hệ thống/Thuật ngữ			Chat area calculation exception
lang_multi_text.db	ErrorCode_400096_Text	3.4	Hội thoại/Cốt truyện	Hệ thống/Thuật ngữ			Not Chat entity
lang_multi_text.db	ErrorCode_400097_Text	3.4	Hội thoại/Cốt truyện	Hệ thống/Thuật ngữ			Chat creation limit
lang_multi_text.db	ErrorCode_400098_Text	3.4	Hội thoại/Cốt truyện	Hệ thống/Thuật ngữ			Chat content cannot be empty
lang_multi_text.db	ErrorCode_400099_Text	3.4	Hội thoại/Cốt truyện	Hệ thống/Thuật ngữ			Chat entity does not exist
lang_multi_text.db	ErrorCode_400100_Text	3.4	Hội thoại/Cốt truyện	Hệ thống/Thuật ngữ			Daily comment limit reached
lang_multi_text.db	ErrorCode_400101_Text	3.4	Hội thoại/Cốt truyện	Hệ thống/Thuật ngữ			Liked
lang_multi_text.db	ErrorCode_400102_Text	3.4	Hội thoại/Cốt truyện	Hệ thống/Thuật ngữ			Disliked
lang_multi_text.db	ErrorCode_400103_Text	3.4	Hội thoại/Cốt truyện	Hệ thống/Thuật ngữ			No Chat item
lang_multi_text.db	ErrorCode_400104_Text	3.4	Hội thoại/Cốt truyện	Hệ thống/Thuật ngữ			Create Chat locked
lang_multi_text.db	ErrorCode_400105_Text	3.4	Hội thoại/Cốt truyện	Hệ thống/Thuật ngữ			Visitor cannot create Chat
lang_multi_text.db	ErrorCode_400106_Text	3.4	Hội thoại/Cốt truyện	Hệ thống/Thuật ngữ			Current Chat is set to be displayed
lang_multi_text.db	ErrorCode_400107_Text	3.4	Hội thoại/Cốt truyện	Hệ thống/Thuật ngữ			Current Chat is set to be hidden
lang_multi_text.db	ErrorCode_400108_Text	3.4	Hội thoại/Cốt truyện	Hệ thống/Thuật ngữ			Like limit reached
lang_multi_text.db	ErrorCode_400109_Text	3.4	Hội thoại/Cốt truyện	Hệ thống/Thuật ngữ			Dislike limit reached
lang_multi_text.db	ErrorCode_400110_Text	3.4	Hội thoại/Cốt truyện	Hệ thống/Thuật ngữ			Protocol version numbers of the server and the client are inconsistent. Login denied.
lang_multi_text.db	ErrorCode_400111_Text	3.4	Hội thoại/Cốt truyện	Hệ thống/Thuật ngữ			Protocol Md5 of the server and the client are inconsistent. Login denied.
lang_multi_text.db	ErrorCode_400112_Text	3.4	Hội thoại/Cốt truyện	Hệ thống/Thuật ngữ			Configuration version numbers of the server and the client are inconsistent. Login denied.
lang_multi_text.db	ErrorCode_400113_Text	3.4	Hội thoại/Cốt truyện	Hệ thống/Thuật ngữ			Configuration Md5 of the server and the client are inconsistent. Login denied.
lang_multi_text.db	ErrorCode_400114_Text	3.4	Hội thoại/Cốt truyện	Hệ thống/Thuật ngữ			Lunite Subscription days error.
lang_multi_text.db	ErrorCode_400115_Text	3.4	Hội thoại/Cốt truyện	Hệ thống/Thuật ngữ			The number of Lunite Subscription days to be added exceeds the upper limit.
lang_multi_text.db	ErrorCode_400116_Text	3.4	Hội thoại/Cốt truyện	Hệ thống/Thuật ngữ			Unable to obtain the configuration correctly, if you have any questions, please contact the official customer service
lang_multi_text.db	ErrorCode_400117_Text	3.4	Hội thoại/Cốt truyện	Hệ thống/Thuật ngữ			Anomaly exists, if you have any questions, please contact the official customer service
lang_multi_text.db	ErrorCode_400118_Text	3.4	Hội thoại/Cốt truyện	Hệ thống/Thuật ngữ			Unable to find the sender text of the email, please try again later
lang_multi_text.db	ErrorCode_400119_Text	3.4	Hội thoại/Cốt truyện	Hệ thống/Thuật ngữ			Unable to find the email title text, please try again later
lang_multi_text.db	ErrorCode_400120_Text	3.4	Hội thoại/Cốt truyện	Hệ thống/Thuật ngữ			Unable to find the email body, please try again later
lang_multi_text.db	ErrorCode_400121_Text	3.4	Hội thoại/Cốt truyện	Hệ thống/Thuật ngữ			Anomaly exists, if you have any questions, please contact the official customer service
lang_multi_text.db	ErrorCode_400122_Text	3.4	Hội thoại/Cốt truyện	Hệ thống/Thuật ngữ			An unknown anomaly exists in the Tactical Hologram: Overdashing Challenge, if you have any questions, please contact the official customer service
lang_multi_text.db	ErrorCode_400123_Text	3.4	Hội thoại/Cốt truyện	Hệ thống/Thuật ngữ			An unknown anomaly exists in the Tactical Hologram: Overdashing Challenge, if you have any questions, please contact the official customer service
lang_multi_text.db	ErrorCode_400124_Text	3.4	Hội thoại/Cốt truyện	Hệ thống/Thuật ngữ			An unknown anomaly exists in the Tactical Hologram: Overdashing Challenge, if you have any questions, please contact the official customer service
lang_multi_text.db	ErrorCode_400125_Text	3.4	Hội thoại/Cốt truyện	Hệ thống/Thuật ngữ			An unknown anomaly exists in the Tactical Hologram: Overdashing Challenge, if you have any questions, please contact the official customer service
lang_multi_text.db	ErrorCode_400126_Text	3.4	Hội thoại/Cốt truyện	Hệ thống/Thuật ngữ			An unknown anomaly exists in the Tactical Hologram: Overdashing Challenge, if you have any questions, please contact the official customer service
lang_multi_text.db	ErrorCode_400127_Text	3.4	Hội thoại/Cốt truyện	Hệ thống/Thuật ngữ			An unknown anomaly exists in the Tactical Hologram: Overdashing Challenge, if you have any questions, please contact the official customer service
lang_multi_text.db	ErrorCode_400128_Text	3.4	Hội thoại/Cốt truyện	Hệ thống/Thuật ngữ			An unknown anomaly exists in the Tactical Hologram: Overdashing Challenge, if you have any questions, please contact the official customer service
lang_multi_text.db	ErrorCode_400129_Text	3.4	Hội thoại/Cốt truyện	Hệ thống/Thuật ngữ			An unknown anomaly exists in the Tactical Hologram: Overdashing Challenge, if you have any questions, please contact the official customer service
lang_multi_text.db	ErrorCode_400130_Text	3.4	Hội thoại/Cốt truyện	Hệ thống/Thuật ngữ			An anomaly exists in the display of the purchase quantity, if you have any questions, please contact the official customer service
lang_multi_text.db	ErrorCode_47_Text	3.4	Hội thoại/Cốt truyện	Hệ thống/Thuật ngữ			Network error. Please try again later.
lang_multi_text.db	ErrorCode_48_Text	3.4	Hội thoại/Cốt truyện	Hệ thống/Thuật ngữ			Zone selection failed, please try again.
lang_multi_text.db	ErrorCode_49_Text	3.4	Hội thoại/Cốt truyện	Hệ thống/Thuật ngữ			Zone selection failed, please try again.
lang_multi_text.db	ErrorCode_4_Text	3.4	Hội thoại/Cốt truyện	Hệ thống/Thuật ngữ			Server not ready. Please try again later.
lang_multi_text.db	ErrorCode_500000_Text	3.4	Hội thoại/Cốt truyện	Hệ thống/Thuật ngữ			Mission TaskId error
lang_multi_text.db	ErrorCode_500001_Text	3.4	Hội thoại/Cốt truyện	Hệ thống/Thuật ngữ			Mission StepId error
lang_multi_text.db	ErrorCode_500002_Text	3.4	Hội thoại/Cốt truyện	Hệ thống/Thuật ngữ			Mission Backpack error
lang_multi_text.db	ErrorCode_500003_Text	3.4	Hội thoại/Cốt truyện	Hệ thống/Thuật ngữ			Mission process states unable to accept
lang_multi_text.db	ErrorCode_500004_Text	3.4	Hội thoại/Cốt truyện	Hệ thống/Thuật ngữ			Mission process states unable to submit
lang_multi_text.db	ErrorCode_500005_Text	3.4	Hội thoại/Cốt truyện	Hệ thống/Thuật ngữ			Wrong mission process configuration
lang_multi_text.db	ErrorCode_500006_Text	3.4	Hội thoại/Cốt truyện	Hệ thống/Thuật ngữ			Wrong mission process data
lang_multi_text.db	ErrorCode_500007_Text	3.4	Hội thoại/Cốt truyện	Hệ thống/Thuật ngữ			Cannot accept this mission type
lang_multi_text.db	ErrorCode_500008_Text	3.4	Hội thoại/Cốt truyện	Hệ thống/Thuật ngữ			An exception occurred. Please contact customer support for help.
lang_multi_text.db	ErrorCode_500009_Text	3.4	Hội thoại/Cốt truyện	Hệ thống/Thuật ngữ			An exception occurred. Please contact customer support for help.
lang_multi_text.db	ErrorCode_500010_Text	3.4	Hội thoại/Cốt truyện	Hệ thống/Thuật ngữ			An exception occurred. Please contact customer support for help.
lang_multi_text.db	ErrorCode_500011_Text	3.4	Hội thoại/Cốt truyện	Hệ thống/Thuật ngữ			An exception occurred. Please contact customer support for help.
lang_multi_text.db	ErrorCode_500012_Text	3.4	Hội thoại/Cốt truyện	Hệ thống/Thuật ngữ			An exception occurred. Please contact customer support for help.
lang_multi_text.db	ErrorCode_500013_Text	3.4	Hội thoại/Cốt truyện	Hệ thống/Thuật ngữ			An exception occurred. Please contact customer support for help.
lang_multi_text.db	ErrorCode_500014_Text	3.4	Hội thoại/Cốt truyện	Hệ thống/Thuật ngữ			An exception occurred. Please contact customer support for help.
lang_multi_text.db	ErrorCode_500015_Text	3.4	Hội thoại/Cốt truyện	Hệ thống/Thuật ngữ			An exception occurred. Please contact customer support for help.
lang_multi_text.db	ErrorCode_500016_Text	3.4	Hội thoại/Cốt truyện	Hệ thống/Thuật ngữ			Mission node not activated
lang_multi_text.db	ErrorCode_500017_Text	3.4	Hội thoại/Cốt truyện	Hệ thống/Thuật ngữ			Mission cannot find this behavior Id
lang_multi_text.db	ErrorCode_500018_Text	3.4	Hội thoại/Cốt truyện	Hệ thống/Thuật ngữ			Mission node not found
lang_multi_text.db	ErrorCode_500019_Text	3.4	Hội thoại/Cốt truyện	Hệ thống/Thuật ngữ			Mission components not found
lang_multi_text.db	ErrorCode_500020_Text	3.4	Hội thoại/Cốt truyện	Hệ thống/Thuật ngữ			Mission track type error
lang_multi_text.db	ErrorCode_500021_Text	3.4	Hội thoại/Cốt truyện	Hệ thống/Thuật ngữ			Mission states not in progress
lang_multi_text.db	ErrorCode_500022_Text	3.4	Hội thoại/Cốt truyện	Hệ thống/Thuật ngữ			Corresponding battle state not found
lang_multi_text.db	ErrorCode_500023_Text	3.4	Hội thoại/Cốt truyện	Hệ thống/Thuật ngữ			Wrong mission node data
lang_multi_text.db	ErrorCode_500024_Text	3.4	Hội thoại/Cốt truyện	Hệ thống/Thuật ngữ			Not mission node. Cannot be submitted
lang_multi_text.db	ErrorCode_500025_Text	3.4	Hội thoại/Cốt truyện	Hệ thống/Thuật ngữ			This mission type cannot be submitted by the front end
lang_multi_text.db	ErrorCode_500026_Text	3.4	Hội thoại/Cốt truyện	Hệ thống/Thuật ngữ			Mission accepted
lang_multi_text.db	ErrorCode_500027_Text	3.4	Hội thoại/Cốt truyện	Hệ thống/Thuật ngữ			Required quest resources are unavailable
lang_multi_text.db	ErrorCode_500028_Text	3.4	Hội thoại/Cốt truyện	Hệ thống/Thuật ngữ			Invalid request type to occupy resource
lang_multi_text.db	ErrorCode_500029_Text	3.4	Hội thoại/Cốt truyện	Hệ thống/Thuật ngữ			Resource list that needs to be occupied not found
lang_multi_text.db	ErrorCode_500030_Text	3.4	Hội thoại/Cốt truyện	Hệ thống/Thuật ngữ			This type of mission cannot be accepted in Co-op Mode
lang_multi_text.db	ErrorCode_500031_Text	3.4	Hội thoại/Cốt truyện	Hệ thống/Thuật ngữ			Unable to accept destroyed missions
lang_multi_text.db	ErrorCode_500032_Text	3.4	Hội thoại/Cốt truyện	Hệ thống/Thuật ngữ			Node not found
lang_multi_text.db	ErrorCode_500033_Text	3.4	Hội thoại/Cốt truyện	Hệ thống/Thuật ngữ			Node not activated
lang_multi_text.db	ErrorCode_500034_Text	3.4	Hội thoại/Cốt truyện	Hệ thống/Thuật ngữ			Not a subtask node
lang_multi_text.db	ErrorCode_500035_Text	3.4	Hội thoại/Cốt truyện	Hệ thống/Thuật ngữ			Not a subtask node
lang_multi_text.db	ErrorCode_500036_Text	3.4	Hội thoại/Cốt truyện	Hệ thống/Thuật ngữ			Node cannot find this behavior
lang_multi_text.db	ErrorCode_500037_Text	3.4	Hội thoại/Cốt truyện	Hệ thống/Thuật ngữ			This node behavior has been completed
lang_multi_text.db	ErrorCode_500038_Text	3.4	Hội thoại/Cốt truyện	Hệ thống/Thuật ngữ			Mission item claiming behavior incorrect item type
lang_multi_text.db	ErrorCode_500039_Text	3.4	Hội thoại/Cốt truyện	Hệ thống/Thuật ngữ			Mission item claiming behavior insufficient backpack space
lang_multi_text.db	ErrorCode_500040_Text	3.4	Hội thoại/Cốt truyện	Hệ thống/Thuật ngữ			Invalid Blackboard type
lang_multi_text.db	ErrorCode_500041_Text	3.4	Hội thoại/Cốt truyện	Hệ thống/Thuật ngữ			Timer not found
lang_multi_text.db	ErrorCode_500042_Text	3.4	Hội thoại/Cốt truyện	Hệ thống/Thuật ngữ			Preconditions not met
lang_multi_text.db	ErrorCode_500043_Text	3.4	Hội thoại/Cốt truyện	Hệ thống/Thuật ngữ			Data of item to be delivered not found
lang_multi_text.db	ErrorCode_500044_Text	3.4	Hội thoại/Cốt truyện	Hệ thống/Thuật ngữ			Not a failed node
lang_multi_text.db	ErrorCode_500045_Text	3.4	Hội thoại/Cốt truyện	Hệ thống/Thuật ngữ			No failed configuration
lang_multi_text.db	ErrorCode_500046_Text	3.4	Hội thoại/Cốt truyện	Hệ thống/Thuật ngữ			No configuration is disposable
lang_multi_text.db	ErrorCode_500047_Text	3.4	Hội thoại/Cốt truyện	Hệ thống/Thuật ngữ			Current mission states cannot be rolled back
lang_multi_text.db	ErrorCode_500048_Text	3.4	Hội thoại/Cốt truyện	Hệ thống/Thuật ngữ			Interactive entity id not found
lang_multi_text.db	ErrorCode_500049_Text	3.4	Hội thoại/Cốt truyện	Hệ thống/Thuật ngữ			No rollback permission
lang_multi_text.db	ErrorCode_500050_Text	3.4	Hội thoại/Cốt truyện	Hệ thống/Thuật ngữ			Cannot request rollback repeatedly
lang_multi_text.db	ErrorCode_500051_Text	3.4	Hội thoại/Cốt truyện	Hệ thống/Thuật ngữ			Unable to advance in suspended state
lang_multi_text.db	ErrorCode_500052_Text	3.4	Hội thoại/Cốt truyện	Hệ thống/Thuật ngữ			The map required to accept the mission is inconsistent with the owner's current map
lang_multi_text.db	ErrorCode_500053_Text	3.4	Hội thoại/Cốt truyện	Hệ thống/Thuật ngữ			Current state is already the latest saved version. Cannot be rolled back
lang_multi_text.db	ErrorCode_500054_Text	3.4	Hội thoại/Cốt truyện	Hệ thống/Thuật ngữ			Anomaly exists, if you have any questions, please contact the official customer service
lang_multi_text.db	ErrorCode_500055_Text	3.4	Hội thoại/Cốt truyện	Hệ thống/Thuật ngữ			Anomaly exists, if you have any questions, please contact the official customer service
lang_multi_text.db	ErrorCode_500056_Text	3.4	Hội thoại/Cốt truyện	Hệ thống/Thuật ngữ			Anomaly exists, if you have any questions, please contact the official customer service
lang_multi_text.db	ErrorCode_500057_Text	3.4	Hội thoại/Cốt truyện	Hệ thống/Thuật ngữ			Anomaly exists, if you have any questions, please contact the official customer service
lang_multi_text.db	ErrorCode_500058_Text	3.4	Hội thoại/Cốt truyện	Hệ thống/Thuật ngữ			Currently in a closed questline. Cannot enable Focus Mode for another quest.
lang_multi_text.db	ErrorCode_500059_Text	3.4	Hội thoại/Cốt truyện	Hệ thống/Thuật ngữ			Anomaly exists, if you have any questions, please contact the official customer service
lang_multi_text.db	ErrorCode_500064_Text	3.4	Hội thoại/Cốt truyện	Hệ thống/Thuật ngữ			Cannot switch gender in a questline.
lang_multi_text.db	ErrorCode_50_Text	3.4	Hội thoại/Cốt truyện	Hệ thống/Thuật ngữ			There is no corresponding user information, please try again.
lang_multi_text.db	ErrorCode_51_Text	3.4	Hội thoại/Cốt truyện	Hệ thống/Thuật ngữ			User information query failed, please try again.
lang_multi_text.db	ErrorCode_52_Text	3.4	Hội thoại/Cốt truyện	Hệ thống/Thuật ngữ			Zone selection failed, please try another zone.
lang_multi_text.db	ErrorCode_53_Text	3.4	Hội thoại/Cốt truyện	Hệ thống/Thuật ngữ			Server exception, please try again later.
lang_multi_text.db	ErrorCode_54_Text	3.4	Hội thoại/Cốt truyện	Hệ thống/Thuật ngữ			Network error. Please try again later.
lang_multi_text.db	ErrorCode_55_Text	3.4	Hội thoại/Cốt truyện	Hệ thống/Thuật ngữ			Network error. Please try again later.
lang_multi_text.db	ErrorCode_56_Text	3.4	Hội thoại/Cốt truyện	Hệ thống/Thuật ngữ			Network error. Please try again later.
lang_multi_text.db	ErrorCode_57_Text	3.4	Hội thoại/Cốt truyện	Hệ thống/Thuật ngữ			Request too frequent. Please try again later.
lang_multi_text.db	ErrorCode_58_Text	3.4	Hội thoại/Cốt truyện	Hệ thống/Thuật ngữ			Network error. Please try again later.
lang_multi_text.db	ErrorCode_59_Text	3.4	Hội thoại/Cốt truyện	Hệ thống/Thuật ngữ			Network error. Please try again later.
lang_multi_text.db	ErrorCode_5_Text	3.4	Hội thoại/Cốt truyện	Hệ thống/Thuật ngữ			Max capacity reached in current server. Please try again later.
lang_multi_text.db	ErrorCode_600000_Text	3.4	Hội thoại/Cốt truyện	Hệ thống/Thuật ngữ			An exception occurred. Please contact customer support for help.
lang_multi_text.db	ErrorCode_600001_Text	3.4	Hội thoại/Cốt truyện	Hệ thống/Thuật ngữ			An exception occurred. Please contact customer support for help.
lang_multi_text.db	ErrorCode_600002_Text	3.4	Hội thoại/Cốt truyện	Hệ thống/Thuật ngữ			Resonator not activated
lang_multi_text.db	ErrorCode_600003_Text	3.4	Hội thoại/Cốt truyện	Hệ thống/Thuật ngữ			An exception occurred. Please contact customer support for help.
lang_multi_text.db	ErrorCode_600004_Text	3.4	Hội thoại/Cốt truyện	Hệ thống/Thuật ngữ			An exception occurred. Please contact customer support for help.
lang_multi_text.db	ErrorCode_600005_Text	3.4	Hội thoại/Cốt truyện	Hệ thống/Thuật ngữ			An exception occurred. Please contact customer support for help.
lang_multi_text.db	ErrorCode_600006_Text	3.4	Hội thoại/Cốt truyện	Hệ thống/Thuật ngữ			An exception occurred. Please contact customer support for help.
lang_multi_text.db	ErrorCode_600007_Text	3.4	Hội thoại/Cốt truyện	Hệ thống/Thuật ngữ			An exception occurred. Please contact customer support for help.
lang_multi_text.db	ErrorCode_600008_Text	3.4	Hội thoại/Cốt truyện	Hệ thống/Thuật ngữ			An exception occurred. Please contact customer support for help.
lang_multi_text.db	ErrorCode_600009_Text	3.4	Hội thoại/Cốt truyện	Hệ thống/Thuật ngữ			An exception occurred. Please contact customer support for help.
lang_multi_text.db	ErrorCode_600010_Text	3.4	Hội thoại/Cốt truyện	Hệ thống/Thuật ngữ			An exception occurred. Please contact customer support for help.
lang_multi_text.db	ErrorCode_600011_Text	3.4	Hội thoại/Cốt truyện	Hệ thống/Thuật ngữ			An exception occurred. Please contact customer support for help.
lang_multi_text.db	ErrorCode_600012_Text	3.4	Hội thoại/Cốt truyện	Hệ thống/Thuật ngữ			An exception occurred. Please contact customer support for help.
lang_multi_text.db	ErrorCode_600013_Text	3.4	Hội thoại/Cốt truyện	Hệ thống/Thuật ngữ			An exception occurred. Please contact customer support for help.
lang_multi_text.db	ErrorCode_600014_Text	3.4	Hội thoại/Cốt truyện	Hệ thống/Thuật ngữ			An exception occurred. Please contact customer support for help.
lang_multi_text.db	ErrorCode_600015_Text	3.4	Hội thoại/Cốt truyện	Hệ thống/Thuật ngữ			An exception occurred. Please contact customer support for help.
lang_multi_text.db	ErrorCode_600016_Text	3.4	Hội thoại/Cốt truyện	Hệ thống/Thuật ngữ			An exception occurred. Please contact customer support for help.
lang_multi_text.db	ErrorCode_600017_Text	3.4	Hội thoại/Cốt truyện	Hệ thống/Thuật ngữ			An exception occurred. Please contact customer support for help.
lang_multi_text.db	ErrorCode_600018_Text	3.4	Hội thoại/Cốt truyện	Hệ thống/Thuật ngữ			An exception occurred. Please contact customer support for help.
lang_multi_text.db	ErrorCode_600019_Text	3.4	Hội thoại/Cốt truyện	Hệ thống/Thuật ngữ			An exception occurred. Please contact customer support for help.
lang_multi_text.db	ErrorCode_600020_Text	3.4	Hội thoại/Cốt truyện	Hệ thống/Thuật ngữ			An exception occurred. Please contact customer support for help.
lang_multi_text.db	ErrorCode_600021_Text	3.4	Hội thoại/Cốt truyện	Hệ thống/Thuật ngữ			An exception occurred. Please contact customer support for help.
lang_multi_text.db	ErrorCode_600022_Text	3.4	Hội thoại/Cốt truyện	Hệ thống/Thuật ngữ			An exception occurred. Please contact customer support for help.
lang_multi_text.db	ErrorCode_600023_Text	3.4	Hội thoại/Cốt truyện	Hệ thống/Thuật ngữ			An exception occurred. Please contact customer support for help.
lang_multi_text.db	ErrorCode_600024_Text	3.4	Hội thoại/Cốt truyện	Hệ thống/Thuật ngữ			An exception occurred. Please contact customer support for help.
lang_multi_text.db	ErrorCode_600025_Text	3.4	Hội thoại/Cốt truyện	Hệ thống/Thuật ngữ			An exception occurred. Please contact customer support for help.
lang_multi_text.db	ErrorCode_600026_Text	3.4	Hội thoại/Cốt truyện	Hệ thống/Thuật ngữ			An exception occurred. Please contact customer support for help.
lang_multi_text.db	ErrorCode_600027_Text	3.4	Hội thoại/Cốt truyện	Hệ thống/Thuật ngữ			An exception occurred. Please contact customer support for help.
lang_multi_text.db	ErrorCode_600028_Text	3.4	Hội thoại/Cốt truyện	Hệ thống/Thuật ngữ			An exception occurred. Please contact customer support for help.
lang_multi_text.db	ErrorCode_600029_Text	3.4	Hội thoại/Cốt truyện	Hệ thống/Thuật ngữ			An exception occurred. Please contact customer support for help.
lang_multi_text.db	ErrorCode_600030_Text	3.4	Hội thoại/Cốt truyện	Hệ thống/Thuật ngữ			An exception occurred. Please contact customer support for help.
lang_multi_text.db	ErrorCode_600031_Text	3.4	Hội thoại/Cốt truyện	Hệ thống/Thuật ngữ			An exception occurred. Please contact customer support for help.
lang_multi_text.db	ErrorCode_600032_Text	3.4	Hội thoại/Cốt truyện	Hệ thống/Thuật ngữ			An exception occurred. Please contact customer support for help.
lang_multi_text.db	ErrorCode_600033_Text	3.4	Hội thoại/Cốt truyện	Hệ thống/Thuật ngữ			Not a collectable entity
lang_multi_text.db	ErrorCode_600034_Text	3.4	Hội thoại/Cốt truyện	Hệ thống/Thuật ngữ			Not a collectable entity
lang_multi_text.db	ErrorCode_600035_Text	3.4	Hội thoại/Cốt truyện	Hệ thống/Thuật ngữ			No running gameplay found
lang_multi_text.db	ErrorCode_600036_Text	3.4	Hội thoại/Cốt truyện	Hệ thống/Thuật ngữ			No interactive entity found
lang_multi_text.db	ErrorCode_600037_Text	3.4	Hội thoại/Cốt truyện	Hệ thống/Thuật ngữ			Entity ConfigId cannot find gameplay Id
lang_multi_text.db	ErrorCode_600038_Text	3.4	Hội thoại/Cốt truyện	Hệ thống/Thuật ngữ			Gameplay not created
lang_multi_text.db	ErrorCode_600039_Text	3.4	Hội thoại/Cốt truyện	Hệ thống/Thuật ngữ			Gameplay rewards already claimed
lang_multi_text.db	ErrorCode_600040_Text	3.4	Hội thoại/Cốt truyện	Hệ thống/Thuật ngữ			Gameplay is not interactive
lang_multi_text.db	ErrorCode_600041_Text	3.4	Hội thoại/Cốt truyện	Hệ thống/Thuật ngữ			Gameplay cannot find player
lang_multi_text.db	ErrorCode_600042_Text	3.4	Hội thoại/Cốt truyện	Hệ thống/Thuật ngữ			Not complete yet
lang_multi_text.db	ErrorCode_600043_Text	3.4	Hội thoại/Cốt truyện	Hệ thống/Thuật ngữ			Failed to redeem gameplay rewards
lang_multi_text.db	ErrorCode_600044_Text	3.4	Hội thoại/Cốt truyện	Hệ thống/Thuật ngữ			Gameplay not waiting
lang_multi_text.db	ErrorCode_600045_Text	3.4	Hội thoại/Cốt truyện	Hệ thống/Thuật ngữ			Gameplay behavior parameter conversion error
lang_multi_text.db	ErrorCode_600046_Text	3.4	Hội thoại/Cốt truyện	Hệ thống/Thuật ngữ			The number of rewards obtained from this enemy has reached the weekly upper limit
lang_multi_text.db	ErrorCode_600047_Text	3.4	Hội thoại/Cốt truyện	Hệ thống/Thuật ngữ			The story does not exist
lang_multi_text.db	ErrorCode_600048_Text	3.4	Hội thoại/Cốt truyện	Hệ thống/Thuật ngữ			No behavior
lang_multi_text.db	ErrorCode_600049_Text	3.4	Hội thoại/Cốt truyện	Hệ thống/Thuật ngữ			No dialogue
lang_multi_text.db	ErrorCode_600050_Text	3.4	Hội thoại/Cốt truyện	Hệ thống/Thuật ngữ			No option
lang_multi_text.db	ErrorCode_600051_Text	3.4	Hội thoại/Cốt truyện	Hệ thống/Thuật ngữ			Wrong option
lang_multi_text.db	ErrorCode_600052_Text	3.4	Hội thoại/Cốt truyện	Hệ thống/Thuật ngữ			An exception occurred. Please contact customer support for help.
lang_multi_text.db	ErrorCode_600053_Text	3.4	Hội thoại/Cốt truyện	Hệ thống/Thuật ngữ			An exception occurred. Please contact customer support for help.
lang_multi_text.db	ErrorCode_600054_Text	3.4	Hội thoại/Cốt truyện	Hệ thống/Thuật ngữ			An exception occurred. Please contact customer support for help.
lang_multi_text.db	ErrorCode_600055_Text	3.4	Hội thoại/Cốt truyện	Hệ thống/Thuật ngữ			An exception occurred. Please contact customer support for help.
lang_multi_text.db	ErrorCode_600056_Text	3.4	Hội thoại/Cốt truyện	Hệ thống/Thuật ngữ			An exception occurred. Please contact customer support for help.
lang_multi_text.db	ErrorCode_600057_Text	3.4	Hội thoại/Cốt truyện	Hệ thống/Thuật ngữ			An exception occurred. Please contact customer support for help.
lang_multi_text.db	ErrorCode_600058_Text	3.4	Hội thoại/Cốt truyện	Hệ thống/Thuật ngữ			An exception occurred. Please contact customer support for help.
lang_multi_text.db	ErrorCode_600059_Text	3.4	Hội thoại/Cốt truyện	Hệ thống/Thuật ngữ			An exception occurred. Please contact customer support for help.
lang_multi_text.db	ErrorCode_600060_Text	3.4	Hội thoại/Cốt truyện	Hệ thống/Thuật ngữ			An exception occurred. Please contact customer support for help.
lang_multi_text.db	ErrorCode_600061_Text	3.4	Hội thoại/Cốt truyện	Hệ thống/Thuật ngữ			An exception occurred. Please contact customer support for help.
lang_multi_text.db	ErrorCode_600062_Text	3.4	Hội thoại/Cốt truyện	Hệ thống/Thuật ngữ			An exception occurred. Please contact customer support for help.
lang_multi_text.db	ErrorCode_600063_Text	3.4	Hội thoại/Cốt truyện	Hệ thống/Thuật ngữ			An exception occurred. Please contact customer support for help.
lang_multi_text.db	ErrorCode_600064_Text	3.4	Hội thoại/Cốt truyện	Hệ thống/Thuật ngữ			Unable to interact in Co-Op Mode
lang_multi_text.db	ErrorCode_600065_Text	3.4	Hội thoại/Cốt truyện	Hệ thống/Thuật ngữ			An exception occurred. Please contact customer support for help.
lang_multi_text.db	ErrorCode_600066_Text	3.4	Hội thoại/Cốt truyện	Hệ thống/Thuật ngữ			An exception occurred. Please contact customer support for help.
lang_multi_text.db	ErrorCode_600067_Text	3.4	Hội thoại/Cốt truyện	Hệ thống/Thuật ngữ			An exception occurred. Please contact customer support for help.
lang_multi_text.db	ErrorCode_600068_Text	3.4	Hội thoại/Cốt truyện	Hệ thống/Thuật ngữ			An exception occurred. Please contact customer support for help.
lang_multi_text.db	ErrorCode_600069_Text	3.4	Hội thoại/Cốt truyện	Hệ thống/Thuật ngữ			An exception occurred. Please contact customer support for help.
lang_multi_text.db	ErrorCode_600070_Text	3.4	Hội thoại/Cốt truyện	Hệ thống/Thuật ngữ			An exception occurred. Please contact customer support for help.
lang_multi_text.db	ErrorCode_600071_Text	3.4	Hội thoại/Cốt truyện	Hệ thống/Thuật ngữ			An exception occurred. Please contact customer support for help.
lang_multi_text.db	ErrorCode_600072_Text	3.4	Hội thoại/Cốt truyện	Hệ thống/Thuật ngữ			An exception occurred. Please contact customer support for help.
lang_multi_text.db	ErrorCode_600073_Text	3.4	Hội thoại/Cốt truyện	Hệ thống/Thuật ngữ			An exception occurred. Please contact customer support for help.
lang_multi_text.db	ErrorCode_600074_Text	3.4	Hội thoại/Cốt truyện	Hệ thống/Thuật ngữ			An exception occurred. Please contact customer support for help.
lang_multi_text.db	ErrorCode_600075_Text	3.4	Hội thoại/Cốt truyện	Hệ thống/Thuật ngữ			Anomaly exists, if you have any questions, please contact the official customer service
lang_multi_text.db	ErrorCode_600076_Text	3.4	Hội thoại/Cốt truyện	Hệ thống/Thuật ngữ			Anomaly exists, if you have any questions, please contact the official customer service
lang_multi_text.db	ErrorCode_600077_Text	3.4	Hội thoại/Cốt truyện	Hệ thống/Thuật ngữ			Anomaly exists, if you have any questions, please contact the official customer service
lang_multi_text.db	ErrorCode_600078_Text	3.4	Hội thoại/Cốt truyện	Hệ thống/Thuật ngữ			Anomaly exists, if you have any questions, please contact the official customer service
lang_multi_text.db	ErrorCode_600079_Text	3.4	Hội thoại/Cốt truyện	Hệ thống/Thuật ngữ			Anomaly exists, if you have any questions, please contact the official customer service
lang_multi_text.db	ErrorCode_600080_Text	3.4	Hội thoại/Cốt truyện	Hệ thống/Thuật ngữ			Anomaly exists, if you have any questions, please contact the official customer service
lang_multi_text.db	ErrorCode_600081_Text	3.4	Hội thoại/Cốt truyện	Hệ thống/Thuật ngữ			No space left in Backpack. Please free up some space and try again.
lang_multi_text.db	ErrorCode_600082_Text	3.4	Hội thoại/Cốt truyện	Hệ thống/Thuật ngữ			Anomaly exists, if you have any questions, please contact the official customer service
lang_multi_text.db	ErrorCode_600083_Text	3.4	Hội thoại/Cốt truyện	Hệ thống/Thuật ngữ			Anomaly exists, if you have any questions, please contact the official customer service
lang_multi_text.db	ErrorCode_600084_Text	3.4	Hội thoại/Cốt truyện	Hệ thống/Thuật ngữ			Anomaly exists, if you have any questions, please contact the official customer service
lang_multi_text.db	ErrorCode_600085_Text	3.4	Hội thoại/Cốt truyện	Hệ thống/Thuật ngữ			Anomaly exists, if you have any questions, please contact the official customer service
lang_multi_text.db	ErrorCode_600086_Text	3.4	Hội thoại/Cốt truyện	Hệ thống/Thuật ngữ			Anomaly exists, if you have any questions, please contact the official customer service
lang_multi_text.db	ErrorCode_600087_Text	3.4	Hội thoại/Cốt truyện	Hệ thống/Thuật ngữ			Anomaly exists, if you have any questions, please contact the official customer service
lang_multi_text.db	ErrorCode_600088_Text	3.4	Hội thoại/Cốt truyện	Hệ thống/Thuật ngữ			Anomaly exists, if you have any questions, please contact the official customer service
lang_multi_text.db	ErrorCode_600089_Text	3.4	Hội thoại/Cốt truyện	Hệ thống/Thuật ngữ			Anomaly exists, if you have any questions, please contact the official customer service
lang_multi_text.db	ErrorCode_600090_Text	3.4	Hội thoại/Cốt truyện	Hệ thống/Thuật ngữ			Anomaly exists, if you have any questions, please contact the official customer service
lang_multi_text.db	ErrorCode_600091_Text	3.4	Hội thoại/Cốt truyện	Hệ thống/Thuật ngữ			You cannot claim more drops. Maximum attempts reached.
lang_multi_text.db	ErrorCode_600092_Text	3.4	Hội thoại/Cốt truyện	Hệ thống/Thuật ngữ			Anomalies exist, please contact official customer service if you have any questions.
lang_multi_text.db	ErrorCode_600096_Text	3.4	Hội thoại/Cốt truyện	Hệ thống/Thuật ngữ			You cannot interact with downed Resonators
lang_multi_text.db	ErrorCode_600117_Text	3.4	Hội thoại/Cốt truyện	Hệ thống/Thuật ngữ			Event data not found
lang_multi_text.db	ErrorCode_600118_Text	3.4	Hội thoại/Cốt truyện	Hệ thống/Thuật ngữ			Quest Reward request limit exceeded
lang_multi_text.db	ErrorCode_600119_Text	3.4	Hội thoại/Cốt truyện	Hệ thống/Thuật ngữ			Quest configuration not found
lang_multi_text.db	ErrorCode_600120_Text	3.4	Hội thoại/Cốt truyện	Hệ thống/Thuật ngữ			Quest incomplete
lang_multi_text.db	ErrorCode_600121_Text	3.4	Hội thoại/Cốt truyện	Hệ thống/Thuật ngữ			You've already claimed the task rewards
lang_multi_text.db	ErrorCode_600122_Text	3.4	Hội thoại/Cốt truyện	Hệ thống/Thuật ngữ			Game configuration not found
lang_multi_text.db	ErrorCode_600123_Text	3.4	Hội thoại/Cốt truyện	Hệ thống/Thuật ngữ			Pad rewards not claimed
lang_multi_text.db	ErrorCode_600124_Text	3.4	Hội thoại/Cốt truyện	Hệ thống/Thuật ngữ			No available dice items
lang_multi_text.db	ErrorCode_600125_Text	3.4	Hội thoại/Cốt truyện	Hệ thống/Thuật ngữ			No available pad rewards
lang_multi_text.db	ErrorCode_600126_Text	3.4	Hội thoại/Cốt truyện	Hệ thống/Thuật ngữ			Pad configuration not found
lang_multi_text.db	ErrorCode_600127_Text	3.4	Hội thoại/Cốt truyện	Hệ thống/Thuật ngữ			Game Reward request limit exceeded
lang_multi_text.db	ErrorCode_600128_Text	3.4	Hội thoại/Cốt truyện	Hệ thống/Thuật ngữ			Game not yet completed
lang_multi_text.db	ErrorCode_600129_Text	3.4	Hội thoại/Cốt truyện	Hệ thống/Thuật ngữ			Game reward already claimed
lang_multi_text.db	ErrorCode_600130_Text	3.4	Hội thoại/Cốt truyện	Hệ thống/Thuật ngữ			Event data not found
lang_multi_text.db	ErrorCode_600131_Text	3.4	Hội thoại/Cốt truyện	Hệ thống/Thuật ngữ			Game locked
lang_multi_text.db	ErrorCode_600133_Text	3.4	Hội thoại/Cốt truyện	Hệ thống/Thuật ngữ			Dice number error
lang_multi_text.db	ErrorCode_600134_Text	3.4	Hội thoại/Cốt truyện	Hệ thống/Thuật ngữ			Game complete
lang_multi_text.db	ErrorCode_600143_Text	3.4	Hội thoại/Cốt truyện	Hệ thống/Thuật ngữ			{0} behavior group is being created too frequently
lang_multi_text.db	ErrorCode_600144_Text	3.4	Hội thoại/Cốt truyện	Hệ thống/Thuật ngữ			Excess {0} behavior group
lang_multi_text.db	ErrorCode_600145_Text	3.4	Hội thoại/Cốt truyện	Hệ thống/Thuật ngữ			In the trial dungeon, not all trials can be deleted\nTo change your team, add a temporary team to overwrite the current one. No need to delete.
lang_multi_text.db	ErrorCode_600147_Text	3.4	Hội thoại/Cốt truyện	Hệ thống/Thuật ngữ			Trial character recovery can only be used in trial areas
lang_multi_text.db	ErrorCode_600148_Text	3.4	Hội thoại/Cốt truyện	Hệ thống/Thuật ngữ			Trial character does not exist
lang_multi_text.db	ErrorCode_600150_Text	3.4	Hội thoại/Cốt truyện	Hệ thống/Thuật ngữ			Trial Resonator slot cannot be blank after pure trial dungeon savepoint {0} ends
lang_multi_text.db	ErrorCode_60_Text	3.4	Hội thoại/Cốt truyện	Hệ thống/Thuật ngữ			Network error. Please try again later.
lang_multi_text.db	ErrorCode_61_Text	3.4	Hội thoại/Cốt truyện	Hệ thống/Thuật ngữ			Character is not in the corresponding scene.
lang_multi_text.db	ErrorCode_62_Text	3.4	Hội thoại/Cốt truyện	Hệ thống/Thuật ngữ			Network error. Please try again later.
lang_multi_text.db	ErrorCode_63_Text	3.4	Hội thoại/Cốt truyện	Hệ thống/Thuật ngữ			Network error. Please try again later.
lang_multi_text.db	ErrorCode_64_Text	3.4	Hội thoại/Cốt truyện	Hệ thống/Thuật ngữ			The corresponding function is not yet enabled.
lang_multi_text.db	ErrorCode_65_Text	3.4	Hội thoại/Cốt truyện	Hệ thống/Thuật ngữ			Network error. Please try again later.
lang_multi_text.db	ErrorCode_66_Text	3.4	Hội thoại/Cốt truyện	Hệ thống/Thuật ngữ			Network error. Please try again later.
lang_multi_text.db	ErrorCode_67_Text	3.4	Hội thoại/Cốt truyện	Hệ thống/Thuật ngữ			Network error. Please try again later.
lang_multi_text.db	ErrorCode_68_Text	3.4	Hội thoại/Cốt truyện	Hệ thống/Thuật ngữ			Network error. Please try again later.
lang_multi_text.db	ErrorCode_69_Text	3.4	Hội thoại/Cốt truyện	Hệ thống/Thuật ngữ			Network error. Please try again later.
lang_multi_text.db	ErrorCode_6_Text	3.4	Hội thoại/Cốt truyện	Hệ thống/Thuật ngữ			Invalid User ID
lang_multi_text.db	ErrorCode_700000_Text	3.4	Hội thoại/Cốt truyện	Hệ thống/Thuật ngữ			Scene does not exist
lang_multi_text.db	ErrorCode_700001_Text	3.4	Hội thoại/Cốt truyện	Hệ thống/Thuật ngữ			Player is not in the scene
lang_multi_text.db	ErrorCode_700002_Text	3.4	Hội thoại/Cốt truyện	Hệ thống/Thuật ngữ			Drop does not exist
lang_multi_text.db	ErrorCode_700003_Text	3.4	Hội thoại/Cốt truyện	Hệ thống/Thuật ngữ			Drop components do not exist
lang_multi_text.db	ErrorCode_700004_Text	3.4	Hội thoại/Cốt truyện	Hệ thống/Thuật ngữ			Drop ownership error
lang_multi_text.db	ErrorCode_700005_Text	3.4	Hội thoại/Cốt truyện	Hệ thống/Thuật ngữ			Player is in the scene
lang_multi_text.db	ErrorCode_700006_Text	3.4	Hội thoại/Cốt truyện	Hệ thống/Thuật ngữ			Scene id error
lang_multi_text.db	ErrorCode_700007_Text	3.4	Hội thoại/Cốt truyện	Hệ thống/Thuật ngữ			Scene does not exist
lang_multi_text.db	ErrorCode_700008_Text	3.4	Hội thoại/Cốt truyện	Hệ thống/Thuật ngữ			Scene failed to invite
lang_multi_text.db	ErrorCode_700009_Text	3.4	Hội thoại/Cốt truyện	Hệ thống/Thuật ngữ			Invited player does not exist
lang_multi_text.db	ErrorCode_700010_Text	3.4	Hội thoại/Cốt truyện	Hệ thống/Thuật ngữ			Invitation expired
lang_multi_text.db	ErrorCode_700011_Text	3.4	Hội thoại/Cốt truyện	Hệ thống/Thuật ngữ			Inviter does not exist
lang_multi_text.db	ErrorCode_700012_Text	3.4	Hội thoại/Cốt truyện	Hệ thống/Thuật ngữ			Invited player info mismatch
lang_multi_text.db	ErrorCode_700013_Text	3.4	Hội thoại/Cốt truyện	Hệ thống/Thuật ngữ			The team is full
lang_multi_text.db	ErrorCode_700014_Text	3.4	Hội thoại/Cốt truyện	Hệ thống/Thuật ngữ			The player is already in the team
lang_multi_text.db	ErrorCode_700015_Text	3.4	Hội thoại/Cốt truyện	Hệ thống/Thuật ngữ			The player is already in the event. Cannot be invited.
lang_multi_text.db	ErrorCode_700016_Text	3.4	Hội thoại/Cốt truyện	Hệ thống/Thuật ngữ			The removed player is not in the scene
lang_multi_text.db	ErrorCode_700017_Text	3.4	Hội thoại/Cốt truyện	Hệ thống/Thuật ngữ			The Co-op mode error has been fixed.
lang_multi_text.db	ErrorCode_700018_Text	3.4	Hội thoại/Cốt truyện	Hệ thống/Thuật ngữ			You are in a dungeon. Cannot remove players.
lang_multi_text.db	ErrorCode_700019_Text	3.4	Hội thoại/Cốt truyện	Hệ thống/Thuật ngữ			Cannot remove players currently in a dungeon
lang_multi_text.db	ErrorCode_700020_Text	3.4	Hội thoại/Cốt truyện	Hệ thống/Thuật ngữ			No permission to remove
lang_multi_text.db	ErrorCode_700021_Text	3.4	Hội thoại/Cốt truyện	Hệ thống/Thuật ngữ			The inviter is in the other player's scene
lang_multi_text.db	ErrorCode_700022_Text	3.4	Hội thoại/Cốt truyện	Hệ thống/Thuật ngữ			Cannot invite in the other player's world
lang_multi_text.db	ErrorCode_700023_Text	3.4	Hội thoại/Cốt truyện	Hệ thống/Thuật ngữ			Return mark error
lang_multi_text.db	ErrorCode_700024_Text	3.4	Hội thoại/Cốt truyện	Hệ thống/Thuật ngữ			Leaving scene id mismatch
lang_multi_text.db	ErrorCode_700025_Text	3.4	Hội thoại/Cốt truyện	Hệ thống/Thuật ngữ			Pre-battle team setup exists
lang_multi_text.db	ErrorCode_700026_Text	3.4	Hội thoại/Cốt truyện	Hệ thống/Thuật ngữ			Pre-battle team setup does not exist
lang_multi_text.db	ErrorCode_700027_Text	3.4	Hội thoại/Cốt truyện	Hệ thống/Thuật ngữ			Insufficient permission to create a pre-battle team setup
lang_multi_text.db	ErrorCode_700028_Text	3.4	Hội thoại/Cốt truyện	Hệ thống/Thuật ngữ			Insufficient invitation permission of pre-battle team setup
lang_multi_text.db	ErrorCode_700029_Text	3.4	Hội thoại/Cốt truyện	Hệ thống/Thuật ngữ			Pre-battle team setup invited player is not in the scene
lang_multi_text.db	ErrorCode_700030_Text	3.4	Hội thoại/Cốt truyện	Hệ thống/Thuật ngữ			Pre-battle team setup invited player is in the other dungeon
lang_multi_text.db	ErrorCode_700031_Text	3.4	Hội thoại/Cốt truyện	Hệ thống/Thuật ngữ			The player is in the pre-battle team setup
lang_multi_text.db	ErrorCode_700032_Text	3.4	Hội thoại/Cốt truyện	Hệ thống/Thuật ngữ			The player is not in the pre-battle team setup
lang_multi_text.db	ErrorCode_700033_Text	3.4	Hội thoại/Cốt truyện	Hệ thống/Thuật ngữ			Player setting ready state repeated
lang_multi_text.db	ErrorCode_700034_Text	3.4	Hội thoại/Cốt truyện	Hệ thống/Thuật ngữ			The removed player is not in the scene
lang_multi_text.db	ErrorCode_700035_Text	3.4	Hội thoại/Cốt truyện	Hệ thống/Thuật ngữ			Insufficient permission to remove
lang_multi_text.db	ErrorCode_700036_Text	3.4	Hội thoại/Cốt truyện	Hệ thống/Thuật ngữ			You've been sending invitations too frequently
lang_multi_text.db	ErrorCode_700037_Text	3.4	Hội thoại/Cốt truyện	Hệ thống/Thuật ngữ			Dungeon id mismatch
lang_multi_text.db	ErrorCode_700038_Text	3.4	Hội thoại/Cốt truyện	Hệ thống/Thuật ngữ			The team leader cannot leave during team setup
lang_multi_text.db	ErrorCode_700039_Text	3.4	Hội thoại/Cốt truyện	Hệ thống/Thuật ngữ			Cannot edit Team lineup in the Ready state
lang_multi_text.db	ErrorCode_700040_Text	3.4	Hội thoại/Cốt truyện	Hệ thống/Thuật ngữ			At least one team member is not yet ready
lang_multi_text.db	ErrorCode_700041_Text	3.4	Hội thoại/Cốt truyện	Hệ thống/Thuật ngữ			Already in Co-op Mode. Cannot join repeatedly.
lang_multi_text.db	ErrorCode_700042_Text	3.4	Hội thoại/Cốt truyện	Hệ thống/Thuật ngữ			Only the team leader can disband the pre-battle team setup
lang_multi_text.db	ErrorCode_700043_Text	3.4	Hội thoại/Cốt truyện	Hệ thống/Thuật ngữ			Switch Resonator index error
lang_multi_text.db	ErrorCode_700044_Text	3.4	Hội thoại/Cốt truyện	Hệ thống/Thuật ngữ			Cannot switch to other players' Resonators
lang_multi_text.db	ErrorCode_700045_Text	3.4	Hội thoại/Cốt truyện	Hệ thống/Thuật ngữ			Switched Resonator entity does not exist
lang_multi_text.db	ErrorCode_700046_Text	3.4	Hội thoại/Cốt truyện	Hệ thống/Thuật ngữ			This function is not available in this scene
lang_multi_text.db	ErrorCode_700047_Text	3.4	Hội thoại/Cốt truyện	Hệ thống/Thuật ngữ			This item is not available in this scene
lang_multi_text.db	ErrorCode_700048_Text	3.4	Hội thoại/Cốt truyện	Hệ thống/Thuật ngữ			Deployed Resonators repeated
lang_multi_text.db	ErrorCode_700049_Text	3.4	Hội thoại/Cốt truyện	Hệ thống/Thuật ngữ			Shield entity does not exist
lang_multi_text.db	ErrorCode_700050_Text	3.4	Hội thoại/Cốt truyện	Hệ thống/Thuật ngữ			Shield's shield unique Id exists
lang_multi_text.db	ErrorCode_700051_Text	3.4	Hội thoại/Cốt truyện	Hệ thống/Thuật ngữ			Entity that changes the shield value does not exist
lang_multi_text.db	ErrorCode_700052_Text	3.4	Hội thoại/Cốt truyện	Hệ thống/Thuật ngữ			Shield unique Id for changing the shield value does not exist
lang_multi_text.db	ErrorCode_700053_Text	3.4	Hội thoại/Cốt truyện	Hệ thống/Thuật ngữ			Entity that removes the shield does not exist
lang_multi_text.db	ErrorCode_700054_Text	3.4	Hội thoại/Cốt truyện	Hệ thống/Thuật ngữ			Shield unique Id for removing the shield does not exist
lang_multi_text.db	ErrorCode_700055_Text	3.4	Hội thoại/Cốt truyện	Hệ thống/Thuật ngữ			Entity that modifies the Vibration Strength does not exist
lang_multi_text.db	ErrorCode_700056_Text	3.4	Hội thoại/Cốt truyện	Hệ thống/Thuật ngữ			Scene entity does not exist
lang_multi_text.db	ErrorCode_700057_Text	3.4	Hội thoại/Cốt truyện	Hệ thống/Thuật ngữ			Abandoned
lang_multi_text.db	ErrorCode_700058_Text	3.4	Hội thoại/Cốt truyện	Hệ thống/Thuật ngữ			Invalid parts
lang_multi_text.db	ErrorCode_700059_Text	3.4	Hội thoại/Cốt truyện	Hệ thống/Thuật ngữ			Repeated deployment
lang_multi_text.db	ErrorCode_700060_Text	3.4	Hội thoại/Cốt truyện	Hệ thống/Thuật ngữ			Echo skill failed to summon the entity
lang_multi_text.db	ErrorCode_700061_Text	3.4	Hội thoại/Cốt truyện	Hệ thống/Thuật ngữ			Failed to load scene data
lang_multi_text.db	ErrorCode_700062_Text	3.4	Hội thoại/Cốt truyện	Hệ thống/Thuật ngữ			Failed to verify player's creation data
lang_multi_text.db	ErrorCode_700063_Text	3.4	Hội thoại/Cốt truyện	Hệ thống/Thuật ngữ			Creation point exists
lang_multi_text.db	ErrorCode_700064_Text	3.4	Hội thoại/Cốt truyện	Hệ thống/Thuật ngữ			Creation point does not exist
lang_multi_text.db	ErrorCode_700065_Text	3.4	Hội thoại/Cốt truyện	Hệ thống/Thuật ngữ			Creation point permission is obtained by another player
lang_multi_text.db	ErrorCode_700066_Text	3.4	Hội thoại/Cốt truyện	Hệ thống/Thuật ngữ			No permission to create
lang_multi_text.db	ErrorCode_700067_Text	3.4	Hội thoại/Cốt truyện	Hệ thống/Thuật ngữ			Max creation attempts reached
lang_multi_text.db	ErrorCode_700068_Text	3.4	Hội thoại/Cốt truyện	Hệ thống/Thuật ngữ			Creation requirements not met
lang_multi_text.db	ErrorCode_700069_Text	3.4	Hội thoại/Cốt truyện	Hệ thống/Thuật ngữ			Creation refresh rate error
lang_multi_text.db	ErrorCode_700070_Text	3.4	Hội thoại/Cốt truyện	Hệ thống/Thuật ngữ			Creation configuration does not exist
lang_multi_text.db	ErrorCode_700071_Text	3.4	Hội thoại/Cốt truyện	Hệ thống/Thuật ngữ			Creation point cannot create this entity. Please check data.
lang_multi_text.db	ErrorCode_700072_Text	3.4	Hội thoại/Cốt truyện	Hệ thống/Thuật ngữ			The only entity cannot be created twice
lang_multi_text.db	ErrorCode_700073_Text	3.4	Hội thoại/Cốt truyện	Hệ thống/Thuật ngữ			The Resonator doesn't own this Tacet Discord's skill
lang_multi_text.db	ErrorCode_700074_Text	3.4	Hội thoại/Cốt truyện	Hệ thống/Thuật ngữ			Training facility entity does not exist
lang_multi_text.db	ErrorCode_700075_Text	3.4	Hội thoại/Cốt truyện	Hệ thống/Thuật ngữ			Training facility entity configuration does not exist
lang_multi_text.db	ErrorCode_700076_Text	3.4	Hội thoại/Cốt truyện	Hệ thống/Thuật ngữ			Training facility configuration does not exist
lang_multi_text.db	ErrorCode_700077_Text	3.4	Hội thoại/Cốt truyện	Hệ thống/Thuật ngữ			Training facility gameplay configuration does not exist
lang_multi_text.db	ErrorCode_700078_Text	3.4	Hội thoại/Cốt truyện	Hệ thống/Thuật ngữ			Training facility process configuration does not exist
lang_multi_text.db	ErrorCode_700079_Text	3.4	Hội thoại/Cốt truyện	Hệ thống/Thuật ngữ			Training facility EntityCommonTag exists
lang_multi_text.db	ErrorCode_700080_Text	3.4	Hội thoại/Cốt truyện	Hệ thống/Thuật ngữ			Entity function type error
lang_multi_text.db	ErrorCode_700081_Text	3.4	Hội thoại/Cốt truyện	Hệ thống/Thuật ngữ			Training facility failed to accept
lang_multi_text.db	ErrorCode_700082_Text	3.4	Hội thoại/Cốt truyện	Hệ thống/Thuật ngữ			No entry exists for the requested dungeon creation
lang_multi_text.db	ErrorCode_700083_Text	3.4	Hội thoại/Cốt truyện	Hệ thống/Thuật ngữ			No entry configuration exists for the requested dungeon creation
lang_multi_text.db	ErrorCode_700084_Text	3.4	Hội thoại/Cốt truyện	Hệ thống/Thuật ngữ			Entry locked for the requested dungeon creation
lang_multi_text.db	ErrorCode_700085_Text	3.4	Hội thoại/Cốt truyện	Hệ thống/Thuật ngữ			Current instance has expired
lang_multi_text.db	ErrorCode_700086_Text	3.4	Hội thoại/Cốt truyện	Hệ thống/Thuật ngữ			Insufficient attempts for the requested dungeon creation
lang_multi_text.db	ErrorCode_700087_Text	3.4	Hội thoại/Cốt truyện	Hệ thống/Thuật ngữ			Requirements not met for the requested dungeon creation
lang_multi_text.db	ErrorCode_700088_Text	3.4	Hội thoại/Cốt truyện	Hệ thống/Thuật ngữ			Entering attempt configuration does not exist for the dungeon
lang_multi_text.db	ErrorCode_700089_Text	3.4	Hội thoại/Cốt truyện	Hệ thống/Thuật ngữ			Entry configuration does not exist for unlocking the dungeon
lang_multi_text.db	ErrorCode_700090_Text	3.4	Hội thoại/Cốt truyện	Hệ thống/Thuật ngữ			No need to unlock the entry for unlocking the dungeon
lang_multi_text.db	ErrorCode_700091_Text	3.4	Hội thoại/Cốt truyện	Hệ thống/Thuật ngữ			The entry is unlocked for unlocking the dungeon
lang_multi_text.db	ErrorCode_700092_Text	3.4	Hội thoại/Cốt truyện	Hệ thống/Thuật ngữ			Entry requirements not met for unlocking the dungeon
lang_multi_text.db	ErrorCode_700093_Text	3.4	Hội thoại/Cốt truyện	Hệ thống/Thuật ngữ			The requested access to gameplay configuration does not exist
lang_multi_text.db	ErrorCode_700094_Text	3.4	Hội thoại/Cốt truyện	Hệ thống/Thuật ngữ			The requested access to gameplay is accepted
lang_multi_text.db	ErrorCode_700095_Text	3.4	Hội thoại/Cốt truyện	Hệ thống/Thuật ngữ			The requested access to gameplay failed
lang_multi_text.db	ErrorCode_700096_Text	3.4	Hội thoại/Cốt truyện	Hệ thống/Thuật ngữ			Failed to create story characters
lang_multi_text.db	ErrorCode_700097_Text	3.4	Hội thoại/Cốt truyện	Hệ thống/Thuật ngữ			Repeated story character creation
lang_multi_text.db	ErrorCode_700098_Text	3.4	Hội thoại/Cốt truyện	Hệ thống/Thuật ngữ			Story character does not exist
lang_multi_text.db	ErrorCode_700099_Text	3.4	Hội thoại/Cốt truyện	Hệ thống/Thuật ngữ			Test facility entity does not exist
lang_multi_text.db	ErrorCode_700100_Text	3.4	Hội thoại/Cốt truyện	Hệ thống/Thuật ngữ			Not test facility entity
lang_multi_text.db	ErrorCode_700101_Text	3.4	Hội thoại/Cốt truyện	Hệ thống/Thuật ngữ			Test facility configuration does not exist
lang_multi_text.db	ErrorCode_700102_Text	3.4	Hội thoại/Cốt truyện	Hệ thống/Thuật ngữ			Requirements not met to activate test facility
lang_multi_text.db	ErrorCode_700103_Text	3.4	Hội thoại/Cốt truyện	Hệ thống/Thuật ngữ			Requirements not met to cancel test facility
lang_multi_text.db	ErrorCode_700104_Text	3.4	Hội thoại/Cốt truyện	Hệ thống/Thuật ngữ			Training facilities do not exist
lang_multi_text.db	ErrorCode_700105_Text	3.4	Hội thoại/Cốt truyện	Hệ thống/Thuật ngữ			Training facilities configuration does not exist
lang_multi_text.db	ErrorCode_700106_Text	3.4	Hội thoại/Cốt truyện	Hệ thống/Thuật ngữ			Training facility entity does not exist
lang_multi_text.db	ErrorCode_700107_Text	3.4	Hội thoại/Cốt truyện	Hệ thống/Thuật ngữ			Training facility configuration does not exist
lang_multi_text.db	ErrorCode_700108_Text	3.4	Hội thoại/Cốt truyện	Hệ thống/Thuật ngữ			Training targets unlock type is not strike-to-unlock
lang_multi_text.db	ErrorCode_700109_Text	3.4	Hội thoại/Cốt truyện	Hệ thống/Thuật ngữ			Training targets unlock type is not activate-to-unlock
lang_multi_text.db	ErrorCode_700110_Text	3.4	Hội thoại/Cốt truyện	Hệ thống/Thuật ngữ			Training targets unlocked
lang_multi_text.db	ErrorCode_700111_Text	3.4	Hội thoại/Cốt truyện	Hệ thống/Thuật ngữ			Training targets completed
lang_multi_text.db	ErrorCode_700112_Text	3.4	Hội thoại/Cốt truyện	Hệ thống/Thuật ngữ			Targets are in a non-interactive state
lang_multi_text.db	ErrorCode_700113_Text	3.4	Hội thoại/Cốt truyện	Hệ thống/Thuật ngữ			Training targets entities not fully initialized
lang_multi_text.db	ErrorCode_700114_Text	3.4	Hội thoại/Cốt truyện	Hệ thống/Thuật ngữ			Mutterfly entity does not exist
lang_multi_text.db	ErrorCode_700115_Text	3.4	Hội thoại/Cốt truyện	Hệ thống/Thuật ngữ			Mutterfly configuration does not exist
lang_multi_text.db	ErrorCode_700116_Text	3.4	Hội thoại/Cốt truyện	Hệ thống/Thuật ngữ			Mutterfly entity is not Mutterfly type
lang_multi_text.db	ErrorCode_700117_Text	3.4	Hội thoại/Cốt truyện	Hệ thống/Thuật ngữ			Mutterfly base activated
lang_multi_text.db	ErrorCode_700118_Text	3.4	Hội thoại/Cốt truyện	Hệ thống/Thuật ngữ			Mutterfly base does not exist
lang_multi_text.db	ErrorCode_700119_Text	3.4	Hội thoại/Cốt truyện	Hệ thống/Thuật ngữ			Failed to absorb
lang_multi_text.db	ErrorCode_700120_Text	3.4	Hội thoại/Cốt truyện	Hệ thống/Thuật ngữ			An exception occurred. Please contact customer support for help.
lang_multi_text.db	ErrorCode_700121_Text	3.4	Hội thoại/Cốt truyện	Hệ thống/Thuật ngữ			Cast entity does not exist
lang_multi_text.db	ErrorCode_700122_Text	3.4	Hội thoại/Cốt truyện	Hệ thống/Thuật ngữ			Cast calculation Id does not exist
lang_multi_text.db	ErrorCode_700123_Text	3.4	Hội thoại/Cốt truyện	Hệ thống/Thuật ngữ			Cast configuration Id does not exist
lang_multi_text.db	ErrorCode_700124_Text	3.4	Hội thoại/Cốt truyện	Hệ thống/Thuật ngữ			Cast current character configuration does not exist
lang_multi_text.db	ErrorCode_700125_Text	3.4	Hội thoại/Cốt truyện	Hệ thống/Thuật ngữ			Cast damage calculation type does not exist
lang_multi_text.db	ErrorCode_700126_Text	3.4	Hội thoại/Cốt truyện	Hệ thống/Thuật ngữ			Dungeon id does not exist
lang_multi_text.db	ErrorCode_700127_Text	3.4	Hội thoại/Cốt truyện	Hệ thống/Thuật ngữ			Levitation entity does not exist
lang_multi_text.db	ErrorCode_700128_Text	3.4	Hội thoại/Cốt truyện	Hệ thống/Thuật ngữ			Levitation configuration does not exist
lang_multi_text.db	ErrorCode_700129_Text	3.4	Hội thoại/Cốt truyện	Hệ thống/Thuật ngữ			Levitation group configuration does not exist
lang_multi_text.db	ErrorCode_700130_Text	3.4	Hội thoại/Cốt truyện	Hệ thống/Thuật ngữ			Levitation locked
lang_multi_text.db	ErrorCode_700131_Text	3.4	Hội thoại/Cốt truyện	Hệ thống/Thuật ngữ			Levitation group locked
lang_multi_text.db	ErrorCode_700132_Text	3.4	Hội thoại/Cốt truyện	Hệ thống/Thuật ngữ			Levitated item cannot be placed at this location
lang_multi_text.db	ErrorCode_700133_Text	3.4	Hội thoại/Cốt truyện	Hệ thống/Thuật ngữ			Target location is unavailable
lang_multi_text.db	ErrorCode_700134_Text	3.4	Hội thoại/Cốt truyện	Hệ thống/Thuật ngữ			Levitation applied
lang_multi_text.db	ErrorCode_700135_Text	3.4	Hội thoại/Cốt truyện	Hệ thống/Thuật ngữ			Levitation not applied
lang_multi_text.db	ErrorCode_700136_Text	3.4	Hội thoại/Cốt truyện	Hệ thống/Thuật ngữ			The item is levitated by the other player
lang_multi_text.db	ErrorCode_700137_Text	3.4	Hội thoại/Cốt truyện	Hệ thống/Thuật ngữ			Invalid entity coordinates
lang_multi_text.db	ErrorCode_700138_Text	3.4	Hội thoại/Cốt truyện	Hệ thống/Thuật ngữ			Not Supplies
lang_multi_text.db	ErrorCode_700139_Text	3.4	Hội thoại/Cốt truyện	Hệ thống/Thuật ngữ			Supply data not initialized
lang_multi_text.db	ErrorCode_700140_Text	3.4	Hội thoại/Cốt truyện	Hệ thống/Thuật ngữ			Supplies not configured
lang_multi_text.db	ErrorCode_700141_Text	3.4	Hội thoại/Cốt truyện	Hệ thống/Thuật ngữ			Supplies claimed
lang_multi_text.db	ErrorCode_700142_Text	3.4	Hội thoại/Cốt truyện	Hệ thống/Thuật ngữ			Supply is not interactive
lang_multi_text.db	ErrorCode_700143_Text	3.4	Hội thoại/Cốt truyện	Hệ thống/Thuật ngữ			Supply drop id does not exist
lang_multi_text.db	ErrorCode_700144_Text	3.4	Hội thoại/Cốt truyện	Hệ thống/Thuật ngữ			Supplies failed to drop
lang_multi_text.db	ErrorCode_700145_Text	3.4	Hội thoại/Cốt truyện	Hệ thống/Thuật ngữ			Supply entity does not exist
lang_multi_text.db	ErrorCode_700146_Text	3.4	Hội thoại/Cốt truyện	Hệ thống/Thuật ngữ			Invalid Supply tag
lang_multi_text.db	ErrorCode_700147_Text	3.4	Hội thoại/Cốt truyện	Hệ thống/Thuật ngữ			Supplies already have this tag
lang_multi_text.db	ErrorCode_700148_Text	3.4	Hội thoại/Cốt truyện	Hệ thống/Thuật ngữ			Missing Supply tags
lang_multi_text.db	ErrorCode_700149_Text	3.4	Hội thoại/Cốt truyện	Hệ thống/Thuật ngữ			Stealth disabled
lang_multi_text.db	ErrorCode_700150_Text	3.4	Hội thoại/Cốt truyện	Hệ thống/Thuật ngữ			Stealth reset complete
lang_multi_text.db	ErrorCode_700151_Text	3.4	Hội thoại/Cốt truyện	Hệ thống/Thuật ngữ			Damage calculation failed, currently under client control
lang_multi_text.db	ErrorCode_700152_Text	3.4	Hội thoại/Cốt truyện	Hệ thống/Thuật ngữ			Failed to save terrain data
lang_multi_text.db	ErrorCode_700153_Text	3.4	Hội thoại/Cốt truyện	Hệ thống/Thuật ngữ			Currently not in dungeon
lang_multi_text.db	ErrorCode_700154_Text	3.4	Hội thoại/Cốt truyện	Hệ thống/Thuật ngữ			Invalid command, cannot create Solaris dungeon
lang_multi_text.db	ErrorCode_700155_Text	3.4	Hội thoại/Cốt truyện	Hệ thống/Thuật ngữ			Invalid command, player inside dungeon
lang_multi_text.db	ErrorCode_700156_Text	3.4	Hội thoại/Cốt truyện	Hệ thống/Thuật ngữ			Invalid command. Enter Single-player instance
lang_multi_text.db	ErrorCode_700157_Text	3.4	Hội thoại/Cốt truyện	Hệ thống/Thuật ngữ			Invalid command, player not found
lang_multi_text.db	ErrorCode_700158_Text	3.4	Hội thoại/Cốt truyện	Hệ thống/Thuật ngữ			Too many Flow interactions with entity
lang_multi_text.db	ErrorCode_700159_Text	3.4	Hội thoại/Cốt truyện	Hệ thống/Thuật ngữ			Verified, coordinate travel enabled
lang_multi_text.db	ErrorCode_700160_Text	3.4	Hội thoại/Cốt truyện	Hệ thống/Thuật ngữ			Failed to verify, coordinate travel restricted
lang_multi_text.db	ErrorCode_700161_Text	3.4	Hội thoại/Cốt truyện	Hệ thống/Thuật ngữ			Failed to verify, no pathfinding data was exported for this map
lang_multi_text.db	ErrorCode_700162_Text	3.4	Hội thoại/Cốt truyện	Hệ thống/Thuật ngữ			User ID does not exist
lang_multi_text.db	ErrorCode_700163_Text	3.4	Hội thoại/Cốt truyện	Hệ thống/Thuật ngữ			ID does not match Solaris category
lang_multi_text.db	ErrorCode_700164_Text	3.4	Hội thoại/Cốt truyện	Hệ thống/Thuật ngữ			Cannot change Solaris while in dungeon
lang_multi_text.db	ErrorCode_700165_Text	3.4	Hội thoại/Cốt truyện	Hệ thống/Thuật ngữ			Already at target Solaris
lang_multi_text.db	ErrorCode_700166_Text	3.4	Hội thoại/Cốt truyện	Hệ thống/Thuật ngữ			Non-Solaris owners cannot claim Supplies
lang_multi_text.db	ErrorCode_700167_Text	3.4	Hội thoại/Cốt truyện	Hệ thống/Thuật ngữ			Duplicate identical Solaris
lang_multi_text.db	ErrorCode_700168_Text	3.4	Hội thoại/Cốt truyện	Hệ thống/Thuật ngữ			Dungeon ID does not exist, please confirm front-end data match
lang_multi_text.db	ErrorCode_700169_Text	3.4	Hội thoại/Cốt truyện	Hệ thống/Thuật ngữ			Invalid action
lang_multi_text.db	ErrorCode_700170_Text	3.4	Hội thoại/Cốt truyện	Hệ thống/Thuật ngữ			Global entity configuration does not exist
lang_multi_text.db	ErrorCode_700171_Text	3.4	Hội thoại/Cốt truyện	Hệ thống/Thuật ngữ			Fixed entity configuration does not exist
lang_multi_text.db	ErrorCode_700172_Text	3.4	Hội thoại/Cốt truyện	Hệ thống/Thuật ngữ			Cannot find fixed entity of landscape
lang_multi_text.db	ErrorCode_700173_Text	3.4	Hội thoại/Cốt truyện	Hệ thống/Thuật ngữ			Cannot find global entity of terrain
lang_multi_text.db	ErrorCode_700174_Text	3.4	Hội thoại/Cốt truyện	Hệ thống/Thuật ngữ			Entity does not have variable components
lang_multi_text.db	ErrorCode_700175_Text	3.4	Hội thoại/Cốt truyện	Hệ thống/Thuật ngữ			Variable names of entity does not exist
lang_multi_text.db	ErrorCode_700176_Text	3.4	Hội thoại/Cốt truyện	Hệ thống/Thuật ngữ			Error entity variable type
lang_multi_text.db	ErrorCode_700177_Text	3.4	Hội thoại/Cốt truyện	Hệ thống/Thuật ngữ			Missing entity configuration
lang_multi_text.db	ErrorCode_700178_Text	3.4	Hội thoại/Cốt truyện	Hệ thống/Thuật ngữ			Entity configuration not set as global type
lang_multi_text.db	ErrorCode_700179_Text	3.4	Hội thoại/Cốt truyện	Hệ thống/Thuật ngữ			Entity configuration not set as fixed type
lang_multi_text.db	ErrorCode_700180_Text	3.4	Hội thoại/Cốt truyện	Hệ thống/Thuật ngữ			Entity configuration not set as character type
lang_multi_text.db	ErrorCode_700181_Text	3.4	Hội thoại/Cốt truyện	Hệ thống/Thuật ngữ			Missing entity location
lang_multi_text.db	ErrorCode_700182_Text	3.4	Hội thoại/Cốt truyện	Hệ thống/Thuật ngữ			Failed to find terrain square
lang_multi_text.db	ErrorCode_700183_Text	3.4	Hội thoại/Cốt truyện	Hệ thống/Thuật ngữ			Entity configuration not set to sleep mode
lang_multi_text.db	ErrorCode_700184_Text	3.4	Hội thoại/Cốt truyện	Hệ thống/Thuật ngữ			Summon configuration does not exist
lang_multi_text.db	ErrorCode_700185_Text	3.4	Hội thoại/Cốt truyện	Hệ thống/Thuật ngữ			Summon error
lang_multi_text.db	ErrorCode_700186_Text	3.4	Hội thoại/Cốt truyện	Hệ thống/Thuật ngữ			Summon error
lang_multi_text.db	ErrorCode_700187_Text	3.4	Hội thoại/Cốt truyện	Hệ thống/Thuật ngữ			Summon error
lang_multi_text.db	ErrorCode_700188_Text	3.4	Hội thoại/Cốt truyện	Hệ thống/Thuật ngữ			Summon error
lang_multi_text.db	ErrorCode_700189_Text	3.4	Hội thoại/Cốt truyện	Hệ thống/Thuật ngữ			Summoner category error
lang_multi_text.db	ErrorCode_700190_Text	3.4	Hội thoại/Cốt truyện	Hệ thống/Thuật ngữ			Entity not in fallen status
lang_multi_text.db	ErrorCode_700191_Text	3.4	Hội thoại/Cốt truyện	Hệ thống/Thuật ngữ			Entity missing attribute components
lang_multi_text.db	ErrorCode_700192_Text	3.4	Hội thoại/Cốt truyện	Hệ thống/Thuật ngữ			Error entity DB data
lang_multi_text.db	ErrorCode_700193_Text	3.4	Hội thoại/Cốt truyện	Hệ thống/Thuật ngữ			Created fixed entity for terrain
lang_multi_text.db	ErrorCode_700194_Text	3.4	Hội thoại/Cốt truyện	Hệ thống/Thuật ngữ			Invalid entity wake-up context
lang_multi_text.db	ErrorCode_700195_Text	3.4	Hội thoại/Cốt truyện	Hệ thống/Thuật ngữ			Missing Trigger components
lang_multi_text.db	ErrorCode_700196_Text	3.4	Hội thoại/Cốt truyện	Hệ thống/Thuật ngữ			Max Trigger component activation reached
lang_multi_text.db	ErrorCode_700197_Text	3.4	Hội thoại/Cốt truyện	Hệ thống/Thuật ngữ			Restricted action
lang_multi_text.db	ErrorCode_700198_Text	3.4	Hội thoại/Cốt truyện	Hệ thống/Thuật ngữ			Restricted action
lang_multi_text.db	ErrorCode_700199_Text	3.4	Hội thoại/Cốt truyện	Hệ thống/Thuật ngữ			Entity has matching attribution
lang_multi_text.db	ErrorCode_700200_Text	3.4	Hội thoại/Cốt truyện	Hệ thống/Thuật ngữ			Entity has conflicting attribution
lang_multi_text.db	ErrorCode_700201_Text	3.4	Hội thoại/Cốt truyện	Hệ thống/Thuật ngữ			Error entity creation
lang_multi_text.db	ErrorCode_700202_Text	3.4	Hội thoại/Cốt truyện	Hệ thống/Thuật ngữ			Missing interaction component
lang_multi_text.db	ErrorCode_700203_Text	3.4	Hội thoại/Cốt truyện	Hệ thống/Thuật ngữ			Error interaction option subscript
lang_multi_text.db	ErrorCode_700204_Text	3.4	Hội thoại/Cốt truyện	Hệ thống/Thuật ngữ			Access required to interact
lang_multi_text.db	ErrorCode_700205_Text	3.4	Hội thoại/Cốt truyện	Hệ thống/Thuật ngữ			Interaction not available
lang_multi_text.db	ErrorCode_700206_Text	3.4	Hội thoại/Cốt truyện	Hệ thống/Thuật ngữ			Requires access to activate entity
lang_multi_text.db	ErrorCode_700207_Text	3.4	Hội thoại/Cốt truyện	Hệ thống/Thuật ngữ			Cannot use skill
lang_multi_text.db	ErrorCode_700208_Text	3.4	Hội thoại/Cốt truyện	Hệ thống/Thuật ngữ			Error interaction option Guid
lang_multi_text.db	ErrorCode_700209_Text	3.4	Hội thoại/Cốt truyện	Hệ thống/Thuật ngữ			Error adding interaction option
lang_multi_text.db	ErrorCode_700210_Text	3.4	Hội thoại/Cốt truyện	Hệ thống/Thuật ngữ			Error removing interaction option
lang_multi_text.db	ErrorCode_700211_Text	3.4	Hội thoại/Cốt truyện	Hệ thống/Thuật ngữ			Cannot find interaction option holder
lang_multi_text.db	ErrorCode_700212_Text	3.4	Hội thoại/Cốt truyện	Hệ thống/Thuật ngữ			Restricted summon
lang_multi_text.db	ErrorCode_700213_Text	3.4	Hội thoại/Cốt truyện	Hệ thống/Thuật ngữ			Restricted summon
lang_multi_text.db	ErrorCode_700214_Text	3.4	Hội thoại/Cốt truyện	Hệ thống/Thuật ngữ			Restricted configuration
lang_multi_text.db	ErrorCode_700215_Text	3.4	Hội thoại/Cốt truyện	Hệ thống/Thuật ngữ			Restricted configuration
lang_multi_text.db	ErrorCode_700216_Text	3.4	Hội thoại/Cốt truyện	Hệ thống/Thuật ngữ			Restricted configuration
lang_multi_text.db	ErrorCode_700217_Text	3.4	Hội thoại/Cốt truyện	Hệ thống/Thuật ngữ			Restricted configuration
lang_multi_text.db	ErrorCode_700218_Text	3.4	Hội thoại/Cốt truyện	Hệ thống/Thuật ngữ			Restricted configuration
lang_multi_text.db	ErrorCode_700219_Text	3.4	Hội thoại/Cốt truyện	Hệ thống/Thuật ngữ			Restricted configuration
lang_multi_text.db	ErrorCode_700220_Text	3.4	Hội thoại/Cốt truyện	Hệ thống/Thuật ngữ			Restricted configuration
lang_multi_text.db	ErrorCode_700221_Text	3.4	Hội thoại/Cốt truyện	Hệ thống/Thuật ngữ			Restricted configuration
lang_multi_text.db	ErrorCode_700222_Text	3.4	Hội thoại/Cốt truyện	Hệ thống/Thuật ngữ			Set invalid variable context
lang_multi_text.db	ErrorCode_700223_Text	3.4	Hội thoại/Cốt truyện	Hệ thống/Thuật ngữ			Set invalid variable instance
lang_multi_text.db	ErrorCode_700224_Text	3.4	Hội thoại/Cốt truyện	Hệ thống/Thuật ngữ			Set variable acquisition right value error
lang_multi_text.db	ErrorCode_700225_Text	3.4	Hội thoại/Cốt truyện	Hệ thống/Thuật ngữ			Set variable acquisition left value error
lang_multi_text.db	ErrorCode_700226_Text	3.4	Hội thoại/Cốt truyện	Hệ thống/Thuật ngữ			Run invalid variable context
lang_multi_text.db	ErrorCode_700227_Text	3.4	Hội thoại/Cốt truyện	Hệ thống/Thuật ngữ			Run invalid variable instance
lang_multi_text.db	ErrorCode_700228_Text	3.4	Hội thoại/Cốt truyện	Hệ thống/Thuật ngữ			Run invalid variable acquisition error
lang_multi_text.db	ErrorCode_700229_Text	3.4	Hội thoại/Cốt truyện	Hệ thống/Thuật ngữ			Run invalid variable acquisition category
lang_multi_text.db	ErrorCode_700230_Text	3.4	Hội thoại/Cốt truyện	Hệ thống/Thuật ngữ			Run invalid variable acquisition functor
lang_multi_text.db	ErrorCode_700231_Text	3.4	Hội thoại/Cốt truyện	Hệ thống/Thuật ngữ			Run invalid variable setting result error
lang_multi_text.db	ErrorCode_700232_Text	3.4	Hội thoại/Cốt truyện	Hệ thống/Thuật ngữ			Behavior entity does not exist
lang_multi_text.db	ErrorCode_700233_Text	3.4	Hội thoại/Cốt truyện	Hệ thống/Thuật ngữ			Behavior entity does not have interactive component configurations
lang_multi_text.db	ErrorCode_700234_Text	3.4	Hội thoại/Cốt truyện	Hệ thống/Thuật ngữ			Behavior ID does not exist
lang_multi_text.db	ErrorCode_700235_Text	3.4	Hội thoại/Cốt truyện	Hệ thống/Thuật ngữ			Behavior blackboard does not exist
lang_multi_text.db	ErrorCode_700236_Text	3.4	Hội thoại/Cốt truyện	Hệ thống/Thuật ngữ			Behavior tree nodes do not exist
lang_multi_text.db	ErrorCode_700237_Text	3.4	Hội thoại/Cốt truyện	Hệ thống/Thuật ngữ			Incorrect subtask node
lang_multi_text.db	ErrorCode_700238_Text	3.4	Hội thoại/Cốt truyện	Hệ thống/Thuật ngữ			Error behavior parameter conversion
lang_multi_text.db	ErrorCode_700239_Text	3.4	Hội thoại/Cốt truyện	Hệ thống/Thuật ngữ			Behavior context is not an entity
lang_multi_text.db	ErrorCode_700240_Text	3.4	Hội thoại/Cốt truyện	Hệ thống/Thuật ngữ			Behavior performer not found
lang_multi_text.db	ErrorCode_700241_Text	3.4	Hội thoại/Cốt truyện	Hệ thống/Thuật ngữ			Behavior dialog not found
lang_multi_text.db	ErrorCode_700242_Text	3.4	Hội thoại/Cốt truyện	Hệ thống/Thuật ngữ			Failed to create behavior dialog ID
lang_multi_text.db	ErrorCode_700243_Text	3.4	Hội thoại/Cốt truyện	Hệ thống/Thuật ngữ			Failed to converge behavior path
lang_multi_text.db	ErrorCode_700244_Text	3.4	Hội thoại/Cốt truyện	Hệ thống/Thuật ngữ			Behavior configuration not found
lang_multi_text.db	ErrorCode_700245_Text	3.4	Hội thoại/Cốt truyện	Hệ thống/Thuật ngữ			Behavior processing function not found
lang_multi_text.db	ErrorCode_700246_Text	3.4	Hội thoại/Cốt truyện	Hệ thống/Thuật ngữ			Internal behavior error
lang_multi_text.db	ErrorCode_700247_Text	3.4	Hội thoại/Cốt truyện	Hệ thống/Thuật ngữ			Restricted behavior subscript
lang_multi_text.db	ErrorCode_700248_Text	3.4	Hội thoại/Cốt truyện	Hệ thống/Thuật ngữ			Not a server-side behavior subscript
lang_multi_text.db	ErrorCode_700249_Text	3.4	Hội thoại/Cốt truyện	Hệ thống/Thuật ngữ			Remaining server-side behavior incomplete
lang_multi_text.db	ErrorCode_700250_Text	3.4	Hội thoại/Cốt truyện	Hệ thống/Thuật ngữ			A non-behavior tree performer
lang_multi_text.db	ErrorCode_700251_Text	3.4	Hội thoại/Cốt truyện	Hệ thống/Thuật ngữ			Current sustainable behavior incomplete
lang_multi_text.db	ErrorCode_700252_Text	3.4	Hội thoại/Cốt truyện	Hệ thống/Thuật ngữ			Current behavior is not sustainable
lang_multi_text.db	ErrorCode_700253_Text	3.4	Hội thoại/Cốt truyện	Hệ thống/Thuật ngữ			Reset location entity does not exist
lang_multi_text.db	ErrorCode_700254_Text	3.4	Hội thoại/Cốt truyện	Hệ thống/Thuật ngữ			Fix abnormal location entity does not exist
lang_multi_text.db	ErrorCode_700255_Text	3.4	Hội thoại/Cốt truyện	Hệ thống/Thuật ngữ			Tested removal request entity does not exist
lang_multi_text.db	ErrorCode_700256_Text	3.4	Hội thoại/Cốt truyện	Hệ thống/Thuật ngữ			Drown entity does not exist
lang_multi_text.db	ErrorCode_700257_Text	3.4	Hội thoại/Cốt truyện	Hệ thống/Thuật ngữ			Collision puzzle does not exist
lang_multi_text.db	ErrorCode_700258_Text	3.4	Hội thoại/Cốt truyện	Hệ thống/Thuật ngữ			Combat disengage entity does not exist
lang_multi_text.db	ErrorCode_700259_Text	3.4	Hội thoại/Cốt truyện	Hệ thống/Thuật ngữ			Request for entity buff does not exist
lang_multi_text.db	ErrorCode_700260_Text	3.4	Hội thoại/Cốt truyện	Hệ thống/Thuật ngữ			Request for entity buff removal does not exist
lang_multi_text.db	ErrorCode_700261_Text	3.4	Hội thoại/Cốt truyện	Hệ thống/Thuật ngữ			Activation for entity buff does not exist
lang_multi_text.db	ErrorCode_700262_Text	3.4	Hội thoại/Cốt truyện	Hệ thống/Thuật ngữ			Request for additional toughness multiplier adjustment does not exist
lang_multi_text.db	ErrorCode_700263_Text	3.4	Hội thoại/Cốt truyện	Hệ thống/Thuật ngữ			Adsorption object does not exist
lang_multi_text.db	ErrorCode_700264_Text	3.4	Hội thoại/Cốt truyện	Hệ thống/Thuật ngữ			Adsorption condition not met
lang_multi_text.db	ErrorCode_700265_Text	3.4	Hội thoại/Cốt truyện	Hệ thống/Thuật ngữ			Time selector unavailable during co-op mode
lang_multi_text.db	ErrorCode_700266_Text	3.4	Hội thoại/Cốt truyện	Hệ thống/Thuật ngữ			Time selector: Entity not found
lang_multi_text.db	ErrorCode_700267_Text	3.4	Hội thoại/Cốt truyện	Hệ thống/Thuật ngữ			Time selector: Missing entity selector component
lang_multi_text.db	ErrorCode_700268_Text	3.4	Hội thoại/Cốt truyện	Hệ thống/Thuật ngữ			Time selector: Incorrect selector component
lang_multi_text.db	ErrorCode_700269_Text	3.4	Hội thoại/Cốt truyện	Hệ thống/Thuật ngữ			Time selector: Selector component completed
lang_multi_text.db	ErrorCode_700270_Text	3.4	Hội thoại/Cốt truyện	Hệ thống/Thuật ngữ			Time selector: Invalid condition
lang_multi_text.db	ErrorCode_700271_Text	3.4	Hội thoại/Cốt truyện	Hệ thống/Thuật ngữ			Time selector: Missing target
lang_multi_text.db	ErrorCode_700272_Text	3.4	Hội thoại/Cốt truyện	Hệ thống/Thuật ngữ			Time selector: Selector direction error
lang_multi_text.db	ErrorCode_700273_Text	3.4	Hội thoại/Cốt truyện	Hệ thống/Thuật ngữ			Time selector: Invalid component completion condition
lang_multi_text.db	ErrorCode_700274_Text	3.4	Hội thoại/Cốt truyện	Hệ thống/Thuật ngữ			Time selector: Selector component not in selector mode
lang_multi_text.db	ErrorCode_700275_Text	3.4	Hội thoại/Cốt truyện	Hệ thống/Thuật ngữ			Anomaly exists, if you have any questions, please contact the official customer service
lang_multi_text.db	ErrorCode_700276_Text	3.4	Hội thoại/Cốt truyện	Hệ thống/Thuật ngữ			Anomaly exists, if you have any questions, please contact the official customer service
lang_multi_text.db	ErrorCode_700277_Text	3.4	Hội thoại/Cốt truyện	Hệ thống/Thuật ngữ			Anomaly exists, if you have any questions, please contact the official customer service
lang_multi_text.db	ErrorCode_700278_Text	3.4	Hội thoại/Cốt truyện	Hệ thống/Thuật ngữ			Anomaly exists, if you have any questions, please contact the official customer service
lang_multi_text.db	ErrorCode_700279_Text	3.4	Hội thoại/Cốt truyện	Hệ thống/Thuật ngữ			Anomaly exists, if you have any questions, please contact the official customer service
lang_multi_text.db	ErrorCode_700280_Text	3.4	Hội thoại/Cốt truyện	Hệ thống/Thuật ngữ			Anomaly exists, if you have any questions, please contact the official customer service
lang_multi_text.db	ErrorCode_700281_Text	3.4	Hội thoại/Cốt truyện	Hệ thống/Thuật ngữ			Anomaly exists, if you have any questions, please contact the official customer service
lang_multi_text.db	ErrorCode_700282_Text	3.4	Hội thoại/Cốt truyện	Hệ thống/Thuật ngữ			Anomaly exists, if you have any questions, please contact the official customer service
lang_multi_text.db	ErrorCode_700283_Text	3.4	Hội thoại/Cốt truyện	Hệ thống/Thuật ngữ			Anomaly exists, if you have any questions, please contact the official customer service
lang_multi_text.db	ErrorCode_700284_Text	3.4	Hội thoại/Cốt truyện	Hệ thống/Thuật ngữ			Anomaly exists, if you have any questions, please contact the official customer service
lang_multi_text.db	ErrorCode_700285_Text	3.4	Hội thoại/Cốt truyện	Hệ thống/Thuật ngữ			Anomaly exists, if you have any questions, please contact the official customer service
lang_multi_text.db	ErrorCode_700286_Text	3.4	Hội thoại/Cốt truyện	Hệ thống/Thuật ngữ			Anomaly exists, if you have any questions, please contact the official customer service
lang_multi_text.db	ErrorCode_700287_Text	3.4	Hội thoại/Cốt truyện	Hệ thống/Thuật ngữ			Anomaly exists, if you have any questions, please contact the official customer service
lang_multi_text.db	ErrorCode_700288_Text	3.4	Hội thoại/Cốt truyện	Hệ thống/Thuật ngữ			Anomaly exists, if you have any questions, please contact the official customer service
lang_multi_text.db	ErrorCode_700289_Text	3.4	Hội thoại/Cốt truyện	Hệ thống/Thuật ngữ			Anomaly exists, if you have any questions, please contact the official customer service
lang_multi_text.db	ErrorCode_700290_Text	3.4	Hội thoại/Cốt truyện	Hệ thống/Thuật ngữ			Anomalies exist, please contact official customer service if you have any questions.
lang_multi_text.db	ErrorCode_700291_Text	3.4	Hội thoại/Cốt truyện	Hệ thống/Thuật ngữ			Anomalies exist, please contact official customer service if you have any questions.
lang_multi_text.db	ErrorCode_700292_Text	3.4	Hội thoại/Cốt truyện	Hệ thống/Thuật ngữ			Anomalies exist, please contact official customer service if you have any questions.
lang_multi_text.db	ErrorCode_70_Text	3.4	Hội thoại/Cốt truyện	Hệ thống/Thuật ngữ			Network error. Please try again later.
lang_multi_text.db	ErrorCode_71_Text	3.4	Hội thoại/Cốt truyện	Hệ thống/Thuật ngữ			Login unsuccessful. Please restart the client and try to log in again.
lang_multi_text.db	ErrorCode_7_Text	3.4	Hội thoại/Cốt truyện	Hệ thống/Thuật ngữ			Invalid Token
lang_multi_text.db	ErrorCode_800000_Text	3.4	Hội thoại/Cốt truyện	Hệ thống/Thuật ngữ			Failed to reconnect. Please try again later or contact customer support.
lang_multi_text.db	ErrorCode_800001_Text	3.4	Hội thoại/Cốt truyện	Hệ thống/Thuật ngữ			Failed to reconnect. Please try again later or contact customer support.
lang_multi_text.db	ErrorCode_800002_Text	3.4	Hội thoại/Cốt truyện	Hệ thống/Thuật ngữ			Failed to reconnect. Please try again later or contact customer support.
lang_multi_text.db	ErrorCode_800003_Text	3.4	Hội thoại/Cốt truyện	Hệ thống/Thuật ngữ			Failed to reconnect. Please try again later or contact customer support.
lang_multi_text.db	ErrorCode_800004_Text	3.4	Hội thoại/Cốt truyện	Hệ thống/Thuật ngữ			Failed to reconnect. Please try again later or contact customer support.
lang_multi_text.db	ErrorCode_800005_Text	3.4	Hội thoại/Cốt truyện	Hệ thống/Thuật ngữ			Failed to reconnect. Please try again later or contact customer support.
lang_multi_text.db	ErrorCode_800006_Text	3.4	Hội thoại/Cốt truyện	Hệ thống/Thuật ngữ			Restricted client action
lang_multi_text.db	ErrorCode_800007_Text	3.4	Hội thoại/Cốt truyện	Hệ thống/Thuật ngữ			Restricted client action
lang_multi_text.db	ErrorCode_800008_Text	3.4	Hội thoại/Cốt truyện	Hệ thống/Thuật ngữ			System error
lang_multi_text.db	ErrorCode_800009_Text	3.4	Hội thoại/Cốt truyện	Hệ thống/Thuật ngữ			Restricted client action
lang_multi_text.db	ErrorCode_800010_Text	3.4	Hội thoại/Cốt truyện	Hệ thống/Thuật ngữ			System error. Please contact customer support for help.
lang_multi_text.db	ErrorCode_800011_Text	3.4	Hội thoại/Cốt truyện	Hệ thống/Thuật ngữ			System error. Please contact customer support for help.
lang_multi_text.db	ErrorCode_800012_Text	3.4	Hội thoại/Cốt truyện	Hệ thống/Thuật ngữ			System error. Please contact customer support for help.
lang_multi_text.db	ErrorCode_800013_Text	3.4	Hội thoại/Cốt truyện	Hệ thống/Thuật ngữ			System error. Please contact customer support for help.
lang_multi_text.db	ErrorCode_800014_Text	3.4	Hội thoại/Cốt truyện	Hệ thống/Thuật ngữ			Reconnection failed, please log in again
lang_multi_text.db	ErrorCode_8_Text	3.4	Hội thoại/Cốt truyện	Hệ thống/Thuật ngữ			Invalid Message Request
lang_multi_text.db	ErrorCode_900000_Text	3.4	Hội thoại/Cốt truyện	Hệ thống/Thuật ngữ			Intimacy character error
lang_multi_text.db	ErrorCode_900001_Text	3.4	Hội thoại/Cốt truyện	Hệ thống/Thuật ngữ			Intimacy configuration error
lang_multi_text.db	ErrorCode_900002_Text	3.4	Hội thoại/Cốt truyện	Hệ thống/Thuật ngữ			Intimacy mission error
lang_multi_text.db	ErrorCode_900003_Text	3.4	Hội thoại/Cốt truyện	Hệ thống/Thuật ngữ			Intimacy level reward error
lang_multi_text.db	ErrorCode_900004_Text	3.4	Hội thoại/Cốt truyện	Hệ thống/Thuật ngữ			Intimacy mission accept error
lang_multi_text.db	ErrorCode_900005_Text	3.4	Hội thoại/Cốt truyện	Hệ thống/Thuật ngữ			Current subsection of Intimacy locked
lang_multi_text.db	ErrorCode_900006_Text	3.4	Hội thoại/Cốt truyện	Hệ thống/Thuật ngữ			Current subsection of Intimacy unlocked. Please do not repeat the same action
lang_multi_text.db	ErrorCode_900007_Text	3.4	Hội thoại/Cốt truyện	Hệ thống/Thuật ngữ			Elevator entity does not exist
lang_multi_text.db	ErrorCode_900008_Text	3.4	Hội thoại/Cốt truyện	Hệ thống/Thuật ngữ			Elevator configuration does not exist
lang_multi_text.db	ErrorCode_900009_Text	3.4	Hội thoại/Cốt truyện	Hệ thống/Thuật ngữ			Elevator locked
lang_multi_text.db	ErrorCode_900010_Text	3.4	Hội thoại/Cốt truyện	Hệ thống/Thuật ngữ			Elevator not reversing
lang_multi_text.db	ErrorCode_900011_Text	3.4	Hội thoại/Cốt truyện	Hệ thống/Thuật ngữ			Elevator not advancing
lang_multi_text.db	ErrorCode_900012_Text	3.4	Hội thoại/Cốt truyện	Hệ thống/Thuật ngữ			Elevator not at starting location
lang_multi_text.db	ErrorCode_900013_Text	3.4	Hội thoại/Cốt truyện	Hệ thống/Thuật ngữ			Elevator not at end location
lang_multi_text.db	ErrorCode_900014_Text	3.4	Hội thoại/Cốt truyện	Hệ thống/Thuật ngữ			Restricted elevator level
lang_multi_text.db	ErrorCode_900015_Text	3.4	Hội thoại/Cốt truyện	Hệ thống/Thuật ngữ			Request denied by Solaris owner
lang_multi_text.db	ErrorCode_900016_Text	3.4	Hội thoại/Cốt truyện	Hệ thống/Thuật ngữ			Player not found or player is offline
lang_multi_text.db	ErrorCode_900017_Text	3.4	Hội thoại/Cốt truyện	Hệ thống/Thuật ngữ			Solaris owner already in co-op mode
lang_multi_text.db	ErrorCode_900018_Text	3.4	Hội thoại/Cốt truyện	Hệ thống/Thuật ngữ			Max Co-opt player number reached
lang_multi_text.db	ErrorCode_900019_Text	3.4	Hội thoại/Cốt truyện	Hệ thống/Thuật ngữ			Solaris owner has enabled friends only join requests
lang_multi_text.db	ErrorCode_900020_Text	3.4	Hội thoại/Cốt truyện	Hệ thống/Thuật ngữ			The world owner has banned all Co-op requests
lang_multi_text.db	ErrorCode_900022_Text	3.4	Hội thoại/Cốt truyện	Hệ thống/Thuật ngữ			You have been blocked by this player
lang_multi_text.db	ErrorCode_900023_Text	3.4	Hội thoại/Cốt truyện	Hệ thống/Thuật ngữ			Cannot join a world with a higher SOL3 Phase
lang_multi_text.db	ErrorCode_900024_Text	3.4	Hội thoại/Cốt truyện	Hệ thống/Thuật ngữ			The world owner has disabled Co-op Mode
lang_multi_text.db	ErrorCode_900025_Text	3.4	Hội thoại/Cốt truyện	Hệ thống/Thuật ngữ			The world owner is currently in another world
lang_multi_text.db	ErrorCode_900026_Text	3.4	Hội thoại/Cốt truyện	Hệ thống/Thuật ngữ			The world owner is currently in a Single-player only quest
lang_multi_text.db	ErrorCode_900027_Text	3.4	Hội thoại/Cốt truyện	Hệ thống/Thuật ngữ			Already in Co-op Mode
lang_multi_text.db	ErrorCode_900028_Text	3.4	Hội thoại/Cốt truyện	Hệ thống/Thuật ngữ			Currently in a Single-player only quest
lang_multi_text.db	ErrorCode_900029_Text	3.4	Hội thoại/Cốt truyện	Hệ thống/Thuật ngữ			Co-op Mode disabled
lang_multi_text.db	ErrorCode_900030_Text	3.4	Hội thoại/Cốt truyện	Hệ thống/Thuật ngữ			Request to join Solaris sent
lang_multi_text.db	ErrorCode_900031_Text	3.4	Hội thoại/Cốt truyện	Hệ thống/Thuật ngữ			Cannot join your own Solaris
lang_multi_text.db	ErrorCode_900032_Text	3.4	Hội thoại/Cốt truyện	Hệ thống/Thuật ngữ			Please enter the player's UID
lang_multi_text.db	ErrorCode_900033_Text	3.4	Hội thoại/Cốt truyện	Hệ thống/Thuật ngữ			Request timed out
lang_multi_text.db	ErrorCode_900034_Text	3.4	Hội thoại/Cốt truyện	Hệ thống/Thuật ngữ			Entering player Solaris, please wait
lang_multi_text.db	ErrorCode_900035_Text	3.4	Hội thoại/Cốt truyện	Hệ thống/Thuật ngữ			Waiting for player(s) to join Solaris, please wait
lang_multi_text.db	ErrorCode_900036_Text	3.4	Hội thoại/Cốt truyện	Hệ thống/Thuật ngữ			Join queue full, please wait
lang_multi_text.db	ErrorCode_900037_Text	3.4	Hội thoại/Cốt truyện	Hệ thống/Thuật ngữ			Already in join queue
lang_multi_text.db	ErrorCode_900038_Text	3.4	Hội thoại/Cốt truyện	Hệ thống/Thuật ngữ			Solaris owner not in Solaris
lang_multi_text.db	ErrorCode_900039_Text	3.4	Hội thoại/Cốt truyện	Hệ thống/Thuật ngữ			Player not in Solaris
lang_multi_text.db	ErrorCode_900040_Text	3.4	Hội thoại/Cốt truyện	Hệ thống/Thuật ngữ			Not in join queue
lang_multi_text.db	ErrorCode_900042_Text	3.4	Hội thoại/Cốt truyện	Hệ thống/Thuật ngữ			Player not found
lang_multi_text.db	ErrorCode_900043_Text	3.4	Hội thoại/Cốt truyện	Hệ thống/Thuật ngữ			The world owner is currently using trial Resonator, unable to join Co-op
lang_multi_text.db	ErrorCode_900044_Text	3.4	Hội thoại/Cốt truyện	Hệ thống/Thuật ngữ			The world owner is currently using trial Resonator, unable to join Co-op
lang_multi_text.db	ErrorCode_900045_Text	3.4	Hội thoại/Cốt truyện	Hệ thống/Thuật ngữ			You cannot apply to join others' world while matching, please try again later
lang_multi_text.db	ErrorCode_900046_Text	3.4	Hội thoại/Cốt truyện	Hệ thống/Thuật ngữ			Request send failed, player currently matching for co-op
lang_multi_text.db	ErrorCode_900047_Text	3.4	Hội thoại/Cốt truyện	Hệ thống/Thuật ngữ			Cannot accept requests during co-op matching
lang_multi_text.db	ErrorCode_900048_Text	3.4	Hội thoại/Cốt truyện	Hệ thống/Thuật ngữ			You cannot join while in the storyline, please try again later
lang_multi_text.db	ErrorCode_900049_Text	3.4	Hội thoại/Cốt truyện	Hệ thống/Thuật ngữ			You cannot join while the world owner is in the storyline, please try again later
lang_multi_text.db	ErrorCode_900050_Text	3.4	Hội thoại/Cốt truyện	Hệ thống/Thuật ngữ			Current achievement trigger is abnormal, if you have any questions, please contact the official customer service
lang_multi_text.db	ErrorCode_900051_Text	3.4	Hội thoại/Cốt truyện	Hệ thống/Thuật ngữ			Anomaly exists, if you have any questions, please contact the official customer service
lang_multi_text.db	ErrorCode_900052_Text	3.4	Hội thoại/Cốt truyện	Hệ thống/Thuật ngữ			Anomaly exists, if you have any questions, please contact the official customer service
lang_multi_text.db	ErrorCode_900053_Text	3.4	Hội thoại/Cốt truyện	Hệ thống/Thuật ngữ			Anomaly exists, if you have any questions, please contact the official customer service
lang_multi_text.db	ErrorCode_900054_Text	3.4	Hội thoại/Cốt truyện	Hệ thống/Thuật ngữ			Anomaly exists, if you have any questions, please contact the official customer service
lang_multi_text.db	ErrorCode_900055_Text	3.4	Hội thoại/Cốt truyện	Hệ thống/Thuật ngữ			Anomaly exists, if you have any questions, please contact the official customer service
lang_multi_text.db	ErrorCode_900056_Text	3.4	Hội thoại/Cốt truyện	Hệ thống/Thuật ngữ			Anomaly exists, if you have any questions, please contact the official customer service
lang_multi_text.db	ErrorCode_900057_Text	3.4	Hội thoại/Cốt truyện	Hệ thống/Thuật ngữ			Anomaly exists, if you have any questions, please contact the official customer service
lang_multi_text.db	ErrorCode_900058_Text	3.4	Hội thoại/Cốt truyện	Hệ thống/Thuật ngữ			Anomaly exists, if you have any questions, please contact the official customer service
lang_multi_text.db	ErrorCode_900059_Text	3.4	Hội thoại/Cốt truyện	Hệ thống/Thuật ngữ			Anomaly exists, if you have any questions, please contact the official customer service
lang_multi_text.db	ErrorCode_900060_Text	3.4	Hội thoại/Cốt truyện	Hệ thống/Thuật ngữ			The function does not exist in the Utility, if you have any questions, please contact the official customer service.
lang_multi_text.db	ErrorCode_900061_Text	3.4	Hội thoại/Cốt truyện	Hệ thống/Thuật ngữ			Anomalies exist, please contact official customer service if you have any questions.
lang_multi_text.db	ErrorCode_900062_Text	3.4	Hội thoại/Cốt truyện	Hệ thống/Thuật ngữ			Please contact our Customer Service for assistance
lang_multi_text.db	ErrorCode_900063_Text	3.4	Hội thoại/Cốt truyện	Hệ thống/Thuật ngữ			Please contact our Customer Service for assistance
lang_multi_text.db	ErrorCode_900064_Text	3.4	Hội thoại/Cốt truyện	Hệ thống/Thuật ngữ			Please contact our Customer Service for assistance
lang_multi_text.db	ErrorCode_900065_Text	3.4	Hội thoại/Cốt truyện	Hệ thống/Thuật ngữ			Please contact our Customer Service for assistance
lang_multi_text.db	ErrorCode_900066_Text	3.4	Hội thoại/Cốt truyện	Hệ thống/Thuật ngữ			Event data error
lang_multi_text.db	ErrorCode_900067_Text	3.4	Hội thoại/Cốt truyện	Hệ thống/Thuật ngữ			Event unavailable
lang_multi_text.db	ErrorCode_900068_Text	3.4	Hội thoại/Cốt truyện	Hệ thống/Thuật ngữ			The event has ended
lang_multi_text.db	ErrorCode_900069_Text	3.4	Hội thoại/Cốt truyện	Hệ thống/Thuật ngữ			Please complete prerequisite task
lang_multi_text.db	ErrorCode_900070_Text	3.4	Hội thoại/Cốt truyện	Hệ thống/Thuật ngữ			Event data error
lang_multi_text.db	ErrorCode_900071_Text	3.4	Hội thoại/Cốt truyện	Hệ thống/Thuật ngữ			No Collection Spot available for this resource.
lang_multi_text.db	ErrorCode_900072_Text	3.4	Hội thoại/Cốt truyện	Hệ thống/Thuật ngữ			Too many requests. Please try again later
lang_multi_text.db	ErrorCode_900073_Text	3.4	Hội thoại/Cốt truyện	Hệ thống/Thuật ngữ			Cannot detect any collection spots for this resource in the current area. Please explore elsewhere.
lang_multi_text.db	ErrorCode_9_Text	3.4	Hội thoại/Cốt truyện	Hệ thống/Thuật ngữ			Invalid GM
lang_multi_text.db	ErrorCode_ChangeCD_Text	3.4	Hội thoại/Cốt truyện	Hệ thống/Thuật ngữ			Rover Appearance Switch is on cooldown.
lang_multi_text.db	ErrorCode_ChangeLogout_Text	3.4	Hội thoại/Cốt truyện	Hệ thống/Thuật ngữ			Rover appearance switched. Returning to the login menu.
lang_multi_text.db	ErrorCode_ChangeTrialActive_Text	3.4	Hội thoại/Cốt truyện	Hệ thống/Thuật ngữ			Cannot switch Rover's appearance when a trial Resonator is in your team.
lang_multi_text.db	ErrorCode_DisabledFocusMode	3.4	Hội thoại/Cốt truyện	Hệ thống/Thuật ngữ			Currently in a closed questline, cannot enable Focus Mode
lang_multi_text.db	ErrorCode_EdgeRunnerActivityIdErr	3.4	Hội thoại/Cốt truyện	Hệ thống/Thuật ngữ			Game data error. Please try again later.
lang_multi_text.db	ErrorCode_EdgeRunnerDropNoFind	3.4	Hội thoại/Cốt truyện	Hệ thống/Thuật ngữ			Game data error. Please try again later.
lang_multi_text.db	ErrorCode_EdgeRunnerHadReward	3.4	Hội thoại/Cốt truyện	Hệ thống/Thuật ngữ			Rewards already claimed. Cannot claim repeatedly
lang_multi_text.db	ErrorCode_EdgeRunnerLordGymRepeatChallenge	3.4	Hội thoại/Cốt truyện	Hệ thống/Thuật ngữ			Game data error. Please try again later.
lang_multi_text.db	ErrorCode_EdgeRunnerNoReward	3.4	Hội thoại/Cốt truyện	Hệ thống/Thuật ngữ			Game data error. Please try again later.
lang_multi_text.db	ErrorCode_EdgeRunnerParamAgainErr	3.4	Hội thoại/Cốt truyện	Hệ thống/Thuật ngữ			Game data error. Please try again later.
lang_multi_text.db	ErrorCode_EdgeRunnerParamCountErr	3.4	Hội thoại/Cốt truyện	Hệ thống/Thuật ngữ			Game data error. Please try again later.
lang_multi_text.db	ErrorCode_EdgeRunnerTaskFindErr	3.4	Hội thoại/Cốt truyện	Hệ thống/Thuật ngữ			Game data error. Please try again later.
lang_multi_text.db	ErrorCode_EdgeRunnerTaskRunning	3.4	Hội thoại/Cốt truyện	Hệ thống/Thuật ngữ			Quest incomplete
lang_multi_text.db	ErrorCode_EncircleActivityNotOpen_Text	3.4	Hội thoại/Cốt truyện	Hệ thống/Thuật ngữ			Event unavailable
lang_multi_text.db	ErrorCode_EncircleActivityTypeNotMatch_Text	3.4	Hội thoại/Cốt truyện	Hệ thống/Thuật ngữ			Event type not matched
lang_multi_text.db	ErrorCode_EncircleChallengeCfgNotFound_Text	3.4	Hội thoại/Cốt truyện	Hệ thống/Thuật ngữ			Stage configuration not found
lang_multi_text.db	ErrorCode_EncircleChallengeNotOpen_Text	3.4	Hội thoại/Cốt truyện	Hệ thống/Thuật ngữ			Stage locked
lang_multi_text.db	ErrorCode_EncircleChallengeNotStart_Text	3.4	Hội thoại/Cốt truyện	Hệ thống/Thuật ngữ			Initial match data not found
lang_multi_text.db	ErrorCode_EncircleChallengeStepErr_Text	3.4	Hội thoại/Cốt truyện	Hệ thống/Thuật ngữ			Invalid clear move count
lang_multi_text.db	ErrorCode_EncircleMultiGame_Text	3.4	Hội thoại/Cốt truyện	Hệ thống/Thuật ngữ			This function is disabled in Co-op
lang_multi_text.db	ErrorCode_EncirclePreChallengeNotPass_Text	3.4	Hội thoại/Cốt truyện	Hệ thống/Thuật ngữ			Previous stage not cleared
lang_multi_text.db	ErrorCode_ErrAbyssActivityNotOpen	3.4	Hội thoại/Cốt truyện	Hệ thống/Thuật ngữ			Event unavailable
lang_multi_text.db	ErrorCode_ErrAbyssBoxConfigNotFound	3.4	Hội thoại/Cốt truyện	Hệ thống/Thuật ngữ			Reward entity configuration does not exist
lang_multi_text.db	ErrorCode_ErrAbyssBoxDropFailed	3.4	Hội thoại/Cốt truyện	Hệ thống/Thuật ngữ			Reward failed to drop
lang_multi_text.db	ErrorCode_ErrAbyssBoxNotBelong	3.4	Hội thoại/Cốt truyện	Hệ thống/Thuật ngữ			Reward entity does not exist
lang_multi_text.db	ErrorCode_ErrAbyssBoxRewarded	3.4	Hội thoại/Cốt truyện	Hệ thống/Thuật ngữ			Reward already claimed
lang_multi_text.db	ErrorCode_ErrAbyssChallengeLocked	3.4	Hội thoại/Cốt truyện	Hệ thống/Thuật ngữ			Challenge locked
lang_multi_text.db	ErrorCode_ErrAbyssChallengeNoConsume	3.4	Hội thoại/Cốt truyện	Hệ thống/Thuật ngữ			Challenge has no unlock requirement
lang_multi_text.db	ErrorCode_ErrAbyssChallengeUnlockItem	3.4	Hội thoại/Cốt truyện	Hệ thống/Thuật ngữ			Insufficient item
lang_multi_text.db	ErrorCode_ErrAbyssComNotFound	3.4	Hội thoại/Cốt truyện	Hệ thống/Thuật ngữ			Abbowser Castle environment data not found
lang_multi_text.db	ErrorCode_ErrAbyssDuplicatePassive	3.4	Hội thoại/Cốt truyện	Hệ thống/Thuật ngữ			Duplicate Ability Modules selected
lang_multi_text.db	ErrorCode_ErrAbyssEnterCtx	3.4	Hội thoại/Cốt truyện	Hệ thống/Thuật ngữ			Fail to load the environment. Lack context.
lang_multi_text.db	ErrorCode_ErrAbyssEquipOldRoleFailed	3.4	Hội thoại/Cốt truyện	Hệ thống/Thuật ngữ			Failed to unequip
lang_multi_text.db	ErrorCode_ErrAbyssEquipRoleDuplicate	3.4	Hội thoại/Cốt truyện	Hệ thống/Thuật ngữ			Cube already equipped
lang_multi_text.db	ErrorCode_ErrAbyssEquipRoleNotExist	3.4	Hội thoại/Cốt truyện	Hệ thống/Thuật ngữ			Cube not available
lang_multi_text.db	ErrorCode_ErrAbyssInstConfig	3.4	Hội thoại/Cốt truyện	Hệ thống/Thuật ngữ			Environment configuration not found
lang_multi_text.db	ErrorCode_ErrAbyssInstUnlockTime	3.4	Hội thoại/Cốt truyện	Hệ thống/Thuật ngữ			Dungeon locked
lang_multi_text.db	ErrorCode_ErrAbyssLastActionNotFinish	3.4	Hội thoại/Cốt truyện	Hệ thống/Thuật ngữ			Previous behavior incomplete
lang_multi_text.db	ErrorCode_ErrAbyssLikeDuplicate	3.4	Hội thoại/Cốt truyện	Hệ thống/Thuật ngữ			Already Liked
lang_multi_text.db	ErrorCode_ErrAbyssLikePlayerNotInScene	3.4	Hội thoại/Cốt truyện	Hệ thống/Thuật ngữ			Player already left
lang_multi_text.db	ErrorCode_ErrAbyssNextRoomNotFound	3.4	Hội thoại/Cốt truyện	Hệ thống/Thuật ngữ			Next room not found
lang_multi_text.db	ErrorCode_ErrAbyssPluginConfigNotFound	3.4	Hội thoại/Cốt truyện	Hệ thống/Thuật ngữ			Item configuration not found
lang_multi_text.db	ErrorCode_ErrAbyssPluginEquipped	3.4	Hội thoại/Cốt truyện	Hệ thống/Thuật ngữ			Item already equipped
lang_multi_text.db	ErrorCode_ErrAbyssPluginItemLocked	3.4	Hội thoại/Cốt truyện	Hệ thống/Thuật ngữ			Item Locked
lang_multi_text.db	ErrorCode_ErrAbyssPluginItemNotFound	3.4	Hội thoại/Cốt truyện	Hệ thống/Thuật ngữ			Module item not found
lang_multi_text.db	ErrorCode_ErrAbyssPreChallengeNotPass	3.4	Hội thoại/Cốt truyện	Hệ thống/Thuật ngữ			Previous level not cleared
lang_multi_text.db	ErrorCode_ErrAbyssPutOnDuplicate	3.4	Hội thoại/Cốt truyện	Hệ thống/Thuật ngữ			Item already equipped
lang_multi_text.db	ErrorCode_ErrAbyssQuialityConfig	3.4	Hội thoại/Cốt truyện	Hệ thống/Thuật ngữ			Rarity configuration not found
lang_multi_text.db	ErrorCode_ErrAbyssRankListCd	3.4	Hội thoại/Cốt truyện	Hệ thống/Thuật ngữ			Operation in cooldown
lang_multi_text.db	ErrorCode_ErrAbyssRewardBoxEntityIncId	3.4	Hội thoại/Cốt truyện	Hệ thống/Thuật ngữ			Reward entity does not exist
lang_multi_text.db	ErrorCode_ErrAbyssRewardClosed	3.4	Hội thoại/Cốt truyện	Hệ thống/Thuật ngữ			Unable to claim the rewards now
lang_multi_text.db	ErrorCode_ErrAbyssRewardCondition	3.4	Hội thoại/Cốt truyện	Hệ thống/Thuật ngữ			Reward eligibility not met
lang_multi_text.db	ErrorCode_ErrAbyssRewardConfig	3.4	Hội thoại/Cốt truyện	Hệ thống/Thuật ngữ			Reward configuration not found
lang_multi_text.db	ErrorCode_ErrAbyssRewardCount	3.4	Hội thoại/Cốt truyện	Hệ thống/Thuật ngữ			Request amount maxed out
lang_multi_text.db	ErrorCode_ErrAbyssRewardIdRepeated	3.4	Hội thoại/Cốt truyện	Hệ thống/Thuật ngữ			Already requested
lang_multi_text.db	ErrorCode_ErrAbyssRewardNotOpen	3.4	Hội thoại/Cốt truyện	Hệ thống/Thuật ngữ			Unable to claim the rewards now
lang_multi_text.db	ErrorCode_ErrAbyssRewardPlayerCount	3.4	Hội thoại/Cốt truyện	Hệ thống/Thuật ngữ			Actor amount error
lang_multi_text.db	ErrorCode_ErrAbyssRewarded	3.4	Hội thoại/Cốt truyện	Hệ thống/Thuật ngữ			Reward already claimed
lang_multi_text.db	ErrorCode_ErrAbyssRoleConfig	3.4	Hội thoại/Cốt truyện	Hệ thống/Thuật ngữ			Cube reward configuration not found
lang_multi_text.db	ErrorCode_ErrAbyssRoleItemNotFound	3.4	Hội thoại/Cốt truyện	Hệ thống/Thuật ngữ			Cube item locked
lang_multi_text.db	ErrorCode_ErrAbyssRoleLevelConfig	3.4	Hội thoại/Cốt truyện	Hệ thống/Thuật ngữ			Cube level configuration not found
lang_multi_text.db	ErrorCode_ErrAbyssRoleLevelMaxPlugin	3.4	Hội thoại/Cốt truyện	Hệ thống/Thuật ngữ			Equip limit reached
lang_multi_text.db	ErrorCode_ErrAbyssRoleMaxPluginCount	3.4	Hội thoại/Cốt truyện	Hệ thống/Thuật ngữ			Equip limit reached
lang_multi_text.db	ErrorCode_ErrAbyssRoleNotEquip	3.4	Hội thoại/Cốt truyện	Hệ thống/Thuật ngữ			No Cube equipped
lang_multi_text.db	ErrorCode_ErrAbyssRoleUpItem	3.4	Hội thoại/Cốt truyện	Hệ thống/Thuật ngữ			Insufficient item
lang_multi_text.db	ErrorCode_ErrAbyssRoleUpLevel	3.4	Hội thoại/Cốt truyện	Hệ thống/Thuật ngữ			Request parameter error
lang_multi_text.db	ErrorCode_ErrAbyssRoleUpNoComsume	3.4	Hội thoại/Cốt truyện	Hệ thống/Thuật ngữ			Upgrade configuration error
lang_multi_text.db	ErrorCode_ErrAbyssRoomConfig	3.4	Hội thoại/Cốt truyện	Hệ thống/Thuật ngữ			Room configuration not found
lang_multi_text.db	ErrorCode_ErrAbyssRoomNoBox	3.4	Hội thoại/Cốt truyện	Hệ thống/Thuật ngữ			Room reward not configured
lang_multi_text.db	ErrorCode_ErrAbyssSettled	3.4	Hội thoại/Cốt truyện	Hệ thống/Thuật ngữ			Finalized
lang_multi_text.db	ErrorCode_ErrAbyssSlotConfig	3.4	Hội thoại/Cốt truyện	Hệ thống/Thuật ngữ			Module location configuration not found
lang_multi_text.db	ErrorCode_ErrAbyssSlotNotMatch	3.4	Hội thoại/Cốt truyện	Hệ thống/Thuật ngữ			Module type not matched
lang_multi_text.db	ErrorCode_ErrAbyssSysthesisConsumeItemDuplicate	3.4	Hội thoại/Cốt truyện	Hệ thống/Thuật ngữ			Synthesis item already selected
lang_multi_text.db	ErrorCode_ErrAbyssSysthesisItemDuplicate	3.4	Hội thoại/Cốt truyện	Hệ thống/Thuật ngữ			Item already selected
lang_multi_text.db	ErrorCode_ErrAbyssSysthesisMaxCount	3.4	Hội thoại/Cốt truyện	Hệ thống/Thuật ngữ			Synthesis limit reached
lang_multi_text.db	ErrorCode_ErrAccountDeactivation	3.4	Hội thoại/Cốt truyện	Hệ thống/Thuật ngữ			Account has been deleted
lang_multi_text.db	ErrorCode_ErrActivityBrochureCfgNotFound	3.4	Hội thoại/Cốt truyện	Hệ thống/Thuật ngữ			Brochure not found in this event
lang_multi_text.db	ErrorCode_ErrActivityLifePointChallengeNotFound	3.4	Hội thoại/Cốt truyện	Hệ thống/Thuật ngữ			Challenge configuration not found
lang_multi_text.db	ErrorCode_ErrActivityLifePointNotOpen	3.4	Hội thoại/Cốt truyện	Hệ thống/Thuật ngữ			Challenge unavailable
lang_multi_text.db	ErrorCode_ErrActivityLifePointPreLocked	3.4	Hội thoại/Cốt truyện	Hệ thống/Thuật ngữ			The preceding stage is not cleared
lang_multi_text.db	ErrorCode_ErrActivityNotMatchGolemCrackLevel	3.4	Hội thoại/Cốt truyện	Hệ thống/Thuật ngữ			Event ID mismatch
lang_multi_text.db	ErrorCode_ErrActivityNotMatchTetrisLevel	3.4	Hội thoại/Cốt truyện	Hệ thống/Thuật ngữ			Lahai-Roi Blocks event ID mismatch
lang_multi_text.db	ErrorCode_ErrActivityNotOpenTip	3.4	Hội thoại/Cốt truyện	Hệ thống/Thuật ngữ			The event has not started
lang_multi_text.db	ErrorCode_ErrActivitylineCrossNotOpen	3.4	Hội thoại/Cốt truyện	Hệ thống/Thuật ngữ			This challenge is not available yet.
lang_multi_text.db	ErrorCode_ErrActivitylineCrossPreLocked	3.4	Hội thoại/Cốt truyện	Hệ thống/Thuật ngữ			The preceding stage is not cleared
lang_multi_text.db	ErrorCode_ErrAreaTerminalPinExist_Text	3.4	Hội thoại/Cốt truyện	Hệ thống/Thuật ngữ			Operation too fast. Please try again later
lang_multi_text.db	ErrorCode_ErrAreaTerminalPinNotExist_Text	3.4	Hội thoại/Cốt truyện	Hệ thống/Thuật ngữ			Operation too fast. Please try again later
lang_multi_text.db	ErrorCode_ErrArtemisActivityNotExist_Text	3.4	Hội thoại/Cốt truyện	Hệ thống/Thuật ngữ			Event does not exist
lang_multi_text.db	ErrorCode_ErrArtemisActivityNotOpen_Text	3.4	Hội thoại/Cốt truyện	Hệ thống/Thuật ngữ			Event not available
lang_multi_text.db	ErrorCode_ErrArtemisInvalidUpdate_Text	3.4	Hội thoại/Cốt truyện	Hệ thống/Thuật ngữ			Node update error
lang_multi_text.db	ErrorCode_ErrArtemisNodeAlreadyFinished_Text	3.4	Hội thoại/Cốt truyện	Hệ thống/Thuật ngữ			Node completed
lang_multi_text.db	ErrorCode_ErrArtemisNodeAlreadyFixed_Text	3.4	Hội thoại/Cốt truyện	Hệ thống/Thuật ngữ			Node already repaired
lang_multi_text.db	ErrorCode_ErrArtemisNodeNoConfig_Text	3.4	Hội thoại/Cốt truyện	Hệ thống/Thuật ngữ			Node configuration does not exist
lang_multi_text.db	ErrorCode_ErrArtemisNodeNoData_Text	3.4	Hội thoại/Cốt truyện	Hệ thống/Thuật ngữ			Node has no data
lang_multi_text.db	ErrorCode_ErrArtemisNodeNoUnlock_Text	3.4	Hội thoại/Cốt truyện	Hệ thống/Thuật ngữ			Node not available
lang_multi_text.db	ErrorCode_ErrArtemisNodeNotRewardStatus_Text	3.4	Hội thoại/Cốt truyện	Hệ thống/Thuật ngữ			Node not in reward status
lang_multi_text.db	ErrorCode_ErrArtemisState_Text	3.4	Hội thoại/Cốt truyện	Hệ thống/Thuật ngữ			Wrong node status
lang_multi_text.db	ErrorCode_ErrBatchSynthesisCoinOverflow	3.4	Hội thoại/Cốt truyện	Hệ thống/Thuật ngữ			Shell Credits reach the max limit after the exchange
lang_multi_text.db	ErrorCode_ErrBookItemAlreadyRewarded	3.4	Hội thoại/Cốt truyện	Hệ thống/Thuật ngữ			Brochure entry rewards claimed
lang_multi_text.db	ErrorCode_ErrBookItemCfgNotFound	3.4	Hội thoại/Cốt truyện	Hệ thống/Thuật ngữ			Brochure entry configuration does not exist
lang_multi_text.db	ErrorCode_ErrBookItemNotBelongToBrochure	3.4	Hội thoại/Cốt truyện	Hệ thống/Thuật ngữ			Entry does not belong to this brochure
lang_multi_text.db	ErrorCode_ErrBookItemNotFinish	3.4	Hội thoại/Cốt truyện	Hệ thống/Thuật ngữ			Brochure entry not completed
lang_multi_text.db	ErrorCode_ErrBrochureCfgNotFound	3.4	Hội thoại/Cốt truyện	Hệ thống/Thuật ngữ			Brochure configuration does not exist
lang_multi_text.db	ErrorCode_ErrBrochureNotBelongToActivity	3.4	Hội thoại/Cốt truyện	Hệ thống/Thuật ngữ			Brochure does not belong to this event
lang_multi_text.db	ErrorCode_ErrBrochureNotUnlock	3.4	Hội thoại/Cốt truyện	Hệ thống/Thuật ngữ			Brochure locked
lang_multi_text.db	ErrorCode_ErrBrochureRewardRequestDuplicateBookItem	3.4	Hội thoại/Cốt truyện	Hệ thống/Thuật ngữ			Brochure entry already exists
lang_multi_text.db	ErrorCode_ErrBrochureRewardRequestEmptyBookItems	3.4	Hội thoại/Cốt truyện	Hệ thống/Thuật ngữ			No brochure entry found
lang_multi_text.db	ErrorCode_ErrBrochureRewardTimeInvalid	3.4	Hội thoại/Cốt truyện	Hệ thống/Thuật ngữ			Brochure not yet available
lang_multi_text.db	ErrorCode_ErrCdKeyAddCountFail_Text	3.4	Hội thoại/Cốt truyện	Hệ thống/Thuật ngữ			The redemption code has been used
lang_multi_text.db	ErrorCode_ErrCdKeyBatchMaxCount_Text	3.4	Hội thoại/Cốt truyện	Hệ thống/Thuật ngữ			The redemption code has been used
lang_multi_text.db	ErrorCode_ErrCdKeyBatchNotFound_Text	3.4	Hội thoại/Cốt truyện	Hệ thống/Thuật ngữ			Invalid redemption code
lang_multi_text.db	ErrorCode_ErrCdKeyCharacter_Text	3.4	Hội thoại/Cốt truyện	Hệ thống/Thuật ngữ			Invalid redemption code
lang_multi_text.db	ErrorCode_ErrCdKeyCondition_Text	3.4	Hội thoại/Cốt truyện	Hệ thống/Thuật ngữ			The redemption code does not currently meet the redemption conditions
lang_multi_text.db	ErrorCode_ErrCdKeyEachPlayerMaxCount_Text	3.4	Hội thoại/Cốt truyện	Hệ thống/Thuật ngữ			The same type of reward has been redeemed
lang_multi_text.db	ErrorCode_ErrCdKeyException_Text	3.4	Hội thoại/Cốt truyện	Hệ thống/Thuật ngữ			Redemption failed
lang_multi_text.db	ErrorCode_ErrCdKeyExpire_Text	3.4	Hội thoại/Cốt truyện	Hệ thống/Thuật ngữ			The redemption code has expired
lang_multi_text.db	ErrorCode_ErrCdKeyGroupCount_Text	3.4	Hội thoại/Cốt truyện	Hệ thống/Thuật ngữ			The same type of reward has been redeemed
lang_multi_text.db	ErrorCode_ErrCdKeyLength_Text	3.4	Hội thoại/Cốt truyện	Hệ thống/Thuật ngữ			Invalid redemption code
lang_multi_text.db	ErrorCode_ErrCdKeyNotEnable_Text	3.4	Hội thoại/Cốt truyện	Hệ thống/Thuật ngữ			The CdKey function is not enabled
lang_multi_text.db	ErrorCode_ErrCdKeyNotFound_Text	3.4	Hội thoại/Cốt truyện	Hệ thống/Thuật ngữ			Invalid redemption code
lang_multi_text.db	ErrorCode_ErrCdKeyNotInValidTime_Text	3.4	Hội thoại/Cốt truyện	Hệ thống/Thuật ngữ			The redemption code has not yet taken effect
lang_multi_text.db	ErrorCode_ErrCdKeyProcessCount_Text	3.4	Hội thoại/Cốt truyện	Hệ thống/Thuật ngữ			The current number of redemptions is too high, please try again later
lang_multi_text.db	ErrorCode_ErrCdKeyRequestCount_Text	3.4	Hội thoại/Cốt truyện	Hệ thống/Thuật ngữ			The current number of redemptions is too high, please try again later
lang_multi_text.db	ErrorCode_ErrCdKeyRequestDataErr_Text	3.4	Hội thoại/Cốt truyện	Hệ thống/Thuật ngữ			Redemption failed
lang_multi_text.db	ErrorCode_ErrCdKeyRequestErr_Text	3.4	Hội thoại/Cốt truyện	Hệ thống/Thuật ngữ			Redemption failed
lang_multi_text.db	ErrorCode_ErrClientStorageCapacity	3.4	Hội thoại/Cốt truyện	Hệ thống/Thuật ngữ			Request parameters invalid
lang_multi_text.db	ErrorCode_ErrClientStorageStringLength	3.4	Hội thoại/Cốt truyện	Hệ thống/Thuật ngữ			Request parameters invalid
lang_multi_text.db	ErrorCode_ErrClientStorageSystem	3.4	Hội thoại/Cốt truyện	Hệ thống/Thuật ngữ			Request parameters invalid
lang_multi_text.db	ErrorCode_ErrClientStorageSystemCount	3.4	Hội thoại/Cốt truyện	Hệ thống/Thuật ngữ			Request parameters invalid
lang_multi_text.db	ErrorCode_ErrClientStorageSystemDuplicate	3.4	Hội thoại/Cốt truyện	Hệ thống/Thuật ngữ			Request parameters invalid
lang_multi_text.db	ErrorCode_ErrClientStorageSystemTypeErr	3.4	Hội thoại/Cốt truyện	Hệ thống/Thuật ngữ			Request parameters invalid
lang_multi_text.db	ErrorCode_ErrClientStorageType	3.4	Hội thoại/Cốt truyện	Hệ thống/Thuật ngữ			Request parameters invalid
lang_multi_text.db	ErrorCode_ErrCoinCatchNotOpen	3.4	Hội thoại/Cốt truyện	Hệ thống/Thuật ngữ			Event not available yet
lang_multi_text.db	ErrorCode_ErrCommonUiSettingConfig	3.4	Hội thoại/Cốt truyện	Hệ thống/Thuật ngữ			Setting configurations not found.
lang_multi_text.db	ErrorCode_ErrCommonUiSettingParamDuplicate	3.4	Hội thoại/Cốt truyện	Hệ thống/Thuật ngữ			Request parameter error.
lang_multi_text.db	ErrorCode_ErrCommonUiSettingRequestParam	3.4	Hội thoại/Cốt truyện	Hệ thống/Thuật ngữ			Request parameter error.
lang_multi_text.db	ErrorCode_ErrConvertShortIdToFurnitureIdFailed	3.4	Hội thoại/Cốt truyện	Hệ thống/Thuật ngữ			Failed to convert short ID
lang_multi_text.db	ErrorCode_ErrCouponConfigNotFound_Text	3.4	Hội thoại/Cốt truyện	Hệ thống/Thuật ngữ			Voucher configuration does not exist.
lang_multi_text.db	ErrorCode_ErrCouponId_Text	3.4	Hội thoại/Cốt truyện	Hệ thống/Thuật ngữ			Transaction error.
lang_multi_text.db	ErrorCode_ErrCouponNotEnough_Text	3.4	Hội thoại/Cốt truyện	Hệ thống/Thuật ngữ			Insufficient Vouchers.
lang_multi_text.db	ErrorCode_ErrCouponTargetItemCount_Text	3.4	Hội thoại/Cốt truyện	Hệ thống/Thuật ngữ			Item quantity error.
lang_multi_text.db	ErrorCode_ErrCouponTargetItemNotFound_Text	3.4	Hội thoại/Cốt truyện	Hệ thống/Thuật ngữ			No eligible items for Voucher use.
lang_multi_text.db	ErrorCode_ErrDataPersistenceTetrisBoardGame	3.4	Hội thoại/Cốt truyện	Hệ thống/Thuật ngữ			Invalid component data member type
lang_multi_text.db	ErrorCode_ErrDropEntityNotExist	3.4	Hội thoại/Cốt truyện	Hệ thống/Thuật ngữ			Drops already collected
lang_multi_text.db	ErrorCode_ErrEdgeRunnerActivityConfigNotFound	3.4	Hội thoại/Cốt truyện	Hệ thống/Thuật ngữ			Game data error. Please try again later.
lang_multi_text.db	ErrorCode_ErrEdgeRunnerActivityFuncAlreadyUnlock	3.4	Hội thoại/Cốt truyện	Hệ thống/Thuật ngữ			Feature already unlocked. Cannot be unlocked again.
lang_multi_text.db	ErrorCode_ErrEdgeRunnerActivityFuncUnlockConditionNotReached	3.4	Hội thoại/Cốt truyện	Hệ thống/Thuật ngữ			Unlock requirements not met.
lang_multi_text.db	ErrorCode_ErrEdgeRunnerActivityFuncUnlockConfigNotFound	3.4	Hội thoại/Cốt truyện	Hệ thống/Thuật ngữ			Game data error. Please try again later.
lang_multi_text.db	ErrorCode_ErrEdgeRunnerActivityFuncUnlockFailed	3.4	Hội thoại/Cốt truyện	Hệ thống/Thuật ngữ			Game data error. Please try again later.
lang_multi_text.db	ErrorCode_ErrEdgeRunnerDbDataNotExist	3.4	Hội thoại/Cốt truyện	Hệ thống/Thuật ngữ			Game data error. Please try again later.
lang_multi_text.db	ErrorCode_ErrEdgeRunnerLordGymBtTreeNotFound	3.4	Hội thoại/Cốt truyện	Hệ thống/Thuật ngữ			Game data error. Please try again later.
lang_multi_text.db	ErrorCode_ErrEdgeRunnerLordGymConfigNotExist	3.4	Hội thoại/Cốt truyện	Hệ thống/Thuật ngữ			Game data error. Please try again later.
lang_multi_text.db	ErrorCode_ErrEdgeRunnerLordGymLevelVarNotExist	3.4	Hội thoại/Cốt truyện	Hệ thống/Thuật ngữ			Game data error. Please try again later.
lang_multi_text.db	ErrorCode_ErrEdgeRunnerLordGymNotInPlay	3.4	Hội thoại/Cốt truyện	Hệ thống/Thuật ngữ			Game data error. Please try again later.
lang_multi_text.db	ErrorCode_ErrEdgeRunnerPreLordGymNotPassed	3.4	Hội thoại/Cốt truyện	Hệ thống/Thuật ngữ			Please clear the prerequisite challenge first
lang_multi_text.db	ErrorCode_ErrEntitiesNull	3.4	Hội thoại/Cốt truyện	Hệ thống/Thuật ngữ			Entity group list is empty
lang_multi_text.db	ErrorCode_ErrEntityCreateFailed	3.4	Hội thoại/Cốt truyện	Hệ thống/Thuật ngữ			Failed to create entity
lang_multi_text.db	ErrorCode_ErrFishingBombItem_Text	3.4	Hội thoại/Cốt truyện	Hệ thống/Thuật ngữ			Insufficient "Sweet Puff"
lang_multi_text.db	ErrorCode_ErrFishingCageConfig_Text	3.4	Hội thoại/Cốt truyện	Hệ thống/Thuật ngữ			Wonder Bubble not found
lang_multi_text.db	ErrorCode_ErrFishingEntrustUpdateItemNotEnough_Text	3.4	Hội thoại/Cốt truyện	Hệ thống/Thuật ngữ			Insufficient Riccioli Fishery Coins
lang_multi_text.db	ErrorCode_ErrFishingFixItemNotEnough_Text	3.4	Hội thoại/Cốt truyện	Hệ thống/Thuật ngữ			Insufficient Riccioli Fishery Coins
lang_multi_text.db	ErrorCode_ErrFishingIllustratedRewardNotFound_Text	3.4	Hội thoại/Cốt truyện	Hệ thống/Thuật ngữ			Failed to read "Chanty Bounty" data
lang_multi_text.db	ErrorCode_ErrFishingParamLengthCabinLeft_Text	3.4	Hội thoại/Cốt truyện	Hệ thống/Thuật ngữ			Item amount error
lang_multi_text.db	ErrorCode_ErrFishingParamLengthCabinRight_Text	3.4	Hội thoại/Cốt truyện	Hệ thống/Thuật ngữ			Item amount error
lang_multi_text.db	ErrorCode_ErrFishingPortTech_Text	3.4	Hội thoại/Cốt truyện	Hệ thống/Thuật ngữ			The required Fishing Ability for this Fishing Spot is locked
lang_multi_text.db	ErrorCode_ErrFishingPosOverlap_Text	3.4	Hội thoại/Cốt truyện	Hệ thống/Thuật ngữ			Request too frequent. Please try again.
lang_multi_text.db	ErrorCode_ErrFishingSkinConfig_Text	3.4	Hội thoại/Cốt truyện	Hệ thống/Thuật ngữ			Awning not found
lang_multi_text.db	ErrorCode_ErrFishingSkinLock_Text	3.4	Hội thoại/Cốt truyện	Hệ thống/Thuật ngữ			Awning locked
lang_multi_text.db	ErrorCode_ErrFishingTechLevel_Text	3.4	Hội thoại/Cốt truyện	Hệ thống/Thuật ngữ			Fishing Ability Level error
lang_multi_text.db	ErrorCode_ErrFishingTechLock_Text	3.4	Hội thoại/Cốt truyện	Hệ thống/Thuật ngữ			Fishing Ability locked
lang_multi_text.db	ErrorCode_ErrFishingTechOutputNotFound_Text	3.4	Hội thoại/Cốt truyện	Hệ thống/Thuật ngữ			Fishing Ability locked
lang_multi_text.db	ErrorCode_ErrFurnitureAreaConfigNotFound	3.4	Hội thoại/Cốt truyện	Hệ thống/Thuật ngữ			Area configuration does not exist
lang_multi_text.db	ErrorCode_ErrFurnitureAreaDataNotFound	3.4	Hội thoại/Cốt truyện	Hệ thống/Thuật ngữ			Player area locked, no data available
lang_multi_text.db	ErrorCode_ErrFurnitureAreaIdNotExistInActivity	3.4	Hội thoại/Cốt truyện	Hệ thống/Thuật ngữ			Area does not belong to this event
lang_multi_text.db	ErrorCode_ErrFurnitureConfigNotExist	3.4	Hội thoại/Cốt truyện	Hệ thống/Thuật ngữ			Decoration configuration does not exist
lang_multi_text.db	ErrorCode_ErrFurnitureDiyActivityConfigNotFound	3.4	Hội thoại/Cốt truyện	Hệ thống/Thuật ngữ			Decoration DIY configuration does not exist
lang_multi_text.db	ErrorCode_ErrFurnitureDiyActivityDataNotFound	3.4	Hội thoại/Cốt truyện	Hệ thống/Thuật ngữ			Player data does not exist
lang_multi_text.db	ErrorCode_ErrFurnitureDiyComponentNotFound	3.4	Hội thoại/Cốt truyện	Hệ thống/Thuật ngữ			Environment component does not exist
lang_multi_text.db	ErrorCode_ErrFurnitureEntityConfigNotFound	3.4	Hội thoại/Cốt truyện	Hệ thống/Thuật ngữ			Entity configuration does not exist
lang_multi_text.db	ErrorCode_ErrFurnitureNotAvailable	3.4	Hội thoại/Cốt truyện	Hệ thống/Thuật ngữ			Decoration limit reached
lang_multi_text.db	ErrorCode_ErrFurnitureSlotConfigNotExist	3.4	Hội thoại/Cốt truyện	Hệ thống/Thuật ngữ			Slot configuration does not exist
lang_multi_text.db	ErrorCode_ErrFurnitureSlotConfigSlotCountError	3.4	Hội thoại/Cốt truyện	Hệ thống/Thuật ngữ			Multiple entities exist in the map slot
lang_multi_text.db	ErrorCode_ErrFurnitureSlotDuplicateInRequest	3.4	Hội thoại/Cốt truyện	Hệ thống/Thuật ngữ			Decoration slot already exists
lang_multi_text.db	ErrorCode_ErrFurnitureSlotNotBelongToArea	3.4	Hội thoại/Cốt truyện	Hệ thống/Thuật ngữ			Slot does not belong to this area
lang_multi_text.db	ErrorCode_ErrFurnitureSlotNotSupportChildTag	3.4	Hội thoại/Cốt truyện	Hệ thống/Thuật ngữ			This slot does not support decoration tag
lang_multi_text.db	ErrorCode_ErrFurnitureSlotNotSupportFurniture	3.4	Hội thoại/Cốt truyện	Hệ thống/Thuật ngữ			This slot does not support decoration tag
lang_multi_text.db	ErrorCode_ErrFurnitureSlotSubFurnitureCount	3.4	Hội thoại/Cốt truyện	Hệ thống/Thuật ngữ			Numbers of sub-decoration and slot not matched
lang_multi_text.db	ErrorCode_ErrFurnitureUnloadSubFurnitureNotEmpty	3.4	Hội thoại/Cốt truyện	Hệ thống/Thuật ngữ			The sub-decoration list length shouldn't be 0 when removing the decoration
lang_multi_text.db	ErrorCode_ErrGetPsnUserPlayerErr_Text	3.4	Hội thoại/Cốt truyện	Hệ thống/Thuật ngữ			User information not found
lang_multi_text.db	ErrorCode_ErrGetSelfPsnOnlineId_Text	3.4	Hội thoại/Cốt truyện	Hệ thống/Thuật ngữ			You cannot search your own ID
lang_multi_text.db	ErrorCode_ErrGetVarDefine	3.4	Hội thoại/Cốt truyện	Hệ thống/Thuật ngữ			Failed to retrieve variable definition
lang_multi_text.db	ErrorCode_ErrGolemCrackActivityDataNotFound	3.4	Hội thoại/Cốt truyện	Hệ thống/Thuật ngữ			Event data does not exist
lang_multi_text.db	ErrorCode_ErrGolemCrackLevelConfigNotExist	3.4	Hội thoại/Cốt truyện	Hệ thống/Thuật ngữ			Configuration does not exist
lang_multi_text.db	ErrorCode_ErrGolemCrackLevelRewardDuplicate	3.4	Hội thoại/Cốt truyện	Hệ thống/Thuật ngữ			Reward already claimed
lang_multi_text.db	ErrorCode_ErrGolemCrackPreLevelLocked	3.4	Hội thoại/Cốt truyện	Hệ thống/Thuật ngữ			Required Nodes Locked
lang_multi_text.db	ErrorCode_ErrGolemCrackPreLevelNotFinished	3.4	Hội thoại/Cốt truyện	Hệ thống/Thuật ngữ			Challenge not complete yet
lang_multi_text.db	ErrorCode_ErrHostSceneBlockSplitFail_Text	3.4	Hội thoại/Cốt truyện	Hệ thống/Thuật ngữ			The player has not completed downloading assets for the current area. Unable to enter Co-op Mode.
lang_multi_text.db	ErrorCode_ErrIllustratedNotUnlock_Text	3.4	Hội thoại/Cốt truyện	Hệ thống/Thuật ngữ			Echo Gallery not available
lang_multi_text.db	ErrorCode_ErrIndexOutOfRange_Text	3.4	Hội thoại/Cốt truyện	Hệ thống/Thuật ngữ			Requested node array index out of bounds
lang_multi_text.db	ErrorCode_ErrInstNotEdgeRunnerLordGym	3.4	Hội thoại/Cốt truyện	Hệ thống/Thuật ngữ			Game data error. Please try again later.
lang_multi_text.db	ErrorCode_ErrInstTeleportInstLimit	3.4	Hội thoại/Cốt truyện	Hệ thống/Thuật ngữ			Cannot fast travel to another challenge. Please exit and try again.
lang_multi_text.db	ErrorCode_ErrInteracTreeSuspend_Text	3.4	Hội thoại/Cốt truyện	Hệ thống/Thuật ngữ			The process is suspended, unable to proceed.
lang_multi_text.db	ErrorCode_ErrLineCrossChallengeNotFound	3.4	Hội thoại/Cốt truyện	Hệ thống/Thuật ngữ			Challenge error. Please try again.
lang_multi_text.db	ErrorCode_ErrMatchRoleChangeSkillBranchCountNotEqualRoleCount	3.4	Hội thoại/Cốt truyện	Hệ thống/Thuật ngữ			Resonance Mode quantity error
lang_multi_text.db	ErrorCode_ErrMobileSettingParamDuplicate	3.4	Hội thoại/Cốt truyện	Hệ thống/Thuật ngữ			Request parameter error.
lang_multi_text.db	ErrorCode_ErrMobileSettingRequestParam	3.4	Hội thoại/Cốt truyện	Hệ thống/Thuật ngữ			Request parameter error.
lang_multi_text.db	ErrorCode_ErrMotorParkourActivityDataNotExist	3.4	Hội thoại/Cốt truyện	Hệ thống/Thuật ngữ			Player data does not exist
lang_multi_text.db	ErrorCode_ErrMotorParkourGetRewardStatusFail	3.4	Hội thoại/Cốt truyện	Hệ thống/Thuật ngữ			Cannot get reward status
lang_multi_text.db	ErrorCode_ErrMotorParkourLevelInfoFailed	3.4	Hội thoại/Cốt truyện	Hệ thống/Thuật ngữ			Failed to package stage
lang_multi_text.db	ErrorCode_ErrMotorParkourLevelRewardIndexDuplicate	3.4	Hội thoại/Cốt truyện	Hệ thống/Thuật ngữ			Reward array index repeated
lang_multi_text.db	ErrorCode_ErrMotorParkourLevelRewardIndexInvalid	3.4	Hội thoại/Cốt truyện	Hệ thống/Thuật ngữ			Request reward error
lang_multi_text.db	ErrorCode_ErrMotorParkourLevelRewardIndexLengthError	3.4	Hội thoại/Cốt truyện	Hệ thống/Thuật ngữ			Reward quantity does not match configuration
lang_multi_text.db	ErrorCode_ErrMotorParkourPreLevelNotComplete	3.4	Hội thoại/Cốt truyện	Hệ thống/Thuật ngữ			Previous stage not completed
lang_multi_text.db	ErrorCode_ErrMotorParkourRecordCfgNotExist	3.4	Hội thoại/Cốt truyện	Hệ thống/Thuật ngữ			Event record configuration unknown
lang_multi_text.db	ErrorCode_ErrMotorParkourRewardCfgNotExist	3.4	Hội thoại/Cốt truyện	Hệ thống/Thuật ngữ			Reward configuration unknown
lang_multi_text.db	ErrorCode_ErrMotorParkourRewardNotAvailable	3.4	Hội thoại/Cốt truyện	Hệ thống/Thuật ngữ			Reward claiming status abnormal
lang_multi_text.db	ErrorCode_ErrMultiModeCanNotRequest	3.4	Hội thoại/Cốt truyện	Hệ thống/Thuật ngữ			Unable to request in Co-Op Mode
lang_multi_text.db	ErrorCode_ErrMusicNotUnlocked	3.4	Hội thoại/Cốt truyện	Hệ thống/Thuật ngữ			Phonograph locked
lang_multi_text.db	ErrorCode_ErrNotFurnitureSlotConfig	3.4	Hội thoại/Cốt truyện	Hệ thống/Thuật ngữ			Entity configuration is not a slot type
lang_multi_text.db	ErrorCode_ErrOrnamentCanNoDress	3.4	Hội thoại/Cốt truyện	Hệ thống/Thuật ngữ			This Accessory cannot be equipped with the selected outfit
lang_multi_text.db	ErrorCode_ErrOrnamentConfig	3.4	Hội thoại/Cốt truyện	Hệ thống/Thuật ngữ			No accessory configuration
lang_multi_text.db	ErrorCode_ErrOrnamentDressed	3.4	Hội thoại/Cốt truyện	Hệ thống/Thuật ngữ			Accessory already equipped
lang_multi_text.db	ErrorCode_ErrOrnamentLocked	3.4	Hội thoại/Cốt truyện	Hệ thống/Thuật ngữ			Accessory locked
lang_multi_text.db	ErrorCode_ErrOrnamentNoDress	3.4	Hội thoại/Cốt truyện	Hệ thống/Thuật ngữ			Accessory not equipped
lang_multi_text.db	ErrorCode_ErrOtherPlayerCondition	3.4	Hội thoại/Cốt truyện	Hệ thống/Thuật ngữ			Challenge requirement not met
lang_multi_text.db	ErrorCode_ErrPayGiftSelfDefineVersionError_Text	3.4	Hội thoại/Cốt truyện	Hệ thống/Thuật ngữ			Order customization data version not found
lang_multi_text.db	ErrorCode_ErrPayGiftVersionConfigNotFound_Text	3.4	Hội thoại/Cốt truyện	Hệ thống/Thuật ngữ			Bundle version info not found
lang_multi_text.db	ErrorCode_ErrPhantomBathchOperCount	3.4	Hội thoại/Cốt truyện	Hệ thống/Thuật ngữ			Maximum number of operations reached
lang_multi_text.db	ErrorCode_ErrPhantomBathchType	3.4	Hội thoại/Cốt truyện	Hệ thống/Thuật ngữ			Invalid operation type
lang_multi_text.db	ErrorCode_ErrPhantomInteractionConfigNotFind_Text	3.4	Hội thoại/Cốt truyện	Hệ thống/Thuật ngữ			Echo interaction configuration does not exist
lang_multi_text.db	ErrorCode_ErrPhantomInteractionEquipCountNotMatch_Text	3.4	Hội thoại/Cốt truyện	Hệ thống/Thuật ngữ			Number of equipped Echoes does not match configuration
lang_multi_text.db	ErrorCode_ErrPhantomInteractionNotShowable_Text	3.4	Hội thoại/Cốt truyện	Hệ thống/Thuật ngữ			Echo cannot be displayed in the list
lang_multi_text.db	ErrorCode_ErrPhantomInteractionNotUnlock_Text	3.4	Hội thoại/Cốt truyện	Hệ thống/Thuật ngữ			Echo interaction not available
lang_multi_text.db	ErrorCode_ErrPhantomRuleCount	3.4	Hội thoại/Cốt truyện	Hệ thống/Thuật ngữ			Number of configurations exceeds limit
lang_multi_text.db	ErrorCode_ErrPhantomRuleIndexRange	3.4	Hội thoại/Cốt truyện	Hệ thống/Thuật ngữ			Index out of range
lang_multi_text.db	ErrorCode_ErrPhantomSettingEmpty	3.4	Hội thoại/Cốt truyện	Hệ thống/Thuật ngữ			Rule information not found
lang_multi_text.db	ErrorCode_ErrPhantomSettingIndexRange	3.4	Hội thoại/Cốt truyện	Hệ thống/Thuật ngữ			Index out of range
lang_multi_text.db	ErrorCode_ErrPhantomSettingNameLength	3.4	Hội thoại/Cốt truyện	Hệ thống/Thuật ngữ			Name exceeds length limit
lang_multi_text.db	ErrorCode_ErrPhantomSettingNull	3.4	Hội thoại/Cốt truyện	Hệ thống/Thuật ngữ			Rule information not found
lang_multi_text.db	ErrorCode_ErrPhantomSettingRuleDuplicate	3.4	Hội thoại/Cốt truyện	Hệ thống/Thuật ngữ			Duplicate rule request
lang_multi_text.db	ErrorCode_ErrPhantomSettingRuleNotFound	3.4	Hội thoại/Cốt truyện	Hệ thống/Thuật ngữ			Rule configuration not found
lang_multi_text.db	ErrorCode_ErrPhantomSettingType	3.4	Hội thoại/Cốt truyện	Hệ thống/Thuật ngữ			Invalid rule type
lang_multi_text.db	ErrorCode_ErrPhantomSkinNotExist_Text	3.4	Hội thoại/Cốt truyện	Hệ thống/Thuật ngữ			Echo skin configuration does not exist
lang_multi_text.db	ErrorCode_ErrPhantomSkinNotUnlock_Text	3.4	Hội thoại/Cốt truyện	Hệ thống/Thuật ngữ			Echo skin not available
lang_multi_text.db	ErrorCode_ErrPhantomSkinRepeatOperation_Text	3.4	Hội thoại/Cốt truyện	Hệ thống/Thuật ngữ			Echo skin action repeated
lang_multi_text.db	ErrorCode_ErrPhonographMusicNotExist	3.4	Hội thoại/Cốt truyện	Hệ thống/Thuật ngữ			Phonograph music does not exist
lang_multi_text.db	ErrorCode_ErrPlayerAccountDeactivation	3.4	Hội thoại/Cốt truyện	Hệ thống/Thuật ngữ			Queried player account has been deleted
lang_multi_text.db	ErrorCode_ErrRequestAmount	3.4	Hội thoại/Cốt truyện	Hệ thống/Thuật ngữ			Invalid Echo number request
lang_multi_text.db	ErrorCode_ErrRequestParam	3.4	Hội thoại/Cốt truyện	Hệ thống/Thuật ngữ			Invalid query parameters
lang_multi_text.db	ErrorCode_ErrSlaveSceneBlockSplitFail_Text	3.4	Hội thoại/Cốt truyện	Hệ thống/Thuật ngữ			Assets for the current area have not been downloaded. Unable to enter Co-op Mode.
lang_multi_text.db	ErrorCode_ErrSpecificFurnitureCount	3.4	Hội thoại/Cốt truyện	Hệ thống/Thuật ngữ			Invalid Decoration number
lang_multi_text.db	ErrorCode_ErrSpringFestivalActivityConfigNotFound	3.4	Hội thoại/Cốt truyện	Hệ thống/Thuật ngữ			Event configuration does not exist
lang_multi_text.db	ErrorCode_ErrSpringFestivalActivityDataNotFound	3.4	Hội thoại/Cốt truyện	Hệ thống/Thuật ngữ			Event data does not exist
lang_multi_text.db	ErrorCode_ErrSpringFestivalActivityIdNotMatch	3.4	Hội thoại/Cốt truyện	Hệ thống/Thuật ngữ			Event ID not matched
lang_multi_text.db	ErrorCode_ErrSpringFestivalActivityNotOpen	3.4	Hội thoại/Cốt truyện	Hệ thống/Thuật ngữ			Event unavailable
lang_multi_text.db	ErrorCode_ErrSpringFestivalComponentNotFound	3.4	Hội thoại/Cốt truyện	Hệ thống/Thuật ngữ			Event component does not exist
lang_multi_text.db	ErrorCode_ErrSpringFestivalFuncLock	3.4	Hội thoại/Cốt truyện	Hệ thống/Thuật ngữ			Event function locked
lang_multi_text.db	ErrorCode_ErrSpringFestivalFuncNotExist	3.4	Hội thoại/Cốt truyện	Hệ thống/Thuật ngữ			Event function unlocking configuration does not exist
lang_multi_text.db	ErrorCode_ErrSpringFestivalFurnitureHadUnlock	3.4	Hội thoại/Cốt truyện	Hệ thống/Thuật ngữ			Furniture unlocked
lang_multi_text.db	ErrorCode_ErrSpringFestivalRuntimeInfoNotFound	3.4	Hội thoại/Cốt truyện	Hệ thống/Thuật ngữ			Event operational data does not exist
lang_multi_text.db	ErrorCode_ErrSynthesisBatchItemCntNotMatch	3.4	Hội thoại/Cốt truyện	Hệ thống/Thuật ngữ			Synthesis material quantity mismatch.
lang_multi_text.db	ErrorCode_ErrSynthesisBatchItemDeadLoop	3.4	Hội thoại/Cốt truyện	Hệ thống/Thuật ngữ			Infinite loop found in the Synthesis link.
lang_multi_text.db	ErrorCode_ErrSynthesisBatchItemNotSupport	3.4	Hội thoại/Cốt truyện	Hệ thống/Thuật ngữ			Items can only be Synthesized from materials of lower qualities.
lang_multi_text.db	ErrorCode_ErrSynthesisBatchItemReapeat	3.4	Hội thoại/Cốt truyện	Hệ thống/Thuật ngữ			Synthesis material not summarized via the client.
lang_multi_text.db	ErrorCode_ErrTetrisActivityDataNotFound	3.4	Hội thoại/Cốt truyện	Hệ thống/Thuật ngữ			Player data not found
lang_multi_text.db	ErrorCode_ErrTetrisConfigInvalid	3.4	Hội thoại/Cốt truyện	Hệ thống/Thuật ngữ			Invalid component type
lang_multi_text.db	ErrorCode_ErrTetrisLevelConfigNotExist	3.4	Hội thoại/Cốt truyện	Hệ thống/Thuật ngữ			Lahai-Roi Blocks configuration not found
lang_multi_text.db	ErrorCode_ErrTetrisLevelDifficultyIndexInvalid	3.4	Hội thoại/Cốt truyện	Hệ thống/Thuật ngữ			Invalid difficulty index
lang_multi_text.db	ErrorCode_ErrTetrisLevelHasRewarded	3.4	Hội thoại/Cốt truyện	Hệ thống/Thuật ngữ			Stage rewards already claimed
lang_multi_text.db	ErrorCode_ErrTetrisLevelInfoDuplicate	3.4	Hội thoại/Cốt truyện	Hệ thống/Thuật ngữ			Duplicate Request ID
lang_multi_text.db	ErrorCode_ErrTetrisLevelNotFinished	3.4	Hội thoại/Cốt truyện	Hệ thống/Thuật ngữ			Stage already completed
lang_multi_text.db	ErrorCode_ErrTetrisLevelRewardDuplicate	3.4	Hội thoại/Cốt truyện	Hệ thống/Thuật ngữ			Rewards already claimed
lang_multi_text.db	ErrorCode_ErrTetrisLevelStateInvalid	3.4	Hội thoại/Cốt truyện	Hệ thống/Thuật ngữ			Invalid status
lang_multi_text.db	ErrorCode_ErrTetrisPreLevelNotFinished	3.4	Hội thoại/Cốt truyện	Hệ thống/Thuật ngữ			Prerequisite stage not completed
lang_multi_text.db	ErrorCode_ErrTetrisScoreInvalid	3.4	Hội thoại/Cốt truyện	Hệ thống/Thuật ngữ			Invalid score
lang_multi_text.db	ErrorCode_ErrTetrisTargetScoreCountNotMatch	3.4	Hội thoại/Cốt truyện	Hệ thống/Thuật ngữ			Result score count mismatch
lang_multi_text.db	ErrorCode_ErrTetrisTargetScoreIdNotExist	3.4	Hội thoại/Cốt truyện	Hệ thống/Thuật ngữ			Target score key not found in configuration
lang_multi_text.db	ErrorCode_ErrTetrisTargetScoreNotEnough	3.4	Hội thoại/Cốt truyện	Hệ thống/Thuật ngữ			Insufficient target score
lang_multi_text.db	ErrorCode_ErrTowerChallengeTeleportLocked_Text	3.4	Hội thoại/Cốt truyện	Hệ thống/Thuật ngữ			Fast Travel point yet to be unlocked
lang_multi_text.db	ErrorCode_ErrTowerDefenceGroupActivity	3.4	Hội thoại/Cốt truyện	Hệ thống/Thuật ngữ			Level data configuration not found.
lang_multi_text.db	ErrorCode_ErrTowerDefenceGroupActivityC	3.4	Hội thoại/Cốt truyện	Hệ thống/Thuật ngữ			Level data configuration not found.
lang_multi_text.db	ErrorCode_ErrTowerDefenceGroupConfig	3.4	Hội thoại/Cốt truyện	Hệ thống/Thuật ngữ			Level data configuration not found.
lang_multi_text.db	ErrorCode_ErrTowerDefencePreInstNotPass	3.4	Hội thoại/Cốt truyện	Hệ thống/Thuật ngữ			The preceding stage is not cleared.
lang_multi_text.db	ErrorCode_ErrTowerDefenceRankCd	3.4	Hội thoại/Cốt truyện	Hệ thống/Thuật ngữ			Ranking data is in processing
lang_multi_text.db	ErrorCode_ErrorNewTowerBuffMax	3.4	Hội thoại/Cốt truyện	Hệ thống/Thuật ngữ			Buff selection limit reached
lang_multi_text.db	ErrorCode_ErrorNewTowerBuffNoMatch	3.4	Hội thoại/Cốt truyện	Hệ thống/Thuật ngữ			This buff cannot be applied in this stage
lang_multi_text.db	ErrorCode_ErrorNewTowerBuffRepeat	3.4	Hội thoại/Cốt truyện	Hệ thống/Thuật ngữ			Buff already selected
lang_multi_text.db	ErrorCode_ErrorNewTowerCurCycleNoConf	3.4	Hội thoại/Cốt truyện	Hệ thống/Thuật ngữ			Current cycle configuration not found
lang_multi_text.db	ErrorCode_ErrorNewTowerCycleNoConf	3.4	Hội thoại/Cốt truyện	Hệ thống/Thuật ngữ			Cycle configuration not found
lang_multi_text.db	ErrorCode_ErrorNewTowerCycleNoInTime	3.4	Hội thoại/Cốt truyện	Hệ thống/Thuật ngữ			Not within cycle time range
lang_multi_text.db	ErrorCode_ErrorNewTowerCycleNoLevel	3.4	Hội thoại/Cốt truyện	Hệ thống/Thuật ngữ			No stage for this cycle
lang_multi_text.db	ErrorCode_ErrorNewTowerEntityNoFind	3.4	Hội thoại/Cốt truyện	Hệ thống/Thuật ngữ			Entity data not found
lang_multi_text.db	ErrorCode_ErrorNewTowerInstStateErr_Text	3.4	Hội thoại/Cốt truyện	Hệ thống/Thuật ngữ			Dungeon process status error
lang_multi_text.db	ErrorCode_ErrorNewTowerIsInChallenge	3.4	Hội thoại/Cốt truyện	Hệ thống/Thuật ngữ			Challenge in progress
lang_multi_text.db	ErrorCode_ErrorNewTowerIsNoChallenge	3.4	Hội thoại/Cốt truyện	Hệ thống/Thuật ngữ			Not in challenge
lang_multi_text.db	ErrorCode_ErrorNewTowerLevelIdNotMatch	3.4	Hội thoại/Cốt truyện	Hệ thống/Thuật ngữ			Stage abnormal
lang_multi_text.db	ErrorCode_ErrorNewTowerLevelNoConf	3.4	Hội thoại/Cốt truyện	Hệ thống/Thuật ngữ			Stage configuration not found
lang_multi_text.db	ErrorCode_ErrorNewTowerLevelNoData	3.4	Hội thoại/Cốt truyện	Hệ thống/Thuật ngữ			Stage not available
lang_multi_text.db	ErrorCode_ErrorNewTowerNoCacheSet_Text	3.4	Hội thoại/Cốt truyện	Hệ thống/Thuật ngữ			Internal error
lang_multi_text.db	ErrorCode_ErrorNewTowerNoIndexTeamCache	3.4	Hội thoại/Cốt truyện	Hệ thống/Thuật ngữ			Specified team cache empty
lang_multi_text.db	ErrorCode_ErrorNewTowerNoTeamCache	3.4	Hội thoại/Cốt truyện	Hệ thống/Thuật ngữ			Team cache empty
lang_multi_text.db	ErrorCode_ErrorNewTowerNoTeamData_Text	3.4	Hội thoại/Cốt truyện	Hệ thống/Thuật ngữ			Internal error
lang_multi_text.db	ErrorCode_ErrorNewTowerRoleEmpty	3.4	Hội thoại/Cốt truyện	Hệ thống/Thuật ngữ			Resonator empty
lang_multi_text.db	ErrorCode_ErrorNewTowerRoleMax	3.4	Hội thoại/Cốt truyện	Hệ thống/Thuật ngữ			Max Resonator selection reached
lang_multi_text.db	ErrorCode_ErrorNewTowerRoleNoEnergy	3.4	Hội thoại/Cốt truyện	Hệ thống/Thuật ngữ			Insufficient Resonator Vigor
lang_multi_text.db	ErrorCode_ErrorNewTowerRoleNoMatch	3.4	Hội thoại/Cốt truyện	Hệ thống/Thuật ngữ			Resonator empty
lang_multi_text.db	ErrorCode_ErrorNewTowerRolePhantomNoMatch_Text	3.4	Hội thoại/Cốt truyện	Hệ thống/Thuật ngữ			Resonator Echo status abnormal
lang_multi_text.db	ErrorCode_ErrorNewTowerRoleRepeat	3.4	Hội thoại/Cốt truyện	Hệ thống/Thuật ngữ			Resonator already selected
lang_multi_text.db	ErrorCode_ErrorNewTowerRoleWeaponNoMatch_Text	3.4	Hội thoại/Cốt truyện	Hệ thống/Thuật ngữ			Resonator Weapon status abnormal
lang_multi_text.db	ErrorCode_ErrorNewTowerRoleWeaponPhantom_Text	3.4	Hội thoại/Cốt truyện	Hệ thống/Thuật ngữ			Resonator Weapon/Echo occupied
lang_multi_text.db	ErrorCode_ErrorNewTowerScoreEmpty	3.4	Hội thoại/Cốt truyện	Hệ thống/Thuật ngữ			Doubled Pawns Matrix: Pilot Point Rewards empty
lang_multi_text.db	ErrorCode_ErrorNewTowerScoreNoConf	3.4	Hội thoại/Cốt truyện	Hệ thống/Thuật ngữ			Doubled Pawns Matrix: Pilot Point Rewards configuration not found
lang_multi_text.db	ErrorCode_ErrorNewTowerScoreRepeat	3.4	Hội thoại/Cốt truyện	Hệ thống/Thuật ngữ			Doubled Pawns Matrix: Pilot Point Rewards repeated
lang_multi_text.db	ErrorCode_ErrorNewTowerScoreRewardMax	3.4	Hội thoại/Cốt truyện	Hệ thống/Thuật ngữ			Doubled Pawns Matrix: Pilot Point Rewards exceed maximum
lang_multi_text.db	ErrorCode_ErrorNewTowerSeasonAwardEmpty	3.4	Hội thoại/Cốt truyện	Hệ thống/Thuật ngữ			Cycle reward is empty
lang_multi_text.db	ErrorCode_ErrorNewTowerSeasonAwardNoConf	3.4	Hội thoại/Cốt truyện	Hệ thống/Thuật ngữ			Cycle reward configuration not found
lang_multi_text.db	ErrorCode_ErrorNewTowerSeasonAwardRepeat	3.4	Hội thoại/Cốt truyện	Hệ thống/Thuật ngữ			Cycle reward already claimed
lang_multi_text.db	ErrorCode_ErrorNewTowerSeasonAwardTimeout	3.4	Hội thoại/Cốt truyện	Hệ thống/Thuật ngữ			Cycle reward claim timed out
lang_multi_text.db	ErrorCode_ErrorNewTowerSeasonNoConf	3.4	Hội thoại/Cốt truyện	Hệ thống/Thuật ngữ			Cycle configuration not found
lang_multi_text.db	ErrorCode_ErrorNewTowerSeasonNotOpen	3.4	Hội thoại/Cốt truyện	Hệ thống/Thuật ngữ			Not in the valid period of the cycle
lang_multi_text.db	ErrorCode_ErrorNewTowerTeamIndexErr	3.4	Hội thoại/Cốt truyện	Hệ thống/Thuật ngữ			Cannot challenge across teams
lang_multi_text.db	ErrorCode_ErrorNewTowerTeamMax	3.4	Hội thoại/Cốt truyện	Hệ thống/Thuật ngữ			Team limited reached
lang_multi_text.db	ErrorCode_ErrorNewTowerWaveFinish	3.4	Hội thoại/Cốt truyện	Hệ thống/Thuật ngữ			All challenged completed
lang_multi_text.db	ErrorCode_ErrorNewTowerWaveNoInfo	3.4	Hội thoại/Cốt truyện	Hệ thống/Thuật ngữ			Failed to get team record information
lang_multi_text.db	ErrorCode_ErrorNoSceneComp	3.4	Hội thoại/Cốt truyện	Hệ thống/Thuật ngữ			Failed to get scene component
lang_multi_text.db	ErrorCode_ExhibitionComponentConfigNotFound	3.4	Hội thoại/Cốt truyện	Hệ thống/Thuật ngữ			Display component configuration doesnot exist
lang_multi_text.db	ErrorCode_ExhibitionEntityComponentNotFound	3.4	Hội thoại/Cốt truyện	Hệ thống/Thuật ngữ			Display entity configuration does not exist
lang_multi_text.db	ErrorCode_ExhibitionEntityOverlappingRequest	3.4	Hội thoại/Cốt truyện	Hệ thống/Thuật ngữ			Repeated display entity request
lang_multi_text.db	ErrorCode_ExhibitionPhantomConfigNotFound	3.4	Hội thoại/Cốt truyện	Hệ thống/Thuật ngữ			Display Echo configuration does not exist
lang_multi_text.db	ErrorCode_ExhibitionTypeInvalid	3.4	Hội thoại/Cốt truyện	Hệ thống/Thuật ngữ			Invalid display type
lang_multi_text.db	ErrorCode_FloroRanchActivitysNotFind_Text	3.4	Hội thoại/Cốt truyện	Hệ thống/Thuật ngữ			Event does not exist
lang_multi_text.db	ErrorCode_FloroRanchAnimalNumLimit_Text	3.4	Hội thoại/Cốt truyện	Hệ thống/Thuật ngữ			Echo quantity exceeds limit
lang_multi_text.db	ErrorCode_FloroRanchBaseCardLimit_Text	3.4	Hội thoại/Cốt truyện	Hệ thống/Thuật ngữ			Initial Echo length exceeds limit
lang_multi_text.db	ErrorCode_FloroRanchBaseTerrainLimit_Text	3.4	Hội thoại/Cốt truyện	Hệ thống/Thuật ngữ			Initial Dream Block length exceeds limit
lang_multi_text.db	ErrorCode_FloroRanchBuffTableNotExist_Text	3.4	Hội thoại/Cốt truyện	Hệ thống/Thuật ngữ			Dream Box does not exist
lang_multi_text.db	ErrorCode_FloroRanchCardGroupNotExist_Text	3.4	Hội thoại/Cốt truyện	Hệ thống/Thuật ngữ			Dream Box does not exist
lang_multi_text.db	ErrorCode_FloroRanchCardGroupTableNotExist_Text	3.4	Hội thoại/Cốt truyện	Hệ thống/Thuật ngữ			Dream Box does not exist
lang_multi_text.db	ErrorCode_FloroRanchCardNotExistInGacha_Text	3.4	Hội thoại/Cốt truyện	Hệ thống/Thuật ngữ			Echo not in Echo Recruitment
lang_multi_text.db	ErrorCode_FloroRanchCardTableNotExist_Text	3.4	Hội thoại/Cốt truyện	Hệ thống/Thuật ngữ			Echo does not exist
lang_multi_text.db	ErrorCode_FloroRanchDiamondNotEnough_Text	3.4	Hội thoại/Cốt truyện	Hệ thống/Thuật ngữ			Insufficient Frequency Crystals
lang_multi_text.db	ErrorCode_FloroRanchGamePlayGachaNotExist_Text	3.4	Hội thoại/Cốt truyện	Hệ thống/Thuật ngữ			Echo Recruitment complete
lang_multi_text.db	ErrorCode_FloroRanchGamePlayNotExist_Text	3.4	Hội thoại/Cốt truyện	Hệ thống/Thuật ngữ			Current cycle has been reset
lang_multi_text.db	ErrorCode_FloroRanchGamePlayShopItemNotExist_Text	3.4	Hội thoại/Cốt truyện	Hệ thống/Thuật ngữ			Shop item does not exist
lang_multi_text.db	ErrorCode_FloroRanchGamePlayShopNotExist_Text	3.4	Hội thoại/Cốt truyện	Hệ thống/Thuật ngữ			Shop does not exist
lang_multi_text.db	ErrorCode_FloroRanchHasUnSettleIns_Text	3.4	Hội thoại/Cốt truyện	Hệ thống/Thuật ngữ			There are unfinalized stages
lang_multi_text.db	ErrorCode_FloroRanchNotEnableUnlimitedMode_Text	3.4	Hội thoại/Cốt truyện	Hệ thống/Thuật ngữ			Infinite mode is not allowed
lang_multi_text.db	ErrorCode_FloroRanchNotEnoughToyIndex_Text	3.4	Hội thoại/Cốt truyện	Hệ thống/Thuật ngữ			Not enough space
lang_multi_text.db	ErrorCode_FloroRanchPhantomCreateFail_Text	3.4	Hội thoại/Cốt truyện	Hệ thống/Thuật ngữ			Failed to create Echo
lang_multi_text.db	ErrorCode_FloroRanchPlayTaskNotExist_Text	3.4	Hội thoại/Cốt truyện	Hệ thống/Thuật ngữ			Target error
lang_multi_text.db	ErrorCode_FloroRanchRaceLock_Text	3.4	Hội thoại/Cốt truyện	Hệ thống/Thuật ngữ			Dream Attribute locked
lang_multi_text.db	ErrorCode_FloroRanchRaceNotEnough_Text	3.4	Hội thoại/Cốt truyện	Hệ thống/Thuật ngữ			Insufficient Dream Attributes on the field
lang_multi_text.db	ErrorCode_FloroRanchRaceRepeat_Text	3.4	Hội thoại/Cốt truyện	Hệ thống/Thuật ngữ			Duplicate Dream Attributes on the field
lang_multi_text.db	ErrorCode_FloroRanchRaceTableNotFind_Text	3.4	Hội thoại/Cốt truyện	Hệ thống/Thuật ngữ			Dream Attribute does not exist
lang_multi_text.db	ErrorCode_FloroRanchRacesLimit_Text	3.4	Hội thoại/Cốt truyện	Hệ thống/Thuật ngữ			Invalid dream attribute parameters
lang_multi_text.db	ErrorCode_FloroRanchRefreshTableNotExist_Text	3.4	Hội thoại/Cốt truyện	Hệ thống/Thuật ngữ			Refresh error
lang_multi_text.db	ErrorCode_FloroRanchRemoveUnitNotExist_Text	3.4	Hội thoại/Cốt truyện	Hệ thống/Thuật ngữ			Removal target does not exist
lang_multi_text.db	ErrorCode_FloroRanchSkillLock_Text	3.4	Hội thoại/Cốt truyện	Hệ thống/Thuật ngữ			Blessing locked
lang_multi_text.db	ErrorCode_FloroRanchSkillLogicErr_Text	3.4	Hội thoại/Cốt truyện	Hệ thống/Thuật ngữ			Invalid use of Blessing
lang_multi_text.db	ErrorCode_FloroRanchSkillLogicFail_Text	3.4	Hội thoại/Cốt truyện	Hệ thống/Thuật ngữ			Failed to use Blessing
lang_multi_text.db	ErrorCode_FloroRanchSkillLogicNotExist_Text	3.4	Hội thoại/Cốt truyện	Hệ thống/Thuật ngữ			Blessing error
lang_multi_text.db	ErrorCode_FloroRanchSkillTableNotExist_Text	3.4	Hội thoại/Cốt truyện	Hệ thống/Thuật ngữ			Blessing error
lang_multi_text.db	ErrorCode_FloroRanchSkillUseTimesLimit_Text	3.4	Hội thoại/Cốt truyện	Hệ thống/Thuật ngữ			Blessing usage exceeds limit
lang_multi_text.db	ErrorCode_FloroRanchStageNotSettle_Text	3.4	Hội thoại/Cốt truyện	Hệ thống/Thuật ngữ			Phase not finalized
lang_multi_text.db	ErrorCode_FloroRanchSubInsConfNotExist_Text	3.4	Hội thoại/Cốt truyện	Hệ thống/Thuật ngữ			Stage configuration not found
lang_multi_text.db	ErrorCode_FloroRanchSubInsLock_Text	3.4	Hội thoại/Cốt truyện	Hệ thống/Thuật ngữ			Stage locked
lang_multi_text.db	ErrorCode_FloroRanchTerrainTableNotExist_Text	3.4	Hội thoại/Cốt truyện	Hệ thống/Thuật ngữ			Dream Block does not exist
lang_multi_text.db	ErrorCode_FloroRanchToyCreateFail_Text	3.4	Hội thoại/Cốt truyện	Hệ thống/Thuật ngữ			Failed to create item
lang_multi_text.db	ErrorCode_FloroRanchToyNumLimit_Text	3.4	Hội thoại/Cốt truyện	Hệ thống/Thuật ngữ			Item quantity exceeds limit
lang_multi_text.db	ErrorCode_FloroRanchToyTableNotExist_Text	3.4	Hội thoại/Cốt truyện	Hệ thống/Thuật ngữ			Item does not exist
lang_multi_text.db	ErrorCode_FloroRanchToyWeightConfErr_Text	3.4	Hội thoại/Cốt truyện	Hệ thống/Thuật ngữ			Item weight configuration error
lang_multi_text.db	ErrorCode_FloroRanchTributeCoinLimit_Text	3.4	Hội thoại/Cốt truyện	Hệ thống/Thuật ngữ			Insufficient Dreamland Coupons
lang_multi_text.db	ErrorCode_FunctionUnlocked	3.4	Hội thoại/Cốt truyện	Hệ thống/Thuật ngữ			Function locked
lang_multi_text.db	ErrorCode_GachaRoleDevelopInsNotOpen	3.4	Hội thoại/Cốt truyện	Hệ thống/Thuật ngữ			Challenge closed or currently in Co-op Mode
lang_multi_text.db	ErrorCode_H5ViewActivityNotFindDb	3.4	Hội thoại/Cốt truyện	Hệ thống/Thuật ngữ			Unable to fetch player information. Please try again later.
lang_multi_text.db	ErrorCode_HarvestActivityLimitDataNotFind_Text	3.4	Hội thoại/Cốt truyện	Hệ thống/Thuật ngữ			The parameters of the event are incorrect, if you have any questions, please contact customer service to deal with them.
lang_multi_text.db	ErrorCode_HarvestDiffConfigNotFind_Text	3.4	Hội thoại/Cốt truyện	Hệ thống/Thuật ngữ			The parameters of the event are incorrect, if you have any questions, please contact customer service to deal with them.
lang_multi_text.db	ErrorCode_HarvestInstIdInValid_Text	3.4	Hội thoại/Cốt truyện	Hệ thống/Thuật ngữ			The parameters of the event are incorrect, if you have any questions, please contact customer service to deal with them.
lang_multi_text.db	ErrorCode_HarvestInstNotOpen_Text	3.4	Hội thoại/Cốt truyện	Hệ thống/Thuật ngữ			The event is over. You cannot earn more points.
lang_multi_text.db	ErrorCode_HarvestResultCacheNotExist_Text	3.4	Hội thoại/Cốt truyện	Hệ thống/Thuật ngữ			The parameters of the event are incorrect, if you have any questions, please contact customer service to deal with them.
lang_multi_text.db	ErrorCode_HarvestVarNotExist_Text	3.4	Hội thoại/Cốt truyện	Hệ thống/Thuật ngữ			The parameters of the event are incorrect, if you have any questions, please contact customer service to deal with them.
lang_multi_text.db	ErrorCode_HasRoguelikeProgressCanNotChangeSex	3.4	Hội thoại/Cốt truyện	Hệ thống/Thuật ngữ			A Depths of Illusive Realm challenge is ongoing now. Unable to switch.
lang_multi_text.db	ErrorCode_InfrRoadSwitchTraceInMulti_Text	3.4	Hội thoại/Cốt truyện	Hệ thống/Thuật ngữ			Cannot switch in Co-op Mode
lang_multi_text.db	ErrorCode_InfrV2DropNoFind	3.4	Hội thoại/Cốt truyện	Hệ thống/Thuật ngữ			Unable to obtain the corresponding item
lang_multi_text.db	ErrorCode_InfrV2FireAddExpNegative	3.4	Hội thoại/Cốt truyện	Hệ thống/Thuật ngữ			Unable to add negative EXP
lang_multi_text.db	ErrorCode_InfrV2FireAlreadyMaxLevel	3.4	Hội thoại/Cốt truyện	Hệ thống/Thuật ngữ			Base Camp is at Max Level
lang_multi_text.db	ErrorCode_InfrV2FireConditionNotMet	3.4	Hội thoại/Cốt truyện	Hệ thống/Thuật ngữ			Base Camp upgrade conditions not met
lang_multi_text.db	ErrorCode_InfrV2FireExpNotEnough	3.4	Hội thoại/Cốt truyện	Hệ thống/Thuật ngữ			Base Camp upgrade conditions not met
lang_multi_text.db	ErrorCode_InfrV2FireLevelNotInProgress	3.4	Hội thoại/Cốt truyện	Hệ thống/Thuật ngữ			Base Camp cannot be upgraded now
lang_multi_text.db	ErrorCode_InfrV2HadReward	3.4	Hội thoại/Cốt truyện	Hệ thống/Thuật ngữ			This item has already been claimed
lang_multi_text.db	ErrorCode_InfrV2LevelCfgNotFound	3.4	Hội thoại/Cốt truyện	Hệ thống/Thuật ngữ			Into the Land of Paradox configuration not found
lang_multi_text.db	ErrorCode_InfrV2NoReward	3.4	Hội thoại/Cốt truyện	Hệ thống/Thuật ngữ			Rewards not claimed
lang_multi_text.db	ErrorCode_InfrV2NotOpen	3.4	Hội thoại/Cốt truyện	Hệ thống/Thuật ngữ			Into the Land of Paradox event not available yet
lang_multi_text.db	ErrorCode_InfrV2ParamAgainErr	3.4	Hội thoại/Cốt truyện	Hệ thống/Thuật ngữ			Repeated request
lang_multi_text.db	ErrorCode_InfrV2ParamCountErr	3.4	Hội thoại/Cốt truyện	Hệ thống/Thuật ngữ			Parameter quantity error
lang_multi_text.db	ErrorCode_InfrV2ShopGoodsCfgNotFound	3.4	Hội thoại/Cốt truyện	Hệ thống/Thuật ngữ			Into the Land of Paradox configuration not found
lang_multi_text.db	ErrorCode_InfrV2ShopPhaseCfgNotFound	3.4	Hội thoại/Cốt truyện	Hệ thống/Thuật ngữ			Into the Land of Paradox configuration not found
lang_multi_text.db	ErrorCode_InfrV2TaskFindErr	3.4	Hội thoại/Cốt truyện	Hệ thống/Thuật ngữ			Quest configuration does not exist
lang_multi_text.db	ErrorCode_InfrV2TaskRunning	3.4	Hội thoại/Cốt truyện	Hệ thống/Thuật ngữ			Quest is still in progress
lang_multi_text.db	ErrorCode_InfrV2TreeBuildCfgNotFound	3.4	Hội thoại/Cốt truyện	Hệ thống/Thuật ngữ			No Voidbane Eldertree data
lang_multi_text.db	ErrorCode_InfrV2TreeCannotTrace	3.4	Hội thoại/Cốt truyện	Hệ thống/Thuật ngữ			Unable to track Voidbane Eldertree
lang_multi_text.db	ErrorCode_InfrV2TreeConditionNotMet	3.4	Hội thoại/Cốt truyện	Hệ thống/Thuật ngữ			Voidbane Eldertree Restoration conditions not met
lang_multi_text.db	ErrorCode_InfrV2TreeNotInProgress	3.4	Hội thoại/Cốt truyện	Hệ thống/Thuật ngữ			Voidbane Eldertree cannot be restored in its current state
lang_multi_text.db	ErrorCode_InfrV2TreeSwitchTraceInMulti	3.4	Hội thoại/Cốt truyện	Hệ thống/Thuật ngữ			Unable to switch while in Co-op Mode
lang_multi_text.db	ErrorCode_InstanceCannotSetQuestFocus	3.4	Hội thoại/Cốt truyện	Hệ thống/Thuật ngữ			Unable to configure Focus Mode in domain.
lang_multi_text.db	ErrorCode_ItemTypeNotMatched	3.4	Hội thoại/Cốt truyện	Hệ thống/Thuật ngữ			Item type does not match display type
lang_multi_text.db	ErrorCode_MaterialReplaceErrConsumeNum	3.4	Hội thoại/Cốt truyện	Hệ thống/Thuật ngữ			Erroneous item quantity
lang_multi_text.db	ErrorCode_MaterialReplaceNoConsumeConfig	3.4	Hội thoại/Cốt truyện	Hệ thống/Thuật ngữ			No replacement configuration found for the spendable item
lang_multi_text.db	ErrorCode_MaterialReplaceNoSameGroup	3.4	Hội thoại/Cốt truyện	Hệ thống/Thuật ngữ			The items for exchange belong to different groups. Try again
lang_multi_text.db	ErrorCode_MaterialReplaceNoTargetConfig	3.4	Hội thoại/Cốt truyện	Hệ thống/Thuật ngữ			No replacement configuration found for the target item
lang_multi_text.db	ErrorCode_MotorExpInvalid_Text	3.4	Hội thoại/Cốt truyện	Hệ thống/Thuật ngữ			Invalid Modding EXP.
lang_multi_text.db	ErrorCode_MotorFightActivityEnd_Text	3.4	Hội thoại/Cốt truyện	Hệ thống/Thuật ngữ			This event has ended
lang_multi_text.db	ErrorCode_MotorFrameCfgNotFound_Text	3.4	Hội thoại/Cốt truyện	Hệ thống/Thuật ngữ			Motorbike chassis configuration not found.
lang_multi_text.db	ErrorCode_MotorFuncNotOpen_Text	3.4	Hội thoại/Cốt truyện	Hệ thống/Thuật ngữ			You haven't unlocked the expedition motorbike yet.
lang_multi_text.db	ErrorCode_MotorLevelRewardAllClaimed_Text	3.4	Hội thoại/Cốt truyện	Hệ thống/Thuật ngữ			Motorbike rewards already claimed.
lang_multi_text.db	ErrorCode_MotorLvlConfigNotFound_Text	3.4	Hội thoại/Cốt truyện	Hệ thống/Thuật ngữ			Unable to find the corresponding Modding Points.
lang_multi_text.db	ErrorCode_MotorOutlookBanInRegion_Text	3.4	Hội thoại/Cốt truyện	Hệ thống/Thuật ngữ			Motorbike appearance cannot be used in the current area.
lang_multi_text.db	ErrorCode_MotorOutlookConflict_Text	3.4	Hội thoại/Cốt truyện	Hệ thống/Thuật ngữ			Incompatible Motorbike appearance composition.
lang_multi_text.db	ErrorCode_MotorOutlookLocked_Text	3.4	Hội thoại/Cốt truyện	Hệ thống/Thuật ngữ			Current Motorbike appearance is locked.
lang_multi_text.db	ErrorCode_MotorOutlookNotOwned_Text	3.4	Hội thoại/Cốt truyện	Hệ thống/Thuật ngữ			Motorbike appearance not owned.
lang_multi_text.db	ErrorCode_MotorParkourGetTimeRecordFailed	3.4	Hội thoại/Cốt truyện	Hệ thống/Thuật ngữ			Cannot get time
lang_multi_text.db	ErrorCode_MotorParkourInstComponentNotExist	3.4	Hội thoại/Cốt truyện	Hệ thống/Thuật ngữ			Component instance unknown
lang_multi_text.db	ErrorCode_MotorParkourLevelNoOpen	3.4	Hội thoại/Cốt truyện	Hệ thống/Thuật ngữ			Not yet available
lang_multi_text.db	ErrorCode_MotorParkourNoConfig	3.4	Hội thoại/Cốt truyện	Hệ thống/Thuật ngữ			Event configuration unknown
lang_multi_text.db	ErrorCode_MotorPlayerClimbing_Text	3.4	Hội thoại/Cốt truyện	Hệ thống/Thuật ngữ			Notice: This action cannot be performed while climbing.
lang_multi_text.db	ErrorCode_MotorPlayerInAir_Text	3.4	Hội thoại/Cốt truyện	Hệ thống/Thuật ngữ			Notice: This action cannot be performed while in mid-air.
lang_multi_text.db	ErrorCode_MotorPlayerInWater_Text	3.4	Hội thoại/Cốt truyện	Hệ thống/Thuật ngữ			Notice: This action cannot be performed while swimming.
lang_multi_text.db	ErrorCode_MotorPlayerOnMotor_Text	3.4	Hội thoại/Cốt truyện	Hệ thống/Thuật ngữ			Notice: This action cannot be performed while riding.
lang_multi_text.db	ErrorCode_MotorPlayerUsingSkill_Text	3.4	Hội thoại/Cốt truyện	Hệ thống/Thuật ngữ			Cannot perform this action in current state
lang_multi_text.db	ErrorCode_MotorStickerCfgNotFound_Text	3.4	Hội thoại/Cốt truyện	Hệ thống/Thuật ngữ			Motorbike Livery not found.
lang_multi_text.db	ErrorCode_MotorStickerPartCountError_Text	3.4	Hội thoại/Cốt truyện	Hệ thống/Thuật ngữ			Motorbike Sticker partition number error.
lang_multi_text.db	ErrorCode_MotorStickerPartIdError_Text	3.4	Hội thoại/Cốt truyện	Hệ thống/Thuật ngữ			Motorbike Sticker partition mismatch.
lang_multi_text.db	ErrorCode_MotorTaskCannotRewarded_Text	3.4	Hội thoại/Cốt truyện	Hệ thống/Thuật ngữ			Task Reward Claim error.
lang_multi_text.db	ErrorCode_MotorTaskCfgNotFound_Text	3.4	Hội thoại/Cốt truyện	Hệ thống/Thuật ngữ			Task configuration data not found.
lang_multi_text.db	ErrorCode_MotorTaskInvalidParam_Text	3.4	Hội thoại/Cốt truyện	Hệ thống/Thuật ngữ			Task Reward invalid parameter.
lang_multi_text.db	ErrorCode_MotorTaskNotInOneTree_Text	3.4	Hội thoại/Cốt truyện	Hệ thống/Thuật ngữ			Expansion Module and Modding Points Task mismatch.
lang_multi_text.db	ErrorCode_MotorTechCfgNotFound_Text	3.4	Hội thoại/Cốt truyện	Hệ thống/Thuật ngữ			Unable to find Module configuration.
lang_multi_text.db	ErrorCode_MotorTechLevelLower_Text	3.4	Hội thoại/Cốt truyện	Hệ thống/Thuật ngữ			Module Level cannot be downgraded.
lang_multi_text.db	ErrorCode_MotorTechLevelMax_Text	3.4	Hội thoại/Cốt truyện	Hệ thống/Thuật ngữ			The current Module is at max Level.
lang_multi_text.db	ErrorCode_MotorTechNotUnlocked_Text	3.4	Hội thoại/Cốt truyện	Hệ thống/Thuật ngữ			The current Module is locked.
lang_multi_text.db	ErrorCode_MotorTechPreNodeLock_Text	3.4	Hội thoại/Cốt truyện	Hệ thống/Thuật ngữ			Invalid Action. The prerequisite Module is still locked.
lang_multi_text.db	ErrorCode_MotorTechPreNotUpgraded_Text	3.4	Hội thoại/Cốt truyện	Hệ thống/Thuật ngữ			Invalid Action. The preceding Module has not been upgraded.
lang_multi_text.db	ErrorCode_MotorTechTreeCfgNotFound_Text	3.4	Hội thoại/Cốt truyện	Hệ thống/Thuật ngữ			Module configuration not found.
lang_multi_text.db	ErrorCode_MotorTechTreeLocked_Text	3.4	Hội thoại/Cốt truyện	Hệ thống/Thuật ngữ			You haven't unlocked the Expansion Module feature yet.
lang_multi_text.db	ErrorCode_NewTowerNoActivityData	3.4	Hội thoại/Cốt truyện	Hệ thống/Thuật ngữ			No event data available
lang_multi_text.db	ErrorCode_NewTowerNoHistoryData	3.4	Hội thoại/Cốt truyện	Hệ thống/Thuật ngữ			Previous phase data error
lang_multi_text.db	ErrorCode_NewTowerNoLastCycleIdReview	3.4	Hội thoại/Cốt truyện	Hệ thống/Thuật ngữ			No previous phase data available
lang_multi_text.db	ErrorCode_NoAttriConfirmable	3.4	Hội thoại/Cốt truyện	Hệ thống/Thuật ngữ			No stats to be confirmed
lang_multi_text.db	ErrorCode_NoValidPhantom	3.4	Hội thoại/Cốt truyện	Hệ thống/Thuật ngữ			No Echoes can be tuned to the target stat
lang_multi_text.db	ErrorCode_PhantomMainAttriNotMatched	3.4	Hội thoại/Cốt truyện	Hệ thống/Thuật ngữ			This Echo's mainstat does not match
lang_multi_text.db	ErrorCode_PhantomSubRefineFailed	3.4	Hội thoại/Cốt truyện	Hệ thống/Thuật ngữ			Stat modification failed
lang_multi_text.db	ErrorCode_PhantomTargetInvalid	3.4	Hội thoại/Cốt truyện	Hệ thống/Thuật ngữ			This Echo cannot be modified
lang_multi_text.db	ErrorCode_PinballCompStateInvalid_Text	3.4	Hội thoại/Cốt truyện	Hệ thống/Thuật ngữ			Challenge status updated
lang_multi_text.db	ErrorCode_PlayerNotInMotorArea_Text	3.4	Hội thoại/Cốt truyện	Hệ thống/Thuật ngữ			This area is inaccessible by motorbike.
lang_multi_text.db	ErrorCode_QuestFocusModeCannotAcceptQuest	3.4	Hội thoại/Cốt truyện	Hệ thống/Thuật ngữ			Unable to cancel Focus Mode in Domain.
lang_multi_text.db	ErrorCode_QuestWaitConfirmResource_Text	3.4	Hội thoại/Cốt truyện	Hệ thống/Thuật ngữ			Story assets are missing for this quest. Please open the Quest page and proceed to download the missing assets.
lang_multi_text.db	ErrorCode_RacingBetsNotFindOrderListDango	3.4	Hội thoại/Cốt truyện	Hệ thống/Thuật ngữ			Unable to find the Cube of the specified order
lang_multi_text.db	ErrorCode_RequestItemDuplicated	3.4	Hội thoại/Cốt truyện	Hệ thống/Thuật ngữ			Requested item already exists
lang_multi_text.db	ErrorCode_ResRogueCommon	3.4	Hội thoại/Cốt truyện	Hệ thống/Thuật ngữ			System error, please contact customer service
lang_multi_text.db	ErrorCode_RhythmActivityCfgNotFound_Text	3.4	Hội thoại/Cốt truyện	Hệ thống/Thuật ngữ			Soar to the Beat event configuration not found
lang_multi_text.db	ErrorCode_RhythmActivityDataNotExist_Text	3.4	Hội thoại/Cốt truyện	Hệ thống/Thuật ngữ			Soar to the Beat event data not found
lang_multi_text.db	ErrorCode_RhythmActivityEnd_Text	3.4	Hội thoại/Cốt truyện	Hệ thống/Thuật ngữ			The event is over
lang_multi_text.db	ErrorCode_RhythmActivityIdMisMatch_Text	3.4	Hội thoại/Cốt truyện	Hệ thống/Thuật ngữ			Soar to the Beat event mismatch
lang_multi_text.db	ErrorCode_RhythmActivityTypeNotMatch_Text	3.4	Hội thoại/Cốt truyện	Hệ thống/Thuật ngữ			Event type mismatch
lang_multi_text.db	ErrorCode_RhythmGetRankInCd_Text	3.4	Hội thoại/Cốt truyện	Hệ thống/Thuật ngữ			Leaderboard data in CD
lang_multi_text.db	ErrorCode_RhythmInMulti_Text	3.4	Hội thoại/Cốt truyện	Hệ thống/Thuật ngữ			Soar to the Beat is unavailable in Co-op Mode
lang_multi_text.db	ErrorCode_RhythmInputInvalid_Text	3.4	Hội thoại/Cốt truyện	Hệ thống/Thuật ngữ			Soar to the Beat input parameter error
lang_multi_text.db	ErrorCode_RhythmInstNotMatch_Text	3.4	Hội thoại/Cốt truyện	Hệ thống/Thuật ngữ			Challenge type mismatch
lang_multi_text.db	ErrorCode_RhythmInvalidPayload_Text	3.4	Hội thoại/Cốt truyện	Hệ thống/Thuật ngữ			Invalid payload
lang_multi_text.db	ErrorCode_RhythmLevelCfgNotFound_Text	3.4	Hội thoại/Cốt truyện	Hệ thống/Thuật ngữ			Soar to the Beat stage configuration not found
lang_multi_text.db	ErrorCode_RhythmLevelNotOpen_Text	3.4	Hội thoại/Cốt truyện	Hệ thống/Thuật ngữ			Soar to the Beat stage not available
lang_multi_text.db	ErrorCode_RhythmNoPartnerRoleId_Text	3.4	Hội thoại/Cốt truyện	Hệ thống/Thuật ngữ			No Companion Resonator available
lang_multi_text.db	ErrorCode_RhythmNotInLimitTime_Text	3.4	Hội thoại/Cốt truyện	Hệ thống/Thuật ngữ			Soar to the Beat is out of the Limited-Time window
lang_multi_text.db	ErrorCode_RhythmPartnerNotSet_Text	3.4	Hội thoại/Cốt truyện	Hệ thống/Thuật ngữ			Soar to the Beat Companion net selected
lang_multi_text.db	ErrorCode_RhythmPlanetCfgNotFound_Text	3.4	Hội thoại/Cốt truyện	Hệ thống/Thuật ngữ			Soar to the Beat planet configuration not found
lang_multi_text.db	ErrorCode_RhythmPlanetNotOpen_Text	3.4	Hội thoại/Cốt truyện	Hệ thống/Thuật ngữ			Soar to the Beat planet not available
lang_multi_text.db	ErrorCode_RhythmPreSubLevelNotCompleted_Text	3.4	Hội thoại/Cốt truyện	Hệ thống/Thuật ngữ			Soar to the Beat prerequisite stage not completed
lang_multi_text.db	ErrorCode_RhythmRoleCfgNotFound_Text	3.4	Hội thoại/Cốt truyện	Hệ thống/Thuật ngữ			Soar to the Beat Resonator configuration not found
lang_multi_text.db	ErrorCode_RhythmRoleLock_Text	3.4	Hội thoại/Cốt truyện	Hệ thống/Thuật ngữ			Soar to the Beat Resonator not available
lang_multi_text.db	ErrorCode_RhythmStartInfoLost_Text	3.4	Hội thoại/Cốt truyện	Hệ thống/Thuật ngữ			Soar to the Beat battle data missing
lang_multi_text.db	ErrorCode_RhythmSubLevelCfgNotFound_Text	3.4	Hội thoại/Cốt truyện	Hệ thống/Thuật ngữ			Soar to the Beat sub-stage configuration not found
lang_multi_text.db	ErrorCode_RhythmSubLevelNotMatch_Text	3.4	Hội thoại/Cốt truyện	Hệ thống/Thuật ngữ			Soar to the Beat sub-stage data mismatch
lang_multi_text.db	ErrorCode_RhythmSubLevelNotOpen_Text	3.4	Hội thoại/Cốt truyện	Hệ thống/Thuật ngữ			The Soar to the Beat Stage is not yet available
lang_multi_text.db	ErrorCode_RhythmTaskCannotReward_Text	3.4	Hội thoại/Cốt truyện	Hệ thống/Thuật ngữ			Soar to the Beat rewards can't be claimed
lang_multi_text.db	ErrorCode_RhythmTaskCfgNotFound_Text	3.4	Hội thoại/Cốt truyện	Hệ thống/Thuật ngữ			Soar to the Beat quest configuration not found
lang_multi_text.db	ErrorCode_RogueHotEntryLock	3.4	Hội thoại/Cốt truyện	Hệ thống/Thuật ngữ			Depths of Illusive Realm Memetic Tuning option locked
lang_multi_text.db	ErrorCode_RogueInstConfNoFind	3.4	Hội thoại/Cốt truyện	Hệ thống/Thuật ngữ			Depths of Illusive Realm instance configuration not found
lang_multi_text.db	ErrorCode_RoguePhantomLock	3.4	Hội thoại/Cốt truyện	Hệ thống/Thuật ngữ			Depths of Illusive Realm Illusive Echo locked
lang_multi_text.db	ErrorCode_RogueRoleLock	3.4	Hội thoại/Cốt truyện	Hệ thống/Thuật ngữ			Depths of Illusive Realm Resonator locked
lang_multi_text.db	ErrorCode_RogueWeeklyArtifactsEmpty_Text	3.4	Hội thoại/Cốt truyện	Hệ thống/Thuật ngữ			Sigil List Empty
lang_multi_text.db	ErrorCode_RogueWeeklyArtifactsIndexErr_Text	3.4	Hội thoại/Cốt truyện	Hệ thống/Thuật ngữ			Sigil Log Incorrect
lang_multi_text.db	ErrorCode_RogueWeeklyParamErr	3.4	Hội thoại/Cốt truyện	Hệ thống/Thuật ngữ			Wrong parameters
lang_multi_text.db	ErrorCode_SlashAndTowerParamErr	3.4	Hội thoại/Cốt truyện	Hệ thống/Thuật ngữ			Wrong parameters
lang_multi_text.db	ErrorCode_StrangerHostCount_Text	3.4	Hội thoại/Cốt truyện	Hệ thống/Thuật ngữ			You've reached today's message limit in public chat. Please try again tomorrow or use private chat.
lang_multi_text.db	ErrorCode_SurvivorsActivityNoConf_Text	3.4	Hội thoại/Cốt truyện	Hệ thống/Thuật ngữ			Event data not found
lang_multi_text.db	ErrorCode_SurvivorsActivityNoData_Text	3.4	Hội thoại/Cốt truyện	Hệ thống/Thuật ngữ			Event data not found
lang_multi_text.db	ErrorCode_SurvivorsAllLock_Text	3.4	Hội thoại/Cốt truyện	Hệ thống/Thuật ngữ			All purchasable items have been locked, unable to refresh
lang_multi_text.db	ErrorCode_SurvivorsCantBuy_Text	3.4	Hội thoại/Cốt truyện	Hệ thống/Thuật ngữ			Not purchasable
lang_multi_text.db	ErrorCode_SurvivorsComponentNoFind_Text	3.4	Hội thoại/Cốt truyện	Hệ thống/Thuật ngữ			Scene modules missing
lang_multi_text.db	ErrorCode_SurvivorsGoldNoEnough_Text	3.4	Hội thoại/Cốt truyện	Hệ thống/Thuật ngữ			Insufficient Enhancement Modules
lang_multi_text.db	ErrorCode_SurvivorsInstIdErr_Text	3.4	Hội thoại/Cốt truyện	Hệ thống/Thuật ngữ			Stage Error
lang_multi_text.db	ErrorCode_SurvivorsInstLock_Text	3.4	Hội thoại/Cốt truyện	Hệ thống/Thuật ngữ			Stage Locked
lang_multi_text.db	ErrorCode_SurvivorsInstNoEndlessMode_Text	3.4	Hội thoại/Cốt truyện	Hệ thống/Thuật ngữ			Helltide Mode is unavailable in this Stage
lang_multi_text.db	ErrorCode_SurvivorsInstNotTime_Text	3.4	Hội thoại/Cốt truyện	Hệ thống/Thuật ngữ			Not yet available
lang_multi_text.db	ErrorCode_SurvivorsItemNoFind_Text	3.4	Hội thoại/Cốt truyện	Hệ thống/Thuật ngữ			Item buff missing
lang_multi_text.db	ErrorCode_SurvivorsLevelCantUseRole_Text	3.4	Hội thoại/Cốt truyện	Hệ thống/Thuật ngữ			This Resonator cannot be used in this stage
lang_multi_text.db	ErrorCode_SurvivorsLevelCantUseWeapon_Text	3.4	Hội thoại/Cốt truyện	Hệ thống/Thuật ngữ			This weapon cannot be used in this stage
lang_multi_text.db	ErrorCode_SurvivorsLevelNoConf_Text	3.4	Hội thoại/Cốt truyện	Hệ thống/Thuật ngữ			Stage data missing
lang_multi_text.db	ErrorCode_SurvivorsNeedContinue_Text	3.4	Hội thoại/Cốt truyện	Hệ thống/Thuật ngữ			Saved progress for another stage exists. Please finalize first.
lang_multi_text.db	ErrorCode_SurvivorsNeedPassNormalMode_Text	3.4	Hội thoại/Cốt truyện	Hệ thống/Thuật ngữ			Helltide Mode is available upon clearing this Stage
lang_multi_text.db	ErrorCode_SurvivorsNoLastInstData_Text	3.4	Hội thoại/Cốt truyện	Hệ thống/Thuật ngữ			Not saved
lang_multi_text.db	ErrorCode_SurvivorsNoRestSelectCount_Text	3.4	Hội thoại/Cốt truyện	Hệ thống/Thuật ngữ			Insufficient selection chances
lang_multi_text.db	ErrorCode_SurvivorsNoRoleAndWeapon_Text	3.4	Hội thoại/Cốt truyện	Hệ thống/Thuật ngữ			Resonator and weapon empty
lang_multi_text.db	ErrorCode_SurvivorsNoSupportGiveUp_Text	3.4	Hội thoại/Cốt truyện	Hệ thống/Thuật ngữ			Unable to abandon
lang_multi_text.db	ErrorCode_SurvivorsNoSupportMultiSelect_Text	3.4	Hội thoại/Cốt truyện	Hệ thống/Thuật ngữ			Multi-line unsupported
lang_multi_text.db	ErrorCode_SurvivorsNoVar_Text	3.4	Hội thoại/Cốt truyện	Hệ thống/Thuật ngữ			Quantity change does not exist
lang_multi_text.db	ErrorCode_SurvivorsNotInitOp_Text	3.4	Hội thoại/Cốt truyện	Hệ thống/Thuật ngữ			Unable to initiate page interface
lang_multi_text.db	ErrorCode_SurvivorsNotSelectOp_Text	3.4	Hội thoại/Cốt truyện	Hệ thống/Thuật ngữ			Unable to select page interface
lang_multi_text.db	ErrorCode_SurvivorsOpNotFind_Text	3.4	Hội thoại/Cốt truyện	Hệ thống/Thuật ngữ			Page interface missing
lang_multi_text.db	ErrorCode_SurvivorsOptionEmpty_Text	3.4	Hội thoại/Cốt truyện	Hệ thống/Thuật ngữ			Selection data empty
lang_multi_text.db	ErrorCode_SurvivorsOptionIsSelect_Text	3.4	Hội thoại/Cốt truyện	Hệ thống/Thuật ngữ			Please do not repeatedly claim
lang_multi_text.db	ErrorCode_SurvivorsRandomEmpty_Text	3.4	Hội thoại/Cốt truyện	Hệ thống/Thuật ngữ			Random result empty
lang_multi_text.db	ErrorCode_SurvivorsRandomGuaranteedEmpty_Text	3.4	Hội thoại/Cốt truyện	Hệ thống/Thuật ngữ			Guaranteed pity result empty
lang_multi_text.db	ErrorCode_SurvivorsRefreshCostFail_Text	3.4	Hội thoại/Cốt truyện	Hệ thống/Thuật ngữ			No times Refreshed data
lang_multi_text.db	ErrorCode_SurvivorsRefreshOpFail_Text	3.4	Hội thoại/Cốt truyện	Hệ thống/Thuật ngữ			Refresh Failed
lang_multi_text.db	ErrorCode_SurvivorsRepeatSelect_Text	3.4	Hội thoại/Cốt truyện	Hệ thống/Thuật ngữ			Please do not re-select
lang_multi_text.db	ErrorCode_SurvivorsRoleLvMax_Text	3.4	Hội thoại/Cốt truyện	Hệ thống/Thuật ngữ			Resonator upgrade card exceed level number
lang_multi_text.db	ErrorCode_SurvivorsRoleLvNoConf_Text	3.4	Hội thoại/Cốt truyện	Hệ thống/Thuật ngữ			Resonator upgrade card data missing
lang_multi_text.db	ErrorCode_SurvivorsRoleNoFind_Text	3.4	Hội thoại/Cốt truyện	Hệ thống/Thuật ngữ			Resonator buff missing
lang_multi_text.db	ErrorCode_SurvivorsRoleNoMatch_Text	3.4	Hội thoại/Cốt truyện	Hệ thống/Thuật ngữ			Selected resonator does not match save data
lang_multi_text.db	ErrorCode_SurvivorsSelectEmpty_Text	3.4	Hội thoại/Cốt truyện	Hệ thống/Thuật ngữ			Selection empty
lang_multi_text.db	ErrorCode_SurvivorsSelectErr_Text	3.4	Hội thoại/Cốt truyện	Hệ thống/Thuật ngữ			Selection Error
lang_multi_text.db	ErrorCode_SurvivorsStepErr1_Text	3.4	Hội thoại/Cốt truyện	Hệ thống/Thuật ngữ			Rampage Level error
lang_multi_text.db	ErrorCode_SurvivorsStepErr2_Text	3.4	Hội thoại/Cốt truyện	Hệ thống/Thuật ngữ			Rampage Level error
lang_multi_text.db	ErrorCode_SurvivorsStepErr3_Text	3.4	Hội thoại/Cốt truyện	Hệ thống/Thuật ngữ			Rampage Level error
lang_multi_text.db	ErrorCode_SurvivorsTalentNoConf_Text	3.4	Hội thoại/Cốt truyện	Hệ thống/Thuật ngữ			Talent unlock data not found
lang_multi_text.db	ErrorCode_SurvivorsTalentTreeConditionNotMet_Text	3.4	Hội thoại/Cốt truyện	Hệ thống/Thuật ngữ			Unlock requirements not met
lang_multi_text.db	ErrorCode_SurvivorsTalentTreeConsumeNoEnough_Text	3.4	Hội thoại/Cốt truyện	Hệ thống/Thuật ngữ			Insufficient Knowledge Modules
lang_multi_text.db	ErrorCode_SurvivorsTalentTreeNodeMaxLevel_Text	3.4	Hội thoại/Cốt truyện	Hệ thống/Thuật ngữ			Max level reached
lang_multi_text.db	ErrorCode_SurvivorsTalentTreePerNodeLock_Text	3.4	Hội thoại/Cốt truyện	Hệ thống/Thuật ngữ			Prerequisite node locked
lang_multi_text.db	ErrorCode_SurvivorsTaskCantReward_Text	3.4	Hội thoại/Cốt truyện	Hệ thống/Thuật ngữ			Task rewards cannot be claimed
lang_multi_text.db	ErrorCode_SurvivorsTaskCountMax_Text	3.4	Hội thoại/Cốt truyện	Hệ thống/Thuật ngữ			Request exceeded max task number
lang_multi_text.db	ErrorCode_SurvivorsTaskEmpty_Text	3.4	Hội thoại/Cốt truyện	Hệ thống/Thuật ngữ			No tasks to be claimed
lang_multi_text.db	ErrorCode_SurvivorsTaskNoConf_Text	3.4	Hội thoại/Cốt truyện	Hệ thống/Thuật ngữ			Task data not found
lang_multi_text.db	ErrorCode_SurvivorsTaskRepeat_Text	3.4	Hội thoại/Cốt truyện	Hệ thống/Thuật ngữ			Task claim repeat
lang_multi_text.db	ErrorCode_SurvivorsWaponNoFind_Text	3.4	Hội thoại/Cốt truyện	Hệ thống/Thuật ngữ			Weapon buff missing
lang_multi_text.db	ErrorCode_SurvivorsWeaponEmpty_Text	3.4	Hội thoại/Cốt truyện	Hệ thống/Thuật ngữ			Random usable weapon result empty
lang_multi_text.db	ErrorCode_SurvivorsWeaponLvMax_Text	3.4	Hội thoại/Cốt truyện	Hệ thống/Thuật ngữ			Weapon upgrade card exceeded level number
lang_multi_text.db	ErrorCode_SurvivorsWeaponLvNoConf_Text	3.4	Hội thoại/Cốt truyện	Hệ thống/Thuật ngữ			Weapon upgrade card data missing
lang_multi_text.db	ErrorCode_SurvivorsWeaponMax_Text	3.4	Hội thoại/Cốt truyện	Hệ thống/Thuật ngữ			Number of Enhancement Modules at max
lang_multi_text.db	ErrorCode_SurvivorsWeaponPoolEmpty_Text	3.4	Hội thoại/Cốt truyện	Hệ thống/Thuật ngữ			Weapon random result empty
lang_multi_text.db	ErrorCode_SurvivorsWeightEmpty_Text	3.4	Hội thoại/Cốt truyện	Hệ thống/Thuật ngữ			Random result empty
lang_multi_text.db	ErrorCode_UpdateRogueWeeklyArtifactsFail_Text	3.4	Hội thoại/Cốt truyện	Hệ thống/Thuật ngữ			Sigil Refreshing Failed
lang_multi_text.db	ErrorCode_WeatherCtlAddHourNoNegative_Text	3.4	Hội thoại/Cốt truyện	Hệ thống/Thuật ngữ			Cannot simulate weather in the current time
lang_multi_text.db	ErrorCode_WeatherCtlAreaDateLocked_Text	3.4	Hội thoại/Cốt truyện	Hệ thống/Thuật ngữ			Cannot simulate weather in the current area
lang_multi_text.db	ErrorCode_WeatherCtlAreaWeatherLocked_Text	3.4	Hội thoại/Cốt truyện	Hệ thống/Thuật ngữ			Cannot simulate weather in the current area
lang_multi_text.db	ErrorCode_WeatherCtlInBattle_Text	3.4	Hội thoại/Cốt truyện	Hệ thống/Thuật ngữ			You cannot simulate weather when in combat
lang_multi_text.db	ErrorCode_WeatherCtlInMulti_Text	3.4	Hội thoại/Cốt truyện	Hệ thống/Thuật ngữ			You cannot simulate weather in Co-op mode
lang_multi_text.db	ErrorCode_WeatherCtlNotInBigWorld_Text	3.4	Hội thoại/Cốt truyện	Hệ thống/Thuật ngữ			You're not in the Overworld. Cannot simulate weather
lang_multi_text.db	ErrorCode_WeatherCtlNotOpen_Text	3.4	Hội thoại/Cốt truyện	Hệ thống/Thuật ngữ			Sky Projection Array Control Module Locked
lang_multi_text.db	ErrorCode_WeatherCtlSwitchLocked_Text	3.4	Hội thoại/Cốt truyện	Hệ thống/Thuật ngữ			Sky Projection Array Control Module Locked
lang_multi_text.db	Term100001_Desc	3.4	Hội thoại/Cốt truyện	Hệ thống/Thuật ngữ			When the target's <color=Highlight>Off-Tune Level</color> is maxed, they enter the <color=Highlight>Mistune</color> state:\nThe active Resonator in the team may perform <color=Highlight>Tune Break Skill</color> on the target, dealing DMG and causing the target to leave the <color=Highlight>Mistune</color> state.\nIf the target is of the Common Class, Resonators in the team may directly deal <color=Highlight>Tune Break DMG</color> with some of their regular skills on hit. The target leaves the <color=Highlight>Mistune</color> state afterward.
lang_multi_text.db	Term100001_Title	3.4	Hội thoại/Cốt truyện	Hệ thống/Thuật ngữ			Tune Break
lang_multi_text.db	Term100002_Desc	3.4	Hội thoại/Cốt truyện	Hệ thống/Thuật ngữ			Certain Resonators can inflict <color=Highlight>Tune Rupture - Shifting</color> on the target. During this state, if the affected target is hit by <color=Highlight>Tune Break</color>, their <color=Highlight>Tune Rupture - Shifting</color> state is replaced with <color=Highlight>Tune Rupture - Interfered</color>.
lang_multi_text.db	Term100002_Title	3.4	Hội thoại/Cốt truyện	Hệ thống/Thuật ngữ			Tune Rupture - Shifting
lang_multi_text.db	Term100003_Desc	3.4	Hội thoại/Cốt truyện	Hệ thống/Thuật ngữ			Certain Resonators can inflict <color=Highlight>Tune Strain - Shifting</color> on the target. During this state, if the affected target is hit by <color=Highlight>Tune Break</color>, their <color=Highlight>Tune Strain - Shifting</color> state is replaced with <color=Highlight>Tune Strain - Interfered</color>.
lang_multi_text.db	Term100003_Title	3.4	Hội thoại/Cốt truyện	Hệ thống/Thuật ngữ			Tune Strain - Shifting
lang_multi_text.db	Term100004_Desc	3.4	Hội thoại/Cốt truyện	Hệ thống/Thuật ngữ			A target enters this state when they are hit by <color=Highlight>Tune Break</color> under the <color=Highlight>Tune Rupture - Shifting</color> state. Resonators who can respond to <color=Highlight>Tune Rupture- Interfered</color> cause additional effects when attacking targets in this state. <color=Highlight>Tune Rupture- Interfered</color> lasts for 8s.
lang_multi_text.db	Term100004_Title	3.4	Hội thoại/Cốt truyện	Hệ thống/Thuật ngữ			Tune Rupture - Interfered
lang_multi_text.db	Term100005_Desc	3.4	Hội thoại/Cốt truyện	Hệ thống/Thuật ngữ			A target enters this state when they are hit by <color=Highlight>Tune Break</color> under the <color=Highlight>Tune Strain - Shifting</color> state. Resonators who can respond to <color=Highlight>Tune Strain - Interfered</color> cause additional effects when attacking targets in this state. <color=Highlight>Tune Strain - Interfered</color> lasts for 30s.
lang_multi_text.db	Term100005_Title	3.4	Hội thoại/Cốt truyện	Hệ thống/Thuật ngữ			Tune Strain - Interfered
lang_multi_text.db	Term110801_Desc	3.4	Hội thoại/Cốt truyện	Hệ thống/Thuật ngữ			Hiyuki holds up to 300 points of <color=Highlight>Dedication</color>.\nWhile in <color=Highlight>Present Self</color>, <color=Highlight>Dedication</color> may be restored via the following ways:\n- Casting <color=Highlight>Basic Attack - Present Self Stage 3</color> restores 100 points of <color=Highlight>Dedication</color>.\n- Casting <color=Highlight>Intro Skill - Frostedge</color> restores 200 points of <color=Highlight>Dedication</color>.\nCasting <color=Highlight>Resonance Skill - Present Self</color> enhances the next <color=Highlight>Basic Attack - Present Self Stage 3</color>, which now additionally restores 100 points of <color=Highlight><te href=110801>Dedication</te></color>. This effect ends when Hiyuki is switched out.\nAt max <color=Highlight>Dedication</color>, <color=Highlight>Heavy Attack - Frost Splinter: Present Self</color> becomes available.
lang_multi_text.db	Term110801_Title	3.4	Hội thoại/Cốt truyện	Hệ thống/Thuật ngữ			Dedication
lang_multi_text.db	Term110802_Desc	3.4	Hội thoại/Cốt truyện	Hệ thống/Thuật ngữ			Hiyuki holds up to 300 points of <color=Highlight>Frostheart</color>.\n<color=Highlight>Frostheart</color> is restored while casting <color=Highlight>Frostblight: Jade Cleave</color> and <color=Highlight>Frostblight: Petalfall</color>, or when <color=Highlight>Normal Attacks - Foreclaimed Self</color> other than <color=Highlight>Heavy Attack - Bitterfrost: Foreclaimed Self</color> hits the target.\nIf Hiyuki has at least 100 points of <color=Highlight>Frostheart</color>, Hiyuki may enter <color=Highlight>Iai Stance</color>. While in <color=Highlight>Iai Stance</color>, {Cus:Ipt,Touch=tap PC=press Gamepad=press} <color=Highlight>Normal Attack</color> and consume 100 points of <color=Highlight>Frostheart</color> to cast <color=Highlight>Basic Attack - Iai</color>.
lang_multi_text.db	Term110802_Title	3.4	Hội thoại/Cốt truyện	Hệ thống/Thuật ngữ			Frostheart
lang_multi_text.db	Term110803_Desc	3.4	Hội thoại/Cốt truyện	Hệ thống/Thuật ngữ			<color=Highlight>Frostharden Iai</color> has a maximum of 3 points.\nCasting <color=Highlight>Foreclaiming: Inward Vision</color> grants 3 points of <color=Highlight>Frostharden Iai</color>.\nEach time <color=Highlight>Basic Attack - Iai</color> is cast, if Hiyuki has <color=Highlight>Frostharden Iai</color>, consume 1 point of <color=Highlight>Frostharden Iai</color> to apply 3 stacks of <color=Highlight>Glacio Chafe</color> on hit, and gain 1 stack of <color=Highlight>Whiteout Bitterfrost</color>.
lang_multi_text.db	Term110803_Title	3.4	Hội thoại/Cốt truyện	Hệ thống/Thuật ngữ			Frostharden Iai
lang_multi_text.db	Term110804_Desc	3.4	Hội thoại/Cốt truyện	Hệ thống/Thuật ngữ			<color=Highlight>Whiteout Bitterfrost</color> stacks up to 3 times.\nEach time <color=Highlight>Frostharden Iai</color> is consumed through <color=Highlight>Basic Attack - Iai</color>, gain 1 stack of <color=Highlight>Whiteout Bitterfrost</color>.\nWhen <color=Highlight>Whiteout Bitterfrost</color> is full, <color=Highlight>Heavy Attack - Foreclaimed Self</color> is replaced with <color=Highlight>Heavy Attack - Bitterfrost: Foreclaimed Self</color>.\nCasting <color=Highlight>Heavy Attack - Bitterfrost: Foreclaimed Self</color> consumes 3 stacks of <color=Highlight>Whiteout Bitterfrost</color>.
lang_multi_text.db	Term110804_Title	3.4	Hội thoại/Cốt truyện	Hệ thống/Thuật ngữ			Whiteout Bitterfrost
lang_multi_text.db	Term110805_Desc	3.4	Hội thoại/Cốt truyện	Hệ thống/Thuật ngữ			<color=Highlight>Snowforged Blade</color> stacks up to 3 times.\nEach time <color=Highlight>Heavy Attack - Bitterfrost: Foreclaimed Self</color> is cast, gain 1 stack of <color=Highlight>Snowforged Blade</color>.\nWhile in <color=Highlight>Foreclaimed Self</color>, hold <color=Highlight>Resonance Liberation</color> to enter a charging state by continuously consuming <color=Highlight>Snowforged Blade</color>. Release <color=Highlight>Resonance Liberation</color> to deal <color=Ice>Glacio DMG</color>. The attack's DMG Multiplier is increased for each point of <color=Highlight>Snowforged Blade</color> consumed while charging the attack.
lang_multi_text.db	Term110805_Title	3.4	Hội thoại/Cốt truyện	Hệ thống/Thuật ngữ			Snowforged Blade
lang_multi_text.db	Term110806_Desc	3.4	Hội thoại/Cốt truyện	Hệ thống/Thuật ngữ			Hiyuki starts in <color=Highlight>Present Self</color>. While in <color=Highlight>Present Self</color>, casting <color=Highlight>Basic Attack - Present Self Stage 3</color> restores 100 points of <color=Highlight>Dedication</color>. Casting <color=Highlight>Resonance Skill - Present Self</color> enhances the next <color=Highlight>Basic Attack - Present Self Stage 3</color>, which now additionally restore 100 points of <color=Highlight>Dedication</color>. Switching to another Resonator ends this effect.
lang_multi_text.db	Term110806_Title	3.4	Hội thoại/Cốt truyện	Hệ thống/Thuật ngữ			Present Self
lang_multi_text.db	Term110807_Desc	3.4	Hội thoại/Cốt truyện	Hệ thống/Thuật ngữ			Casting <color=Highlight>Foreclaiming: Inward Vision</color> causes Hiyuki to enter <color=Highlight>Foreclaimed Self</color>. While in <color=Highlight>Foreclaimed Self</color>, Hiyuki unlocks new moves and restores <color=Highlight>Frostheart</color> through certain attacks.
lang_multi_text.db	Term110807_Title	3.4	Hội thoại/Cốt truyện	Hệ thống/Thuật ngữ			Foreclaimed Self
lang_multi_text.db	Term110808_Desc	3.4	Hội thoại/Cốt truyện	Hệ thống/Thuật ngữ			Targets in this state cannot perform any actions within the duration. The effect lasts for 2s.
lang_multi_text.db	Term110808_Title	3.4	Hội thoại/Cốt truyện	Hệ thống/Thuật ngữ			Frostbind
lang_multi_text.db	Term110809_Desc	3.4	Hội thoại/Cốt truyện	Hệ thống/Thuật ngữ			When <color=Highlight>Glacio Bite</color> is inflicted, the target's <color=Highlight>Glacio Bite</color> will be triggered based on its current max stack limit. <color=Highlight>Glacio Bite</color> can be inflicted on <color=Highlight>frozen</color> targets. <color=Highlight>Glacio Bite</color> is also considered <color=Highlight>Glacio Chafe</color> and <color=Highlight>Glacio Bite DMG</color> is also considered <color=Highlight>Glacio Chafe DMG</color>.
lang_multi_text.db	Term110809_Title	3.4	Hội thoại/Cốt truyện	Hệ thống/Thuật ngữ			Glacio Bite
lang_multi_text.db	Term110901_Desc	3.4	Hội thoại/Cốt truyện	Hệ thống/Thuật ngữ			Lucilla can hold up to {12} points of <color=Highlight>Trace</color>.\nRestore <SapTag=A>{13}</SapTag> {Cus:Sap,S=point P=points SapTag=A} of <color=Highlight>Trace</color> while casting <color=Highlight>Intro Skill - Clip It</color>.\nRestore <SapTag=B>{14}</SapTag> {Cus:Sap,S=point P=points SapTag=B} of <color=Highlight>Trace</color> while casting <color=Highlight>Resonance Skill - Spotlight</color>.\nRestore <SapTag=B>{14}</SapTag> {Cus:Sap,S=point P=points SapTag=B} of <color=Highlight>Trace</color> while casting <color=Highlight>Basic Attack Stage 3 - Commendable</color>.\nRestore <SapTag=C>{15}</SapTag> {Cus:Sap,S=point P=points SapTag=C} of <color=Highlight>Trace</color> while casting <color=Highlight>Resonance Skill - Compensate</color> or <color=Highlight>Basic Attack Stage 3 - Unremarkable</color>.
lang_multi_text.db	Term110901_Title	3.4	Hội thoại/Cốt truyện	Hệ thống/Thuật ngữ			Trace
lang_multi_text.db	Term110902_Desc	3.4	Hội thoại/Cốt truyện	Hệ thống/Thuật ngữ			Lucilla can hold up to {16} <color=Highlight>Photos</color>.\nEvery <SapTag=F>{17}</SapTag> {Cus:Sap,S=point P=points SapTag=F} of <color=Highlight>Trace</color> restored generates 1 <color=Highlight>Photo</color>.
lang_multi_text.db	Term110902_Title	3.4	Hội thoại/Cốt truyện	Hệ thống/Thuật ngữ			Photo
lang_multi_text.db	Term110903_Desc	3.4	Hội thoại/Cốt truyện	Hệ thống/Thuật ngữ			When an active Resonator in the team other than Lucilla inflicts <color=Highlight>Glacio Chafe</color>, Lucilla consumes <SapTag=3>{3}</SapTag> {Cus:Sap,S=stack P=stacks SapTag=3} of <color=Highlight>Film Roll</color> to inflict <color=Highlight>Glacio Chafe</color> on nearby targets <SapTag=4>{4}</SapTag> {Cus:Sap,S=time P=times SapTag=4}. This effect can be triggered once every {5}s.
lang_multi_text.db	Term110903_Title	3.4	Hội thoại/Cốt truyện	Hệ thống/Thuật ngữ			Film Roll
lang_multi_text.db	Term110904_Desc	3.4	Hội thoại/Cốt truyện	Hệ thống/Thuật ngữ			Each stack of <color=Highlight>Zoom</color> increases the Crit. DMG of the active Resonator's Echo Skill by {9}.
lang_multi_text.db	Term110904_Title	3.4	Hội thoại/Cốt truyện	Hệ thống/Thuật ngữ			Zoom
lang_multi_text.db	Term110905_Desc	3.4	Hội thoại/Cốt truyện	Hệ thống/Thuật ngữ			When in <color=Highlight>Reminiscence</color>, Lucilla's resistance to interruption is increased, and she cannot cast <color=Highlight>Resonance Skill</color> and <color=Highlight>Resonance Liberation</color>. Her <color=Highlight>Basic Attack</color>, <color=Highlight>Dodge Counter</color>, <color=Highlight>Mid-air Attack</color>, and <color=Highlight>Intro Skill - Clip It</color> are replaced with <color=Highlight>Basic Attack - Tracing Forms</color>, <color=Highlight>Dodge Counter - Reminiscence</color>, <color=Highlight>Mid-air Attack - Reminiscence</color>, and <color=Highlight>Intro Skill - Clip It: Hard Cut</color> respectively.
lang_multi_text.db	Term110905_Title	3.4	Hội thoại/Cốt truyện	Hệ thống/Thuật ngữ			Reminiscence
lang_multi_text.db	Term120801_Desc	3.4	Hội thoại/Cốt truyện	Hệ thống/Thuật ngữ			Galbrena can hold up to {0} points of <color=Highlight>Afterflame</color>.\nIn <color=Highlight>Threshold State</color>, Galbrena restores <SapTag=1>{1}</SapTag> {Cus:Sap,S=point P=points SapTag=1} of <color=Highlight>Afterflame</color> when nearby Resonators in the team casts Echo Skills. Echoes with the same name can only trigger this effect once. This effect resets when Galbrena exits <color=Highlight>Demon Hypostasis</color>.\nWhile <color=Highlight>Demon Hypostasis</color> lasts, each point of <color=Highlight>Afterflame</color> increases the DMG dealt through <color=Highlight>Basic Attack - Seraphic Execution</color>, <color=Highlight>Heavy Attack - Flamewing Verdict</color>, <color=Highlight>Mid-air Attack - Hellsent Barrage</color>, <color=Highlight>Resonance Skill - Ravage</color>, and <color=Highlight>Dodge Counter - Purgatory Scourge</color>  by {2}, up to {3}. This effect is removed upon exiting <color=Highlight>Demon Hypostasis</color>.\nAll <color=Highlight>Afterflame</color> is removed when Galbrena exits <color=Highlight>Demon Hypostasis</color>.
lang_multi_text.db	Term120801_Title	3.4	Hội thoại/Cốt truyện	Hệ thống/Thuật ngữ			Afterflame
lang_multi_text.db	Term120802_Desc	3.4	Hội thoại/Cốt truyện	Hệ thống/Thuật ngữ			Galbrena can hold up to {0} points of <color=Highlight>Sinflame</color>.\nDuring <color=Highlight>Threshold State</color>, Basic Attack, Heavy Attack - Volley of Death, Mid-air Attack - Ashfall Barrage, Resonance Skill - Encroach, and Intro Skill - Hellflare Overload restore <color=Highlight>Sinflame</color> on hit.\nWhen <color=Highlight>Sinflame</color> reaches {1} points, <color=Highlight>Resonance Skill</color> is replaced with <color=Highlight>Resonance Skill - Ascent of Malice</color>. \nCasting <color=Highlight>Resonance Skill - Ascent of Malice</color> converts <color=Highlight>Sinflame</color> into an equivalent amount of <color=Highlight>Purging Flame</color>.
lang_multi_text.db	Term120802_Title	3.4	Hội thoại/Cốt truyện	Hệ thống/Thuật ngữ			Sinflame
lang_multi_text.db	Term120803_Desc	3.4	Hội thoại/Cốt truyện	Hệ thống/Thuật ngữ			Galbrena can hold up to {0} points of <color=Highlight>Purging Flame</color>.\nCasting <color=Highlight>Resonance Skill - Ascent of Malice</color> converts <color=Highlight>Sinflame</color> into an equivalent amount of <color=Highlight>Purging Flame</color>\nWhile <color=Highlight>Demon Hypostasis</color> lasts, Basic Attack - Seraphic Execution, Heavy Attack - Flamewing Verdict, Mid-air Attack - Hellsent Barrage, Dodge Counter - Purgatory Scourge, and Resonance Skill - Ravage consume <color=Highlight>Purging Flame</color> on hit.
lang_multi_text.db	Term120803_Title	3.4	Hội thoại/Cốt truyện	Hệ thống/Thuật ngữ			Purging Flame
lang_multi_text.db	Term120804_Desc	3.4	Hội thoại/Cốt truyện	Hệ thống/Thuật ngữ			By default, Galbrena is in <color=Highlight>Threshold State</color>, and in this state, she accumulates <color=Highlight>Afterflame</color> and <color=Highlight>Sinflame</color>.
lang_multi_text.db	Term120804_Title	3.4	Hội thoại/Cốt truyện	Hệ thống/Thuật ngữ			Threshold State
lang_multi_text.db	Term120805_Desc	3.4	Hội thoại/Cốt truyện	Hệ thống/Thuật ngữ			Casting <color=Highlight>Resonance Skill - Ascent of Malice</color> sends Galbrena into <color=Highlight>Demon Hypostasis</color>.\nWhile <color=Highlight>Demon Hypostasis</color> lasts, Galbrena's Basic Attack, Heavy Attack - Volley of Death, Mid-air Attack - Ashfall Barrage, Dodge Counter - Blood for Blood, Resonance Skill - Encroach are replaced with Basic Attack - Seraphic Execution, Heavy Attack - Flamewing Verdict, Mid-air Attack - Hellsent Barrage, Dodge Counter - Purgatory Scourge and Resonance Skill - Ravage, which consume <color=Highlight>Purging Flame</color> on hit.\n<color=Highlight>Demon Hypostasis</color> ends when <color=Highlight>Purging Flame</color> depletes or when Galbrena stays in <color=Highlight>Demon Hypostasis</color> for over 50s.
lang_multi_text.db	Term120805_Title	3.4	Hội thoại/Cốt truyện	Hệ thống/Thuật ngữ			Demon Hypostasis
lang_multi_text.db	Term120806_Desc	3.4	Hội thoại/Cốt truyện	Hệ thống/Thuật ngữ			When Resonance Chain Node <color=Highlight>I Remain Who I am, Eternal My Flame</color> is activated, <color=Highlight>Demon Hypostasis</color> becomes <color=Highlight>Eternal Hypostasis</color>. <color=Highlight>Eternal Hypostasis</color> retains all effects of <color=Highlight>Demon Hypostasis</color>. Additionally, while <color=Highlight>Eternal Hypostasis</color> lasts, the DMG Multipliers of <color=Highlight>Basic Attack - Seraphic Execution</color>, <color=Highlight>Heavy Attack - Flamewing Verdict</color>,  <color=Highlight>Mid-air Attack - Hellsent Barrage</color>, and <color=Highlight>Dodge Counter - Purgatory Scourge</color> are increased by {0}.
lang_multi_text.db	Term120806_Title	3.4	Hội thoại/Cốt truyện	Hệ thống/Thuật ngữ			Eternal Hypostasis
lang_multi_text.db	Term120807_Desc	3.4	Hội thoại/Cốt truyện	Hệ thống/Thuật ngữ			Casting <color=Highlight>Intro Skill</color>, <color=Highlight>Hellstride</color>, <color=Highlight>Basic Attack - Seraphic Execution Stage 4</color>, <color=Highlight>Resonance Skill - Encroach</color>, <color=Highlight>Resonance Skill - Ascent of Malice</color>, and <color=Highlight>Resonance Skill - Ravage</color> increases Galbrena's ATK and resistance to interruption by {0} for {1}s.
lang_multi_text.db	Term120807_Title	3.4	Hội thoại/Cốt truyện	Hệ thống/Thuật ngữ			Burning Drive
lang_multi_text.db	Term120901_Desc	3.4	Hội thoại/Cốt truyện	Hệ thống/Thuật ngữ			While in her default <color=Highlight>Baseline Mode</color>, Mornye gains <color=Highlight>Rest Mass Energy</color>.
lang_multi_text.db	Term120901_Title	3.4	Hội thoại/Cốt truyện	Hệ thống/Thuật ngữ			Baseline Mode
lang_multi_text.db	Term120902_Desc	3.4	Hội thoại/Cốt truyện	Hệ thống/Thuật ngữ			<color=Highlight>Wide Field Observation Mode</color> lasts for {11}s.\n- Upon entering <color=Highlight>Wide Field Observation Mode</color>, Mornye generates a <color=Highlight>Syntony Field</color>.\n- While in <color=Highlight>Wide Field Observation Mode</color>, Mornye gains <color=Highlight>Relative Momentum</color>.\n- If <color=Highlight>Relative Momentum</color> is below {0} when holding <color=Highlight>Normal Attack</color>, perform <color=Highlight>Basic Attack - Wide Field Observation Mode Stage 1 to 3</color> in sequence. If <color=Highlight>Relative Momentum</color> reaches {0} during this time, cast <color=Highlight>Heavy Attack - Inversion</color> instead.\n- While moving, Mornye continuously consumes STA. STA cannot be recovered while in <color=Highlight>Wide Field Observation Mode</color>.\n- When Dodging with directional input, Mornye starts to fly at speed, which lasts for up to 10s or until STA is depleted or until the <color=Highlight>Wide Field Observation Mode</color> ends.\n- When Mornye is hit or launched into mid-air, {Cus:Ipt,Touch=tap PC=press Gamepad=press} Dodge to immediately recover from the attack, which is considered a successful Dodge. This effect can be triggered up to {12} times, which resets when <color=Highlight>Wide Field Observation Mode</color> ends.\n- {Cus:Ipt,Touch=Tap PC=Press Gamepad=Press} Jump and Mornye will slowly descend. Before she lands, <color=Highlight>Basic Attack - Wide Field Observation Mode</color>, <color=Highlight>Resonance Skill - Distributed Array</color>, and <color=Highlight>Heavy Attack - Inversion</color> are unavailable. If Jump is {Cus:Ipt,Touch=tapped PC=pressed Gamepad=pressed} when Mornye runs out of STA, she will exit the <color=Highlight>Wide Field Observation Mode</color>. She will leave the <color=Highlight>Wide Field Observation Mode</color> also when she <color=Highlight>Dodges</color>, Jumps, or performs Mid-air Attacks.\nAdditionally, performing environmental interactions, using Utilities, or switching to another Resonator ends <color=Highlight>Wide Field Observation Mode</color>. The state also ends when Mornye is no longer airborne.
lang_multi_text.db	Term120902_Title	3.4	Hội thoại/Cốt truyện	Hệ thống/Thuật ngữ			Wide Field Observation Mode
lang_multi_text.db	Term120903_Desc	3.4	Hội thoại/Cốt truyện	Hệ thống/Thuật ngữ			Mornye can hold up to {0} points of <color=Highlight>Rest Mass Energy</color>.\nWhile in <color=Highlight>Baseline Mode</color>, she gains <color=Highlight>Rest Mass Energy</color> when performing <color=Highlight>Basic Attack</color>, <color=Highlight>Heavy Attack</color>, or <color=Highlight>Dodge Counter</color>, or when <color=Highlight>Resonance Skill - Optimal Solution</color> hits a target.
lang_multi_text.db	Term120903_Title	3.4	Hội thoại/Cốt truyện	Hệ thống/Thuật ngữ			Rest Mass Energy
lang_multi_text.db	Term120904_Desc	3.4	Hội thoại/Cốt truyện	Hệ thống/Thuật ngữ			Mornye can hold up to {0} points of <color=Highlight>Relative Momentum</color>.\nWhile in <color=Highlight>Wide Field Observation Mode</color>, she gains <color=Highlight>Relative Momentum</color> when <color=Highlight>Basic Attack - Wide Field Observation Mode</color>, <color=Highlight>Dodge Counter - Wide Field Observation Mode</color>, or <color=Highlight>Resonance Skill - Distributed Array</color> hits the target.\nMornye cannot gain <color=Highlight>Relative Momentum</color> during <color=Highlight>Heavy Attack - Inversion</color>.
lang_multi_text.db	Term120904_Title	3.4	Hội thoại/Cốt truyện	Hệ thống/Thuật ngữ			Relative Momentum
lang_multi_text.db	Term120905_Desc	3.4	Hội thoại/Cốt truyện	Hệ thống/Thuật ngữ			When a Resonator in the team deals <color=Highlight>Tune Break</color> DMG to a target inflicted with <color=Highlight>Observation Marker</color>, Mornye inflicts an <color=Highlight>Interfered Marker</color> on the target for {5}s.
lang_multi_text.db	Term120905_Title	3.4	Hội thoại/Cốt truyện	Hệ thống/Thuật ngữ			Observation Marker
lang_multi_text.db	Term120906_Desc	3.4	Hội thoại/Cốt truyện	Hệ thống/Thuật ngữ			Targets affected by <color=Highlight>Tune Rupture - Interfered</color> or <color=Highlight>Tune Strain - Interfered</color> take increased DMG from all nearby Resonators in the team. For every {8} of Mornye's Energy Regen exceeding {7}, their DMG is increased by {9}, up to {10}.
lang_multi_text.db	Term120906_Title	3.4	Hội thoại/Cốt truyện	Hệ thống/Thuật ngữ			Interfered Marker
lang_multi_text.db	Term120907_Desc	3.4	Hội thoại/Cốt truyện	Hệ thống/Thuật ngữ			- <color=Highlight>Syntony Field</color> lasts for {1}s.\n- When the <color=Highlight>Syntony Field</color> is generated, deal <color=Fire>Fusion DMG</color>, considered Resonance Liberation DMG.\n- Continuously restores HP for all nearby Resonators in the team within the <color=Highlight>Syntony Field</color>, triggered once every {2}s.\n- Increases the <color=Highlight>Off-Tune Buildup Rate</color> of all nearby Resonators in the team within the <color=Highlight>Syntony Field</color> by {3}.\n- Enhances the resistance to interruption of all nearby Resonators in the team within the <color=Highlight>Syntony Field</color>.
lang_multi_text.db	Term120907_Title	3.4	Hội thoại/Cốt truyện	Hệ thống/Thuật ngữ			Syntony Field
lang_multi_text.db	Term120908_Desc	3.4	Hội thoại/Cốt truyện	Hệ thống/Thuật ngữ			- <color=Highlight>High Syntony Field</color> lasts for {6}s. \n- Increases the DEF of all nearby Resonators in the team within the <color=Highlight>High Syntony Field</color> by {8}.\n- Inherits the <color=Highlight>Syntony Field</color>'s boost to resistance to interruption and <color=Highlight>Off-Tune Buildup Rate</color>.\n- Inherits the <color=Highlight>Syntony Field</color>'s healing effect and increases the Healing Multiplier by {7}.
lang_multi_text.db	Term120908_Title	3.4	Hội thoại/Cốt truyện	Hệ thống/Thuật ngữ			High Syntony Field
lang_multi_text.db	Term121001_Desc	3.4	Hội thoại/Cốt truyện	Hệ thống/Thuật ngữ			While in <color=Highlight>Instant Response</color>, <color=Highlight>Heavy Attack - Aemeath</color> and <color=Highlight>Heavy Attack - Mech</color> take less time to charge up fully.\n- When in <color=Highlight>Instant Response</color> and <color=Highlight>Heavenfall Edict: Unbound</color> at the same time, casting <color=Highlight>Heavy Attack - Aemeath Charged II</color> or <color=Highlight>Heavy Attack - Mech Charged II</color> restores {0} points of <color=Highlight>Synchronization Rate</color>.\n- If Inherent Skill <color=Highlight>Before All Sounds</color> is activated, while in <color=Highlight>Instant Response</color>, <color=Highlight>Heavy Attack - Aemeath</color> and <color=Highlight>Heavy Attack - Mech</color> gain {2} DMG Amplification.
lang_multi_text.db	Term121001_Title	3.4	Hội thoại/Cốt truyện	Hệ thống/Thuật ngữ			Instant Response
lang_multi_text.db	Term121002_Desc	3.4	Hội thoại/Cốt truyện	Hệ thống/Thuật ngữ			<color=Highlight>Stardust Resonance</color> enhances the effect of Resonance Skill <color=Highlight>Seraphic Duet</color> based on Aemeath's current <color=Highlight>Resonance Mode</color>:\n- While in <color=Highlight>Resonance Mode - Tune Rupture</color>, now up to {0} instances of <color=Highlight>Tune Rupture DMG</color> can be triggered during Resonance Skill <color=Highlight>Seraphic Duet</color>.\n- While in <color=Highlight>Resonance Mode - Fusion Burst</color>, the DMG Multiplier of <color=Highlight>Fusion Burst</color> that is actively triggered during Resonance Skill <color=Highlight>Seraphic Duet</color> against the main target of <color=Highlight>Fusion Burst</color> is increased by {1}. This DMG Multiplier increase effect is stackable with that provided by <color=Highlight>Fusion Trail</color>.
lang_multi_text.db	Term121002_Title	3.4	Hội thoại/Cốt truyện	Hệ thống/Thuật ngữ			Stardust Resonance
lang_multi_text.db	Term121003_Desc	3.4	Hội thoại/Cốt truyện	Hệ thống/Thuật ngữ			<color=Highlight>Heavenfall Edict: Overdrive</color> is replaced with <color=Highlight>Heavenfall Edict: Finale</color>.\nWhen in <color=Highlight>Heavenfall Edict: Unbound</color> and <color=Highlight>Resonance Rate</color> reaches the limit, enter <color=Highlight>Instant Response</color>. <color=Highlight>Instant Response</color> is removed when the <color=Highlight>Heavenfall Edict: Unbound</color> state ends.
lang_multi_text.db	Term121003_Title	3.4	Hội thoại/Cốt truyện	Hệ thống/Thuật ngữ			Heavenfall Edict: Unbound
lang_multi_text.db	Term121004_Desc	3.4	Hội thoại/Cốt truyện	Hệ thống/Thuật ngữ			<color=Highlight>Synchronization Rate</color> is capped at {0} points.\n- Dealing damage with <color=Highlight>Basic Attack - Aemeath</color>, <color=Highlight>Mid-air Attack - Aemeath</color>, <color=Highlight>Dodge Counter - Aemeath</color>, <color=Highlight>Basic Attack - Mech</color>, <color=Highlight>Mid-air Attack - Mech</color>, <color=Highlight>Dodge Counter - Mech</color>, Resonance Skill <color=Highlight>Sync Strike: Armament Merge</color>, and Resonance Skill <color=Highlight>Sync Strike: Call of Dawn</color> recovers <color=Highlight>Synchronization Rate</color>.\n- Casting Intro Skill <color=Highlight>Songs Across the Universe</color> or <color=Highlight>Debut of Meteoric Radiance</color> recovers {1} points of <color=Highlight>Synchronization Rate</color>.\n- Casting Resonance Liberation <color=Highlight>Heavenfall Edict: Overdrive</color> recovers {2} points of <color=Highlight>Synchronization Rate</color>.\n- When in <color=Highlight>Instant Response</color> and <color=Highlight>Heavenfall Edict: Unbound</color> at the same time, casting <color=Highlight>Heavy Attack - Aemeath Charged II</color> or <color=Highlight>Heavy Attack - Mech Charged II</color> recovers {3} points of <color=Highlight>Synchronization Rate</color>.
lang_multi_text.db	Term121004_Title	3.4	Hội thoại/Cốt truyện	Hệ thống/Thuật ngữ			Synchronization Rate
lang_multi_text.db	Term121005_Desc	3.4	Hội thoại/Cốt truyện	Hệ thống/Thuật ngữ			<color=Highlight>Resonance Rate</color> is capped at {0} points.\n- Casting Resonance Skill <color=Highlight>Seraphic Duet</color> recovers {1} point of <color=Highlight>Resonance Rate</color>.\n- Casting Resonance Liberation <color=Highlight>Heavenfall Edict: Overdrive</color> recovers {2} point of <color=Highlight>Resonance Rate</color>.\n- When in <color=Highlight>Starlume Acceleration</color>, casting Resonance Liberation <color=Highlight>Heavenfall Edict: Overdrive</color> additionally recovers {3} point of <color=Highlight>Resonance Rate</color>.
lang_multi_text.db	Term121005_Title	3.4	Hội thoại/Cốt truyện	Hệ thống/Thuật ngữ			Resonance Rate
lang_multi_text.db	Term121006_Desc	3.4	Hội thoại/Cốt truyện	Hệ thống/Thuật ngữ			When in <color=Highlight>Starlume Acceleration</color>, casting Resonance Liberation <color=Highlight>Heavenfall Edict: Overdrive</color> additionally recovers <color=Highlight>Resonance Rate</color>.
lang_multi_text.db	Term121006_Title	3.4	Hội thoại/Cốt truyện	Hệ thống/Thuật ngữ			Starlume Acceleration
lang_multi_text.db	Term121007_Desc	3.4	Hội thoại/Cốt truyện	Hệ thống/Thuật ngữ			Includes <color=Highlight>Seraphic Duet: Overture</color> and <color=Highlight>Seraphic Duet: Encore</color>.
lang_multi_text.db	Term121007_Title	3.4	Hội thoại/Cốt truyện	Hệ thống/Thuật ngữ			Seraphic Duet
lang_multi_text.db	Term121008_Desc	3.4	Hội thoại/Cốt truyện	Hệ thống/Thuật ngữ			Includes <color=Highlight>Sync Strike: Armament Merge</color> and <color=Highlight>Sync Strike: Call of Dawn</color>.
lang_multi_text.db	Term121008_Title	3.4	Hội thoại/Cốt truyện	Hệ thống/Thuật ngữ			Sync Strike
lang_multi_text.db	Term121009_Desc	3.4	Hội thoại/Cốt truyện	Hệ thống/Thuật ngữ			<color=Highlight>Starflux</color> is capped at {0} points.\n<color=Highlight>Starflux</color> recovers naturally over time.
lang_multi_text.db	Term121009_Title	3.4	Hội thoại/Cốt truyện	Hệ thống/Thuật ngữ			Starflux
lang_multi_text.db	Term121012_Desc	3.4	Hội thoại/Cốt truyện	Hệ thống/Thuật ngữ			- When in <color=Highlight>Resonance Mode - Tune Rupture</color>, Resonance Skill <color=Highlight>Seraphic Duet</color> removes <color=Highlight>Rupturous Trail</color> stacks on nearby targets and additionally deals {2} instances of <color=Highlight>Tune Rupture DMG</color>, each time to a random target within range. For each stack of <color=Highlight>Rupturous Trail</color> removed from a target, the DMG Multiplier of Tune Rupture triggered by <color=Highlight>Seraphic Duet</color> against the target is increased by {0}. This effect lasts for {1}s. The target's <color=Highlight>Off-Tune Level</color> does not affect the triggering of these instances of Tune Rupture DMG.
lang_multi_text.db	Term121012_Title	3.4	Hội thoại/Cốt truyện	Hệ thống/Thuật ngữ			Rupturous Trail
lang_multi_text.db	Term121013_Desc	3.4	Hội thoại/Cốt truyện	Hệ thống/Thuật ngữ			- When in <color=Highlight>Resonance Mode - Fusion Burst</color>, Resonance Skill <color=Highlight>Seraphic Duet</color> removes the <color=Highlight>Fusion Trail</color> stacks on targets if they are inflicted with <color=Highlight>Fusion Trail</color>, and trigger the <color=Highlight>Fusion Trail</color> on the target based on its max stack limit without removing its stacks. Each stack of <color=Highlight>Fusion Trail</color> removed from the target increases the DMG Multiplier of <color=Highlight>Fusion Trail</color> on the main target by {0}.
lang_multi_text.db	Term121013_Title	3.4	Hội thoại/Cốt truyện	Hệ thống/Thuật ngữ			Fusion Trail
lang_multi_text.db	Term121101_Desc	3.4	Hội thoại/Cốt truyện	Hệ thống/Thuật ngữ			- When holding a <color=Highlight>Dark Core</color>, replace Resonance Skill <color=Highlight>Beckon - Breakdown Form</color> with <color=Highlight>Banish - Breakdown Form</color>.\n- Denia can hold up to {0} <color=Highlight>Dark Cores</color>.\n- While in the <color=Highlight>Entropy Shift </color> states, Denia obtains {2} <color=Highlight>Dark Core</color> every {1}s.\n- Casting Intro Skill <color=Highlight>It's Been A While!</color> and Intro Skill <color=Highlight>Knock Knock</color> grants <SapTag=3>{3}</SapTag> <color=Highlight>{Cus:Sap,S=Dark Core P=Dark Cores SapTag=3}</color>.
lang_multi_text.db	Term121101_Title	3.4	Hội thoại/Cốt truyện	Hệ thống/Thuật ngữ			Dark Core
lang_multi_text.db	Term121102_Desc	3.4	Hội thoại/Cốt truyện	Hệ thống/Thuật ngữ			When in <color=Highlight>Breakdown Form</color> while holding <color=Highlight>Void Particle</color>, <color=Highlight>Normal Attack</color> consumes <color=Highlight>Void Particle</color> on hit and grants the following effects:\n- The skill DMG is considered <color=Highlight>Resonance Liberation DMG</color> and the DMG Multiplier is increased by {0}.\n- <color=Highlight>Conformal Charge</color> regenerates {1} faster.\nDenia can hold up to {2} points of <color=Highlight>Void Particle</color>.\n- While in <color=Highlight>Stagecraft Form</color>, dealing damage through <color=Highlight>Normal Attack</color> grants <color=Highlight>Void Particle</color>.\n- Casting Intro Skill <color=Highlight>It's Been A While!</color>, Intro Skill <color=Highlight>Knock Knock</color>, or Resonance Skill <color=Highlight>Phantom Bubble - Stagecraft Form</color> grants <SapTag=D>{3}</SapTag> {Cus:Sap,S=point P=points SapTag=D} of <color=Highlight>Void Particle</color>.
lang_multi_text.db	Term121102_Title	3.4	Hội thoại/Cốt truyện	Hệ thống/Thuật ngữ			Void Particle
lang_multi_text.db	Term121103_Desc	3.4	Hội thoại/Cốt truyện	Hệ thống/Thuật ngữ			Increases ATK by {0}.\nObtaining this effect removes the <color=Highlight>Entropy Shift: Stagecraft Form</color> effect.
lang_multi_text.db	Term121103_Title	3.4	Hội thoại/Cốt truyện	Hệ thống/Thuật ngữ			Entropy Shift: Breakdown Form
lang_multi_text.db	Term121104_Desc	3.4	Hội thoại/Cốt truyện	Hệ thống/Thuật ngữ			Grants {0} point of <color=Highlight>Void Particle</color> per second.\nObtaining this effect removes the <color=Highlight>Entropy Shift: Breakdown Form </color> effect.
lang_multi_text.db	Term121104_Title	3.4	Hội thoại/Cốt truyện	Hệ thống/Thuật ngữ			Entropy Shift: Stagecraft Form
lang_multi_text.db	Term121105_Desc	3.4	Hội thoại/Cốt truyện	Hệ thống/Thuật ngữ			- When <color=Highlight>Conformal Charge</color> is full, consume all <color=Highlight>Conformal Charge</color> and <color=Highlight>Void Particle</color> to perform Resonance Liberation <color=Highlight>Final Act - Breakdown Form</color>.\n- Denia can hold up to {0} points of <color=Highlight>Conformal Charge</color>.\n- While in <color=Highlight>Breakdown Form</color>, dealing damage through <color=Highlight>Normal Attack</color> or Resonance Skill <color=Highlight>Beckon - Breakdown Form</color> grants <color=Highlight>Conformal Charge</color>.\n- Casting Resonance Skill <color=Highlight>Banish - Breakdown Form Stage 2</color> grants <SapTag=F>{1}</SapTag> {Cus:Sap,S=point P=points SapTag=F} of <color=Highlight>Conformal Charge</color>.
lang_multi_text.db	Term121105_Title	3.4	Hội thoại/Cốt truyện	Hệ thống/Thuật ngữ			Conformal Charge
lang_multi_text.db	Term121106_Desc	3.4	Hội thoại/Cốt truyện	Hệ thống/Thuật ngữ			<size=40><color=Title>Entropy Shift: Stagecraft Form</color></size>\nGrants {0} points of <color=Highlight>Void Particle</color> per second.\nObtaining this effect removes the <color=Highlight>Entropy Shift: Breakdown Form</color> effect.\n<size=10></size>\n<size=40><color=Title>Entropy Shift: Breakdown Form</color></size>\nIncreases ATK by {1}.\nObtaining this effect removes the <color=Highlight>Entropy Shift: Stagecraft Form</color> effect.
lang_multi_text.db	Term121106_Title	3.4	Hội thoại/Cốt truyện	Hệ thống/Thuật ngữ			Entropy Shift
lang_multi_text.db	Term130601_Desc	3.4	Hội thoại/Cốt truyện	Hệ thống/Thuật ngữ			Each stack grants {0} Electro DMG Bonus, stacking up to <SapTag=1>{1}</SapTag> {Cus:Sap,S=time P=times SapTag=1}. When <color=Highlight>Resonance Liberation - Sublime is the Sun: Everbright Protector</color> ends, all stacks of Crown of Wills are removed.
lang_multi_text.db	Term130601_Title	3.4	Hội thoại/Cốt truyện	Hệ thống/Thuật ngữ			Crown of Wills
lang_multi_text.db	Term130602_Desc	3.4	Hội thoại/Cốt truyện	Hệ thống/Thuật ngữ			Augusta can hold up to {0} points of Prowess.\n- Prowess is obtained when <color=Highlight>Basic Attack</color>, <color=Highlight>Heavy Attack - Steelclash</color>, <color=Highlight>Mid-air Attack</color>, <color=Highlight>Mid-air Dodge Counter</color>, <color=Highlight>Resonance Skill - Warrior's Blade</color>, <color=Highlight>Dodge Counter</color>, or <color=Highlight>Dodge Counter - Heavy Attack: Steelclash</color> deal damage.\n- Casting <color=Highlight>Intro Skill - Stride of Goldenflare</color> fully restores Prowess.
lang_multi_text.db	Term130602_Title	3.4	Hội thoại/Cốt truyện	Hệ thống/Thuật ngữ			Prowess
lang_multi_text.db	Term130603_Desc	3.4	Hội thoại/Cốt truyện	Hệ thống/Thuật ngữ			Augusta can hold up to {0} points of Ascendancy.\n- Ascendancy is obtained when <color=Highlight>Normal Attacks</color> deal damage.\n- Casting <color=Highlight>Intro Skill - Stride of Goldenflare</color> restores {1} Ascendancy.\n- Casting <color=Highlight>Resonance Skill - Warrior's Blade</color> restores {2} Ascendancy.\n- Casting <color=Highlight>Resonance Liberation - Sword of Eternal Oath</color> restores {3} Ascendancy.
lang_multi_text.db	Term130603_Title	3.4	Hội thoại/Cốt truyện	Hệ thống/Thuật ngữ			Ascendancy
lang_multi_text.db	Term130604_Desc	3.4	Hội thoại/Cốt truyện	Hệ thống/Thuật ngữ			Augusta can hold up to 2 stacks of Majesty.\n- 1 stack of Majesty is obtained when casting <color=Highlight>Resonance Skill - Undying Sunlight: Plunge</color>.\n- 1 stack of Majesty is obtained when Resonators in the team cast <color=Highlight>Outro Skills</color> under the effect of Augusta's <color=Highlight>Outro Skill - Battlesong of the Unyielding</color>.
lang_multi_text.db	Term130604_Title	3.4	Hội thoại/Cốt truyện	Hệ thống/Thuật ngữ			Majesty
lang_multi_text.db	Term130605_Desc	3.4	Hội thoại/Cốt truyện	Hệ thống/Thuật ngữ			- <color=Highlight>Ruler's Realm</color> lasts for {3}s.\n- When Resonators in the team casts <color=Highlight>Intro Skill</color> within <color=Highlight>Ruler's Realm</color>, they gain a shield equal to {5} + {4} of Augusta's Max HP for {6}s. This effect is unstackable. This Shield will not be passed on to the incoming Resonator.
lang_multi_text.db	Term130605_Title	3.4	Hội thoại/Cốt truyện	Hệ thống/Thuật ngữ			Ruler's Realm
lang_multi_text.db	Term130606_Desc	3.4	Hội thoại/Cốt truyện	Hệ thống/Thuật ngữ			- In the <color=Highlight>Sworn Allegiance</color> state, time is temporarily stopped, and <color=Highlight>Resonator switching</color> is disabled. Only <color=Highlight>Sublime is the Sun - Sunborne</color>, <color=Highlight>Sublime is the Sun - Everbright Protector</color>, and <color=Highlight>Dodge</color> can be performed in the <color=Highlight>Sworn Allegiance</color> state. <color=Highlight>Mid-air Attacks</color> can be performed in this state while airborne.\n- In the <color=Highlight>Sworn Allegiance</color> state, <color=Highlight>{Cus:Ipt,Touch=tap PC=press Gamepad=press}</color> or <color=Highlight>hold Normal Attack</color> to cast <color=Highlight>Sublime is the Sun - Sunborne</color>. Augusta can walk on water without consuming STA in this state.\n- When <color=Highlight>Sworn Allegiance</color> ends, cast <color=Highlight>Sublime is the Sun - Everbright Protector</color> automatically.\n- Performing <color=Highlight>environmental, gameplay, or other interactions</color> ends <color=Highlight>Sworn Allegiance</color> without triggering <color=Highlight>Sublime is the Sun - Everbright Protector</color>.
lang_multi_text.db	Term130606_Title	3.4	Hội thoại/Cốt truyện	Hệ thống/Thuật ngữ			Sworn Allegiance
lang_multi_text.db	Term130701_Desc	3.4	Hội thoại/Cốt truyện	Hệ thống/Thuật ngữ			Buling can hold up to {0} Trigrams. When Trigrams reach the max number, gaining new Trigrams moves all Trigrams {1} slot to the left, and the original leftmost Trigram will be removed.\n- Trigram - Mountain is obtained when <color=Highlight>Basic Attack Stage 2</color> deals damage.\n- Trigram - Thunder is obtained when <color=Highlight>Basic Attack Stage 4</color> or <color=Highlight>Mid-air Attack</color> deals damage.\n- Trigram - Thunder is obtained when casting <color=Highlight>Resonance Skill - In Shadow Thunder Stirs</color>.
lang_multi_text.db	Term130701_Title	3.4	Hội thoại/Cốt truyện	Hệ thống/Thuật ngữ			Trigram
lang_multi_text.db	Term130702_Desc	3.4	Hội thoại/Cốt truyện	Hệ thống/Thuật ngữ			When Buling obtains Minor Yin and Minor Yang, she enters the <color=Highlight>Yin-Yang Balance</color> state, replacing her <color=Highlight>Resonance Liberation - Flashing Thunder Spell</color> with <color=Highlight>Resonance Liberation - Flashing Thunder Spell: Harmony</color>.
lang_multi_text.db	Term130702_Title	3.4	Hội thoại/Cốt truyện	Hệ thống/Thuật ngữ			Yin-Yang Balance
lang_multi_text.db	Term130703_Desc	3.4	Hội thoại/Cốt truyện	Hệ thống/Thuật ngữ			When <color=Highlight>Five Thunders Spell Array</color> is active, all Resonators in the team enter the <color=Highlight>Thunder Spell - Primordial Qi</color> state.\n- While in the <color=Highlight>Thunder Spell - Primordial Qi</color> state, when any Resonator in the team casts <color=Highlight>Intro Skill</color>,  <color=Highlight>Thunder Spell - Primordial Qi</color> becomes <color=Highlight>Thunder Spell - Yin and Yang</color>.\n- <color=Highlight>Thunder Spell - Yin and Yang</color> grants {0} <color=Highlight>Resonance Skill</color> DMG Bonus to active Resonators in the team. When any Resonator in the team casts <color=Highlight>Intro Skill</color> during this state, <color=Highlight>Thunder Spell - Yin and Yang</color> becomes <color=Highlight>Thunder Spell - Heaven, Earth, Mind</color>.\n- <color=Highlight>Thunder Spell - Heaven, Earth, Mind</color> grants {1} <color=Highlight>Resonance Skill</color> DMG Bonus to active Resonators in the team.
lang_multi_text.db	Term130703_Title	3.4	Hội thoại/Cốt truyện	Hệ thống/Thuật ngữ			Five Thunders Spell Array
lang_multi_text.db	Term130704_Desc	3.4	Hội thoại/Cốt truyện	Hệ thống/Thuật ngữ			<color=Highlight>Thunder Spell - Heaven, Earth, Mind</color> grants {0} <color=Highlight>Resonance Skill</color> DMG Bonus to active Resonators in the team.
lang_multi_text.db	Term130704_Title	3.4	Hội thoại/Cốt truyện	Hệ thống/Thuật ngữ			Thunder Spell - Heaven, Earth, Mind
lang_multi_text.db	Term130801_Desc	3.4	Hội thoại/Cốt truyện	Hệ thống/Thuật ngữ			While in the <color=Highlight>Huntress</color> mode, Rebecca's Crit. DMG increases by {0}.
lang_multi_text.db	Term130801_Title	3.4	Hội thoại/Cốt truyện	Hệ thống/Thuật ngữ			Huntress
lang_multi_text.db	Term130802_Desc	3.4	Hội thoại/Cốt truyện	Hệ thống/Thuật ngữ			While in the <color=Highlight>Guts</color> mode, Rebecca ignores {1} of the target's DEF.
lang_multi_text.db	Term130802_Title	3.4	Hội thoại/Cốt truyện	Hệ thống/Thuật ngữ			Guts
lang_multi_text.db	Term130803_Desc	3.4	Hội thoại/Cốt truyện	Hệ thống/Thuật ngữ			Rebecca can hold up to {6} points of <color=Highlight>Overload</color>.\nHitting targets with the standard firepower <color=Highlight>Mk. {7} HMG</color> grants {8} points.\nHitting targets with the enhanced firepower <color=Highlight>Mk. {9} HMG</color> grants {10} points.\nHitting targets with the twice-enhanced firepower <color=Highlight>Mk. {11} HMG</color> grants {12} points.
lang_multi_text.db	Term130803_Title	3.4	Hội thoại/Cốt truyện	Hệ thống/Thuật ngữ			Overload
lang_multi_text.db	Term130804_Desc	3.4	Hội thoại/Cốt truyện	Hệ thống/Thuật ngữ			At {10} points of <color=Highlight>Hot Hand</color>, casting <color=Highlight>Intro Skill - Yo, It's Big Boomin' Time!</color>, <color=Highlight>Intro Skill - Hey, Leadhead, Come 'n' Get Me!</color>, <color=Highlight>Resonance Skill -  It's Big Boomin' Time!</color>, or <color=Highlight>Resonance Skill - Come 'n' Get Me!</color> grants the following effects for {11}s:\nRebecca simultaneously gains the Stat Bonuses of both the <color=Highlight>Huntress</color> and <color=Highlight>Guts</color> modes, regardless of which mode she's currently in.\n<color=Highlight>Hot Hand</color> cannot be restored during this period and consumes <SapTag=A>{13}</SapTag> {Cus:Sap,S=point P=points SapTag=A} of <color=Highlight>Hot Hand</color> per second.
lang_multi_text.db	Term130804_Title	3.4	Hội thoại/Cốt truyện	Hệ thống/Thuật ngữ			A Girl Gets What She Wants!
lang_multi_text.db	Term130805_Desc	3.4	Hội thoại/Cốt truyện	Hệ thống/Thuật ngữ			Rebecca can hold up to {5} points of <color=Highlight>Fervor</color>.\n<color=Highlight>Normal Attacks</color> restore <color=Highlight>Fervor</color> upon damaging the target.\n<color=Highlight>Resonance Skill</color> restores <color=Highlight>Fervor</color> upon damaging the target.\nWhen <color=Highlight>A Girl Gets What She Wants!</color> is gained by casting <color=Highlight>Intro Skill - Yo, It's Big Boomin' Time!</color> or <color=Highlight>Intro Skill - Hey, Leadhead, Come 'n' Get Me!</color>, Rebecca restores <SapTag=6>{6}</SapTag> {Cus:Sap,S=point P=points SapTag=6} of Fervor.
lang_multi_text.db	Term130805_Title	3.4	Hội thoại/Cốt truyện	Hệ thống/Thuật ngữ			Fervor
lang_multi_text.db	Term130806_Desc	3.4	Hội thoại/Cốt truyện	Hệ thống/Thuật ngữ			Rebecca can hold up to {7} points of <color=Highlight>Hot Hand</color>.\nRegenerates over time at a rate of <SapTag=8>{8}</SapTag> {Cus:Sap,S=point P=points SapTag=8} per second.\nCasting <color=Highlight>Heavy Attack- Rat-tat-tat!: Huntress</color> or <color=Highlight>Heavy Attack- Bang-bang-bang!: Guts</color> restores <SapTag=9>{9}</SapTag> {Cus:Sap,S=point P=points SapTag=9}.
lang_multi_text.db	Term130806_Title	3.4	Hội thoại/Cốt truyện	Hệ thống/Thuật ngữ			Hot Hand
lang_multi_text.db	Term141001_Desc	3.4	Hội thoại/Cốt truyện	Hệ thống/Thuật ngữ			Iuno can switch between <color=Highlight>Half Moon</color> and <color=Highlight>New Moon</color> states.\nHalf Moon: Attacks recover Forte Gauge on hit. \nNew Moon: Basic Attack, Resonance Skill, and Dodge Counter consume Forte Gauge to increase this skill's DMG Multiplier.
lang_multi_text.db	Term141001_Title	3.4	Hội thoại/Cốt truyện	Hệ thống/Thuật ngữ			Lunar Cycle
lang_multi_text.db	Term141002_Desc	3.4	Hội thoại/Cốt truyện	Hệ thống/Thuật ngữ			The receiving Resonator gains 4% all DMG Amplification for 10s, stacking up to 10 times. Gaining new stacks resets the duration. This effect ends early if the receiving Resonator is switched off the field.
lang_multi_text.db	Term141002_Title	3.4	Hội thoại/Cốt truyện	Hệ thống/Thuật ngữ			Blessing of the Wan Light
lang_multi_text.db	Term141003_Desc	3.4	Hội thoại/Cốt truyện	Hệ thống/Thuật ngữ			Iuno can hold up to 100 points of <color=Highlight>Sentience</color>.\nCasting Intro Skill restores 40 points of <color=Highlight>Sentience</color>.\nCasting Resonance Liberation restores 60 points of <color=Highlight>Sentience</color>.\nCasting <color=Highlight>Closing Refrain</color> or <color=Highlight>Unfinished Refrain</color> restores 25 points of <color=Highlight>Sentience</color>.\nWhen Iuno is in <color=Highlight>Lunar Cycle</color>, Moonring - Basic Attack,  Moonring - Dodge Counter, and Mid-air Attack restore <color=Highlight>Sentience</color> on hit.
lang_multi_text.db	Term141003_Title	3.4	Hội thoại/Cốt truyện	Hệ thống/Thuật ngữ			Sentience
lang_multi_text.db	Term141101_Desc	3.4	Hội thoại/Cốt truyện	Hệ thống/Thuật ngữ			Qiuyuan can hold up to 600 points of Swordster's Soliloquy.\n- 100 points of Swordster's Soliloquy is obtained when performing <color=Highlight>Basic Attack</color> Stage 3.\n- 100 points of Swordster's Soliloquy is obtained when performing each stage of <color=Highlight>Thus Spoke the Blade: Inkwash</color>.\n- 100 points of Swordster's Soliloquy is obtained when performing <color=Highlight>Dodge Counter</color>.\n- 400 points of Swordster's Soliloquy is obtained when performing <color=Highlight>Intro Skill</color>.\n- Swordster's Soliloquy cannot be obtained during the Inksplash of Mind state.\n- Swordster's Soliloquy is cleared when the Inksplash of Mind state ends.
lang_multi_text.db	Term141101_Title	3.4	Hội thoại/Cốt truyện	Hệ thống/Thuật ngữ			Swordster's Soliloquy
lang_multi_text.db	Term141102_Desc	3.4	Hội thoại/Cốt truyện	Hệ thống/Thuật ngữ			When Swordster's Soliloquy is full, Qiuyuan enters the <color=Highlight>Inksplash of Mind</color> state for 8s. During this state, <color=Highlight>Heavy Attack</color> is replaced by Heavy Attack <color=Highlight>Thus Spoke the Blade: To Save</color>.\nIn this state, hold <color=Highlight>Normal Attack</color> to consume Swordster's Soliloquy to perform Heavy Attack <color=Highlight>Thus Spoke the Blade: To Teach</color>, <color=Highlight>Thus Spoke the Blade: To Save</color>, and <color=Highlight>Thus Spoke the Blade: To Sacrifice</color> in order, dealing <color=Wind>Aero DMG</color>, considered as Heavy Attack DMG.\n- Inksplash of Mind ends when Swordster's Soliloquy is used up.
lang_multi_text.db	Term141102_Title	3.4	Hội thoại/Cốt truyện	Hệ thống/Thuật ngữ			Inksplash of Mind
lang_multi_text.db	Term141103_Desc	3.4	Hội thoại/Cốt truyện	Hệ thống/Thuật ngữ			When Qiuyuan holds 400 points of Swordster's Soliloquy, he obtains the <color=Highlight>Bamboo's Shade</color> effect, allowing all nearby active Resonators in the team to gain 30% Echo Skill DMG Bonus for 30s.
lang_multi_text.db	Term141103_Title	3.4	Hội thoại/Cốt truyện	Hệ thống/Thuật ngữ			Bamboo's Shade
lang_multi_text.db	Term141201_Desc	3.4	Hội thoại/Cốt truyện	Hệ thống/Thuật ngữ			Sigrika holds up to <color=Highlight><SapTag=0>{0}</SapTag> {Cus:Sap,S=Rune P=Runes SapTag=0}</color>. Without <color=Highlight>Full Stop</color>, Sigrika can only hold up to <color=Highlight><SapTag=1>{1}</SapTag> {Cus:Sap,S=Rune P=Runes SapTag=1}</color>. When Sigrika gains a new <color=Highlight>Rune</color> at max capacity, the existing <color=Highlight>Runes</color> shift one slot to the left, removing the leftmost <color=Highlight>Rune</color>. With at least <SapTag=2>{2}</SapTag> {Cus:Sap,S=point P=points SapTag=2} of <color=Highlight>Full Stop</color>, Sigrika can hold <SapTag=3>{3}</SapTag> additional {Cus:Sap,S=Rune P=Runes SapTag=3}.\nHitting a target directly with <color=Highlight>Basic Attack - Elucidated</color> or <color=Highlight>Dodge Counter - Decipher</color> in the duration of the moves grants one <color=Highlight>Rune: Trust</color>.\nHitting a target directly with <color=Highlight>Resonance Skill - BIG BOOMY BOOM!</color> or <color=Highlight>Resonance Skill - Soliskin to the Aid</color> in the duration of the moves grants one <color=Highlight>Rune: Answer</color>.
lang_multi_text.db	Term141201_Title	3.4	Hội thoại/Cốt truyện	Hệ thống/Thuật ngữ			Rune
lang_multi_text.db	Term141202_Desc	3.4	Hội thoại/Cốt truyện	Hệ thống/Thuật ngữ			After casting <color=Highlight>Heavy Attack - Schemata of Runes</color>, gain {0} points of <color=Highlight>Full Stop</color>, up to 100 points.
lang_multi_text.db	Term141202_Title	3.4	Hội thoại/Cốt truyện	Hệ thống/Thuật ngữ			Full Stop
lang_multi_text.db	Term141203_Desc	3.4	Hội thoại/Cốt truyện	Hệ thống/Thuật ngữ			Sigrika can hold up to <SapTag=0>{0}</SapTag> {Cus:Sap,S=stack P=stacks SapTag=0} of <color=Highlight>Innate Gift?</color>. Each stack grants <color=Highlight>Runic Outburst</color>, <color=Highlight>Runic Chain Whip</color>, <color=Highlight>Runic Soliskin</color> and <color=Highlight>Forte Circuit - Learn My True Name</color> {1} DMG Amplification.\nThis effect ends after Sigrika casts <color=Highlight>Forte Circuit - Learn My True Name</color> or is switched off the field.
lang_multi_text.db	Term141203_Title	3.4	Hội thoại/Cốt truyện	Hệ thống/Thuật ngữ			Innate Gift?
lang_multi_text.db	Term141204_Desc	3.4	Hội thoại/Cốt truyện	Hệ thống/Thuật ngữ			The next time Sigrika obtains a <color=Highlight>Rune</color>, she additionally obtains a <color=Highlight>Rune</color> of the opposite type and removes <color=Highlight>Divergent</color>.\nWhen Sigrika holds <color=Highlight>Divergent</color> and <color=Highlight>Convergent</color> at the same time, <color=Highlight>Convergent</color> takes priority.\nWhen Sigrika holds <SapTag=0>{0}</SapTag> {Cus:Sap,S=point P=points SapTag=0} of <color=Highlight>Full Stop</color>, <color=Highlight>Divergent</color> doesn't take effect.
lang_multi_text.db	Term141204_Title	3.4	Hội thoại/Cốt truyện	Hệ thống/Thuật ngữ			Divergent
lang_multi_text.db	Term141205_Desc	3.4	Hội thoại/Cốt truyện	Hệ thống/Thuật ngữ			The next time Sigrika obtains a <color=Highlight>Rune</color>, she additionally obtains a <color=Highlight>Rune</color> of the same type and removes <color=Highlight>Convergent</color>.\nWhen Sigrika holds <color=Highlight>Divergent</color> and <color=Highlight>Convergent</color> at the same time, <color=Highlight>Convergent</color> takes priority.\nWhen Sigrika holds <SapTag=0>{0}</SapTag> {Cus:Sap,S=point P=points SapTag=0} of <color=Highlight>Full Stop</color>, <color=Highlight>Convergent</color> doesn't take effect.
lang_multi_text.db	Term141205_Title	3.4	Hội thoại/Cốt truyện	Hệ thống/Thuật ngữ			Convergent
lang_multi_text.db	Term141206_Desc	3.4	Hội thoại/Cốt truyện	Hệ thống/Thuật ngữ			When any nearby Resonators in the team cast Echo Skill, Sigrika gains <SapTag=0>{0}</SapTag> {Cus:Sap,S=point P=points SapTag=0} of <color=Highlight>Soliskin Vitality</color>, up to <SapTag=1>{1}</SapTag> {Cus:Sap,S=point P=points SapTag=1}. Echoes with the same name can only trigger this effect once. Casting <color=Highlight>Outro Skill - In This Very Moment</color> resets the record of Echo triggering this effect.
lang_multi_text.db	Term141206_Title	3.4	Hội thoại/Cốt truyện	Hệ thống/Thuật ngữ			Soliskin Vitality
lang_multi_text.db	Term141207_Desc	3.4	Hội thoại/Cốt truyện	Hệ thống/Thuật ngữ			Enter the <color=Highlight>Decipher</color> state after casting <color=Highlight>Basic Attack Stage 4</color> for {0}s. This effect ends early when Sigrika is switched off the field.
lang_multi_text.db	Term141207_Title	3.4	Hội thoại/Cốt truyện	Hệ thống/Thuật ngữ			Decipher
lang_multi_text.db	Term141208_Desc	3.4	Hội thoại/Cốt truyện	Hệ thống/Thuật ngữ			When any nearby Resonators in the team cast Echo Skills, Stagnate the target and consume <SapTag=0>{0}</SapTag> {Cus:Sap,S=stack P=stacks SapTag=0} of <color=Highlight>Encapsulated</color>. <color=Highlight>Encapsulated</color> stacks up to {1} times.\nAll stacks of <color=Highlight>Encapsulated</color> are removed when Sigrika is removed from the lineup.
lang_multi_text.db	Term141208_Title	3.4	Hội thoại/Cốt truyện	Hệ thống/Thuật ngữ			Encapsulated
lang_multi_text.db	Term150801_Desc	3.4	Hội thoại/Cốt truyện	Hệ thống/Thuật ngữ			When targets marked by <color=Highlight>Unseen Snare</color> take direct damage from Resonators, Chisa inflicts <SapTag=0>{0}</SapTag> {Cus:Sap,S=stack P=stacks SapTag=0} of <color=Highlight>Havoc Bane</color> on them. This effect can be triggered up to once every {1}s.
lang_multi_text.db	Term150801_Title	3.4	Hội thoại/Cốt truyện	Hệ thống/Thuật ngữ			Unseen Snare
lang_multi_text.db	Term150802_Desc	3.4	Hội thoại/Cốt truyện	Hệ thống/Thuật ngữ			When dealing damage to the targets affected by <color=Highlight>Unseen Snare</color>, ignore {0} of their DEF.
lang_multi_text.db	Term150802_Title	3.4	Hội thoại/Cốt truyện	Hệ thống/Thuật ngữ			Thread of Bane
lang_multi_text.db	Term150803_Desc	3.4	Hội thoại/Cốt truyện	Hệ thống/Thuật ngữ			Chisa can hold up to {0} points of <color=Highlight>Ring of Chainsaw</color>.\nHitting a target with <color=Highlight>Normal Attack </color> and Resonance Skill <color=Highlight>Eye of Unraveling</color> grants <color=Highlight>Ring of Chainsaw</color>.\nCasting Resonance Liberation <color=Highlight>Moment of Nihility</color> grants {1} points of <color=Highlight>Ring of Chainsaw</color>.\nCasting Intro Skill <color=Highlight>Reverberance - Return</color> grants {2} points of <color=Highlight>Ring of Chainsaw</color>.
lang_multi_text.db	Term150803_Title	3.4	Hội thoại/Cốt truyện	Hệ thống/Thuật ngữ			Ring of Chainsaw
lang_multi_text.db	Term150804_Desc	3.4	Hội thoại/Cốt truyện	Hệ thống/Thuật ngữ			Chisa can hold up to {0} points of <color=Highlight>Lifethread - Jetstream</color>. \nChisa continuously obtains <color=Highlight>Lifethread - Jetstream</color> over time.\nChisa obtains {1} points of <color=Highlight>Lifethread - Jetstream</color> upon defeating a target. \nExiting <color=Highlight>Chainsaw Mode</color> resets <color=Highlight>Lifethread - Jetstream</color> to the max limit.\nChisa cannot obtain <color=Highlight>Lifethread - Jetstream</color> passively for a short period of time after casting  <color=Highlight>Lifethread - Glide</color>.
lang_multi_text.db	Term150804_Title	3.4	Hội thoại/Cốt truyện	Hệ thống/Thuật ngữ			Lifethread - Jetstream
lang_multi_text.db	Term150805_Desc	3.4	Hội thoại/Cốt truyện	Hệ thống/Thuật ngữ			The DMG Multipliers of <color=Highlight>Sawring - Blitz</color>, <color=Highlight>Chainsaw Mode - Dodge Counter</color>, and <color=Highlight>Sawring - Eradication</color> are increased by {0}.\n<color=Highlight>Ring of Chainsaw</color> consumed by <color=Highlight>Sawring- Blitz</color> and <color=Highlight>Chainsaw Mode - Dodge Counter</color> additionally increases the DMG Multiplier of <color=Highlight>Sawring - Eradication</color> by {1}.\nCasting <color=Highlight>Sawring - Eradication</color> ends <color=Highlight>Woven Myriad - Convergence</color>.
lang_multi_text.db	Term150805_Title	3.4	Hội thoại/Cốt truyện	Hệ thống/Thuật ngữ			Woven Myriad - Convergence
lang_multi_text.db	Term150806_Desc	3.4	Hội thoại/Cốt truyện	Hệ thống/Thuật ngữ			Electro Rage increases the damage dealt by the next Electro Flare. This effect is removed once triggered.
lang_multi_text.db	Term150806_Title	3.4	Hội thoại/Cốt truyện	Hệ thống/Thuật ngữ			Electro Rage
lang_multi_text.db	Term150811_Desc	3.4	Hội thoại/Cốt truyện	Hệ thống/Thuật ngữ			Includes Spectro Frazzle DMG, Havoc Bane DMG, Fusion Burst DMG, Glacio Chafe DMG, Electro Flare DMG, and Aero Erosion DMG.
lang_multi_text.db	Term150811_Title	3.4	Hội thoại/Cốt truyện	Hệ thống/Thuật ngữ			Negative Status DMG
lang_multi_text.db	Term150901_Desc	3.4	Hội thoại/Cốt truyện	Hệ thống/Thuật ngữ			Lynae is in <color=Highlight>Optical Sampling Stage</color> by default. In this state, <color=Highlight>Overflow</color> recovers during Basic Attack,  Lynae-Style Palettes, Mid-air Attack, and Dodge Counter, or when Intro Skill is cast.
lang_multi_text.db	Term150901_Title	3.4	Hội thoại/Cốt truyện	Hệ thống/Thuật ngữ			Optical Sampling Stage
lang_multi_text.db	Term150902_Desc	3.4	Hội thoại/Cốt truyện	Hệ thống/Thuật ngữ			Casting <color=Highlight>Basic Attack - Spark Collision</color> sends Lynae into <color=Highlight>Kaleidoscopic Parade</color>. In this state, Lynae moves faster and continuously recovers <color=Highlight>Lumiflow</color> when she moves on the ground or casts <color=Highlight>Kaleidoscopic Parade - Basic Attack</color>, <color=Highlight>Kaleidoscopic Parade - Ground Heavy Attack</color>, <color=Highlight>Kaleidoscopic Parade - Mid-air Heavy Attack</color>, <color=Highlight>Kaleidoscopic Parade - Mid-air Attack</color>, <color=Highlight>Additive Color</color>, Dodge, Intro Skill, or <color=Highlight>Basic Attack - To a Vivid Tomorrow!</color>.
lang_multi_text.db	Term150902_Title	3.4	Hội thoại/Cốt truyện	Hệ thống/Thuật ngữ			Kaleidoscopic Parade
lang_multi_text.db	Term150903_Desc	3.4	Hội thoại/Cốt truyện	Hệ thống/Thuật ngữ			Inflict <color=Highlight>Photochromic Flux</color> when hitting a target with <color=Highlight>Basic Attack - Polychrome Leap</color>, <color=Highlight>Basic Attack - Iridescent Splash</color>, <color=Highlight>Basic Attack - Visual Impact</color> and <color=Highlight>Intro Skill - Time to Show Some Colors!</color>. <color=Highlight>Photochromic Flux</color> inflicts <color=Highlight>Tune Rupture - Shifting</color>/<color=Highlight>Tune Strain - Shifting</color> on targets for 25s when Lynae is in <color=Highlight>Resonance Mode - Tune Rupture</color>/<color=Highlight>Resonance Mode - Tune Strain</color>.
lang_multi_text.db	Term150903_Title	3.4	Hội thoại/Cốt truyện	Hệ thống/Thuật ngữ			Photochromic Flux
lang_multi_text.db	Term150904_Desc	3.4	Hội thoại/Cốt truyện	Hệ thống/Thuật ngữ			When Inherent Skill <color=Highlight>Colors Never Fade!</color> is activated, Lynae leaves <color=Highlight>Spray Paint</color> on the ground after casting <color=Highlight>Basic Attack - Visual Impact</color>, which continuously inflicts <color=Highlight>Photochromic Flux</color> on targets within the <color=Highlight>Spray Paint</color> area.
lang_multi_text.db	Term150904_Title	3.4	Hội thoại/Cốt truyện	Hệ thống/Thuật ngữ			Spray Paint
lang_multi_text.db	Term150905_Desc	3.4	Hội thoại/Cốt truyện	Hệ thống/Thuật ngữ			Max 120 points.\nWhile in <color=Highlight>Optical Sampling Stage</color>, <color=Highlight>Overflow</color> recovers during Basic Attack, Lynae-Style Palettes, Mid-air Attack, and Dodge Counter, or when Intro Skill is cast.\nWhen <color=Highlight>Overflow</color> is full, <color=Highlight>Basic Attack - Spark Collision</color> becomes available.\nCasting <color=Highlight>Basic Attack - Spark Collision</color> removes all <color=Highlight>Overflow</color>.
lang_multi_text.db	Term150905_Title	3.4	Hội thoại/Cốt truyện	Hệ thống/Thuật ngữ			Overflow
lang_multi_text.db	Term150906_Desc	3.4	Hội thoại/Cốt truyện	Hệ thống/Thuật ngữ			Max 120 points.\nDuring <color=Highlight>Kaleidoscopic Parade</color>:\n- Restore 20% of <color=Highlight>Lumiflow</color> per second when Lynae is moving on the ground/climbing, or performs a successful Dodge on the ground, or within a certain time during <color=Highlight>Kaleidoscopic Parade - Basic Attack</color>, <color=Highlight>Kaleidoscopic Parade - Ground Heavy Attack</color>, <color=Highlight>Kaleidoscopic Parade - Mid-air Heavy Attack</color>, <color=Highlight>Kaleidoscopic Parade - Dodge Counter</color>, <color=Highlight>Additive Color</color>, ground Dodge, Intro Skill, or <color=Highlight>Basic Attack - To a Vivid Tomorrow!</color>.\n- <color=Highlight>Lumiflow</color> starts to deplete by 20% per second while Lynae is staying still on the ground/climbing/swimming or off the field, or after a certain time following the use of the skills listed above.\n- <color=Highlight>Lumiflow</color> does not change while Lynae is not in any of the states described above.\nExiting <color=Highlight>Kaleidoscopic Parade</color> removes all <color=Highlight>Lumiflow</color>.\nWith 120 points of <color=Highlight><te href=150906>Lumiflow</te></color>, Lynae's roller skating speed further increases. <color=Highlight>Speed Skating</color> consumes STA over time.
lang_multi_text.db	Term150906_Title	3.4	Hội thoại/Cốt truyện	Hệ thống/Thuật ngữ			Lumiflow
lang_multi_text.db	Term150907_Desc	3.4	Hội thoại/Cốt truyện	Hệ thống/Thuật ngữ			Max 3 points.\nWhile in combat, <color=Highlight>Polychrome Leap</color> grants 1 point of <color=Highlight>True Color</color> each time it's cast. With 3 points of <color=Highlight>True Color</color>, <color=Highlight>Basic Attack - Iridescent Splash</color> and <color=Highlight>Basic Attack - Visual Impact</color> become available.\nExiting <color=Highlight>Kaleidoscopic Parade</color> removes all <color=Highlight>True Color</color>.
lang_multi_text.db	Term150907_Title	3.4	Hội thoại/Cốt truyện	Hệ thống/Thuật ngữ			True Color
lang_multi_text.db	Term151001_Desc	3.4	Hội thoại/Cốt truyện	Hệ thống/Thuật ngữ			Casting any form of Resonance Skill <color=Highlight>Aureole of Execution</color> grants <SapTag=0>{0}</SapTag> {Cus:Sap,S=stack P=stacks SapTag=0} of Endnotes on the Endgame, which increases the DMG Multiplier of Resonance Liberation <color=Highlight>Rewritten in Winter's Margins</color> by {2}, stacking up to {1} times. Casting Resonance Liberation <color=Highlight>Rewritten in Winter's Margins</color> or switching to another Resonator removes all stacks.
lang_multi_text.db	Term151001_Title	3.4	Hội thoại/Cốt truyện	Hệ thống/Thuật ngữ			Endnotes on the Endgame
lang_multi_text.db	Term151002_Desc	3.4	Hội thoại/Cốt truyện	Hệ thống/Thuật ngữ			Max {0} points.\nNormal Attacks, Resonance Skill <color=Highlight>Golden Reflux</color>, Resonance Skill <color=Highlight>Aureole of Execution</color>, <color=Highlight>Basic Attack - Golden Impale</color>, and <color=Highlight>Mid-air Attack - Gavel of Earthshaker</color> restores Ichor Flow on hit.\nCasting Intro Skill <color=Highlight>Before Injection of Dawn</color> restores {1} points of Ichor Flow.
lang_multi_text.db	Term151002_Title	3.4	Hội thoại/Cốt truyện	Hệ thống/Thuật ngữ			Ichor Flow
lang_multi_text.db	Term151003_Desc	3.4	Hội thoại/Cốt truyện	Hệ thống/Thuật ngữ			Max {0} stack. When taking damage from the enemies, consume <SapTag=1>{1}</SapTag> {Cus:Sap,S=stack P=stacks SapTag=1} to reduce the DMG taken by {2} and gain immunity to interruptions for {3}s. This effect can be triggered {4} time per second.
lang_multi_text.db	Term151003_Title	3.4	Hội thoại/Cốt truyện	Hệ thống/Thuật ngữ			Dawnlit Keep
lang_multi_text.db	Term151004_Desc	3.4	Hội thoại/Cốt truyện	Hệ thống/Thuật ngữ			Deal fixed <color=Light>Spectro DMG</color>, considered Basic Attack DMG that is not affected by any DMG Bonus.\nOnly one <color=Highlight>Ichor Blade</color> can exist at a time. It cannot trigger <color=Highlight>Counterattack</color>.\n<color=Highlight>Ichor Blade</color> cannot be launched without a nearby target.\n<color=Highlight>Ichor Blade</color> disappears when Luuk Herssen casts other skills that deal damage or leaves the field.
lang_multi_text.db	Term151004_Title	3.4	Hội thoại/Cốt truyện	Hệ thống/Thuật ngữ			Ichor Blade
lang_multi_text.db	Term151005_Desc	3.4	Hội thoại/Cốt truyện	Hệ thống/Thuật ngữ			<color=Highlight>Ichor Deposit</color> detonates automatically after {0}s, dealing <color=Light>Spectro DMG</color>, considered Basic Attack DMG.
lang_multi_text.db	Term151005_Title	3.4	Hội thoại/Cốt truyện	Hệ thống/Thuật ngữ			Ichor Deposit
lang_multi_text.db	Term151101_Desc	3.4	Hội thoại/Cốt truyện	Hệ thống/Thuật ngữ			Certain Resonators can inflict <color=Highlight>Hack - Shifting</color> on the target. During this state, if the affected target is hit by <color=Highlight>Tune Break</color>, their <color=Highlight>Hack - Shifting</color> state is replaced with <color=Highlight>Hack - Interfered</color>.
lang_multi_text.db	Term151101_Title	3.4	Hội thoại/Cốt truyện	Hệ thống/Thuật ngữ			Hack - Shifting
lang_multi_text.db	Term151102_Desc	3.4	Hội thoại/Cốt truyện	Hệ thống/Thuật ngữ			After casting <color=Highlight>Resonance Skill - Deadlock</color>, Lucy enters <color=Highlight>Algorithm Compaction</color> and gains <SapTag=0>{0}</SapTag> {Cus:Sap,S=stack P=stacks SapTag=0} of <color=Highlight>SQL</color>. Her <color=Highlight>Basic Attack</color> is replaced with <color=Highlight>Basic Attack - Thread Shredding</color>, and <color=Highlight>Heavy Attack</color> is replaced with <color=Highlight>Heavy Attack - Single Threading</color>. Lucy's Spectro DMG Bonus is increased by {1}% for {2}s.\nWhen in <color=Highlight>Algorithm Compaction</color>, Lucy gains <color=Highlight>Root Access</color> upon hitting a target with <color=Highlight>Basic Attack - Thread Shredding</color> or <color=Highlight>Heavy Attack - Single Threading</color>. Reaching {3} points of <color=Highlight>Root Access</color> replaces <color=Highlight>Heavy Attack - Single Threading</color> with <color=Highlight>Heavy Attack - Dual Threading</color>. {Cus:Ipt,Touch=Tap PC=Press Gamepad=Press} or hold <color=Highlight>Normal Attack</color> shortly after casting <color=Highlight>Heavy Attack - Dual Threading</color> to cast <color=Highlight>Heavy Attack - Multi-threading</color>.\nAfter casting <color=Highlight>Heavy Attack - Multi-threading</color>, <color=Highlight>Resonance Liberation - Netrunner</color> is replaced with <color=Highlight>Resonance Liberation - Old Net Deep Dive</color>.\nAfter casting <color=Highlight>Resonance Liberation - Netrunner</color> or <color=Highlight>Resonance Liberation - Old Net Deep Dive</color>, Lucy exits the <color=Highlight>Algorithm Compaction</color> state.
lang_multi_text.db	Term151102_Title	3.4	Hội thoại/Cốt truyện	Hệ thống/Thuật ngữ			Algorithm Compaction
lang_multi_text.db	Term151103_Desc	3.4	Hội thoại/Cốt truyện	Hệ thống/Thuật ngữ			<color=Highlight>TCP</color>\nLucy holds up to {0} points of <color=Highlight>TCP</color>.\nLucy gains <color=Highlight>TCP</color> when she deals damage through <color=Highlight>Basic Attack</color>, <color=Highlight>Heavy Attack</color>, <color=Highlight>Mid-air Attack</color>, or <color=Highlight>Dodge Counter</color>.\nLucy gains <color=Highlight>TCP</color> when she deals damage through <color=Highlight>Resonance Skill - Payload</color> and <color=Highlight>Resonance Skill - Pulse Interference</color>.\nAfter casting <color=Highlight>Intro Skill - Outdated Hallucination</color>, casting the next <color=Highlight>Resonance Skill - Pulse Interference</color> additionally grants <SapTag=A>{1}</SapTag> {Cus:Sap,S=point P=points SapTag=A} of <color=Highlight>TCP</color>.\nWhen <color=Highlight>TCP</color> reaches {2} points, <color=Highlight>Resonance Skill - Payload</color> and <color=Highlight>Resonance Skill - Pulse Interference</color> are replaced with <color=Highlight>Resonance Skill - Deadlock</color>.
lang_multi_text.db	Term151103_Title	3.4	Hội thoại/Cốt truyện	Hệ thống/Thuật ngữ			TCP
lang_multi_text.db	Term151104_Desc	3.4	Hội thoại/Cốt truyện	Hệ thống/Thuật ngữ			A target enters this state when they are hit by <color=Highlight>Tune Break</color> under the <color=Highlight>Hack - Shifting</color> state. Resonators who can respond to <color=Highlight>Hack- Interfered</color> cause additional effects when attacking targets in this state. <color=Highlight>Hack- Interfered</color> lasts for {0}s.
lang_multi_text.db	Term151104_Title	3.4	Hội thoại/Cốt truyện	Hệ thống/Thuật ngữ			Hack - Interfered
lang_multi_text.db	Term151105_Desc	3.4	Hội thoại/Cốt truyện	Hệ thống/Thuật ngữ			<color=Highlight>Root Access</color>\nLucy holds up to {0} points of <color=Highlight>Root Access</color>. \nLucy gains <color=Highlight>Root Access</color> when she deals damage through <color=Highlight>Basic Attack - Thread Shredding</color>, <color=Highlight>Heavy Attack - Single Threading</color>, <color=Highlight>Mid-air Attack - Algorithm Compaction</color>, and <color=Highlight>Dodge Counter - Algorithm Compaction</color>.\nReaching {1} points of <color=Highlight>Root Access</color> replaces <color=Highlight>Heavy Attack - Single Threading</color> with <color=Highlight>Heavy Attack - Dual Threading</color>. {Cus:Ipt,Touch=Tap PC=Press Gamepad=Press} or hold <color=Highlight>Normal Attack</color> shortly after casting <color=Highlight>Heavy Attack - Dual Threading</color> to cast <color=Highlight>Heavy Attack - Multi-threading</color>.
lang_multi_text.db	Term151105_Title	3.4	Hội thoại/Cốt truyện	Hệ thống/Thuật ngữ			Root Access
lang_multi_text.db	Term151106_Desc	3.4	Hội thoại/Cốt truyện	Hệ thống/Thuật ngữ			After casting <color=Highlight>Resonance Skill - Deadlock</color>, Lucy enters <color=Highlight>Algorithm Compaction</color> and gains <SapTag=0>{0}</SapTag> {Cus:Sap,S=stack P=stacks SapTag=0} of <color=Highlight>SQL</color>.\nWhile in <color=Highlight>Algorithm Compaction</color>, casting <color=Highlight>Resonance Skill - Deadlock</color> will not grant <color=Highlight>SQL</color> again.\nWhen casting <color=Highlight>Heavy Attack - Multi-threading</color>, if Lucy has <color=Highlight>SQL</color>, increase this attack's DMG Multiplier by {1}% and remove <color=Highlight>SQL</color>.\nWhen casting <color=Highlight>Heavy Attack - Multi-threading</color>, if Lucy does not have <color=Highlight>SQL</color>, she loses {2}% of current HP. If Lucy's HP is below {3}%, no HP is consumed.
lang_multi_text.db	Term151106_Title	3.4	Hội thoại/Cốt truyện	Hệ thống/Thuật ngữ			SQL
lang_multi_text.db	Term151107_Desc	3.4	Hội thoại/Cốt truyện	Hệ thống/Thuật ngữ			When Lucy casts <color=Highlight>Resonance Liberation - Netrunner</color> or <color=Highlight>Resonance Liberation - Old Net Deep Dive</color>, she pulls up a Protocol Interface. She can choose up to {0} different <color=Highlight>Spoofing Program</color> effects from the following list, each requiring different RAM costs. Lucy starts with <SapTag=1>{1}</SapTag> {Cus:Sap,S=point P=points SapTag=1} of RAM:\n<color=Highlight>Spoofing Program: Ping</color>, \n<color=Highlight>Spoofing Program: Cyberware Malfunction</color>, \n<color=Highlight>Spoofing Program: Breach Protocol</color>, <color=Highlight>Spoofing Program: Synapse Burnout</color>, <color=Highlight>Spoofing Program: Cripple Movement</color>, <color=Highlight>Spoofing Program: Weapon Glitch</color>, and <color=Highlight>Spoofing Program: Cyberpsychosis</color>.
lang_multi_text.db	Term151107_Title	3.4	Hội thoại/Cốt truyện	Hệ thống/Thuật ngữ			Spoofing Program
lang_multi_text.db	Term160801_Desc	3.4	Hội thoại/Cốt truyện	Hệ thống/Thuật ngữ			Phrolova can hold up to 6 <color=Highlight>Volatile Notes</color>. When <color=Highlight>Volatile Notes</color> reach the max number, all <color=Highlight>Volatile Notes</color> shift one slot to the left, and the leftmost <color=Highlight>Volatile Note - Strings</color> or <color=Highlight>Volatile Note - Winds</color> will be removed.\nHitting a target with <color=Highlight>Basic Attack Stage 3</color> or <color=Highlight>Movement of Fate and Finality</color> grants 1 <color=Highlight>Volatile Note - Strings</color>.\nHitting a target with Resonance Skill <color=Highlight>Whispers in a Fleeting Dream</color> or Resonance Skill <color=Highlight>Murmurs in a Haunting Dream</color> grants 1 <color=Highlight>Volatile Note - Winds</color>.\nWhen <color=Highlight>Inherent Skill - Accidental</color> is activated, casting Suite of Quietus, Suite of Immortality, or Echo Skill turns the next Volatile Note into <color=Highlight>Volatile Note - Cadenza</color>.\nPhrolova cannot obtain <color=Highlight>Volatile Notes</color> during <color=Highlight>Resolving Chord</color>.
lang_multi_text.db	Term160801_Title	3.4	Hội thoại/Cốt truyện	Hệ thống/Thuật ngữ			Volatile Note
lang_multi_text.db	Term160802_Desc	3.4	Hội thoại/Cốt truyện	Hệ thống/Thuật ngữ			Phrolova enters <color=Highlight>Resolving Chord</color> after casting <color=Highlight>Scarlet Coda</color>.\nWhen in the <color=Highlight>Resolving Chord</color> state, <color=Highlight>Waltz of Forsaken Depths</color> becomes available.
lang_multi_text.db	Term160802_Title	3.4	Hội thoại/Cốt truyện	Hệ thống/Thuật ngữ			Resolving Chord
lang_multi_text.db	Term160803_Desc	3.4	Hội thoại/Cốt truyện	Hệ thống/Thuật ngữ			Max {0} stacks.\nWhen Phrolova is not on the field, casting <color=Highlight>Enhanced Attack - Hecate: Strings</color>, <color=Highlight>Enhanced Attack - Hecate: Winds</color>, and <color=Highlight>Enhanced Attack - Hecate: Cadenza</color> grants <SapTag=1>{1}</SapTag> {Cus:Sap,S=stack P=stacks SapTag=1} of Aftersound.\nWhen Phrolova is out of combat, all stacks of Aftersound are removed every {2}s.
lang_multi_text.db	Term160803_Title	3.4	Hội thoại/Cốt truyện	Hệ thống/Thuật ngữ			Aftersound
lang_multi_text.db	Term160804_Desc	3.4	Hội thoại/Cốt truyện	Hệ thống/Thuật ngữ			Gain {1} ATK increase.\nPhrolova floats in the air and commands Hecate to fight. Hecate will share Phrolova's stats and statuses, and damage dealt by Hecate will be considered coming from Phrolova.\nDuring this period, Phrolova plays out the <color=Highlight>Volatile Notes</color> in order. Each <color=Highlight>Volatile Note</color> holds for {0}s.
lang_multi_text.db	Term160804_Title	3.4	Hội thoại/Cốt truyện	Hệ thống/Thuật ngữ			Maestro
lang_multi_text.db	Term160805_Desc	3.4	Hội thoại/Cốt truyện	Hệ thống/Thuật ngữ			<size=40><color=Title>Basic Attack - Movement of Fate and Finality</color></size>\nWhen in <color=Highlight>Reincarnate</color>, {Cus:Ipt,Touch=tap PC=press Gamepad=press} <color=Highlight>Normal Attack</color> on the ground to cast <color=Highlight>Movement of Fate and Finality</color>, which deals <color=Dark>Havoc DMG</color> (considered <color=Highlight>Resonance Skill DMG</color>), Stagnates the target, and ends <color=Highlight>Reincarnate</color> afterward.\n<size=10></size>\n<size=40><color=Title>Resonance Skill - Murmurs in a Haunting Dream</color></size>\nWhen in <color=Highlight>Reincarnate</color>, {Cus:Ipt,Touch=tap PC=press Gamepad=press} <color=Highlight>Resonance Skill</color> on the ground to cast <color=Highlight>Murmurs in a Haunting Dream</color>, dealing <color=Dark>Havoc DMG</color> (considered <color=Highlight>Resonance Skill DMG</color>) and ending <color=Highlight>Reincarnate</color> afterward.
lang_multi_text.db	Term160805_Title	3.4	Hội thoại/Cốt truyện	Hệ thống/Thuật ngữ			Reincarnate
lang_multi_text.db	Term260001_Desc	3.4	Hội thoại/Cốt truyện	Hệ thống/Thuật ngữ			An institution that operates independently of the administrative, judicial, and military branches of Huanglong, with the highest official titled "Chief Commander." Reporting directly to the Emperor of Huanglong, it holds the authority to investigate any case, official, or criminal without approval from other agencies, with the power to "act first, report later." Tasked with handling intricate cases year-round, the agency has developed specialized expertise in managing Resonators.
lang_multi_text.db	Term260001_Title	3.4	Hội thoại/Cốt truyện	Hệ thống/Thuật ngữ			Internal Security Agency
lang_multi_text.db	Term260002_Desc	3.4	Hội thoại/Cốt truyện	Hệ thống/Thuật ngữ			A special agency responsible for monitoring Sentinels, astronomy, and calendars across Huanglong's various cities. Led by the Minister of Sentinel Affairs in Mingting, it has subordinate bureaus in the other six cities, each headed by an Intendant. While they hold independent authority on Sentinel-related matters, they are limited to advising and supervising the administrative bodies of each city and Mingting.
lang_multi_text.db	Term260002_Title	3.4	Hội thoại/Cốt truyện	Hệ thống/Thuật ngữ			Ministry of Sentinel Affairs
lang_multi_text.db	Term260003_Desc	3.4	Hội thoại/Cốt truyện	Hệ thống/Thuật ngữ			A unique Resonance Ability of Qiuyuan. By perceiving the nature and differences of surrounding frequencies, he can discern an enemy's location and even state of mind. In extreme cases, this perception can be amplified through Sonoro Spheres, bringing to life the mental imagery of his enemies—or even his own.
lang_multi_text.db	Term260003_Title	3.4	Hội thoại/Cốt truyện	Hệ thống/Thuật ngữ			Mindsight
lang_multi_text.db	Term260004_Desc	3.4	Hội thoại/Cốt truyện	Hệ thống/Thuật ngữ			A civilization located at the polar region of Solaris. Ancient shifts in the planetary axis redefined the world's geography, turning the Lahai-Roi region into what is now the planet's pole. Over time, the vast caverns deep beneath thick layers of ice and snow gradually became habitable for humankind. In this warm and humid underground haven stands an academic metropolis for Resonators, celebrated as the "Research Haven of Solaris" and a "Utopia for Researchers."
lang_multi_text.db	Term260004_Title	3.4	Hội thoại/Cốt truyện	Hệ thống/Thuật ngữ			Lahai-Roi
lang_multi_text.db	Term260005_Desc	3.4	Hội thoại/Cốt truyện	Hệ thống/Thuật ngữ			A Tidespawn created by Leviathan. It is a fusion of the frequencies of three powerful Tacet Discords: the great lion "Nemea," the ancestral goat "Pan," and the slippery serpent "Python." Once Leviathan's "first offspring," it now "resides" within Galbrena after merging with her frequency.\nWithin this fused being, the lion's brutal nature dominates Chimera's will, while the goat tempers its violence by feeding on human compassion. The serpent, sly and independent, appears loyal to Galbrena but secretly undermines her frequency.
lang_multi_text.db	Term260005_Title	3.4	Hội thoại/Cốt truyện	Hệ thống/Thuật ngữ			Chimera
lang_multi_text.db	Term260006_Desc	3.4	Hội thoại/Cốt truyện	Hệ thống/Thuật ngữ			The past name of "Murmurstown." Devastated sixteen years ago by the outbreak of the Dark Tide, it is now a lost Gladiator town in the Wastelands.
lang_multi_text.db	Term260006_Title	3.4	Hội thoại/Cốt truyện	Hệ thống/Thuật ngữ			Fabianum
lang_multi_text.db	Term260007_Desc	3.4	Hội thoại/Cốt truyện	Hệ thống/Thuật ngữ			The Tacet Fields that exist in isolated dimensions. \n"Tacet Fields" are thought to be where all Tacet Discords originate. These locations feature a sky of inverted seas and a deep cross-shaped Tacet Mark on the ground. Reverberations fill the air, linking our world to an unknown space through a white Resonance Cord. These areas attract gatherings of Tacet Discords.
lang_multi_text.db	Term260007_Title	3.4	Hội thoại/Cốt truyện	Hệ thống/Thuật ngữ			Paradimensional Tacet Field
lang_multi_text.db	Term260008_Desc	3.4	Hội thoại/Cốt truyện	Hệ thống/Thuật ngữ			As the highest official in Huanglong's Ministry of War, the Minister oversees all military affairs for the six cities in Huanglong. The honorific title "Grand Marshal" is used to signify the rank and authority of this position.
lang_multi_text.db	Term260008_Title	3.4	Hội thoại/Cốt truyện	Hệ thống/Thuật ngữ			Grand Marshal
lang_multi_text.db	Term260009_Desc	3.4	Hội thoại/Cốt truyện	Hệ thống/Thuật ngữ			The capital of Huanglong. The nation's political, economic, and cultural center.
lang_multi_text.db	Term260009_Title	3.4	Hội thoại/Cốt truyện	Hệ thống/Thuật ngữ			Mingting
lang_multi_text.db	Term260010_Desc	3.4	Hội thoại/Cốt truyện	Hệ thống/Thuật ngữ			The Ministry of War is Huanglong's supreme military command, headquartered in Mingting with branches in all six cities. Its leader, the Minister of War, holds supreme command over all military affairs. Authority is delegated to a General in each city, who manages local forces. While Mingting usually appoints these Generals, local Sentinels have the authority to do so in certain special cities.
lang_multi_text.db	Term260010_Title	3.4	Hội thoại/Cốt truyện	Hệ thống/Thuật ngữ			Ministry of War
lang_multi_text.db	Term260011_Desc	3.4	Hội thoại/Cốt truyện	Hệ thống/Thuật ngữ			One of Huanglong's three judicial bodies. It holds the authority to jointly try major cases and wields significant supervisory power, a duty summarized as "to probe evil and maintain discipline." Its officials are generally titled Censors, while those stationed or assigned temporarily in the six cities are called Investigating Censors.
lang_multi_text.db	Term260011_Title	3.4	Hội thoại/Cốt truyện	Hệ thống/Thuật ngữ			Censorate
lang_multi_text.db	Term260012_Desc	3.4	Hội thoại/Cốt truyện	Hệ thống/Thuật ngữ			Just as the name enjoyed by Napoli the Second, it is a title Primus Fenrico should have rightfully possessed. However, due to unknown reasons, Fenrico forbade Acolytes from referring to him as such, until he met his end at the bottom of the sea. In the history of the Order of the Deep, he is the only one who bears the name "Fenrico."
lang_multi_text.db	Term260012_Title	3.4	Hội thoại/Cốt truyện	Hệ thống/Thuật ngữ			Fenrico the First
lang_multi_text.db	Term270001_Desc	3.4	Hội thoại/Cốt truyện	Hệ thống/Thuật ngữ			A region located between Mengzhou and Jinzhou. It is considered a vital passage way between the two cities, and also once a strategic hold for intercepting Tacet Discords.
lang_multi_text.db	Term270001_Title	3.4	Hội thoại/Cốt truyện	Hệ thống/Thuật ngữ			Land of Xuanfang
lang_multi_text.db	Term700004_Desc	3.4	Hội thoại/Cốt truyện	Hệ thống/Thuật ngữ			An amalgamated horror that often emerges alongside Void Storms. During lulls between Storms, it primarily inhabits the highly concentrated Voidmatter environment of the Mawburrow Desert. The Voidmatter Regulators on its head serve as both its power source and its weakness.
lang_multi_text.db	Term700004_Title	3.4	Hội thoại/Cốt truyện	Hệ thống/Thuật ngữ			Voidworm
lang_multi_text.db	Term700005_Desc	3.4	Hội thoại/Cốt truyện	Hệ thống/Thuật ngữ			Officially the "Resonator Nursing Unit," the infirmary is a clinical-research hybrid facility overseen by Rabelle College.\nManaged by Academy physician Luuk Herssen, it utilizes Frequency Therapeutics to provide comprehensive healthcare for the students and faculty of Startorch Academy.
lang_multi_text.db	Term700005_Title	3.4	Hội thoại/Cốt truyện	Hệ thống/Thuật ngữ			Infirmary
lang_multi_text.db	Term700006_Desc	3.4	Hội thoại/Cốt truyện	Hệ thống/Thuật ngữ			An identity authentication device issued by the Spacetrek Collective, serving as mandatory safety gear for navigating Lahai-Roi.\nAll first-year students must complete the Cassette's burning and registration under faculty supervision at the Research Institute before venturing beyond the Academy's protected zones.
lang_multi_text.db	Term700006_Title	3.4	Hội thoại/Cốt truyện	Hệ thống/Thuật ngữ			Rabelle Cassette
lang_multi_text.db	Term700007_Desc	3.4	Hội thoại/Cốt truyện	Hệ thống/Thuật ngữ			A standardized Terminal for the Spacetrek Collective members, designed to hold the Rabelle Cassette.\nIts casing is constructed from a special composite that mimics the Exostrider's engineering, granting partial resistance to Void Storms.
lang_multi_text.db	Term700007_Title	3.4	Hội thoại/Cốt truyện	Hệ thống/Thuật ngữ			Frequency Cassette Recorder
lang_multi_text.db	Term700008_Desc	3.4	Hội thoại/Cốt truyện	Hệ thống/Thuật ngữ			A colossal mech of alien origin, now dormant in the Roya Frostlands. Startorch Academy was founded to train Synchronists capable of establishing Augmented Resonance with it.\nIn the Roya's Trine Myth, it is revered as Baldur, the earthly incarnation of the sun deity Sol. Legend claims it once held up the earth's collapsing crust with its greatsword, saving the Roya from annihilation. Predictions foretell it will awaken from its slumber to confront the ruinous Hvedrungr in a final, apocalyptic battle.
lang_multi_text.db	Term700008_Title	3.4	Hội thoại/Cốt truyện	Hệ thống/Thuật ngữ			Exostrider
lang_multi_text.db	Term700009_Desc	3.4	Hội thoại/Cốt truyện	Hệ thống/Thuật ngữ			Candidates selected from across Solaris who can link their consciousness to the giant Exostrider mech via an external mechanical interface.\nThese Synchronists can achieve a degree of control over the Exostrider through Augmented Resonance. To identify and train these rare pilots, Startorch Academy established Rabelle College.
lang_multi_text.db	Term700009_Title	3.4	Hội thoại/Cốt truyện	Hệ thống/Thuật ngữ			Synchronist
lang_multi_text.db	Term700010_Desc	3.4	Hội thoại/Cốt truyện	Hệ thống/Thuật ngữ			The Exostrider's power core and Lahai-Roi's underground "sun."\nRoyan records say this energy entity was removed from the Exostrider and placed underground to sustain the haven. However, monitoring data confirms a gradual but steady decline in its energy output. Both the Roya and the Spacetrek Collective are now formulating emergency contingencies in response.
lang_multi_text.db	Term700010_Title	3.4	Hội thoại/Cốt truyện	Hệ thống/Thuật ngữ			Reactor Drive
lang_multi_text.db	Term700011_Desc	3.4	Hội thoại/Cốt truyện	Hệ thống/Thuật ngữ			A colossal vertical transport system built along the Exostrider's greatsword, connecting Lahai-Roi and the Roya Frostlands.\nIts structure resembles a spine piercing both heaven and earth. Powered by orbital-acceleration technology, it connects the deep cavern to the surface and serves as Lahai-Roi's most important transportation hubs.
lang_multi_text.db	Term700011_Title	3.4	Hội thoại/Cốt truyện	Hệ thống/Thuật ngữ			Starward Riseway
lang_multi_text.db	Term700012_Desc	3.4	Hội thoại/Cốt truyện	Hệ thống/Thuật ngữ			The Exostrider's remaining weapon. The blade is buried deep within Sundermere, while its hilt supports the very ceiling of the cavern, forming a structural pillar through the heart of Lahai-Roi.\nIn the Roya's Trine Myth, it is predicted that Baldur will draw this sword in the final battle against the ruinous entity Hvedrungr.
lang_multi_text.db	Term700012_Title	3.4	Hội thoại/Cốt truyện	Hệ thống/Thuật ngữ			Greatsword
lang_multi_text.db	Term700013_Desc	3.4	Hội thoại/Cốt truyện	Hệ thống/Thuật ngữ			A monitoring instrument installed on the surface of Sundermere by the Spacetrek Collective to oversee and maintain the Reactor Drive.\nAt its core is a replica of the Exostrider's calibration module, enabling a dedicated data link with the Drive to transmit real-time correction parameters. Hyvatia plays a vital role in ensuring the Reactor Drive's continuous and stable operation.
lang_multi_text.db	Term700013_Title	3.4	Hội thoại/Cốt truyện	Hệ thống/Thuật ngữ			Hyvatia
lang_multi_text.db	Term700014_Desc	3.4	Hội thoại/Cốt truyện	Hệ thống/Thuật ngữ			Specialized protective infrastructure developed by Startorch Academy, using reverse-engineered materials inspired by the Exostrider's surface fibers and coatings. It provides a degree of resistance against Voidmatter contamination.\nIt is now deployed as a standard protective measure in Spacetrek Collective camps, research outposts, and transit hubs. The largest installation is the Antivoid Canopy surrounding Startorch Academy.
lang_multi_text.db	Term700014_Title	3.4	Hội thoại/Cốt truyện	Hệ thống/Thuật ngữ			Voidmatter Barrier
lang_multi_text.db	Term700015_Desc	3.4	Hội thoại/Cốt truyện	Hệ thống/Thuật ngữ			The indigenous inhabitants of Lahai-Roi. They have lived in the underground cavern long before the Spacetrek Collective's arrival. They now maintain a cooperative relationship with it.\nBy observing the Reactor Drive's operational cycles, the Roya devised their own calendar. They guide the growth and migration of the Exoswarm, a sacred duty they regard as their tribe's calling.
lang_multi_text.db	Term700015_Title	3.4	Hội thoại/Cốt truyện	Hệ thống/Thuật ngữ			Roya Tribe
lang_multi_text.db	Term700016_Desc	3.4	Hội thoại/Cốt truyện	Hệ thống/Thuật ngữ			A Spacetrek Collective project decades in the making to replace the Reactor Drive in the sky with Helios, an artificial sun engineered by the Research Institute.\nIts ultimate goal is to retrieve the Drive as a power source to awaken the Exostrider slumbering in the frostlands, all while keeping Lahai-Roi's ecosystem stable.
lang_multi_text.db	Term700016_Title	3.4	Hội thoại/Cốt truyện	Hệ thống/Thuật ngữ			New Solar Ceremony
lang_multi_text.db	Term700017_Desc	3.4	Hội thoại/Cốt truyện	Hệ thống/Thuật ngữ			The artificial sun crafted by the Spacetrek Collective: Research Institute to replace the Reactor Drive in the New Solar Ceremony.\nFor successful operation, it requires environmental data from Hyvatia and raw observational data on the Reactor Drive provided by the Heliogyre.
lang_multi_text.db	Term700017_Title	3.4	Hội thoại/Cốt truyện	Hệ thống/Thuật ngữ			Helios
lang_multi_text.db	Term700018_Desc	3.4	Hội thoại/Cốt truyện	Hệ thống/Thuật ngữ			The sacred ground of the Roya and the dwelling of the Heliodic Six. It safeguards Exostrider parts and serves as the central archive for all Royan records.\nWith each operational cycle of the Reactor Drive, the Solisylum calculates its stability, tracks the birth and growth of the Exoswarm, and monitors their eventual return to the Exostrider.
lang_multi_text.db	Term700018_Title	3.4	Hội thoại/Cốt truyện	Hệ thống/Thuật ngữ			Solisylum
lang_multi_text.db	Term700019_Desc	3.4	Hội thoại/Cốt truyện	Hệ thống/Thuật ngữ			An artifact used exclusively by the Heliodic Six to observe the Reactor Drive.\nDuring the New Solar Ceremony, it provides Helios with raw observational data on the Reactor Drive.
lang_multi_text.db	Term700019_Title	3.4	Hội thoại/Cốt truyện	Hệ thống/Thuật ngữ			Heliogyre
lang_multi_text.db	Term700020_Desc	3.4	Hội thoại/Cốt truyện	Hệ thống/Thuật ngữ			Roya elders such as the Eye, the Binder, and the Shaper. Each pair in the Six is entrusted with the roles of observation, archival, and extrapolation.\nThey reside within the Solisylum, tracing the Reactor Drive's trajectories and forecasting Void Storms.
lang_multi_text.db	Term700020_Title	3.4	Hội thoại/Cốt truyện	Hệ thống/Thuật ngữ			The Heliodic Six
lang_multi_text.db	Term700021_Desc	3.4	Hội thoại/Cốt truyện	Hệ thống/Thuật ngữ			The forest where the Soliskin dwell. Bathed in the light of the Reactor Drive, the woods remain untouched by the ravages of Void Storms.
lang_multi_text.db	Term700021_Title	3.4	Hội thoại/Cốt truyện	Hệ thống/Thuật ngữ			Bjartr Woods
lang_multi_text.db	Term700022_Desc	3.4	Hội thoại/Cốt truyện	Hệ thống/Thuật ngữ			Biomechanical creatures formed from the Exostrider's cellular remnants. By mimicking herds and other lifeforms, they helped rebuild Lahai-Roi's ecosystem.
lang_multi_text.db	Term700022_Title	3.4	Hội thoại/Cốt truyện	Hệ thống/Thuật ngữ			Exoswarm
lang_multi_text.db	Term700023_Desc	3.4	Hội thoại/Cốt truyện	Hệ thống/Thuật ngữ			Materials harvested from Exoswarm. Though still essentially parts of the Exostrider, they are widely utilized in engineering Lahai-Roi's various constructs.
lang_multi_text.db	Term700023_Title	3.4	Hội thoại/Cốt truyện	Hệ thống/Thuật ngữ			Exoswarm Material
lang_multi_text.db	Term700024_Desc	3.4	Hội thoại/Cốt truyện	Hệ thống/Thuật ngữ			Roya chosen by the Soliskin for their pure nature become Shepherds. Their duty is to guide and care for the Soliskin. They lead the Soliskin to the best sunlit areas of Bjartr Woods and keep them safe.
lang_multi_text.db	Term700024_Title	3.4	Hội thoại/Cốt truyện	Hệ thống/Thuật ngữ			Shepherd
lang_multi_text.db	Term700025_Desc	3.4	Hội thoại/Cốt truyện	Hệ thống/Thuật ngữ			Individuals gifted in calendrical calculation and a degree of resonance with the Exostrider and Soliskin are permitted into the Solisylum. There, they serve the Heliodic Six as aides and the tribe as healers and teachers, all while being groomed as the Six's eventual successors.
lang_multi_text.db	Term700025_Title	3.4	Hội thoại/Cốt truyện	Hệ thống/Thuật ngữ			Solsworn
lang_multi_text.db	Term700026_Desc	3.4	Hội thoại/Cốt truyện	Hệ thống/Thuật ngữ			A type of Exoswarm originating from the Exostrider's neural structures. They are believed to embody fragments of its consciousness.
lang_multi_text.db	Term700026_Title	3.4	Hội thoại/Cốt truyện	Hệ thống/Thuật ngữ			Soliskin
lang_multi_text.db	Term700027_Desc	3.4	Hội thoại/Cốt truyện	Hệ thống/Thuật ngữ			Towering constructs widespread in Bjartr Woods, forming a vast, floating forest. Their roots permeate Lahai-Roi, relaying information directly to the Heliogyre.
lang_multi_text.db	Term700027_Title	3.4	Hội thoại/Cốt truyện	Hệ thống/Thuật ngữ			Solistrees
lang_multi_text.db	Term700028_Desc	3.4	Hội thoại/Cốt truyện	Hệ thống/Thuật ngữ			A ceremony held by the Roya for the Soliskin. During the rite, the Soliskin transform into ethereal energy forms. Guided by Shepherds, they enter the Solistrees and disperse into luminescence as they rise.\nThe Roya believe this marks the Soliskin's return to the Exostrider.
lang_multi_text.db	Term700028_Title	3.4	Hội thoại/Cốt truyện	Hệ thống/Thuật ngữ			Rite of Return
lang_multi_text.db	Term700029_Desc	3.4	Hội thoại/Cốt truyện	Hệ thống/Thuật ngữ			A Waveworn Phenomenon unique to Lahai-Roi, erupting when Voidmatter concentrations reach a critical threshold. It indiscriminately dissolves all matter and existence within its range, causing widespread devastation. Before it strikes, an atmospheric light known as the Shimmer typically appears, serving as an early warning.
lang_multi_text.db	Term700029_Title	3.4	Hội thoại/Cốt truyện	Hệ thống/Thuật ngữ			Void Storm
lang_multi_text.db	Term700030_Desc	3.4	Hội thoại/Cốt truyện	Hệ thống/Thuật ngữ			A warm, humid underground haven deep beneath the Roya Frostlands. Following an ancient polar shift that made Lahai-Roi Solaris's new pole, the changing climate drove the surface-dwelling Roya to migrate below. Long isolated, it became a refuge for extinct prehistoric life, which has since evolved into a unique and remarkably independent ecosystem.
lang_multi_text.db	Term700030_Title	3.4	Hội thoại/Cốt truyện	Hệ thống/Thuật ngữ			Lahai-Roi
lang_multi_text.db	Term700031_Desc	3.4	Hội thoại/Cốt truyện	Hệ thống/Thuật ngữ			Officially titled the Spacetrek Collective: Startorch Academy, this borderless academic metropolis trains Synchronists and spearheads research into the giant mech known as the Exostrider. Its name embodies its core ethos: "to carry the flame of inquiry and ignite the torch of civilization." Here, seekers of knowledge from across the world gather, knowledge flows freely, and cultures meet in harmony.
lang_multi_text.db	Term700031_Title	3.4	Hội thoại/Cốt truyện	Hệ thống/Thuật ngữ			Startorch Academy
lang_multi_text.db	Term750001_Desc	3.4	Hội thoại/Cốt truyện	Hệ thống/Thuật ngữ			An operation conducted by Septimont's Gladiators to eliminate the Dark Tide and its creations within the Sanguis Plateaus.\nThe Plateaus' unique terrain allows Remnant Energy to accumulate, sustaining the lingering Blightcloud hanging over the area, a remnant of the first Dark Tide outbreak in Rinascita. Consequently, the region has become a breeding ground for Dark Tide creatures, where the Dark Tide's corruption continues to spread unchecked.\nAs the confrontation with the Dark Tide stretched on, the Septimontians discovered a strategy to effectively curb the Dark Tide's advance: luring its creations toward the Earthrend Wedge and hunting them near its base. Since then, the "hunt" gradually evolved into an institutionalized tradition deeply woven into Septimont's culture.
lang_multi_text.db	Term750001_Title	3.4	Hội thoại/Cốt truyện	Hệ thống/Thuật ngữ			Hunt
lang_multi_text.db	Term750002_Desc	3.4	Hội thoại/Cốt truyện	Hệ thống/Thuật ngữ			A type of Tacet Discord born from the Dark Tide.
lang_multi_text.db	Term750002_Title	3.4	Hội thoại/Cốt truyện	Hệ thống/Thuật ngữ			Dark Tide Creation
lang_multi_text.db	Term750003_Desc	3.4	Hội thoại/Cốt truyện	Hệ thống/Thuật ngữ			A colossal wedge-shaped structure located in the lower levels of the Sanguis Plateaus. It descended from the high heavens alongside Rinascita's Sentinel Imperator, who had full control over it. When the first Dark Tide outbreak struck Rinascita, the Earthrend Wedge was activated. Its energy field effectively suppressed the Blightcloud above the hunting grounds, preventing it from spreading into Septimont's urban areas. Subsequently, the Dark Tide stemming from the clouds has been mostly contained within the lower levels of the Plateaus.
lang_multi_text.db	Term750003_Title	3.4	Hội thoại/Cốt truyện	Hệ thống/Thuật ngữ			Earthrend Wedge
lang_multi_text.db	Term750004_Desc	3.4	Hội thoại/Cốt truyện	Hệ thống/Thuật ngữ			Located on the outskirts of the city of Septimont, it's the "air terminal" where Gladiators cross the canyons and make their trip to and from the Sanguis Plateaus.
lang_multi_text.db	Term750004_Title	3.4	Hội thoại/Cốt truyện	Hệ thống/Thuật ngữ			Tempest Cliffs
lang_multi_text.db	Term750005_Desc	3.4	Hội thoại/Cốt truyện	Hệ thống/Thuật ngữ			The living quarters of Priestesses, where fate is observed and prophecies are documented. Commonly referred to as the "Temple."
lang_multi_text.db	Term750005_Title	3.4	Hội thoại/Cốt truyện	Hệ thống/Thuật ngữ			Tetragon Temple
lang_multi_text.db	Term750006_Desc	3.4	Hội thoại/Cốt truyện	Hệ thống/Thuật ngữ			The main hunting ground on the mid to upper levels of the Sanguis Plateaus, where generations of Septimontians battled the Dark Tide and its creations.
lang_multi_text.db	Term750006_Title	3.4	Hội thoại/Cốt truyện	Hệ thống/Thuật ngữ			Maroonwood
lang_multi_text.db	Term750007_Desc	3.4	Hội thoại/Cốt truyện	Hệ thống/Thuật ngữ			A Common Echo in the form of a large horn. Hornett's high-pitched and lengthy blare is used to signal the beginning or the conclusion of large-scale hunting operations.
lang_multi_text.db	Term750007_Title	3.4	Hội thoại/Cốt truyện	Hệ thống/Thuật ngữ			Hornett
lang_multi_text.db	Term750008_Desc	3.4	Hội thoại/Cốt truyện	Hệ thống/Thuật ngữ			The mainland of Septimont and the Sanguis Plateaus are separated by a narrow and long waterway.
lang_multi_text.db	Term750008_Title	3.4	Hội thoại/Cốt truyện	Hệ thống/Thuật ngữ			Canyons
lang_multi_text.db	Term750009_Desc	3.4	Hội thoại/Cốt truyện	Hệ thống/Thuật ngữ			A unique flame produced by igniting specific minerals. Its appearance resembles sunlight more than ordinary fire. The precise types and proportions of minerals used to create this flame are a closely guarded secret, passed down exclusively through generations of Priestesses.\nWhile the Sacred Flame offers no special power, Priestesses channel their Resonance power through it, using its light to glimpse the future and deliver prophecies.\nYet to the Priestesses, the Sacred Flame is more than just a medium for divination. They view it as "celestial light descended to the mortal world," often referring to it as "the flames."
lang_multi_text.db	Term750009_Title	3.4	Hội thoại/Cốt truyện	Hệ thống/Thuật ngữ			Sacred Flame
lang_multi_text.db	Term750010_Desc	3.4	Hội thoại/Cốt truyện	Hệ thống/Thuật ngữ			The ruins of a bygone civilization, said to be hidden deep beneath the Sanguis Plateaus. Its entrance is located in the Wastelands. Long ago, it was visited by the three Heroes of Heroes from Septimont.\nLegend has it that those who manage to set foot in Manes Deep can hear the whispers of the Heroes of Heroes and thereby gain powers rivaling their own. Some also hold that since the Heroes of Heroes walked this place, the journey to Manes Deep has become an inescapable trial for any who would claim that title.
lang_multi_text.db	Term750010_Title	3.4	Hội thoại/Cốt truyện	Hệ thống/Thuật ngữ			Manes Deep
lang_multi_text.db	Term750011_Desc	3.4	Hội thoại/Cốt truyện	Hệ thống/Thuật ngữ			A medal bestowed by the rulers of Septimont exclusively to Gladiators who demonstrate exceptional performance in the hunt against the Dark Tide. It is regarded as one of the highest honors among Gladiators.
lang_multi_text.db	Term750011_Title	3.4	Hội thoại/Cốt truyện	Hệ thống/Thuật ngữ			Holmleaf Medal
lang_multi_text.db	Term750012_Desc	3.4	Hội thoại/Cốt truyện	Hệ thống/Thuật ngữ			Native to the Septimont region, Griffrexes once coexisted with the ancestors of Septimont who sought refuge in Rinascita.\nHowever, the outbreak of the first Dark Tide devastated the Border Mountains, the Griffrexes' habitat, driving most of the species to extinction. Since then, Griffrexes exist mostly as Common Echoes, which are generated at a fixed frequency from Resonance Beacons.\nOver time, Septimontians became aware that these Griffrex Echoes still retained their instincts of hunting and sensing external frequencies. As a result, they were trained as Common Echoes for hunting purposes to track and attack Dark Tide creations.
lang_multi_text.db	Term750012_Title	3.4	Hội thoại/Cốt truyện	Hệ thống/Thuật ngữ			Griffrex
lang_multi_text.db	Term750013_Desc	3.4	Hội thoại/Cốt truyện	Hệ thống/Thuật ngữ			A type of small device manufactured with Tacetite formed around the Earthrend Wedge. It provides energy to Anchor Obelisks, which in turn amplify its frequency to repel the Dark Tide and its creations.\nDuring the hunts, Gladiators of Septimont strategically set up Anchor Obelisks carrying Anchor Stones at critical locations across Maroonwood, the main battlefield. These devices help them drive the Dark Tide and its creations toward the base of the Earthrend Wedge, where they are eliminated. The strategy has proven highly effective in preventing the Dark Tide's spread beyond the Earthrend Wedge's containment.
lang_multi_text.db	Term750013_Title	3.4	Hội thoại/Cốt truyện	Hệ thống/Thuật ngữ			Anchor Stone
lang_multi_text.db	Term750014_Desc	3.4	Hội thoại/Cốt truyện	Hệ thống/Thuật ngữ			An installation that can be field-deployed to amplify the frequency produced by Anchor Stones. Once the Anchor Stone is inserted, it can generate an energy field to repel the Dark Tide and its creations.\nDuring the hunts, Gladiators of Septimont strategically set up Anchor Obelisks carrying Anchor Stones at critical locations across Maroonwood, the main battlefield. These devices help them drive the Dark Tide and its creations toward the base of the Earthrend Wedge, where they are eliminated. The strategy has proven highly effective in preventing the Dark Tide's spread beyond the Earthrend Wedge's containment.
lang_multi_text.db	Term750014_Title	3.4	Hội thoại/Cốt truyện	Hệ thống/Thuật ngữ			Anchor Obelisk
lang_multi_text.db	Term750015_Desc	3.4	Hội thoại/Cốt truyện	Hệ thống/Thuật ngữ			A field nestled deep within Maroonwood. At an elevation approaching Earthrend Wedge and situated in the lower middle level of the Sanguis Plateaus, it serves as the primary battleground where Gladiators engage in deadly combat with the Dark Tide and its creatures.
lang_multi_text.db	Term750015_Title	3.4	Hội thoại/Cốt truyện	Hệ thống/Thuật ngữ			Asphodel Barrens
lang_multi_text.db	Term750016_Desc	3.4	Hội thoại/Cốt truyện	Hệ thống/Thuật ngữ			A lost Gladiator town located in the Wastelands at lower levels of the Sanguis Plateaus.
lang_multi_text.db	Term750016_Title	3.4	Hội thoại/Cốt truyện	Hệ thống/Thuật ngữ			Murmurstown
lang_multi_text.db	Term750017_Desc	3.4	Hội thoại/Cốt truyện	Hệ thống/Thuật ngữ			The term referring to the lower levels of the Sanguis Plateaus corrupted by the Dark Tide. This desolate region is marked by hostile conditions and is largely devoid of human activity.
lang_multi_text.db	Term750017_Title	3.4	Hội thoại/Cốt truyện	Hệ thống/Thuật ngữ			Wastelands
lang_multi_text.db	Term750018_Desc	3.4	Hội thoại/Cốt truyện	Hệ thống/Thuật ngữ			A legendary plant said to grow in Manes Deep. It can survive for years in environments tainted by the Dark Tide, giving it a natural resistance to corruption. When used in medicine, it can slow the Dark Tide's corruption effect on the human body and help restore consciousness.
lang_multi_text.db	Term750018_Title	3.4	Hội thoại/Cốt truyện	Hệ thống/Thuật ngữ			Mesona
lang_multi_text.db	Term750019_Desc	3.4	Hội thoại/Cốt truyện	Hệ thống/Thuật ngữ			Victims of Dark Tide corruption who have lost all self-awareness. Their bodies usually resemble stone statues while retaining their original size. Such individuals constantly murmur and recite incomprehensible words and "hymns praising the Dark Tide." The voices from the Hollow Figures have been confirmed to be mentally debilitating, capable of influencing the cognition and mental stability of ordinary people to some extent.
lang_multi_text.db	Term750019_Title	3.4	Hội thoại/Cốt truyện	Hệ thống/Thuật ngữ			Hollow Figure
lang_multi_text.db	Term750020_Desc	3.4	Hội thoại/Cốt truyện	Hệ thống/Thuật ngữ			Objects that look like giant stone statues. They are often found near heavily traveled routes or high vantage points, serving as navigational markers for passersby. Some argue that these Waystones are a special type of Echo, formed from the fervent emotional frequencies of Gladiators who traveled through these areas. This theory, however, remains controversial in academic circles.
lang_multi_text.db	Term750020_Title	3.4	Hội thoại/Cốt truyện	Hệ thống/Thuật ngữ			Waystone
lang_multi_text.db	Term750021_Desc	3.4	Hội thoại/Cốt truyện	Hệ thống/Thuật ngữ			This type includes Hologram Echo: Chest Mimic, Hologram Echo: Junrock, Hologram Echo: Drake, Hologram Echo: Hoartoise, and Hologram Echo: Puff.
lang_multi_text.db	Term750021_Title	3.4	Hội thoại/Cốt truyện	Hệ thống/Thuật ngữ			Echo-Type Combat Machine
lang_multi_text.db	Term750022_Desc	3.4	Hội thoại/Cốt truyện	Hệ thống/Thuật ngữ			This type includes Tacetite Spikes with Optional Module II, Glacio Beacon, Hologram Echo: Junrock with Optional Module I, Frost Spout, Hologram Echo: Puff, and Freeze Jet
lang_multi_text.db	Term750022_Title	3.4	Hội thoại/Cốt truyện	Hệ thống/Thuật ngữ			Glacio-Type Combat Machine
lang_multi_text.db	Term750023_Desc	3.4	Hội thoại/Cốt truyện	Hệ thống/Thuật ngữ			This type includes: Tacetite Barrage with Optional Module I, Hologram Echo: Drake, Hologram Echo: Hoartoise with Optional Module II, Hologram Echo: Chest Mimic, and Burst Launcher
lang_multi_text.db	Term750023_Title	3.4	Hội thoại/Cốt truyện	Hệ thống/Thuật ngữ			Fusion-Type Combat Machine
lang_multi_text.db	Term750024_Desc	3.4	Hội thoại/Cốt truyện	Hệ thống/Thuật ngữ			This type includes Repulsor Spout, Vortex Generator, Whirlpool Device.
lang_multi_text.db	Term750024_Title	3.4	Hội thoại/Cốt truyện	Hệ thống/Thuật ngữ			Aero-Type Combat Machine
lang_multi_text.db	Term750025_Desc	3.4	Hội thoại/Cốt truyện	Hệ thống/Thuật ngữ			This type includes Stun Emitter, Tacetite Spikes with Optional Module I, Thunder Lance, and Shock Inductor.
lang_multi_text.db	Term750025_Title	3.4	Hội thoại/Cốt truyện	Hệ thống/Thuật ngữ			Electro-Type Combat Machine
lang_multi_text.db	Term750026_Desc	3.4	Hội thoại/Cốt truyện	Hệ thống/Thuật ngữ			Nimbus Wraith and Tacet Discords defeated by Hologram Echo: Chest Mimic may drop this item.
lang_multi_text.db	Term750026_Title	3.4	Hội thoại/Cốt truyện	Hệ thống/Thuật ngữ			Lucky Coin
lang_multi_text.db	Term750027_Desc	3.4	Hội thoại/Cốt truyện	Hệ thống/Thuật ngữ			KU-Money's Shop appears after certain waves, where you can consume Sim Credits to purchase Tactics and items.
lang_multi_text.db	Term750027_Title	3.4	Hội thoại/Cốt truyện	Hệ thống/Thuật ngữ			KU-Money's Shop
lang_multi_text.db	Term750028_Desc	3.4	Hội thoại/Cốt truyện	Hệ thống/Thuật ngữ			A Tactic Set that generates Chain Lightnings bouncing between targets, which is triggered by inflicting Paralysis on the targets.
lang_multi_text.db	Term750028_Title	3.4	Hội thoại/Cốt truyện	Hệ thống/Thuật ngữ			Silent Lightning
lang_multi_text.db	Term750029_Desc	3.4	Hội thoại/Cốt truyện	Hệ thống/Thuật ngữ			A Tactic Set that improves resource acquisition efficiency and converts surplus resources into offensive power.
lang_multi_text.db	Term750029_Title	3.4	Hội thoại/Cốt truyện	Hệ thống/Thuật ngữ			Silver Bullet
lang_multi_text.db	Term750030_Desc	3.4	Hội thoại/Cốt truyện	Hệ thống/Thuật ngữ			A Tactic Set focused on fire suppression by boosting Attack Speed and Control effects.
lang_multi_text.db	Term750030_Title	3.4	Hội thoại/Cốt truyện	Hệ thống/Thuật ngữ			Saturation Fire
lang_multi_text.db	Term750031_Desc	3.4	Hội thoại/Cốt truyện	Hệ thống/Thuật ngữ			The highly recommended core tactics of a Tactic Set.
lang_multi_text.db	Term750031_Title	3.4	Hội thoại/Cốt truyện	Hệ thống/Thuật ngữ			Core
lang_multi_text.db	Term750032_Desc	3.4	Hội thoại/Cốt truyện	Hệ thống/Thuật ngữ			This type of Tactic increases ATK, Crit. Rate, and DMG of certain Attributes, and reduces Tacet Discords' RES, improving the attack efficiency.
lang_multi_text.db	Term750032_Title	3.4	Hội thoại/Cốt truyện	Hệ thống/Thuật ngữ			DMG Enhancement
lang_multi_text.db	Term750033_Desc	3.4	Hội thoại/Cốt truyện	Hệ thống/Thuật ngữ			This type of Tactic enhances nearby Combat Machines within a certain range when active.
lang_multi_text.db	Term750033_Title	3.4	Hội thoại/Cốt truyện	Hệ thống/Thuật ngữ			Enhancement Field
lang_multi_text.db	Term750034_Desc	3.4	Hội thoại/Cốt truyện	Hệ thống/Thuật ngữ			This type of Tactic enhances debuffs like Paralysis, Slow, Frozen, and Burning.
lang_multi_text.db	Term750034_Title	3.4	Hội thoại/Cốt truyện	Hệ thống/Thuật ngữ			Hunting Trap
lang_multi_text.db	Term750035_Desc	3.4	Hội thoại/Cốt truyện	Hệ thống/Thuật ngữ			A planet-wide phenomenon born from an anomalous Lament event. It now blankets Solaris's sky. Research suggests it is composed of extremely high-density Remnant Energy. Since its appearance, all of Solaris's space exploration has been brought to a complete standstill.
lang_multi_text.db	Term750035_Title	3.4	Hội thoại/Cốt truyện	Hệ thống/Thuật ngữ			Etheric Sea
lang_multi_text.db	Term750036_Desc	3.4	Hội thoại/Cốt truyện	Hệ thống/Thuật ngữ			The entry point formed when the Exostrider and the Threnodian Aleph-1 entered Solaris. Researchers in Lahai-Roi widely believe it leads to outer space. The overlying Soliskin root network holds Aleph-1's power at bay, the "sealed doors" of the Stridergate.
lang_multi_text.db	Term750036_Title	3.4	Hội thoại/Cốt truyện	Hệ thống/Thuật ngữ			Stridergate
lang_multi_text.db	Term750037_Desc	3.4	Hội thoại/Cốt truyện	Hệ thống/Thuật ngữ			A phenomenon unique to the surface of the Roya Frostlands. Scholars theorize that this anomaly emerged when the Threnodian's power there attempted to devour the Exostrider, triggering abnormal Voidmatter transformations. Affected objects enter a state of unstable "existence," becoming impossible to observe directly.
lang_multi_text.db	Term750037_Title	3.4	Hội thoại/Cốt truyện	Hệ thống/Thuật ngữ			Fluctuating Voidmatter Levels
lang_multi_text.db	Term750038_Desc	3.4	Hội thoại/Cốt truyện	Hệ thống/Thuật ngữ			A specialized device developed by the Spacetrek Collective for research operations in the Roya Frostlands. It forces entities with fluctuating Voidmatter levels back into the observable state for practical use. In areas with stable signal coverage, the device can be deployed directly to the user's location.
lang_multi_text.db	Term750038_Title	3.4	Hội thoại/Cốt truyện	Hệ thống/Thuật ngữ			Module Adapter
lang_multi_text.db	Term750039_Desc	3.4	Hội thoại/Cốt truyện	Hệ thống/Thuật ngữ			A Court of Savantae space station launched into near-Solaris orbit before the Etheric Sea fully enveloped the planet. Its primary mission was the study of Etheric Sea Droplets, research intended to pave the way for further space exploration.
lang_multi_text.db	Term750039_Title	3.4	Hội thoại/Cốt truyện	Hệ thống/Thuật ngữ			SkyArk Space Station
lang_multi_text.db	Term750040_Desc	3.4	Hội thoại/Cốt truyện	Hệ thống/Thuật ngữ			A high-dimensional domain embedded deep within high-density Voidmatter, existing "inside" Aleph-1. The fundamental laws of time and space descend into total chaos here. Any living entity entering this domain suffers a rapid loss of frequency, eventually leading to the total dissolution of their existence.
lang_multi_text.db	Term750040_Title	3.4	Hội thoại/Cốt truyện	Hệ thống/Thuật ngữ			Voidspace
lang_multi_text.db	Term750041_Desc	3.4	Hội thoại/Cốt truyện	Hệ thống/Thuật ngữ			A species of seal native to the Roya Frostlands, named for its snowball-like, round, white body. Docile in nature, Snowfluff Seals show little reaction to people or their surroundings, spending most of their time either eating or lying still. Only when facing extreme danger will they rear up and bare their fangs as a deterrent. If intimidation fails, they will promptly retreat to a safer area.
lang_multi_text.db	Term750041_Title	3.4	Hội thoại/Cốt truyện	Hệ thống/Thuật ngữ			Snowfluff Seal
lang_multi_text.db	Term750042_Desc	3.4	Hội thoại/Cốt truyện	Hệ thống/Thuật ngữ			A special pharmaceutical substance developed for extremely rare diseases. However, its severe side effects make it intolerable for most, keeping it under ongoing research and validation. In its natural form, Ichor is a volatile golden liquid that radiates intense heat at room temperature. In rare cases, it can be controlled and stabilized into a solid form.
lang_multi_text.db	Term750042_Title	3.4	Hội thoại/Cốt truyện	Hệ thống/Thuật ngữ			Ichor
lang_multi_text.db	Term750043_Desc	3.4	Hội thoại/Cốt truyện	Hệ thống/Thuật ngữ			A pharmaceutical corporation based in the New Federation. Its core technology originates from the development of Ichor, a groundbreaking medical advancement shadowed by perpetual controversy.
lang_multi_text.db	Term750043_Title	3.4	Hội thoại/Cốt truyện	Hệ thống/Thuật ngữ			Novialle Regenerative Group
lang_multi_text.db	Term800001_Desc	3.4	Hội thoại/Cốt truyện	Hệ thống/Thuật ngữ			Once a reputable poets society in Ragunna, consisting of three members: Faroll, Selena, and Rimbaud. They composed numerous anthems and poems glorifying the Sentinel and the Order, but were later accused of blasphemy by the Order and sent on a Pilgrim's Sail. They vanished thereafter without a trace, and mentioning of their names is now forbidden in Ragunna.
lang_multi_text.db	Term800001_Title	3.4	Hội thoại/Cốt truyện	Hệ thống/Thuật ngữ			Golden Anthem
lang_multi_text.db	Term800002_Desc	3.4	Hội thoại/Cốt truyện	Hệ thống/Thuật ngữ			A large cake dedicated to the 1st anniversary of the launch of the Second Coming of Solaris Beta, as well as the control hub for its simulator. When asked about the hub's cake-shaped design, lead designer Encore replied, "What's a birthday without cake! Happy Anniversary!"
lang_multi_text.db	Term800002_Title	3.4	Hội thoại/Cốt truyện	Hệ thống/Thuật ngữ			Anniversary Cake
lang_multi_text.db	Term800003_Desc	3.4	Hội thoại/Cốt truyện	Hệ thống/Thuật ngữ			A virtual simulation game developed by the Pioneer Association. Despite many setbacks during development, thanks to Rover's trust and support, the game is steadily evolving towards its ideal form.
lang_multi_text.db	Term800003_Title	3.4	Hội thoại/Cốt truyện	Hệ thống/Thuật ngữ			Second Coming of Solaris
lang_multi_text.db	Term800004_Desc	3.4	Hội thoại/Cốt truyện	Hệ thống/Thuật ngữ			Officially known as "Remnant Cubes," these advanced artificial intelligences were created for the Second Coming of Solaris using Encore's abilities and Tethys's microprocessing support. Please note: Remnant Cubes are experimental simulations, automatically generated by the system. Their personalities and actions in the game do not reflect those of real individuals.
lang_multi_text.db	Term800004_Title	3.4	Hội thoại/Cốt truyện	Hệ thống/Thuật ngữ			Cube
lang_multi_text.db	Term800005_Desc	3.4	Hội thoại/Cốt truyện	Hệ thống/Thuật ngữ			The Order's executive arm. Unlike Order Penitentiary, which trials the heretics and maintains faith, the Chamber of Discipline deals with secular cases, and enforces law and order, while also overseeing Ragunna's defenses against Tacet Discords. Its enforcers are often referred to as "Inquisitors."
lang_multi_text.db	Term800005_Title	3.4	Hội thoại/Cốt truyện	Hệ thống/Thuật ngữ			Chamber of Discipline
lang_multi_text.db	Term800006_Desc	3.4	Hội thoại/Cốt truyện	Hệ thống/Thuật ngữ			Sonoro Sphere is a space of dense Remnant Energy capable of preserving transdimensional information. In Huanglong culture, such ethereal realms—neither tangible nor illusory—are often referred to as "mirages."
lang_multi_text.db	Term800006_Title	3.4	Hội thoại/Cốt truyện	Hệ thống/Thuật ngữ			Sonoro Sphere
lang_multi_text.db	Term800007_Desc	3.4	Hội thoại/Cốt truyện	Hệ thống/Thuật ngữ			A signal transmission pathway. During its simulation, the Second Coming of Solaris briefly linked with the Tethys System, creating a temporary channel between them.
lang_multi_text.db	Term800007_Title	3.4	Hội thoại/Cốt truyện	Hệ thống/Thuật ngữ			Channel
lang_multi_text.db	Term800008_Desc	3.4	Hội thoại/Cốt truyện	Hệ thống/Thuật ngữ			A mercenary group in the New Federation led by Calcharo.
lang_multi_text.db	Term800008_Title	3.4	Hội thoại/Cốt truyện	Hệ thống/Thuật ngữ			Ghost Hounds
lang_multi_text.db	Term800009_Desc	3.4	Hội thoại/Cốt truyện	Hệ thống/Thuật ngữ			An ancient epic poem of Rinascita. It pioneered blending various regional folkfore with the tales of the Sentinel, including the first accounts of the Carnevale's origins.
lang_multi_text.db	Term800009_Title	3.4	Hội thoại/Cốt truyện	Hệ thống/Thuật ngữ			The Golden Bough
lang_multi_text.db	Term800010_Desc	3.4	Hội thoại/Cốt truyện	Hệ thống/Thuật ngữ			A shore where Rinascitan poets and musicians bury their retired instruments.
lang_multi_text.db	Term800010_Title	3.4	Hội thoại/Cốt truyện	Hệ thống/Thuật ngữ			Requiem Paradise
lang_multi_text.db	Term800011_Desc	3.4	Hội thoại/Cốt truyện	Hệ thống/Thuật ngữ			The autumn night's brightest constellation, shrouded in legends. A poet of Golden Anthem once wrote, "I am a night hawk of wings aflame, soaring towards the Celestial Steed, whose praises I sing and whose true form I behold." Such imagery always evokes Rinascita's Sentinel. But why soar towards it and behold its true form? Maybe the poem was intended to convey some message.
lang_multi_text.db	Term800011_Title	3.4	Hội thoại/Cốt truyện	Hệ thống/Thuật ngữ			Celestial Steed
lang_multi_text.db	Term800012_Desc	3.4	Hội thoại/Cốt truyện	Hệ thống/Thuật ngữ			Music is composed of frequency, as is everything. Thus, everything hums its own melody. Ciaccona's Forte allows her to perceive these melodies; by retuning them, she crafts a Sonoro Sphere in her hands where stories and memories carried in music replay themselves. The deeper her understanding of the melodies, the richer the stories she can summon.
lang_multi_text.db	Term800012_Title	3.4	Hội thoại/Cốt truyện	Hệ thống/Thuật ngữ			Melody
lang_multi_text.db	Term800013_Desc	3.4	Hội thoại/Cốt truyện	Hệ thống/Thuật ngữ			Deals Glacio DMG to enemies around the point of impact.
lang_multi_text.db	Term800013_Title	3.4	Hội thoại/Cốt truyện	Hệ thống/Thuật ngữ			Isomer Bolt
lang_multi_text.db	Term800014_Desc	3.4	Hội thoại/Cốt truyện	Hệ thống/Thuật ngữ			Deals Aero DMG to enemies along its trajectory.
lang_multi_text.db	Term800014_Title	3.4	Hội thoại/Cốt truyện	Hệ thống/Thuật ngữ			Zenith Windblade
lang_multi_text.db	Term800015_Desc	3.4	Hội thoại/Cốt truyện	Hệ thống/Thuật ngữ			Slices the enemies at close range to deal DMG. Cannot benefit from Attack Speed bonuses.
lang_multi_text.db	Term800015_Title	3.4	Hội thoại/Cốt truyện	Hệ thống/Thuật ngữ			Sanguine Wheel
lang_multi_text.db	Term800016_Desc	3.4	Hội thoại/Cốt truyện	Hệ thống/Thuật ngữ			Pierces through enemies along its trajectory, dealing multiple instances of damage to enemies at intersections.
lang_multi_text.db	Term800016_Title	3.4	Hội thoại/Cốt truyện	Hệ thống/Thuật ngữ			Glittering Ray
lang_multi_text.db	Term800017_Desc	3.4	Hội thoại/Cốt truyện	Hệ thống/Thuật ngữ			Greatly increase range and DMG Multiplier.
lang_multi_text.db	Term800017_Title	3.4	Hội thoại/Cốt truyện	Hệ thống/Thuật ngữ			Phaser
lang_multi_text.db	Term800018_Desc	3.4	Hội thoại/Cốt truyện	Hệ thống/Thuật ngữ			Deal Aero DMG to surrounding enemies equal to 100% of Rover's ATK. Then increase Movement Speed by 48%, which gradually decreases to 0% over 4s. Each 1% Movement Speed gained during this time grants 0.8% DMG Bonus.\n<color=Highlight>At Resonator Lv. 5</color>\nMovement Speed bonus increases to 64%, and the damage conversion rate rises to 1%.\n<color=Highlight>At Resonator Lv. 10</color>\nMovement Speed bonus increases to 80%, and the damage conversion rate rises to 1.2%.
lang_multi_text.db	Term800018_Title	3.4	Hội thoại/Cốt truyện	Hệ thống/Thuật ngữ			Breeze Breaker
lang_multi_text.db	Term800019_Desc	3.4	Hội thoại/Cốt truyện	Hệ thống/Thuật ngữ			Deal Fusion DMG to surrounding enemies equal to 100% of Galbrena's ATK. Then increase Attack Speed by 30% for 5s. Each damage dealt during this time increases the Weapon's Crit. Rate by 1% for 5s, stacking up to 20 times.\n<color=Highlight>At Resonator Lv. 5</color>\nAttack Speed bonus increases to 40%, and the Crit. Rate bonus now stacks up to 30 times.\n<color=Highlight>At Resonator Lv. 10</color>\nAttack Speed bonus increases to 50%, and the Crit. Rate bonus now stacks up to 40 times.
lang_multi_text.db	Term800019_Title	3.4	Hội thoại/Cốt truyện	Hệ thống/Thuật ngữ			Ashen Oath
lang_multi_text.db	Term800020_Desc	3.4	Hội thoại/Cốt truyện	Hệ thống/Thuật ngữ			Deal Aero DMG to surrounding enemies equal to 40% of Iuno's Max HP. Then lose 30% of the current HP to increase ATK by 40% of her Max HP for 4s. Hitting an enemy during this time restores 1.5% of her Max HP.\n<color=Highlight>At Resonator Lv. 5</color>\nATK conversion rate increases to 60%, and duration extends to 5s.\n<color=Highlight>At Resonator Lv. 10</color>\nATK conversion rate increases to 80%, and duration extends to 6s.
lang_multi_text.db	Term800020_Title	3.4	Hội thoại/Cốt truyện	Hệ thống/Thuật ngữ			Waxing Moon
lang_multi_text.db	Term800021_Desc	3.4	Hội thoại/Cốt truyện	Hệ thống/Thuật ngữ			Summon a Harmonic Note that deals Aero DMG to surrounding enemies equal to 10% of Ciaccona's ATK every 0.5s for 10s. Enemies damaged by this skill have their DMG taken increased by 3% and their Movement Speed reduced by 1% for 5s, stacking up to 20 times.\n<color=Highlight>At Resonator Lv. 5</color>\nEnemies' DMG taken is increased by 4%, and Movement Speed is reduced by 2%.\n<color=Highlight>At Resonator Lv. 10</color>\nEnemies' DMG taken is increased by 5%, and Movement Speed is reduced by 3%.
lang_multi_text.db	Term800021_Title	3.4	Hội thoại/Cốt truyện	Hệ thống/Thuật ngữ			Zephyr Symphony
lang_multi_text.db	Term800022_Desc	3.4	Hội thoại/Cốt truyện	Hệ thống/Thuật ngữ			Randomly launches a star to fall upon enemies, dealing Fusion DMG.
lang_multi_text.db	Term800022_Title	3.4	Hội thoại/Cốt truyện	Hệ thống/Thuật ngữ			Blazing Star
lang_multi_text.db	Term800023_Desc	3.4	Hội thoại/Cốt truyện	Hệ thống/Thuật ngữ			Continuously sprays fire forward, dealing Havoc DMG. Cannot benefit from Attack Speed bonuses.
lang_multi_text.db	Term800023_Title	3.4	Hội thoại/Cốt truyện	Hệ thống/Thuật ngữ			Rampant Fire
lang_multi_text.db	Term800024_Desc	3.4	Hội thoại/Cốt truyện	Hệ thống/Thuật ngữ			A summoned Feilian Beringal that stays in one place to deal Aero DMG to surrounding enemies. Cannot benefit from Attack Speed bonuses.
lang_multi_text.db	Term800024_Title	3.4	Hội thoại/Cốt truyện	Hệ thống/Thuật ngữ			Feilian Shock
lang_multi_text.db	Term800025_Desc	3.4	Hội thoại/Cốt truyện	Hệ thống/Thuật ngữ			Randomly flips a trap that detonates after a while or upon touching an enemy, dealing AoE Fusion DMG.
lang_multi_text.db	Term800025_Title	3.4	Hội thoại/Cốt truyện	Hệ thống/Thuật ngữ			Explosive Omen
lang_multi_text.db	Term800026_Desc	3.4	Hội thoại/Cốt truyện	Hệ thống/Thuật ngữ			Weapons that fire ballistic impact projectiles, such as Isomer Bolt and Blazing Star.
lang_multi_text.db	Term800026_Title	3.4	Hội thoại/Cốt truyện	Hệ thống/Thuật ngữ			Bullet Weapon
lang_multi_text.db	Term800027_Desc	3.4	Hội thoại/Cốt truyện	Hệ thống/Thuật ngữ			Weapons that can summon Echo projections, such as Feilian Shock and Sanguine Wheel.
lang_multi_text.db	Term800027_Title	3.4	Hội thoại/Cốt truyện	Hệ thống/Thuật ngữ			Summon Weapon
lang_multi_text.db	Term800028_Desc	3.4	Hội thoại/Cốt truyện	Hệ thống/Thuật ngữ			Weapons that shoot energy beams, such as Zenith Windblade and Glittering Ray.
lang_multi_text.db	Term800028_Title	3.4	Hội thoại/Cốt truyện	Hệ thống/Thuật ngữ			Beam Weapon
lang_multi_text.db	Term800029_Desc	3.4	Hội thoại/Cốt truyện	Hệ thống/Thuật ngữ			Weapons with special effects, such as Rampant Fire and Explosive Omen.
lang_multi_text.db	Term800029_Title	3.4	Hội thoại/Cốt truyện	Hệ thống/Thuật ngữ			Morph Weapon
lang_multi_text.db	Term800030_Desc	3.4	Hội thoại/Cốt truyện	Hệ thống/Thuật ngữ			Some weapons can be absorbed to evolve another weapon into its Ultimate Form. The evolution requirements differ depending on the Weapon. The evolved Weapons inherit all buff effects of the absorbed weapon.
lang_multi_text.db	Term800030_Title	3.4	Hội thoại/Cốt truyện	Hệ thống/Thuật ngữ			Synergistic Evo
lang_multi_text.db	Term800031_Desc	3.4	Hội thoại/Cốt truyện	Hệ thống/Thuật ngữ			The Exostrider poured forth light and heat from its Reactor Drive, sheltering life from the killing frost. Grateful for this gift, the Roya revered the Reactor Drive as their sun. They took it upon themselves to gather the Exostrider's "cells," making this quiet labor the duty of their tribe.\nNow, their ancient vow is complete. As the new sun rises, they hold the New Solar Celebration, both to mark the renewal and to remind their kin of the purpose that set them on this path.
lang_multi_text.db	Term800031_Title	3.4	Hội thoại/Cốt truyện	Hệ thống/Thuật ngữ			New Solar Celebration
lang_multi_text.db	Term800032_Desc	3.4	Hội thoại/Cốt truyện	Hệ thống/Thuật ngữ			A Sonoro born of nature. Now a shadowy reflection of the Academy, shifting with the collective psyche of its students and teachers.
lang_multi_text.db	Term800032_Title	3.4	Hội thoại/Cốt truyện	Hệ thống/Thuật ngữ			Academy's Dark Side
lang_multi_text.db	Term800033_Desc	3.4	Hội thoại/Cốt truyện	Hệ thống/Thuật ngữ			Shadows of students' emotions in the Dark Side, which mirror the hidden feelings within the students' hearts.
lang_multi_text.db	Term800033_Title	3.4	Hội thoại/Cốt truyện	Hệ thống/Thuật ngữ			Reflection
lang_multi_text.db	Term800034_Desc	3.4	Hội thoại/Cốt truyện	Hệ thống/Thuật ngữ			Each year, a treasure hunt organized by a mysterious host takes place at Startorch Academy. Participants take home a wide range of rewards, and a single wish is granted for the biggest winner. Though those wishes are always granted in delightfully peculiar ways, this eccentricity only fuels the students' rivalry as they strive to outwit their invisible mastermind.
lang_multi_text.db	Term800034_Title	3.4	Hội thoại/Cốt truyện	Hệ thống/Thuật ngữ			Minerva's Treasure
lang_multi_text.db	Term800035_Desc	3.4	Hội thoại/Cốt truyện	Hệ thống/Thuật ngữ			If the Dark Side is a vortex of anxiety and sorrow. At the heart of the raging storm is the force that sets it all in motion—the vortex's eye.
lang_multi_text.db	Term800035_Title	3.4	Hội thoại/Cốt truyện	Hệ thống/Thuật ngữ			Vortex's Eye
lang_multi_text.db	Term850001_Desc	3.4	Hội thoại/Cốt truyện	Hệ thống/Thuật ngữ			While in <color=Highlight>Incarnation</color>:\n- Alternative Basic Attack <color=Highlight>"Incarnation - Basic Attack"</color> becomes available. Perform up to 4 consecutive strikes, dealing <color=Light>Spectro DMG</color> considered as Resonance Skill DMG. The basic attack cycle of this will not be reset. Can be cast in mid-air.\n- Alternative Resonance Skill <color=Highlight>"Crescent Divinity"</color> becomes available. Deal <color=Light>Spectro DMG</color>. Can be cast in mid-air.\n- Alternative Heavy Attack <color=Highlight>"Incarnation - Heavy Attack"</color> becomes available. Attack the target in mid-air at the cost of Stamina, dealing <color=Light>Spectro DMG</color>.\n- Alternative Dodge <color=Highlight>"Incarnation - Dodge"</color> is available while in mid-air. Can be cast multiple times at the cost of Stamina.\n- Alternative Dodge Counter <color=Highlight>"Incarnation - Dodge Counter"</color> becomes available. Deal <color=Light>Spectro DMG</color>.\nCan be cast in mid-air.
lang_multi_text.db	Term850001_Title	3.4	Hội thoại/Cốt truyện	Hệ thống/Thuật ngữ			Incarnation
lang_multi_text.db	Term850002_Desc	3.4	Hội thoại/Cốt truyện	Hệ thống/Thuật ngữ			Jinhsi can hold up to 50 Incandescence.\nWhen Jinhsi is in the party, all nearby Resonators in the team gain <color=Highlight>Eras in Unity</color>.\n<color=Highlight>Eras in Unity</color> provides 2 independent effects:\nJinhsi gains 1 Incandescence each time Resonators in the team inflict Attribute DMG. This effect may be triggered by the same Attribute DMG for up to 1 time every 3s. Additionally, Jinhsi gains 2 Incandescence when Resonators in the team deal damage with Coordinated Attacks. This effect may be triggered by Coordinated Attacks of the same Attribute for up to 1 time every 3s.
lang_multi_text.db	Term850002_Title	3.4	Hội thoại/Cốt truyện	Hệ thống/Thuật ngữ			Incandescence
lang_multi_text.db	Term850003_Desc	3.4	Hội thoại/Cốt truyện	Hệ thống/Thuật ngữ			<size=40><color=Title>Basic Attack: True Sight - Conquest</color></size>\nWhen in <color=Highlight>True Sight</color>, if Changli uses <color=Highlight>Ground Basic Attack</color>, she releases <color=Highlight>True Sight: Conquest</color>, dashing towards the enemy and dealing <color=Fire>Fusion DMG</color>, considered as Resonance Skill DMG. After releasing <color=Highlight>True Sight: Conquest</color>, <color=Highlight>True Sight</color> ends.\n<size=10></size>\n<size=40><color=Title>Basic Attack: True Sight - Charge</color></size>\nWhen in <color=Highlight>True Sight</color>, if Changli <color=Highlight>jumps</color> or uses <color=Highlight>Basic Attack</color> in mid-air, she releases <color=Highlight>True Sight: Charge</color>, dashing towards the enemy and dealing <color=Fire>Fusion DMG</color>, considered as Resonance Skill DMG. After releasing <color=Highlight>True Sight: Charge</color>, <color=Highlight>True Sight</color> ends.
lang_multi_text.db	Term850003_Title	3.4	Hội thoại/Cốt truyện	Hệ thống/Thuật ngữ			True Sight
lang_multi_text.db	Term850004_Desc	3.4	Hội thoại/Cốt truyện	Hệ thống/Thuật ngữ			Changli can hold up to 4 stacks of Enflamement.\nChangli obtains 1 stack of Enflamement for every Basic Attack: <color=Highlight>True Sight - Conquest</color> on hit.\nChangli obtains 1 stack of Enflamement for every Basic Attack: <color=Highlight>True Sight - Charge</color> on hit.\nChangli obtains 4 stacks of Enflamement for every Resonance Liberation <color=Highlight>Radiance of Fealty</color>.
lang_multi_text.db	Term850004_Title	3.4	Hội thoại/Cốt truyện	Hệ thống/Thuật ngữ			Enflamement
lang_multi_text.db	Term850005_Desc	3.4	Hội thoại/Cốt truyện	Hệ thống/Thuật ngữ			Verina can hold up to 4 stacks of Photosynthesis Energy.\nVerina obtains 1 stack of Photosynthesis Energy for every <color=Highlight>Basic Attack 5</color> on hit.\nVerina obtains 1 stack of Photosynthesis Energy after casting Resonance Skill <color=Highlight>Botany Experiment</color>.\nVerina obtains 1 stack of Photosynthesis Energy after casting Intro Skill <color=Highlight>Verdant Growth</color>.
lang_multi_text.db	Term850005_Title	3.4	Hội thoại/Cốt truyện	Hệ thống/Thuật ngữ			Photosynthesis Energy
lang_multi_text.db	Term850006_Desc	3.4	Hội thoại/Cốt truyện	Hệ thống/Thuật ngữ			Switch Resonator when Concerto Energy is full to trigger the exiting Resonator's <color=Highlight>Outro Skill</color>, and consume all the Concerto Energy to trigger the incoming Resonator's <color=Highlight>Intro Skill</color>.
lang_multi_text.db	Term850006_Title	3.4	Hội thoại/Cốt truyện	Hệ thống/Thuật ngữ			Concerto Energy
lang_multi_text.db	Term850007_Desc	3.4	Hội thoại/Cốt truyện	Hệ thống/Thuật ngữ			- When Phoebe is outside of the Ring of Mirrors, any <color=Highlight>Basic Attack</color> or <color=Highlight>Dodge Counter</color> that hits the Ring of Mirrors will refract Holy Light, which deals <color=Light>Spectro DMG</color> to targets inside the <color=Highlight>Ring of Mirrors</color> and pulls them to the center of the ring. The DMG dealt is considered Basic Attack DMG. Can be triggered once every 0.5s.\n- When Phoebe is inside the Ring of Mirrors, <color=Highlight>Basic Attack</color> becomes Basic Attack <color=Highlight>Chamuel's Star</color>, which performs up to 3 consecutive attacks, dealing <color=Light>Spectro DMG</color>, considered as Basic Attack DMG.
lang_multi_text.db	Term850007_Title	3.4	Hội thoại/Cốt truyện	Hệ thống/Thuật ngữ			Ring of Mirrors
lang_multi_text.db	Term850008_Desc	3.4	Hội thoại/Cốt truyện	Hệ thống/Thuật ngữ			- While Spectro Frazzle lasts, it deals periodic <color=Light>Spectro DMG</color> to the target. The target loses 1 stack of the effect with each instance of damage.\n- The DMG of Spectro Frazzle scales with its stacks.
lang_multi_text.db	Term850008_Title	3.4	Hội thoại/Cốt truyện	Hệ thống/Thuật ngữ			Spectro Frazzle
lang_multi_text.db	Term850009_Desc	3.4	Hội thoại/Cốt truyện	Hệ thống/Thuật ngữ			- While Aero Erosion lasts, it deals periodic <color=Wind>Aero DMG</color> to the target.\n- The DMG of Aero Erosion scales with its stacks.
lang_multi_text.db	Term850009_Title	3.4	Hội thoại/Cốt truyện	Hệ thống/Thuật ngữ			Aero Erosion
lang_multi_text.db	Term850010_Desc	3.4	Hội thoại/Cốt truyện	Hệ thống/Thuật ngữ			- Glacio Chafe deals <color=Ice>Glacio DMG</color> when being inflicted on the target.\n- Each stack of Glacio Chafe reduces the target's movement speed.\n- When Glacio Chafe is stacked to its max, the target will be <color=Highlight>frozen</color>, and all stacks of Glacio Chafe will be removed. Struggle to accelerate your recovery from the frozen state.\n- Glacio Chafe stacks up to 10 times by default. The higher the stacks, the more DMG dealt, and the longer the <color=Highlight>frozen</color> duration.
lang_multi_text.db	Term850010_Title	3.4	Hội thoại/Cốt truyện	Hệ thống/Thuật ngữ			Glacio Chafe
lang_multi_text.db	Term850011_Desc	3.4	Hội thoại/Cốt truyện	Hệ thống/Thuật ngữ			- When Fusion Burst is stacked to its max, all stacks will be removed to trigger an <color=Highlight>explosion</color>, dealing <color=Fire>Fusion DMG</color> to the target and nearby enemies.\n- Fusion Burst stacks up to 10 times by default. The higher the stacks, the more DMG dealt.
lang_multi_text.db	Term850011_Title	3.4	Hội thoại/Cốt truyện	Hệ thống/Thuật ngữ			Fusion Burst
lang_multi_text.db	Term850012_Desc	3.4	Hội thoại/Cốt truyện	Hệ thống/Thuật ngữ			- While Havoc Bane lasts, the DEF of the inflicted target is reduced.\n- Havoc Bane stacks up to 3 times by default. Each stack reduces the target's DEF by 2%.
lang_multi_text.db	Term850012_Title	3.4	Hội thoại/Cốt truyện	Hệ thống/Thuật ngữ			Havoc Bane
lang_multi_text.db	Term850013_Desc	3.4	Hội thoại/Cốt truyện	Hệ thống/Thuật ngữ			- While Electro Flare lasts, it deals periodic <color=Thunder>Electro DMG</color> to the target. The target loses half of the effect stacks with each instance of damage.\n- At maximum stacks of Electro Flare, any new stack inflicted becomes stackable Electro Rage.\n- Electro Rage increases the DMG dealt by the next Electro Flare trigger. This effect is removed once triggered.\n- Electro Flare and Electro Rage stack up to 10 times by default. The higher the stacks, the more DMG dealt.
lang_multi_text.db	Term850013_Title	3.4	Hội thoại/Cốt truyện	Hệ thống/Thuật ngữ			Electro Flare
lang_multi_text.db	Term850014_Desc	3.4	Hội thoại/Cốt truyện	Hệ thống/Thuật ngữ			Casting Heavy Attack <color=Highlight>Absolution Litany</color> or Resonance Skill <color=Highlight>Utter Confession</color> restores 60 Divine Voice.
lang_multi_text.db	Term850014_Title	3.4	Hội thoại/Cốt truyện	Hệ thống/Thuật ngữ			Divine Voice
lang_multi_text.db	Term850015_Desc	3.4	Hội thoại/Cốt truyện	Hệ thống/Thuật ngữ			Roccia can hold up to 300 Imagination.\n- Dealing DMG with Normal Attacks restores Imagination.\n- Hold <color=Highlight>Normal Attack</color> to charge the next attack while restoring Imagination.\n- Casting Resonance Skill <color=Highlight>Acrobatic Trick</color> restores 100 Imagination.\n- Casting Intro Skill <color=Highlight>Pero, Help</color> restores 100 Imagination.
lang_multi_text.db	Term850015_Title	3.4	Hội thoại/Cốt truyện	Hệ thống/Thuật ngữ			Imagination
lang_multi_text.db	Term850016_Desc	3.4	Hội thoại/Cốt truyện	Hệ thống/Thuật ngữ			- When Roccia is in <color=Highlight>Beyond Imagination</color> with at least 100 Imagination, {Cus:Ipt,Touch=tap PC=press Gamepad=press} the <color=Highlight>Basic Attack</color> button to consume 100 Imagination to cast Basic Attack <color=Highlight>Real Fantasy</color>.\n- Roccia exits this state when she is not airborne or when switched off the field.
lang_multi_text.db	Term850016_Title	3.4	Hội thoại/Cốt truyện	Hệ thống/Thuật ngữ			Beyond Imagination
lang_multi_text.db	Term850017_Desc	3.4	Hội thoại/Cốt truyện	Hệ thống/Thuật ngữ			Carlotta can hold up to 6 Moldable Crystals.\n- Cannot gain Moldable Crystal while in <color=Highlight>Twilight Tango</color> triggered by Resonance Liberation.\n- Restore 3 Moldable Crystals upon casting <color=Highlight>Basic Attack Stage 2</color>.\n- Restore 3 Moldable Crystals upon casting <color=Highlight>Heavy Attack</color>.\n- Restore 3 Moldable Crystals upon casting Mid-air Attack <color=Highlight>Customary Greetings</color>.\n- Restore 3 Moldable Crystals upon casting Intro Skill <color=Highlight>Wintertime Aria</color>.\n- Restore 3 Moldable Crystals upon casting Resonance Skill <color=Highlight>Art of Violence</color>.\n- Restore 3 Moldable Crystals upon a successful <color=Highlight>Dodge</color>.
lang_multi_text.db	Term850017_Title	3.4	Hội thoại/Cốt truyện	Hệ thống/Thuật ngữ			Moldable Crystal
lang_multi_text.db	Term850018_Desc	3.4	Hội thoại/Cốt truyện	Hệ thống/Thuật ngữ			Carlotta can hold up to 120 points of Substance.\n- Cannot gain Substance while in <color=Highlight>Twilight Tango</color> triggered by Resonance Liberation.\n- Restore 30 points of Substance upon casting Intro Skill <color=Highlight>Wintertime Aria</color>.\n- Restore 10 points of Substance for every 1 Moldable Crystal consumed upon casting Resonance Skill <color=Highlight>Chromatic Splendor</color>.\n- Restore 10 points of Substance for every 1 Moldable Crystal consumed upon casting Basic Attack <color=Highlight>Necessary Measures</color>.\n- Consume 1 Moldable Crystal and restore 10 points of Substance upon casting <color=Highlight>Dodge Counter</color>.
lang_multi_text.db	Term850018_Title	3.4	Hội thoại/Cốt truyện	Hệ thống/Thuật ngữ			Substance
lang_multi_text.db	Term850019_Desc	3.4	Hội thoại/Cốt truyện	Hệ thống/Thuật ngữ			Dealing DMG to targets inflicted with <color=Highlight>Deconstruction</color> ignores 18% of their DEF.
lang_multi_text.db	Term850019_Title	3.4	Hội thoại/Cốt truyện	Hệ thống/Thuật ngữ			Deconstruction
lang_multi_text.db	Term850020_Desc	3.4	Hội thoại/Cốt truyện	Hệ thống/Thuật ngữ			Targets with Dispersion are immobilized for 1.5s.
lang_multi_text.db	Term850020_Title	3.4	Hội thoại/Cốt truyện	Hệ thống/Thuật ngữ			Dispersion
lang_multi_text.db	Term850021_Desc	3.4	Hội thoại/Cốt truyện	Hệ thống/Thuật ngữ			- <color=Highlight>Sweet Dream</color>: Increase the DMG Multiplier of <color=Highlight>Normal Attack</color>, Basic Attack <color=Highlight>Vining Waltz</color>, Basic Attack <color=Highlight>Blazing Waltz</color>, Basic Attack <color=Highlight>Vining Ronde</color>, Dodge Counter <color=Highlight>Atonement</color>, Resonance Skill <color=Highlight>Crimson Blossom</color>, and Resonance Skill <color=Highlight>Floral Ravage</color> by 150%.\n- Casting <color=Highlight>Ephemeral</color> consumes all Crimson Buds. Each Crimson Bud consumed additionally increases the DMG Multiplier of <color=Highlight>Sweet Dream</color> by 5%, up to 50%. \n- When in <color=Highlight>Budding Mode</color>, Camellya cannot gain Crimson Buds.\n- When in <color=Highlight>Budding Mode</color>, the Energy Regen Multiplier of <color=Highlight>Normal Attack</color>, Basic Attack <color=Highlight>Vining Waltz</color>, Basic Attack <color=Highlight>Blazing Waltz</color>, Basic Attack <color=Highlight>Vining Ronde</color>, Dodge Counter <color=Highlight>Atonement</color>, Resonance Skill <color=Highlight>Crimson Blossom</color>, and Resonance Skill <color=Highlight>Floral Ravage</color> is reduced to 0%.\n- <color=Highlight>Budding Mode</color> ends when Camellya is switched off the field.\n- <color=Highlight>Budding Mode</color> ends when all Crimson Pistils are consumed.
lang_multi_text.db	Term850021_Title	3.4	Hội thoại/Cốt truyện	Hệ thống/Thuật ngữ			Budding Mode
lang_multi_text.db	Term850022_Desc	3.4	Hội thoại/Cốt truyện	Hệ thống/Thuật ngữ			Hitting a target with a Normal Attack generates a <color=Highlight>Collapsed Core</color>, which transforms into a <color=Highlight>Flare Star Butterfly</color> after 6s. <color=Highlight>Flare Star Butterflies</color> automatically track and attack a target, dealing <color=Light>Spectro DMG</color>. If there are already 5 <color=Highlight>Collapsed Cores</color>, Shorekeeper's next <color=Highlight>Basic Attack</color> hit will instantly convert a <color=Highlight>Collapsed Core</color> into a <color=Highlight>Flare Star Butterfly</color>.
lang_multi_text.db	Term850022_Title	3.4	Hội thoại/Cốt truyện	Hệ thống/Thuật ngữ			Collapsed Core
lang_multi_text.db	Term850023_Desc	3.4	Hội thoại/Cốt truyện	Hệ thống/Thuật ngữ			Generate a <color=Highlight>Stellarealm</color> to restore HP for all party members within its effective range continuously. This effect can be triggered once every 3s.
lang_multi_text.db	Term850023_Title	3.4	Hội thoại/Cốt truyện	Hệ thống/Thuật ngữ			Stellarealm
lang_multi_text.db	Term850024_Desc	3.4	Hội thoại/Cốt truyện	Hệ thống/Thuật ngữ			Generate a <color=Highlight>Stellarealm</color> to restore HP for all party members within its effective range continuously. This effect can be triggered once every 3s.
lang_multi_text.db	Term850024_Title	3.4	Hội thoại/Cốt truyện	Hệ thống/Thuật ngữ			Outer Stellarealm
lang_multi_text.db	Term850025_Desc	3.4	Hội thoại/Cốt truyện	Hệ thống/Thuật ngữ			When in the <color=Highlight>Intuition</color> state:\n- Gain 3 Hypercubes. Each time Resonance Skill <color=Highlight>Law of Reigns</color> is cast, consume 1 Hypercube. <color=Highlight>Intuition</color> ends once all Hypercubes are consumed.\n- <color=Highlight>Basic Attack</color> and <color=Highlight>Heavy Attack</color> are replaced with Basic Attack <color=Highlight>Pivot - Impale</color>, dealing <color=Thunder>Electro DMG</color>.\n- Resonance Skill <color=Highlight>Deduction</color> becomes Resonance Skill <color=Highlight>Divergence</color>, dealing <color=Thunder>Electro DMG</color>.\n- <color=Highlight>Dodge Counter</color> becomes Dodge Counter <color=Highlight>Unfathomed</color>, dealing Resonance Liberation DMG.
lang_multi_text.db	Term850025_Title	3.4	Hội thoại/Cốt truyện	Hệ thống/Thuật ngữ			Intuition
lang_multi_text.db	Term850026_Desc	3.4	Hội thoại/Cốt truyện	Hệ thống/Thuật ngữ			<size=40><color=Title>Resonance Skill - Stroke of Genius</color></size>\nWhen a <color=Highlight>Phatasmic Imprint</color> is nearby, Zhezhi's Resonance Skill is replaced with <color=Highlight>Stroke of Genius</color>, which can be cast while in mid-air. When it is cast, Zhezhi will:\n- Move to the location of the <color=Highlight>Phatasmic Imprint</color>, remove it, and then summon an Ivory Herald to attack the target, dealing <color=Ice>Glacio DMG</color>, considered as Basic Attack DMG. Refresh the mid-air Dodge attempts if the target <color=Highlight>Phatasmic Imprint</color> is in mid-air.\n- Gain 1 stack of Painter's Delight, lasting for 8s and stacking up to 2 times.\n<size=10></size>\n<size=40><color=Title>Resonance Skill - Creation's Zenith</color></size>\nWhen a <color=Highlight>Phantasmic Imprint</color> is nearby and there are 2 stacks of Painter's Delight, <color=Highlight>Stroke of Genius</color> is replaced with <color=Highlight>Creation's Zenith</color>, which can be cast while in mid-air. When it is cast, Zhezhi will:\n- Lose all stacks of Painter's Delight\n- Move to the location of the <color=Highlight>Phantasmic Imprint</color>, remove it, and then summon an Ivory Herald to attack the target, dealing greater <color=Ice>Glacio DMG</color>, considered as Basic Attack DMG, additionally increasing the Basic Attack DMG Bonus by 18% for 27s. Refresh the mid-air Dodge attempts if the target <color=Highlight>Phatasmic Imprint</color> is in mid-air.
lang_multi_text.db	Term850026_Title	3.4	Hội thoại/Cốt truyện	Hệ thống/Thuật ngữ			Phatasmic Imprint
lang_multi_text.db	Term850027_Desc	3.4	Hội thoại/Cốt truyện	Hệ thống/Thuật ngữ			When Resonance Energy is full, the powerful <color=Highlight>Resonance Liberation</color> becomes available.
lang_multi_text.db	Term850027_Title	3.4	Hội thoại/Cốt truyện	Hệ thống/Thuật ngữ			Resonance Energy
lang_multi_text.db	Term850028_Desc	3.4	Hội thoại/Cốt truyện	Hệ thống/Thuật ngữ			Zhezhi can hold up to 90 Afflatus.\nNormal Attacks grant Afflatus on hit.\nCasting Intro Skill grants Afflatus.
lang_multi_text.db	Term850028_Title	3.4	Hội thoại/Cốt truyện	Hệ thống/Thuật ngữ			Afflatus
lang_multi_text.db	Term850029_Desc	3.4	Hội thoại/Cốt truyện	Hệ thống/Thuật ngữ			Normal Attack <color=Highlight>Zapstring's Dance</color>, Resonance Liberation <color=Highlight>Thundering Wrath</color>, and Intro Skill <color=Highlight>Raging Storm</color> will apply <color=Highlight>Sinner's Mark</color> on hit.\n<color=Highlight>Sinner's Mark</color> is removed when Yinlin leaves the field.
lang_multi_text.db	Term850029_Title	3.4	Hội thoại/Cốt truyện	Hệ thống/Thuật ngữ			Sinner's Mark
lang_multi_text.db	Term850030_Desc	3.4	Hội thoại/Cốt truyện	Hệ thống/Thuật ngữ			Yinlin can hold up to 100 Judgement Points. Yinlin gains Judgement Points through the following ways:\nUpon casting Intro Skill <color=Highlight>Raging Storm</color>;\nWhen Basic Attack <color=Highlight>Zapstring's Dance</color> hits a target;\nUpon casting Resonance Skill <color=Highlight>Magnetic Roar</color>;\nWhen Resonance Skill <color=Highlight>Electromagnetic Blast</color> hits a target;\nUpon casting Resonance Skill <color=Highlight>Lightning Execution</color>.
lang_multi_text.db	Term850030_Title	3.4	Hội thoại/Cốt truyện	Hệ thống/Thuật ngữ			Judgement Points
lang_multi_text.db	Term850031_Desc	3.4	Hội thoại/Cốt truyện	Hệ thống/Thuật ngữ			- Jiyan's resistance to interruption increases.\n- <color=Highlight>Basic Attack</color>, <color=Highlight>Heavy Attack</color>, and <color=Highlight>Dodge Counter</color> are replaced with Heavy Attack <color=Highlight>Lance of Qingloong</color>.
lang_multi_text.db	Term850031_Title	3.4	Hội thoại/Cốt truyện	Hệ thống/Thuật ngữ			Qingloong Mode
lang_multi_text.db	Term850032_Desc	3.4	Hội thoại/Cốt truyện	Hệ thống/Thuật ngữ			Jiyan can hold up to 60 Resolve.\nJiyan gains Resolve when his Normal Attack <color=Highlight>Lone Lance</color> hits the target.\nJiyan gains Resolve when the Intro Skill <color=Highlight>Tactical Strike</color> hits the target.\nResolve will gradually decrease if Jiyan does not hit a target within 15s.
lang_multi_text.db	Term850032_Title	3.4	Hội thoại/Cốt truyện	Hệ thống/Thuật ngữ			Resolve
lang_multi_text.db	Term850033_Desc	3.4	Hội thoại/Cốt truyện	Hệ thống/Thuật ngữ			Baizhi can hold up to 4 Concentration.\nBaizhi obtains 1 Concentration for every <color=Highlight>Basic Attack</color> on hit.
lang_multi_text.db	Term850033_Title	3.4	Hội thoại/Cốt truyện	Hệ thống/Thuật ngữ			Concentration
lang_multi_text.db	Term850034_Desc	3.4	Hội thoại/Cốt truyện	Hệ thống/Thuật ngữ			After casting <color=Highlight>Devastation</color>, Rover enters the <color=Highlight>Dark Surge</color> state. In this state:\n- <color=Highlight>Basic Attack</color> is replaced with <color=Highlight>Enhanced Basic Attack</color>, which performs up to 5 consecutive attacks, dealing <color=Dark>Havoc DMG</color>.\n- <color=Highlight>Heavy Attack</color> is replaced with <color=Highlight>Enhanced Heavy Attack</color>;\n- Use <color=Highlight>Basic Attack</color> after casting <color=Highlight>Enhanced Heavy Attack</color> to cast Heavy Attack <color=Highlight>Thwackblade</color> to attack the target, dealing <color=Dark>Havoc DMG</color>, considered as Heavy Attack DMG.\n- Use <color=Highlight>Basic Attack</color> after casting Heavy Attack <color=Highlight>Thwackblade</color> to cast <color=Highlight>Enhanced Basic Attack 3</color> to attack the target, dealing <color=Dark>Havoc DMG</color>;\n- Resonance Skill <color=Highlight>Wingblade</color> is replaced with Resonance Skill <color=Highlight>Lifetaker</color>, transforming sounds into blades to attack the target, dealing <color=Dark>Havoc DMG</color>.
lang_multi_text.db	Term850034_Title	3.4	Hội thoại/Cốt truyện	Hệ thống/Thuật ngữ			Dark Surge
lang_multi_text.db	Term850035_Desc	3.4	Hội thoại/Cốt truyện	Hệ thống/Thuật ngữ			Can be detonated by Heavy Attack <color=Highlight>Detonate</color>, dealing <color=Ice>Glacio DMG</color>.
lang_multi_text.db	Term850035_Title	3.4	Hội thoại/Cốt truyện	Hệ thống/Thuật ngữ			Ice Prism
lang_multi_text.db	Term850036_Desc	3.4	Hội thoại/Cốt truyện	Hệ thống/Thuật ngữ			Can be detonated by Heavy Attack <color=Highlight>Detonate</color>, dealing <color=Ice>Glacio DMG</color>.
lang_multi_text.db	Term850036_Title	3.4	Hội thoại/Cốt truyện	Hệ thống/Thuật ngữ			Ice Thorn
lang_multi_text.db	Term850037_Desc	3.4	Hội thoại/Cốt truyện	Hệ thống/Thuật ngữ			Can be detonated by Heavy Attack <color=Highlight>Detonate</color>, dealing <color=Ice>Glacio DMG</color>.
lang_multi_text.db	Term850037_Title	3.4	Hội thoại/Cốt truyện	Hệ thống/Thuật ngữ			Glacier
lang_multi_text.db	Term850038_Desc	3.4	Hội thoại/Cốt truyện	Hệ thống/Thuật ngữ			- When the active Resonator's <color=Highlight>Basic Attack</color> hits the target, Mortefi launches a Coordinated Attack, firing 1 <color=Highlight>Marcato</color>.\n- When the active Resonator's <color=Highlight>Heavy Attack</color> hits the target, Mortefi launches a Coordinated Attack, firing 2 <color=Highlight>Marcato</color>.\nMortefi can launch one Coordinated Attack every 0.35s.
lang_multi_text.db	Term850038_Title	3.4	Hội thoại/Cốt truyện	Hệ thống/Thuật ngữ			Burning Rhapsody
lang_multi_text.db	Term850039_Desc	3.4	Hội thoại/Cốt truyện	Hệ thống/Thuật ngữ			Danjin can hold up to 120 Ruby Blossom.\nDanjin obtains Ruby Blossom when using Resonance Skill <color=Highlight>Crimson Fragment</color>.
lang_multi_text.db	Term850039_Title	3.4	Hội thoại/Cốt truyện	Hệ thống/Thuật ngữ			Ruby Blossom
lang_multi_text.db	Term850040_Desc	3.4	Hội thoại/Cốt truyện	Hệ thống/Thuật ngữ			When Danjin attacks a target with Resonance Skill's <color=Highlight>Incinerating Will</color>, her damage dealt is increased by 20%.
lang_multi_text.db	Term850040_Title	3.4	Hội thoại/Cốt truyện	Hệ thống/Thuật ngữ			Incinerating Will
lang_multi_text.db	Term850041_Desc	3.4	Hội thoại/Cốt truyện	Hệ thống/Thuật ngữ			Chixia can hold up to 60 Thermobaric Bullets.\nInherent Skill <color=Highlight>Scorching Magazine</color> increases Max Thermobaric Bullets by 10.\nChixia obtains Thermobaric Bullets for every Normal Attack <color=Highlight>POW POW</color> on hit.\nChixia obtains Thermobaric Bullets upon casting Intro Skill <color=Highlight>Grand Entrance</color> and Resonance Skill <color=Highlight>Whizzing Fight Spirit</color>.
lang_multi_text.db	Term850041_Title	3.4	Hội thoại/Cốt truyện	Hệ thống/Thuật ngữ			Thermobaric Bullets
lang_multi_text.db	Term850042_Desc	3.4	Hội thoại/Cốt truyện	Hệ thống/Thuật ngữ			Jianxin can hold up to 120 Chi.\nChi is obtained when Normal Attack <color=Highlight>Fengyiquan</color> hits the target.\nChi is obtained when the Resonance Skill <color=Highlight>Calming Air</color> is cast.\nChi is obtained when the Resonance Skills <color=Highlight>Chi Counter</color> or <color=Highlight>Chi Parry</color> hits the target.\nChi is obtained when the Intro Skill <color=Highlight>Essence of Tao</color> hits the target.
lang_multi_text.db	Term850042_Title	3.4	Hội thoại/Cốt truyện	Hệ thống/Thuật ngữ			Chi
lang_multi_text.db	Term850043_Desc	3.4	Hội thoại/Cốt truyện	Hệ thống/Thuật ngữ			Perform ranged attacks when in Yellow Light Mode.
lang_multi_text.db	Term850043_Title	3.4	Hội thoại/Cốt truyện	Hệ thống/Thuật ngữ			Yellow Light Mode
lang_multi_text.db	Term850044_Desc	3.4	Hội thoại/Cốt truyện	Hệ thống/Thuật ngữ			Perform melee attacks when in Red Light Mode.
lang_multi_text.db	Term850044_Title	3.4	Hội thoại/Cốt truyện	Hệ thống/Thuật ngữ			Red Light Mode
lang_multi_text.db	Term850045_Desc	3.4	Hội thoại/Cốt truyện	Hệ thống/Thuật ngữ			Youhu obtains a random <color=Highlight>Antique</color> after the <color=Highlight>Lucky Draw</color>. With an <color=Highlight>Antique</color>, her next <color=Highlight>Basic Attack</color> will activate the corresponding <color=Highlight>Antique Appraisal</color>.\nOnly one <color=Highlight>Antique</color> can exist at a time, and the newly drawn <color=Highlight>Antique</color> will replace the existing one.
lang_multi_text.db	Term850045_Title	3.4	Hội thoại/Cốt truyện	Hệ thống/Thuật ngữ			Lucky Draw
lang_multi_text.db	Term850046_Desc	3.4	Hội thoại/Cốt truyện	Hệ thống/Thuật ngữ			With an <color=Highlight>Antique</color>, Youhu's next <color=Highlight>Basic Attack</color> will activate the corresponding <color=Highlight>Antique Appraisal</color>.\nOnly one <color=Highlight>Antique</color> can exist at a time, and the newly drawn <color=Highlight>Antique</color> will replace the existing one.
lang_multi_text.db	Term850046_Title	3.4	Hội thoại/Cốt truyện	Hệ thống/Thuật ngữ			Antique
lang_multi_text.db	Term850047_Desc	3.4	Hội thoại/Cốt truyện	Hệ thống/Thuật ngữ			When the active character on the team is attacked, 1 Rocksteady Shield is consumed to reduce the damage taken.
lang_multi_text.db	Term850047_Title	3.4	Hội thoại/Cốt truyện	Hệ thống/Thuật ngữ			Rocksteady Shield
lang_multi_text.db	Term850048_Desc	3.4	Hội thoại/Cốt truyện	Hệ thống/Thuật ngữ			- When Aalto passes through Mist or Gate of Quandary, he enters the <color=Highlight>Mistcloak Dash</color>.\n- When <color=Highlight>Basic Attack</color> or <color=Highlight>Mid-air Attack</color> passes through Mist and hits the target, 1 Mist Drop is recovered.
lang_multi_text.db	Term850048_Title	3.4	Hội thoại/Cốt truyện	Hệ thống/Thuật ngữ			Mist
lang_multi_text.db	Term850049_Desc	3.4	Hội thoại/Cốt truyện	Hệ thống/Thuật ngữ			When Aalto passes through Mist or Gate of Quandary, he enters the <color=Highlight>Mistcloak Dash</color>.
lang_multi_text.db	Term850049_Title	3.4	Hội thoại/Cốt truyện	Hệ thống/Thuật ngữ			Gate of Quandary
lang_multi_text.db	Term850050_Desc	3.4	Hội thoại/Cốt truyện	Hệ thống/Thuật ngữ			Brant can hold up to 100 Bravo.\n- Obtain Bravo when Normal Attacks hit the target.\n- Obtain Bravo when Intro Skill hits the target.\n- Obtain Bravo when Resonance Skill hits the target.
lang_multi_text.db	Term850050_Title	3.4	Hội thoại/Cốt truyện	Hệ thống/Thuật ngữ			Bravo
lang_multi_text.db	Term850051_Desc	3.4	Hội thoại/Cốt truyện	Hệ thống/Thuật ngữ			The efficiency of gaining Bravo is increased by 100% when <color=Highlight>Normal Attack</color> or Resonance Skill <color=Highlight>Anchors Aweigh!</color> hits the target. Meanwhile, Forte Circuit <color=Highlight>Theatrical Moment</color> is replaced by <color=Highlight>"My" Moment</color>.
lang_multi_text.db	Term850051_Title	3.4	Hội thoại/Cốt truyện	Hệ thống/Thuật ngữ			Aflame
lang_multi_text.db	Term850052_Desc	3.4	Hội thoại/Cốt truyện	Hệ thống/Thuật ngữ			Brant gains additional ATK based on his Energy Regen: For every 1% of his Energy Regen over 150%, Brant gains additional 12 points of ATK, up to 1560.
lang_multi_text.db	Term850052_Title	3.4	Hội thoại/Cốt truyện	Hệ thống/Thuật ngữ			Theatrical Moment
lang_multi_text.db	Term850053_Desc	3.4	Hội thoại/Cốt truyện	Hệ thống/Thuật ngữ			Heal all nearby Resonators in the team when Bravo reaches 25, 50, 75, and 100.
lang_multi_text.db	Term850053_Title	3.4	Hội thoại/Cốt truyện	Hệ thống/Thuật ngữ			Waves of Acclaims
lang_multi_text.db	Term850054_Desc	3.4	Hội thoại/Cốt truyện	Hệ thống/Thuật ngữ			- <color=Highlight>Basic Attack</color> becomes Basic Attack <color=Highlight>Phantom Sting</color>. Perform up to 3 consecutive attacks, dealing <color=Dark>Havoc DMG</color>. Can be cast in mid-air. When cast mid-air, Basic Attack <color=Highlight>Phantom Sting</color> consumes STA, and the combo does not reset when Cantarella is airborne.\n- Hitting the target with Basic Attack <color=Highlight>Phantom Sting</color> consumes 1 point of Trance to obtain 1 point of Shiver and heal all nearby Resonators in the team.\n- The third stage of Basic Attack <color=Highlight>Phantom Sting</color> triggers 3 Coordinated Attacks, dealing <color=Dark>Havoc DMG</color>.\n- <color=Highlight>Mid-air Attack</color> becomes <color=Highlight>Abysmal Vortex</color>. {Cus:Ipt,Touch=Tap PC=Press Gamepad=Press} <color=Highlight>Jump</color> to perform a Plunging Attack at the cost of STA, dealing <color=Dark>Havoc DMG</color>.\n- <color=Highlight>Dodge Counter</color> becomes Dodge Counter <color=Highlight>Shadowy Sweep</color>. Attack the target, dealing <color=Dark>Havoc DMG</color>. {Cus:Ipt,Touch=Tap PC=Press Gamepad=Press} <color=Highlight>Normal Attack</color> right after casting the skill to cast Basic Attack <color=Highlight>Phantom Sting Stage 2</color>.\n- When Mid-air Attack <color=Highlight>Abysmal Vortex</color> or Dodge Counter <color=Highlight>Shadowy Sweep</color> hits a target, consume 1 point of Trance to obtain 1 point of Shiver and heal all nearby Resonators in the team.\n- Mirage lasts for 8s.\n- <color=Highlight>Mirage</color> ends when Trance is depleted.
lang_multi_text.db	Term850054_Title	3.4	Hội thoại/Cốt truyện	Hệ thống/Thuật ngữ			Mirage
lang_multi_text.db	Term850055_Desc	3.4	Hội thoại/Cốt truyện	Hệ thống/Thuật ngữ			Reduce the target's movement speed for 6.5s. When the target takes damage, <color=Highlight>Jolt</color> is triggered once, removing <color=Highlight>Hazy Dream</color> to deal <color=Dark>Havoc DMG</color>, considered Basic Attack DMG.\nAttacks by other Resonators in the team will not <color=Highlight>Jolt</color> a target influenced by <color=Highlight>Hazy Dream</color> and will remove the <color=Highlight>Hazy Dream</color>. \nCoordinated Attacks and damage from Utilities will not trigger <color=Highlight>Jolt</color>.
lang_multi_text.db	Term850055_Title	3.4	Hội thoại/Cốt truyện	Hệ thống/Thuật ngữ			Hazy Dream
lang_multi_text.db	Term850056_Desc	3.4	Hội thoại/Cốt truyện	Hệ thống/Thuật ngữ			Rover can hold up to 120 Windstrings.\nEach stage of Mid-air Attack <color=Highlight>Cloudburst Dance</color> restores 25 Windstrings on hit.\nCasting <color=Highlight>Intro Skill</color> restores 20 Windstrings.\nHitting a target with <color=Highlight>Basic Attack Stage 3 or 4</color> or <color=Highlight>Dodge Counter</color> restores 10 Windstrings.
lang_multi_text.db	Term850056_Title	3.4	Hội thoại/Cốt truyện	Hệ thống/Thuật ngữ			Windstring
lang_multi_text.db	Term850057_Desc	3.4	Hội thoại/Cốt truyện	Hệ thống/Thuật ngữ			ATK of the Resonators who pick up Euphonia is increased by 15% for 20s.
lang_multi_text.db	Term850057_Title	3.4	Hội thoại/Cốt truyện	Hệ thống/Thuật ngữ			Euphonia
lang_multi_text.db	Term850058_Desc	3.4	Hội thoại/Cốt truyện	Hệ thống/Thuật ngữ			In the <color=Highlight>Striding Lion</color> state:\n- Attacks can be launched in mid-air. If Lingyang is on the ground, use Heavy Attack <color=Highlight>Glorious Plunge</color> to get back in the air.\n- Lion's Spirit is continuously consumed before running out in 5s, and when it runs out, <color=Highlight>Striding Lion</color> ends;\n- If Lingyang is in the Resonance Liberation <color=Highlight>Lion's Vigor</color> state, the consumption speed of Lion's Spirit is reduced by 50%, extending <color=Highlight>Striding Lion</color> state by up to 10s.\n- Lingyang's <color=Highlight>Basic Attack</color> is replaced with Basic Attack <color=Highlight>Feral Gyrate</color>, which performs up to 2 consecutive attacks, dealing <color=Ice>Glacio DMG</color>;\n- Lingyang's <color=Highlight>Resonance Skill</color> is replaced with <color=Highlight>Mountain Roamer</color>, dealing <color=Ice>Glacio DMG</color>;\n- When Lion's Spirit is less than 10, use <color=Highlight>Basic Attack</color> to perform <color=Highlight>Stormy Kicks</color>, dealing <color=Ice>Glacio DMG</color>; after performing Basic Attack <color=Highlight>Stormy Kicks</color>, the Mid-air Attack <color=Highlight>Tail Strike</color> becomes available.\n- Concerto Energy is restored when Lion's Spirit is consumed.
lang_multi_text.db	Term850058_Title	3.4	Hội thoại/Cốt truyện	Hệ thống/Thuật ngữ			Striding Lion
lang_multi_text.db	Term850059_Desc	3.4	Hội thoại/Cốt truyện	Hệ thống/Thuật ngữ			Up to 2 <color=Highlight>Ensemble Sylphs</color> may exist simultaneously.\nIf Ciaccona's Basic Attack Stage 4 is interrupted, the <color=Highlight>Ensemble Sylphs</color> generated will finish the action for Ciaccona and send Ciaccona into <color=Highlight>Solo Concert</color>.\nIf Ciaccona's <color=Highlight>Solo Concert</color> is interrupted, the <color=Highlight>Ensemble Sylphs</color> generated will continue the <color=Highlight>Solo Concert</color> for Ciaccona.
lang_multi_text.db	Term850059_Title	3.4	Hội thoại/Cốt truyện	Hệ thống/Thuật ngữ			Ensemble Sylph
lang_multi_text.db	Term850060_Desc	3.4	Hội thoại/Cốt truyện	Hệ thống/Thuật ngữ			When Ciaccona or Ensemble Sylph performs Solo Concert, they give 24% Aero DMG Bonus to all nearby Resonators in the team. This effect is not stackable.
lang_multi_text.db	Term850060_Title	3.4	Hội thoại/Cốt truyện	Hệ thống/Thuật ngữ			Solo Concert
lang_multi_text.db	Term850061_Desc	3.4	Hội thoại/Cốt truyện	Hệ thống/Thuật ngữ			Ciaccona can hold up to 3 segments of Musical Essence.\nCasting <color=Highlight>Basic Attack Stage 4</color> and <color=Highlight>Intro Skill</color> recovers 1 segment of Musical Essence.
lang_multi_text.db	Term850061_Title	3.4	Hội thoại/Cốt truyện	Hệ thống/Thuật ngữ			Musical Essence
lang_multi_text.db	Term850062_Desc	3.4	Hội thoại/Cốt truyện	Hệ thống/Thuật ngữ			When the Vibration Strength is depleted, the enemy is <color=Highlight>Immobilized</color> and cannot take any action for a period of time.
lang_multi_text.db	Term850062_Title	3.4	Hội thoại/Cốt truyện	Hệ thống/Thuật ngữ			Vibration Strength
lang_multi_text.db	Term850063_Desc	3.4	Hội thoại/Cốt truyện	Hệ thống/Thuật ngữ			Zani can hold up to 100 Redundant Energy.\nObtain Redundant Energy when Normal Attacks hit a target.\nObtain Redundant Energy when Intro Skill <color=Highlight>Immediate Execution</color> hits a target.\nObtain Redundant Energy when casting Resonance Skill <color=Highlight>Standard Defense Protocol</color>.\nObtain Redundant Energy when casting Resonance Skill <color=Highlight>Pinpoint Strike</color>.\nCannot obtain Redundant Energy while in <color=Highlight>Inferno Mode</color>.
lang_multi_text.db	Term850063_Title	3.4	Hội thoại/Cốt truyện	Hệ thống/Thuật ngữ			Redundant Energy
lang_multi_text.db	Term850064_Desc	3.4	Hội thoại/Cốt truyện	Hệ thống/Thuật ngữ			Casting Resonance Liberation Rekindle sends Zani into Infernal Mode.
lang_multi_text.db	Term850064_Title	3.4	Hội thoại/Cốt truyện	Hệ thống/Thuật ngữ			Inferno Mode
lang_multi_text.db	Term850065_Desc	3.4	Hội thoại/Cốt truyện	Hệ thống/Thuật ngữ			Blaze is capped at 100 when not in <color=Highlight>Inferno Mode</color>.\nBlaze is capped at 150 in <color=Highlight>Inferno Mode</color>.\nCasting Resonance Skill <color=Highlight>Crisis Response Protocol</color> grants 10 Blazes.\nEvery stack of Heliacal Ember converted from <color=Highlight>Spectro Frazzle</color> grants 5 Blazes.\nCasting Resonance Liberation <color=Highlight>Rekindle</color> grants 50 Blazes.
lang_multi_text.db	Term850065_Title	3.4	Hội thoại/Cốt truyện	Hệ thống/Thuật ngữ			Blaze
lang_multi_text.db	Term850066_Desc	3.4	Hội thoại/Cốt truyện	Hệ thống/Thuật ngữ			When Zani is in the team and a nearby Resonator inflicts <color=Highlight>Spectro Frazzle</color> upon a target, immediately consume all Spectro Frazzle stacks and trigger the corresponding DMG, then convert Spectro Frazzle into equal stacks of Heliacal Ember. Every time the conversion happens, Zani obtains Blaze based on the stacks of Heliacal Ember inflicted. Heliacal Ember is capped at 60 stacks, with each stack lasting for 6s. Heliacal Ember stacks are counted toward the Spectro Frazzle stacks for the Eternal Radiance Sonata Effect.
lang_multi_text.db	Term850066_Title	3.4	Hội thoại/Cốt truyện	Hệ thống/Thuật ngữ			Heliacal Ember
lang_multi_text.db	Term850067_Desc	3.4	Hội thoại/Cốt truyện	Hệ thống/Thuật ngữ			Developed by Dr. Scott Rabelle, this method was originally designed to examine Resonators. It is also known as "Rabelle's Test."\nKnown for its safety, reliability, and ease of use, the test has since been adopted across multiple regions.
lang_multi_text.db	Term850067_Title	3.4	Hội thoại/Cốt truyện	Hệ thống/Thuật ngữ			Rabelle's Curve
lang_multi_text.db	Term850068_Desc	3.4	Hội thoại/Cốt truyện	Hệ thống/Thuật ngữ			A Resonator born with innate Forte.
lang_multi_text.db	Term850068_Title	3.4	Hội thoại/Cốt truyện	Hệ thống/Thuật ngữ			Congenital Resonator
lang_multi_text.db	Term850069_Desc	3.4	Hội thoại/Cốt truyện	Hệ thống/Thuật ngữ			A Resonator who awakened their Forte through a life-changing event.
lang_multi_text.db	Term850069_Title	3.4	Hội thoại/Cốt truyện	Hệ thống/Thuật ngữ			Mutant Resonator
lang_multi_text.db	Term850070_Desc	3.4	Hội thoại/Cốt truyện	Hệ thống/Thuật ngữ			A Resonator who naturally awakened their Forte during their growth.
lang_multi_text.db	Term850070_Title	3.4	Hội thoại/Cốt truyện	Hệ thống/Thuật ngữ			Natural Resonator
lang_multi_text.db	Term850071_Desc	3.4	Hội thoại/Cốt truyện	Hệ thống/Thuật ngữ			A Resonator whose latent Forte was prematurely awakened via controlled artificial stimulation.
lang_multi_text.db	Term850071_Title	3.4	Hội thoại/Cốt truyện	Hệ thống/Thuật ngữ			Induced Resonator
lang_multi_text.db	Term850072_Desc	3.4	Hội thoại/Cốt truyện	Hệ thống/Thuật ngữ			A mark found either on a Resonator's skin or the ground of a Tacet Field.\nFor Resonators, these marks serve as conduits for their Forte, a sign of their rebirth after awakening.\nIn Tacet Fields, the mark becomes the focal point where chaotic energy coalesces, forming the white Resonance Cord that births endless Tacet Discords into this world.
lang_multi_text.db	Term850072_Title	3.4	Hội thoại/Cốt truyện	Hệ thống/Thuật ngữ			Tacet Mark
lang_multi_text.db	Term850073_Desc	3.4	Hội thoại/Cốt truyện	Hệ thống/Thuật ngữ			Overuse of power or obsession can overload a Resonator's mind and Forte, leading to Overclocking.\nWhile Overclocking can be controlled, there is currently no known permanent cure.
lang_multi_text.db	Term850073_Title	3.4	Hội thoại/Cốt truyện	Hệ thống/Thuật ngữ			Overclocking
lang_multi_text.db	Term850074_Desc	3.4	Hội thoại/Cốt truyện	Hệ thống/Thuật ngữ			Threnodians are formidable creatures born from the Laments, with the power to destroy human spirit and feed off of their collapsed will. If civilizations represent mankind's collective will, the Threnodians embody our fears and struggles. They manifest as destructive Tacet Discord disasters spreading across the planet.
lang_multi_text.db	Term850074_Title	3.4	Hội thoại/Cốt truyện	Hệ thống/Thuật ngữ			Threnodian
lang_multi_text.db	Term850075_Desc	3.4	Hội thoại/Cốt truyện	Hệ thống/Thuật ngữ			The term "Lament" refers to the ongoing catastrophic events on Solaris-3. Since the onset of the first Lament, the cycle of destruction has persisted relentlessly. The tide of devastation remains ceaseless, with no signs of stopping.
lang_multi_text.db	Term850075_Title	3.4	Hội thoại/Cốt truyện	Hệ thống/Thuật ngữ			Lament
lang_multi_text.db	Term850076_Desc	3.4	Hội thoại/Cốt truyện	Hệ thống/Thuật ngữ			A form of pure energy with complete frequencies. The information it carries transcends time and space, enduring in a stable, unchanging state.
lang_multi_text.db	Term850076_Title	3.4	Hội thoại/Cốt truyện	Hệ thống/Thuật ngữ			Remnant Energy
lang_multi_text.db	Term850077_Desc	3.4	Hội thoại/Cốt truyện	Hệ thống/Thuật ngữ			Transdimensional spaces where Remnant Energy is abundant are known as the Sonoro Spheres.
lang_multi_text.db	Term850077_Title	3.4	Hội thoại/Cốt truyện	Hệ thống/Thuật ngữ			Sonoro Sphere
lang_multi_text.db	Term850078_Desc	3.4	Hội thoại/Cốt truyện	Hệ thống/Thuật ngữ			The "Tacet Fields" are thought to be where all Tacet Discords originate. These locations feature a sky of inverted seas and a deep cross-shaped Tacet Mark on the ground. Reverberations fill the air, linking our world to an unknown space through a white Resonance Cord. These areas attract gatherings of Tacet Discords.
lang_multi_text.db	Term850078_Title	3.4	Hội thoại/Cốt truyện	Hệ thống/Thuật ngữ			Tacet Field
lang_multi_text.db	Term850079_Desc	3.4	Hội thoại/Cốt truyện	Hệ thống/Thuật ngữ			SOL-3, the third planet from the sun. A world of chaos and change, where old conventions are discarded and disasters run rampant. Human civilization struggles to survive in this new era of destruction and rebirth, facing uncharted challenges with unwavering determination.
lang_multi_text.db	Term850079_Title	3.4	Hội thoại/Cốt truyện	Hệ thống/Thuật ngữ			Solaris
lang_multi_text.db	Term850080_Desc	3.4	Hội thoại/Cốt truyện	Hệ thống/Thuật ngữ			The Lament's power causes destructive waves across the land of Solaris. Manifestations like the "Tacet Fields," "Tacet Discord Outbreaks," and the enigmatic "Tacetite" are part of what is collectively known as the "Waveworn Phenomena."
lang_multi_text.db	Term850080_Title	3.4	Hội thoại/Cốt truyện	Hệ thống/Thuật ngữ			Waveworn Phenomena
lang_multi_text.db	Term850081_Desc	3.4	Hội thoại/Cốt truyện	Hệ thống/Thuật ngữ			Tacet Discords, beings created by the Waveworn Phenomena bearing "Tacet Cores", are dangerous entities with ever-changing, amorphous forms, which feed on other frequencies to maintain stability and evolution. These creatures mimic their prey's abilities, shapes, and behaviors, influenced by the types of frequency they consume.
lang_multi_text.db	Term850081_Title	3.4	Hội thoại/Cốt truyện	Hệ thống/Thuật ngữ			Tacet Discord
lang_multi_text.db	Term850082_Desc	3.4	Hội thoại/Cốt truyện	Hệ thống/Thuật ngữ			A type of special frequency that can be captured by the Terminal to reproduce Tacet Discords' abilities.\nThere's a chance for Tacet Discords to leave behind "Reverberations" when they are eliminated, which can then be transformed into "Echoes" through the Terminal's Data Bank, providing a useful advantage in battle.
lang_multi_text.db	Term850082_Title	3.4	Hội thoại/Cốt truyện	Hệ thống/Thuật ngữ			Echo
lang_multi_text.db	Term850083_Desc	3.4	Hội thoại/Cốt truyện	Hệ thống/Thuật ngữ			Wherever there is civilization and history, there will be Sentinels. They serve as mankind's guardians and conductors. Their immortal existence has helped humanity through countless troubles, sharing wisdom and prophecies. As humanity embarks on a new journey after enduring the Lament, the Sentinels remain as the record keeper and beacon in times of disaster.
lang_multi_text.db	Term850083_Title	3.4	Hội thoại/Cốt truyện	Hệ thống/Thuật ngữ			Sentinel
lang_multi_text.db	Term850084_Desc	3.4	Hội thoại/Cốt truyện	Hệ thống/Thuật ngữ			The Magistrate is a governing official who oversees one of the major regions within Huanglong.
lang_multi_text.db	Term850084_Title	3.4	Hội thoại/Cốt truyện	Hệ thống/Thuật ngữ			Magistrate
lang_multi_text.db	Term850085_Desc	3.4	Hội thoại/Cốt truyện	Hệ thống/Thuật ngữ			The Ministry of Development serves as the engineering and construction arm of the Central Office of State Affairs.\nIt is comprised of three key divisions: the Ordnance and Defense Divisions, which handle all military applications. And the Infrastructure Division, tasked with public works and construction projects.
lang_multi_text.db	Term850085_Title	3.4	Hội thoại/Cốt truyện	Hệ thống/Thuật ngữ			Ministry of Development
lang_multi_text.db	Term850086_Desc	3.4	Hội thoại/Cốt truyện	Hệ thống/Thuật ngữ			The Midnight Rangers are a military force under the Jinzhou Ministry of War, commanded by General Jiyan. They consist of three divisions: Outriders (reconnaissance), Vanguard (offensive operations), and Rearguard (defensive operations).
lang_multi_text.db	Term850086_Title	3.4	Hội thoại/Cốt truyện	Hệ thống/Thuật ngữ			Midnight Rangers
lang_multi_text.db	Term850087_Desc	3.4	Hội thoại/Cốt truyện	Hệ thống/Thuật ngữ			Public Security Bureau staff who are responsible for the security issues of their jurisdictions.
lang_multi_text.db	Term850087_Title	3.4	Hội thoại/Cốt truyện	Hệ thống/Thuật ngữ			Patroller
lang_multi_text.db	Term850088_Desc	3.4	Hội thoại/Cốt truyện	Hệ thống/Thuật ngữ			The local law enforcement arm of the Justice Commission. Operating through Patrol Stations, it maintains civil order and handles public security matters. Its officers are known as "Patrollers."
lang_multi_text.db	Term850088_Title	3.4	Hội thoại/Cốt truyện	Hệ thống/Thuật ngữ			Public Security Bureau
lang_multi_text.db	Term850089_Desc	3.4	Hội thoại/Cốt truyện	Hệ thống/Thuật ngữ			The local enforcement unit of the Public Security Bureau that handles routine security operations and maintains public order.
lang_multi_text.db	Term850089_Title	3.4	Hội thoại/Cốt truyện	Hệ thống/Thuật ngữ			Patrol Station
lang_multi_text.db	Term850090_Desc	3.4	Hội thoại/Cốt truyện	Hệ thống/Thuật ngữ			Lollo Logistics is a trusted logistics company that delivers not only the tangible, but also the intangible.\nWhether it's sending sweet words to a loved one or retrieving lost memories, if it's ordered and can be delivered, Lollo Logistics will handle them with care.
lang_multi_text.db	Term850090_Title	3.4	Hội thoại/Cốt truyện	Hệ thống/Thuật ngữ			Lollo Logistics
lang_multi_text.db	Term850091_Desc	3.4	Hội thoại/Cốt truyện	Hệ thống/Thuật ngữ			Jinzhou, a fortified city on the frontier, stands guard against the looming Tacet Discord crisis. As one of Huanglong's six major regions, it bears the weight of this responsibility as the youngest provincial capital. The Midnight Rangers defend its northern border without hesitation.
lang_multi_text.db	Term850091_Title	3.4	Hội thoại/Cốt truyện	Hệ thống/Thuật ngữ			Jinzhou
lang_multi_text.db	Term850092_Desc	3.4	Hội thoại/Cốt truyện	Hệ thống/Thuật ngữ			The state-run research institute of Huanglong, with branch organizations established in each city.
lang_multi_text.db	Term850092_Title	3.4	Hội thoại/Cốt truyện	Hệ thống/Thuật ngữ			Huaxu Academy
lang_multi_text.db	Term850093_Desc	3.4	Hội thoại/Cốt truyện	Hệ thống/Thuật ngữ			Located at the edge of the continent, this country borders the sea to the east. It boasts a vast territory with one capital and six major cities.
lang_multi_text.db	Term850093_Title	3.4	Hội thoại/Cốt truyện	Hệ thống/Thuật ngữ			Huanglong
lang_multi_text.db	Term850094_Desc	3.4	Hội thoại/Cốt truyện	Hệ thống/Thuật ngữ			The most enduring and enigmatic family in Ragunna, the Fisalias are renowned for their expertise in medicine and poison crafting. Their unwavering devotion to the Sentinel is well-known among the citizens.
lang_multi_text.db	Term850094_Title	3.4	Hội thoại/Cốt truyện	Hệ thống/Thuật ngữ			Fisalia
lang_multi_text.db	Term850095_Desc	3.4	Hội thoại/Cốt truyện	Hệ thống/Thuật ngữ			Nestled on the edge of a cliff in Thessalleo Fells, Porto Veno Castle is a mysterious and magnificent residence of the Fisalias.\nAmong all the Fisalia family properties across Rinacista, this imposing cliffside castle stands out as the most special. It is the home of the current head of the Fisalia family.
lang_multi_text.db	Term850095_Title	3.4	Hội thoại/Cốt truyện	Hệ thống/Thuật ngữ			Porto-Veno Castle
lang_multi_text.db	Term850096_Desc	3.4	Hội thoại/Cốt truyện	Hệ thống/Thuật ngữ			A nation of independent city-states scattered across a vast archipelago, with no central administrative center. It is also known as the "Land of Echoes," which boasts unique natural and cultural landscapes.\nLegends speak of how Rinascita's founders fled their homelands and sailed to these islands to escape the Lament.
lang_multi_text.db	Term850096_Title	3.4	Hội thoại/Cốt truyện	Hệ thống/Thuật ngữ			Rinascita
lang_multi_text.db	Term850097_Desc	3.4	Hội thoại/Cốt truyện	Hệ thống/Thuật ngữ			One of the city-states in Rinascita, Ragunna is a thriving port city on the edge of the sea, its districts linked by winding waterways.\nThe Ragunnesi are devout followers of the Sentinel, who believe Common Echoes to be gifts from the Sentinel that carry Their divine will.
lang_multi_text.db	Term850097_Title	3.4	Hội thoại/Cốt truyện	Hệ thống/Thuật ngữ			Ragunna
lang_multi_text.db	Term850098_Desc	3.4	Hội thoại/Cốt truyện	Hệ thống/Thuật ngữ			A two-tiered holy edifice in Ragunna City, devoted to the worship of the Sentinel's statue.
lang_multi_text.db	Term850098_Title	3.4	Hội thoại/Cốt truyện	Hệ thống/Thuật ngữ			Cathedral of Mercury
lang_multi_text.db	Term850099_Desc	3.4	Hội thoại/Cốt truyện	Hệ thống/Thuật ngữ			The de facto ruling authority of Ragunna that manages all city matters, from municipal policies and currency to civil disputes.\nThe head of the Order, known as the Primus, is currently Fenrico, who claims to be the Enlightened One—the Resonator of Rinascita's Sentinel Imperator.\nAccording to city tradition, the Order's clergy serve as the Sentinel's earthly emissaries, guiding the people with Their divine word.
lang_multi_text.db	Term850099_Title	3.4	Hội thoại/Cốt truyện	Hệ thống/Thuật ngữ			Order of the Deep
lang_multi_text.db	Term850100_Desc	3.4	Hội thoại/Cốt truyện	Hệ thống/Thuật ngữ			Religious people devoted themselves to the Order of the Deep.
lang_multi_text.db	Term850100_Title	3.4	Hội thoại/Cốt truyện	Hệ thống/Thuật ngữ			Acolyte
lang_multi_text.db	Term850101_Desc	3.4	Hội thoại/Cốt truyện	Hệ thống/Thuật ngữ			One of the most powerful families in Ragunna, renowned for their pioneering spirit.\nThe Montelli family played an instrumental role in charting trade routes that not only connect Ragunna, but also greater Rinascita to the wider world. As the city opened its doors, the Montellis rose to prominence, amassing great wealth and unmatched influence.
lang_multi_text.db	Term850101_Title	3.4	Hội thoại/Cốt truyện	Hệ thống/Thuật ngữ			Montelli
lang_multi_text.db	Term850102_Desc	3.4	Hội thoại/Cốt truyện	Hệ thống/Thuật ngữ			The Carnevale is the grandest celebration of Ragunna, a time with never-ending masquerades, wine flowing like rivers, and music pulsing through the night.\nDuring this time, people cast aside the weight of the world and surrender to the wild, unrestrained joy of the festival.
lang_multi_text.db	Term850102_Title	3.4	Hội thoại/Cốt truyện	Hệ thống/Thuật ngữ			Carnevale
lang_multi_text.db	Term850103_Desc	3.4	Hội thoại/Cốt truyện	Hệ thống/Thuật ngữ			At the peak of the Carnevale, the Sentinel is said to manifest and crown the finest performer with the "Laurel."\nThis honor grants the bearer the privilege to commune with the Sentinel and hear Their wisdom.
lang_multi_text.db	Term850103_Title	3.4	Hội thoại/Cốt truyện	Hệ thống/Thuật ngữ			Laurel
lang_multi_text.db	Term850104_Desc	3.4	Hội thoại/Cốt truyện	Hệ thống/Thuật ngữ			The universal currency issued by Huanglong, officially recognized across many regions.\nIn the ancient past, the ancestors of Huanglong utilized seashells as currency. Though the manufacturing techniques have evolved over time, the shell-like appearance of this currency has endured.
lang_multi_text.db	Term850104_Title	3.4	Hội thoại/Cốt truyện	Hệ thống/Thuật ngữ			Shell Credit
lang_multi_text.db	Term850105_Desc	3.4	Hội thoại/Cốt truyện	Hệ thống/Thuật ngữ			The Sentinel of Rinascita. Though worshipped as the Divinity by the Order of the Deep, Imperator rarely reveals Their presence to the public.
lang_multi_text.db	Term850105_Title	3.4	Hội thoại/Cốt truyện	Hệ thống/Thuật ngữ			Imperator
lang_multi_text.db	Term850106_Desc	3.4	Hội thoại/Cốt truyện	Hệ thống/Thuật ngữ			A colossal, whale-like Tacet Discord. Depite its gentle nature, its gargantuan size can inadvertently cause significant destruction.
lang_multi_text.db	Term850106_Title	3.4	Hội thoại/Cốt truyện	Hệ thống/Thuật ngữ			Cetus the Tidebreaker
lang_multi_text.db	Term850107_Desc	3.4	Hội thoại/Cốt truyện	Hệ thống/Thuật ngữ			A Montelli bank situated at the heart of the Ragunna City.
lang_multi_text.db	Term850107_Title	3.4	Hội thoại/Cốt truyện	Hệ thống/Thuật ngữ			Averardo Bank
lang_multi_text.db	Term850108_Desc	3.4	Hội thoại/Cốt truyện	Hệ thống/Thuật ngữ			A troupe formed by exiles drifted to the Penitent's End on the Pilgrim's Sails for their supposed "transgressions."\nTo reveal the truth hidden by the Order, they wrote numerous plays and "danced in chains," performing tirelessly across the archipelago.
lang_multi_text.db	Term850108_Title	3.4	Hội thoại/Cốt truyện	Hệ thống/Thuật ngữ			Troupe of Fools
lang_multi_text.db	Term850109_Desc	3.4	Hội thoại/Cốt truyện	Hệ thống/Thuật ngữ			Solaris' foremost authority on observing the Lament cycle.\nThrough constant observation and analysis of Lament's shifting patterns, this organization predicts and warns of impending manifestations before they occur.
lang_multi_text.db	Term850109_Title	3.4	Hội thoại/Cốt truyện	Hệ thống/Thuật ngữ			The Black Shores
lang_multi_text.db	Term850110_Desc	3.4	Hội thoại/Cốt truyện	Hệ thống/Thuật ngữ			Also known as the Civilization Simulation Sand Table, the Tethys System is a supercomputer unique to the Black Shores. By inputting Lament frequency data—collected both manually and via beacon access—into the system, the Black Shores can issue Lament warnings for locations worldwide within a 24 to 48-hour time range. This capability is the cornerstone of the Black Shores' extensive collaborations with countries across the globe.
lang_multi_text.db	Term850110_Title	3.4	Hội thoại/Cốt truyện	Hệ thống/Thuật ngữ			Tethys
lang_multi_text.db	Term850111_Desc	3.4	Hội thoại/Cốt truyện	Hệ thống/Thuật ngữ			Modulation is the process of adjusting frequencies. In Solaris-3, frequencies serve as a crucial tool for uncovering the truth about reality. By altering these frequencies, one can delve into the very core of existence.\nAt the Black Shores, modulating Stellar Matrices is crucial for tracing and analyzing the Lament. Over the course of the Black Shores' history, only one individual has ever been honored with the title of "The Modulator"—Rover.
lang_multi_text.db	Term850111_Title	3.4	Hội thoại/Cốt truyện	Hệ thống/Thuật ngữ			Modulator
lang_multi_text.db	Term850112_Desc	3.4	Hội thoại/Cốt truyện	Hệ thống/Thuật ngữ			Patrollers in Jinzhou.
lang_multi_text.db	Term850112_Title	3.4	Hội thoại/Cốt truyện	Hệ thống/Thuật ngữ			Jinzhou Patroller
lang_multi_text.db	Term850113_Desc	3.4	Hội thoại/Cốt truyện	Hệ thống/Thuật ngữ			A globally popular competitive sport that puts both the strength and endurance of its participants to the test.
lang_multi_text.db	Term850113_Title	3.4	Hội thoại/Cốt truyện	Hệ thống/Thuật ngữ			Overdash
lang_multi_text.db	Term850114_Desc	3.4	Hội thoại/Cốt truyện	Hệ thống/Thuật ngữ			A unique martial art practiced by Yuanwu, known for its heavy and fierce strikes. However, only those who temper their strength with precise control can wield it without breaking themselves.
lang_multi_text.db	Term850114_Title	3.4	Hội thoại/Cốt truyện	Hệ thống/Thuật ngữ			Leihuangquan
lang_multi_text.db	Term850115_Desc	3.4	Hội thoại/Cốt truyện	Hệ thống/Thuật ngữ			Danjin's favorite dessert. It is considered a symbol of good luck and blessings because of its association with loong.
lang_multi_text.db	Term850115_Title	3.4	Hội thoại/Cốt truyện	Hệ thống/Thuật ngữ			Loong Whiskers Crisp
lang_multi_text.db	Term850116_Desc	3.4	Hội thoại/Cốt truyện	Hệ thống/Thuật ngữ			One of the Sentinels of Huanglong, taking the shape of a Loong. The guiding force behind Jinzhou's civilization.\nA majestic "deity" with unquestionable power, omniscient of Jinzhou's past, present, and future. Jué, the wielder of time's flow, sees eons as mere moments. In an instant, Jué can change the universe forever.\n"Seasons shift by decree, and all beings abide by their laws. Such is the nature of the universe."
lang_multi_text.db	Term850116_Title	3.4	Hội thoại/Cốt truyện	Hệ thống/Thuật ngữ			Sentinel Jué
lang_multi_text.db	Term850117_Desc	3.4	Hội thoại/Cốt truyện	Hệ thống/Thuật ngữ			A grand construction located in the central axis of Jinzhou. Not only it reserves the functions of important reception and discussion of major issues, but also sets itself as the symbol of hope for the people of Huanglong.
lang_multi_text.db	Term850117_Title	3.4	Hội thoại/Cốt truyện	Hệ thống/Thuật ngữ			Grand Library
lang_multi_text.db	Term850118_Desc	3.4	Hội thoại/Cốt truyện	Hệ thống/Thuật ngữ			The head governor of Jinzhou.\nIn Huanglong, when a Magistrate takes office, they adopt the region's name as their own. For example, Jinhsi was originally named Hsi but changed her name to Jinhsi after becoming the Magistrate of Jinzhou.
lang_multi_text.db	Term850118_Title	3.4	Hội thoại/Cốt truyện	Hệ thống/Thuật ngữ			Magistrate of Jinzhou
lang_multi_text.db	Term850119_Desc	3.4	Hội thoại/Cốt truyện	Hệ thống/Thuật ngữ			Cantarella's Resonance ability of poison manipulation. It induces vivid hallucinations in its targets, whether manifestations of their deepest desires or carefully crafted illusions.\nLike all Fisalia family's abilities, it comes at a price. Prolonged use risks trapping the wielder in their own dreams, blurring the line between reality and fantasy permanently.
lang_multi_text.db	Term850119_Title	3.4	Hội thoại/Cốt truyện	Hệ thống/Thuật ngữ			Illusory Dream
lang_multi_text.db	Term850120_Desc	3.4	Hội thoại/Cốt truyện	Hệ thống/Thuật ngữ			A potion Cantarella developed in her girlhood through relentless experimentation.\nWhile mildly toxic itself, the brew counteracts most poison reactions and induces deep relaxation. It even offers partial protection against Threnodian whispers.\nHowever, those untrained in toxin tolerance may experience hallucinations.
lang_multi_text.db	Term850120_Title	3.4	Hội thoại/Cốt truyện	Hệ thống/Thuật ngữ			Velvet Dream
lang_multi_text.db	Term850121_Desc	3.4	Hội thoại/Cốt truyện	Hệ thống/Thuật ngữ			The reality, as opposed to "this side of the dream."
lang_multi_text.db	Term850121_Title	3.4	Hội thoại/Cốt truyện	Hệ thống/Thuật ngữ			The Other Side of the Dream
lang_multi_text.db	Term850122_Desc	3.4	Hội thoại/Cốt truyện	Hệ thống/Thuật ngữ			A strange being that resides within the Magic Box carried by Roccia. It appears to be born from the inspirations imbued in the collected objects inside the box.
lang_multi_text.db	Term850122_Title	3.4	Hội thoại/Cốt truyện	Hệ thống/Thuật ngữ			Pero
lang_multi_text.db	Term850123_Desc	3.4	Hội thoại/Cốt truyện	Hệ thống/Thuật ngữ			A massive suitcase that never leaves Roccia's side, housing various stage props, play scripts, and Pero.
lang_multi_text.db	Term850123_Title	3.4	Hội thoại/Cốt truyện	Hệ thống/Thuật ngữ			Magic Box
lang_multi_text.db	Term850124_Desc	3.4	Hội thoại/Cốt truyện	Hệ thống/Thuật ngữ			A dedicated protector of the Magistrate, also serving as their personal secretary.
lang_multi_text.db	Term850124_Title	3.4	Hội thoại/Cốt truyện	Hệ thống/Thuật ngữ			Magistrate's Bodyguard
lang_multi_text.db	Term850125_Desc	3.4	Hội thoại/Cốt truyện	Hệ thống/Thuật ngữ			Once a renowned Poets Society of Ragunna, its three members—Faroll, Selena, and Rimbaud—wrote many poems praising the Sentinel and the Order.\nHowever, they were banished by the Order for blaspheme against the Divinity. Sent aboard a Pilgrim's Sail, they vanished without a trace, and their names were forbidden in Ragunna.
lang_multi_text.db	Term850125_Title	3.4	Hội thoại/Cốt truyện	Hệ thống/Thuật ngữ			Golden Anthem
lang_multi_text.db	Term850126_Desc	3.4	Hội thoại/Cốt truyện	Hệ thống/Thuật ngữ			Rebuilt by Changli during her time serving in Huanglong's capital, this charity organization is directly managed by the Central Court. It provides shelter to refugees and orphans displaced by plagues, famines, and TD Outbreaks.
lang_multi_text.db	Term850126_Title	3.4	Hội thoại/Cốt truyện	Hệ thống/Thuật ngữ			Shelter Home
lang_multi_text.db	Term850127_Desc	3.4	Hội thoại/Cốt truyện	Hệ thống/Thuật ngữ			Changli's mentor, a revered hermit in Huanglong known for his knowledge of statecraft and diplomacy. He traveled widely to share his wisdom and knowledge.
lang_multi_text.db	Term850127_Title	3.4	Hội thoại/Cốt truyện	Hệ thống/Thuật ngữ			Master Xuanmiao
lang_multi_text.db	Term850128_Desc	3.4	Hội thoại/Cốt truyện	Hệ thống/Thuật ngữ			The advisor of Jinzhou's Magistrate. The current Counselor taught Jinhsi the way of governing before she became the Magistrate.
lang_multi_text.db	Term850128_Title	3.4	Hội thoại/Cốt truyện	Hệ thống/Thuật ngữ			Jinzhou Counselor
lang_multi_text.db	Term850129_Desc	3.4	Hội thoại/Cốt truyện	Hệ thống/Thuật ngữ			The origin of the games stems from the unwavering faith and determination of the people of Jinzhou to overcome the Lament. What started as a small-scale event to celebrate the victory against the Tacet Discords has now evolved into a military-civilian athletic gathering, aimed at promoting physical fitness and fostering camaraderie between soldiers and citizens to overcome any future challenges together.
lang_multi_text.db	Term850129_Title	3.4	Hội thoại/Cốt truyện	Hệ thống/Thuật ngữ			Riverside Games
lang_multi_text.db	Term850130_Desc	3.4	Hội thoại/Cốt truyện	Hệ thống/Thuật ngữ			A traveling performance group specializing in the traditional Liondance. They take commissions from both the Jinzhou Theater and private clients to support themselves and cover their travel expenses.
lang_multi_text.db	Term850130_Title	3.4	Hội thoại/Cốt truyện	Hệ thống/Thuật ngữ			Liondance Troupe
lang_multi_text.db	Term850131_Desc	3.4	Hội thoại/Cốt truyện	Hệ thống/Thuật ngữ			Liondance is combination of martial arts and choreography that has now become a signature folk art in Jinzhou. It originated from traditional boxing and martial arts in Huanglong, emphasizing swift footwork and powerful postures.
lang_multi_text.db	Term850131_Title	3.4	Hội thoại/Cốt truyện	Hệ thống/Thuật ngữ			Liondance
lang_multi_text.db	Term850132_Desc	3.4	Hội thoại/Cốt truyện	Hệ thống/Thuật ngữ			This traditional performance takes many forms, from solo shows featuring only the Agile Head to a duo combining both the Agile Head and the Steady Tail.\nAgile Head is a jargon for Lion Head.
lang_multi_text.db	Term850132_Title	3.4	Hội thoại/Cốt truyện	Hệ thống/Thuật ngữ			Lion Head
lang_multi_text.db	Term850133_Desc	3.4	Hội thoại/Cốt truyện	Hệ thống/Thuật ngữ			This star-like flower represents love and courage. One day, these earthly stars will blanket every field.
lang_multi_text.db	Term850133_Title	3.4	Hội thoại/Cốt truyện	Hệ thống/Thuật ngữ			Starflower
lang_multi_text.db	Term850134_Desc	3.4	Hội thoại/Cốt truyện	Hệ thống/Thuật ngữ			A martial art embodying Taoist wisdom, where practitioners harmonize with nature's rhythms to develop balanced strength of body and mind.
lang_multi_text.db	Term850134_Title	3.4	Hội thoại/Cốt truyện	Hệ thống/Thuật ngữ			Fengyiquan
lang_multi_text.db	Term850135_Desc	3.4	Hội thoại/Cốt truyện	Hệ thống/Thuật ngữ			The Averardo Bank run by the Montellis in the Ragunna City.
lang_multi_text.db	Term850135_Title	3.4	Hội thoại/Cốt truyện	Hệ thống/Thuật ngữ			Bank
lang_multi_text.db	Term850136_Desc	3.4	Hội thoại/Cốt truyện	Hệ thống/Thuật ngữ			A popular name referring both to the abandoned underground waterway in Ragunna and the street gang that once operated there. Though the criminal organization was crushed by a mysterious vigilante years ago, rumors suggest they are creeping back from oblivion.
lang_multi_text.db	Term850136_Title	3.4	Hội thoại/Cốt truyện	Hệ thống/Thuật ngữ			Black Alley
lang_multi_text.db	Term850137_Desc	3.4	Hội thoại/Cốt truyện	Hệ thống/Thuật ngữ			A catastrophe happened twenty years ago that not only destroyed the Avinoleum Theological Seminary but also wreaked havoc across Ragunna.\nFor the people of Ragunna, it was the sacrifice of Fleurdelys, the Blessed Maiden, who single-handedly halted the Second Dark Tide.
lang_multi_text.db	Term850137_Title	3.4	Hội thoại/Cốt truyện	Hệ thống/Thuật ngữ			The Second Dark Tide
lang_multi_text.db	Term850138_Desc	3.4	Hội thoại/Cốt truyện	Hệ thống/Thuật ngữ			A decade ago, the Carnevale was attacked by a giant sea creature and plagued by TD outbreaks. Primus Fenrico intervened to end the chaos, but the event left new wounds for Ragunna City, which was still recovering from the Second Dark Tide.
lang_multi_text.db	Term850138_Title	3.4	Hội thoại/Cốt truyện	Hệ thống/Thuật ngữ			Carnevale Event A Decade Ago
lang_multi_text.db	Term850139_Desc	3.4	Hội thoại/Cốt truyện	Hệ thống/Thuật ngữ			The Midnight Rangers have three divisions: Outriders (reconnaissance), Vanguard (offensive operations), and Rearguard (defensive operations), all under the command of General Jiyan.
lang_multi_text.db	Term850139_Title	3.4	Hội thoại/Cốt truyện	Hệ thống/Thuật ngữ			Outrider
lang_multi_text.db	Term850140_Desc	3.4	Hội thoại/Cốt truyện	Hệ thống/Thuật ngữ			A Remnant Creature reminiscent of a white udumbara. It can communicate with Baizhi through telepathy.
lang_multi_text.db	Term850140_Title	3.4	Hội thoại/Cốt truyện	Hệ thống/Thuật ngữ			You'tan
lang_multi_text.db	Term850141_Desc	3.4	Hội thoại/Cốt truyện	Hệ thống/Thuật ngữ			A type of special Stellar Matrix used to contain the errors and discarded data of Tethys System.
lang_multi_text.db	Term850141_Title	3.4	Hội thoại/Cốt truyện	Hệ thống/Thuật ngữ			Necrostar
lang_multi_text.db	Term850142_Desc	3.4	Hội thoại/Cốt truyện	Hệ thống/Thuật ngữ			A special expanse that collects all the dreams in Solaris since it came into being. It is managed by two Gatekeepers.
lang_multi_text.db	Term850142_Title	3.4	Hội thoại/Cốt truyện	Hệ thống/Thuật ngữ			Somnoire
lang_multi_text.db	Term850143_Desc	3.4	Hội thoại/Cốt truyện	Hệ thống/Thuật ngữ			A special dimension dedicated to the mysterious film festival in the depths of Somnoire. Though isolated from the rest of Somnoire, it boasts the best equipment and environment for movie screenings.
lang_multi_text.db	Term850143_Title	3.4	Hội thoại/Cốt truyện	Hệ thống/Thuật ngữ			Cinema Solaris
lang_multi_text.db	Term850144_Desc	3.4	Hội thoại/Cốt truyện	Hệ thống/Thuật ngữ			An activity held in the depths of Somnoire. You've been invited to be a judge, but the identity of the host remains a complete mystery.
lang_multi_text.db	Term850144_Title	3.4	Hội thoại/Cốt truyện	Hệ thống/Thuật ngữ			Solaris Film Festival
lang_multi_text.db	Term850145_Desc	3.4	Hội thoại/Cốt truyện	Hệ thống/Thuật ngữ			The Tacet Discords emerge from the frequencies of nightmares and negative emotions. They can often be found in Somnoire.
lang_multi_text.db	Term850145_Title	3.4	Hội thoại/Cốt truyện	Hệ thống/Thuật ngữ			Nightmare Tacet Discord
lang_multi_text.db	Term850146_Desc	3.4	Hội thoại/Cốt truyện	Hệ thống/Thuật ngữ			One of the administrators of Somnoire, tasked with deleting "useless data" within the realm, or so he says. However, he has his own opinions on what qualifies as "useless."
lang_multi_text.db	Term850146_Title	3.4	Hội thoại/Cốt truyện	Hệ thống/Thuật ngữ			Ebony Gatekeeper
lang_multi_text.db	Term850147_Desc	3.4	Hội thoại/Cốt truyện	Hệ thống/Thuật ngữ			One of the administrators of Somnoire, tasked with keeping the realm running smoothly, or so he says.
lang_multi_text.db	Term850147_Title	3.4	Hội thoại/Cốt truyện	Hệ thống/Thuật ngữ			Ivory Doorkeeper
lang_multi_text.db	Term850148_Desc	3.4	Hội thoại/Cốt truyện	Hệ thống/Thuật ngữ			A hidden, inaccessible space deep within Somnoire, where countless collected dreams lie buried.
lang_multi_text.db	Term850148_Title	3.4	Hội thoại/Cốt truyện	Hệ thống/Thuật ngữ			Deep Water Zone
lang_multi_text.db	Term850149_Desc	3.4	Hội thoại/Cốt truyện	Hệ thống/Thuật ngữ			The largest and most influential Gladiator event in Septimont, as well as a key economic pillar of the city.
lang_multi_text.db	Term850149_Title	3.4	Hội thoại/Cốt truyện	Hệ thống/Thuật ngữ			Great Agon
lang_multi_text.db	Term850150_Desc	3.4	Hội thoại/Cốt truyện	Hệ thống/Thuật ngữ			A majestic name for the city of Septimont, perched atop Capitoline Hill. Its people are renowned as master sculptors, skilled hunters, and awe-inspiring gladiators who celebrate heroism.
lang_multi_text.db	Term850150_Title	3.4	Hội thoại/Cốt truyện	Hệ thống/Thuật ngữ			Gryphon's Fortress
lang_multi_text.db	Term850151_Desc	3.4	Hội thoại/Cốt truyện	Hệ thống/Thuật ngữ			An energy drink endorsed by Lupa.
lang_multi_text.db	Term850151_Title	3.4	Hội thoại/Cốt truyện	Hệ thống/Thuật ngữ			Heartpour
lang_multi_text.db	Term850152_Desc	3.4	Hội thoại/Cốt truyện	Hệ thống/Thuật ngữ			Leaders of Septimont's temple who can foretell fate. They listen to the strings of destiny at a personal cost and offer guidance to those who seek answers.
lang_multi_text.db	Term850152_Title	3.4	Hội thoại/Cốt truyện	Hệ thống/Thuật ngữ			Priestess
lang_multi_text.db	Term850153_Desc	3.4	Hội thoại/Cốt truyện	Hệ thống/Thuật ngữ			A play script given by Phrolova. Every actor has their assigned role, and all stories unfold exactly as written, unless...
lang_multi_text.db	Term850153_Title	3.4	Hội thoại/Cốt truyện	Hệ thống/Thuật ngữ			Play
lang_multi_text.db	Term850154_Desc	3.4	Hội thoại/Cốt truyện	Hệ thống/Thuật ngữ			One of the six major cities in Huanglong, renowned for its abundant waterways, thriving greenery, and enchanting landscapes. Under the guidance of the local Sentinel, the Mengzhou people have developed unique Automata Mechanics.
lang_multi_text.db	Term850154_Title	3.4	Hội thoại/Cốt truyện	Hệ thống/Thuật ngữ			Mengzhou
lang_multi_text.db	Term850155_Desc	3.4	Hội thoại/Cốt truyện	Hệ thống/Thuật ngữ			The current Ephor reformed the Great Agon into a two-on-two competition. Now, gladiators must find a trusted partner to win the championship together.
lang_multi_text.db	Term850155_Title	3.4	Hội thoại/Cốt truyện	Hệ thống/Thuật ngữ			Team
lang_multi_text.db	Term850156_Desc	3.4	Hội thoại/Cốt truyện	Hệ thống/Thuật ngữ			A popular tavern situated in the commoner neighborhood, famous for its signature drink "Solis." Gladiators often spar there, with the loser footing the bill.
lang_multi_text.db	Term850156_Title	3.4	Hội thoại/Cốt truyện	Hệ thống/Thuật ngữ			Solis
lang_multi_text.db	Term850157_Desc	3.4	Hội thoại/Cốt truyện	Hệ thống/Thuật ngữ			The ruler of Septimont. Ephors wield absolute power, as only the strong are deemed worthy to lead.
lang_multi_text.db	Term850157_Title	3.4	Hội thoại/Cốt truyện	Hệ thống/Thuật ngữ			Ephor
lang_multi_text.db	Term850158_Desc	3.4	Hội thoại/Cốt truyện	Hệ thống/Thuật ngữ			In the tales of Huanglong, mirrors are said to reveal hidden truths. And this one appears to show things unseen...
lang_multi_text.db	Term850158_Title	3.4	Hội thoại/Cốt truyện	Hệ thống/Thuật ngữ			Copper Mirror
lang_multi_text.db	Term850159_Desc	3.4	Hội thoại/Cốt truyện	Hệ thống/Thuật ngữ			One of the signs that heralds the coming of a Dark Tide. It's when countless Tacet Discords swarm beneath the Blightcloud, descending upon Septimont in waves of destruction.
lang_multi_text.db	Term850159_Title	3.4	Hội thoại/Cốt truyện	Hệ thống/Thuật ngữ			High Tide
lang_multi_text.db	Term850160_Desc	3.4	Hội thoại/Cốt truyện	Hệ thống/Thuật ngữ			The final resting place of Septimont's heroes and legendary gladiators. Stone monuments, shaped after each fallen hero's signature weapon, stand tall in tribute to ensure their names and deeds endure through the ages.
lang_multi_text.db	Term850160_Title	3.4	Hội thoại/Cốt truyện	Hệ thống/Thuật ngữ			Vale of Glory
lang_multi_text.db	Term850161_Desc	3.4	Hội thoại/Cốt truyện	Hệ thống/Thuật ngữ			Scars of the Dark Tide's touch. It may appear as discoloration, calcification, or even coral-like growths, depending on what has been corrupted.
lang_multi_text.db	Term850161_Title	3.4	Hội thoại/Cốt truyện	Hệ thống/Thuật ngữ			Tidal Blight
lang_multi_text.db	Term850162_Desc	3.4	Hội thoại/Cốt truyện	Hệ thống/Thuật ngữ			A premier forge of high-end weaponry and gear, partnered with numerous noble houses. Its premium pricing, bespoke designs, and elite craftsmanship make it the top choice for aristocrats outfitting their champions.
lang_multi_text.db	Term850162_Title	3.4	Hội thoại/Cốt truyện	Hệ thống/Thuật ngữ			Marvis Industry
lang_multi_text.db	Term850163_Desc	3.4	Hội thoại/Cốt truyện	Hệ thống/Thuật ngữ			A chain of mountains marking Septimont's edge, severely corrupted by the Dark Tide. Only the most daring Gladiators venture here seeking to train in its harsh conditions.
lang_multi_text.db	Term850163_Title	3.4	Hội thoại/Cốt truyện	Hệ thống/Thuật ngữ			Border Mountains
lang_multi_text.db	Term850164_Desc	3.4	Hội thoại/Cốt truyện	Hệ thống/Thuật ngữ			Participants in Gladiator matches. They are renowned for their strength and battle prowess and driven by an unyielding thirst for victory and glory.
lang_multi_text.db	Term850164_Title	3.4	Hội thoại/Cốt truyện	Hệ thống/Thuật ngữ			Gladiator
lang_multi_text.db	Term850165_Desc	3.4	Hội thoại/Cốt truyện	Hệ thống/Thuật ngữ			Septimont's signature sport, where Echoes battle beside Gladiators. Victory in the arena hinges on their cooperation.
lang_multi_text.db	Term850165_Title	3.4	Hội thoại/Cốt truyện	Hệ thống/Thuật ngữ			Echo Gladiating
lang_multi_text.db	Term850166_Desc	3.4	Hội thoại/Cốt truyện	Hệ thống/Thuật ngữ			An Echo formed from the Reverberation of a fallen hero, fused into his armor. It longs to relive the thrill of glorious battle.
lang_multi_text.db	Term850166_Title	3.4	Hội thoại/Cốt truyện	Hệ thống/Thuật ngữ			Hero's Legacy Armor
lang_multi_text.db	Term850167_Desc	3.4	Hội thoại/Cốt truyện	Hệ thống/Thuật ngữ			Septimont's central city—home to Gryphon's Fortress and the stage of the Great Agon.
lang_multi_text.db	Term850167_Title	3.4	Hội thoại/Cốt truyện	Hệ thống/Thuật ngữ			Capitoline Hill
lang_multi_text.db	Term850168_Desc	3.4	Hội thoại/Cốt truyện	Hệ thống/Thuật ngữ			The Lioness of Glory, Arsinosa. Born of battle cries and laughter, fused into the stone form of a mighty half-human, half-lion Echo. Since her genesis, she has stood watch over the City of Septimont.
lang_multi_text.db	Term850168_Title	3.4	Hội thoại/Cốt truyện	Hệ thống/Thuật ngữ			Guardian Echo
lang_multi_text.db	Term850169_Desc	3.4	Hội thoại/Cốt truyện	Hệ thống/Thuật ngữ			The House Lupa fights for. One of Septimont's founding bloodlines, House Silva's roots once ran deep in the city's spire of influence. But with the rise of the new Ephor, such past glories have begun to wane.
lang_multi_text.db	Term850169_Title	3.4	Hội thoại/Cốt truyện	Hệ thống/Thuật ngữ			House Silva
lang_multi_text.db	Term850170_Desc	3.4	Hội thoại/Cốt truyện	Hệ thống/Thuật ngữ			The governing body of Septimont, tasked with advising the Ephor and wielding authority in key administrative matters. It also exercises power over the appointment and dismissal of public officials.
lang_multi_text.db	Term850170_Title	3.4	Hội thoại/Cốt truyện	Hệ thống/Thuật ngữ			Senate
lang_multi_text.db	Term850171_Desc	3.4	Hội thoại/Cốt truyện	Hệ thống/Thuật ngữ			An omen of the coming Dark Tide, one that has lingered over Septimont for years. The region it shrouds is known to Septimontians as the "hunting grounds."
lang_multi_text.db	Term850171_Title	3.4	Hội thoại/Cốt truyện	Hệ thống/Thuật ngữ			Blightcloud
lang_multi_text.db	Term850172_Desc	3.4	Hội thoại/Cốt truyện	Hệ thống/Thuật ngữ			The port that connects Septimont to the outside world. Vessels laden with goods and fresh catch arrive by the hour, while visiting Gladiators and travelers make landfall here upon reaching Septimont.
lang_multi_text.db	Term850172_Title	3.4	Hội thoại/Cốt truyện	Hệ thống/Thuật ngữ			Cliffside Harbor
lang_multi_text.db	Term850173_Desc	3.4	Hội thoại/Cốt truyện	Hệ thống/Thuật ngữ			When Zani is under the following states, hold <color=Highlight>Resonance Skill</color> to enter <color=Highlight>Ready Stance</color>.\n- While not in the <color=Highlight>Inferno Mode</color> and Redundant Energy is full.\n- While in the <color=Highlight>Inferno Mode</color>.
lang_multi_text.db	Term850173_Title	3.4	Hội thoại/Cốt truyện	Hệ thống/Thuật ngữ			Ready Stance
lang_multi_text.db	Term850174_Desc	3.4	Hội thoại/Cốt truyện	Hệ thống/Thuật ngữ			<size=40><color=Title>Wolflame</color></size>\nLupa can hold up to 100 points of Wolflame.\n- Restore Wolflame when Normal Attacks hit the target.\n- Restore Wolflame while casting Resonance Skill.\n- Restore Wolflame while casting Resonance Liberation.
lang_multi_text.db	Term850174_Title	3.4	Hội thoại/Cốt truyện	Hệ thống/Thuật ngữ			Wolflame
lang_multi_text.db	Term850175_Desc	3.4	Hội thoại/Cốt truyện	Hệ thống/Thuật ngữ			<size=40><color=Title>Wolfaith</color></size>\nLupa can hold up to 2 points of Wolfaith.\nWolfaith lasts for 10s. The duration is reset when Wolfaith is restored. At the end of its duration, each remaining point of Wolfaith yields 50 points of Wolflame.\nGain1 point of Wolfaith when casting <color=Highlight>Heavy Attack - Wolf's Gnawing</color>, <color=Highlight>Heavy Attack - Wolf's Claw</color>, or <color=Highlight>Mid-air Attack - Firestrike</color>.
lang_multi_text.db	Term850175_Title	3.4	Hội thoại/Cốt truyện	Hệ thống/Thuật ngữ			Wolfaith
lang_multi_text.db	Term850176_Desc	3.4	Hội thoại/Cốt truyện	Hệ thống/Thuật ngữ			<size=40><color=Title>Pack Hunt</color></size>\nResonators with <color=Highlight>Pack Hunt</color> gain a 6% ATK increase, and 10% Fusion DMG Bonus when they attack Overlord Class or Calamity Class targets (Both are non-stackable). If there are 3 Fusion Resonators in the team, the Fusion DMG Bonus against Overlord Class or Calamity Class targets additionally increases by 10%. When the active Resonator casts <color=Highlight>Intro Skill</color>, <color=Highlight>Pack Hunt</color> is enhanced, granting an additional 6% ATK increase to all Resonators in the team, up to a maximum of 18%.\nIf Lupa's <color=Highlight>Pack Hunt</color> reaches its cap within its duration, she enters <color=Highlight>Wild Hunt</color> and Intro Skill - <color=Highlight>Nowhere to Run!</color> becomes available. <color=Highlight>Wild Hunt</color> can be triggered once during <color=Highlight>Pack Hunt</color>.
lang_multi_text.db	Term850176_Title	3.4	Hội thoại/Cốt truyện	Hệ thống/Thuật ngữ			Pack Hunt
lang_multi_text.db	Term850177_Desc	3.4	Hội thoại/Cốt truyện	Hệ thống/Thuật ngữ			Normal Attacks increase Wolflame Regen by 500% on hit. Cannot perform Resonance Skill <color=Highlight>Shewolf's Hunt</color> and Resonance Skill <color=Highlight>Feral Fang</color> in this state.
lang_multi_text.db	Term850177_Title	3.4	Hội thoại/Cốt truyện	Hệ thống/Thuật ngữ			Burning Matchpoint
lang_multi_text.db	Term850178_Desc	3.4	Hội thoại/Cốt truyện	Hệ thống/Thuật ngữ			<size=40><color=Title>Resonance Liberation - Glory</color></size>\nCasting Resonance Liberation <color=Highlight>Fire-Kissed Glory</color> grants <color=Highlight>Glory</color>. Within 35s:\nAttacks of all Resonators in the team ignore 3% Fusion RES. For each Fusion Resonator in the team other than Lupa, this effect increases by 3%, up to the maximum of 9%. When there are 3 Fusion Resonators in the team, Resonators' attacks further ignore 6% Fusion RES.
lang_multi_text.db	Term850178_Title	3.4	Hội thoại/Cốt truyện	Hệ thống/Thuật ngữ			Glory
lang_multi_text.db	Term850179_Desc	3.4	Hội thoại/Cốt truyện	Hệ thống/Thuật ngữ			When <color=Highlight>Conviction</color> reaches 120 points, {Cus:Ipt,Touch=tap PC=press Gamepad=press} Resonance Liberation to cast <color=Highlight>Resonance Liberation - Blade of Howling Squall</color>.
lang_multi_text.db	Term850179_Title	3.4	Hội thoại/Cốt truyện	Hệ thống/Thuật ngữ			Conviction
lang_multi_text.db	Term850180_Desc	3.4	Hội thoại/Cốt truyện	Hệ thống/Thuật ngữ			Includes Spectro Frazzle, Havoc Bane, Fusion Burst, Glacio Chafe, Electro Flare and Aero Erosion.
lang_multi_text.db	Term850180_Title	3.4	Hội thoại/Cốt truyện	Hệ thống/Thuật ngữ			Negative Status
lang_multi_text.db	Term850181_Desc	3.4	Hội thoại/Cốt truyện	Hệ thống/Thuật ngữ			When <color=Highlight>Fleurdelys</color> has <color=Highlight>Heart of Virtue</color> in <color=Highlight>Manifest</color>:\n- <color=Highlight>Basic Attack - Fleurdelys Stage 4</color> will generate a force field to Stagnate the targets within the range.\n- <color=Highlight>Fleurdelys's</color> resistance to interruption increases.\n- <color=Highlight>Heart of Virtue</color> is removed when <color=Highlight>Manifest</color> ends.
lang_multi_text.db	Term850181_Title	3.4	Hội thoại/Cốt truyện	Hệ thống/Thuật ngữ			Heart of Virtue
lang_multi_text.db	Term850182_Desc	3.4	Hội thoại/Cốt truyện	Hệ thống/Thuật ngữ			When <color=Highlight>Fleurdelys</color> has <color=Highlight>Mandate of Divinity</color> in <color=Highlight>Manifest</color>:\n<color=Wind>Aero Erosion</color> DMG is Amplified by 50% and its damage interval is decreased by 50% for enemies within a certain distance from <color=Highlight>Fleurdelys</color>.\n<color=Highlight>Mandate of Divinity</color> is removed when <color=Highlight>Manifest</color> ends.
lang_multi_text.db	Term850182_Title	3.4	Hội thoại/Cốt truyện	Hệ thống/Thuật ngữ			Mandate of Divinity
lang_multi_text.db	Term850183_Desc	3.4	Hội thoại/Cốt truyện	Hệ thống/Thuật ngữ			When <color=Highlight>Fleurdelys</color> has <color=Highlight>Power of Discord</color> in <color=Highlight>Manifest</color>, gain the following effect:\nWhen casting <color=Highlight>Basic Attack - Fleurdelys Stage 5</color>, <color=Highlight>Mid-air Attack - Fleurdelys Stage 2</color>, <color=Highlight>Enhanced Heavy Attack - Fleurdelys</color>, or after <color=Highlight>Resonance Skill - May Tempest Break the Tides</color> deals damage, raise the <color=Wind>Aero Erosion</color> stacks on all nearby targets to the highest count among the targets.\n<color=Highlight>Power of Discord</color> is removed when <color=Highlight>Manifest</color> ends.
lang_multi_text.db	Term850183_Title	3.4	Hội thoại/Cốt truyện	Hệ thống/Thuật ngữ			Power of Discord
lang_multi_text.db	Term850184_Desc	3.4	Hội thoại/Cốt truyện	Hệ thống/Thuật ngữ			Casting <color=Highlight>Mid-air Attack - Cartethyia</color> recalls all <color=Highlight>Sword Shadows</color> and, based on the number and types of the <color=Highlight>Sword Shadows</color> recalled, perform the specific forms of Plunging Attack and obtain the corresponding <color=Highlight>Heart of Virtue</color>, <color=Highlight>Mandate of Divinity</color>, and <color=Highlight>Power of Discord</color>
lang_multi_text.db	Term850184_Title	3.4	Hội thoại/Cốt truyện	Hệ thống/Thuật ngữ			Sword of Virtue's Shadow
lang_multi_text.db	Term850185_Desc	3.4	Hội thoại/Cốt truyện	Hệ thống/Thuật ngữ			Casting <color=Highlight>Mid-air Attack - Cartethyia</color> recalls all <color=Highlight>Sword Shadows</color> and, based on the number and types of the <color=Highlight>Sword Shadows</color> recalled, perform the specific forms of Plunging Attack and obtain the corresponding <color=Highlight>Heart of Virtue</color>, <color=Highlight>Mandate of Divinity</color>, and <color=Highlight>Power of Discord</color>.
lang_multi_text.db	Term850185_Title	3.4	Hội thoại/Cốt truyện	Hệ thống/Thuật ngữ			Sword of Discord's Shadow
lang_multi_text.db	Term850186_Desc	3.4	Hội thoại/Cốt truyện	Hệ thống/Thuật ngữ			Casting <color=Highlight>Mid-air Attack - Cartethyia</color> recalls all <color=Highlight>Sword Shadows</color> and, based on the number and types of the <color=Highlight>Sword Shadows</color> recalled, perform the specific forms of Plunging Attack and obtain the corresponding <color=Highlight>Heart of Virtue</color>, <color=Highlight>Mandate of Divinity</color>, and <color=Highlight>Power of Discord</color>.
lang_multi_text.db	Term850186_Title	3.4	Hội thoại/Cốt truyện	Hệ thống/Thuật ngữ			Sword of Divinity's Shadow
lang_multi_text.db	Term851000_Desc	3.4	Hội thoại/Cốt truyện	Hệ thống/Thuật ngữ			Echoes with this Dream Attribute center around Gradation as their core ability. Certain Echoes will trigger Gradation once and obtain buffs after staying on the field for a set number of days
lang_multi_text.db	Term851000_Title	3.4	Hội thoại/Cốt truyện	Hệ thống/Thuật ngữ			Dream of Gradation
lang_multi_text.db	Term851001_Desc	3.4	Hội thoại/Cốt truyện	Hệ thống/Thuật ngữ			Echoes with this Dream Attribute center around Devouring as their core ability. Certain Echoes grow stronger in the Dreamland by Devouring. When a powerful Echo absorbs another one, its Daily Coupon yield increases.
lang_multi_text.db	Term851001_Title	3.4	Hội thoại/Cốt truyện	Hệ thống/Thuật ngữ			Dream of Devouring
lang_multi_text.db	Term851002_Desc	3.4	Hội thoại/Cốt truyện	Hệ thống/Thuật ngữ			Echoes with this Dream Attribute center on Exchange as their core ability. In the Dream of Exchange Some Echoes can Exchange themselves to reshape the Dreamland. After staying in the Dream for a set number of days, they Remove themselves and leave behind various buff effects.
lang_multi_text.db	Term851002_Title	3.4	Hội thoại/Cốt truyện	Hệ thống/Thuật ngữ			Dream of Exchange
lang_multi_text.db	Term851003_Desc	3.4	Hội thoại/Cốt truyện	Hệ thống/Thuật ngữ			Echoes with this Dream Attribute can cause considerable alterations in the dream through Integration. When conditions are met, certain Echoes will merge with another Echo on the same row into a brand-new Echo and grant various buff effects.
lang_multi_text.db	Term851003_Title	3.4	Hội thoại/Cốt truyện	Hệ thống/Thuật ngữ			Dream of Integration
lang_multi_text.db	Term851004_Desc	3.4	Hội thoại/Cốt truyện	Hệ thống/Thuật ngữ			Echoes with this Dream Attribute have no unique abilities and are suited for synergizing with Echoes with other Dream Attributes. These Echoes will automatically be added to Echo Recruitment after being unlocked.
lang_multi_text.db	Term851004_Title	3.4	Hội thoại/Cốt truyện	Hệ thống/Thuật ngữ			Dream of Connection
lang_multi_text.db	Term851005_Desc	3.4	Hội thoại/Cốt truyện	Hệ thống/Thuật ngữ			Echoes with this Dream Attribute can grow stronger through Gradation. When certain Echoes meet their Gradation conditions, their Daily Coupon yield increases.
lang_multi_text.db	Term851005_Title	3.4	Hội thoại/Cốt truyện	Hệ thống/Thuật ngữ			Gradation
lang_multi_text.db	Term851006_Desc	3.4	Hội thoại/Cốt truyện	Hệ thống/Thuật ngữ			Echoes with this Dream Attribute center around Devouring as their core ability. Certain Echoes grow stronger in the Dreamland by Devouring. When a powerful Echo absorbs a weaker one, its Daily Coupon yield increases.
lang_multi_text.db	Term851006_Title	3.4	Hội thoại/Cốt truyện	Hệ thống/Thuật ngữ			Devour
lang_multi_text.db	Term851007_Desc	3.4	Hội thoại/Cốt truyện	Hệ thống/Thuật ngữ			Echoes with this Dream Attribute center on Exchange as their core ability. Some Echoes can Exchange themselves to reshape the Dreamland. After staying in the Dream for a set number of days, they Remove themselves and leave behind various buff effects.
lang_multi_text.db	Term851007_Title	3.4	Hội thoại/Cốt truyện	Hệ thống/Thuật ngữ			Exchange
lang_multi_text.db	Term851008_Desc	3.4	Hội thoại/Cốt truyện	Hệ thống/Thuật ngữ			Echoes with this Dream Attribute center on Integration as their core ability. Some Echoes can reshape the Dreamland through Integration. When conditions are met, adjacent Echoes merge into a brand-new Echo and grant various buff effects.
lang_multi_text.db	Term851008_Title	3.4	Hội thoại/Cốt truyện	Hệ thống/Thuật ngữ			Integration
lang_multi_text.db	Term851009_Desc	3.4	Hội thoại/Cốt truyện	Hệ thống/Thuật ngữ			Daily Coupon yield refers to the base quantity of Dreamland Coupons Echoes can collect per day.
lang_multi_text.db	Term851009_Title	3.4	Hội thoại/Cốt truyện	Hệ thống/Thuật ngữ			Daily Coupon
lang_multi_text.db	Term851010_Desc	3.4	Hội thoại/Cốt truyện	Hệ thống/Thuật ngữ			Coupons collected by Echoes to meet revenue targets and keep the Dreamland stable.
lang_multi_text.db	Term851010_Title	3.4	Hội thoại/Cốt truyện	Hệ thống/Thuật ngữ			Dreamland Coupon
lang_multi_text.db	Term851011_Desc	3.4	Hội thoại/Cốt truyện	Hệ thống/Thuật ngữ			Crystallized fragments of frozen frequencies. These Dream creations possess unique powers.
lang_multi_text.db	Term851011_Title	3.4	Hội thoại/Cốt truyện	Hệ thống/Thuật ngữ			Frequency Crystal
lang_multi_text.db	Term851012_Desc	3.4	Hội thoại/Cốt truyện	Hệ thống/Thuật ngữ			Choose your preferred Echoes and place them on the field.
lang_multi_text.db	Term851012_Title	3.4	Hội thoại/Cốt truyện	Hệ thống/Thuật ngữ			Echo Recruitment
lang_multi_text.db	Term851013_Desc	3.4	Hội thoại/Cốt truyện	Hệ thống/Thuật ngữ			After staying in the Dream for a set number of days, it Removes itself and leaves behind various buff effects.
lang_multi_text.db	Term851013_Title	3.4	Hội thoại/Cốt truyện	Hệ thống/Thuật ngữ			Item of Exchange
lang_multi_text.db	Term851014_Desc	3.4	Hội thoại/Cốt truyện	Hệ thống/Thuật ngữ			The Echo is placed in a fixed place on the field.
lang_multi_text.db	Term851014_Title	3.4	Hội thoại/Cốt truyện	Hệ thống/Thuật ngữ			Rooted
lang_multi_text.db	Term851015_Desc	3.4	Hội thoại/Cốt truyện	Hệ thống/Thuật ngữ			The Daily Coupon yield of Echoes on these Dream Blocks is increased by 2.
lang_multi_text.db	Term851015_Title	3.4	Hội thoại/Cốt truyện	Hệ thống/Thuật ngữ			Dream Block: Gravel
lang_multi_text.db	Term851016_Desc	3.4	Hội thoại/Cốt truyện	Hệ thống/Thuật ngữ			All Echoes on these Dream Blocks are considered to be in the same row.
lang_multi_text.db	Term851016_Title	3.4	Hội thoại/Cốt truyện	Hệ thống/Thuật ngữ			Dream Block: Ice Shards
lang_multi_text.db	Term851017_Desc	3.4	Hội thoại/Cốt truyện	Hệ thống/Thuật ngữ			The current Head Priestess of Septimont.
lang_multi_text.db	Term851017_Title	3.4	Hội thoại/Cốt truyện	Hệ thống/Thuật ngữ			Lillibet
lang_multi_text.db	Term851018_Desc	3.4	Hội thoại/Cốt truyện	Hệ thống/Thuật ngữ			A scroll Lillibet carries, recording visions glimpsed in the flame light. Both this book and the murals within Tetragon Temple are media through which the Priestesses of Septimont convey prophecies to the people.
lang_multi_text.db	Term851018_Title	3.4	Hội thoại/Cốt truyện	Hệ thống/Thuật ngữ			Book of Prophecies
lang_multi_text.db	Term851019_Desc	3.4	Hội thoại/Cốt truyện	Hệ thống/Thuật ngữ			The legendary ruler of Septimont. The legend traces its roots to an ancient prophecy that only the one who becomes the Hero of Heroes can save Septimont from falling into ruin.
lang_multi_text.db	Term851019_Title	3.4	Hội thoại/Cốt truyện	Hệ thống/Thuật ngữ			Hero of Heroes
lang_multi_text.db	Term851020_Desc	3.4	Hội thoại/Cốt truyện	Hệ thống/Thuật ngữ			A secluded underwater experiment facility built by the Fractsidus and the Order, where they both pursue hidden ambitions under the guise of Common Echo reprocessing and production.
lang_multi_text.db	Term851020_Title	3.4	Hội thoại/Cốt truyện	Hệ thống/Thuật ngữ			Fabricatorium of the Deep
lang_multi_text.db	Term851021_Desc	3.4	Hội thoại/Cốt truyện	Hệ thống/Thuật ngữ			Phrolova's Sonoro Sphere, designed to replicate the Beyond through artificial means. Using the powers of Threnodian Leviathan, she intends to use bodies of Tacet Discords as hosts for the reverberating consciousness of the departed. In doing so, the Sonoro may merge with reality, and those long past can live in a new, eternal world free of decay.
lang_multi_text.db	Term851021_Title	3.4	Hội thoại/Cốt truyện	Hệ thống/Thuật ngữ			The Lost Beyond
lang_multi_text.db	Term851022_Desc	3.4	Hội thoại/Cốt truyện	Hệ thống/Thuật ngữ			A device for incubating Common Echoes. Twisted, shattered Echo frequencies are reconstructed into new Common Echoes within its chamber.
lang_multi_text.db	Term851022_Title	3.4	Hội thoại/Cốt truyện	Hệ thống/Thuật ngữ			Echo Brooder
lang_multi_text.db	Term851023_Desc	3.4	Hội thoại/Cốt truyện	Hệ thống/Thuật ngữ			A Waveworn Phenomenon unique to Rinascita, the Dark Tide is a manifestation of the Threnodian Leviathan's power of Unity. Dark clouds amass overhead and crash down like a waterfall, surging in all directions. Wherever the Dark Tide spreads, it spawns Tacet Discords and scars the land with Tidal Blight. At its epicenter, a new Tacet Field forms.
lang_multi_text.db	Term851023_Title	3.4	Hội thoại/Cốt truyện	Hệ thống/Thuật ngữ			Dark Tide
lang_multi_text.db	Term851024_Desc	3.4	Hội thoại/Cốt truyện	Hệ thống/Thuật ngữ			High-density Remnant Energy from the Etheric Sea that projects past events with uncanny fidelity. The Retroact Rain unfolds in three distinct phases: natural descent, near-ground suspension, and reverse flow.
lang_multi_text.db	Term851024_Title	3.4	Hội thoại/Cốt truyện	Hệ thống/Thuật ngữ			Retroact Rain
lang_multi_text.db	Term851025_Desc	3.4	Hội thoại/Cốt truyện	Hệ thống/Thuật ngữ			Humans selected by the Threnodian Leviathan to spread its doctrine, and sow sorrow and despair among the masses. Influence appears to be a key factor in their selection. Marked by the Dark Tide's corruption, they wield fragments of Leviathan's power, such as summoning its creations.
lang_multi_text.db	Term851025_Title	3.4	Hội thoại/Cốt truyện	Hệ thống/Thuật ngữ			Harbinger
lang_multi_text.db	Term851026_Desc	3.4	Hội thoại/Cốt truyện	Hệ thống/Thuật ngữ			A world built upon thousands of Reverberations. A domain of decaying frequencies. A place where Phrolova found rebirth, which has now become a part of her existence.
lang_multi_text.db	Term851026_Title	3.4	Hội thoại/Cốt truyện	Hệ thống/Thuật ngữ			Beyond
lang_multi_text.db	Term851027_Desc	3.4	Hội thoại/Cốt truyện	Hệ thống/Thuật ngữ			Lingering power of the Threnodian Leviathan. After escaping from Mya's broken form, it concealed itself within the Ragunna gemstone on her helmet.
lang_multi_text.db	Term851027_Title	3.4	Hội thoại/Cốt truyện	Hệ thống/Thuật ngữ			Threnodian's Gem
lang_multi_text.db	Term851028_Desc	3.4	Hội thoại/Cốt truyện	Hệ thống/Thuật ngữ			The Sanguis Plateaus was once the Septimont frontline against the Dark Tide. Due to the region's unique landscape, Remnant energy gathers here in unusual density, along with a Blightcloud perpetually looming overhead, formed since the first Dark Tide. During High Tide seasons, Gladiators from across Septimont arrive here to hunt Dark Tide creations in the name of glory.
lang_multi_text.db	Term851028_Title	3.4	Hội thoại/Cốt truyện	Hệ thống/Thuật ngữ			Sanguis Plateaus
lang_multi_text.db	Term851029_Desc	3.4	Hội thoại/Cốt truyện	Hệ thống/Thuật ngữ			When an Echo on the field is Devoured, there is a 20% chance to generate a basic form of itself on a blank block.
lang_multi_text.db	Term851029_Title	3.4	Hội thoại/Cốt truyện	Hệ thống/Thuật ngữ			Figurine: Conductor
lang_multi_text.db	Term851030_Desc	3.4	Hội thoại/Cốt truyện	Hệ thống/Thuật ngữ			When an Echo undergoes Gradation, there is a 5% chance to increase its Daily Coupon yield by 100%.
lang_multi_text.db	Term851030_Title	3.4	Hội thoại/Cốt truyện	Hệ thống/Thuật ngữ			Fortune Bell
lang_multi_text.db	Term851031_Desc	3.4	Hội thoại/Cốt truyện	Hệ thống/Thuật ngữ			Before Daily Coupon settlement, gain 2 Frequency Crystals for every 10 Echoes obtained.
lang_multi_text.db	Term851031_Title	3.4	Hội thoại/Cốt truyện	Hệ thống/Thuật ngữ			Figurine: Gulpuff
lang_multi_text.db	Term851032_Desc	3.4	Hội thoại/Cốt truyện	Hệ thống/Thuật ngữ			There is a 10% chance to gain 1 extra Echo during Echo Recruitment.
lang_multi_text.db	Term851032_Title	3.4	Hội thoại/Cốt truyện	Hệ thống/Thuật ngữ			Dreaming Round n' Round
lang_multi_text.db	Term851033_Desc	3.4	Hội thoại/Cốt truyện	Hệ thống/Thuật ngữ			For every blue-rarity Echo on the field, whenever an Item of Exchange is Exchanged, there is a 5% chance to generate an Echo of the same name, stacking up to 5 times.
lang_multi_text.db	Term851033_Title	3.4	Hội thoại/Cốt truyện	Hệ thống/Thuật ngữ			Dreamy Firework
lang_multi_text.db	Term851034_Desc	3.4	Hội thoại/Cốt truyện	Hệ thống/Thuật ngữ			The first Echo that initiate Integration require 1 less Echo.
lang_multi_text.db	Term851034_Title	3.4	Hội thoại/Cốt truyện	Hệ thống/Thuật ngữ			Kaleidoscope
lang_multi_text.db	Term851035_Desc	3.4	Hội thoại/Cốt truyện	Hệ thống/Thuật ngữ			The shop offers 1 random Dream Box for free starting from the next phase.
lang_multi_text.db	Term851035_Title	3.4	Hội thoại/Cốt truyện	Hệ thống/Thuật ngữ			Surprise Box
lang_multi_text.db	Term851036_Desc	3.4	Hội thoại/Cốt truyện	Hệ thống/Thuật ngữ			Dreamland Coupon gained through sources other than Echo Daily Coupon yield is increased by 10%.
lang_multi_text.db	Term851036_Title	3.4	Hội thoại/Cốt truyện	Hệ thống/Thuật ngữ			Clockwork Illuminator
lang_multi_text.db	Term851037_Desc	3.4	Hội thoại/Cốt truyện	Hệ thống/Thuật ngữ			Gain 5 Dreamland Coupons each time Devouring occurs.
lang_multi_text.db	Term851037_Title	3.4	Hội thoại/Cốt truyện	Hệ thống/Thuật ngữ			Figurine: Excarat
lang_multi_text.db	Term851038_Desc	3.4	Hội thoại/Cốt truyện	Hệ thống/Thuật ngữ			When an Echo Removes itself or is Integrated into a new Echo, gain additional Dreamland Coupons equal to its own Daily Coupon yield.
lang_multi_text.db	Term851038_Title	3.4	Hội thoại/Cốt truyện	Hệ thống/Thuật ngữ			Dreamscape Train
lang_multi_text.db	Term851039_Desc	3.4	Hội thoại/Cốt truyện	Hệ thống/Thuật ngữ			Before Daily Coupon settlement, gain 500 Dreamland Coupons for every 10 Echoes obtained.
lang_multi_text.db	Term851039_Title	3.4	Hội thoại/Cốt truyện	Hệ thống/Thuật ngữ			Stamp Book
lang_multi_text.db	Term851040_Desc	3.4	Hội thoại/Cốt truyện	Hệ thống/Thuật ngữ			Receive Dreamland Coupons equal to the number of Frequency Crystals in each Phase.
lang_multi_text.db	Term851040_Title	3.4	Hội thoại/Cốt truyện	Hệ thống/Thuật ngữ			Figurine: Clang Bang
lang_multi_text.db	Term851041_Desc	3.4	Hội thoại/Cốt truyện	Hệ thống/Thuật ngữ			Echoes are seen as Removed when they are Exchanged, Integrated, Devoured, or Removed by themselves. Dismissing an Echo does not count as Removal.
lang_multi_text.db	Term851041_Title	3.4	Hội thoại/Cốt truyện	Hệ thống/Thuật ngữ			Remove
lang_multi_text.db	Term851042_Desc	3.4	Hội thoại/Cốt truyện	Hệ thống/Thuật ngữ			Integration: When 3 Echoes with the same Dream Attribute and rarity as this Echo are in the same row, they Integrate into 1 Rage Against the Statue and gain Dreamland Coupons equal to 60 + total Daily Coupon yield x2.
lang_multi_text.db	Term851042_Title	3.4	Hội thoại/Cốt truyện	Hệ thống/Thuật ngữ			Stonewall Bracer
lang_multi_text.db	Term851043_Desc	3.4	Hội thoại/Cốt truyện	Hệ thống/Thuật ngữ			Integration: When 3 Echoes with the same Dream Attribute and rarity as this Echo are in the same row, they Integrate into 1 Crownless and gain Dreamland Coupons equal to 150 + total Daily Coupon yield x3.
lang_multi_text.db	Term851043_Title	3.4	Hội thoại/Cốt truyện	Hệ thống/Thuật ngữ			Rage Against the Statue
lang_multi_text.db	Term851044_Desc	3.4	Hội thoại/Cốt truyện	Hệ thống/Thuật ngữ			Integration: When 3 Echoes with the same Dream Attribute and rarity as this Echo are in the same row, they Integrate into 1 Crownless and gain Dreamland Coupons equal to 450 + total Daily Coupon yield x4. Its Daily Coupon yield equals the total Daily Coupon yield of all the Integrated Echoes.
lang_multi_text.db	Term851044_Title	3.4	Hội thoại/Cốt truyện	Hệ thống/Thuật ngữ			Crownless
lang_multi_text.db	Term851045_Desc	3.4	Hội thoại/Cốt truyện	Hệ thống/Thuật ngữ			A copy of the Echo that shares its Daily Coupon yield and Dream Attribute. It has no skills or buff effects.
lang_multi_text.db	Term851045_Title	3.4	Hội thoại/Cốt truyện	Hệ thống/Thuật ngữ			Basic Form
lang_multi_text.db	Term851046_Desc	3.4	Hội thoại/Cốt truyện	Hệ thống/Thuật ngữ			Integration: When 3 Echoes with the same Dream Attribute and rarity as this Echo are in the same row, they Ingrate into 1 Stonewall Bracer and gain Dreamland Coupons equal to 30 + total Daily Coupon yield x1.
lang_multi_text.db	Term851046_Title	3.4	Hội thoại/Cốt truyện	Hệ thống/Thuật ngữ			Fission Junrock
lang_multi_text.db	Term851047_Desc	3.4	Hội thoại/Cốt truyện	Hệ thống/Thuật ngữ			Exchange: After 2 days, Remove itself as an Item of Exchange. This Echo will always appear on the same block. When Exchanging, there is a 50% chance to generate a Mourning Aix on a blank block. This Echo cannot be obtained through Echo Recruitment.
lang_multi_text.db	Term851047_Title	3.4	Hội thoại/Cốt truyện	Hệ thống/Thuật ngữ			Roseshroom
lang_multi_text.db	Term851048_Desc	3.4	Hội thoại/Cốt truyện	Hệ thống/Thuật ngữ			The Daily Coupon yield of Echoes on these Dream Blocks temporarily increases by 2. The bonus is removed once it leaves these Dream Blocks.
lang_multi_text.db	Term851048_Title	3.4	Hội thoại/Cốt truyện	Hệ thống/Thuật ngữ			Dream Block: Obsidian
lang_multi_text.db	Term851049_Desc	3.4	Hội thoại/Cốt truyện	Hệ thống/Thuật ngữ			Chop Chop Echoes include: Chop Chop, Chop Chop: Head, Chop Chop: Leftless, Chop Chop: Rightless, Dreamborne: Chop Chop.
lang_multi_text.db	Term851049_Title	3.4	Hội thoại/Cốt truyện	Hệ thống/Thuật ngữ			Chop Chop
lang_multi_text.db	Term851050_Desc	3.4	Hội thoại/Cốt truyện	Hệ thống/Thuật ngữ			Prism Echoes include: Glacio Prism, Fusion Prism, Havoc Prism, Spectro Prism.
lang_multi_text.db	Term851050_Title	3.4	Hội thoại/Cốt truyện	Hệ thống/Thuật ngữ			Prism
lang_multi_text.db	Term851051_Desc	3.4	Hội thoại/Cốt truyện	Hệ thống/Thuật ngữ			Echoes with this effect are considered adjacent to each other.
lang_multi_text.db	Term851051_Title	3.4	Hội thoại/Cốt truyện	Hệ thống/Thuật ngữ			Adjacent
lang_multi_text.db	Term851052_Desc	3.4	Hội thoại/Cốt truyện	Hệ thống/Thuật ngữ			Echoes with this effect are considered to be in the same row.
lang_multi_text.db	Term851052_Title	3.4	Hội thoại/Cốt truyện	Hệ thống/Thuật ngữ			Same Row
lang_multi_text.db	Term851053_Desc	3.4	Hội thoại/Cốt truyện	Hệ thống/Thuật ngữ			Echoes with this effect can be considered of any rarity.
lang_multi_text.db	Term851053_Title	3.4	Hội thoại/Cốt truyện	Hệ thống/Thuật ngữ			Any Rarity
lang_multi_text.db	Term851054_Desc	3.4	Hội thoại/Cốt truyện	Hệ thống/Thuật ngữ			Gradation: Gradation occurs every 6 days. After Gradation, increase the Gradation progress of the Gradatable Echoes in the same row by 1, up to 2 times per day.
lang_multi_text.db	Term851054_Title	3.4	Hội thoại/Cốt truyện	Hệ thống/Thuật ngữ			Questless Knight
lang_multi_text.db	Term851055_Desc	3.4	Hội thoại/Cốt truyện	Hệ thống/Thuật ngữ			Hexagonal areas that share a border are considered adjacent to each other.
lang_multi_text.db	Term851055_Title	3.4	Hội thoại/Cốt truyện	Hệ thống/Thuật ngữ			Adjacent
lang_multi_text.db	Term851056_Desc	3.4	Hội thoại/Cốt truyện	Hệ thống/Thuật ngữ			Roseshroom Echoes include: Baby Roseshroom, Roseshroom, Dreamborne: Baby Roseshroom, Dreamborne: Roseshroom.
lang_multi_text.db	Term851056_Title	3.4	Hội thoại/Cốt truyện	Hệ thống/Thuật ngữ			Roseshroom
lang_multi_text.db	Term851057_Desc	3.4	Hội thoại/Cốt truyện	Hệ thống/Thuật ngữ			Devour: Devour 1 adjacent Echo of grey or blue rarity every day, and gain the Devoured target's Daily Coupon yield. It will Devour Prism Echoes first.
lang_multi_text.db	Term851057_Title	3.4	Hội thoại/Cốt truyện	Hệ thống/Thuật ngữ			Violet-Feathered Heron
lang_multi_text.db	Term851058_Desc	3.4	Hội thoại/Cốt truyện	Hệ thống/Thuật ngữ			When an Echo on the field initiates Integration, there is a 20% chance to generate a copy of that Echo.
lang_multi_text.db	Term851058_Title	3.4	Hội thoại/Cốt truyện	Hệ thống/Thuật ngữ			Fusion Cube
lang_multi_text.db	Term851059_Desc	3.4	Hội thoại/Cốt truyện	Hệ thống/Thuật ngữ			After 1 day, randomly transform into an Echo in the same row. This effect can only be triggered once.
lang_multi_text.db	Term851059_Title	3.4	Hội thoại/Cốt truyện	Hệ thống/Thuật ngữ			Vanguard Junrock
lang_multi_text.db	Term851060_Desc	3.4	Hội thoại/Cốt truyện	Hệ thống/Thuật ngữ			When a unit is Removed, increase its own Daily Coupon yield by 2, up to 1 time per day.
lang_multi_text.db	Term851060_Title	3.4	Hội thoại/Cốt truyện	Hệ thống/Thuật ngữ			Hoochief Cyclone
lang_multi_text.db	Term851061_Desc	3.4	Hội thoại/Cốt truyện	Hệ thống/Thuật ngữ			Exchange: After 2 days, Removes itself as an Item of Exchange. When Exchanging, adjacent Echoes' Daily Coupon yield increases by 30% of this Echo's Daily Coupon yield. This Echo cannot be obtained through Echo Recruitment.
lang_multi_text.db	Term851061_Title	3.4	Hội thoại/Cốt truyện	Hệ thống/Thuật ngữ			Mourning Aix
lang_multi_text.db	Term851062_Desc	3.4	Hội thoại/Cốt truyện	Hệ thống/Thuật ngữ			Exchange: After 2 days, it Removes itself as the Item of Exchange. When Exchanging or Devoured, it grants Dreamland Coupons equal to the current Daily Coupon yield x10. There is a 50% chance to generate a Mourning Aix. This Echo cannot be obtained through Echo Recruitment.
lang_multi_text.db	Term851062_Title	3.4	Hội thoại/Cốt truyện	Hệ thống/Thuật ngữ			Dreamborne: Roseshroom
lang_multi_text.db	Term851063_Desc	3.4	Hội thoại/Cốt truyện	Hệ thống/Thuật ngữ			All Echoes on these Dream Blocks are considered Adjacent to each other.
lang_multi_text.db	Term851063_Title	3.4	Hội thoại/Cốt truyện	Hệ thống/Thuật ngữ			Dream Block: Watermirror
lang_multi_text.db	Term851064_Desc	3.4	Hội thoại/Cốt truyện	Hệ thống/Thuật ngữ			A radio communication tower situated in the center of Honami City and the tallest building in the city. It was once Honami's most famous tourist attraction and landmark. It is said that the Lament that destroyed this city started from Neon Tower.
lang_multi_text.db	Term851064_Title	3.4	Hội thoại/Cốt truyện	Hệ thống/Thuật ngữ			Neon Tower
lang_multi_text.db	Term851065_Desc	3.4	Hội thoại/Cốt truyện	Hệ thống/Thuật ngữ			Citizens of Honami City who perished during the Lament and who now "live" inside the Sonoro Sphere in the form of Human Reverberations. Faint iridescent light flows around their bodies, and they don't seem to be aware of what really happened to them.
lang_multi_text.db	Term851065_Title	3.4	Hội thoại/Cốt truyện	Hệ thống/Thuật ngữ			Left Behind
lang_multi_text.db	Term851066_Desc	3.4	Hội thoại/Cốt truyện	Hệ thống/Thuật ngữ			This pale rainbow-colored light surging in the Sonoro Sphere of Honami City is a Waveworn Phenomenon unique to this place. Traces of Irideglow's corruption can be found everywhere in Honami. During periodic Lament outbreaks, Irideglow condenses into a physical form that cuts through space, capturing and devouring everything it meets within the Sonoro. Resonators with long-term exposure to Irideglow have high risk of losing control of their Resonance power, and may even Overclock.
lang_multi_text.db	Term851066_Title	3.4	Hội thoại/Cốt truyện	Hệ thống/Thuật ngữ			Irideglow
lang_multi_text.db	Term851067_Desc	3.4	Hội thoại/Cốt truyện	Hệ thống/Thuật ngữ			The unfulfilled, unresolved attachments of the Left Behind that are scattered throughout Honami City. They possess a special quality that can resonate with Neon Tower, helping their hosts locate the tower's location within the chaotic, overlapping spaces.
lang_multi_text.db	Term851067_Title	3.4	Hội thoại/Cốt truyện	Hệ thống/Thuật ngữ			Longings
lang_multi_text.db	Term851068_Desc	3.4	Hội thoại/Cốt truyện	Hệ thống/Thuật ngữ			Traces of crystallization left on the surfaces of buildings and objects from Irideglow corruption. The mildly corrupted Irideglow Crystals—Light Irideglow Crystals, can be separated using certain methods.
lang_multi_text.db	Term851068_Title	3.4	Hội thoại/Cốt truyện	Hệ thống/Thuật ngữ			Irideglow Crystal
lang_multi_text.db	Term851069_Desc	3.4	Hội thoại/Cốt truyện	Hệ thống/Thuật ngữ			Startorch Academy is a comprehensive research facility that doesn't belong to any country, built with the goal of collaborative scientific research. It is an academic metroplis driven solely by educational and research pursuits. Compared to its official title of "Startorch Academy," the people of Solaris prefer to call it the "Resonator Academy."
lang_multi_text.db	Term851069_Title	3.4	Hội thoại/Cốt truyện	Hệ thống/Thuật ngữ			Startorch Academy
lang_multi_text.db	Term851070_Desc	3.4	Hội thoại/Cốt truyện	Hệ thống/Thuật ngữ			The regional Waveworn Phenomenon of Lahai-Roi that disrupts the frequencies of anything around it. It happens in a somewhat cyclical pattern.
lang_multi_text.db	Term851070_Title	3.4	Hội thoại/Cốt truyện	Hệ thống/Thuật ngữ			Void Storm
lang_multi_text.db	Term851071_Desc	3.4	Hội thoại/Cốt truyện	Hệ thống/Thuật ngữ			An international scientific organization jointly established by various nations and organizations of Solaris. It oversees the research, development, and construction work in Lahai-Roi. It was the Spacetrek Collective that built the Research Institute and the Startorch Academy in the vast space beneath the frostlands.
lang_multi_text.db	Term851071_Title	3.4	Hội thoại/Cốt truyện	Hệ thống/Thuật ngữ			Spacetrek Collective
lang_multi_text.db	Term851072_Desc	3.4	Hội thoại/Cốt truyện	Hệ thống/Thuật ngữ			This Remnant Creature living inside the Sonoro Sphere of Honami City was said to have been the city's mascot before its destruction. The original "Namipon" was initially conceived as a municipal transit mascot that safeguard citizens' daily commutes, moving at supersonic speeds between urban railroad tracks. Later on, it gradually evolved into a mascot encompassing various aspects of the city.
lang_multi_text.db	Term851072_Title	3.4	Hội thoại/Cốt truyện	Hệ thống/Thuật ngữ			Namipon
lang_multi_text.db	Term851073_Desc	3.4	Hội thoại/Cốt truyện	Hệ thống/Thuật ngữ			After Namipon's frequency was torn apart by the the Lament, individual creatures possessing fragments of its frequency were born in the form of various professions of Honami City citizens. Having temporarily lost connection with their original form, they now wander through various parts of the Sonoro Sphere of Honami.
lang_multi_text.db	Term851073_Title	3.4	Hội thoại/Cốt truyện	Hệ thống/Thuật ngữ			Missing Namipons
lang_multi_text.db	Term851074_Desc	3.4	Hội thoại/Cốt truyện	Hệ thống/Thuật ngữ			The nation encompassing Honami City. Despite the frequent Waveworn Phenomena, it maintains a prosperous, highly urbanized society, marked by its sprawling railroad network.
lang_multi_text.db	Term851074_Title	3.4	Hội thoại/Cốt truyện	Hệ thống/Thuật ngữ			Ashinohara
lang_multi_text.db	Term851075_Desc	3.4	Hội thoại/Cốt truyện	Hệ thống/Thuật ngữ			Located deep beneath Lahai-Roi, guarded by the Roya for generations. Its unusually high Voidmatter levels make it off-limits to most.\nThe Spacetrek Collective has been permitted to conduct limited expeditions, but intense Voidmatter interference has so far yielded little meaningful intelligence.
lang_multi_text.db	Term851075_Title	3.4	Hội thoại/Cốt truyện	Hệ thống/Thuật ngữ			Dimmr Plains
lang_multi_text.db	Term851076_Desc	3.4	Hội thoại/Cốt truyện	Hệ thống/Thuật ngữ			An "anchor" left behind when the Exostrider first came to the lands that would one day be called Lahai-Roi.\nThe Spacetrek Collective mounted expeditions to its location, but returned with nothing worth recording.
lang_multi_text.db	Term851076_Title	3.4	Hội thoại/Cốt truyện	Hệ thống/Thuật ngữ			Keystone
lang_multi_text.db	Term851077_Desc	3.4	Hội thoại/Cốt truyện	Hệ thống/Thuật ngữ			The entry point formed when the Exostrider and the Threnodian Aleph-1 entered Solaris. The overlying Soliskin root network holds Aleph-1's power at bay, the "sealed doors" of the Stridergate.\nThe Keystone is the "lock" that keeps the Stridergate closed.\nBeyond it may lie the "universe" that Solaris has always longed to explore.
lang_multi_text.db	Term851077_Title	3.4	Hội thoại/Cốt truyện	Hệ thống/Thuật ngữ			Stridergate
lang_multi_text.db	Term851078_Desc	3.4	Hội thoại/Cốt truyện	Hệ thống/Thuật ngữ			Ashinohara has long relied on the "miko system" to resist the Threnodian, with each miko organization assigned to a specific territory. The Miko of Flaming Sakura is unique, her responsibility spanning all of Ashinohara.\nThe Seal of Flaming Sakura is one of her line's secret arts, said to have been created by the very first Miko of Flaming Sakura . It is the only secret art passed down in written form. The seal draws power from the miko herself: the more power she channels into it, the longer it lasts.\nThe seal's form changes with its caster.\nIt is said that Hiyuki sealed away part of "her own future" within it—including, some say, a future that cannot be named.
lang_multi_text.db	Term851078_Title	3.4	Hội thoại/Cốt truyện	Hệ thống/Thuật ngữ			Seal of Flaming Sakura
lang_multi_text.db	Term851100_Desc	3.4	Hội thoại/Cốt truyện	Hệ thống/Thuật ngữ			Deals DMG equal to <color=Highlight>{0}</color> of the Resonator's ATK.
lang_multi_text.db	Term851100_Title	3.4	Hội thoại/Cốt truyện	Hệ thống/Thuật ngữ			Combo - Rice Dango Missile
lang_multi_text.db	Term851101_Desc	3.4	Hội thoại/Cốt truyện	Hệ thống/Thuật ngữ			Deals DMG equal to <color=Highlight>{0}</color> of the Resonator's ATK.
lang_multi_text.db	Term851101_Title	3.4	Hội thoại/Cốt truyện	Hệ thống/Thuật ngữ			Combo - Rice Dango Missile: Enhanced
lang_multi_text.db	Term851102_Desc	3.4	Hội thoại/Cốt truyện	Hệ thống/Thuật ngữ			Deals DMG equal to <color=Highlight>{0}</color> of the Resonator's ATK.
lang_multi_text.db	Term851102_Title	3.4	Hội thoại/Cốt truyện	Hệ thống/Thuật ngữ			Burst - Blazing Pillar
lang_multi_text.db	Term851103_Desc	3.4	Hội thoại/Cốt truyện	Hệ thống/Thuật ngữ			Deals DMG equal to <color=Highlight>{0}</color> of the Resonator's ATK.
lang_multi_text.db	Term851103_Title	3.4	Hội thoại/Cốt truyện	Hệ thống/Thuật ngữ			Burst - Scorching Impact
lang_multi_text.db	Term851104_Desc	3.4	Hội thoại/Cốt truyện	Hệ thống/Thuật ngữ			All Resonators in the team restore HP equal to <color=Highlight>{0}</color> of the caster's Max HP per second for <color=Highlight>{1}s</color>.
lang_multi_text.db	Term851104_Title	3.4	Hội thoại/Cốt truyện	Hệ thống/Thuật ngữ			Boost - Namipon Aid
lang_multi_text.db	Term851105_Desc	3.4	Hội thoại/Cốt truyện	Hệ thống/Thuật ngữ			Greatly increases Movement Speed.
lang_multi_text.db	Term851105_Title	3.4	Hội thoại/Cốt truyện	Hệ thống/Thuật ngữ			Boost - Sprint
lang_multi_text.db	Term851106_Desc	3.4	Hội thoại/Cốt truyện	Hệ thống/Thuật ngữ			Deals DMG equal to <color=Highlight>{0}</color> of the Resonator's ATK.
lang_multi_text.db	Term851106_Title	3.4	Hội thoại/Cốt truyện	Hệ thống/Thuật ngữ			Combo - Support Missile: Enhanced
lang_multi_text.db	Term851107_Desc	3.4	Hội thoại/Cốt truyện	Hệ thống/Thuật ngữ			Deals DMG equal to <color=Highlight>{0}</color> of the Resonator's ATK.
lang_multi_text.db	Term851107_Title	3.4	Hội thoại/Cốt truyện	Hệ thống/Thuật ngữ			Combo - Support Missile
lang_multi_text.db	Term851108_Desc	3.4	Hội thoại/Cốt truyện	Hệ thống/Thuật ngữ			Deals DMG equal to <color=Highlight>{0}</color> of the Resonator's ATK, stacking up to <color=Highlight>{1}</color> times. This effect can be triggered once per second, lasting for <color=Highlight>{2}s</color>.
lang_multi_text.db	Term851108_Title	3.4	Hội thoại/Cốt truyện	Hệ thống/Thuật ngữ			Status - Waveworn Bane
lang_multi_text.db	Term851109_Desc	3.4	Hội thoại/Cốt truyện	Hệ thống/Thuật ngữ			When Boost - Dessert Prep reaches <color=Highlight>{0}</color> stacks, remove all stacks to launch Combo - Dessert Strike <color=Highlight><SapTag=1>{1}</SapTag></color> {Cus:Sap,S=time P=times SapTag=1}.
lang_multi_text.db	Term851109_Title	3.4	Hội thoại/Cốt truyện	Hệ thống/Thuật ngữ			Boost - Dessert Prep
lang_multi_text.db	Term851110_Desc	3.4	Hội thoại/Cốt truyện	Hệ thống/Thuật ngữ			Deals DMG equal to <color=Highlight>{0}</color> of the Resonator's ATK.
lang_multi_text.db	Term851110_Title	3.4	Hội thoại/Cốt truyện	Hệ thống/Thuật ngữ			Combo - Dessert Strike
lang_multi_text.db	Term851111_Desc	3.4	Hội thoại/Cốt truyện	Hệ thống/Thuật ngữ			Deals DMG equal to <color=Highlight>{0}</color> of the Resonator's ATK.
lang_multi_text.db	Term851111_Title	3.4	Hội thoại/Cốt truyện	Hệ thống/Thuật ngữ			Combo - Dessert Strike: Enhanced
lang_multi_text.db	Term851112_Desc	3.4	Hội thoại/Cốt truyện	Hệ thống/Thuật ngữ			Gain <color=Highlight>{0}</color> All DMG Bonus for <color=Highlight>{1}s</color>, stacking up to <color=Highlight>{2}</color> times.
lang_multi_text.db	Term851112_Title	3.4	Hội thoại/Cốt truyện	Hệ thống/Thuật ngữ			Boost - Satisfaction
lang_multi_text.db	Term851113_Desc	3.4	Hội thoại/Cốt truyện	Hệ thống/Thuật ngữ			Deals DMG equal to <color=Highlight>{0}</color> of the current Shield.
lang_multi_text.db	Term851113_Title	3.4	Hội thoại/Cốt truyện	Hệ thống/Thuật ngữ			Burst - Coffee Impact
lang_multi_text.db	Term851114_Desc	3.4	Hội thoại/Cốt truyện	Hệ thống/Thuật ngữ			Immune to Stability DMG.
lang_multi_text.db	Term851114_Title	3.4	Hội thoại/Cốt truyện	Hệ thống/Thuật ngữ			Boost - Coffee's Shelter
lang_multi_text.db	Term851115_Desc	3.4	Hội thoại/Cốt truyện	Hệ thống/Thuật ngữ			Stability is at or below <color=Highlight>{0}</color>.
lang_multi_text.db	Term851115_Title	3.4	Hội thoại/Cốt truyện	Hệ thống/Thuật ngữ			Critical State
lang_multi_text.db	Term851116_Desc	3.4	Hội thoại/Cốt truyện	Hệ thống/Thuật ngữ			Deals DMG to nearby targets equal to {0} of the caster's Max HP.
lang_multi_text.db	Term851116_Title	3.4	Hội thoại/Cốt truyện	Hệ thống/Thuật ngữ			Burst - Shock Impact
lang_multi_text.db	Term852000_Desc	3.4	Hội thoại/Cốt truyện	Hệ thống/Thuật ngữ			Relic items will automatically level up and grow more powerful after meeting certain conditions. Relic Level starts at 1 by default.
lang_multi_text.db	Term852000_Title	3.4	Hội thoại/Cốt truyện	Hệ thống/Thuật ngữ			Upgrade
lang_multi_text.db	Term852001_Desc	3.4	Hội thoại/Cốt truyện	Hệ thống/Thuật ngữ			When an on-field Echo is removed, obtain Frequency Crystals equal to a portion of the Daily Coupon yield of the removed Echo. The proportion is increased as the Relic levels up.\nUpgrade: The Relic will automatically level up for every certain amount of Echoes removed.
lang_multi_text.db	Term852001_Title	3.4	Hội thoại/Cốt truyện	Hệ thống/Thuật ngữ			Roly-Poly
lang_multi_text.db	Term852002_Desc	3.4	Hội thoại/Cốt truyện	Hệ thống/Thuật ngữ			Every <SapTag=0>{0}</SapTag> {Cus:Sap,S=day P=days SapTag=0}, the Daily Coupon yield of all Echoes on the field is increased based on the Relic Level.\nUpgrade: Before the Daily Coupon settlement, the Relic will automatically level up for every certain amount of Echoes obtained.
lang_multi_text.db	Term852002_Title	3.4	Hội thoại/Cốt truyện	Hệ thống/Thuật ngữ			Weak Measurement Clock
lang_multi_text.db	Term852003_Desc	3.4	Hội thoại/Cốt truyện	Hệ thống/Thuật ngữ			Every <SapTag=0>{0}</SapTag> {Cus:Sap,S=day P=days SapTag=0}, the Daily Coupon yield of all Echoes on the field is increased based on the Relic Level.\nUpgrade: The Relic will automatically level up for every certain amount of Echoes removed.
lang_multi_text.db	Term852003_Title	3.4	Hội thoại/Cốt truyện	Hệ thống/Thuật ngữ			The Chronicles of A
lang_multi_text.db	Term852004_Desc	3.4	Hội thoại/Cốt truyện	Hệ thống/Thuật ngữ			Before the Daily Coupon settlement, when a certain number of Dreamland Coupons is obtained in a single instance, the Daily Coupon yield of all on-field Echoes is increased based on the Relic Level.\nUpgrade: The Relic will automatically level up every time a certain number of Dreamland Coupons is obtained in a single instance before the Daily Coupon settlement.
lang_multi_text.db	Term852004_Title	3.4	Hội thoại/Cốt truyện	Hệ thống/Thuật ngữ			Autopuppet Warband
lang_multi_text.db	Term852005_Desc	3.4	Hội thoại/Cốt truyện	Hệ thống/Thuật ngữ			A technology similar to virtual reality that allows users to experience another person's recorded memories, including their emotions, thoughts and even physical sensations like pain or pleasure.
lang_multi_text.db	Term852005_Title	3.4	Hội thoại/Cốt truyện	Hệ thống/Thuật ngữ			Braindance
lang_multi_text.db	Term852006_Desc	3.4	Hội thoại/Cốt truyện	Hệ thống/Thuật ngữ			The city where Lucy and her crew lived. Night City is a multicultural metropolis that was originally founded as a haven for idealists and entrepreneurs. In reality, however, the city has almost always suffered from oppressive megacorporations, corruption, organized crime, and rampant violence.
lang_multi_text.db	Term852006_Title	3.4	Hội thoại/Cốt truyện	Hệ thống/Thuật ngữ			Night City
lang_multi_text.db	Term852007_Desc	3.4	Hội thoại/Cốt truyện	Hệ thống/Thuật ngữ			Kiroshi Opticals is an industry leader in the research, development, and manufacture of cybernetic enhancements, most notably optical cyberware. People often use "Kiroshis" in the plural when referring to someone's cybermodified eyes.
lang_multi_text.db	Term852007_Title	3.4	Hội thoại/Cốt truyện	Hệ thống/Thuật ngữ			Kiroshi
lang_multi_text.db	TermClickTip	3.4	Hội thoại/Cốt truyện	Hệ thống/Thuật ngữ			Please try again later
lang_multi_text.db	TerminalSkin_Change_Success	3.4	Hội thoại/Cốt truyện	Hệ thống/Thuật ngữ			Terminal Swap Success
lang_multi_text.db	Terminal_86000001_AttributesDescription	3.4	Hội thoại/Cốt truyện	Hệ thống/Thuật ngữ			The lantern-shaped Terminal used by Resonators from the Land of Echoes. Originally a gift from Sentinel Imperator to the people of Rinascita, it has since become their guiding light.
lang_multi_text.db	Terminal_86000001_BgDescription	3.4	Hội thoại/Cốt truyện	Hệ thống/Thuật ngữ			Under Divinity's watchful gaze, people will eventually use their own light to illuminate a dawn that was not promised to them.
lang_multi_text.db	Terminal_86000001_Name	3.4	Hội thoại/Cốt truyện	Hệ thống/Thuật ngữ			Daylight Pebble
lang_multi_text.db	Terminal_86000001_ObtainedShowDescription	3.4	Hội thoại/Cốt truyện	Hệ thống/Thuật ngữ			The lantern-shaped Terminal used by Resonators from the Land of Echoes. Originally a gift from Sentinel Imperator to the people of Rinascita, it has since become their guiding light.
lang_multi_text.db	Terminal_86000001_TypeDescription	3.4	Hội thoại/Cốt truyện	Hệ thống/Thuật ngữ			Terminal
lang_multi_text.db	Terminal_86000002_AttributesDescription	3.4	Hội thoại/Cốt truyện	Hệ thống/Thuật ngữ			Standard-issue for all Spacetrek Collective members, this frequency recording device houses a Rabelle Cassette that maintains a continuous log of the wearer's vitals and surrounding environment data. The casing is built from materials that can be traced back to the Exostrider, granting partial resistance to Void Storms.
lang_multi_text.db	Terminal_86000002_BgDescription	3.4	Hội thoại/Cốt truyện	Hệ thống/Thuật ngữ			For now, frequency transcription is less a practical archive than a ritualistic record, a possibility held in hope. In Lahai-Roi, people call those who vanish in the Void Storms "the lost," and hope that one day those who went astray will return.
lang_multi_text.db	Terminal_86000002_Name	3.4	Hội thoại/Cốt truyện	Hệ thống/Thuật ngữ			Frequency Cassette Recorder
lang_multi_text.db	Terminal_86000002_ObtainedShowDescription	3.4	Hội thoại/Cốt truyện	Hệ thống/Thuật ngữ			Standard-issue for all Spacetrek Collective members, this frequency recording device houses a Rabelle Cassette that maintains a continuous log of the wearer's vitals and surrounding environment data. The casing is built from materials that can be traced back to the Exostrider, granting partial resistance to Void Storms.
lang_multi_text.db	Terminal_86000002_TypeDescription	3.4	Hội thoại/Cốt truyện	Hệ thống/Thuật ngữ			Terminal
lang_multi_text.db	Terminal_Area_1	3.4	Hội thoại/Cốt truyện	Hệ thống/Thuật ngữ			Huanglong: Jinzhou
lang_multi_text.db	Terminal_Area_2	3.4	Hội thoại/Cốt truyện	Hệ thống/Thuật ngữ			Rinascita
lang_multi_text.db	Terminal_Area_3	3.4	Hội thoại/Cốt truyện	Hệ thống/Thuật ngữ			Roya Frostlands
lang_multi_text.db	Terminal_Area_Go	3.4	Hội thoại/Cốt truyện	Hệ thống/Thuật ngữ			Go
lang_multi_text.db	Terminal_Area_Name2	3.4	Hội thoại/Cốt truyện	Hệ thống/Thuật ngữ			Operation: Frontier Renewal
lang_multi_text.db	Terminal_Area_Name3	3.4	Hội thoại/Cốt truyện	Hệ thống/Thuật ngữ			Weather Simulation
lang_multi_text.db	Terminal_Area_Name4	3.4	Hội thoại/Cốt truyện	Hệ thống/Thuật ngữ			Peaks of Prestige: Rekindled Duel
lang_multi_text.db	Terminal_Area_Name5	3.4	Hội thoại/Cốt truyện	Hệ thống/Thuật ngữ			Into the Land of Paradox
lang_multi_text.db	Terminal_Area_PinText	3.4	Hội thoại/Cốt truyện	Hệ thống/Thuật ngữ			Pin on Map ({0}/{1})
lang_multi_text.db	Terminal_Area_PinTipCancel	3.4	Hội thoại/Cốt truyện	Hệ thống/Thuật ngữ			Unpinned
lang_multi_text.db	Terminal_Area_PinTipMax	3.4	Hội thoại/Cốt truyện	Hệ thống/Thuật ngữ			Pin limit reached
lang_multi_text.db	Terminal_Area_PinTipSuccess	3.4	Hội thoại/Cốt truyện	Hệ thống/Thuật ngữ			Pinned successfully
lang_multi_text.db	Terminal_Area_Tag1	3.4	Hội thoại/Cốt truyện	Hệ thống/Thuật ngữ			Regional Gameplay
lang_multi_text.db	Terminal_Area_Tag2	3.4	Hội thoại/Cốt truyện	Hệ thống/Thuật ngữ			Regional Feature
lang_multi_text.db	Terminal_Area_UnlockInAdvance	3.4	Hội thoại/Cốt truyện	Hệ thống/Thuật ngữ			Unlock Early
lang_multi_text.db	Terminal_Area_UnlockTip	3.4	Hội thoại/Cốt truyện	Hệ thống/Thuật ngữ			Function not unlocked
lang_multi_text.db	Terminal_ChooseTerminalSkin	3.4	Hội thoại/Cốt truyện	Hệ thống/Thuật ngữ			Select a Terminal
lang_multi_text.db	Terminal_Equip	3.4	Hội thoại/Cốt truyện	Hệ thống/Thuật ngữ			Switch Terminal
lang_multi_text.db	Terminal_Rover_Desc	3.4	Hội thoại/Cốt truyện	Hệ thống/Thuật ngữ			The Terminal you've owned you since you first awoke. Outwardly similar to the Pangu Terminals of Huanglong, it has recorded every step of your journey and has been your silent and reliable companion.
lang_multi_text.db	Terminal_Rover_Name	3.4	Hội thoại/Cốt truyện	Hệ thống/Thuật ngữ			Obscura Lumis
lang_multi_text.db	Terminal_Source	3.4	Hội thoại/Cốt truyện	Hệ thống/Thuật ngữ			Obtainable via
lang_multi_text.db	Text_102000004_But1	3.4	Hội thoại/Cốt truyện	Hệ thống/Thuật ngữ			Rewards time locked
lang_multi_text.db	Text_102000004_But2	3.4	Hội thoại/Cốt truyện	Hệ thống/Thuật ngữ			Claim
lang_multi_text.db	Text_102000004_But3	3.4	Hội thoại/Cốt truyện	Hệ thống/Thuật ngữ			Claimed
lang_multi_text.db	Text_Absorb_Text	3.4	Hội thoại/Cốt truyện	Hệ thống/Thuật ngữ			Absorb
lang_multi_text.db	Text_Accessory_Text	3.4	Hội thoại/Cốt truyện	Hệ thống/Thuật ngữ			Ingredient
lang_multi_text.db	Text_AccountText_Text	3.4	Hội thoại/Cốt truyện	Hệ thống/Thuật ngữ			User {0} has logged in.
lang_multi_text.db	Text_AcquireCancel_Text	3.4	Hội thoại/Cốt truyện	Hệ thống/Thuật ngữ			Cancel
lang_multi_text.db	Text_AcquireConfirm_Text	3.4	Hội thoại/Cốt truyện	Hệ thống/Thuật ngữ			Confirm
lang_multi_text.db	Text_AcquireContinueOpen_Text	3.4	Hội thoại/Cốt truyện	Hệ thống/Thuật ngữ			Open Another
lang_multi_text.db	Text_AcquireGetReward_Text	3.4	Hội thoại/Cốt truyện	Hệ thống/Thuật ngữ			Items Obtained
lang_multi_text.db	Text_AcquireOpenCount_Text	3.4	Hội thoại/Cốt truyện	Hệ thống/Thuật ngữ			Number of openings
lang_multi_text.db	Text_AcquireRemainItem_Text	3.4	Hội thoại/Cốt truyện	Hệ thống/Thuật ngữ			Remaining Supply Packs: {0}
lang_multi_text.db	Text_ActionText_Text	3.4	Hội thoại/Cốt truyện	Hệ thống/Thuật ngữ			Action
lang_multi_text.db	Text_ActiveClose_Text	3.4	Hội thoại/Cốt truyện	Hệ thống/Thuật ngữ			Event ended
lang_multi_text.db	Text_ActiveRemainTime_Text	3.4	Hội thoại/Cốt truyện	Hệ thống/Thuật ngữ			Remaining: {0}
lang_multi_text.db	Text_ActiveRunMaxPoint_Text	3.4	Hội thoại/Cốt truyện	Hệ thống/Thuật ngữ			Best Score
lang_multi_text.db	Text_ActiveRunMinTime_Text	3.4	Hội thoại/Cốt truyện	Hệ thống/Thuật ngữ			Best Time
lang_multi_text.db	Text_ActiveTime_Text	3.4	Hội thoại/Cốt truyện	Hệ thống/Thuật ngữ			Resonance Time
lang_multi_text.db	Text_ActiveToOpenTime_Text	3.4	Hội thoại/Cốt truyện	Hệ thống/Thuật ngữ			Unlocked after {0}
lang_multi_text.db	Text_ActivedSucceed_Text	3.4	Hội thoại/Cốt truyện	Hệ thống/Thuật ngữ			Activated
lang_multi_text.db	Text_Actived_Text	3.4	Hội thoại/Cốt truyện	Hệ thống/Thuật ngữ			Activated
lang_multi_text.db	Text_ActivityNeedPreGiideQuest_Text	3.4	Hội thoại/Cốt truyện	Hệ thống/Thuật ngữ			Complete Tutorial Quest: {0} to unlock
lang_multi_text.db	Text_ActivityNeedPreGuideQuest_Text	3.4	Hội thoại/Cốt truyện	Hệ thống/Thuật ngữ			Complete Quest: “{0}” to unlock
lang_multi_text.db	Text_ActivityNeedPreQuest_Text	3.4	Hội thoại/Cốt truyện	Hệ thống/Thuật ngữ			Complete Quest: {0} to unlock
lang_multi_text.db	Text_ActivityRunNoPoint_Text	3.4	Hội thoại/Cốt truyện	Hệ thống/Thuật ngữ			No Record
lang_multi_text.db	Text_ActivityRunPointNeed_Text	3.4	Hội thoại/Cốt truyện	Hệ thống/Thuật ngữ			Challenge score reaches {0}
lang_multi_text.db	Text_ActivityTaskClaimed_Text	3.4	Hội thoại/Cốt truyện	Hệ thống/Thuật ngữ			Collected
lang_multi_text.db	Text_ActivityTaskOngoing_Text	3.4	Hội thoại/Cốt truyện	Hệ thống/Thuật ngữ			Ongoing
lang_multi_text.db	Text_ActivityTaskProgress_Text	3.4	Hội thoại/Cốt truyện	Hệ thống/Thuật ngữ			{0} ({1}/{2})
lang_multi_text.db	Text_ActivityTaskReceive_Text	3.4	Hội thoại/Cốt truyện	Hệ thống/Thuật ngữ			Available
lang_multi_text.db	Text_ActivityTypeName_1	3.4	Hội thoại/Cốt truyện	Hệ thống/Thuật ngữ			Combat Event
lang_multi_text.db	Text_ActivityTypeName_2	3.4	Hội thoại/Cốt truyện	Hệ thống/Thuật ngữ			Leisure Event
lang_multi_text.db	Text_ActivityTypeName_3	3.4	Hội thoại/Cốt truyện	Hệ thống/Thuật ngữ			Exploration Event
lang_multi_text.db	Text_ActivityTypeName_All	3.4	Hội thoại/Cốt truyện	Hệ thống/Thuật ngữ			All
lang_multi_text.db	Text_AddExp_Text	3.4	Hội thoại/Cốt truyện	Hệ thống/Thuật ngữ			+{0}
lang_multi_text.db	Text_AddProficiency_Text	3.4	Hội thoại/Cốt truyện	Hệ thống/Thuật ngữ			<color=#f9ffff>Proficiency</color>: <color=#f7eba6>{0}</color>
lang_multi_text.db	Text_Add_Text	3.4	Hội thoại/Cốt truyện	Hệ thống/Thuật ngữ			Add
lang_multi_text.db	Text_AdventureLevelUpTo_Text	3.4	Hội thoại/Cốt truyện	Hệ thống/Thuật ngữ			The level cap of Union Level is increased to {0}.
lang_multi_text.db	Text_Adventure_Text	3.4	Hội thoại/Cốt truyện	Hệ thống/Thuật ngữ			Adventure
lang_multi_text.db	Text_AdviceAreaCannotPut_Text	3.4	Hội thoại/Cốt truyện	Hệ thống/Thuật ngữ			Memo cannot be placed in the current area.
lang_multi_text.db	Text_AdviceCreate_1_Text	3.4	Hội thoại/Cốt truyện	Hệ thống/Thuật ngữ			[  <color=#f0a40cff>①</color>  ]
lang_multi_text.db	Text_AdviceCreate_2_Text	3.4	Hội thoại/Cốt truyện	Hệ thống/Thuật ngữ			[  <color=#f0a40cff>②</color>  ]
lang_multi_text.db	Text_AdviceCreate_3_Text	3.4	Hội thoại/Cốt truyện	Hệ thống/Thuật ngữ			[  <color=#f0a40cff>③</color>  ]
lang_multi_text.db	Text_AdviceCreate_Template_Text	3.4	Hội thoại/Cốt truyện	Hệ thống/Thuật ngữ			[<color=#f0a40cff>{0}</color>]
lang_multi_text.db	Text_AdviceFirstSentence_Text	3.4	Hội thoại/Cốt truyện	Hệ thống/Thuật ngữ			Sentence #1
lang_multi_text.db	Text_AdviceFunc_1_Text	3.4	Hội thoại/Cốt truyện	Hệ thống/Thuật ngữ			Select Word
lang_multi_text.db	Text_AdviceFunc_2_Text	3.4	Hội thoại/Cốt truyện	Hệ thống/Thuật ngữ			Add Emotes
lang_multi_text.db	Text_AdviceFunc_3_Text	3.4	Hội thoại/Cốt truyện	Hệ thống/Thuật ngữ			Change Sentence
lang_multi_text.db	Text_AdviceFunc_4_Text	3.4	Hội thoại/Cốt truyện	Hệ thống/Thuật ngữ			Add a Sentence
lang_multi_text.db	Text_AdviceFunc_5_Text	3.4	Hội thoại/Cốt truyện	Hệ thống/Thuật ngữ			Reduce a Sentence
lang_multi_text.db	Text_AdviceMotionText_Text	3.4	Hội thoại/Cốt truyện	Hệ thống/Thuật ngữ			Play Animation {0}{1}
lang_multi_text.db	Text_AdviceNotFull_Text	3.4	Hội thoại/Cốt truyện	Hệ thống/Thuật ngữ			Complete the empty Memo first
lang_multi_text.db	Text_AdvicePutSentence_Text	3.4	Hội thoại/Cốt truyện	Hệ thống/Thuật ngữ			Select a Format
lang_multi_text.db	Text_AdvicePutWord_Text	3.4	Hội thoại/Cốt truyện	Hệ thống/Thuật ngữ			Select Conjunction
lang_multi_text.db	Text_AdviceSecondSentence_Text	3.4	Hội thoại/Cốt truyện	Hệ thống/Thuật ngữ			Sentence #2
lang_multi_text.db	Text_AdviceSelectWord_Text	3.4	Hội thoại/Cốt truyện	Hệ thống/Thuật ngữ			Select Word
lang_multi_text.db	Text_AdviceTooClose_Text	3.4	Hội thoại/Cốt truyện	Hệ thống/Thuật ngữ			Too close to other Memos
lang_multi_text.db	Text_Advice_Max_Text	3.4	Hội thoại/Cốt truyện	Hệ thống/Thuật ngữ			Memo Limit Reached
lang_multi_text.db	Text_Advice_Publish_Text	3.4	Hội thoại/Cốt truyện	Hệ thống/Thuật ngữ			Place
lang_multi_text.db	Text_AffixDescribe1_Text	3.4	Hội thoại/Cốt truyện	Hệ thống/Thuật ngữ			An error happened. Please contact Customer Service
lang_multi_text.db	Text_AffixDescribe2_Text	3.4	Hội thoại/Cốt truyện	Hệ thống/Thuật ngữ			An error happened. Please contact Customer Service
lang_multi_text.db	Text_AfterDayAutoDelete_Text	3.4	Hội thoại/Cốt truyện	Hệ thống/Thuật ngữ			Automatically deleted in {0} day(s)
lang_multi_text.db	Text_AfterMinAutoDelete_Text	3.4	Hội thoại/Cốt truyện	Hệ thống/Thuật ngữ			Automatically deleting in {0}m
lang_multi_text.db	Text_AfterTimeAutoDelete_Text	3.4	Hội thoại/Cốt truyện	Hệ thống/Thuật ngữ			Automatically deleting in {0}h
lang_multi_text.db	Text_AgeTipTitle_Text	3.4	Hội thoại/Cốt truyện	Hệ thống/Thuật ngữ			Age-rating Notice
lang_multi_text.db	Text_AgeTip_Text	3.4	Hội thoại/Cốt truyện	Hệ thống/Thuật ngữ			1.本游戏是一款开放世界动作类游戏，适用于年满16周岁及以上的用户，建议未成年人在家长监护下使用游戏产品。\n\n2.本游戏基于架空的故事背景和世界观，与真实历史和现实世界均无任何关联。\n\n3.根据国家相关要求，本游戏中有用户实名认证系统，未通过实名认证的用户不可进入游戏；\n游戏中部分玩法和道具需要付费。认证为未成年的用户将接受以下管理：未满8周岁的用户不得进行充值；8周岁以上但未满16周岁的未成年人用户，单次充值金额不得超过50元人民币，每月充值金额累计不得超过200元人民币；16周岁以上的未成年人用户，单次充值金额不得超过100元人民币，每月充值金额累计不得超过400元人民币。\n游戏仅会在周五、周六、周日及法定节假日的20时至21时，向未成年人提供1小时游戏服务。\n\n4.游戏中设置了主线及丰富的支线剧情，并且提供了开放世界探索玩法。游戏内有丰富多彩的剧情，精美的游戏画面，优质的游戏配音以及新颖的系统玩法。
lang_multi_text.db	Text_AllConcertoReaction_Text	3.4	Hội thoại/Cốt truyện	Hệ thống/Thuật ngữ			All Concerto Effect
lang_multi_text.db	Text_AllMail_Text	3.4	Hội thoại/Cốt truyện	Hệ thống/Thuật ngữ			Mailbox
lang_multi_text.db	Text_AllResurrectionItemInCd_Text	3.4	Hội thoại/Cốt truyện	Hệ thống/Thuật ngữ			Revival item in cooldown. Use in {0}s
lang_multi_text.db	Text_AllRoleDie_Text	3.4	Hội thoại/Cốt truyện	Hệ thống/Thuật ngữ			Characters unconscious
lang_multi_text.db	Text_All_Text	3.4	Hội thoại/Cốt truyện	Hệ thống/Thuật ngữ			Recent
lang_multi_text.db	Text_AlreadyReceived_Text	3.4	Hội thoại/Cốt truyện	Hệ thống/Thuật ngữ			There is an anomaly, if you have any questions, please contact the official customer service.
lang_multi_text.db	Text_Altitude_Text	3.4	Hội thoại/Cốt truyện	Hệ thống/Thuật ngữ			▲ {0}m
lang_multi_text.db	Text_AnimalDropItem_Text	3.4	Hội thoại/Cốt truyện	Hệ thống/Thuật ngữ			Drop Material
lang_multi_text.db	Text_AnimalHandBookLock_Text	3.4	Hội thoại/Cốt truyện	Hệ thống/Thuật ngữ			Locked
lang_multi_text.db	Text_ApplyBtnDisable_Text	3.4	Hội thoại/Cốt truyện	Hệ thống/Thuật ngữ			Requires SOL-3 Phase {0}
lang_multi_text.db	Text_ApplyBtnEnable_Text	3.4	Hội thoại/Cốt truyện	Hệ thống/Thuật ngữ			Join Co-op
lang_multi_text.db	Text_ApplyFriend_Text	3.4	Hội thoại/Cốt truyện	Hệ thống/Thuật ngữ			Send Friend Request
lang_multi_text.db	Text_ApplyRefused_Text	3.4	Hội thoại/Cốt truyện	Hệ thống/Thuật ngữ			Application to enter the world of {0} failed.
lang_multi_text.db	Text_AreaHighDangerText_Text	3.4	Hội thoại/Cốt truyện	Hệ thống/Thuật ngữ			High Risk
lang_multi_text.db	Text_AreaHighMidText_Text	3.4	Hội thoại/Cốt truyện	Hệ thống/Thuật ngữ			Medium Risk
lang_multi_text.db	Text_AreaLockContent_Text	3.4	Hội thoại/Cốt truyện	Hệ thống/Thuật ngữ			This faction will be unlocked in future exploration
lang_multi_text.db	Text_AreaLockTitle_Text	3.4	Hội thoại/Cốt truyện	Hệ thống/Thuật ngữ			<color=#bca868>???</color>
lang_multi_text.db	Text_Attack_Text	3.4	Hội thoại/Cốt truyện	Hệ thống/Thuật ngữ			ATK & Fight
lang_multi_text.db	Text_AttributeNotValid_Text	3.4	Hội thoại/Cốt truyện	Hệ thống/Thuật ngữ			Unavailable
lang_multi_text.db	Text_AttributeSortLimitName_Text	3.4	Hội thoại/Cốt truyện	Hệ thống/Thuật ngữ			Sort by Attribute ({0}/{1})
lang_multi_text.db	Text_AttributeSortName_Text	3.4	Hội thoại/Cốt truyện	Hệ thống/Thuật ngữ			Sort by Attribute
lang_multi_text.db	Text_AttributeValid_Text	3.4	Hội thoại/Cốt truyện	Hệ thống/Thuật ngữ			Activated
lang_multi_text.db	Text_AutoDeleteInOneMinute_Text	3.4	Hội thoại/Cốt truyện	Hệ thống/Thuật ngữ			Automatically deleted within 1 minute
lang_multi_text.db	Text_BabelResultOverStarNum_Text	3.4	Hội thoại/Cốt truyện	Hệ thống/Thuật ngữ			<color=#5cc96aff>{0}</color>/{1}
lang_multi_text.db	Text_BabelResultOverStarTip_Text	3.4	Hội thoại/Cốt truyện	Hệ thống/Thuật ngữ			Stress and Support Modules Unlocked
lang_multi_text.db	Text_BabelResultUnderStarNum_Text	3.4	Hội thoại/Cốt truyện	Hệ thống/Thuật ngữ			<color=#b72924ff>{0}</color>/{1}
lang_multi_text.db	Text_BabelResultUnderStarTip_Text	3.4	Hội thoại/Cốt truyện	Hệ thống/Thuật ngữ			<color=#b72924ff>Stress Level target not met</color>
lang_multi_text.db	Text_BabelTowerReviveStarsNeed_Text	3.4	Hội thoại/Cốt truyện	Hệ thống/Thuật ngữ			Consume <texture=/Game/Aki/UI/UIResources/UiActivity/Image/ActivityBabelTower/T_BabelIconStar.T_BabelIconStar/>{0} revive Resonators and receive buffs.
lang_multi_text.db	Text_BackToTower_Text	3.4	Hội thoại/Cốt truyện	Hệ thống/Thuật ngữ			Return to Tower
lang_multi_text.db	Text_BackToView_Text	3.4	Hội thoại/Cốt truyện	Hệ thống/Thuật ngữ			Tap anywhere to close
lang_multi_text.db	Text_BagFosterButton_Text	3.4	Hội thoại/Cốt truyện	Hệ thống/Thuật ngữ			Upgrade
lang_multi_text.db	Text_BanChatText1_Text	3.4	Hội thoại/Cốt truyện	Hệ thống/Thuật ngữ			You have been temporarily restricted from messaging due to your behavior. Please contact Customer Support if you have any questions.
lang_multi_text.db	Text_BanChatText2_Text	3.4	Hội thoại/Cốt truyện	Hệ thống/Thuật ngữ			You have been temporarily restricted from messaging due to your behavior. Please contact Customer Support if you have any questions.
lang_multi_text.db	Text_BanChatText3_Text	3.4	Hội thoại/Cốt truyện	Hệ thống/Thuật ngữ			You have been temporarily restricted from messaging due to your behavior. Please contact Customer Support if you have any questions.
lang_multi_text.db	Text_BanChatText4_Text	3.4	Hội thoại/Cốt truyện	Hệ thống/Thuật ngữ			You have been temporarily restricted from messaging due to your behavior. Please contact Customer Support if you have any questions.
lang_multi_text.db	Text_BanChatTextTime_Text	3.4	Hội thoại/Cốt truyện	Hệ thống/Thuật ngữ			You have been restricted from messaging for {0} due to your behavior. Please contact Customer Support if you have any questions.
lang_multi_text.db	Text_BanGamepadKey_Text	3.4	Hội thoại/Cốt truyện	Hệ thống/Thuật ngữ			Controller support will be available in future updates
lang_multi_text.db	Text_BatchEchoLack	3.4	Hội thoại/Cốt truyện	Hệ thống/Thuật ngữ			Please select at least 5 Echoes
lang_multi_text.db	Text_BatchEchoSelectNum_Text	3.4	Hội thoại/Cốt truyện	Hệ thống/Thuật ngữ			Data Merge Count: {0}
lang_multi_text.db	Text_BatchEchoSelect_Text	3.4	Hội thoại/Cốt truyện	Hệ thống/Thuật ngữ			Echoes Selected ({0}/{1})
lang_multi_text.db	Text_BattleFormation_Text	3.4	Hội thoại/Cốt truyện	Hệ thống/Thuật ngữ			Battle lineup
lang_multi_text.db	Text_BattlePassAwalsTask_Text	3.4	Hội thoại/Cốt truyện	Hệ thống/Thuật ngữ			Seasonal Specials
lang_multi_text.db	Text_BattlePassBuyButton1_Text	3.4	Hội thoại/Cốt truyện	Hệ thống/Thuật ngữ			Unlock Insider Channel
lang_multi_text.db	Text_BattlePassBuyButton2_Text	3.4	Hội thoại/Cốt truyện	Hệ thống/Thuật ngữ			Unlock Connoisseur Channel
lang_multi_text.db	Text_BattlePassBuyButton3_Text	3.4	Hội thoại/Cốt truyện	Hệ thống/Thuật ngữ			View Insider Channel
lang_multi_text.db	Text_BattlePassBuyLevelText_Text	3.4	Hội thoại/Cốt truyện	Hệ thống/Thuật ngữ			Purchase {0} level(s) and obtain the following rewards
lang_multi_text.db	Text_BattlePassBuyText1_Text	3.4	Hội thoại/Cốt truyện	Hệ thống/Thuật ngữ			Unlock Insider Channel
lang_multi_text.db	Text_BattlePassBuyText2_Text	3.4	Hội thoại/Cốt truyện	Hệ thống/Thuật ngữ			Upgrade to Connoisseur Channel
lang_multi_text.db	Text_BattlePassBuyText3_Text	3.4	Hội thoại/Cốt truyện	Hệ thống/Thuật ngữ			View Insider Channel
lang_multi_text.db	Text_BattlePassDayTask_Text	3.4	Hội thoại/Cốt truyện	Hệ thống/Thuật ngữ			Morning Broadcasts
lang_multi_text.db	Text_BattlePassExpMax_Text	3.4	Hội thoại/Cốt truyện	Hệ thống/Thuật ngữ			Podcast level maxed. Unable to obtain Podcast EXP.
lang_multi_text.db	Text_BattlePassLevelBuy1_Text	3.4	Hội thoại/Cốt truyện	Hệ thống/Thuật ngữ			Increase Podcast Level to <color=#c49e55>{0}</color> and claim:
lang_multi_text.db	Text_BattlePassLevelBuy2_Text	3.4	Hội thoại/Cốt truyện	Hệ thống/Thuật ngữ			Purchase Level: {0}
lang_multi_text.db	Text_BattlePassLevelBuyMax_Text	3.4	Hội thoại/Cốt truyện	Hệ thống/Thuật ngữ			Max level reached
lang_multi_text.db	Text_BattlePassLevelBuy_Text	3.4	Hội thoại/Cốt truyện	Hệ thống/Thuật ngữ			Purchase Level
lang_multi_text.db	Text_BattlePassLoopReward_Text	3.4	Hội thoại/Cốt truyện	Hệ thống/Thuật ngữ			Star Rebound
lang_multi_text.db	Text_BattlePassRefreshTime1_Text	3.4	Hội thoại/Cốt truyện	Hệ thống/Thuật ngữ			{0}d {1}h
lang_multi_text.db	Text_BattlePassRefreshTime2_Text	3.4	Hội thoại/Cốt truyện	Hệ thống/Thuật ngữ			{0}h 
lang_multi_text.db	Text_BattlePassRefreshTime3_Text	3.4	Hội thoại/Cốt truyện	Hệ thống/Thuật ngữ			< 1h
lang_multi_text.db	Text_BattlePassRemainTime_Text	3.4	Hội thoại/Cốt truyện	Hệ thống/Thuật ngữ			{0}d {1}h
lang_multi_text.db	Text_BattlePassUnlockText1_Text	3.4	Hội thoại/Cốt truyện	Hệ thống/Thuật ngữ			Increase Pioneer Podcast Level to obtain the following rewards
lang_multi_text.db	Text_BattlePassUnlockText2_Text	3.4	Hội thoại/Cốt truyện	Hệ thống/Thuật ngữ			Unlocked to obtain the following rewards
lang_multi_text.db	Text_BattlePassUnlockText3_Text	3.4	Hội thoại/Cốt truyện	Hệ thống/Thuật ngữ			Upgrade to Connoisseur Channel to obtain the following rewards
lang_multi_text.db	Text_BattlePassUnlockTitle1_Text	3.4	Hội thoại/Cốt truyện	Hệ thống/Thuật ngữ			Insider Channel Unlocked
lang_multi_text.db	Text_BattlePassUnlockTitle2_Text	3.4	Hội thoại/Cốt truyện	Hệ thống/Thuật ngữ			Connoisseur Channel Unlocked
lang_multi_text.db	Text_BattlePassUnlockTitle3_Text	3.4	Hội thoại/Cốt truyện	Hệ thống/Thuật ngữ			Connoisseur Channel Unlocked
lang_multi_text.db	Text_BattlePassWeekExp_Text	3.4	Hội thoại/Cốt truyện	Hệ thống/Thuật ngữ			Weekly EXP Limit: {0}/{1}
lang_multi_text.db	Text_BattlePassWeekTask_Text	3.4	Hội thoại/Cốt truyện	Hệ thống/Thuật ngữ			Weekly Highlights
lang_multi_text.db	Text_BattlePassWeeklyExpMax_Text	3.4	Hội thoại/Cốt truyện	Hệ thống/Thuật ngữ			Weekly EXP limit reached
lang_multi_text.db	Text_BattleTeamCanNotDownAllRole_Text	3.4	Hội thoại/Cốt truyện	Hệ thống/Thuật ngữ			Unable to remove all Resonators
lang_multi_text.db	Text_BattleTeamNotMyRole_Text	3.4	Hội thoại/Cốt truyện	Hệ thống/Thuật ngữ			Cannot replace Characters not owned
lang_multi_text.db	Text_BattleTeamPositionCanNotEdit_Text	3.4	Hội thoại/Cốt truyện	Hệ thống/Thuật ngữ			Cannot edit this combat position
lang_multi_text.db	Text_BattleTeamReadyRole_Text	3.4	Hội thoại/Cốt truyện	Hệ thống/Thuật ngữ			Cannot replace Characters that are ready
lang_multi_text.db	Text_BattleTipCountdown_Text	3.4	Hội thoại/Cốt truyện	Hệ thống/Thuật ngữ			{0}s
lang_multi_text.db	Text_Below_Text	3.4	Hội thoại/Cốt truyện	Hệ thống/Thuật ngữ			▼ {0}m
lang_multi_text.db	Text_BirthDay_Text	3.4	Hội thoại/Cốt truyện	Hệ thống/Thuật ngữ			{0} {1}
lang_multi_text.db	Text_BirthIsSetCanNotChange_Text	3.4	Hội thoại/Cốt truyện	Hệ thống/Thuật ngữ			Birthday has been set and cannot be modified
lang_multi_text.db	Text_BossInformation_Text	3.4	Hội thoại/Cốt truyện	Hệ thống/Thuật ngữ			Tough enemy information
lang_multi_text.db	Text_Boy_Text	3.4	Hội thoại/Cốt truyện	Hệ thống/Thuật ngữ			Rover (Male)
lang_multi_text.db	Text_BuffInformation_Text	3.4	Hội thoại/Cốt truyện	Hệ thống/Thuật ngữ			Guardian of the Voice
lang_multi_text.db	Text_BugCount_Text	3.4	Hội thoại/Cốt truyện	Hệ thống/Thuật ngữ			Purchase quantity: {0}
lang_multi_text.db	Text_ButtonTextChallengeOneMore_Text	3.4	Hội thoại/Cốt truyện	Hệ thống/Thuật ngữ			Challenge Again
lang_multi_text.db	Text_ButtonTextConfirmResult_Text	3.4	Hội thoại/Cốt truyện	Hệ thống/Thuật ngữ			Confirm Score
lang_multi_text.db	Text_ButtonTextConfirm_Text	3.4	Hội thoại/Cốt truyện	Hệ thống/Thuật ngữ			Confirm
lang_multi_text.db	Text_ButtonTextContinue_Text	3.4	Hội thoại/Cốt truyện	Hệ thống/Thuật ngữ			Continue Challenge
lang_multi_text.db	Text_ButtonTextExit_Text	3.4	Hội thoại/Cốt truyện	Hệ thống/Thuật ngữ			Exit
lang_multi_text.db	Text_ButtonTextGoOnTower_Text	3.4	Hội thoại/Cốt truyện	Hệ thống/Thuật ngữ			To {0} - Floor {1}
lang_multi_text.db	Text_ButtonTextRetry_Text	3.4	Hội thoại/Cốt truyện	Hệ thống/Thuật ngữ			Restart
lang_multi_text.db	Text_BvBPlayerOperationForbidden_Text	3.4	Hội thoại/Cốt truyện	Hệ thống/Thuật ngữ			Too many inputs. Please wait before trying again, Rover!
lang_multi_text.db	Text_CalabashCatchGain_0_Text	3.4	Hội thoại/Cốt truyện	Hệ thống/Thuật ngữ			Common Class
lang_multi_text.db	Text_CalabashCatchGain_1_Text	3.4	Hội thoại/Cốt truyện	Hệ thống/Thuật ngữ			Elite Class
lang_multi_text.db	Text_CalabashCatchGain_2_Text	3.4	Hội thoại/Cốt truyện	Hệ thống/Thuật ngữ			Overlord Class
lang_multi_text.db	Text_CalabashCatchGain_3_Text	3.4	Hội thoại/Cốt truyện	Hệ thống/Thuật ngữ			Calamity Class
lang_multi_text.db	Text_CalabashCultivate_Text	3.4	Hội thoại/Cốt truyện	Hệ thống/Thuật ngữ			Upgrade complete
lang_multi_text.db	Text_CalabashExpHandbook_Text	3.4	Hội thoại/Cốt truyện	Hệ thống/Thuật ngữ			An error occurred. You can contact Customer Service for further instructions.
lang_multi_text.db	Text_CalabashGemGain_2_Text	3.4	Hội thoại/Cốt truyện	Hệ thống/Thuật ngữ			2-Star Echo
lang_multi_text.db	Text_CalabashGemGain_3_Text	3.4	Hội thoại/Cốt truyện	Hệ thống/Thuật ngữ			3-Star Echo
lang_multi_text.db	Text_CalabashGemGain_4_Text	3.4	Hội thoại/Cốt truyện	Hệ thống/Thuật ngữ			4-Star Echo
lang_multi_text.db	Text_CalabashGemGain_5_Text	3.4	Hội thoại/Cốt truyện	Hệ thống/Thuật ngữ			5-Star Echo
lang_multi_text.db	Text_CalabashLevelExpTips_Text	3.4	Hội thoại/Cốt truyện	Hệ thống/Thuật ngữ			Insufficient EXP
lang_multi_text.db	Text_CalabashLevelMaxTips_Text	3.4	Hội thoại/Cốt truyện	Hệ thống/Thuật ngữ			Max level reached
lang_multi_text.db	Text_CalabashLevelNextTips_Text	3.4	Hội thoại/Cốt truyện	Hệ thống/Thuật ngữ			Level {0} Effect
lang_multi_text.db	Text_CalabashLevelUpLimit_Text	3.4	Hội thoại/Cốt truyện	Hệ thống/Thuật ngữ			Reach Union Level {0} to level up
lang_multi_text.db	Text_CalabashLevelUpgrade_Text	3.4	Hội thoại/Cốt truyện	Hệ thống/Thuật ngữ			Upgrade
lang_multi_text.db	Text_CalabashLockSource_Text	3.4	Hội thoại/Cốt truyện	Hệ thống/Thuật ngữ			Origin
lang_multi_text.db	Text_CalabashLock_Text	3.4	Hội thoại/Cốt truyện	Hệ thống/Thuật ngữ			Locked
lang_multi_text.db	Text_CalabashPhantomRollback_Text	3.4	Hội thoại/Cốt truyện	Hệ thống/Thuật ngữ			Data Recovery
lang_multi_text.db	Text_CalabashUnCultivate_Text	3.4	Hội thoại/Cốt truyện	Hệ thống/Thuật ngữ			Upgrade incomplete
lang_multi_text.db	Text_CalabashUnlock_Text	3.4	Hội thoại/Cốt truyện	Hệ thống/Thuật ngữ			Unlocked
lang_multi_text.db	Text_CalabashUpgradeGoldShortage_Text	3.4	Hội thoại/Cốt truyện	Hệ thống/Thuật ngữ			Insufficient upgrade materials
lang_multi_text.db	Text_CalabashUpgradeTitle_Text	3.4	Hội thoại/Cốt truyện	Hệ thống/Thuật ngữ			Resonance Terminal adjusting
lang_multi_text.db	Text_CanNotChangeInputKey_Text	3.4	Hội thoại/Cốt truyện	Hệ thống/Thuật ngữ			This button is currently unavailable
lang_multi_text.db	Text_CanNotChangeSexWhenTrail_Text	3.4	Hội thoại/Cốt truyện	Hệ thống/Thuật ngữ			A trial Resonator is currently in your team. Cannot switch Rover's appearance.
lang_multi_text.db	Text_CanNotMatching_Text	3.4	Hội thoại/Cốt truyện	Hệ thống/Thuật ngữ			Cannot initiate match challenge under current status
lang_multi_text.db	Text_CanNotTransferInFight_Text	3.4	Hội thoại/Cốt truyện	Hệ thống/Thuật ngữ			Cannot switch Rover's appearance during battle
lang_multi_text.db	Text_CanNotTransferInInstance_Text	3.4	Hội thoại/Cốt truyện	Hệ thống/Thuật ngữ			Cannot switch Rover's appearance in dungeons
lang_multi_text.db	Text_CanNotUseInstance_Text	3.4	Hội thoại/Cốt truyện	Hệ thống/Thuật ngữ			You cannot use this item
lang_multi_text.db	Text_CanReceivedCount_Text	3.4	Hội thoại/Cốt truyện	Hệ thống/Thuật ngữ			Remaining Attempts This Week: {0}
lang_multi_text.db	Text_CancelMatch_Text	3.4	Hội thoại/Cốt truyện	Hệ thống/Thuật ngữ			{0} matching canceled
lang_multi_text.db	Text_CancelMuteText_Text	3.4	Hội thoại/Cốt truyện	Hệ thống/Thuật ngữ			Unmute
lang_multi_text.db	Text_Cancel_Text	3.4	Hội thoại/Cốt truyện	Hệ thống/Thuật ngữ			Cancel
lang_multi_text.db	Text_CannotChangeRoleBeforeStartBattle_Text	3.4	Hội thoại/Cốt truyện	Hệ thống/Thuật ngữ			Cannot switch characters before the challenge begins
lang_multi_text.db	Text_CannotInvite_Text	3.4	Hội thoại/Cốt truyện	Hệ thống/Thuật ngữ			A teammate has left the instance. Unable to continue.
lang_multi_text.db	Text_CannotRevive_Text	3.4	Hội thoại/Cốt truyện	Hệ thống/Thuật ngữ			Cannot revive in this area
lang_multi_text.db	Text_CannotSuggest_Text	3.4	Hội thoại/Cốt truyện	Hệ thống/Thuật ngữ			Cannot propose in this state
lang_multi_text.db	Text_CantBuyGoods_Text	3.4	Hội thoại/Cốt truyện	Hệ thống/Thuật ngữ			Cannot purchase more
lang_multi_text.db	Text_CantEnterOtherWorld_Text	3.4	Hội thoại/Cốt truyện	Hệ thống/Thuật ngữ			Currently unable to join Co-op
lang_multi_text.db	Text_ChallengeAgain_Text	3.4	Hội thoại/Cốt truyện	Hệ thống/Thuật ngữ			Restart
lang_multi_text.db	Text_ChallengeFailDesc_Text	3.4	Hội thoại/Cốt truyện	Hệ thống/Thuật ngữ			Calculation Error
lang_multi_text.db	Text_ChallengeFail_Text	3.4	Hội thoại/Cốt truyện	Hệ thống/Thuật ngữ			Failed
lang_multi_text.db	Text_ChallengeFinish_Text	3.4	Hội thoại/Cốt truyện	Hệ thống/Thuật ngữ			Challenge Complete
lang_multi_text.db	Text_ChallengeGetReward_Text	3.4	Hội thoại/Cốt truyện	Hệ thống/Thuật ngữ			Rewards Obtained
lang_multi_text.db	Text_ChallengeSuccessTips_Text	3.4	Hội thoại/Cốt truyện	Hệ thống/Thuật ngữ			Challenge Complete
lang_multi_text.db	Text_ChallengeSuccess_Text	3.4	Hội thoại/Cốt truyện	Hệ thống/Thuật ngữ			Challenge Complete
lang_multi_text.db	Text_ChangeFirstLineWord_Text	3.4	Hội thoại/Cốt truyện	Hệ thống/Thuật ngữ			Change the first sentence
lang_multi_text.db	Text_ChangeFormation_Text	3.4	Hội thoại/Cốt truyện	Hệ thống/Thuật ngữ			Adjust the lineup
lang_multi_text.db	Text_ChangeInputKey_Text	3.4	Hội thoại/Cốt truyện	Hệ thống/Thuật ngữ			Press the key you want to configure
lang_multi_text.db	Text_ChangeLastLineWord_Text	3.4	Hội thoại/Cốt truyện	Hệ thống/Thuật ngữ			Change the last sentence
lang_multi_text.db	Text_ChangeOneLineWord_Text	3.4	Hội thoại/Cốt truyện	Hệ thống/Thuật ngữ			Change a sentence
lang_multi_text.db	Text_ChangeText_Text	3.4	Hội thoại/Cốt truyện	Hệ thống/Thuật ngữ			Replace
lang_multi_text.db	Text_ChangeWord_Text	3.4	Hội thoại/Cốt truyện	Hệ thống/Thuật ngữ			Select vocabulary
lang_multi_text.db	Text_ChapterRewardGet_Text	3.4	Hội thoại/Cốt truyện	Hệ thống/Thuật ngữ			Rewards received
lang_multi_text.db	Text_CharacterVoice_Text	3.4	Hội thoại/Cốt truyện	Hệ thống/Thuật ngữ			VA
lang_multi_text.db	Text_ChatCdText_Text	3.4	Hội thoại/Cốt truyện	Hệ thống/Thuật ngữ			The interval between sending messages is too short
lang_multi_text.db	Text_CheckIntegrity_Text	3.4	Hội thoại/Cốt truyện	Hệ thống/Thuật ngữ			The game integrity is being verified {0}%
lang_multi_text.db	Text_ChildPrivacyAgreement_Text	3.4	Hội thoại/Cốt truyện	Hệ thống/Thuật ngữ			Anomalies exist, please contact official customer service if you have any questions.
lang_multi_text.db	Text_ChildPrivacyTitle_Text	3.4	Hội thoại/Cốt truyện	Hệ thống/Thuật ngữ			Anomalies exist, please contact official customer service if you have any questions.
lang_multi_text.db	Text_ChipHandBookLock_Text	3.4	Hội thoại/Cốt truyện	Hệ thống/Thuật ngữ			No Record
lang_multi_text.db	Text_ClearLastAreaUnLock_Text	3.4	Hội thoại/Cốt truyện	Hệ thống/Thuật ngữ			Complete previous exploration to unlock
lang_multi_text.db	Text_ClearLastTower_Text	3.4	Hội thoại/Cốt truyện	Hệ thống/Thuật ngữ			You need to complete the exploration of the previous area to challenge
lang_multi_text.db	Text_ClearThenGetReward_Text	3.4	Hội thoại/Cốt truyện	Hệ thống/Thuật ngữ			Get in advance after completing the exploration of {0}
lang_multi_text.db	Text_ClickBlankClose_Text	3.4	Hội thoại/Cốt truyện	Hệ thống/Thuật ngữ			Tap the blank area to close
lang_multi_text.db	Text_ClickEnterGame_Text	3.4	Hội thoại/Cốt truyện	Hệ thống/Thuật ngữ			Tap to land in Solaris-3
lang_multi_text.db	Text_ClickToContinue_Text	3.4	Hội thoại/Cốt truyện	Hệ thống/Thuật ngữ			Log in to the game
lang_multi_text.db	Text_ClickToSetSign_Text	3.4	Hội thoại/Cốt truyện	Hệ thống/Thuật ngữ			Edit Bio
lang_multi_text.db	Text_CollectProgress_Text	3.4	Hội thoại/Cốt truyện	Hệ thống/Thuật ngữ			{0}/{1}
lang_multi_text.db	Text_Collected_Text	3.4	Hội thoại/Cốt truyện	Hệ thống/Thuật ngữ			Collected: {0}
lang_multi_text.db	Text_CommonTipsDebugItemId_Text	3.4	Hội thoại/Cốt truyện	Hệ thống/Thuật ngữ			Item ID: {0}
lang_multi_text.db	Text_CompleteReward_Text	3.4	Hội thoại/Cốt truyện	Hệ thống/Thuật ngữ			{0} Achieved
lang_multi_text.db	Text_ComplianceWithTheLaw_Text	3.4	Hội thoại/Cốt truyện	Hệ thống/Thuật ngữ			Please be mindful of local laws and regulations when editing this content.
lang_multi_text.db	Text_ComposeButtonText_Text	3.4	Hội thoại/Cốt truyện	Hệ thống/Thuật ngữ			Synthesize
lang_multi_text.db	Text_ComposeLevelButtonText_Text	3.4	Hội thoại/Cốt truyện	Hệ thống/Thuật ngữ			Synthesis Level
lang_multi_text.db	Text_ComposeLevel_Text	3.4	Hội thoại/Cốt truyện	Hệ thống/Thuật ngữ			Pharmacist Level
lang_multi_text.db	Text_ComposeRole_Text	3.4	Hội thoại/Cốt truyện	Hệ thống/Thuật ngữ			Select a Resonator to assist you:
lang_multi_text.db	Text_ComposeSelectRoleButtonText_Text	3.4	Hội thoại/Cốt truyện	Hệ thống/Thuật ngữ			Confirm
lang_multi_text.db	Text_ComposeSuccess_Text	3.4	Hội thoại/Cốt truyện	Hệ thống/Thuật ngữ			Complete
lang_multi_text.db	Text_ComposeUpgradeButtonText_Text	3.4	Hội thoại/Cốt truyện	Hệ thống/Thuật ngữ			Level Up
lang_multi_text.db	Text_Compose_Text	3.4	Hội thoại/Cốt truyện	Hệ thống/Thuật ngữ			Synthesize
lang_multi_text.db	Text_ConfirmText_Text	3.4	Hội thoại/Cốt truyện	Hệ thống/Thuật ngữ			Confirm
lang_multi_text.db	Text_Confirm_Text	3.4	Hội thoại/Cốt truyện	Hệ thống/Thuật ngữ			Confirm
lang_multi_text.db	Text_CongratulationsGet_Text	3.4	Hội thoại/Cốt truyện	Hệ thống/Thuật ngữ			Congratulations on unlocking {0}
lang_multi_text.db	Text_ConnectGateWayFail_Text	3.4	Hội thoại/Cốt truyện	Hệ thống/Thuật ngữ			The gateway connection timed out. Please try again later.
lang_multi_text.db	Text_ContinueChallenge_Text	3.4	Hội thoại/Cốt truyện	Hệ thống/Thuật ngữ			Continue Challenge
lang_multi_text.db	Text_ContinueExplore_Text	3.4	Hội thoại/Cốt truyện	Hệ thống/Thuật ngữ			Continue exploring
lang_multi_text.db	Text_ContributionValueShow_Text	3.4	Hội thoại/Cốt truyện	Hệ thống/Thuật ngữ			There is an anomaly, please contact the official customer service if you have any questions.
lang_multi_text.db	Text_CookButtonText_Text	3.4	Hội thoại/Cốt truyện	Hệ thống/Thuật ngữ			Cook
lang_multi_text.db	Text_CookInputCount_Text	3.4	Hội thoại/Cốt truyện	Hệ thống/Thuật ngữ			Amount
lang_multi_text.db	Text_CookLevelButtonText_Text	3.4	Hội thoại/Cốt truyện	Hệ thống/Thuật ngữ			Chef Level
lang_multi_text.db	Text_CookLevel_Text	3.4	Hội thoại/Cốt truyện	Hệ thống/Thuật ngữ			Chef Level
lang_multi_text.db	Text_CookProgressText_Text	3.4	Hội thoại/Cốt truyện	Hệ thống/Thuật ngữ			{0}/<color=#808080>{1}</color>
lang_multi_text.db	Text_CookRole_Text	3.4	Hội thoại/Cốt truyện	Hệ thống/Thuật ngữ			Select an assistant
lang_multi_text.db	Text_CookSelectRoleButtonText_Text	3.4	Hội thoại/Cốt truyện	Hệ thống/Thuật ngữ			Confirm
lang_multi_text.db	Text_CookStudyEmpty_Text	3.4	Hội thoại/Cốt truyện	Hệ thống/Thuật ngữ			Insufficient materials for Culinary Research
lang_multi_text.db	Text_CookStudyTitle_Text	3.4	Hội thoại/Cốt truyện	Hệ thống/Thuật ngữ			Select ingredients for Culinary Research
lang_multi_text.db	Text_CookUpgradeButtonText_Text	3.4	Hội thoại/Cốt truyện	Hệ thống/Thuật ngữ			Promotion
lang_multi_text.db	Text_Cook_Text	3.4	Hội thoại/Cốt truyện	Hệ thống/Thuật ngữ			Cook
lang_multi_text.db	Text_CookingHeadline_Text	3.4	Hội thoại/Cốt truyện	Hệ thống/Thuật ngữ			Cooking
lang_multi_text.db	Text_Cooking_Text	3.4	Hội thoại/Cốt truyện	Hệ thống/Thuật ngữ			Cook
lang_multi_text.db	Text_CopyUID_Text	3.4	Hội thoại/Cốt truyện	Hệ thống/Thuật ngữ			The User ID has been copied.
lang_multi_text.db	Text_CorePluginType_Text	3.4	Hội thoại/Cốt truyện	Hệ thống/Thuật ngữ			Awakening Module
lang_multi_text.db	Text_CorePlugin_Text	3.4	Hội thoại/Cốt truyện	Hệ thống/Thuật ngữ			Awakening Module(s): {0}
lang_multi_text.db	Text_CostSkillPoint_Text	3.4	Hội thoại/Cốt truyện	Hệ thống/Thuật ngữ			Consume: {0}
lang_multi_text.db	Text_CumulativeProficiency_Text	3.4	Hội thoại/Cốt truyện	Hệ thống/Thuật ngữ			<color=#f9ffff99>Total</color>: <color=#f9ffff>{0}</color><color=#f9ffff99>/{1}</color>
lang_multi_text.db	Text_CurGeographyHandBookLock_Text	3.4	Hội thoại/Cốt truyện	Hệ thống/Thuật ngữ			Locked
lang_multi_text.db	Text_CurPlotHandBookLock_Text	3.4	Hội thoại/Cốt truyện	Hệ thống/Thuật ngữ			Locked
lang_multi_text.db	Text_CurrentDifficultHasFinished_Text	3.4	Hội thoại/Cốt truyện	Hệ thống/Thuật ngữ			The exploration of this layer has been completed
lang_multi_text.db	Text_CurrentPoint_Text	3.4	Hội thoại/Cốt truyện	Hệ thống/Thuật ngữ			Current exploration degree {0}/{1}
lang_multi_text.db	Text_CurrentQuestOccupied_Text	3.4	Hội thoại/Cốt truyện	Hệ thống/Thuật ngữ			Necessary characters unavailable. Cannot continue this quest.
lang_multi_text.db	Text_CurrentTeam_Text	3.4	Hội thoại/Cốt truyện	Hệ thống/Thuật ngữ			Current team
lang_multi_text.db	Text_CycleTowerAreaTips_Text	3.4	Hội thoại/Cốt truyện	Hệ thống/Thuật ngữ			{0} - {1} - Floor {2}
lang_multi_text.db	Text_CycleTowerDetailBossTips_Text	3.4	Hội thoại/Cốt truyện	Hệ thống/Thuật ngữ			Master of Phantom Sound
lang_multi_text.db	Text_CycleTowerDetailBuffTips_Text	3.4	Hội thoại/Cốt truyện	Hệ thống/Thuật ngữ			Heterogeneous Residual Sound
lang_multi_text.db	Text_CycleTowerProgress_Text	3.4	Hội thoại/Cốt truyện	Hệ thống/Thuật ngữ			Total Exploration Progress {0}
lang_multi_text.db	Text_DaMaoZhan_Gain	3.4	Hội thoại/Cốt truyện	Hệ thống/Thuật ngữ			Claim
lang_multi_text.db	Text_DaMaoZhan_OnProgress	3.4	Hội thoại/Cốt truyện	Hệ thống/Thuật ngữ			Ongoing
lang_multi_text.db	Text_DailyTaskTitle_Text	3.4	Hội thoại/Cốt truyện	Hệ thống/Thuật ngữ			Pioneer Association
lang_multi_text.db	Text_DangoEquipErrorDango_Text	3.4	Hội thoại/Cốt truyện	Hệ thống/Thuật ngữ			{0} Exclusive Module
lang_multi_text.db	Text_DangoEquipRepeat_Text	3.4	Hội thoại/Cốt truyện	Hệ thống/Thuật ngữ			Cannot equip two or more of the same Passive Module
lang_multi_text.db	Text_DangoEquipSame_Text	3.4	Hội thoại/Cốt truyện	Hệ thống/Thuật ngữ			Cannot equip the Resonator's own Module
lang_multi_text.db	Text_DangoEquipSuccessPutOn_Text	3.4	Hội thoại/Cốt truyện	Hệ thống/Thuật ngữ			Module equipped
lang_multi_text.db	Text_DangoEquipSuccessSwitch_Text	3.4	Hội thoại/Cốt truyện	Hệ thống/Thuật ngữ			Module replaced
lang_multi_text.db	Text_DangoEquipSuccessTakeOff_Text	3.4	Hội thoại/Cốt truyện	Hệ thống/Thuật ngữ			Module removed
lang_multi_text.db	Text_DangoLevel_Text	3.4	Hội thoại/Cốt truyện	Hệ thống/Thuật ngữ			Lv. <color=#ffd12f>{0}</color>/{1}
lang_multi_text.db	Text_DangoPluginCount_Text	3.4	Hội thoại/Cốt truyện	Hệ thống/Thuật ngữ			Current Amount {0}
lang_multi_text.db	Text_DangoPluginItemCapacity_Text	3.4	Hội thoại/Cốt truyện	Hệ thống/Thuật ngữ			Max Size: {0}/{1}
lang_multi_text.db	Text_DataCollation_Text	3.4	Hội thoại/Cốt truyện	Hệ thống/Thuật ngữ			Data is being compiled
lang_multi_text.db	Text_DataFromOther_Text	3.4	Hội thoại/Cốt truyện	Hệ thống/Thuật ngữ			Lineups from other players that recently achieved perfect scores on their first clears
lang_multi_text.db	Text_DateOfAcquisition_Text	3.4	Hội thoại/Cốt truyện	Hệ thống/Thuật ngữ			Recorded date: {0}
lang_multi_text.db	Text_DayBefore_Text	3.4	Hội thoại/Cốt truyện	Hệ thống/Thuật ngữ			{0} days ago
lang_multi_text.db	Text_DayText_Text	3.4	Hội thoại/Cốt truyện	Hệ thống/Thuật ngữ			{0}-{1} {2}:{3}
lang_multi_text.db	Text_DefaultBonus_Text	3.4	Hội thoại/Cốt truyện	Hệ thống/Thuật ngữ			Bonus: {0}
lang_multi_text.db	Text_DefaultComposeHelperText_Text	3.4	Hội thoại/Cốt truyện	Hệ thống/Thuật ngữ			This Resonator cannot provide a bonus in synthesizing this item
lang_multi_text.db	Text_DefaultForgingHelperText_Text	3.4	Hội thoại/Cốt truyện	Hệ thống/Thuật ngữ			This Resonator cannot provide bonus in crafting this weapon
lang_multi_text.db	Text_DefaultHelperText_Text	3.4	Hội thoại/Cốt truyện	Hệ thống/Thuật ngữ			This Resonator cannot provide a bonus in cooking this dish
lang_multi_text.db	Text_DefaultSign_Text	3.4	Hội thoại/Cốt truyện	Hệ thống/Thuật ngữ			A Rover without past memories.
lang_multi_text.db	Text_Defense_Text	3.4	Hội thoại/Cốt truyện	Hệ thống/Thuật ngữ			DEF & Healing
lang_multi_text.db	Text_DeleteFriendText_Text	3.4	Hội thoại/Cốt truyện	Hệ thống/Thuật ngữ			Unfriended
lang_multi_text.db	Text_DeleteLanguage_Text	3.4	Hội thoại/Cốt truyện	Hệ thống/Thuật ngữ			Uninstall
lang_multi_text.db	Text_DeleteReadedMail_Text	3.4	Hội thoại/Cốt truyện	Hệ thống/Thuật ngữ			Delete Read Mails
lang_multi_text.db	Text_DeleteText_Text	3.4	Hội thoại/Cốt truyện	Hệ thống/Thuật ngữ			Delete
lang_multi_text.db	Text_DeliverNoMaterial_Text	3.4	Hội thoại/Cốt truyện	Hệ thống/Thuật ngữ			Insufficient items for delivery
lang_multi_text.db	Text_DesktopAutoPickUp_Text	3.4	Hội thoại/Cốt truyện	Hệ thống/Thuật ngữ			Hold {<ActionId=19>} to collect all
lang_multi_text.db	Text_Detail_Text	3.4	Hội thoại/Cốt truyện	Hệ thống/Thuật ngữ			Details
lang_multi_text.db	Text_Detect_Text	3.4	Hội thoại/Cốt truyện	Hệ thống/Thuật ngữ			Detect
lang_multi_text.db	Text_Dishes_Text	3.4	Hội thoại/Cốt truyện	Hệ thống/Thuật ngữ			Dish
lang_multi_text.db	Text_Doing_Text	3.4	Hội thoại/Cốt truyện	Hệ thống/Thuật ngữ			Ongoing
lang_multi_text.db	Text_DoubleDesc_Text	3.4	Hội thoại/Cốt truyện	Hệ thống/Thuật ngữ			Double rewards will be returned for the first purchase of each gear
lang_multi_text.db	Text_DownloadFinished_Text	3.4	Hội thoại/Cốt truyện	Hệ thống/Thuật ngữ			Downloaded
lang_multi_text.db	Text_DownloadLanguage_Text	3.4	Hội thoại/Cốt truyện	Hệ thống/Thuật ngữ			Download
lang_multi_text.db	Text_DropPhantom_Text	3.4	Hội thoại/Cốt truyện	Hệ thống/Thuật ngữ			Echo Dropped
lang_multi_text.db	Text_DungeonLocked_Text	3.4	Hội thoại/Cốt truyện	Hệ thống/Thuật ngữ			This area has not yet been unlocked
lang_multi_text.db	Text_EchoFull_Text	3.4	Hội thoại/Cốt truyện	Hệ thống/Thuật ngữ			Cannot Merge Enhanced Echoes
lang_multi_text.db	Text_EchoLack_Text	3.4	Hội thoại/Cốt truyện	Hệ thống/Thuật ngữ			Please put in 5 Echoes
lang_multi_text.db	Text_EchoLimit_Text	3.4	Hội thoại/Cốt truyện	Hệ thống/Thuật ngữ			Number capped
lang_multi_text.db	Text_EchoMaterialLack_Text	3.4	Hội thoại/Cốt truyện	Hệ thống/Thuật ngữ			Unable to upgrade to the next tunable level
lang_multi_text.db	Text_EchoSelect_Text	3.4	Hội thoại/Cốt truyện	Hệ thống/Thuật ngữ			Select Echoes ({0}/{1})
lang_multi_text.db	Text_EditBattleTeamCant_Text	3.4	Hội thoại/Cốt truyện	Hệ thống/Thuật ngữ			There is a character in the current lineup with insufficient Vigor
lang_multi_text.db	Text_EditBattleTeamForbitClimb_Text	3.4	Hội thoại/Cốt truyện	Hệ thống/Thuật ngữ			Cannot adjust the team lineup while climbing
lang_multi_text.db	Text_EditBattleTeamForbitJump_Text	3.4	Hội thoại/Cốt truyện	Hệ thống/Thuật ngữ			Cannot adjust the team lineup while jumping
lang_multi_text.db	Text_EditBattleTeamForbitNear_Text	3.4	Hội thoại/Cốt truyện	Hệ thống/Thuật ngữ			Cannot adjust the team lineup in combat
lang_multi_text.db	Text_EditBattleTeamForbitState_Text	3.4	Hội thoại/Cốt truyện	Hệ thống/Thuật ngữ			Cannot adjust the team lineup in the current state
lang_multi_text.db	Text_EditBattleTeamForbitSwim_Text	3.4	Hội thoại/Cốt truyện	Hệ thống/Thuật ngữ			Cannot adjust the team lineup while swimming
lang_multi_text.db	Text_EditBattleTeamInCD_Text	3.4	Hội thoại/Cốt truyện	Hệ thống/Thuật ngữ			Cannot switch characters in cooldown state
lang_multi_text.db	Text_EditBattleTeamInTeam_Text	3.4	Hội thoại/Cốt truyện	Hệ thống/Thuật ngữ			Character has been deployed
lang_multi_text.db	Text_EditBattleTeamLastRole_Text	3.4	Hội thoại/Cốt truyện	Hệ thống/Thuật ngữ			At least one character is needed in the team
lang_multi_text.db	Text_EditBattleTeamNoRole_Text	3.4	Hội thoại/Cốt truyện	Hệ thống/Thuật ngữ			There are no available characters in the current team, unable to deploy
lang_multi_text.db	Text_EditBattleTeamOtherPlayer_Text	3.4	Hội thoại/Cốt truyện	Hệ thống/Thuật ngữ			Cannot change other's character
lang_multi_text.db	Text_EditBattleTeamRoleEmpty_Text	3.4	Hội thoại/Cốt truyện	Hệ thống/Thuật ngữ			There are no available characters in the current team, unable to switch
lang_multi_text.db	Text_EditBattleTeamRoleFull_Text	3.4	Hội thoại/Cốt truyện	Hệ thống/Thuật ngữ			Current team is full.
lang_multi_text.db	Text_EditBattleTeamTitle_Text	3.4	Hội thoại/Cốt truyện	Hệ thống/Thuật ngữ			Edit Team
lang_multi_text.db	Text_EditFormationAllDead_Text	3.4	Hội thoại/Cốt truyện	Hệ thống/Thuật ngữ			Needs at least one non-downed Resonator
lang_multi_text.db	Text_EditFormationCancelMarch_Text	3.4	Hội thoại/Cốt truyện	Hệ thống/Thuật ngữ			Cancel matching
lang_multi_text.db	Text_EditFormationEmpty_Text	3.4	Hội thoại/Cốt truyện	Hệ thống/Thuật ngữ			Character not added yet
lang_multi_text.db	Text_EditFormationFight_Text	3.4	Hội thoại/Cốt truyện	Hệ thống/Thuật ngữ			Deploy
lang_multi_text.db	Text_EditFormationFighting_Text	3.4	Hội thoại/Cốt truyện	Hệ thống/Thuật ngữ			Deployed
lang_multi_text.db	Text_EditFormationNeedRevive_Text	3.4	Hội thoại/Cốt truyện	Hệ thống/Thuật ngữ			Needs to recover before joining the team
lang_multi_text.db	Text_EditFormationRevive_Text	3.4	Hội thoại/Cốt truyện	Hệ thống/Thuật ngữ			Revive
lang_multi_text.db	Text_EditFormationSkill_Text	3.4	Hội thoại/Cốt truyện	Hệ thống/Thuật ngữ			When <color=#ffd12f>Concerto Energy</color> is full, switch characters to trigger <color=#ffd12f>Outro Skills</color> that provide various buffs and effects.
lang_multi_text.db	Text_EditFormationSkill_online_Text	3.4	Hội thoại/Cốt truyện	Hệ thống/Thuật ngữ			When the <color=#ffd12f>Concerto Energy</color> of the team member is full, click on the team member's avatar to get the <color=#ffd12f>Outro Skill</color> effect of the team member
lang_multi_text.db	Text_EffectDescrtption_Text	3.4	Hội thoại/Cốt truyện	Hệ thống/Thuật ngữ			Effect Description
lang_multi_text.db	Text_Eight_Text	3.4	Hội thoại/Cốt truyện	Hệ thống/Thuật ngữ			VIII
lang_multi_text.db	Text_ElementEnergyDes_Text	3.4	Hội thoại/Cốt truyện	Hệ thống/Thuật ngữ			Resonator will accumulate Concerto Energy when using skills to cause damage <color=#1398ef>in battle</color>. When the Concerto Energy is full, you can get the <color=#1398ef>Concerto Energy Orb</color>. Switch characters, the consumption of the existing Concerto Energy Orb will trigger the <color=#1398ef>Concerto Effect</color>.
lang_multi_text.db	Text_ElementRestraintDes_Text	3.4	Hội thoại/Cốt truyện	Hệ thống/Thuật ngữ			When the attributes counter each other, the Resonator will cause <color=#1398ef>50%</color> extra DMG to the enemy.
lang_multi_text.db	Text_ElementTransferSuccess_Text	3.4	Hội thoại/Cốt truyện	Hệ thống/Thuật ngữ			Resonance Conversion Success
lang_multi_text.db	Text_Element_1_Text	3.4	Hội thoại/Cốt truyện	Hệ thống/Thuật ngữ			Glacio
lang_multi_text.db	Text_Element_2_Text	3.4	Hội thoại/Cốt truyện	Hệ thống/Thuật ngữ			Fusion
lang_multi_text.db	Text_Element_3_Text	3.4	Hội thoại/Cốt truyện	Hệ thống/Thuật ngữ			Electro
lang_multi_text.db	Text_Element_4_Text	3.4	Hội thoại/Cốt truyện	Hệ thống/Thuật ngữ			Aero
lang_multi_text.db	Text_Element_5_Text	3.4	Hội thoại/Cốt truyện	Hệ thống/Thuật ngữ			Spectro
lang_multi_text.db	Text_Element_6_Text	3.4	Hội thoại/Cốt truyện	Hệ thống/Thuật ngữ			Havoc
lang_multi_text.db	Text_EmptySign_Text	3.4	Hội thoại/Cốt truyện	Hệ thống/Thuật ngữ			No bio yet...
lang_multi_text.db	Text_End_Text	3.4	Hội thoại/Cốt truyện	Hệ thống/Thuật ngữ			End
lang_multi_text.db	Text_Enemy_Text	3.4	Hội thoại/Cốt truyện	Hệ thống/Thuật ngữ			Enemy
lang_multi_text.db	Text_EnteringOtherWorld_Text	3.4	Hội thoại/Cốt truyện	Hệ thống/Thuật ngữ			Joining the world of <color=Highlight>{0}</color>
lang_multi_text.db	Text_Equip_Text	3.4	Hội thoại/Cốt truyện	Hệ thống/Thuật ngữ			Equip
lang_multi_text.db	Text_ExChangeCountDescribe2_Text	3.4	Hội thoại/Cốt truyện	Hệ thống/Thuật ngữ			x{0}
lang_multi_text.db	Text_ExChangeCountDescribe_Text	3.4	Hội thoại/Cốt truyện	Hệ thống/Thuật ngữ			{0} x{1}
lang_multi_text.db	Text_ExChangeCount_Text	3.4	Hội thoại/Cốt truyện	Hệ thống/Thuật ngữ			Redemption Amount: {0}
lang_multi_text.db	Text_ExChangeTitle_Text	3.4	Hội thoại/Cốt truyện	Hệ thống/Thuật ngữ			Redeem {0}
lang_multi_text.db	Text_ExchangeSuccess_Text	3.4	Hội thoại/Cốt truyện	Hệ thống/Thuật ngữ			Redeemed
lang_multi_text.db	Text_Exchange_Text	3.4	Hội thoại/Cốt truyện	Hệ thống/Thuật ngữ			Conversion
lang_multi_text.db	Text_Execution_Error_Die_Text	3.4	Hội thoại/Cốt truyện	Hệ thống/Thuật ngữ			Cannot perform order. Character already fallen.
lang_multi_text.db	Text_Execution_Text	3.4	Hội thoại/Cốt truyện	Hệ thống/Thuật ngữ			Execution
lang_multi_text.db	Text_ExitInstance_Text	3.4	Hội thoại/Cốt truyện	Hệ thống/Thuật ngữ			Exit
lang_multi_text.db	Text_ExitOnlineTeam_Text	3.4	Hội thoại/Cốt truyện	Hệ thống/Thuật ngữ			{0} has left the team
lang_multi_text.db	Text_ExitWorld_Text	3.4	Hội thoại/Cốt truyện	Hệ thống/Thuật ngữ			Exit
lang_multi_text.db	Text_ExpShow_Text	3.4	Hội thoại/Cốt truyện	Hệ thống/Thuật ngữ			{0}/{1}
lang_multi_text.db	Text_ExpText_Text	3.4	Hội thoại/Cốt truyện	Hệ thống/Thuật ngữ			{0}/{1}
lang_multi_text.db	Text_ExplorationDegree_Text	3.4	Hội thoại/Cốt truyện	Hệ thống/Thuật ngữ			{0}%
lang_multi_text.db	Text_ExploreFail_Text	3.4	Hội thoại/Cốt truyện	Hệ thống/Thuật ngữ			Exploration failed
lang_multi_text.db	Text_ExploreFinish_Text	3.4	Hội thoại/Cốt truyện	Hệ thống/Thuật ngữ			Exploration completed
lang_multi_text.db	Text_ExploreLowTips_Text	3.4	Hội thoại/Cốt truyện	Hệ thống/Thuật ngữ			Insufficient Exploration progress. Go and explore a bit more!
lang_multi_text.db	Text_ExploreProgress_Text	3.4	Hội thoại/Cốt truyện	Hệ thống/Thuật ngữ			Exploration progress reach {0}
lang_multi_text.db	Text_ExploreRate	3.4	Hội thoại/Cốt truyện	Hệ thống/Thuật ngữ			Exploration Progress: {0}
lang_multi_text.db	Text_ExploreSuccess_Text	3.4	Hội thoại/Cốt truyện	Hệ thống/Thuật ngữ			Exploration Finish
lang_multi_text.db	Text_ExploreToolsBlankTitle_Text	3.4	Hội thoại/Cốt truyện	Hệ thống/Thuật ngữ			No content for now
lang_multi_text.db	Text_ExploreToolsBlank_Text	3.4	Hội thoại/Cốt truyện	Hệ thống/Thuật ngữ			No available Utility yet
lang_multi_text.db	Text_ExploreToolsChooseMobile_Text	3.4	Hội thoại/Cốt truyện	Hệ thống/Thuật ngữ			Click to select a wheel entry
lang_multi_text.db	Text_ExploreToolsChoosePC_Text	3.4	Hội thoại/Cốt truyện	Hệ thống/Thuật ngữ			Select this wheel entry
lang_multi_text.db	Text_ExploreToolsClose_Text	3.4	Hội thoại/Cốt truyện	Hệ thống/Thuật ngữ			Releasing the Wheel button will trigger the feature the stick is pointing to.
lang_multi_text.db	Text_ExploreToolsSubTitle_Text	3.4	Hội thoại/Cốt truyện	Hệ thống/Thuật ngữ			Utility
lang_multi_text.db	Text_ExploreToolsSwitchMobile_Text	3.4	Hội thoại/Cốt truyện	Hệ thống/Thuật ngữ			Release to toggle
lang_multi_text.db	Text_ExploreToolsSwitchPCBlank_Text	3.4	Hội thoại/Cốt truyện	Hệ thống/Thuật ngữ			Release {0} to cancel
lang_multi_text.db	Text_ExploreToolsSwitchPC_Text	3.4	Hội thoại/Cốt truyện	Hệ thống/Thuật ngữ			Release to switch
lang_multi_text.db	Text_ExploreToolsSwitchPC_Text02	3.4	Hội thoại/Cốt truyện	Hệ thống/Thuật ngữ			Release to use
lang_multi_text.db	Text_ExploreToolsTitle_Text	3.4	Hội thoại/Cốt truyện	Hệ thống/Thuật ngữ			Utility Wheel
lang_multi_text.db	Text_ExploreToolsUnChooseTitle_Text	3.4	Hội thoại/Cốt truyện	Hệ thống/Thuật ngữ			No grid selected
lang_multi_text.db	Text_ExploreToolsUnChoose_Text	3.4	Hội thoại/Cốt truyện	Hệ thống/Thuật ngữ			Please select a grid from the left wheel for assembly
lang_multi_text.db	Text_Explore_Text	3.4	Hội thoại/Cốt truyện	Hệ thống/Thuật ngữ			Exploration
lang_multi_text.db	Text_FastTravelConfirmToggle_text	3.4	Hội thoại/Cốt truyện	Hệ thống/Thuật ngữ			Do not show again
lang_multi_text.db	Text_FavorAction_Text	3.4	Hội thoại/Cốt truyện	Hệ thống/Thuật ngữ			Character Animations
lang_multi_text.db	Text_FavorActiveSucced_Text	3.4	Hội thoại/Cốt truyện	Hệ thống/Thuật ngữ			Activated
lang_multi_text.db	Text_FavorBaseInfo_Text	3.4	Hội thoại/Cốt truyện	Hệ thống/Thuật ngữ			Basic Information
lang_multi_text.db	Text_FavorExp_Text	3.4	Hội thoại/Cốt truyện	Hệ thống/Thuật ngữ			Intimacy
lang_multi_text.db	Text_FavorExperience_Text	3.4	Hội thoại/Cốt truyện	Hệ thống/Thuật ngữ			Backstory
lang_multi_text.db	Text_FavorFightAction_Text	3.4	Hội thoại/Cốt truyện	Hệ thống/Thuật ngữ			Combat Animation
lang_multi_text.db	Text_FavorFightVoice_Text	3.4	Hội thoại/Cốt truyện	Hệ thống/Thuật ngữ			Battle Voicelines
lang_multi_text.db	Text_FavorFilePower_Text	3.4	Hội thoại/Cốt truyện	Hệ thống/Thuật ngữ			Archive-Echo
lang_multi_text.db	Text_FavorFileRoleName_Text	3.4	Hội thoại/Cốt truyện	Hệ thống/Thuật ngữ			Archive-{0}
lang_multi_text.db	Text_FavorIdleAction_Text	3.4	Hội thoại/Cốt truyện	Hệ thống/Thuật ngữ			Idle Animation
lang_multi_text.db	Text_FavorLevel_Text	3.4	Hội thoại/Cốt truyện	Hệ thống/Thuật ngữ			Intimacy: {0}
lang_multi_text.db	Text_FavorLockTips_Text	3.4	Hội thoại/Cốt truyện	Hệ thống/Thuật ngữ			This entry has not been unlocked
lang_multi_text.db	Text_FavorNatureVoice_Text	3.4	Hội thoại/Cốt truyện	Hệ thống/Thuật ngữ			Personal Voicelines
lang_multi_text.db	Text_FavorPowerFile_Text	3.4	Hội thoại/Cốt truyện	Hệ thống/Thuật ngữ			Forte Examination Report
lang_multi_text.db	Text_FavorPreciousItem_Text	3.4	Hội thoại/Cốt truyện	Hệ thống/Thuật ngữ			Cherished Items
lang_multi_text.db	Text_FavorRoleInfo_Text	3.4	Hội thoại/Cốt truyện	Hệ thống/Thuật ngữ			Archives
lang_multi_text.db	Text_FavorRoleStory_Text	3.4	Hội thoại/Cốt truyện	Hệ thống/Thuật ngữ			Character Stories
lang_multi_text.db	Text_FavorUnlcokNewFightAction_Text	3.4	Hội thoại/Cốt truyện	Hệ thống/Thuật ngữ			Unlock new Combat Animation
lang_multi_text.db	Text_FavorUnlockActionCondition_Text	3.4	Hội thoại/Cốt truyện	Hệ thống/Thuật ngữ			Entry Locked
lang_multi_text.db	Text_FavorUnlockNewIdleAction_Text	3.4	Hội thoại/Cốt truyện	Hệ thống/Thuật ngữ			Unlock new idle
lang_multi_text.db	Text_FavorUnlockPreciousItemCondition_Text	3.4	Hội thoại/Cốt truyện	Hệ thống/Thuật ngữ			Entry Locked
lang_multi_text.db	Text_FavorUnlockVoiceCondition_Text	3.4	Hội thoại/Cốt truyện	Hệ thống/Thuật ngữ			Entry Locked
lang_multi_text.db	Text_FavorUnlockkStoryCondition_Text	3.4	Hội thoại/Cốt truyện	Hệ thống/Thuật ngữ			Entry Locked
lang_multi_text.db	Text_FavorVoice_Text	3.4	Hội thoại/Cốt truyện	Hệ thống/Thuật ngữ			Character Voicelines
lang_multi_text.db	Text_FavorVolume_Text	3.4	Hội thoại/Cốt truyện	Hệ thống/Thuật ngữ			Current volume is 0
lang_multi_text.db	Text_FbMatching_Text	3.4	Hội thoại/Cốt truyện	Hệ thống/Thuật ngữ			Match Dungeon
lang_multi_text.db	Text_FetterEffectDefineDescription_Text	3.4	Hội thoại/Cốt truyện	Hệ thống/Thuật ngữ			Resonance Background Description
lang_multi_text.db	Text_FetterEffectDescription_Text	3.4	Hội thoại/Cốt truyện	Hệ thống/Thuật ngữ			Sonata Effect
lang_multi_text.db	Text_Fetter_Text	3.4	Hội thoại/Cốt truyện	Hệ thống/Thuật ngữ			Sonata
lang_multi_text.db	Text_FightSkill_Text	3.4	Hội thoại/Cốt truyện	Hệ thống/Thuật ngữ			Combat Skills
lang_multi_text.db	Text_FightStateCanNotUse_Text	3.4	Hội thoại/Cốt truyện	Hệ thống/Thuật ngữ			Cannot use this item in combat
lang_multi_text.db	Text_FilterComponentText_Text	3.4	Hội thoại/Cốt truyện	Hệ thống/Thuật ngữ			Filter
lang_multi_text.db	Text_FilterResetAll_Text	3.4	Hội thoại/Cốt truyện	Hệ thống/Thuật ngữ			Reset All
lang_multi_text.db	Text_FilterResetOver_Text	3.4	Hội thoại/Cốt truyện	Hệ thống/Thuật ngữ			Reset Done
lang_multi_text.db	Text_FilterReset_Text	3.4	Hội thoại/Cốt truyện	Hệ thống/Thuật ngữ			Reset
lang_multi_text.db	Text_FilterSingleText_Text	3.4	Hội thoại/Cốt truyện	Hệ thống/Thuật ngữ			Filter/{0}
lang_multi_text.db	Text_FilterSortComponentText_Text	3.4	Hội thoại/Cốt truyện	Hệ thống/Thuật ngữ			Sort
lang_multi_text.db	Text_FilterSortText_Text	3.4	Hội thoại/Cốt truyện	Hệ thống/Thuật ngữ			Filter and Sort
lang_multi_text.db	Text_FilterTextAllVisionFetter_Text	3.4	Hội thoại/Cốt truyện	Hệ thống/Thuật ngữ			Filter On/Off
lang_multi_text.db	Text_FilterTextAll_Text	3.4	Hội thoại/Cốt truyện	Hệ thống/Thuật ngữ			All
lang_multi_text.db	Text_FilterText_Text	3.4	Hội thoại/Cốt truyện	Hệ thống/Thuật ngữ			Filter
lang_multi_text.db	Text_FindAllConditionsFalse_Text	3.4	Hội thoại/Cốt truyện	Hệ thống/Thuật ngữ			Target Photo Not Captured
lang_multi_text.db	Text_FindAllConditionsTrue_Text	3.4	Hội thoại/Cốt truyện	Hệ thống/Thuật ngữ			Target photo captured
lang_multi_text.db	Text_FirstBonus1_Text	3.4	Hội thoại/Cốt truyện	Hệ thống/Thuật ngữ			Bonus
lang_multi_text.db	Text_FirstBonus2_Text	3.4	Hội thoại/Cốt truyện	Hệ thống/Thuật ngữ			Bonus: {0}
lang_multi_text.db	Text_FirstReward_Text	3.4	Hội thoại/Cốt truyện	Hệ thống/Thuật ngữ			First-Clear Rewards
lang_multi_text.db	Text_Five_Text	3.4	Hội thoại/Cốt truyện	Hệ thống/Thuật ngữ			V
lang_multi_text.db	Text_FixText_Text	3.4	Hội thoại/Cốt truyện	Hệ thống/Thuật ngữ			Consume {0} {1} to repair {2}?
lang_multi_text.db	Text_FloorText_Text	3.4	Hội thoại/Cốt truyện	Hệ thống/Thuật ngữ			Layer {0}
lang_multi_text.db	Text_FlushTimeRemain_Text	3.4	Hội thoại/Cốt truyện	Hệ thống/Thuật ngữ			Remaining Reset Time: {0}m {1}s
lang_multi_text.db	Text_FollowQuestStepGuide_Text	3.4	Hội thoại/Cốt truyện	Hệ thống/Thuật ngữ			Please proceed with the quest following the objectives
lang_multi_text.db	Text_ForbiddenActionInClimbing_Text	3.4	Hội thoại/Cốt truyện	Hệ thống/Thuật ngữ			Cannot perform this action while climbing
lang_multi_text.db	Text_ForbiddenActionInFight_Text	3.4	Hội thoại/Cốt truyện	Hệ thống/Thuật ngữ			Cannot perform this action during battle
lang_multi_text.db	Text_ForbiddenActionInSwimming_Text	3.4	Hội thoại/Cốt truyện	Hệ thống/Thuật ngữ			Cannot perform this action while swimming
lang_multi_text.db	Text_ForbiddenActionMidair_Text	3.4	Hội thoại/Cốt truyện	Hệ thống/Thuật ngữ			This action cannot be performed in mid-air
lang_multi_text.db	Text_ForeverValid_Text	3.4	Hội thoại/Cốt truyện	Hệ thống/Thuật ngữ			Permanent
lang_multi_text.db	Text_ForgingRole_Text	3.4	Hội thoại/Cốt truyện	Hệ thống/Thuật ngữ			Select the character to assist in the Crafting
lang_multi_text.db	Text_ForgingSuccess_Text	3.4	Hội thoại/Cốt truyện	Hệ thống/Thuật ngữ			Crafting Completed
lang_multi_text.db	Text_ForgingWeaponLevel_Text	3.4	Hội thoại/Cốt truyện	Hệ thống/Thuật ngữ			Level: {0}/{1}
lang_multi_text.db	Text_Forging_Text	3.4	Hội thoại/Cốt truyện	Hệ thống/Thuật ngữ			Crafting
lang_multi_text.db	Text_Formula_Text	3.4	Hội thoại/Cốt truyện	Hệ thống/Thuật ngữ			Recipe
lang_multi_text.db	Text_Four_Text	3.4	Hội thoại/Cốt truyện	Hệ thống/Thuật ngữ			IV
lang_multi_text.db	Text_FragmentMemoryButton_Text	3.4	Hội thoại/Cốt truyện	Hệ thống/Thuật ngữ			Proceed
lang_multi_text.db	Text_FragmentQuest	3.4	Hội thoại/Cốt truyện	Hệ thống/Thuật ngữ			Please follow the clues and keep exploring.
lang_multi_text.db	Text_FriendAddFriend_Text	3.4	Hội thoại/Cốt truyện	Hệ thống/Thuật ngữ			Add Friend
lang_multi_text.db	Text_FriendAllAccept_Text	3.4	Hội thoại/Cốt truyện	Hệ thống/Thuật ngữ			Accept All
lang_multi_text.db	Text_FriendAllIgnore_Text	3.4	Hội thoại/Cốt truyện	Hệ thống/Thuật ngữ			Ignore All
lang_multi_text.db	Text_FriendApplicationCount_Text	3.4	Hội thoại/Cốt truyện	Hệ thống/Thuật ngữ			Friend Requests: {0}/{1}
lang_multi_text.db	Text_FriendApplicationList_Text	3.4	Hội thoại/Cốt truyện	Hệ thống/Thuật ngữ			Friend Request
lang_multi_text.db	Text_FriendApplyJoin_Text	3.4	Hội thoại/Cốt truyện	Hệ thống/Thuật ngữ			Join Co-op
lang_multi_text.db	Text_FriendBlackListCount_Text	3.4	Hội thoại/Cốt truyện	Hệ thống/Thuật ngữ			Blocked: {0}/{1}
lang_multi_text.db	Text_FriendBlackList_Text	3.4	Hội thoại/Cốt truyện	Hệ thống/Thuật ngữ			Blocklist
lang_multi_text.db	Text_FriendClear_Text	3.4	Hội thoại/Cốt truyện	Hệ thống/Thuật ngữ			Clear
lang_multi_text.db	Text_FriendCount_Text	3.4	Hội thoại/Cốt truyện	Hệ thống/Thuật ngữ			Friends: {0}/{1}
lang_multi_text.db	Text_FriendFriend_Text	3.4	Hội thoại/Cốt truyện	Hệ thống/Thuật ngữ			Friends
lang_multi_text.db	Text_FriendMultiplayerCount_Text	3.4	Hội thoại/Cốt truyện	Hệ thống/Thuật ngữ			Recent Co-ops: {0}/{1}
lang_multi_text.db	Text_FriendMyUid_Text	3.4	Hội thoại/Cốt truyện	Hệ thống/Thuật ngữ			User ID: {0}
lang_multi_text.db	Text_FriendNotAvailableFriendApplication_Text	3.4	Hội thoại/Cốt truyện	Hệ thống/Thuật ngữ			No Friend Request
lang_multi_text.db	Text_FriendNotAvailableFriend_Text	3.4	Hội thoại/Cốt truyện	Hệ thống/Thuật ngữ			No Friend
lang_multi_text.db	Text_FriendNotAvailableRecentTeammate_Text	3.4	Hội thoại/Cốt truyện	Hệ thống/Thuật ngữ			No Recent Co-ops
lang_multi_text.db	Text_FriendOfflineInMonth_Text	3.4	Hội thoại/Cốt truyện	Hệ thống/Thuật ngữ			This month
lang_multi_text.db	Text_FriendOfflineInWeek_Text	3.4	Hội thoại/Cốt truyện	Hệ thống/Thuật ngữ			This week
lang_multi_text.db	Text_FriendOfflineOverMonth_Text	3.4	Hội thoại/Cốt truyện	Hệ thống/Thuật ngữ			Over 30 days ago
lang_multi_text.db	Text_FriendOfflineSomeDay_Text	3.4	Hội thoại/Cốt truyện	Hệ thống/Thuật ngữ			{0} days ago
lang_multi_text.db	Text_FriendOfflineToday_Text	3.4	Hội thoại/Cốt truyện	Hệ thống/Thuật ngữ			Today
lang_multi_text.db	Text_FriendOnlineDisable_Text	3.4	Hội thoại/Cốt truyện	Hệ thống/Thuật ngữ			Co-op unavailable
lang_multi_text.db	Text_FriendOnline_Text	3.4	Hội thoại/Cốt truyện	Hệ thống/Thuật ngữ			Online
lang_multi_text.db	Text_FriendPaste_Text	3.4	Hội thoại/Cốt truyện	Hệ thống/Thuật ngữ			Paste
lang_multi_text.db	Text_FriendRecentMultiplayerGame_Text	3.4	Hội thoại/Cốt truyện	Hệ thống/Thuật ngữ			Recent Co-ops
lang_multi_text.db	Text_FriendTag_Text	3.4	Hội thoại/Cốt truyện	Hệ thống/Thuật ngữ			Friends
lang_multi_text.db	Text_FriendTalkToMeExpressionWithOutTag_Text	3.4	Hội thoại/Cốt truyện	Hệ thống/Thuật ngữ			{0} said: {1}
lang_multi_text.db	Text_FriendTalkToMeExpression_Text	3.4	Hội thoại/Cốt truyện	Hệ thống/Thuật ngữ			[Friend] [{0}]:
lang_multi_text.db	Text_FriendTalkToMe_Text	3.4	Hội thoại/Cốt truyện	Hệ thống/Thuật ngữ			[Friend] [{0}]:{1}
lang_multi_text.db	Text_FriendTalkToMe_Text_Match	3.4	Hội thoại/Cốt truyện	Hệ thống/Thuật ngữ			[Friend] [{0}]:[{1}]
lang_multi_text.db	Text_From_Text	3.4	Hội thoại/Cốt truyện	Hệ thống/Thuật ngữ			From {0}
lang_multi_text.db	Text_FrozenQteTip_Text	3.4	Hội thoại/Cốt truyện	Hệ thống/Thuật ngữ			Click alternately to break free
lang_multi_text.db	Text_FuncToolsBlank_Text	3.4	Hội thoại/Cốt truyện	Hệ thống/Thuật ngữ			Currently, there are no quick function entries to assemble
lang_multi_text.db	Text_FuncToolsSubTitle_Text	3.4	Hội thoại/Cốt truyện	Hệ thống/Thuật ngữ			Quick Access
lang_multi_text.db	Text_FuncToolsSwitchPCBlank_Text	3.4	Hội thoại/Cốt truyện	Hệ thống/Thuật ngữ			Release {0} to cancel
lang_multi_text.db	Text_FuncToolsSwitchPC_Text	3.4	Hội thoại/Cốt truyện	Hệ thống/Thuật ngữ			Release to enable
lang_multi_text.db	Text_FuncToolsTitle_Text	3.4	Hội thoại/Cốt truyện	Hệ thống/Thuật ngữ			Quick Access Wheel
lang_multi_text.db	Text_FunctionLock_Text	3.4	Hội thoại/Cốt truyện	Hệ thống/Thuật ngữ			Function unavailable.
lang_multi_text.db	Text_GachaButtonTip05_Text	3.4	Hội thoại/Cốt truyện	Hệ thống/Thuật ngữ			In <color=#fcf585>Standard Weapon Convene</color>, you can select a <color=#fcf585>5-Star Weapon</color> as your Convene target.\nOnce selected, you may change it at any time, and it will not affect the guarantee calculation.
lang_multi_text.db	Text_GachaButtonTip06_Text	3.4	Hội thoại/Cốt truyện	Hệ thống/Thuật ngữ			In <color=#fcf585>Beginner's Choice Convene</color>, you can select a <color=#fcf585>5-Star Resonator</color> as your Convene target.\nOnce selected, you may change it at any time, and it will not affect the guarantee calculation.
lang_multi_text.db	Text_GachaButtonTip07_Text	3.4	Hội thoại/Cốt truyện	Hệ thống/Thuật ngữ			In <color=#fcf585>Anniversary Weapon Convene</color>, you may set a <color=#fcf585>5-Star Weapon</color> as the Convene target.\nYou may change your selection at any time, which does not affect the Guarantee count.
lang_multi_text.db	Text_GachaButtonTip08_Text	3.4	Hội thoại/Cốt truyện	Hệ thống/Thuật ngữ			In <color=#fcf585>Anniversary Resonator Convene</color>, you may set a <color=#fcf585>5-Star Resonator</color> as the Convene target.\nYou may change your selection at any time, which does not affect the Guarantee count.
lang_multi_text.db	Text_GachaButtonTip09_Text	3.4	Hội thoại/Cốt truyện	Hệ thống/Thuật ngữ			In <color=#fcf585>New Voyage Resonator Convene</color>, you can select a <color=#fcf585>5-Star Resonator</color> as your Convene target.\nYou may change your selection at any time, which does not affect the Guarantee count.
lang_multi_text.db	Text_GachaButtonTip10_Text	3.4	Hội thoại/Cốt truyện	Hệ thống/Thuật ngữ			In <color=#fcf585>New Voyage Weapon Convene</color>, you can select a <color=#fcf585>5-Star Weapon</color> as your Convene target.\nYou may change your selection at any time, which does not affect the Guarantee count.
lang_multi_text.db	Text_GachaExChangeCountDescribe_Text	3.4	Hội thoại/Cốt truyện	Hệ thống/Thuật ngữ			×{0}
lang_multi_text.db	Text_GachaNoOption_Text	3.4	Hội thoại/Cốt truyện	Hệ thống/Thuật ngữ			Please select a Banner for Chosen Convene first.
lang_multi_text.db	Text_GachaNoRecord_Text	3.4	Hội thoại/Cốt truyện	Hệ thống/Thuật ngữ			No Convene record yet.
lang_multi_text.db	Text_GachaOptionalDesc1_Text	3.4	Hội thoại/Cốt truyện	Hệ thống/Thuật ngữ			Select a Resonator for Targeted Convene
lang_multi_text.db	Text_GachaOptionalDesc2_Text	3.4	Hội thoại/Cốt truyện	Hệ thống/Thuật ngữ			Select a Weapon for Targeted Convene
lang_multi_text.db	Text_GachaOptionalText1_Text	3.4	Hội thoại/Cốt truyện	Hệ thống/Thuật ngữ			Selected
lang_multi_text.db	Text_GachaOptionalText2_Text	3.4	Hội thoại/Cốt truyện	Hệ thống/Thuật ngữ			Select this?
lang_multi_text.db	Text_GachaOptionalTitle1_Text	3.4	Hội thoại/Cốt truyện	Hệ thống/Thuật ngữ			Targeted Convene
lang_multi_text.db	Text_GachaPoolTodayRestCount_Text	3.4	Hội thoại/Cốt truyện	Hệ thống/Thuật ngữ			Remaining Convene(s) for today: {0}
lang_multi_text.db	Text_GachaPoolTotalRestCount_Text	3.4	Hội thoại/Cốt truyện	Hệ thống/Thuật ngữ			Remaining Convene(s): {0}
lang_multi_text.db	Text_GachaRecordLimit_Text	3.4	Hội thoại/Cốt truyện	Hệ thống/Thuật ngữ			Check up to 500 most recent Convene(s).
lang_multi_text.db	Text_GachaRecord_Text	3.4	Hội thoại/Cốt truyện	Hệ thống/Thuật ngữ			Convene Records
lang_multi_text.db	Text_GachaRemainingTime_Text	3.4	Hội thoại/Cốt truyện	Hệ thống/Thuật ngữ			Remaining: {0}
lang_multi_text.db	Text_GachaTagText10_Text	3.4	Hội thoại/Cốt truyện	Hệ thống/Thuật ngữ			COLLAB
lang_multi_text.db	Text_GachaTagText1_Text	3.4	Hội thoại/Cốt truyện	Hệ thống/Thuật ngữ			20% OFF
lang_multi_text.db	Text_GachaTagText2_Text	3.4	Hội thoại/Cốt truyện	Hệ thống/Thuật ngữ			EVENT
lang_multi_text.db	Text_GachaTagText6_Text	3.4	Hội thoại/Cốt truyện	Hệ thống/Thuật ngữ			CHOICE
lang_multi_text.db	Text_GachaTagText7_Text	3.4	Hội thoại/Cốt truyện	Hệ thống/Thuật ngữ			ANNIV.
lang_multi_text.db	Text_GachaTagText8_Text	3.4	Hội thoại/Cốt truyện	Hệ thống/Thuật ngữ			STARTER
lang_multi_text.db	Text_GachaTagText9_Text	3.4	Hội thoại/Cốt truyện	Hệ thống/Thuật ngữ			New
lang_multi_text.db	Text_GachaText_Text	3.4	Hội thoại/Cốt truyện	Hệ thống/Thuật ngữ			Convene ×{0}
lang_multi_text.db	Text_GachaTotalRestCount_Text	3.4	Hội thoại/Cốt truyện	Hệ thống/Thuật ngữ			Remaining: {0}
lang_multi_text.db	Text_GachaTypeText10_Text	3.4	Hội thoại/Cốt truyện	Hệ thống/Thuật ngữ			New Voyage Weapon Convene
lang_multi_text.db	Text_GachaTypeText11_Text	3.4	Hội thoại/Cốt truyện	Hệ thống/Thuật ngữ			Collab Resonator Convene
lang_multi_text.db	Text_GachaTypeText12_Text	3.4	Hội thoại/Cốt truyện	Hệ thống/Thuật ngữ			Collab Weapon Convene
lang_multi_text.db	Text_GachaTypeText1_Text	3.4	Hội thoại/Cốt truyện	Hệ thống/Thuật ngữ			Novice Convene
lang_multi_text.db	Text_GachaTypeText2_Text	3.4	Hội thoại/Cốt truyện	Hệ thống/Thuật ngữ			Featured Resonator Convene
lang_multi_text.db	Text_GachaTypeText3_Text	3.4	Hội thoại/Cốt truyện	Hệ thống/Thuật ngữ			Featured Weapon Convene
lang_multi_text.db	Text_GachaTypeText4_Text	3.4	Hội thoại/Cốt truyện	Hệ thống/Thuật ngữ			Standard Resonator Convene
lang_multi_text.db	Text_GachaTypeText5_Text	3.4	Hội thoại/Cốt truyện	Hệ thống/Thuật ngữ			Standard Weapon Convene
lang_multi_text.db	Text_GachaTypeText6_Text	3.4	Hội thoại/Cốt truyện	Hệ thống/Thuật ngữ			Beginner's Choice Convene
lang_multi_text.db	Text_GachaTypeText7_Text	3.4	Hội thoại/Cốt truyện	Hệ thống/Thuật ngữ			Anniversary Resonator Convene
lang_multi_text.db	Text_GachaTypeText8_Text	3.4	Hội thoại/Cốt truyện	Hệ thống/Thuật ngữ			Anniversary Weapon Convene
lang_multi_text.db	Text_GachaTypeText9_Text	3.4	Hội thoại/Cốt truyện	Hệ thống/Thuật ngữ			New Voyage Resonator Convene
lang_multi_text.db	Text_GachaType_Text	3.4	Hội thoại/Cốt truyện	Hệ thống/Thuật ngữ			Convene Type
lang_multi_text.db	Text_GachaUpList1_Text	3.4	Hội thoại/Cốt truyện	Hệ thống/Thuật ngữ			4-Star Resonators Rate Up
lang_multi_text.db	Text_GachaUpList2_Text	3.4	Hội thoại/Cốt truyện	Hệ thống/Thuật ngữ			4-Star Weapons Rate Up
lang_multi_text.db	Text_GameplayEnter_Text	3.4	Hội thoại/Cốt truyện	Hệ thống/Thuật ngữ			Warning
lang_multi_text.db	Text_GameplayFirstPass_Text	3.4	Hội thoại/Cốt truyện	Hệ thống/Thuật ngữ			Domain Cleared
lang_multi_text.db	Text_GenderTransferSuccess_Text	3.4	Hội thoại/Cốt truyện	Hệ thống/Thuật ngữ			Converted
lang_multi_text.db	Text_GenderTransfer_Text	3.4	Hội thoại/Cốt truyện	Hệ thống/Thuật ngữ			You will not be able to switch Rover's appearance again in 24 hours.
lang_multi_text.db	Text_GenderTransfering_Text	3.4	Hội thoại/Cốt truyện	Hệ thống/Thuật ngữ			Switching in progress...
lang_multi_text.db	Text_GeographyHandBookLock_Text	3.4	Hội thoại/Cốt truyện	Hệ thống/Thuật ngữ			Error. Please contact Customer Service.
lang_multi_text.db	Text_GetAllItem_Text	3.4	Hội thoại/Cốt truyện	Hệ thống/Thuật ngữ			Claim All
lang_multi_text.db	Text_GetContributionValue_Text	3.4	Hội thoại/Cốt truyện	Hệ thống/Thuật ngữ			Anomaly detected, if you have any questions, please contact the official customer service.
lang_multi_text.db	Text_GetItem_Text	3.4	Hội thoại/Cốt truyện	Hệ thống/Thuật ngữ			Items Obtained
lang_multi_text.db	Text_GetNewDango	3.4	Hội thoại/Cốt truyện	Hệ thống/Thuật ngữ			New Companion!
lang_multi_text.db	Text_GetReward_Text	3.4	Hội thoại/Cốt truyện	Hệ thống/Thuật ngữ			Claim
lang_multi_text.db	Text_GetSkillPoint_Text	3.4	Hội thoại/Cốt truyện	Hệ thống/Thuật ngữ			Forte points obtained: {0}
lang_multi_text.db	Text_GetText_Text	3.4	Hội thoại/Cốt truyện	Hệ thống/Thuật ngữ			Claim
lang_multi_text.db	Text_GetUpdateInfoFail_Text	3.4	Hội thoại/Cốt truyện	Hệ thống/Thuật ngữ			Failed to get update information. Please check your network connection or try to switch to another network. If you have any questions, please contact our Customer Service.
lang_multi_text.db	Text_Girl_Text	3.4	Hội thoại/Cốt truyện	Hệ thống/Thuật ngữ			Rover (Female)
lang_multi_text.db	Text_GoDownText_Text	3.4	Hội thoại/Cốt truyện	Hệ thống/Thuật ngữ			Unselect
lang_multi_text.db	Text_GoNextSelectArea_Text	3.4	Hội thoại/Cốt truyện	Hệ thống/Thuật ngữ			Proceed to selected area
lang_multi_text.db	Text_GoToDownload_Text	3.4	Hội thoại/Cốt truyện	Hệ thống/Thuật ngữ			Go to download
lang_multi_text.db	Text_GongDuoLaCallingFailed_Text	3.4	Hội thoại/Cốt truyện	Hệ thống/Thuật ngữ			Cannot summon Phaom here
lang_multi_text.db	Text_GongDuoLaCarpoolingForbid_Text	3.4	Hội thoại/Cốt truyện	Hệ thống/Thuật ngữ			You cannot currently use this function
lang_multi_text.db	Text_GongMingJieFang_Text	3.4	Hội thoại/Cốt truyện	Hệ thống/Thuật ngữ			Resonance Liberation
lang_multi_text.db	Text_GoodsName_Text	3.4	Hội thoại/Cốt truyện	Hệ thống/Thuật ngữ			{0} x{1}
lang_multi_text.db	Text_GuidePageText_Text	3.4	Hội thoại/Cốt truyện	Hệ thống/Thuật ngữ			{0}<color=#a1a1a1>/{1}</color>
lang_multi_text.db	Text_GymContinueChallenge_Text	3.4	Hội thoại/Cốt truyện	Hệ thống/Thuật ngữ			Continue Challenge
lang_multi_text.db	Text_GymDead_Text	3.4	Hội thoại/Cốt truyện	Hệ thống/Thuật ngữ			Defeated
lang_multi_text.db	Text_GymFail_Text	3.4	Hội thoại/Cốt truyện	Hệ thống/Thuật ngữ			Challenge Failed
lang_multi_text.db	Text_GymReChallenge_Text	3.4	Hội thoại/Cốt truyện	Hệ thống/Thuật ngữ			Retry Challenge
lang_multi_text.db	Text_GymReturnToLordGym_Text	3.4	Hội thoại/Cốt truyện	Hệ thống/Thuật ngữ			Select another Challenge
lang_multi_text.db	Text_GymReturnToWorld_Text	3.4	Hội thoại/Cốt truyện	Hệ thống/Thuật ngữ			Leave
lang_multi_text.db	Text_GymShopNew_Text	3.4	Hội thoại/Cốt truyện	Hệ thống/Thuật ngữ			Trial Coin: {0}/{1}
lang_multi_text.db	Text_HandBookEntrance_Text	3.4	Hội thoại/Cốt truyện	Hệ thống/Thuật ngữ			Gallery
lang_multi_text.db	Text_HandBookGet_Text	3.4	Hội thoại/Cốt truyện	Hệ thống/Thuật ngữ			Entry Unlock Date: {0}
lang_multi_text.db	Text_HandBookItemHaveNum_Text	3.4	Hội thoại/Cốt truyện	Hệ thống/Thuật ngữ			Acquisition Count: {0}
lang_multi_text.db	Text_Handle_Text	3.4	Hội thoại/Cốt truyện	Hệ thống/Thuật ngữ			Controller
lang_multi_text.db	Text_HasClearDifficult_Text	3.4	Hội thoại/Cốt truyện	Hệ thống/Thuật ngữ			"{0}" exploration has been completed
lang_multi_text.db	Text_HasExploreDifficult_Text	3.4	Hội thoại/Cốt truyện	Hệ thống/Thuật ngữ			"{0}" exploration has been completed
lang_multi_text.db	Text_HasGetRewardTips_Text	3.4	Hội thoại/Cốt truyện	Hệ thống/Thuật ngữ			Exploration rewards have been obtained in advance
lang_multi_text.db	Text_HasInviteChallengeAgain_Text	3.4	Hội thoại/Cốt truyện	Hệ thống/Thuật ngữ			{0} has issued an invitation to challenge again
lang_multi_text.db	Text_HasInviteContinueChallenge_Text	3.4	Hội thoại/Cốt truyện	Hệ thống/Thuật ngữ			{0} has issued an invitation to continue
lang_multi_text.db	Text_HaveApplyFriend_Text	3.4	Hội thoại/Cốt truyện	Hệ thống/Thuật ngữ			Request Sent
lang_multi_text.db	Text_HaveInvite_Text	3.4	Hội thoại/Cốt truyện	Hệ thống/Thuật ngữ			Invitation sent
lang_multi_text.db	Text_HaveMatched_Text	3.4	Hội thoại/Cốt truyện	Hệ thống/Thuật ngữ			Inviting teammates to join
lang_multi_text.db	Text_HaveSuggest_Text	3.4	Hội thoại/Cốt truyện	Hệ thống/Thuật ngữ			Request sent. Pending approval.
lang_multi_text.db	Text_Have_Text	3.4	Hội thoại/Cốt truyện	Hệ thống/Thuật ngữ			Owned <color=Highlight>{0}</color>
lang_multi_text.db	Text_He_Text	3.4	Hội thoại/Cốt truyện	Hệ thống/Thuật ngữ			He
lang_multi_text.db	Text_HighRiskAreaFloor_Text	3.4	Hội thoại/Cốt truyện	Hệ thống/Thuật ngữ			Updating results of Experiment Zone: {0} - Floor {1}. Do you confirm?
lang_multi_text.db	Text_HighRisk_Text	3.4	Hội thoại/Cốt truyện	Hệ thống/Thuật ngữ			Experiment Zone: {0}
lang_multi_text.db	Text_Hook_Text	3.4	Hội thoại/Cốt truyện	Hệ thống/Thuật ngữ			Grapple
lang_multi_text.db	Text_HourText_Text	3.4	Hội thoại/Cốt truyện	Hệ thống/Thuật ngữ			{0}:{1}
lang_multi_text.db	Text_Hour_Text	3.4	Hội thoại/Cốt truyện	Hệ thống/Thuật ngữ			h
lang_multi_text.db	Text_HttpClosedRegister_Text	3.4	Hội thoại/Cốt truyện	Hệ thống/Thuật ngữ			Registration has been closed.
lang_multi_text.db	Text_HttpHadBan_Text	3.4	Hội thoại/Cốt truyện	Hệ thống/Thuật ngữ			This account has been banned.
lang_multi_text.db	Text_HttpInternalError_Text	3.4	Hội thoại/Cốt truyện	Hệ thống/Thuật ngữ			An unknown server-side error occurred. Please consider restarting the client and login again.
lang_multi_text.db	Text_HttpInvalidGateway_Text	3.4	Hội thoại/Cốt truyện	Hệ thống/Thuật ngữ			Network error. Please try again later.
lang_multi_text.db	Text_HttpInvalidLoginType_Text	3.4	Hội thoại/Cốt truyện	Hệ thống/Thuật ngữ			Log in failed, please try to restart the client and log in again.
lang_multi_text.db	Text_HttpInvalidToken_Text	3.4	Hội thoại/Cốt truyện	Hệ thống/Thuật ngữ			Invalid token, please try to restart the client and log in again.
lang_multi_text.db	Text_HttpInvalidUserId_Text	3.4	Hội thoại/Cốt truyện	Hệ thống/Thuật ngữ			Invalid User ID. Please relaunch your client and login again.
lang_multi_text.db	Text_HttpNotInUserIdWhiteList_Text	3.4	Hội thoại/Cốt truyện	Hệ thống/Thuật ngữ			Not in User ID Whitelist.
lang_multi_text.db	Text_HttpRegisterOutOfLimit_Text	3.4	Hội thoại/Cốt truyện	Hệ thống/Thuật ngữ			The registration limit has been reached, please contact official customer service if you have any questions.
lang_multi_text.db	Text_HttpSDKServerError_Text	3.4	Hội thoại/Cốt truyện	Hệ thống/Thuật ngữ			An error occurred during login. For inquiries please contact customer support.
lang_multi_text.db	Text_HttpServerFullLoad_Text	3.4	Hội thoại/Cốt truyện	Hệ thống/Thuật ngữ			The server is full, please try again later, if you have any questions, you can contact the official customer service.
lang_multi_text.db	Text_HttpServerMaintenance_Text	3.4	Hội thoại/Cốt truyện	Hệ thống/Thuật ngữ			The server is under maintenance, please pay attention to the official announcement for the opening time.
lang_multi_text.db	Text_HttpServerNotOpen_Text	3.4	Hội thoại/Cốt truyện	Hệ thống/Thuật ngữ			The server is not open yet, please pay attention to the official announcement for the opening time.
lang_multi_text.db	Text_HttpTimeout_Text	3.4	Hội thoại/Cốt truyện	Hệ thống/Thuật ngữ			Request timed out. Failed to connect to the server. Please try again later.
lang_multi_text.db	Text_HttpTokenNotAuthrized_Text	3.4	Hội thoại/Cốt truyện	Hệ thống/Thuật ngữ			The log in timed out, please try to restart the client and log in again.
lang_multi_text.db	Text_HttpUnknownError_Text	3.4	Hội thoại/Cốt truyện	Hệ thống/Thuật ngữ			Unknown error
lang_multi_text.db	Text_Immune_Text	3.4	Hội thoại/Cốt truyện	Hệ thống/Thuật ngữ			Immune
lang_multi_text.db	Text_ImportantMail_Text	3.4	Hội thoại/Cốt truyện	Hệ thống/Thuật ngữ			Starred Mails
lang_multi_text.db	Text_InUseCanNotDelete_Text	3.4	Hội thoại/Cốt truyện	Hệ thống/Thuật ngữ			The voiceover in use cannot be uninstalled
lang_multi_text.db	Text_InUse_Text	3.4	Hội thoại/Cốt truyện	Hệ thống/Thuật ngữ			IN USE
lang_multi_text.db	Text_InclueItem_Text	3.4	Hội thoại/Cốt truyện	Hệ thống/Thuật ngữ			Contains items
lang_multi_text.db	Text_InfluenceBelongTips_Text	3.4	Hội thoại/Cốt truyện	Hệ thống/Thuật ngữ			The affiliated faction does not need to accumulate Influence
lang_multi_text.db	Text_InfluenceHostilityTips_Text	3.4	Hội thoại/Cốt truyện	Hệ thống/Thuật ngữ			The hostile faction cannot accumulate Influence
lang_multi_text.db	Text_InfluenceLockName_Text	3.4	Hội thoại/Cốt truyện	Hệ thống/Thuật ngữ			???
lang_multi_text.db	Text_InfluenceLockTips_Text	3.4	Hội thoại/Cốt truyện	Hệ thống/Thuật ngữ			The faction has not been unlocked yet
lang_multi_text.db	Text_InputChatContent_Text	3.4	Hội thoại/Cốt truyện	Hệ thống/Thuật ngữ			Please enter chat content
lang_multi_text.db	Text_InsertAll_Text	3.4	Hội thoại/Cốt truyện	Hệ thống/Thuật ngữ			Quick Selection
lang_multi_text.db	Text_InstallTips_Text	3.4	Hội thoại/Cốt truyện	Hệ thống/Thuật ngữ			Please do not close the game during the installation
lang_multi_text.db	Text_Install_Text	3.4	Hội thoại/Cốt truyện	Hệ thống/Thuật ngữ			Installing the update package
lang_multi_text.db	Text_InstanceDungeonBeKicked_Text	3.4	Hội thoại/Cốt truyện	Hệ thống/Thuật ngữ			You've been removed from the party
lang_multi_text.db	Text_InstanceDungeonCantKickNoPermission_Text	3.4	Hội thoại/Cốt truyện	Hệ thống/Thuật ngữ			Players can only be invited by the team leader
lang_multi_text.db	Text_InstanceDungeonCantKick_Text	3.4	Hội thoại/Cốt truyện	Hệ thống/Thuật ngữ			You cannot remove party members currently.
lang_multi_text.db	Text_InstanceDungeonCantLeave_Text	3.4	Hội thoại/Cốt truyện	Hệ thống/Thuật ngữ			You cannot return to single-player mode currently
lang_multi_text.db	Text_InstanceDungeonCurrentPower_Text	3.4	Hội thoại/Cốt truyện	Hệ thống/Thuật ngữ			Remaining Waveplate {0}
lang_multi_text.db	Text_InstanceDungeonDefendCreatureNumber_Text	3.4	Hội thoại/Cốt truyện	Hệ thống/Thuật ngữ			Integrity: {0}
lang_multi_text.db	Text_InstanceDungeonDefendCreatureTips_Text	3.4	Hội thoại/Cốt truyện	Hệ thống/Thuật ngữ			Target Integrity
lang_multi_text.db	Text_InstanceDungeonDefendPoints_Text	3.4	Hội thoại/Cốt truyện	Hệ thống/Thuật ngữ			Points Acquired
lang_multi_text.db	Text_InstanceDungeonDissolveText_Text	3.4	Hội thoại/Cốt truyện	Hệ thống/Thuật ngữ			Party disbanded
lang_multi_text.db	Text_InstanceDungeonEntranceCancelTrack_Text	3.4	Hội thoại/Cốt truyện	Hệ thống/Thuật ngữ			Cancel Tracking
lang_multi_text.db	Text_InstanceDungeonEntranceCantUnlock_Text	3.4	Hội thoại/Cốt truyện	Hệ thống/Thuật ngữ			Entrance access requirement not met
lang_multi_text.db	Text_InstanceDungeonEntranceRepeatUnlock_Text	3.4	Hội thoại/Cốt truyện	Hệ thống/Thuật ngữ			Entrance Unlocked
lang_multi_text.db	Text_InstanceDungeonEntranceTrack_Text	3.4	Hội thoại/Cốt truyện	Hệ thống/Thuật ngữ			Track
lang_multi_text.db	Text_InstanceDungeonKickOther_Text	3.4	Hội thoại/Cốt truyện	Hệ thống/Thuật ngữ			{0} has been removed from the party
lang_multi_text.db	Text_InstanceDungeonLackChallengeTimes_Text	3.4	Hội thoại/Cốt truyện	Hệ thống/Thuật ngữ			Insufficient challenge attempts
lang_multi_text.db	Text_InstanceDungeonLeave_Text	3.4	Hội thoại/Cốt truyện	Hệ thống/Thuật ngữ			{0} has left the party
lang_multi_text.db	Text_InstanceDungeonLeftChallengeTimes_Text	3.4	Hội thoại/Cốt truyện	Hệ thống/Thuật ngữ			Remaining Challenge Attempts {0}
lang_multi_text.db	Text_InstanceDungeonLeftTimeToAutoLeave_Text	3.4	Hội thoại/Cốt truyện	Hệ thống/Thuật ngữ			Leaving in {0}s
lang_multi_text.db	Text_InstanceDungeonLimitElement_Text	3.4	Hội thoại/Cốt truyện	Hệ thống/Thuật ngữ			You can only set {0} Resonators.
lang_multi_text.db	Text_InstanceDungeonOtherJoin_Text	3.4	Hội thoại/Cốt truyện	Hệ thống/Thuật ngữ			{0} joined the party
lang_multi_text.db	Text_InstanceDungeonRecommendLevel_Text	3.4	Hội thoại/Cốt truyện	Hệ thống/Thuật ngữ			Level {0}
lang_multi_text.db	Text_InstanceDungeonRefuse_Text	3.4	Hội thoại/Cốt truyện	Hệ thống/Thuật ngữ			{0} rejected your invitation
lang_multi_text.db	Text_InstanceDungeonRewardTimeNotEnough_Text	3.4	Hội thoại/Cốt truyện	Hệ thống/Thuật ngữ			Claim limit reached
lang_multi_text.db	Text_InstanceDungeonShieldViewCantOpen_Text	3.4	Hội thoại/Cốt truyện	Hệ thống/Thuật ngữ			You cannot currently use this function
lang_multi_text.db	Text_Instead_Text	3.4	Hội thoại/Cốt truyện	Hệ thống/Thuật ngữ			Replace
lang_multi_text.db	Text_InviteChallengeAgain_Text	3.4	Hội thoại/Cốt truyện	Hệ thống/Thuật ngữ			Invites you to challenge again
lang_multi_text.db	Text_InviteColleague_Text	3.4	Hội thoại/Cốt truyện	Hệ thống/Thuật ngữ			There is an anomaly, if you have any questions, please contact the official customer service.
lang_multi_text.db	Text_InviteContinueChallenge_Text	3.4	Hội thoại/Cốt truyện	Hệ thống/Thuật ngữ			Invites you to continue the challenge
lang_multi_text.db	Text_InviteFriend_Text	3.4	Hội thoại/Cốt truyện	Hệ thống/Thuật ngữ			Invite Friend
lang_multi_text.db	Text_InviteNearby_Text	3.4	Hội thoại/Cốt truyện	Hệ thống/Thuật ngữ			Invite nearby players
lang_multi_text.db	Text_IsEnteringWorld_Text	3.4	Hội thoại/Cốt truyện	Hệ thống/Thuật ngữ			<color=Highlight>{0}</color> is joining
lang_multi_text.db	Text_IsInTeam_Text	3.4	Hội thoại/Cốt truyện	Hệ thống/Thuật ngữ			The selected Character is already in the combat team
lang_multi_text.db	Text_IsInUiViewText_Text	3.4	Hội thoại/Cốt truyện	Hệ thống/Thuật ngữ			Already in the target search interface, unable to continue to jump
lang_multi_text.db	Text_IsMyFriend_Text	3.4	Hội thoại/Cốt truyện	Hệ thống/Thuật ngữ			Friend Added
lang_multi_text.db	Text_IsNotMyRole_Text	3.4	Hội thoại/Cốt truyện	Hệ thống/Thuật ngữ			You can only switch your characters
lang_multi_text.db	Text_IsNotOpenOnline_Text	3.4	Hội thoại/Cốt truyện	Hệ thống/Thuật ngữ			Co-op Mode currently unavailable. Unlocked after reaching Union Level 22
lang_multi_text.db	Text_ItemCostNotEnough_Text	3.4	Hội thoại/Cốt truyện	Hệ thống/Thuật ngữ			<color=#ff0000ff>{0}</color>/{1}
lang_multi_text.db	Text_ItemCost_Text	3.4	Hội thoại/Cốt truyện	Hệ thống/Thuật ngữ			{0}/{1}
lang_multi_text.db	Text_ItemCountNotSatisfied_Text	3.4	Hội thoại/Cốt truyện	Hệ thống/Thuật ngữ			The quantity of this item does not meet the requirements
lang_multi_text.db	Text_ItemDescrtption_Text	3.4	Hội thoại/Cốt truyện	Hệ thống/Thuật ngữ			Item description
lang_multi_text.db	Text_ItemEnoughText_Text	3.4	Hội thoại/Cốt truyện	Hệ thống/Thuật ngữ			<color=#ffd12f>{0}</color>/{1}
lang_multi_text.db	Text_ItemEquiped_Text	3.4	Hội thoại/Cốt truyện	Hệ thống/Thuật ngữ			Equipped
lang_multi_text.db	Text_ItemExpired_text	3.4	Hội thoại/Cốt truyện	Hệ thống/Thuật ngữ			Expiring on {0}-{1} {2}
lang_multi_text.db	Text_ItemHandBookLock_Text	3.4	Hội thoại/Cốt truyện	Hệ thống/Thuật ngữ			Item not yet obtained
lang_multi_text.db	Text_ItemHaveNum_Text	3.4	Hội thoại/Cốt truyện	Hệ thống/Thuật ngữ			Own <color=Highlight>%s</color>
lang_multi_text.db	Text_ItemLockSuccess_Text	3.4	Hội thoại/Cốt truyện	Hệ thống/Thuật ngữ			Item Locked
lang_multi_text.db	Text_ItemNameShowCount_Text	3.4	Hội thoại/Cốt truyện	Hệ thống/Thuật ngữ			{0} x{1}
lang_multi_text.db	Text_ItemNotEnoughText_Text	3.4	Hội thoại/Cốt truyện	Hệ thống/Thuật ngữ			<color=#c25757>{0}</color>/{1}
lang_multi_text.db	Text_ItemRecycleChooseTip_text	3.4	Hội thoại/Cốt truyện	Hệ thống/Thuật ngữ			Select items to remove
lang_multi_text.db	Text_ItemRecycleChosenTotal_text	3.4	Hội thoại/Cốt truyện	Hệ thống/Thuật ngữ			Selected: {0}/{1}
lang_multi_text.db	Text_ItemRecycleChosen_text	3.4	Hội thoại/Cốt truyện	Hệ thống/Thuật ngữ			{0}/{1}
lang_multi_text.db	Text_ItemRecycleConfirmToggle_text	3.4	Hội thoại/Cốt truyện	Hệ thống/Thuật ngữ			Do not show again
lang_multi_text.db	Text_ItemRecycleCount_text	3.4	Hội thoại/Cốt truyện	Hệ thống/Thuật ngữ			Amount: {0}
lang_multi_text.db	Text_ItemRecycleLimited_text	3.4	Hội thoại/Cốt truyện	Hệ thống/Thuật ngữ			Selected item cannot be removed.
lang_multi_text.db	Text_ItemRecycle_text	3.4	Hội thoại/Cốt truyện	Hệ thống/Thuật ngữ			Remove
lang_multi_text.db	Text_ItemReturnTitle_Text	3.4	Hội thoại/Cốt truyện	Hệ thống/Thuật ngữ			Returned Materials
lang_multi_text.db	Text_ItemSelectCookQuantityTip_text	3.4	Hội thoại/Cốt truyện	Hệ thống/Thuật ngữ			Quantity: <color=Highlight>{0}</color>
lang_multi_text.db	Text_ItemSelectCookUnlockTip_text	3.4	Hội thoại/Cốt truyện	Hệ thống/Thuật ngữ			Locked recipe. Please find more clues
lang_multi_text.db	Text_ItemSelectCookUnlock_text	3.4	Hội thoại/Cốt truyện	Hệ thống/Thuật ngữ			???
lang_multi_text.db	Text_ItemSelectForgeQuantityTip_text	3.4	Hội thoại/Cốt truyện	Hệ thống/Thuật ngữ			Quantity: <color=Highlight>{0}</color>
lang_multi_text.db	Text_ItemSelectShopQuantityTip_text	3.4	Hội thoại/Cốt truyện	Hệ thống/Thuật ngữ			Quantity: <color=Highlight>{0}</color>
lang_multi_text.db	Text_ItemSelectSynthesisQuantityTip_text	3.4	Hội thoại/Cốt truyện	Hệ thống/Thuật ngữ			<color=#f9ffff>Quantity</color>: <color=#f7eba6>{0}</color>
lang_multi_text.db	Text_ItemShow_Text	3.4	Hội thoại/Cốt truyện	Hệ thống/Thuật ngữ			{0}/{1}
lang_multi_text.db	Text_ItemTipsHaveNum_Text	3.4	Hội thoại/Cốt truyện	Hệ thống/Thuật ngữ			Owned: {0}
lang_multi_text.db	Text_ItemTipsNum_Text	3.4	Hội thoại/Cốt truyện	Hệ thống/Thuật ngữ			Inventory: {0}
lang_multi_text.db	Text_ItemTips_1_Text	3.4	Hội thoại/Cốt truyện	Hệ thống/Thuật ngữ			Item not currently available
lang_multi_text.db	Text_ItemToolsBlank_Text	3.4	Hội thoại/Cốt truyện	Hệ thống/Thuật ngữ			No available items to assemble currently
lang_multi_text.db	Text_ItemToolsSubTitle_Text	3.4	Hội thoại/Cốt truyện	Hệ thống/Thuật ngữ			Item assembly
lang_multi_text.db	Text_ItemUnlockSuccess_Text	3.4	Hội thoại/Cốt truyện	Hệ thống/Thuật ngữ			Item Unlocked
lang_multi_text.db	Text_ItemUseCount_Text	3.4	Hội thoại/Cốt truyện	Hệ thống/Thuật ngữ			Item used: {0}
lang_multi_text.db	Text_JoinText_Text	3.4	Hội thoại/Cốt truyện	Hệ thống/Thuật ngữ			Select
lang_multi_text.db	Text_KeepOnButton_Text	3.4	Hội thoại/Cốt truyện	Hệ thống/Thuật ngữ			Continue
lang_multi_text.db	Text_KeyBoard_Text	3.4	Hội thoại/Cốt truyện	Hệ thống/Thuật ngữ			Keyboard and Mouse
lang_multi_text.db	Text_KillCount_Text	3.4	Hội thoại/Cốt truyện	Hệ thống/Thuật ngữ			Defeat times: {0}
lang_multi_text.db	Text_LanguageDownloadFinished_Text	3.4	Hội thoại/Cốt truyện	Hệ thống/Thuật ngữ			{0} voice pack has been downloaded
lang_multi_text.db	Text_LeaderCancelMatch_Text	3.4	Hội thoại/Cốt truyện	Hệ thống/Thuật ngữ			Matchmaking canceled
lang_multi_text.db	Text_LeaderExitMatching_Text	3.4	Hội thoại/Cốt truyện	Hệ thống/Thuật ngữ			Team leader has left, the match team has been disbanded
lang_multi_text.db	Text_LeaderExitOnlineTeam_Text	3.4	Hội thoại/Cốt truyện	Hệ thống/Thuật ngữ			{0} has left the team, returning to single-player mode.
lang_multi_text.db	Text_Leave_Text	3.4	Hội thoại/Cốt truyện	Hệ thống/Thuật ngữ			Leave
lang_multi_text.db	Text_LeftAreaTeamText_Text	3.4	Hội thoại/Cốt truyện	Hệ thống/Thuật ngữ			Left
lang_multi_text.db	Text_LeftAreaText_Text	3.4	Hội thoại/Cốt truyện	Hệ thống/Thuật ngữ			Left area
lang_multi_text.db	Text_LevelGiftPrompt_Text	3.4	Hội thoại/Cốt truyện	Hệ thống/Thuật ngữ			No level bundles available
lang_multi_text.db	Text_LevelNumber_Text	3.4	Hội thoại/Cốt truyện	Hệ thống/Thuật ngữ			<size=32>Lv.</size>{0}
lang_multi_text.db	Text_LevelRichText_Text	3.4	Hội thoại/Cốt truyện	Hệ thống/Thuật ngữ			<color=#ffffff>Lv. {0}/</color><color=#c1c1c1>{1}</color>
lang_multi_text.db	Text_LevelShow_Text	3.4	Hội thoại/Cốt truyện	Hệ thống/Thuật ngữ			Lv. {0}
lang_multi_text.db	Text_LevelText_Text	3.4	Hội thoại/Cốt truyện	Hệ thống/Thuật ngữ			Lv. {0}
lang_multi_text.db	Text_LevelUpMax_Text	3.4	Hội thoại/Cốt truyện	Hệ thống/Thuật ngữ			Max Level Reached
lang_multi_text.db	Text_LevelUpSuccessful_Text	3.4	Hội thoại/Cốt truyện	Hệ thống/Thuật ngữ			Upgraded
lang_multi_text.db	Text_LimitCount_Text	3.4	Hội thoại/Cốt truyện	Hệ thống/Thuật ngữ			The number of Characters in battle does not meet the requirements
lang_multi_text.db	Text_LogCompressing_Text	3.4	Hội thoại/Cốt truyện	Hệ thống/Thuật ngữ			Compressing Log... {0}
lang_multi_text.db	Text_LogUploadCancel_Text	3.4	Hội thoại/Cốt truyện	Hệ thống/Thuật ngữ			Cancel upload
lang_multi_text.db	Text_LogUploadConfirm_Text	3.4	Hội thoại/Cốt truyện	Hệ thống/Thuật ngữ			Upload the log to help us locate the issue. \n (A small amount of data will be consumed if you are using mobile data)
lang_multi_text.db	Text_LogUploadFail_Text	3.4	Hội thoại/Cốt truyện	Hệ thống/Thuật ngữ			Log upload failed, number of failed files: <color=#c25757>{0}</color>/{1}. Please check the network environment or contact customer service.
lang_multi_text.db	Text_LogUploadRetry_Text	3.4	Hội thoại/Cốt truyện	Hệ thống/Thuật ngữ			Retry
lang_multi_text.db	Text_LogUploadService_Text	3.4	Hội thoại/Cốt truyện	Hệ thống/Thuật ngữ			Contact customer service
lang_multi_text.db	Text_LogUploadSuccess_Text	3.4	Hội thoại/Cốt truyện	Hệ thống/Thuật ngữ			Log Uploaded
lang_multi_text.db	Text_LogUploadYes_Text	3.4	Hội thoại/Cốt truyện	Hệ thống/Thuật ngữ			Confirm
lang_multi_text.db	Text_LogUpload_Text	3.4	Hội thoại/Cốt truyện	Hệ thống/Thuật ngữ			Upload
lang_multi_text.db	Text_LogUploading_Text	3.4	Hội thoại/Cốt truyện	Hệ thống/Thuật ngữ			Log uploading {0}
lang_multi_text.db	Text_LoginFailEmptyAccount_Text	3.4	Hội thoại/Cốt truyện	Hệ thống/Thuật ngữ			Account cannot be empty
lang_multi_text.db	Text_LoginFailTooManyTimes_Text	3.4	Hội thoại/Cốt truyện	Hệ thống/Thuật ngữ			Too many failed login attempts, please try again later.
lang_multi_text.db	Text_LoginRequestFail_Text	3.4	Hội thoại/Cốt truyện	Hệ thống/Thuật ngữ			Login request failed, please try again later.
lang_multi_text.db	Text_LordGymNewDifficultyUnlock_Text	3.4	Hội thoại/Cốt truyện	Hệ thống/Thuật ngữ			New difficulty unlocked
lang_multi_text.db	Text_LowRiskAreaFloor_Text	3.4	Hội thoại/Cốt truyện	Hệ thống/Thuật ngữ			Updating results of Stable Zone: {0} - Floor {1}. Do you confirm?
lang_multi_text.db	Text_LowRisk_Text	3.4	Hội thoại/Cốt truyện	Hệ thống/Thuật ngữ			Stable Zone: {0}
lang_multi_text.db	Text_LvString_Text	3.4	Hội thoại/Cốt truyện	Hệ thống/Thuật ngữ			{0} Stage
lang_multi_text.db	Text_LvlUnknown_Text	3.4	Hội thoại/Cốt truyện	Hệ thống/Thuật ngữ			Level ???
lang_multi_text.db	Text_MachiningStudy_Text	3.4	Hội thoại/Cốt truyện	Hệ thống/Thuật ngữ			Culinary Research
lang_multi_text.db	Text_Machining_Text	3.4	Hội thoại/Cốt truyện	Hệ thống/Thuật ngữ			Cutting and Processing
lang_multi_text.db	Text_MaciningStudyFail_Text	3.4	Hội thoại/Cốt truyện	Hệ thống/Thuật ngữ			Collect more clues and try other combinations
lang_multi_text.db	Text_MailBack_Text	3.4	Hội thoại/Cốt truyện	Hệ thống/Thuật ngữ			Back
lang_multi_text.db	Text_MailCapicity_Text	3.4	Hội thoại/Cốt truyện	Hệ thống/Thuật ngữ			Storage
lang_multi_text.db	Text_MailDelete_Text	3.4	Hội thoại/Cốt truyện	Hệ thống/Thuật ngữ			Deleted
lang_multi_text.db	Text_MailFunctionLocked_Text	3.4	Hội thoại/Cốt truyện	Hệ thống/Thuật ngữ			Reach Union Level {0}
lang_multi_text.db	Text_MailGetItem_Text	3.4	Hội thoại/Cốt truyện	Hệ thống/Thuật ngữ			Items Obtained
lang_multi_text.db	Text_MailMax_Text	3.4	Hội thoại/Cốt truyện	Hệ thống/Thuật ngữ			Mailbox full. Please free up space for new mail.
lang_multi_text.db	Text_MailSender_Text	3.4	Hội thoại/Cốt truyện	Hệ thống/Thuật ngữ			From:
lang_multi_text.db	Text_MailTime_Text	3.4	Hội thoại/Cốt truyện	Hệ thống/Thuật ngữ			Time:
lang_multi_text.db	Text_MailTitle_Text	3.4	Hội thoại/Cốt truyện	Hệ thống/Thuật ngữ			Heading
lang_multi_text.db	Text_Mail_Text	3.4	Hội thoại/Cốt truyện	Hệ thống/Thuật ngữ			Mail
lang_multi_text.db	Text_MainNew_Text	3.4	Hội thoại/Cốt truyện	Hệ thống/Thuật ngữ			Received a new email
lang_multi_text.db	Text_MakingAccessory_Text	3.4	Hội thoại/Cốt truyện	Hệ thống/Thuật ngữ			Ingredient Making
lang_multi_text.db	Text_MakingDishes_Text	3.4	Hội thoại/Cốt truyện	Hệ thống/Thuật ngữ			Dish Making
lang_multi_text.db	Text_Making_Text	3.4	Hội thoại/Cốt truyện	Hệ thống/Thuật ngữ			Craft
lang_multi_text.db	Text_MatchInstanceDead_Text	3.4	Hội thoại/Cốt truyện	Hệ thống/Thuật ngữ			You have been knocked out. When your teammates complete the challenge, you will be revived. You will leave the Sonoro Sphere if you quit the challenge now.
lang_multi_text.db	Text_MatchingAgree_Text	3.4	Hội thoại/Cốt truyện	Hệ thống/Thuật ngữ			Confirm
lang_multi_text.db	Text_MatchingBackground_Text	3.4	Hội thoại/Cốt truyện	Hệ thống/Thuật ngữ			Matching will continue
lang_multi_text.db	Text_MatchingButtonLeader_Text	3.4	Hội thoại/Cốt truyện	Hệ thống/Thuật ngữ			Start Challenge
lang_multi_text.db	Text_MatchingButtonMemberCancel_Text	3.4	Hội thoại/Cốt truyện	Hệ thống/Thuật ngữ			Cancel
lang_multi_text.db	Text_MatchingButtonMember_Text	3.4	Hội thoại/Cốt truyện	Hệ thống/Thuật ngữ			Prepare
lang_multi_text.db	Text_MatchingCancel_Text	3.4	Hội thoại/Cốt truyện	Hệ thống/Thuật ngữ			Exit Matching
lang_multi_text.db	Text_MatchingConfirm_Text	3.4	Hội thoại/Cốt truyện	Hệ thống/Thuật ngữ			Matching Ready
lang_multi_text.db	Text_MatchingContext_Text	3.4	Hội thoại/Cốt truyện	Hệ thống/Thuật ngữ			<color=#15262e><size=52>{0}</size></color>\n <color=#6e6a62><size=40>Match success. Click confirm to set up the lineup.</size></color>
lang_multi_text.db	Text_MatchingCoolDown_Text	3.4	Hội thoại/Cốt truyện	Hệ thống/Thuật ngữ			Matching will be canceled in {0}s
lang_multi_text.db	Text_MatchingInviteCd_Text	3.4	Hội thoại/Cốt truyện	Hệ thống/Thuật ngữ			Invitation has been sent, please try again later
lang_multi_text.db	Text_MatchingOtherCancel_Text	3.4	Hội thoại/Cốt truyện	Hệ thống/Thuật ngữ			Some players have not confirmed, re-matching
lang_multi_text.db	Text_MatchingSuccess_Text	3.4	Hội thoại/Cốt truyện	Hệ thống/Thuật ngữ			Match Complete
lang_multi_text.db	Text_MatchingTeleport_Text	3.4	Hội thoại/Cốt truyện	Hệ thống/Thuật ngữ			About to be transported to the entrance of the instance
lang_multi_text.db	Text_MatchingTimeOut_Text	3.4	Hội thoại/Cốt truyện	Hệ thống/Thuật ngữ			Match time too long, canceled
lang_multi_text.db	Text_MatchingWait_Text	3.4	Hội thoại/Cốt truyện	Hệ thống/Thuật ngữ			Waiting for other players to confirm
lang_multi_text.db	Text_Material_Text	3.4	Hội thoại/Cốt truyện	Hệ thống/Thuật ngữ			Material
lang_multi_text.db	Text_MaxDeliverCount_Text	3.4	Hội thoại/Cốt truyện	Hệ thống/Thuật ngữ			Max items delivered
lang_multi_text.db	Text_Medicament_Text	3.4	Hội thoại/Cốt truyện	Hệ thống/Thuật ngữ			Potion
lang_multi_text.db	Text_Meter_Text	3.4	Hội thoại/Cốt truyện	Hệ thống/Thuật ngữ			{0}m
lang_multi_text.db	Text_MiddleRequirementDefault__Text	3.4	Hội thoại/Cốt truyện	Hệ thống/Thuật ngữ			Items Obtained
lang_multi_text.db	Text_MingSuTi_Text1_Text	3.4	Hội thoại/Cốt truyện	Hệ thống/Thuật ngữ			<color=#ac8549>{0}</color>/{1}
lang_multi_text.db	Text_MingSuTi_Text2_Text	3.4	Hội thoại/Cốt truyện	Hệ thống/Thuật ngữ			{0}
lang_multi_text.db	Text_MingSuTi_Text3_Text	3.4	Hội thoại/Cốt truyện	Hệ thống/Thuật ngữ			Deliver All
lang_multi_text.db	Text_MingSuTi_Text4_Text	3.4	Hội thoại/Cốt truyện	Hệ thống/Thuật ngữ			Return to Current Level
lang_multi_text.db	Text_MingSuTi_Text5_Text	3.4	Hội thoại/Cốt truyện	Hệ thống/Thuật ngữ			Return to Current Level
lang_multi_text.db	Text_MingSuTi_Text6_Text	3.4	Hội thoại/Cốt truyện	Hệ thống/Thuật ngữ			Insufficient Materials
lang_multi_text.db	Text_MinuteText_Text	3.4	Hội thoại/Cốt truyện	Hệ thống/Thuật ngữ			m
lang_multi_text.db	Text_Minute_Text	3.4	Hội thoại/Cốt truyện	Hệ thống/Thuật ngữ			m
lang_multi_text.db	Text_MobileAutoPickUp_Text	3.4	Hội thoại/Cốt truyện	Hệ thống/Thuật ngữ			Click right half of screen to auto pick
lang_multi_text.db	Text_MonsterHandBookLock_Text	3.4	Hội thoại/Cốt truyện	Hệ thống/Thuật ngữ			Enemy gallery locked
lang_multi_text.db	Text_MonsterInformation_Text	3.4	Hội thoại/Cốt truyện	Hệ thống/Thuật ngữ			Enemy Info
lang_multi_text.db	Text_MonsterTimeRemain_Text	3.4	Hội thoại/Cốt truyện	Hệ thống/Thuật ngữ			Reset after
lang_multi_text.db	Text_MonthCardShopTitle_Text	3.4	Hội thoại/Cốt truyện	Hệ thống/Thuật ngữ			Log in daily for 30 consecutive days to receive rewards.
lang_multi_text.db	Text_MonthlyCardDesc_Text	3.4	Hội thoại/Cốt truyện	Hệ thống/Thuật ngữ			A monthly trade contract of the underlying assets at a fixed price, backed by the credit of the Exchange. A compensation will be paid daily before the expiration to settle the balance in the form of Special Acceptance Rights or Tacetreite Voucher. No physical delivery is involved.
lang_multi_text.db	Text_MonthlyCardMax_Text	3.4	Hội thoại/Cốt truyện	Hệ thống/Thuật ngữ			Max Duration Reached
lang_multi_text.db	Text_MonthlyCardRemainDays1_Text	3.4	Hội thoại/Cốt truyện	Hệ thống/Thuật ngữ			{0}d remaining (Today's Astrite Claimed)
lang_multi_text.db	Text_MonthlyCardRemainDays2_Text	3.4	Hội thoại/Cốt truyện	Hệ thống/Thuật ngữ			{0}d remaining
lang_multi_text.db	Text_MonthlyCardRewardTip_Text	3.4	Hội thoại/Cốt truyện	Hệ thống/Thuật ngữ			Tap to claim today's rewards.
lang_multi_text.db	Text_MonthlyCardTip_Text	3.4	Hội thoại/Cốt truyện	Hệ thống/Thuật ngữ			Purchase to obtain 30 days of Lunite Subscription \nGet a total of 300 Lunites and 2700 Astrites
lang_multi_text.db	Text_Motion_Text	3.4	Hội thoại/Cốt truyện	Hệ thống/Thuật ngữ			Animations
lang_multi_text.db	Text_MultiGift_Text	3.4	Hội thoại/Cốt truyện	Hệ thống/Thuật ngữ			Choice Supply Pack
lang_multi_text.db	Text_MultiplayerBack_Text	3.4	Hội thoại/Cốt truyện	Hệ thống/Thuật ngữ			Returning to single player game
lang_multi_text.db	Text_MultiplayerBeKicked_Text	3.4	Hội thoại/Cốt truyện	Hệ thống/Thuật ngữ			You are disconnected. Returning to single-player game...
lang_multi_text.db	Text_MultiplayerLeaderLeave_Text	3.4	Hội thoại/Cốt truyện	Hệ thống/Thuật ngữ			Current team has disbanded, returning to single player game.
lang_multi_text.db	Text_MultiplayerLeave_Text	3.4	Hội thoại/Cốt truyện	Hệ thống/Thuật ngữ			<color=Highlight>{0}</color> has left the team.
lang_multi_text.db	Text_MuteText_Text	3.4	Hội thoại/Cốt truyện	Hệ thống/Thuật ngữ			Mute
lang_multi_text.db	Text_MutiLine_Text	3.4	Hội thoại/Cốt truyện	Hệ thống/Thuật ngữ			Multiple sentences
lang_multi_text.db	Text_NameIsViolation_Text	3.4	Hội thoại/Cốt truyện	Hệ thống/Thuật ngữ			Contains sensitive characters
lang_multi_text.db	Text_NameMark_Text	3.4	Hội thoại/Cốt truyện	Hệ thống/Thuật ngữ			({0})
lang_multi_text.db	Text_NameTips_Text	3.4	Hội thoại/Cốt truyện	Hệ thống/Thuật ngữ			The "{0}" born in confusion,\n\nAre you ready to reshape the shattered future?
lang_multi_text.db	Text_NeedAllDeadToChallengeAgain_Text	3.4	Hội thoại/Cốt truyện	Hệ thống/Thuật ngữ			The challenge can only be retried after all team members are knocked out
lang_multi_text.db	Text_NeedClearLastDifficulty_Text	3.4	Hội thoại/Cốt truyện	Hệ thống/Thuật ngữ			Complete all stages of the previous difficulty to unlock
lang_multi_text.db	Text_NeedDeliverItem_Text	3.4	Hội thoại/Cốt truyện	Hệ thống/Thuật ngữ			Required delivery items
lang_multi_text.db	Text_NetworkConnect_Text	3.4	Hội thoại/Cốt truyện	Hệ thống/Thuật ngữ			Connecting
lang_multi_text.db	Text_NewCycleTowerChallenge_Text	3.4	Hội thoại/Cốt truyện	Hệ thống/Thuật ngữ			New survey
lang_multi_text.db	Text_NewDangoMember	3.4	Hội thoại/Cốt truyện	Hệ thống/Thuật ngữ			New Companion
lang_multi_text.db	Text_NewItemUnlock_Text	3.4	Hội thoại/Cốt truyện	Hệ thống/Thuật ngữ			{0} is now available in the Gallery
lang_multi_text.db	Text_NewRecord_Text	3.4	Hội thoại/Cốt truyện	Hệ thống/Thuật ngữ			New record
lang_multi_text.db	Text_NextChallengeText_Text	3.4	Hội thoại/Cốt truyện	Hệ thống/Thuật ngữ			Will go to the {0} {1} scene
lang_multi_text.db	Text_NextInviteTime_Text	3.4	Hội thoại/Cốt truyện	Hệ thống/Thuật ngữ			Can continue to invite after {0}s
lang_multi_text.db	Text_NextSuggestTime_Text	3.4	Hội thoại/Cốt truyện	Hệ thống/Thuật ngữ			Can continue to propose after {0}s
lang_multi_text.db	Text_Nine_Text	3.4	Hội thoại/Cốt truyện	Hệ thống/Thuật ngữ			IX
lang_multi_text.db	Text_NoAnnouncementYet_Text	3.4	Hội thoại/Cốt truyện	Hệ thống/Thuật ngữ			No announcement for now
lang_multi_text.db	Text_NoChangeRole_Text	3.4	Hội thoại/Cốt truyện	Hệ thống/Thuật ngữ			Currently does not support replacing Character
lang_multi_text.db	Text_NoImportantMail_Text	3.4	Hội thoại/Cốt truyện	Hệ thống/Thuật ngữ			No Starred Mails
lang_multi_text.db	Text_NoLock_Text	3.4	Hội thoại/Cốt truyện	Hệ thống/Thuật ngữ			The item has been selected and cannot be locked.
lang_multi_text.db	Text_NoMail_Text	3.4	Hội thoại/Cốt truyện	Hệ thống/Thuật ngữ			No Mails
lang_multi_text.db	Text_NoNetwork_Text	3.4	Hội thoại/Cốt truyện	Hệ thống/Thuật ngữ			No network connection. Please check your network and try again.
lang_multi_text.db	Text_NoReady_Text	3.4	Hội thoại/Cốt truyện	Hệ thống/Thuật ngữ			Some players are not ready.
lang_multi_text.db	Text_NoResetNode_Text	3.4	Hội thoại/Cốt truyện	Hệ thống/Thuật ngữ			No nodes can be reset.
lang_multi_text.db	Text_NoRole_Text	3.4	Hội thoại/Cốt truyện	Hệ thống/Thuật ngữ			No Resonators in the current team.
lang_multi_text.db	Text_NoSatisfiedItem_Text	3.4	Hội thoại/Cốt truyện	Hệ thống/Thuật ngữ			No suitable items for now.
lang_multi_text.db	Text_NoUnReadMail_Text	3.4	Hội thoại/Cốt truyện	Hệ thống/Thuật ngữ			No Unread Mails
lang_multi_text.db	Text_NoneMotion_Text	3.4	Hội thoại/Cốt truyện	Hệ thống/Thuật ngữ			Not displayed
lang_multi_text.db	Text_NoneRole_Text	3.4	Hội thoại/Cốt truyện	Hệ thống/Thuật ngữ			Cannot switch characters in Trial Mode
lang_multi_text.db	Text_None_Text	3.4	Hội thoại/Cốt truyện	Hệ thống/Thuật ngữ			None
lang_multi_text.db	Text_NormalEnemyInformation_Text	3.4	Hội thoại/Cốt truyện	Hệ thống/Thuật ngữ			Enemy information
lang_multi_text.db	Text_NormalFight_Text	3.4	Hội thoại/Cốt truyện	Hệ thống/Thuật ngữ			Deploy
lang_multi_text.db	Text_NormalPluginType_Text	3.4	Hội thoại/Cốt truyện	Hệ thống/Thuật ngữ			Standard Module
lang_multi_text.db	Text_NormalPlugin_Text	3.4	Hội thoại/Cốt truyện	Hệ thống/Thuật ngữ			Standard Module: {0}
lang_multi_text.db	Text_NotDownloaded_Text	3.4	Hội thoại/Cốt truyện	Hệ thống/Thuật ngữ			Not downloaded
lang_multi_text.db	Text_NotElegantName_Text	3.4	Hội thoại/Cốt truyện	Hệ thống/Thuật ngữ			The input contains sensitive characters
lang_multi_text.db	Text_NotEnoughItemDeliver_Text	3.4	Hội thoại/Cốt truyện	Hệ thống/Thuật ngữ			Insufficient items for delivery
lang_multi_text.db	Text_NotEnoughItem_Text	3.4	Hội thoại/Cốt truyện	Hệ thống/Thuật ngữ			Insufficient quantity of items
lang_multi_text.db	Text_NotFinishedTip_Text	3.4	Hội thoại/Cốt truyện	Hệ thống/Thuật ngữ			Please complete all tasks in this chapter
lang_multi_text.db	Text_NotFinished_Text	3.4	Hội thoại/Cốt truyện	Hệ thống/Thuật ngữ			Not Completed
lang_multi_text.db	Text_NotResurrectionItem_Text	3.4	Hội thoại/Cốt truyện	Hệ thống/Thuật ngữ			No available items for revival
lang_multi_text.db	Text_OccupiedArea	3.4	Hội thoại/Cốt truyện	Hệ thống/Thuật ngữ			Unavailable Area
lang_multi_text.db	Text_OccupiedRole	3.4	Hội thoại/Cốt truyện	Hệ thống/Thuật ngữ			Target unavailable
lang_multi_text.db	Text_OfflineText_Text	3.4	Hội thoại/Cốt truyện	Hệ thống/Thuật ngữ			Offline
lang_multi_text.db	Text_One_Text	3.4	Hội thoại/Cốt truyện	Hệ thống/Thuật ngữ			I
lang_multi_text.db	Text_OnlineCantChangeLevel_Text	3.4	Hội thoại/Cốt truyện	Hệ thống/Thuật ngữ			Currently in Co-op Mode, unable to adjust SOL3 Phase
lang_multi_text.db	Text_OnlineDisabledByInstance_Text	3.4	Hội thoại/Cốt truyện	Hệ thống/Thuật ngữ			You cannot open Co-op Lobby while in challenge
lang_multi_text.db	Text_OnlineDisabledByNonOnlinePlay_Fallback_Text	3.4	Hội thoại/Cốt truyện	Hệ thống/Thuật ngữ			Currently in a gameplay, unable to join Co-op.
lang_multi_text.db	Text_OnlineDisabledByNonOnlinePlay_Text	3.4	Hội thoại/Cốt truyện	Hệ thống/Thuật ngữ			Currently in the {0} activity, unable to join Co-op.
lang_multi_text.db	Text_OnlineDisabledByNonOnlineQuest_Fallback_Text	3.4	Hội thoại/Cốt truyện	Hệ thống/Thuật ngữ			Currently in a Quest, unable to join Co-op.
lang_multi_text.db	Text_OnlineDisabledByNonOnlineQuest_Text	3.4	Hội thoại/Cốt truyện	Hệ thống/Thuật ngữ			Currently in Quest "{0}", unable to join Co-op.
lang_multi_text.db	Text_OnlineDisabledByTrialRole_Text	3.4	Hội thoại/Cốt truyện	Hệ thống/Thuật ngữ			A trial Resonator is currently in your team or another player's team. Unable to join Co-op.
lang_multi_text.db	Text_OnlineMultipleApply_Text	3.4	Hội thoại/Cốt truyện	Hệ thống/Thuật ngữ			Waiting for {0} player(s) to join the team
lang_multi_text.db	Text_OnlineSingleApply_Text	3.4	Hội thoại/Cốt truyện	Hệ thống/Thuật ngữ			requests to join your world
lang_multi_text.db	Text_OptionTitle_Text	3.4	Hội thoại/Cốt truyện	Hệ thống/Thuật ngữ			Options
lang_multi_text.db	Text_OthersCantEnterMyWorld_Text	3.4	Hội thoại/Cốt truyện	Hệ thống/Thuật ngữ			{0} is currently unable to join Co-op.
lang_multi_text.db	Text_OthersLeaveMatchTeam_Text	3.4	Hội thoại/Cốt truyện	Hệ thống/Thuật ngữ			{0} has left the matching team.
lang_multi_text.db	Text_OutputMonster_Text	3.4	Hội thoại/Cốt truyện	Hệ thống/Thuật ngữ			Produce Echo
lang_multi_text.db	Text_OverLockAreaFloor_Text	3.4	Hội thoại/Cốt truyện	Hệ thống/Thuật ngữ			Updating results of Overdrive Zone: {0} - Floor {1}. Do you confirm?
lang_multi_text.db	Text_OverLock_Text	3.4	Hội thoại/Cốt truyện	Hệ thống/Thuật ngữ			Overdrive Zone: {0}
lang_multi_text.db	Text_OverSeaServerLv_text	3.4	Hội thoại/Cốt truyện	Hệ thống/Thuật ngữ			Lv.{0}
lang_multi_text.db	Text_ParaglidingSkinTab_Text	3.4	Hội thoại/Cốt truyện	Hệ thống/Thuật ngữ			Glider
lang_multi_text.db	Text_PassivePluginType_Text	3.4	Hội thoại/Cốt truyện	Hệ thống/Thuật ngữ			Ability Module
lang_multi_text.db	Text_PassivePlugin_Text	3.4	Hội thoại/Cốt truyện	Hệ thống/Thuật ngữ			Ability Module: {0}
lang_multi_text.db	Text_PatchDownTips_Text	3.4	Hội thoại/Cốt truyện	Hệ thống/Thuật ngữ			The game can be minimized during the download process
lang_multi_text.db	Text_PatchDown_Text	3.4	Hội thoại/Cốt truyện	Hệ thống/Thuật ngữ			Downloading: {0}  Resource size: {1}/{2}
lang_multi_text.db	Text_PauseDownload_Text	3.4	Hội thoại/Cốt truyện	Hệ thống/Thuật ngữ			Pause download
lang_multi_text.db	Text_Pausing_Text	3.4	Hội thoại/Cốt truyện	Hệ thống/Thuật ngữ			Pausing
lang_multi_text.db	Text_PermissionsSetting_0_Text	3.4	Hội thoại/Cốt truyện	Hệ thống/Thuật ngữ			Join Upon Approval
lang_multi_text.db	Text_PermissionsSetting_1_Text	3.4	Hội thoại/Cốt truyện	Hệ thống/Thuật ngữ			Public
lang_multi_text.db	Text_PermissionsSetting_2_Text	3.4	Hội thoại/Cốt truyện	Hệ thống/Thuật ngữ			Closed
lang_multi_text.db	Text_PermissionsSetting_3_Text	3.4	Hội thoại/Cốt truyện	Hệ thống/Thuật ngữ			Friends Only
lang_multi_text.db	Text_PhantomAddFetter_Text	3.4	Hội thoại/Cốt truyện	Hệ thống/Thuật ngữ			New Sonata: {0}
lang_multi_text.db	Text_PhantomBreachCost_Text	3.4	Hội thoại/Cốt truyện	Hệ thống/Thuật ngữ			Integrated Tuning consumption {0}/{1}
lang_multi_text.db	Text_PhantomBreachEmpty_Text	3.4	Hội thoại/Cốt truyện	Hệ thống/Thuật ngữ			No same Echo
lang_multi_text.db	Text_PhantomBreachTitle_Text	3.4	Hội thoại/Cốt truyện	Hệ thống/Thuật ngữ			Integrated Tunning
lang_multi_text.db	Text_PhantomBreach_Text	3.4	Hội thoại/Cốt truyện	Hệ thống/Thuật ngữ			Tuning
lang_multi_text.db	Text_PhantomDecomposeEmpty_Text	3.4	Hội thoại/Cốt truyện	Hệ thống/Thuật ngữ			No Echo available for recycling.
lang_multi_text.db	Text_PhantomDecomposeTitle_Text	3.4	Hội thoại/Cốt truyện	Hệ thống/Thuật ngữ			Remove
lang_multi_text.db	Text_PhantomDelFetter_Text	3.4	Hội thoại/Cốt truyện	Hệ thống/Thuật ngữ			Pause Sonata: {0}
lang_multi_text.db	Text_PhantomExhibitionEquip_Text	3.4	Hội thoại/Cốt truyện	Hệ thống/Thuật ngữ			Display
lang_multi_text.db	Text_PhantomExhibitionReplace_Text	3.4	Hội thoại/Cốt truyện	Hệ thống/Thuật ngữ			Replace
lang_multi_text.db	Text_PhantomFettersEquip_Text	3.4	Hội thoại/Cốt truyện	Hệ thống/Thuật ngữ			Equipped
lang_multi_text.db	Text_PhantomFettersHas_Text	3.4	Hội thoại/Cốt truyện	Hệ thống/Thuật ngữ			Owned
lang_multi_text.db	Text_PhantomFettersSkillInfoTitle_Text	3.4	Hội thoại/Cốt truyện	Hệ thống/Thuật ngữ			Sonata Details
lang_multi_text.db	Text_PhantomFettersUnEquip_Text	3.4	Hội thoại/Cốt truyện	Hệ thống/Thuật ngữ			Not Equipped
lang_multi_text.db	Text_PhantomFettersUnHas_Text	3.4	Hội thoại/Cốt truyện	Hệ thống/Thuật ngữ			Not Owned
lang_multi_text.db	Text_PhantomFormationEnterFormationTip_Text	3.4	Hội thoại/Cốt truyện	Hệ thống/Thuật ngữ			Cannot adjust the team lineup in the current state
lang_multi_text.db	Text_PhantomFormationEnterInstanceTip_Text	3.4	Hội thoại/Cốt truyện	Hệ thống/Thuật ngữ			You cannot enter the challenge in current state
lang_multi_text.db	Text_PhantomFormationEnterInventoryTip_Text	3.4	Hội thoại/Cốt truyện	Hệ thống/Thuật ngữ			Cannot use Backpack in current state
lang_multi_text.db	Text_PhantomFormationEnterMapTip_Text	3.4	Hội thoại/Cốt truyện	Hệ thống/Thuật ngữ			You cannot currently teleport
lang_multi_text.db	Text_PhantomFormationEnterOnlineTip_Text	3.4	Hội thoại/Cốt truyện	Hệ thống/Thuật ngữ			Cannot enter Co-op in current state
lang_multi_text.db	Text_PhantomFormationEnterRoleTip_Text	3.4	Hội thoại/Cốt truyện	Hệ thống/Thuật ngữ			Cannot open Resonator screen in current state
lang_multi_text.db	Text_PhantomGemCanNotReplace_Text	3.4	Hội thoại/Cốt truyện	Hệ thống/Thuật ngữ			An error occurred. For inquiries please contact customer support.
lang_multi_text.db	Text_PhantomHandBookLock_Text	3.4	Hội thoại/Cốt truyện	Hệ thống/Thuật ngữ			Locked
lang_multi_text.db	Text_PhantomInstanceLock_Text	3.4	Hội thoại/Cốt truyện	Hệ thống/Thuật ngữ			Forte not acquired
lang_multi_text.db	Text_PhantomItemOverflow_Text	3.4	Hội thoại/Cốt truyện	Hệ thống/Thuật ngữ			Excess Echo items will be issued via mail.
lang_multi_text.db	Text_PhantomLevelLimit_Text	3.4	Hội thoại/Cốt truyện	Hệ thống/Thuật ngữ			Max Level Reached
lang_multi_text.db	Text_PhantomLevelUpCondition_Text	3.4	Hội thoại/Cốt truyện	Hệ thống/Thuật ngữ			Upgrade Echo skill to {0} to unlock
lang_multi_text.db	Text_PhantomLevelUpTips_Text	3.4	Hội thoại/Cốt truyện	Hệ thống/Thuật ngữ			Do not show again
lang_multi_text.db	Text_PhantomLock_Text	3.4	Hội thoại/Cốt truyện	Hệ thống/Thuật ngữ			An error occurred. For inquiries please contact customer support.
lang_multi_text.db	Text_PhantomNewQualityUnlock_Text	3.4	Hội thoại/Cốt truyện	Hệ thống/Thuật ngữ			New Rarity Unlocked
lang_multi_text.db	Text_PhantomNoFilterGems_Text	3.4	Hội thoại/Cốt truyện	Hệ thống/Thuật ngữ			No Echo of the same attribute
lang_multi_text.db	Text_PhantomPutOnLimit_Text	3.4	Hội thoại/Cốt truyện	Hệ thống/Thuật ngữ			Upgrade Terminal Data Level to level {0} to use
lang_multi_text.db	Text_PhantomPutOn_Text	3.4	Hội thoại/Cốt truyện	Hệ thống/Thuật ngữ			Equip
lang_multi_text.db	Text_PhantomRandomChange_Text	3.4	Hội thoại/Cốt truyện	Hệ thống/Thuật ngữ			Random Upgrade
lang_multi_text.db	Text_PhantomRefineConditionUnfit_Text	3.4	Hội thoại/Cốt truyện	Hệ thống/Thuật ngữ			Data Modify can only be applied to unenhanced 5-Star Echoes
lang_multi_text.db	Text_PhantomRefineItemConsumeTips_Text	3.4	Hội thoại/Cốt truyện	Hệ thống/Thuật ngữ			Consume {0}1
lang_multi_text.db	Text_PhantomRefineNotOpen_Text	3.4	Hội thoại/Cốt truyện	Hệ thống/Thuật ngữ			Data Modify unlocks at Data Bank Level 21
lang_multi_text.db	Text_PhantomReplace_Text	3.4	Hội thoại/Cốt truyện	Hệ thống/Thuật ngữ			Switch
lang_multi_text.db	Text_PhantomSkillInfoTitle_Text	3.4	Hội thoại/Cốt truyện	Hệ thống/Thuật ngữ			Forte Details
lang_multi_text.db	Text_PhantomSkinUnlock_Text	3.4	Hội thoại/Cốt truyện	Hệ thống/Thuật ngữ			Phantom Appearance Unlocked
lang_multi_text.db	Text_PhantomSkinUse_Text	3.4	Hội thoại/Cốt truyện	Hệ thống/Thuật ngữ			Phantom Appearance On
lang_multi_text.db	Text_PhantomSubPropUnlock_Text	3.4	Hội thoại/Cốt truyện	Hệ thống/Thuật ngữ			Unlock at Level {0}
lang_multi_text.db	Text_PhantomTakeOff_Text	3.4	Hội thoại/Cốt truyện	Hệ thống/Thuật ngữ			Remove
lang_multi_text.db	Text_PhantomUnlockAndChangeSubPropTips_Text	3.4	Hội thoại/Cốt truyện	Hệ thống/Thuật ngữ			Upgrade to gain {0} {1} Substat(s) and {2} {3} Substat(s).
lang_multi_text.db	Text_PhantomUnlockOrChangeSubPropTips_Text	3.4	Hội thoại/Cốt truyện	Hệ thống/Thuật ngữ			Upgrade to gain {0} {1} Substat(s).
lang_multi_text.db	Text_PhantomUnlock_Text	3.4	Hội thoại/Cốt truyện	Hệ thống/Thuật ngữ			Unlock
lang_multi_text.db	Text_PhantomUpgrade_Text	3.4	Hội thoại/Cốt truyện	Hệ thống/Thuật ngữ			Enhance
lang_multi_text.db	Text_PlayerEnterTeam_Text	3.4	Hội thoại/Cốt truyện	Hệ thống/Thuật ngữ			{0} joined the team
lang_multi_text.db	Text_PlayerLeaveTeam_Text	3.4	Hội thoại/Cốt truyện	Hệ thống/Thuật ngữ			{0} has left the team
lang_multi_text.db	Text_PlayerLevelNum_Text	3.4	Hội thoại/Cốt truyện	Hệ thống/Thuật ngữ			{0}
lang_multi_text.db	Text_PlayerNumber_Text	3.4	Hội thoại/Cốt truyện	Hệ thống/Thuật ngữ			{0}P
lang_multi_text.db	Text_PleaseSelectItem_Text	3.4	Hội thoại/Cốt truyện	Hệ thống/Thuật ngữ			Please select an item first
lang_multi_text.db	Text_PlotSkipConfirmToggle_Text	3.4	Hội thoại/Cốt truyện	Hệ thống/Thuật ngữ			Do not show again
lang_multi_text.db	Text_PlotSkipTipsConsole_Text	3.4	Hội thoại/Cốt truyện	Hệ thống/Thuật ngữ			Hold {<ActionId=66>} to skip
lang_multi_text.db	Text_PlotSkipTipsMobile_Text	3.4	Hội thoại/Cốt truyện	Hệ thống/Thuật ngữ			Long press the screen to skip
lang_multi_text.db	Text_PlotSkipTipsPC_Text	3.4	Hội thoại/Cốt truyện	Hệ thống/Thuật ngữ			Long press the left mouse button to skip
lang_multi_text.db	Text_PoolResident_Text	3.4	Hội thoại/Cốt truyện	Hệ thống/Thuật ngữ			Standard
lang_multi_text.db	Text_PoolTimeLimit_Text	3.4	Hội thoại/Cốt truyện	Hệ thống/Thuật ngữ			Limited time
lang_multi_text.db	Text_Position_Text	3.4	Hội thoại/Cốt truyện	Hệ thống/Thuật ngữ			x:{0},y:{1},z:{2}
lang_multi_text.db	Text_PowerBound_Text	3.4	Hội thoại/Cốt truyện	Hệ thống/Thuật ngữ			Waveplates are full
lang_multi_text.db	Text_PowerBuySucceed_Text	3.4	Hội thoại/Cốt truyện	Hệ thống/Thuật ngữ			<color=#c19f51>{0}</color> Waveplate refilled
lang_multi_text.db	Text_PowerCancel_Text	3.4	Hội thoại/Cốt truyện	Hệ thống/Thuật ngữ			Cancel
lang_multi_text.db	Text_PowerCashFail_Text	3.4	Hội thoại/Cốt truyện	Hệ thống/Thuật ngữ			<color=#c19f51>Astrite</color> is insufficient, unable to replenish.
lang_multi_text.db	Text_PowerConfirm_Text	3.4	Hội thoại/Cốt truyện	Hệ thống/Thuật ngữ			Confirm
lang_multi_text.db	Text_PowerCostAndReward_Text	3.4	Hội thoại/Cốt truyện	Hệ thống/Thuật ngữ			Replenish and Claim
lang_multi_text.db	Text_PowerDescribe_Astrite_Not	3.4	Hội thoại/Cốt truyện	Hệ thống/Thuật ngữ			No <color=#c19f51>Astrite</color> replenishing attempts left.
lang_multi_text.db	Text_PowerDescribe_Astrite_Text	3.4	Hội thoại/Cốt truyện	Hệ thống/Thuật ngữ			Use <color=#c19f51>{0}</color> {1} to replenish <color=#c19f51>{2}</color> Waveplate(s). Today's remaining attempts: <color=#c19f51>{3}</color>.
lang_multi_text.db	Text_PowerDescribe_Text	3.4	Hội thoại/Cốt truyện	Hệ thống/Thuật ngữ			Consume <color=#c19f51>{0}</color> {1} to replenish <color=#c19f51>{2}</color> Waveplate(s)
lang_multi_text.db	Text_PowerExchangeRemain_Text	3.4	Hội thoại/Cốt truyện	Hệ thống/Thuật ngữ			<color=#c19f51>{0}</color> times left today
lang_multi_text.db	Text_PowerGetReward_Text	3.4	Hội thoại/Cốt truyện	Hệ thống/Thuật ngữ			Claim Rewards
lang_multi_text.db	Text_PowerRamainCountFail_Text	3.4	Hội thoại/Cốt truyện	Hệ thống/Thuật ngữ			Insufficient purchase times today
lang_multi_text.db	Text_PowerRewardCostFail_Text	3.4	Hội thoại/Cốt truyện	Hệ thống/Thuật ngữ			Claiming rewards will consume {0} Waveplates. Current Waveplates are insufficient. Do you wish to replenish?
lang_multi_text.db	Text_PowerRewardCost_Text	3.4	Hội thoại/Cốt truyện	Hệ thống/Thuật ngữ			Claiming rewards will consume {0} Waveplates. Do you wish to claim?
lang_multi_text.db	Text_PowerShow_Text	3.4	Hội thoại/Cốt truyện	Hệ thống/Thuật ngữ			{0}/{1}
lang_multi_text.db	Text_PowerTitle_Text	3.4	Hội thoại/Cốt truyện	Hệ thống/Thuật ngữ			Replenish Waveplate
lang_multi_text.db	Text_PrivacyAgreement_Text	3.4	Hội thoại/Cốt truyện	Hệ thống/Thuật ngữ			Anomalies exist, please contact official customer service if you have any questions.
lang_multi_text.db	Text_PrivacyTitle_Text	3.4	Hội thoại/Cốt truyện	Hệ thống/Thuật ngữ			Anomalies exist, please contact official customer service if you have any questions.
lang_multi_text.db	Text_ProbReward_Text	3.4	Hội thoại/Cốt truyện	Hệ thống/Thuật ngữ			Possible Rewards
lang_multi_text.db	Text_ProbeToolFunctionNotice10_Text	3.4	Hội thoại/Cốt truyện	Hệ thống/Thuật ngữ			Release Tab to toggle
lang_multi_text.db	Text_ProbeToolFunctionNotice11_Text	3.4	Hội thoại/Cốt truyện	Hệ thống/Thuật ngữ			Selected: {0}
lang_multi_text.db	Text_ProbeToolFunctionNotice1_Text	3.4	Hội thoại/Cốt truyện	Hệ thống/Thuật ngữ			Utility Toggle Wheel
lang_multi_text.db	Text_ProbeToolFunctionNotice2_Text	3.4	Hội thoại/Cốt truyện	Hệ thống/Thuật ngữ			Empty
lang_multi_text.db	Text_ProbeToolFunctionNotice3_Text	3.4	Hội thoại/Cốt truyện	Hệ thống/Thuật ngữ			Release to cancel
lang_multi_text.db	Text_ProbeToolFunctionNotice4_Text	3.4	Hội thoại/Cốt truyện	Hệ thống/Thuật ngữ			Release to toggle
lang_multi_text.db	Text_ProbeToolFunctionNotice5_Text	3.4	Hội thoại/Cốt truyện	Hệ thống/Thuật ngữ			Click on a wheel entry to customize
lang_multi_text.db	Text_ProbeToolFunctionNotice6_Text	3.4	Hội thoại/Cốt truyện	Hệ thống/Thuật ngữ			Please select the left entry first
lang_multi_text.db	Text_ProbeToolFunctionNotice7_Text	3.4	Hội thoại/Cốt truyện	Hệ thống/Thuật ngữ			Please select a Utility to equip
lang_multi_text.db	Text_ProbeToolFunctionNotice8_Text	3.4	Hội thoại/Cốt truyện	Hệ thống/Thuật ngữ			Reset to default
lang_multi_text.db	Text_ProbeToolFunctionNotice9_Text	3.4	Hội thoại/Cốt truyện	Hệ thống/Thuật ngữ			Save changes
lang_multi_text.db	Text_Proficiency_Text	3.4	Hội thoại/Cốt truyện	Hệ thống/Thuật ngữ			Proficiency
lang_multi_text.db	Text_Prop_Text	3.4	Hội thoại/Cốt truyện	Hệ thống/Thuật ngữ			Item
lang_multi_text.db	Text_Purification_Text	3.4	Hội thoại/Cốt truyện	Hệ thống/Thuật ngữ			Purification
lang_multi_text.db	Text_PutAllNeedItem_Text	3.4	Hội thoại/Cốt truyện	Hệ thống/Thuật ngữ			Please insert all required items
lang_multi_text.db	Text_QteReaction_Text	3.4	Hội thoại/Cốt truyện	Hệ thống/Thuật ngữ			Harmony
lang_multi_text.db	Text_Quantity_Text	3.4	Hội thoại/Cốt truyện	Hệ thống/Thuật ngữ			Quantity: {0}
lang_multi_text.db	Text_QuestChapterFinish	3.4	Hội thoại/Cốt truyện	Hệ thống/Thuật ngữ			Completed
lang_multi_text.db	Text_QuestConditionLevel_Text	3.4	Hội thoại/Cốt truyện	Hệ thống/Thuật ngữ			Reach Union Level {0}
lang_multi_text.db	Text_QuestConditionQuest_Text	3.4	Hội thoại/Cốt truyện	Hệ thống/Thuật ngữ			Completed prerequisite quest "{0}"
lang_multi_text.db	Text_QuestIsOccupied_Text	3.4	Hội thoại/Cốt truyện	Hệ thống/Thuật ngữ			The quest character is unavailable
lang_multi_text.db	Text_QuestListRecommend_Text	3.4	Hội thoại/Cốt truyện	Hệ thống/Thuật ngữ			Complete the prerequisite quest for a better experience.
lang_multi_text.db	Text_QuestRecommendTip_Text	3.4	Hội thoại/Cốt truyện	Hệ thống/Thuật ngữ			Complete the quest {0} for a better experience.
lang_multi_text.db	Text_QuestResourcesIsOccupiedInfo_Text	3.4	Hội thoại/Cốt truyện	Hệ thống/Thuật ngữ			(Optional) {0} is occupied in {1}. This quest is unavailable.
lang_multi_text.db	Text_QuestResourcesIsOccupied_Text	3.4	Hội thoại/Cốt truyện	Hệ thống/Thuật ngữ			{0} occupied by {1}. Enable quest tracking to continue with the current quest.
lang_multi_text.db	Text_QuestTargetNotInCurScene_Text	3.4	Hội thoại/Cốt truyện	Hệ thống/Thuật ngữ			The mission target is not in the current scene
lang_multi_text.db	Text_QuestTrackOccupiedTip_Text	3.4	Hội thoại/Cốt truyện	Hệ thống/Thuật ngữ			The quest target is unavailable and cannot be tracked.
lang_multi_text.db	Text_QuestUpdateDailyQuestTips_Text	3.4	Hội thoại/Cốt truyện	Hệ thống/Thuật ngữ			Daily Quests
lang_multi_text.db	Text_QuestUpdateNewGoalTips_Text	3.4	Hội thoại/Cốt truyện	Hệ thống/Thuật ngữ			New Goal
lang_multi_text.db	Text_QuestUpdateNewQuestTips_Text	3.4	Hội thoại/Cốt truyện	Hệ thống/Thuật ngữ			New Quest
lang_multi_text.db	Text_Quest_Chapter_Name_Text	3.4	Hội thoại/Cốt truyện	Hệ thống/Thuật ngữ			{0} - {1}
lang_multi_text.db	Text_QuickInsertion_Text	3.4	Hội thoại/Cốt truyện	Hệ thống/Thuật ngữ			Add All
lang_multi_text.db	Text_QuitExplore_Text	3.4	Hội thoại/Cốt truyện	Hệ thống/Thuật ngữ			Exit Exploration
lang_multi_text.db	Text_ReChallenge_Text	3.4	Hội thoại/Cốt truyện	Hệ thống/Thuật ngữ			Retry Challenge
lang_multi_text.db	Text_ReachInputMaxNum_Text	3.4	Hội thoại/Cốt truyện	Hệ thống/Thuật ngữ			Reached the maximum number of characters that can be entered, only {0} characters can be entered.
lang_multi_text.db	Text_ReachMaxLevelStage_Text	3.4	Hội thoại/Cốt truyện	Hệ thống/Thuật ngữ			Max Rank Reached
lang_multi_text.db	Text_ReachMaxLevel_Text	3.4	Hội thoại/Cốt truyện	Hệ thống/Thuật ngữ			Max level reached
lang_multi_text.db	Text_ReachReviveCount_Text	3.4	Hội thoại/Cốt truyện	Hệ thống/Thuật ngữ			Limit for knockout revival reached
lang_multi_text.db	Text_ReagentProduction_Text	3.4	Hội thoại/Cốt truyện	Hệ thống/Thuật ngữ			Potion Making
lang_multi_text.db	Text_RebornTime_Text	3.4	Hội thoại/Cốt truyện	Hệ thống/Thuật ngữ			Automatically revive after {0}...
lang_multi_text.db	Text_ReceiveLevelPlayPowerNotEnough_Text	3.4	Hội thoại/Cốt truyện	Hệ thống/Thuật ngữ			Insufficient Waveplate, unable to obtain rewards, please replenish Waveplate and try again.
lang_multi_text.db	Text_ReceivedCountWindowTips_Text	3.4	Hội thoại/Cốt truyện	Hệ thống/Thuật ngữ			Challenge Attempts This Week: {0}/{1}
lang_multi_text.db	Text_ReceivedCount_Text	3.4	Hội thoại/Cốt truyện	Hệ thống/Thuật ngữ			Remaining Weekly Attempts: {0}
lang_multi_text.db	Text_Recipe_Text	3.4	Hội thoại/Cốt truyện	Hệ thống/Thuật ngữ			Recipe
lang_multi_text.db	Text_ReconnectingInfo_Text	3.4	Hội thoại/Cốt truyện	Hệ thống/Thuật ngữ			Connection error. Reconnecting{0}
lang_multi_text.db	Text_RecordRefresh_Text	3.4	Hội thoại/Cốt truyện	Hệ thống/Thuật ngữ			Record has been updated
lang_multi_text.db	Text_RecoverySelect_Text	3.4	Hội thoại/Cốt truyện	Hệ thống/Thuật ngữ			Selected Modules {0}/{1}
lang_multi_text.db	Text_RecoveryTimes_Text	3.4	Hội thoại/Cốt truyện	Hệ thống/Thuật ngữ			Acquired Special Cube Cookies: {0}
lang_multi_text.db	Text_RefreshText_Text	3.4	Hội thoại/Cốt truyện	Hệ thống/Thuật ngữ			Resets after {0}
lang_multi_text.db	Text_RefreshText_Text01	3.4	Hội thoại/Cốt truyện	Hệ thống/Thuật ngữ			Refresh in 1 minute
lang_multi_text.db	Text_RefreshTime_Text	3.4	Hội thoại/Cốt truyện	Hệ thống/Thuật ngữ			Reset In: {0}
lang_multi_text.db	Text_Refresh_HaveAvailableAttr	3.4	Hội thoại/Cốt truyện	Hệ thống/Thuật ngữ			Available Stats: {0}
lang_multi_text.db	Text_RefuseInviteMatch_Text	3.4	Hội thoại/Cốt truyện	Hệ thống/Thuật ngữ			{0} has declined the invitation
lang_multi_text.db	Text_RegionFirstOpenTips_Text	3.4	Hội thoại/Cốt truyện	Hệ thống/Thuật ngữ			An anomaly has occurred, please contact the official customer service if you have any questions.
lang_multi_text.db	Text_RegionQuestAccept_Text	3.4	Hội thoại/Cốt truyện	Hệ thống/Thuật ngữ			An anomaly has occurred, please contact the official customer service if you have any questions.
lang_multi_text.db	Text_RegionQuestCommit_Text	3.4	Hội thoại/Cốt truyện	Hệ thống/Thuật ngữ			An anomaly has occurred, please contact the official customer service if you have any questions.
lang_multi_text.db	Text_RegionQuestGiveUpSecondConfirm_Text	3.4	Hội thoại/Cốt truyện	Hệ thống/Thuật ngữ			An anomaly has occurred, please contact the official customer service if you have any questions.
lang_multi_text.db	Text_RegionQuestGiveUp_Text	3.4	Hội thoại/Cốt truyện	Hệ thống/Thuật ngữ			An anomaly has occurred, please contact the official customer service if you have any questions.
lang_multi_text.db	Text_Region_Text	3.4	Hội thoại/Cốt truyện	Hệ thống/Thuật ngữ			An anomaly has occurred, please contact the official customer service if you have any questions.
lang_multi_text.db	Text_RegionalQuest_Text	3.4	Hội thoại/Cốt truyện	Hệ thống/Thuật ngữ			An anomaly has occurred, please contact the official customer service if you have any questions.
lang_multi_text.db	Text_RemainDiscountWeek_Text	3.4	Hội thoại/Cốt truyện	Hệ thống/Thuật ngữ			Remaining reduction times for this week: {0}
lang_multi_text.db	Text_RemainNoInDay_Text	3.4	Hội thoại/Cốt truyện	Hệ thống/Thuật ngữ			Remaining Quantity Today: {0}
lang_multi_text.db	Text_RemainNoInMonth_Text	3.4	Hội thoại/Cốt truyện	Hệ thống/Thuật ngữ			Remaining Quantity This Month: {0}
lang_multi_text.db	Text_RemainNoInWeek_Text	3.4	Hội thoại/Cốt truyện	Hệ thống/Thuật ngữ			Remaining Quantity This Week: {0}
lang_multi_text.db	Text_RemainNo_Text	3.4	Hội thoại/Cốt truyện	Hệ thống/Thuật ngữ			Remaining Quantity: {0}
lang_multi_text.db	Text_RemainOnshelfTime_Text	3.4	Hội thoại/Cốt truyện	Hệ thống/Thuật ngữ			Remaining: {0}
lang_multi_text.db	Text_RemainPromotionTime_Text	3.4	Hội thoại/Cốt truyện	Hệ thống/Thuật ngữ			Remaining Discount Time: {0}
lang_multi_text.db	Text_RemainText_Text	3.4	Hội thoại/Cốt truyện	Hệ thống/Thuật ngữ			Remaining {0} {1}
lang_multi_text.db	Text_ReportSuccess_Text	3.4	Hội thoại/Cốt truyện	Hệ thống/Thuật ngữ			Reported
lang_multi_text.db	Text_ReputationAllReceived_Text	3.4	Hội thoại/Cốt truyện	Hệ thống/Thuật ngữ			All Influence rewards have been claimed
lang_multi_text.db	Text_ReputationNormalValue_Text	3.4	Hội thoại/Cốt truyện	Hệ thống/Thuật ngữ			{0}/{1}
lang_multi_text.db	Text_ReputationReceive_Text	3.4	Hội thoại/Cốt truyện	Hệ thống/Thuật ngữ			Receive when Influence reaches <color=#bca868>{0}</color>
lang_multi_text.db	Text_ReputationValue_Text	3.4	Hội thoại/Cốt truyện	Hệ thống/Thuật ngữ			<color=#bca868>{0}</color>/{1}
lang_multi_text.db	Text_Research_Text	3.4	Hội thoại/Cốt truyện	Hệ thống/Thuật ngữ			Research
lang_multi_text.db	Text_ResetConfirm_Text	3.4	Hội thoại/Cốt truyện	Hệ thống/Thuật ngữ			The challenge record for this floor has been reset, and Vigor has been returned
lang_multi_text.db	Text_Resimulate_Text	3.4	Hội thoại/Cốt truyện	Hệ thống/Thuật ngữ			Re-simulate
lang_multi_text.db	Text_ResonanceDetailActivated_Text	3.4	Hội thoại/Cốt truyện	Hệ thống/Thuật ngữ			Activated
lang_multi_text.db	Text_ResonanceDetailActivation_Text	3.4	Hội thoại/Cốt truyện	Hệ thống/Thuật ngữ			Activate
lang_multi_text.db	Text_ResonanceDetailCanNotActivation_Text	3.4	Hội thoại/Cốt truyện	Hệ thống/Thuật ngữ			Please unlock the previous position first
lang_multi_text.db	Text_ResonanceDetailITabName_Text	3.4	Hội thoại/Cốt truyện	Hệ thống/Thuật ngữ			{0}
lang_multi_text.db	Text_ResonanceItemNotEnough_Text	3.4	Hội thoại/Cốt truyện	Hệ thống/Thuật ngữ			Insufficient Materials
lang_multi_text.db	Text_ResonanceSuccess_Text	3.4	Hội thoại/Cốt truyện	Hệ thống/Thuật ngữ			Syntonized
lang_multi_text.db	Text_ResonanceTo_Text	3.4	Hội thoại/Cốt truyện	Hệ thống/Thuật ngữ			An anomaly has occurred, please contact the official customer service if you have any questions.
lang_multi_text.db	Text_ResonanceUnlockSuccess_Text	3.4	Hội thoại/Cốt truyện	Hệ thống/Thuật ngữ			Activated
lang_multi_text.db	Text_ResumeDownload_Text	3.4	Hội thoại/Cốt truyện	Hệ thống/Thuật ngữ			Continue to download
lang_multi_text.db	Text_ReviveItemCd_Text	3.4	Hội thoại/Cốt truyện	Hệ thống/Thuật ngữ			Item is on CD
lang_multi_text.db	Text_ReviveItemNotClick_Text	3.4	Hội thoại/Cốt truyện	Hệ thống/Thuật ngữ			Select an Revival Item
lang_multi_text.db	Text_ReviveItemTips_Text	3.4	Hội thoại/Cốt truyện	Hệ thống/Thuật ngữ			Revival in {0} seconds...
lang_multi_text.db	Text_ReviveTrainingItemBad_Text	3.4	Hội thoại/Cốt truyện	Hệ thống/Thuật ngữ			NOVICE
lang_multi_text.db	Text_ReviveTrainingItemEquipLevel_Text	3.4	Hội thoại/Cốt truyện	Hệ thống/Thuật ngữ			Echoes Level
lang_multi_text.db	Text_ReviveTrainingItemGood_Text	3.4	Hội thoại/Cốt truyện	Hệ thống/Thuật ngữ			INTERMEDIATE
lang_multi_text.db	Text_ReviveTrainingItemGreat_Text	3.4	Hội thoại/Cốt truyện	Hệ thống/Thuật ngữ			ADVANCED
lang_multi_text.db	Text_ReviveTrainingItemNormal_Text	3.4	Hội thoại/Cốt truyện	Hệ thống/Thuật ngữ			AVERAGE
lang_multi_text.db	Text_ReviveTrainingItemRoleLevel_Text	3.4	Hội thoại/Cốt truyện	Hệ thống/Thuật ngữ			Character Level
lang_multi_text.db	Text_ReviveTrainingItemSkillLevel_Text	3.4	Hội thoại/Cốt truyện	Hệ thống/Thuật ngữ			Skill Level
lang_multi_text.db	Text_ReviveTrainingItemWeaponLevel_Text	3.4	Hội thoại/Cốt truyện	Hệ thống/Thuật ngữ			Weapon Level
lang_multi_text.db	Text_RewardPreview_Text	3.4	Hội thoại/Cốt truyện	Hệ thống/Thuật ngữ			Rewards Preview
lang_multi_text.db	Text_RightAreaTeamText_Text	3.4	Hội thoại/Cốt truyện	Hệ thống/Thuật ngữ			To the right
lang_multi_text.db	Text_RightAreaText_Text	3.4	Hội thoại/Cốt truyện	Hệ thống/Thuật ngữ			Area to the right
lang_multi_text.db	Text_Rogue_Achievement_Count	3.4	Hội thoại/Cốt truyện	Hệ thống/Thuật ngữ			Anomaly Investigation
lang_multi_text.db	Text_Rogue_ChallengeSuccess_Text	3.4	Hội thoại/Cốt truyện	Hệ thống/Thuật ngữ			First Clear
lang_multi_text.db	Text_Rogue_Difficulty_Process	3.4	Hội thoại/Cốt truyện	Hệ thống/Thuật ngữ			Current Difficulty
lang_multi_text.db	Text_Rogue_Score	3.4	Hội thoại/Cốt truyện	Hệ thống/Thuật ngữ			<color=#c49e55>{0}</color>/{1}
lang_multi_text.db	Text_Rogue_Shop_Count	3.4	Hội thoại/Cốt truyện	Hệ thống/Thuật ngữ			Illusive Store
lang_multi_text.db	Text_Rogue_Time	3.4	Hội thoại/Cốt truyện	Hệ thống/Thuật ngữ			Time Remaining
lang_multi_text.db	Text_Rogue_Week_Score	3.4	Hội thoại/Cốt truyện	Hệ thống/Thuật ngữ			Illusive Specimen
lang_multi_text.db	Text_RoleActiveRoleFirst_Text	3.4	Hội thoại/Cốt truyện	Hệ thống/Thuật ngữ			An error occurred. For inquiries please contact customer support.
lang_multi_text.db	Text_RoleAddLevel_Text	3.4	Hội thoại/Cốt truyện	Hệ thống/Thuật ngữ			Resonator Level is increased to <color=#ffd12f>{0}</color>
lang_multi_text.db	Text_RoleAlreadyMax_Text	3.4	Hội thoại/Cốt truyện	Hệ thống/Thuật ngữ			Max level reached
lang_multi_text.db	Text_RoleBreakLevel_Text	3.4	Hội thoại/Cốt truyện	Hệ thống/Thuật ngữ			%s stage
lang_multi_text.db	Text_RoleBreakUpLevel_Text	3.4	Hội thoại/Cốt truyện	Hệ thống/Thuật ngữ			Ascension Rank {0}
lang_multi_text.db	Text_RoleBreakup_Text	3.4	Hội thoại/Cốt truyện	Hệ thống/Thuật ngữ			Ascend
lang_multi_text.db	Text_RoleChallengeFailDesc_Text	3.4	Hội thoại/Cốt truyện	Hệ thống/Thuật ngữ			Reward settlement failed: the event has ended.
lang_multi_text.db	Text_RoleChallengeFail_Text	3.4	Hội thoại/Cốt truyện	Hệ thống/Thuật ngữ			Challenge Failed
lang_multi_text.db	Text_RoleCoin_Text	3.4	Hội thoại/Cốt truyện	Hệ thống/Thuật ngữ			Shell Credit Owned
lang_multi_text.db	Text_RoleConsume_Text	3.4	Hội thoại/Cốt truyện	Hệ thống/Thuật ngữ			Consume
lang_multi_text.db	Text_RoleCount_Text	3.4	Hội thoại/Cốt truyện	Hệ thống/Thuật ngữ			x{0}
lang_multi_text.db	Text_RoleExp_Text	3.4	Hội thoại/Cốt truyện	Hệ thống/Thuật ngữ			{0}<color=#bdcccc7f>/{1}</color>
lang_multi_text.db	Text_RoleFilterCareer_Text	3.4	Hội thoại/Cốt truyện	Hệ thống/Thuật ngữ			There is an anomaly, if you have any questions, please contact the official customer service.
lang_multi_text.db	Text_RoleFilterElement_Text	3.4	Hội thoại/Cốt truyện	Hệ thống/Thuật ngữ			Attributes
lang_multi_text.db	Text_RoleFilterWeapon_Text	3.4	Hội thoại/Cốt truyện	Hệ thống/Thuật ngữ			Weapons
lang_multi_text.db	Text_RoleFragment_Text	3.4	Hội thoại/Cốt truyện	Hệ thống/Thuật ngữ			Waveband
lang_multi_text.db	Text_RoleIncreaseBonus_Text	3.4	Hội thoại/Cốt truyện	Hệ thống/Thuật ngữ			There is an anomaly, if you have any questions, please contact the official customer service.
lang_multi_text.db	Text_RoleInformalTrialTips_Text	3.4	Hội thoại/Cốt truyện	Hệ thống/Thuật ngữ			Cannot check Trial Resonator details
lang_multi_text.db	Text_RoleLevelUpExp_Text	3.4	Hội thoại/Cốt truyện	Hệ thống/Thuật ngữ			{0} EXP
lang_multi_text.db	Text_RoleLevelUpSuccess_Text	3.4	Hội thoại/Cốt truyện	Hệ thống/Thuật ngữ			Upgraded
lang_multi_text.db	Text_RoleLevelUpTotalExp_Text	3.4	Hội thoại/Cốt truyện	Hệ thống/Thuật ngữ			{0}<color=#fff448>({1})</color> EXP
lang_multi_text.db	Text_RoleLevelUp_Text	3.4	Hội thoại/Cốt truyện	Hệ thống/Thuật ngữ			Level Up
lang_multi_text.db	Text_RoleLevel_Text	3.4	Hội thoại/Cốt truyện	Hệ thống/Thuật ngữ			%s
lang_multi_text.db	Text_RoleMaxLevel01_Text	3.4	Hội thoại/Cốt truyện	Hệ thống/Thuật ngữ			Max Level Reached
lang_multi_text.db	Text_RoleMaxLevel02_Text	3.4	Hội thoại/Cốt truyện	Hệ thống/Thuật ngữ			{0}
lang_multi_text.db	Text_RoleMaxLevelPreview_Text	3.4	Hội thoại/Cốt truyện	Hệ thống/Thuật ngữ			Max Level Preview
lang_multi_text.db	Text_RoleNewEffect_Text	3.4	Hội thoại/Cốt truyện	Hệ thống/Thuật ngữ			New Effect
lang_multi_text.db	Text_RoleNoMaterial_Text	3.4	Hội thoại/Cốt truyện	Hệ thống/Thuật ngữ			Insufficient Materials
lang_multi_text.db	Text_RoleNoMoney_Text	3.4	Hội thoại/Cốt truyện	Hệ thống/Thuật ngữ			Insufficient Shell Credit
lang_multi_text.db	Text_RolePhantomTrialTips_Text	3.4	Hội thoại/Cốt truyện	Hệ thống/Thuật ngữ			Cannot check Echo details of Trial Character
lang_multi_text.db	Text_RoleQuestGoto_Text	3.4	Hội thoại/Cốt truyện	Hệ thống/Thuật ngữ			Proceed
lang_multi_text.db	Text_RoleReachMaxLevel_Text	3.4	Hội thoại/Cốt truyện	Hệ thống/Thuật ngữ			Max level reached
lang_multi_text.db	Text_RoleResonActive_Text	3.4	Hội thoại/Cốt truyện	Hệ thống/Thuật ngữ			Activate
lang_multi_text.db	Text_RoleResonMaxValue_Text	3.4	Hội thoại/Cốt truyện	Hệ thống/Thuật ngữ			Reach the maximum value
lang_multi_text.db	Text_RoleResonNeedActive_Text	3.4	Hội thoại/Cốt truyện	Hệ thống/Thuật ngữ			Activate {0} first
lang_multi_text.db	Text_RoleResonanceFinish_Text	3.4	Hội thoại/Cốt truyện	Hệ thống/Thuật ngữ			Fully resonated
lang_multi_text.db	Text_RoleResonanceLevelUp_Text	3.4	Hội thoại/Cốt truyện	Hệ thống/Thuật ngữ			Anomaly detected, if you have any questions, please contact the official customer service.
lang_multi_text.db	Text_RoleResonanceLevel_Text	3.4	Hội thoại/Cốt truyện	Hệ thống/Thuật ngữ			Lv. {0}
lang_multi_text.db	Text_RoleResonanceLock_Text	3.4	Hội thoại/Cốt truyện	Hệ thống/Thuật ngữ			Anomaly detected, if you have any questions, please contact the official customer service.
lang_multi_text.db	Text_RoleSkillEffectLevel_Text	3.4	Hội thoại/Cốt truyện	Hệ thống/Thuật ngữ			{0} <color=#fff448>[{1}]</color>
lang_multi_text.db	Text_RoleSkillLevel_Text	3.4	Hội thoại/Cốt truyện	Hệ thống/Thuật ngữ			Next Level
lang_multi_text.db	Text_RoleSortAttack_Text	3.4	Hội thoại/Cốt truyện	Hệ thống/Thuật ngữ			Sort by ATK
lang_multi_text.db	Text_RoleSortCreateTime_Text	3.4	Hội thoại/Cốt truyện	Hệ thống/Thuật ngữ			Sort By Date Acquired
lang_multi_text.db	Text_RoleSortDefense_Text	3.4	Hội thoại/Cốt truyện	Hệ thống/Thuật ngữ			Sort by DEF
lang_multi_text.db	Text_RoleSortLevel_Text	3.4	Hội thoại/Cốt truyện	Hệ thống/Thuật ngữ			Sort By Level
lang_multi_text.db	Text_RoleSortLifeLimit_Text	3.4	Hội thoại/Cốt truyện	Hệ thống/Thuật ngữ			Sort By Max HP
lang_multi_text.db	Text_RoleSortQuality_Text	3.4	Hội thoại/Cốt truyện	Hệ thống/Thuật ngữ			Sort By Rarity
lang_multi_text.db	Text_RoleSortResonance_Text	3.4	Hội thoại/Cốt truyện	Hệ thống/Thuật ngữ			Sort By Resonance
lang_multi_text.db	Text_RoleTryOut_Text	3.4	Hội thoại/Cốt truyện	Hệ thống/Thuật ngữ			Trial Characters will not be displayed in the Resonator interface.
lang_multi_text.db	Text_RoleWaitResonActive_Text	3.4	Hội thoại/Cốt truyện	Hệ thống/Thuật ngữ			(Awaiting activation)
lang_multi_text.db	Text_Role_Not_Have	3.4	Hội thoại/Cốt truyện	Hệ thống/Thuật ngữ			Not Obtained
lang_multi_text.db	Text_Role_Text	3.4	Hội thoại/Cốt truyện	Hệ thống/Thuật ngữ			Character
lang_multi_text.db	Text_SameRole_Text	3.4	Hội thoại/Cốt truyện	Hệ thống/Thuật ngữ			The same character cannot fight at the same time
lang_multi_text.db	Text_SeasonLimitText_Text	3.4	Hội thoại/Cốt truyện	Hệ thống/Thuật ngữ			After {0}, you can get the exploration reward
lang_multi_text.db	Text_Second_Text	3.4	Hội thoại/Cốt truyện	Hệ thống/Thuật ngữ			s
lang_multi_text.db	Text_SelectChatNoFriendText_Text	3.4	Hội thoại/Cốt truyện	Hệ thống/Thuật ngữ			You are not in this Rover's friend list
lang_multi_text.db	Text_SelectDeliverItem_Text	3.4	Hội thoại/Cốt truyện	Hệ thống/Thuật ngữ			Select items to deliver
lang_multi_text.db	Text_SelectGiftItem_Text	3.4	Hội thoại/Cốt truyện	Hệ thống/Thuật ngữ			Please select {0} items
lang_multi_text.db	Text_SelectMaterial_Text	3.4	Hội thoại/Cốt truyện	Hệ thống/Thuật ngữ			Select materials
lang_multi_text.db	Text_SelectRewardFromPool_Text	3.4	Hội thoại/Cốt truyện	Hệ thống/Thuật ngữ			Choose {0} kind(s) from the rewards below ({1}/{2})
lang_multi_text.db	Text_Selected_Text	3.4	Hội thoại/Cốt truyện	Hệ thống/Thuật ngữ			Choose the Ingredient to put in
lang_multi_text.db	Text_SendFriendApply_Text	3.4	Hội thoại/Cốt truyện	Hệ thống/Thuật ngữ			Friend Request Sent
lang_multi_text.db	Text_SetBirthCanNotChange_Text	3.4	Hội thoại/Cốt truyện	Hệ thống/Thuật ngữ			You cannot edit your birthday once it is set.\nYou can receive one Birthday Blessing per year.
lang_multi_text.db	Text_SetBirthSuccess_Text	3.4	Hội thoại/Cốt truyện	Hệ thống/Thuật ngữ			Success
lang_multi_text.db	Text_SetNameSuccess_Text	3.4	Hội thoại/Cốt truyện	Hệ thống/Thuật ngữ			Success
lang_multi_text.db	Text_SetName_Text	3.4	Hội thoại/Cốt truyện	Hệ thống/Thuật ngữ			Edit Name
lang_multi_text.db	Text_SetPersonalData_Text	3.4	Hội thoại/Cốt truyện	Hệ thống/Thuật ngữ			Profile
lang_multi_text.db	Text_SetSignSuccess_Text	3.4	Hội thoại/Cốt truyện	Hệ thống/Thuật ngữ			Success
lang_multi_text.db	Text_SetSign_Text	3.4	Hội thoại/Cốt truyện	Hệ thống/Thuật ngữ			Edit Bio
lang_multi_text.db	Text_SettingLoadLaggy_text	3.4	Hội thoại/Cốt truyện	Hệ thống/Thuật ngữ			Current Setup Load: <color=#f6b065>Laggy</color>
lang_multi_text.db	Text_SetupText_Text	3.4	Hội thoại/Cốt truyện	Hệ thống/Thuật ngữ			Setting
lang_multi_text.db	Text_Seven_Text	3.4	Hội thoại/Cốt truyện	Hệ thống/Thuật ngữ			VII
lang_multi_text.db	Text_She_Text	3.4	Hội thoại/Cốt truyện	Hệ thống/Thuật ngữ			She
lang_multi_text.db	Text_ShopDayText_Text	3.4	Hội thoại/Cốt truyện	Hệ thống/Thuật ngữ			{0}d 
lang_multi_text.db	Text_ShopHourText2_Text	3.4	Hội thoại/Cốt truyện	Hệ thống/Thuật ngữ			{0}h 
lang_multi_text.db	Text_ShopHourText_Text	3.4	Hội thoại/Cốt truyện	Hệ thống/Thuật ngữ			{0}h 
lang_multi_text.db	Text_ShopItemLimitCount_Text	3.4	Hội thoại/Cốt truyện	Hệ thống/Thuật ngữ			Available {0}/{1}
lang_multi_text.db	Text_ShopItemLimitTime1_Text	3.4	Hội thoại/Cốt truyện	Hệ thống/Thuật ngữ			{0}d 
lang_multi_text.db	Text_ShopItemLimitTime2_Text	3.4	Hội thoại/Cốt truyện	Hệ thống/Thuật ngữ			{0}h {1}m
lang_multi_text.db	Text_ShopItemSoldOut_Text	3.4	Hội thoại/Cốt truyện	Hệ thống/Thuật ngữ			Sold out
lang_multi_text.db	Text_ShopItemTimeOut_Text	3.4	Hội thoại/Cốt truyện	Hệ thống/Thuật ngữ			Expired
lang_multi_text.db	Text_ShopLockTime1_Text	3.4	Hội thoại/Cốt truyện	Hệ thống/Thuật ngữ			Unlock after {0} days
lang_multi_text.db	Text_ShopLockTime2_Text	3.4	Hội thoại/Cốt truyện	Hệ thống/Thuật ngữ			Unlock after {0}h
lang_multi_text.db	Text_ShopLockTime3_Text	3.4	Hội thoại/Cốt truyện	Hệ thống/Thuật ngữ			Unlock after {0}m
lang_multi_text.db	Text_ShopLockTime4_Text	3.4	Hội thoại/Cốt truyện	Hệ thống/Thuật ngữ			Unlock after {0}s
lang_multi_text.db	Text_ShopMinuteText2_Text	3.4	Hội thoại/Cốt truyện	Hệ thống/Thuật ngữ			{0}m
lang_multi_text.db	Text_ShopMinuteText_Text	3.4	Hội thoại/Cốt truyện	Hệ thống/Thuật ngữ			{0}m
lang_multi_text.db	Text_ShopMonthText_Text	3.4	Hội thoại/Cốt truyện	Hệ thống/Thuật ngữ			{0} months
lang_multi_text.db	Text_ShopNotOpenTip_Text	3.4	Hội thoại/Cốt truyện	Hệ thống/Thuật ngữ			{0} not open
lang_multi_text.db	Text_ShopResourceNotEnough_Text	3.4	Hội thoại/Cốt truyện	Hệ thống/Thuật ngữ			{0} not enough
lang_multi_text.db	Text_ShopSecondText_Text	3.4	Hội thoại/Cốt truyện	Hệ thống/Thuật ngữ			{0}s
lang_multi_text.db	Text_ShopTimeStr1_Text	3.4	Hội thoại/Cốt truyện	Hệ thống/Thuật ngữ			{0}d {1}h
lang_multi_text.db	Text_ShopTimeStr2_Text	3.4	Hội thoại/Cốt truyện	Hệ thống/Thuật ngữ			{0}h {1}m
lang_multi_text.db	Text_ShopTimeStr3_Text	3.4	Hội thoại/Cốt truyện	Hệ thống/Thuật ngữ			{0}m
lang_multi_text.db	Text_ShopTimeStr4_Text	3.4	Hội thoại/Cốt truyện	Hệ thống/Thuật ngữ			{0}s
lang_multi_text.db	Text_ShopWeaponLevelText_Text	3.4	Hội thoại/Cốt truyện	Hệ thống/Thuật ngữ			Level: {0}/{1}
lang_multi_text.db	Text_ShopWeekText_Text	3.4	Hội thoại/Cốt truyện	Hệ thống/Thuật ngữ			{0} Week
lang_multi_text.db	Text_Shop_Role_Text	3.4	Hội thoại/Cốt truyện	Hệ thống/Thuật ngữ			Not Obtained/Max Limit Reached
lang_multi_text.db	Text_ShowCount_Text	3.4	Hội thoại/Cốt truyện	Hệ thống/Thuật ngữ			x{0}
lang_multi_text.db	Text_SignalDeviceDescriptionText	3.4	Hội thoại/Cốt truyện	Hệ thống/Thuật ngữ			Complete the decryption by connecting the same color
lang_multi_text.db	Text_SignalDeviceResetText	3.4	Hội thoại/Cốt truyện	Hệ thống/Thuật ngữ			Reset
lang_multi_text.db	Text_SignalDeviceTitleText	3.4	Hội thoại/Cốt truyện	Hệ thống/Thuật ngữ			Signals Console
lang_multi_text.db	Text_SignalMusicFailTips2_text	3.4	Hội thoại/Cốt truyện	Hệ thống/Thuật ngữ			Failed to match all information. Feel the rhythm and try again!
lang_multi_text.db	Text_SignalMusicFailTips_text	3.4	Hội thoại/Cốt truyện	Hệ thống/Thuật ngữ			Matching timed out
lang_multi_text.db	Text_SignalMusicSucceedTips_text	3.4	Hội thoại/Cốt truyện	Hệ thống/Thuật ngữ			Matching succeeded
lang_multi_text.db	Text_SignalMusicTips_text	3.4	Hội thoại/Cốt truyện	Hệ thống/Thuật ngữ			Press the button to match according to the frequency.
lang_multi_text.db	Text_SignalReceiveProcess_text	3.4	Hội thoại/Cốt truyện	Hệ thống/Thuật ngữ			Matching Degree
lang_multi_text.db	Text_SignalReceiveSuccess	3.4	Hội thoại/Cốt truyện	Hệ thống/Thuật ngữ			Received
lang_multi_text.db	Text_SignalReceiveTips_text	3.4	Hội thoại/Cốt truyện	Hệ thống/Thuật ngữ			Receive by pressing the button according to the length of the frequency
lang_multi_text.db	Text_SignalSendProcess_text	3.4	Hội thoại/Cốt truyện	Hệ thống/Thuật ngữ			Matching Degree
lang_multi_text.db	Text_SignalSendSuccess	3.4	Hội thoại/Cốt truyện	Hệ thống/Thuật ngữ			Sent
lang_multi_text.db	Text_SignalSendTips_text	3.4	Hội thoại/Cốt truyện	Hệ thống/Thuật ngữ			Send by pressing the button according to the length of the frequency
lang_multi_text.db	Text_SilentAreaLocked_Text	3.4	Hội thoại/Cốt truyện	Hệ thống/Thuật ngữ			Tacet Field Locked
lang_multi_text.db	Text_SilentCountDown_Text	3.4	Hội thoại/Cốt truyện	Hệ thống/Thuật ngữ			Tacet Field is cooling down, temporarily unable to explore
lang_multi_text.db	Text_SingleLine_Text	3.4	Hội thoại/Cốt truyện	Hệ thống/Thuật ngữ			Single sentence
lang_multi_text.db	Text_SingleTimeTowerMapDesc_Text	3.4	Hội thoại/Cốt truyện	Hệ thống/Thuật ngữ			One-time Tower of Adversity map description
lang_multi_text.db	Text_SingleTowerProgress_Text	3.4	Hội thoại/Cốt truyện	Hệ thống/Thuật ngữ			Current floor {0}/{1}
lang_multi_text.db	Text_Six_Text	3.4	Hội thoại/Cốt truyện	Hệ thống/Thuật ngữ			VI
lang_multi_text.db	Text_SkillMaterialType_Text	3.4	Hội thoại/Cốt truyện	Hệ thống/Thuật ngữ			Skill Materials
lang_multi_text.db	Text_SkillPointResetSucceed_Text	3.4	Hội thoại/Cốt truyện	Hệ thống/Thuật ngữ			Forte Points Reset
lang_multi_text.db	Text_SoarWingSkinTab_Text	3.4	Hội thoại/Cốt truyện	Hệ thống/Thuật ngữ			Flight
lang_multi_text.db	Text_SoldoutText_Text	3.4	Hội thoại/Cốt truyện	Hệ thống/Thuật ngữ			Sold out
lang_multi_text.db	Text_SomeRewardHasGet_Text	3.4	Hội thoại/Cốt truyện	Hệ thống/Thuật ngữ			Some rewards have been received in advance
lang_multi_text.db	Text_StageInsertion_Text	3.4	Hội thoại/Cốt truyện	Hệ thống/Thuật ngữ			Add by Step
lang_multi_text.db	Text_StartBattle_Text	3.4	Hội thoại/Cốt truyện	Hệ thống/Thuật ngữ			Challenge
lang_multi_text.db	Text_Start_Text	3.4	Hội thoại/Cốt truyện	Hệ thống/Thuật ngữ			Start
lang_multi_text.db	Text_Structure_Text	3.4	Hội thoại/Cốt truyện	Hệ thống/Thuật ngữ			Constructing
lang_multi_text.db	Text_StudyFail_Text	3.4	Hội thoại/Cốt truyện	Hệ thống/Thuật ngữ			Research Failed
lang_multi_text.db	Text_Study_Text	3.4	Hội thoại/Cốt truyện	Hệ thống/Thuật ngữ			Study
lang_multi_text.db	Text_SuggestChallengeAgain_Text	3.4	Hội thoại/Cốt truyện	Hệ thống/Thuật ngữ			Propose to Challenge Again
lang_multi_text.db	Text_SuggestContinueChallenge_Text	3.4	Hội thoại/Cốt truyện	Hệ thống/Thuật ngữ			Propose Re-challenge
lang_multi_text.db	Text_SuspendByOnline_Text	3.4	Hội thoại/Cốt truyện	Hệ thống/Thuật ngữ			Currently in Co-op Mode, unable to perform this quest.
lang_multi_text.db	Text_System_Text	3.4	Hội thoại/Cốt truyện	Hệ thống/Thuật ngữ			System
lang_multi_text.db	Text_TalkToFriendExpression_Text	3.4	Hội thoại/Cốt truyện	Hệ thống/Thuật ngữ			[Friend] Me to [{0}]:
lang_multi_text.db	Text_TalkToFriendWithOutTag_Text	3.4	Hội thoại/Cốt truyện	Hệ thống/Thuật ngữ			I said to {0}: {1}
lang_multi_text.db	Text_TalkToFriend_Text	3.4	Hội thoại/Cốt truyện	Hệ thống/Thuật ngữ			[Friend] Me to [{0}]:{1}
lang_multi_text.db	Text_TalkToFriend_Text_Match	3.4	Hội thoại/Cốt truyện	Hệ thống/Thuật ngữ			[Friend] Me to [{0}]:[{1}]
lang_multi_text.db	Text_TapRomeNumber_Text	3.4	Hội thoại/Cốt truyện	Hệ thống/Thuật ngữ			An error happened. Please contact Customer Service
lang_multi_text.db	Text_TapStrengthenCritical_Text	3.4	Hội thoại/Cốt truyện	Hệ thống/Thuật ngữ			An error happened. Please contact Customer Service
lang_multi_text.db	Text_TapeAll_Text	3.4	Hội thoại/Cốt truyện	Hệ thống/Thuật ngữ			An error happened. Please contact Customer Service
lang_multi_text.db	Text_TapeAttribute1_Text	3.4	Hội thoại/Cốt truyện	Hệ thống/Thuật ngữ			An error happened. Please contact Customer Service
lang_multi_text.db	Text_TapeAttribute2_Text	3.4	Hội thoại/Cốt truyện	Hệ thống/Thuật ngữ			An error happened. Please contact Customer Service
lang_multi_text.db	Text_TapeContrastOff_Text	3.4	Hội thoại/Cốt truyện	Hệ thống/Thuật ngữ			An error happened. Please contact Customer Service
lang_multi_text.db	Text_TapeContrastOn_Text	3.4	Hội thoại/Cốt truyện	Hệ thống/Thuật ngữ			An error happened. Please contact Customer Service
lang_multi_text.db	Text_TapeDefault_Text	3.4	Hội thoại/Cốt truyện	Hệ thống/Thuật ngữ			An error happened. Please contact Customer Service
lang_multi_text.db	Text_TapeId_Text	3.4	Hội thoại/Cốt truyện	Hệ thống/Thuật ngữ			An error happened. Please contact Customer Service
lang_multi_text.db	Text_TapeItemId_Text	3.4	Hội thoại/Cốt truyện	Hệ thống/Thuật ngữ			An error happened. Please contact Customer Service
lang_multi_text.db	Text_TapeLack_Text	3.4	Hội thoại/Cốt truyện	Hệ thống/Thuật ngữ			An error happened. Please contact Customer Service
lang_multi_text.db	Text_TapeLevelUpTitle_Text	3.4	Hội thoại/Cốt truyện	Hệ thống/Thuật ngữ			An error happened. Please contact Customer Service
lang_multi_text.db	Text_TapeLevel_Text	3.4	Hội thoại/Cốt truyện	Hệ thống/Thuật ngữ			An error happened. Please contact Customer Service
lang_multi_text.db	Text_TapeLock_Text	3.4	Hội thoại/Cốt truyện	Hệ thống/Thuật ngữ			An error happened. Please contact Customer Service
lang_multi_text.db	Text_TapeMaxExp_Text	3.4	Hội thoại/Cốt truyện	Hệ thống/Thuật ngữ			An error happened. Please contact Customer Service
lang_multi_text.db	Text_TapeMaxLevel_Text	3.4	Hội thoại/Cốt truyện	Hệ thống/Thuật ngữ			An error happened. Please contact Customer Service
lang_multi_text.db	Text_TapeMaxSlot_Text	3.4	Hội thoại/Cốt truyện	Hệ thống/Thuật ngữ			An error happened. Please contact Customer Service
lang_multi_text.db	Text_TapePutOn_Text	3.4	Hội thoại/Cốt truyện	Hệ thống/Thuật ngữ			An error happened. Please contact Customer Service
lang_multi_text.db	Text_TapeQualityBelowText_Text	3.4	Hội thoại/Cốt truyện	Hệ thống/Thuật ngữ			An error happened. Please contact Customer Service
lang_multi_text.db	Text_TapeQualityText_Text	3.4	Hội thoại/Cốt truyện	Hệ thống/Thuật ngữ			An error happened. Please contact Customer Service
lang_multi_text.db	Text_TapeQuality_Text	3.4	Hội thoại/Cốt truyện	Hệ thống/Thuật ngữ			An error happened. Please contact Customer Service
lang_multi_text.db	Text_TapeReplaceLack_Text	3.4	Hội thoại/Cốt truyện	Hệ thống/Thuật ngữ			An error happened. Please contact Customer Service
lang_multi_text.db	Text_TapeReplace_Text	3.4	Hội thoại/Cốt truyện	Hệ thống/Thuật ngữ			An error happened. Please contact Customer Service
lang_multi_text.db	Text_TapeSkill300000012_Text	3.4	Hội thoại/Cốt truyện	Hệ thống/Thuật ngữ			An error occurred. For inquiries please contact customer support.
lang_multi_text.db	Text_TapeSkill300000014_Text	3.4	Hội thoại/Cốt truyện	Hệ thống/Thuật ngữ			An error occurred. For inquiries please contact customer support.
lang_multi_text.db	Text_TapeSkill300000022_Text	3.4	Hội thoại/Cốt truyện	Hệ thống/Thuật ngữ			An error occurred. For inquiries please contact customer support.
lang_multi_text.db	Text_TapeSkill300000024_Text	3.4	Hội thoại/Cốt truyện	Hệ thống/Thuật ngữ			An error occurred. For inquiries please contact customer support.
lang_multi_text.db	Text_TapeSkill300000032_Text	3.4	Hội thoại/Cốt truyện	Hệ thống/Thuật ngữ			An error occurred. For inquiries please contact customer support.
lang_multi_text.db	Text_TapeSkill300000034_Text	3.4	Hội thoại/Cốt truyện	Hệ thống/Thuật ngữ			An error occurred. For inquiries please contact customer support.
lang_multi_text.db	Text_TapeSkill300000042_Text	3.4	Hội thoại/Cốt truyện	Hệ thống/Thuật ngữ			An error occurred. For inquiries please contact customer support.
lang_multi_text.db	Text_TapeSkill300000044_Text	3.4	Hội thoại/Cốt truyện	Hệ thống/Thuật ngữ			An error occurred. For inquiries please contact customer support.
lang_multi_text.db	Text_TapeSkill300000052_Text	3.4	Hội thoại/Cốt truyện	Hệ thống/Thuật ngữ			An error occurred. For inquiries please contact customer support.
lang_multi_text.db	Text_TapeSkill300000054_Text	3.4	Hội thoại/Cốt truyện	Hệ thống/Thuật ngữ			An error occurred. For inquiries please contact customer support.
lang_multi_text.db	Text_TapeSkill300000062_Text	3.4	Hội thoại/Cốt truyện	Hệ thống/Thuật ngữ			An error occurred. For inquiries please contact customer support.
lang_multi_text.db	Text_TapeSkill300000064_Text	3.4	Hội thoại/Cốt truyện	Hệ thống/Thuật ngữ			An error occurred. For inquiries please contact customer support.
lang_multi_text.db	Text_TapeSkill300000072_Text	3.4	Hội thoại/Cốt truyện	Hệ thống/Thuật ngữ			An error occurred. For inquiries please contact customer support.
lang_multi_text.db	Text_TapeSkill300000074_Text	3.4	Hội thoại/Cốt truyện	Hệ thống/Thuật ngữ			An error occurred. For inquiries please contact customer support.
lang_multi_text.db	Text_TapeSkill300000082_Text	3.4	Hội thoại/Cốt truyện	Hệ thống/Thuật ngữ			An error occurred. For inquiries please contact customer support.
lang_multi_text.db	Text_TapeSkill300000084_Text	3.4	Hội thoại/Cốt truyện	Hệ thống/Thuật ngữ			An error occurred. For inquiries please contact customer support.
lang_multi_text.db	Text_TapeSkill300000092_Text	3.4	Hội thoại/Cốt truyện	Hệ thống/Thuật ngữ			An error occurred. For inquiries please contact customer support.
lang_multi_text.db	Text_TapeSkill300000094_Text	3.4	Hội thoại/Cốt truyện	Hệ thống/Thuật ngữ			An error occurred. For inquiries please contact customer support.
lang_multi_text.db	Text_TapeSkill300000102_Text	3.4	Hội thoại/Cốt truyện	Hệ thống/Thuật ngữ			An error occurred. For inquiries please contact customer support.
lang_multi_text.db	Text_TapeSkill300000104_Text	3.4	Hội thoại/Cốt truyện	Hệ thống/Thuật ngữ			An error occurred. For inquiries please contact customer support.
lang_multi_text.db	Text_TapeSkill300000112_Text	3.4	Hội thoại/Cốt truyện	Hệ thống/Thuật ngữ			An error occurred. For inquiries please contact customer support.
lang_multi_text.db	Text_TapeSkill300000114_Text	3.4	Hội thoại/Cốt truyện	Hệ thống/Thuật ngữ			An error occurred. For inquiries please contact customer support.
lang_multi_text.db	Text_TapeSkill300000122_Text	3.4	Hội thoại/Cốt truyện	Hệ thống/Thuật ngữ			An error occurred. For inquiries please contact customer support.
lang_multi_text.db	Text_TapeSkill300000124_Text	3.4	Hội thoại/Cốt truyện	Hệ thống/Thuật ngữ			An error occurred. For inquiries please contact customer support.
lang_multi_text.db	Text_TapeSkill300000132_Text	3.4	Hội thoại/Cốt truyện	Hệ thống/Thuật ngữ			An error occurred. For inquiries please contact customer support.
lang_multi_text.db	Text_TapeSkill300000134_Text	3.4	Hội thoại/Cốt truyện	Hệ thống/Thuật ngữ			An error occurred. For inquiries please contact customer support.
lang_multi_text.db	Text_TapeSkill300000142_Text	3.4	Hội thoại/Cốt truyện	Hệ thống/Thuật ngữ			An error occurred. For inquiries please contact customer support.
lang_multi_text.db	Text_TapeSkill300000144_Text	3.4	Hội thoại/Cốt truyện	Hệ thống/Thuật ngữ			An error occurred. For inquiries please contact customer support.
lang_multi_text.db	Text_TapeSkill300000152_Text	3.4	Hội thoại/Cốt truyện	Hệ thống/Thuật ngữ			An error occurred. For inquiries please contact customer support.
lang_multi_text.db	Text_TapeSkill300000154_Text	3.4	Hội thoại/Cốt truyện	Hệ thống/Thuật ngữ			An error occurred. For inquiries please contact customer support.
lang_multi_text.db	Text_TapeSkill300000162_Text	3.4	Hội thoại/Cốt truyện	Hệ thống/Thuật ngữ			An error occurred. For inquiries please contact customer support.
lang_multi_text.db	Text_TapeSkill300000164_Text	3.4	Hội thoại/Cốt truyện	Hệ thống/Thuật ngữ			An error occurred. For inquiries please contact customer support.
lang_multi_text.db	Text_TapeSkill300000172_Text	3.4	Hội thoại/Cốt truyện	Hệ thống/Thuật ngữ			An error occurred. For inquiries please contact customer support.
lang_multi_text.db	Text_TapeSkill300000174_Text	3.4	Hội thoại/Cốt truyện	Hệ thống/Thuật ngữ			An error occurred. For inquiries please contact customer support.
lang_multi_text.db	Text_TapeStrengthenConsume_Text	3.4	Hội thoại/Cốt truyện	Hệ thống/Thuật ngữ			An error happened. Please contact Customer Service
lang_multi_text.db	Text_TapeStrengthen_Text	3.4	Hội thoại/Cốt truyện	Hệ thống/Thuật ngữ			An error happened. Please contact Customer Service
lang_multi_text.db	Text_TapeSuit_Text	3.4	Hội thoại/Cốt truyện	Hệ thống/Thuật ngữ			An error happened. Please contact Customer Service
lang_multi_text.db	Text_TapeTakeOff_Text	3.4	Hội thoại/Cốt truyện	Hệ thống/Thuật ngữ			An error happened. Please contact Customer Service
lang_multi_text.db	Text_TapeTrans_Text	3.4	Hội thoại/Cốt truyện	Hệ thống/Thuật ngữ			An error happened. Please contact Customer Service
lang_multi_text.db	Text_TapeTransformConsume_Text	3.4	Hội thoại/Cốt truyện	Hệ thống/Thuật ngữ			An error happened. Please contact Customer Service
lang_multi_text.db	Text_TapeTransformEmpty_Text	3.4	Hội thoại/Cốt truyện	Hệ thống/Thuật ngữ			An error happened. Please contact Customer Service
lang_multi_text.db	Text_TapeTransformLackMoney_Text	3.4	Hội thoại/Cốt truyện	Hệ thống/Thuật ngữ			An error happened. Please contact Customer Service
lang_multi_text.db	Text_TapeTransformMaxSlot_Text	3.4	Hội thoại/Cốt truyện	Hệ thống/Thuật ngữ			An error happened. Please contact Customer Service
lang_multi_text.db	Text_TapeTransformSlot_Text	3.4	Hội thoại/Cốt truyện	Hệ thống/Thuật ngữ			An error happened. Please contact Customer Service
lang_multi_text.db	Text_TapeTransformUnlockCondition_Text	3.4	Hội thoại/Cốt truyện	Hệ thống/Thuật ngữ			An error happened. Please contact Customer Service
lang_multi_text.db	Text_TapeUnlockLevelUp_Text	3.4	Hội thoại/Cốt truyện	Hệ thống/Thuật ngữ			An error happened. Please contact Customer Service
lang_multi_text.db	Text_TapeUnlockLevel_Text	3.4	Hội thoại/Cốt truyện	Hệ thống/Thuật ngữ			An error happened. Please contact Customer Service
lang_multi_text.db	Text_TapeUsing_Text	3.4	Hội thoại/Cốt truyện	Hệ thống/Thuật ngữ			An error happened. Please contact Customer Service
lang_multi_text.db	Text_TaskSuspendedInteractionDisabled_Text	3.4	Hội thoại/Cốt truyện	Hệ thống/Thuật ngữ			The quest {0} is suspended, unable to interact.
lang_multi_text.db	Text_TeamLeaderInviteToInstance_Text	3.4	Hội thoại/Cốt truyện	Hệ thống/Thuật ngữ			The team leader initiates an invitation
lang_multi_text.db	Text_TeamLeaderMatch_Text	3.4	Hội thoại/Cốt truyện	Hệ thống/Thuật ngữ			The team is queuing for <color=yellow>[{0}]</color>.
lang_multi_text.db	Text_TeamTag_Text	3.4	Hội thoại/Cốt truyện	Hệ thống/Thuật ngữ			Team
lang_multi_text.db	Text_TeamTalkToMeExpression_Text	3.4	Hội thoại/Cốt truyện	Hệ thống/Thuật ngữ			[Team] [{0}]:
lang_multi_text.db	Text_TeamTalkWithoutTag_Text	3.4	Hội thoại/Cốt truyện	Hệ thống/Thuật ngữ			{0} said: {1}
lang_multi_text.db	Text_TeamTalk_Text	3.4	Hội thoại/Cốt truyện	Hệ thống/Thuật ngữ			[Team] [{0}]:{1}
lang_multi_text.db	Text_TeamTalk_Text_Match	3.4	Hội thoại/Cốt truyện	Hệ thống/Thuật ngữ			[Team] [{0}]:[{1}]
lang_multi_text.db	Text_TeamText_Text	3.4	Hội thoại/Cốt truyện	Hệ thống/Thuật ngữ			Team {0}
lang_multi_text.db	Text_TeleportDelete_Text	3.4	Hội thoại/Cốt truyện	Hệ thống/Thuật ngữ			Remove
lang_multi_text.db	Text_TeleportFastMove_Text	3.4	Hội thoại/Cốt truyện	Hệ thống/Thuật ngữ			Fast Travel
lang_multi_text.db	Text_TeleportStop_Text	3.4	Hội thoại/Cốt truyện	Hệ thống/Thuật ngữ			Cancel Tracking
lang_multi_text.db	Text_TeleporterUnlockBig_Text	3.4	Hội thoại/Cốt truyện	Hệ thống/Thuật ngữ			Resonance Nexus has been activated
lang_multi_text.db	Text_TeleporterUnlock_Text	3.4	Hội thoại/Cốt truyện	Hệ thống/Thuật ngữ			Small Resonance Beacon has been activated
lang_multi_text.db	Text_Ten_Text	3.4	Hội thoại/Cốt truyện	Hệ thống/Thuật ngữ			X
lang_multi_text.db	Text_TextAndExpression_Text	3.4	Hội thoại/Cốt truyện	Hệ thống/Thuật ngữ			Text and Emotes
lang_multi_text.db	Text_Three_Text	3.4	Hội thoại/Cốt truyện	Hệ thống/Thuật ngữ			III
lang_multi_text.db	Text_TimeOfDayCantOpenView_Text	3.4	Hội thoại/Cốt truyện	Hệ thống/Thuật ngữ			You cannot currently use this function
lang_multi_text.db	Text_TimeOfDayConfirmTextOff_Text	3.4	Hội thoại/Cốt truyện	Hệ thống/Thuật ngữ			Time adjustment cannot be less than 30 minutes
lang_multi_text.db	Text_TimeOfDayConfirmTextOn_Text	3.4	Hội thoại/Cốt truyện	Hệ thống/Thuật ngữ			Confirm
lang_multi_text.db	Text_TimeOfDayPlusTwoDay_Text	3.4	Hội thoại/Cốt truyện	Hệ thống/Thuật ngữ			+2 days
lang_multi_text.db	Text_TimeOfDayToday_Text	3.4	Hội thoại/Cốt truyện	Hệ thống/Thuật ngữ			Today
lang_multi_text.db	Text_TimeOfDayTomorrow_Text	3.4	Hội thoại/Cốt truyện	Hệ thống/Thuật ngữ			Next day
lang_multi_text.db	Text_Today_Text	3.4	Hội thoại/Cốt truyện	Hệ thống/Thuật ngữ			Today
lang_multi_text.db	Text_ToolsClosePC_Text	3.4	Hội thoại/Cốt truyện	Hệ thống/Thuật ngữ			Release {0} to close the Wheel menu
lang_multi_text.db	Text_TowerAreaFloor_Text	3.4	Hội thoại/Cốt truyện	Hệ thống/Thuật ngữ			{0} - Floor {1}
lang_multi_text.db	Text_TowerFailDesc_Text	3.4	Hội thoại/Cốt truyện	Hệ thống/Thuật ngữ			Battle failed, you are disconnected from the Tower.
lang_multi_text.db	Text_TowerFail_Text	3.4	Hội thoại/Cốt truyện	Hệ thống/Thuật ngữ			Challenge Failed
lang_multi_text.db	Text_TowerFinish_Text	3.4	Hội thoại/Cốt truyện	Hệ thống/Thuật ngữ			Clear the challenge
lang_multi_text.db	Text_TowerOne_Text	3.4	Hội thoại/Cốt truyện	Hệ thống/Thuật ngữ			Resonant Tower
lang_multi_text.db	Text_TowerOnlyFloor_Text	3.4	Hội thoại/Cốt truyện	Hệ thống/Thuật ngữ			Floor {0}
lang_multi_text.db	Text_TowerRemainTime_Text	3.4	Hội thoại/Cốt truyện	Hệ thống/Thuật ngữ			Clear the challenge with at least {0}s left
lang_multi_text.db	Text_TowerSuccess_Text	3.4	Hội thoại/Cốt truyện	Hệ thống/Thuật ngữ			Challenge Complete
lang_multi_text.db	Text_TowerTeamDie_Text	3.4	Hội thoại/Cốt truyện	Hệ thống/Thuật ngữ			Clear the challenge
lang_multi_text.db	Text_TowerTeamNoDie_Text	3.4	Hội thoại/Cốt truyện	Hệ thống/Thuật ngữ			Clear the challenge with all team members standing
lang_multi_text.db	Text_TowerThree_Text	3.4	Hội thoại/Cốt truyện	Hệ thống/Thuật ngữ			Hazard Tower
lang_multi_text.db	Text_TowerTwo_Text	3.4	Hội thoại/Cốt truyện	Hệ thống/Thuật ngữ			Echoing Tower
lang_multi_text.db	Text_TriggerMission_Text	3.4	Hội thoại/Cốt truyện	Hệ thống/Thuật ngữ			New Quest
lang_multi_text.db	Text_Tuning_Text	3.4	Hội thoại/Cốt truyện	Hệ thống/Thuật ngữ			Convene
lang_multi_text.db	Text_TurnToBreach_Text	3.4	Hội thoại/Cốt truyện	Hệ thống/Thuật ngữ			Tap anywhere to proceed
lang_multi_text.db	Text_TurnToRoleBreach_Text	3.4	Hội thoại/Cốt truyện	Hệ thống/Thuật ngữ			Tap anywhere to proceed
lang_multi_text.db	Text_Two_Text	3.4	Hội thoại/Cốt truyện	Hệ thống/Thuật ngữ			II
lang_multi_text.db	Text_UnDiscovered_Text	3.4	Hội thoại/Cốt truyện	Hệ thống/Thuật ngữ			Unknown
lang_multi_text.db	Text_UnEquip_Text	3.4	Hội thoại/Cốt truyện	Hệ thống/Thuật ngữ			Unequip
lang_multi_text.db	Text_UnReadMail_Text	3.4	Hội thoại/Cốt truyện	Hệ thống/Thuật ngữ			Unread Mails
lang_multi_text.db	Text_UnableSystem_Text	3.4	Hội thoại/Cốt truyện	Hệ thống/Thuật ngữ			The map function is temporarily unavailable
lang_multi_text.db	Text_UnableToAdd_Text	3.4	Hội thoại/Cốt truyện	Hệ thống/Thuật ngữ			Insufficient materials. Unable to add more.
lang_multi_text.db	Text_UnableToReduce_Text	3.4	Hội thoại/Cốt truyện	Hệ thống/Thuật ngữ			The minimum quantity has been reached, unable to decrease
lang_multi_text.db	Text_UnconfirmedResultTips_Text	3.4	Hội thoại/Cốt truyện	Hệ thống/Thuật ngữ			Modification result pending finalization. Please Confirm or Cancel.
lang_multi_text.db	Text_Undergrade_Text	3.4	Hội thoại/Cốt truyện	Hệ thống/Thuật ngữ			There is an anomaly, if you have any questions, please contact the official customer service.
lang_multi_text.db	Text_UnknownErrorCodeText_Text	3.4	Hội thoại/Cốt truyện	Hệ thống/Thuật ngữ			An error occurred. For inquiries please contact customer support.
lang_multi_text.db	Text_Unknown_Text	3.4	Hội thoại/Cốt truyện	Hệ thống/Thuật ngữ			???
lang_multi_text.db	Text_UnlockNotice_Text	3.4	Hội thoại/Cốt truyện	Hệ thống/Thuật ngữ			Function not unlocked
lang_multi_text.db	Text_UnlockTitle_Text	3.4	Hội thoại/Cốt truyện	Hệ thống/Thuật ngữ			Notice
lang_multi_text.db	Text_UnlockWeapon_Text	3.4	Hội thoại/Cốt truyện	Hệ thống/Thuật ngữ			Unlock
lang_multi_text.db	Text_UseBuffCdText_Text	3.4	Hội thoại/Cốt truyện	Hệ thống/Thuật ngữ			Item is cooling down
lang_multi_text.db	Text_UseBuffItemText_Text	3.4	Hội thoại/Cốt truyện	Hệ thống/Thuật ngữ			{0} has been used
lang_multi_text.db	Text_UseBuffTitle_Text	3.4	Hội thoại/Cốt truyện	Hệ thống/Thuật ngữ			Use on {0}
lang_multi_text.db	Text_UseBuffToAliveRole_Text	3.4	Hội thoại/Cốt truyện	Hệ thống/Thuật ngữ			This item is only for downed Resonators
lang_multi_text.db	Text_UseBuffToDeadRole_Text	3.4	Hội thoại/Cốt truyện	Hệ thống/Thuật ngữ			Characters who have not been knocked out cannot use this item
lang_multi_text.db	Text_UseCount_Text	3.4	Hội thoại/Cốt truyện	Hệ thống/Thuật ngữ			Number of uses: {0}
lang_multi_text.db	Text_UseReviveItem_Text	3.4	Hội thoại/Cốt truyện	Hệ thống/Thuật ngữ			Use revival item
lang_multi_text.db	Text_UsefulSkillPoint_Text	3.4	Hội thoại/Cốt truyện	Hệ thống/Thuật ngữ			Forte point(s): {0}
lang_multi_text.db	Text_UserAgreement_Text	3.4	Hội thoại/Cốt truyện	Hệ thống/Thuật ngữ			Anomalies exist, please contact official customer service if you have any questions.
lang_multi_text.db	Text_UserId_Text	3.4	Hội thoại/Cốt truyện	Hệ thống/Thuật ngữ			User ID: {0}
lang_multi_text.db	Text_UserTitle_Text	3.4	Hội thoại/Cốt truyện	Hệ thống/Thuật ngữ			Kuro User Agreement
lang_multi_text.db	Text_VariationAreaFloor_Text	3.4	Hội thoại/Cốt truyện	Hệ thống/Thuật ngữ			Updating results of Hazard Zone: {0} - Floor {1}. Do you confirm?
lang_multi_text.db	Text_Variation_Text	3.4	Hội thoại/Cốt truyện	Hệ thống/Thuật ngữ			Hazard Zone: {0}
lang_multi_text.db	Text_VisionRefineAttributePanelTitle_Text	3.4	Hội thoại/Cốt truyện	Hệ thống/Thuật ngữ			Modify the Echo's Mainstat.
lang_multi_text.db	Text_VisionRefineChooseListFull_Text	3.4	Hội thoại/Cốt truyện	Hệ thống/Thuật ngữ			Data Modification list is full
lang_multi_text.db	Text_VisionRefineMain_BlockedTips_Text	3.4	Hội thoại/Cốt truyện	Hệ thống/Thuật ngữ			This list contains no Echoes whose Mainstat can be modified to the target Mainstat.
lang_multi_text.db	Text_VisionRefineMain_InvalidReason_Text	3.4	Hội thoại/Cốt truyện	Hệ thống/Thuật ngữ			Only an unenhanced 5-Star Echo can be modified.
lang_multi_text.db	Text_VisionRefineSubAttriLocked_Text	3.4	Hội thoại/Cốt truyện	Hệ thống/Thuật ngữ			Untuned
lang_multi_text.db	Text_VisionRefineSubLockAll_Text	3.4	Hội thoại/Cốt truyện	Hệ thống/Thuật ngữ			You cannot lock all Substats.
lang_multi_text.db	Text_VisionRefineSub_InvalidReason_Text	3.4	Hội thoại/Cốt truyện	Hệ thống/Thuật ngữ			Only fully tuned Echoes can be modified.
lang_multi_text.db	Text_VisionRefineSub_InvalidTips_Text	3.4	Hội thoại/Cốt truyện	Hệ thống/Thuật ngữ			A 5-Star Echo with all Substats unlocked is required.
lang_multi_text.db	Text_VisionRefine_CanRefineWithNumber_Text	3.4	Hội thoại/Cốt truyện	Hệ thống/Thuật ngữ			<SapTag=0>{0}</SapTag> {Cus:Sap,S=Echo P=Echoes SapTag=0} in your current selection already {Cus:Sap,S=has P=have SapTag=0} this Mainstat. {Cus:Sap,S=It P=They SapTag=0} will be skipped.
lang_multi_text.db	Text_VisionSpecialSkillTips_Text	3.4	Hội thoại/Cốt truyện	Hệ thống/Thuật ngữ			[{0}'s exclusive skill]
lang_multi_text.db	Text_VoiceProgress_Text	3.4	Hội thoại/Cốt truyện	Hệ thống/Thuật ngữ			{0}:{1}/{2}:{3}
lang_multi_text.db	Text_WeaponAddExpTipsText_Text	3.4	Hội thoại/Cốt truyện	Hệ thống/Thuật ngữ			Experience cap reached, unable to continue adding.
lang_multi_text.db	Text_WeaponAddLevel_Text	3.4	Hội thoại/Cốt truyện	Hệ thống/Thuật ngữ			Weapon Level is increased to <color=#ffd12f>{0}</color>
lang_multi_text.db	Text_WeaponBreachNoEnoughMaterialText_Text	3.4	Hội thoại/Cốt truyện	Hệ thống/Thuật ngữ			Insufficient Ascension materials
lang_multi_text.db	Text_WeaponBreachNoEnoughMoneyText_Text	3.4	Hội thoại/Cốt truyện	Hệ thống/Thuật ngữ			Insufficient currency for Ascension
lang_multi_text.db	Text_WeaponBreachText_Text	3.4	Hội thoại/Cốt truyện	Hệ thống/Thuật ngữ			Syntonize
lang_multi_text.db	Text_WeaponDescrtption_Text	3.4	Hội thoại/Cốt truyện	Hệ thống/Thuật ngữ			Weapon description
lang_multi_text.db	Text_WeaponExpMax_Text	3.4	Hội thoại/Cốt truyện	Hệ thống/Thuật ngữ			Experience cap reached, unable to add further
lang_multi_text.db	Text_WeaponForging_Text	3.4	Hội thoại/Cốt truyện	Hệ thống/Thuật ngữ			Crafting
lang_multi_text.db	Text_WeaponFullMaterialText_Text	3.4	Hội thoại/Cốt truyện	Hệ thống/Thuật ngữ			Slots full
lang_multi_text.db	Text_WeaponHandBookLock_Text	3.4	Hội thoại/Cốt truyện	Hệ thống/Thuật ngữ			Locked
lang_multi_text.db	Text_WeaponHasLevelUp_Text	3.4	Hội thoại/Cốt truyện	Hệ thống/Thuật ngữ			upgraded
lang_multi_text.db	Text_WeaponHasResonance_Text	3.4	Hội thoại/Cốt truyện	Hệ thống/Thuật ngữ			Syntonized
lang_multi_text.db	Text_WeaponHighQuality_Text	3.4	Hội thoại/Cốt truyện	Hệ thống/Thuật ngữ			High quality
lang_multi_text.db	Text_WeaponLevelUpAddText_Text	3.4	Hội thoại/Cốt truyện	Hệ thống/Thuật ngữ			0.0
lang_multi_text.db	Text_WeaponLevelUpHighLevelText_Text	3.4	Hội thoại/Cốt truyện	Hệ thống/Thuật ngữ			Upgraded weapon will be consumed. Are you sure to proceed?
lang_multi_text.db	Text_WeaponLevelUpHighQualityHighLevelText_Text	3.4	Hội thoại/Cốt truyện	Hệ thống/Thuật ngữ			Upgraded Rare weapon will be consumed. Are you sure to proceed?
lang_multi_text.db	Text_WeaponLevelUpHighQualityText_Text	3.4	Hội thoại/Cốt truyện	Hệ thống/Thuật ngữ			Rare weapon will be consumed. Are you sure to proceed?
lang_multi_text.db	Text_WeaponLevelUpLevelText_Text	3.4	Hội thoại/Cốt truyện	Hệ thống/Thuật ngữ			{0}/
lang_multi_text.db	Text_WeaponLevelUpOneCondition_Text	3.4	Hội thoại/Cốt truyện	Hệ thống/Thuật ngữ			{0} weapon will be consumed. Are you sure to proceed?
lang_multi_text.db	Text_WeaponLevelUpSuccessText_Text	3.4	Hội thoại/Cốt truyện	Hệ thống/Thuật ngữ			Enhanced
lang_multi_text.db	Text_WeaponLevelUpText_Text	3.4	Hội thoại/Cốt truyện	Hệ thống/Thuật ngữ			Enhance
lang_multi_text.db	Text_WeaponLevelUpThreeCondition_Text	3.4	Hội thoại/Cốt truyện	Hệ thống/Thuật ngữ			{0}, {1} {2} weapon will be consumed. Are you sure to proceed?
lang_multi_text.db	Text_WeaponLevelUpTipsText_Text	3.4	Hội thoại/Cốt truyện	Hệ thống/Thuật ngữ			Notice
lang_multi_text.db	Text_WeaponLevelUpTips_Text	3.4	Hội thoại/Cốt truyện	Hệ thống/Thuật ngữ			Do not show again
lang_multi_text.db	Text_WeaponLevelUpTwoCondition_Text	3.4	Hội thoại/Cốt truyện	Hệ thống/Thuật ngữ			{0} {1} weapon will be consumed. Are you sure to proceed?
lang_multi_text.db	Text_WeaponLevel_Text	3.4	Hội thoại/Cốt truyện	Hệ thống/Thuật ngữ			Lv. {0}
lang_multi_text.db	Text_WeaponLockResonanceText_Text	3.4	Hội thoại/Cốt truyện	Hệ thống/Thuật ngữ			Syntonization unavailable for this weapon.
lang_multi_text.db	Text_WeaponLockTipsText_Text	3.4	Hội thoại/Cốt truyện	Hệ thống/Thuật ngữ			Item locked. Unlock to continue
lang_multi_text.db	Text_WeaponMaking_Text	3.4	Hội thoại/Cốt truyện	Hệ thống/Thuật ngữ			Craft
lang_multi_text.db	Text_WeaponMaterialLengthText_Text	3.4	Hội thoại/Cốt truyện	Hệ thống/Thuật ngữ			Upgrade Consumption ({0}/{1})
lang_multi_text.db	Text_WeaponMaterialType_Text	3.4	Hội thoại/Cốt truyện	Hệ thống/Thuật ngữ			Weapon Materials
lang_multi_text.db	Text_WeaponMaxLevelText_Text	3.4	Hội thoại/Cốt truyện	Hệ thống/Thuật ngữ			{0}
lang_multi_text.db	Text_WeaponNoEnoughMoneyText_Text	3.4	Hội thoại/Cốt truyện	Hệ thống/Thuật ngữ			Insufficient Shell Credit for enhancement.
lang_multi_text.db	Text_WeaponNoMaterial_Text	3.4	Hội thoại/Cốt truyện	Hệ thống/Thuật ngữ			Insufficient upgrade materials
lang_multi_text.db	Text_WeaponReplaceContrastText_Text	3.4	Hội thoại/Cốt truyện	Hệ thống/Thuật ngữ			Collapse
lang_multi_text.db	Text_WeaponReplacePackUpText_Text	3.4	Hội thoại/Cốt truyện	Hệ thống/Thuật ngữ			Compare
lang_multi_text.db	Text_WeaponReplaceTipsContentText_Text	3.4	Hội thoại/Cốt truyện	Hệ thống/Thuật ngữ			{0} is equipped by {1}. Do you want to replace it?
lang_multi_text.db	Text_WeaponReplaceTipsTitleText_Text	3.4	Hội thoại/Cốt truyện	Hệ thống/Thuật ngữ			Weapon replacement
lang_multi_text.db	Text_WeaponResonanceCurrentEffectText_Text	3.4	Hội thoại/Cốt truyện	Hệ thống/Thuật ngữ			{0}
lang_multi_text.db	Text_WeaponResonanceHasLevelUpAndResonance_Text	3.4	Hội thoại/Cốt truyện	Hệ thống/Thuật ngữ			Includes tuned and upgraded items. Do you wish to consume {0} to Syntonize Weapon {1} to Rank {2}?
lang_multi_text.db	Text_WeaponResonanceHasLevelUp_Text	3.4	Hội thoại/Cốt truyện	Hệ thống/Thuật ngữ			Includes upgraded item. Do you wish to consume {0} to Syntonize Weapon {1} to Rank {2}?
lang_multi_text.db	Text_WeaponResonanceHasResonance_Text	3.4	Hội thoại/Cốt truyện	Hệ thống/Thuật ngữ			Includes Syntonized item. Do you wish to consume {0} to Syntonize Weapon {1} to Rank {2}?
lang_multi_text.db	Text_WeaponResonanceItemLevelText_Text	3.4	Hội thoại/Cốt truyện	Hệ thống/Thuật ngữ			Rank {0}
lang_multi_text.db	Text_WeaponResonanceLevelText_Text	3.4	Hội thoại/Cốt truyện	Hệ thống/Thuật ngữ			Rank {0}
lang_multi_text.db	Text_WeaponResonanceMaterialNotEnough_Text	3.4	Hội thoại/Cốt truyện	Hệ thống/Thuật ngữ			Insufficient Syntonize materials
lang_multi_text.db	Text_WeaponResonanceNextEffectText_Text	3.4	Hội thoại/Cốt truyện	Hệ thống/Thuật ngữ			{0}
lang_multi_text.db	Text_WeaponResonanceNoEnoughMoneyText_Text	3.4	Hội thoại/Cốt truyện	Hệ thống/Thuật ngữ			Insufficient Shell Credit for Syntonize
lang_multi_text.db	Text_WeaponResonanceText_Text	3.4	Hội thoại/Cốt truyện	Hệ thống/Thuật ngữ			Syntonize
lang_multi_text.db	Text_WeaponResonanceTipsText_Text	3.4	Hội thoại/Cốt truyện	Hệ thống/Thuật ngữ			Do you wish to consume {0} to Syntonize weapon {1} to Rank {2}?
lang_multi_text.db	Text_WeaponSelectMaterialTipsText_Text	3.4	Hội thoại/Cốt truyện	Hệ thống/Thuật ngữ			Select materials
lang_multi_text.db	Text_WeaponSkinTip	3.4	Hội thoại/Cốt truyện	Hệ thống/Thuật ngữ			{0} Equipped
lang_multi_text.db	Text_WeaponStrengthMaterialNotEnough_Text	3.4	Hội thoại/Cốt truyện	Hệ thống/Thuật ngữ			Insufficient upgrade materials
lang_multi_text.db	Text_WeaponTipsRoleText_Text	3.4	Hội thoại/Cốt truyện	Hệ thống/Thuật ngữ			{0} Equipped
lang_multi_text.db	Text_Weapon_Text	3.4	Hội thoại/Cốt truyện	Hệ thống/Thuật ngữ			Weapon
lang_multi_text.db	Text_WeeklyRogue_FreeLoot	3.4	Hội thoại/Cốt truyện	Hệ thống/Thuật ngữ			Free Claim Attempts ({0}/{1})
lang_multi_text.db	Text_WeeklyRogue_FreeTime	3.4	Hội thoại/Cốt truyện	Hệ thống/Thuật ngữ			Free Claim Attempts This Week
lang_multi_text.db	Text_WeeklyRogue_FreeTime_Map	3.4	Hội thoại/Cốt truyện	Hệ thống/Thuật ngữ			Free Claim Attempts
lang_multi_text.db	Text_WeeklyRogue_FreeTime_Num	3.4	Hội thoại/Cốt truyện	Hệ thống/Thuật ngữ			{0}/{1}
lang_multi_text.db	Text_WeeklyRogue_FreeTime_Select	3.4	Hội thoại/Cốt truyện	Hệ thống/Thuật ngữ			Cost to Claim Reward Once (Free Claim Attempts {0}/{1})
lang_multi_text.db	Text_WeeklyRogue_FreeTime_Title	3.4	Hội thoại/Cốt truyện	Hệ thống/Thuật ngữ			Free Claim Attempts This Week:
lang_multi_text.db	Text_WeeklyRogue_ScoreReward_ItemName	3.4	Hội thoại/Cốt truyện	Hệ thống/Thuật ngữ			Reach {0} Current Illusive Points
lang_multi_text.db	Text_WeeklyRogue_ScoreReward_Title	3.4	Hội thoại/Cốt truyện	Hệ thống/Thuật ngữ			Current Rewards
lang_multi_text.db	Text_Weekly_Rogue_Score	3.4	Hội thoại/Cốt truyện	Hệ thống/Thuật ngữ			{0}
lang_multi_text.db	Text_Weekly_Rogue_Week_Score	3.4	Hội thoại/Cốt truyện	Hệ thống/Thuật ngữ			Base Weekly Activity Pts
lang_multi_text.db	Text_WorldCurrentLevelTag_Text	3.4	Hội thoại/Cốt truyện	Hệ thống/Thuật ngữ			SOL3 Phase {0} (Current)
lang_multi_text.db	Text_WorldLevelAdjustTo_Text	3.4	Hội thoại/Cốt truyện	Hệ thống/Thuật ngữ			SOL3 Phase adjusted to Rank {0}.
lang_multi_text.db	Text_WorldLevelDownReject_Text	3.4	Hội thoại/Cốt truyện	Hệ thống/Thuật ngữ			This function is unavailable in combat.
lang_multi_text.db	Text_WorldLevelDown_Text	3.4	Hội thoại/Cốt truyện	Hệ thống/Thuật ngữ			Lower SOL3 Phase
lang_multi_text.db	Text_WorldLevelINotice_Text	3.4	Hội thoại/Cốt truyện	Hệ thống/Thuật ngữ			Adjustments to the SOL3 Phase will affect enemy levels and reward content.
lang_multi_text.db	Text_WorldLevelIntro_Text	3.4	Hội thoại/Cốt truyện	Hệ thống/Thuật ngữ			<color=HighlightB>Every 10 Union Levels raises your SOL3 Phase by 1.</color>\n  \nHigher SOL3 Phases yield better rewards but also present more challenging enemies.\n \nAt Union Level <color=HighlightB>20, 40, and 60</color>, you must complete <color=HighlightB>SOL3 Phase Ascension Quests</color> in order to keep increasing your Union Level and/or SOL3 Phase.\n \nYou can lower your SOL3 Phase or raise it back up again <color=HighlightB>every 12 hours.</color>
lang_multi_text.db	Text_WorldLevelNum_Text	3.4	Hội thoại/Cốt truyện	Hệ thống/Thuật ngữ			Rank {0}
lang_multi_text.db	Text_WorldLevelRestore_Text	3.4	Hội thoại/Cốt truyện	Hệ thống/Thuật ngữ			Reset SOL3 Phase
lang_multi_text.db	Text_WorldLevelTag_Text	3.4	Hội thoại/Cốt truyện	Hệ thống/Thuật ngữ			SOL3 Phase {0}
lang_multi_text.db	Text_WorldLevelUpTo_Text	3.4	Hội thoại/Cốt truyện	Hệ thống/Thuật ngữ			SOL3 Phase raised to Rank {0}.
lang_multi_text.db	Text_WorldLevel_Text	3.4	Hội thoại/Cốt truyện	Hệ thống/Thuật ngữ			SOL3 Phase
lang_multi_text.db	Text_WorldMapTagFull_Text	3.4	Hội thoại/Cốt truyện	Hệ thống/Thuật ngữ			Custom marker is full, unable to add.
lang_multi_text.db	Text_YearText_Text	3.4	Hội thoại/Cốt truyện	Hệ thống/Thuật ngữ			{0}-{1}-{2} {3}:{4}
lang_multi_text.db	Text_Yesterday_Text	3.4	Hội thoại/Cốt truyện	Hệ thống/Thuật ngữ			Yesterday
lang_multi_text.db	ErrorCode_KurotatoActivityConfigNotExist_Text	3.5	Hội thoại/Cốt truyện	Hệ thống/Thuật ngữ			Abnormal event data. Please contact Customer Service for assistance.
lang_multi_text.db	ErrorCode_KurotatoCharacterAlreadyExist_Text	3.5	Hội thoại/Cốt truyện	Hệ thống/Thuật ngữ			Abnormal event data. Please contact Customer Service for assistance.
lang_multi_text.db	ErrorCode_KurotatoCharacterConfigNotExist_Text	3.5	Hội thoại/Cốt truyện	Hệ thống/Thuật ngữ			Abnormal event data. Please contact Customer Service for assistance.
lang_multi_text.db	ErrorCode_KurotatoCharacterEntityNotExist_Text	3.5	Hội thoại/Cốt truyện	Hệ thống/Thuật ngữ			Abnormal event data. Please contact Customer Service for assistance.
lang_multi_text.db	ErrorCode_KurotatoCharacterUpgradeConfigNotExist_Text	3.5	Hội thoại/Cốt truyện	Hệ thống/Thuật ngữ			Abnormal event data. Please contact Customer Service for assistance.
lang_multi_text.db	ErrorCode_KurotatoChestRewardItemNotExist_Text	3.5	Hội thoại/Cốt truyện	Hệ thống/Thuật ngữ			Abnormal event data. Please contact Customer Service for assistance.
lang_multi_text.db	ErrorCode_KurotatoChestRewardStepNotActive_Text	3.5	Hội thoại/Cốt truyện	Hệ thống/Thuật ngữ			Abnormal event data. Please contact Customer Service for assistance.
lang_multi_text.db	ErrorCode_KurotatoCombatStepNotActive_Text	3.5	Hội thoại/Cốt truyện	Hệ thống/Thuật ngữ			Abnormal event data. Please contact Customer Service for assistance.
lang_multi_text.db	ErrorCode_KurotatoDrawConfigNotExist_Text	3.5	Hội thoại/Cốt truyện	Hệ thống/Thuật ngữ			Abnormal event data. Please contact Customer Service for assistance.
lang_multi_text.db	ErrorCode_KurotatoDrawResultEmpty_Text	3.5	Hội thoại/Cốt truyện	Hệ thống/Thuật ngữ			Abnormal event data. Please contact Customer Service for assistance.
lang_multi_text.db	ErrorCode_KurotatoDropConfigNotExist_Text	3.5	Hội thoại/Cốt truyện	Hệ thống/Thuật ngữ			Abnormal event data. Please contact Customer Service for assistance.
lang_multi_text.db	ErrorCode_KurotatoDropInfoNotExist_Text	3.5	Hội thoại/Cốt truyện	Hệ thống/Thuật ngữ			Abnormal event data. Please contact Customer Service for assistance.
lang_multi_text.db	ErrorCode_KurotatoEffectConfigNotExist_Text	3.5	Hội thoại/Cốt truyện	Hệ thống/Thuật ngữ			Abnormal event data. Please contact Customer Service for assistance.
lang_multi_text.db	ErrorCode_KurotatoEffectNotExist_Text	3.5	Hội thoại/Cốt truyện	Hệ thống/Thuật ngữ			Abnormal event data. Please contact Customer Service for assistance.
lang_multi_text.db	ErrorCode_KurotatoGoldGainPropertyNotExist_Text	3.5	Hội thoại/Cốt truyện	Hệ thống/Thuật ngữ			Abnormal event data. Please contact Customer Service for assistance.
lang_multi_text.db	ErrorCode_KurotatoGoldNotEnough_Text	3.5	Hội thoại/Cốt truyện	Hệ thống/Thuật ngữ			Insufficient Op Credit to purchase
lang_multi_text.db	ErrorCode_KurotatoItemConfigNotExist_Text	3.5	Hội thoại/Cốt truyện	Hệ thống/Thuật ngữ			Abnormal event data. Please contact Customer Service for assistance.
lang_multi_text.db	ErrorCode_KurotatoItemNotExist_Text	3.5	Hội thoại/Cốt truyện	Hệ thống/Thuật ngữ			Abnormal event data. Please contact Customer Service for assistance.
lang_multi_text.db	ErrorCode_KurotatoItemStackFull_Text	3.5	Hội thoại/Cốt truyện	Hệ thống/Thuật ngữ			Item stack limit reached
lang_multi_text.db	ErrorCode_KurotatoLevelConfigNotExist_Text	3.5	Hội thoại/Cốt truyện	Hệ thống/Thuật ngữ			Abnormal event data. Please contact Customer Service for assistance.
lang_multi_text.db	ErrorCode_KurotatoLevelInfoNotExist_Text	3.5	Hội thoại/Cốt truyện	Hệ thống/Thuật ngữ			Abnormal event data. Please contact Customer Service for assistance.
lang_multi_text.db	ErrorCode_KurotatoLuckPropertyNotExist_Text	3.5	Hội thoại/Cốt truyện	Hệ thống/Thuật ngữ			Abnormal event data. Please contact Customer Service for assistance.
lang_multi_text.db	ErrorCode_KurotatoMonsterConfigNotExist_Text	3.5	Hội thoại/Cốt truyện	Hệ thống/Thuật ngữ			Abnormal event data. Please contact Customer Service for assistance.
lang_multi_text.db	ErrorCode_KurotatoMultiModeNotSupported_Text	3.5	Hội thoại/Cốt truyện	Hệ thống/Thuật ngữ			The event does not support Co-op Mode yet
lang_multi_text.db	ErrorCode_KurotatoNotInSpecialWave_Text	3.5	Hội thoại/Cốt truyện	Hệ thống/Thuật ngữ			Abnormal event data. Please contact Customer Service for assistance.
lang_multi_text.db	ErrorCode_KurotatoNotSupportedProductType_Text	3.5	Hội thoại/Cốt truyện	Hệ thống/Thuật ngữ			Abnormal event data. Please contact Customer Service for assistance.
lang_multi_text.db	ErrorCode_KurotatoPropertyConfigNotExist_Text	3.5	Hội thoại/Cốt truyện	Hệ thống/Thuật ngữ			Abnormal event data. Please contact Customer Service for assistance.
lang_multi_text.db	ErrorCode_KurotatoPropertyNotInSimpleCombatDefine_Text	3.5	Hội thoại/Cốt truyện	Hệ thống/Thuật ngữ			Abnormal event data. Please contact Customer Service for assistance.
lang_multi_text.db	ErrorCode_KurotatoRoleLevelConfigNotExist_Text	3.5	Hội thoại/Cốt truyện	Hệ thống/Thuật ngữ			Abnormal event data. Please contact Customer Service for assistance.
lang_multi_text.db	ErrorCode_KurotatoShopGoldNotEnough_Text	3.5	Hội thoại/Cốt truyện	Hệ thống/Thuật ngữ			Abnormal event data. Please contact Customer Service for assistance.
lang_multi_text.db	ErrorCode_KurotatoShopProductNotFound_Text	3.5	Hội thoại/Cốt truyện	Hệ thống/Thuật ngữ			Abnormal event data. Please contact Customer Service for assistance.
lang_multi_text.db	ErrorCode_KurotatoShopStepNotActive_Text	3.5	Hội thoại/Cốt truyện	Hệ thống/Thuật ngữ			Abnormal event data. Please contact Customer Service for assistance.
lang_multi_text.db	ErrorCode_KurotatoStructureCannotCreate_Text	3.5	Hội thoại/Cốt truyện	Hệ thống/Thuật ngữ			Abnormal event data. Please contact Customer Service for assistance.
lang_multi_text.db	ErrorCode_KurotatoStructureConfigNotExist_Text	3.5	Hội thoại/Cốt truyện	Hệ thống/Thuật ngữ			Abnormal event data. Please contact Customer Service for assistance.
lang_multi_text.db	ErrorCode_KurotatoUpgradeRewardDataNotExist_Text	3.5	Hội thoại/Cốt truyện	Hệ thống/Thuật ngữ			Abnormal event data. Please contact Customer Service for assistance.
lang_multi_text.db	ErrorCode_KurotatoUpgradeRewardDrawIdNotExist_Text	3.5	Hội thoại/Cốt truyện	Hệ thống/Thuật ngữ			Abnormal event data. Please contact Customer Service for assistance.
lang_multi_text.db	ErrorCode_KurotatoUpgradeRewardItemNotFound_Text	3.5	Hội thoại/Cốt truyện	Hệ thống/Thuật ngữ			Abnormal event data. Please contact Customer Service for assistance.
lang_multi_text.db	ErrorCode_KurotatoUpgradeRewardStepNotActive_Text	3.5	Hội thoại/Cốt truyện	Hệ thống/Thuật ngữ			Abnormal event data. Please contact Customer Service for assistance.
lang_multi_text.db	ErrorCode_KurotatoVarNameNotExist_Text	3.5	Hội thoại/Cốt truyện	Hệ thống/Thuật ngữ			Abnormal event data. Please contact Customer Service for assistance.
lang_multi_text.db	ErrorCode_KurotatoVarNotExist_Text	3.5	Hội thoại/Cốt truyện	Hệ thống/Thuật ngữ			Abnormal event data. Please contact Customer Service for assistance.
lang_multi_text.db	ErrorCode_KurotatoWaveConfigNotExist_Text	3.5	Hội thoại/Cốt truyện	Hệ thống/Thuật ngữ			Abnormal event data. Please contact Customer Service for assistance.
lang_multi_text.db	ErrorCode_KurotatoWeaponConfigNotExist_Text	3.5	Hội thoại/Cốt truyện	Hệ thống/Thuật ngữ			Abnormal event data. Please contact Customer Service for assistance.
lang_multi_text.db	ErrorCode_KurotatoWeaponCountReachLimit_Text	3.5	Hội thoại/Cốt truyện	Hệ thống/Thuật ngữ			Weapon limit reached
lang_multi_text.db	ErrorCode_KurotatoWeaponCountReachMin_Text	3.5	Hội thoại/Cốt truyện	Hệ thống/Thuật ngữ			Please equip at least one Weapon
lang_multi_text.db	ErrorCode_KurotatoWeaponNotExist_Text	3.5	Hội thoại/Cốt truyện	Hệ thống/Thuật ngữ			Abnormal event data. Please contact Customer Service for assistance.
lang_multi_text.db	ErrorCode_KurotatoWeaponRefineNotEnoughSameQuality_Text	3.5	Hội thoại/Cốt truyện	Hệ thống/Thuật ngữ			Insufficiant resources to merge Weapons
lang_multi_text.db	Term111001_Desc	3.5	Hội thoại/Cốt truyện	Hệ thống/Thuật ngữ			Casting <color=Highlight>Resonance Skill - Awakening Spring</color> and <color=Highlight>Intro Skill - Tinkling Jade</color> grants all nearby Resonators in the team 1 stack of <color=Highlight>Enrichment</color>. This effect can be triggered once every 25s. Incoming Resonators receive healing from Suisui at the cost of <color=Highlight>Enrichment</color>.
lang_multi_text.db	Term111001_Title	3.5	Hội thoại/Cốt truyện	Hệ thống/Thuật ngữ			Enrichment
lang_multi_text.db	Term111002_Desc	3.5	Hội thoại/Cốt truyện	Hệ thống/Thuật ngữ			After unlocking Inherent Skill - Sky Over Water, consuming <color=Highlight>Enrichment</color> grants the Resonator <SapTag=0>{0}</SapTag> {Cus:Sap,S=stack P=stacks SapTag=0} of <color=Highlight>Spring's Birth</color>, up to {1} stacks. When the Resonator with <color=Highlight>Spring's Birth</color> is on the field and not at full HP, restore their HP by {3} + {4} of Suisui's Max HP at the cost of 1 stack of <color=Highlight>Spring's Birth</color> every {2}s.
lang_multi_text.db	Term111002_Title	3.5	Hội thoại/Cốt truyện	Hệ thống/Thuật ngữ			Spring's Birth
lang_multi_text.db	Term111003_Desc	3.5	Hội thoại/Cốt truyện	Hệ thống/Thuật ngữ			Upon casting <color=Highlight>Resonance Liberation - Song of Thoroughfare</color>, Suisui deploys <color=Highlight>Ceaseless Landscape</color> that lasts for 25s. During <color=Highlight>Ceaseless Landscape</color>, Suisui enters <color=Highlight>Heaven's Roam</color> when casting <color=Highlight>Outro Skill - Rippling Waters</color>.\n<color=Highlight>Ceaseless Landscape</color> grants all nearby Resonators in the team the following enhancements:\n- Inflicting a target with <color=Highlight><te href=850008>Spectro Frazzle</te></color>, <color=Highlight><te href=850011>Fusion Burst</te></color>, <color=Highlight><te href=850010>Glacio Chafe</te></color>, and <color=Highlight><te href=850009>Aero Erosion</te></color> increases the max stack limit of <color=Highlight><te href=850180>Negative Status</te></color> the target can receive by 3 for 15s.\n- Inflicting a target with <color=Highlight><te href=850013>Electro Flare</te></color> increases the max stack limits of <color=Highlight><te href=850013>Electro Flare</te></color> and <color=Highlight><te href=150806>Electro Rage</te></color> the target can receive by 3 for 15s.\n- Inflicting a target with <color=Highlight><te href=850012>Havoc Bane</te></color> allows the Resonator's Havoc DMG to ignore the target's DEF and Havoc RES by {0} and {1} respectively for 15s.
lang_multi_text.db	Term111003_Title	3.5	Hội thoại/Cốt truyện	Hệ thống/Thuật ngữ			Ceaseless Landscape
lang_multi_text.db	Term111004_Desc	3.5	Hội thoại/Cốt truyện	Hệ thống/Thuật ngữ			If there is <color=Highlight>Ceaseless Landscape</color> left on the field, Suisui enters <color=Highlight>Heaven's Roam</color> upon casting <color=Highlight>Outro Skill - Rippling Waters</color>. During this time, Suisui dances between <color=Highlight>Ceaseless Landscape</color>, and periodically applies certain effects to targets caught within <color=Highlight>Ceaseless Landscape</color>, based on the <color=Highlight>Floral Epistle</color> consumed from casting <color=Highlight>Outro Skill - Rippling Waters</color>.
lang_multi_text.db	Term111004_Title	3.5	Hội thoại/Cốt truyện	Hệ thống/Thuật ngữ			Heaven's Roam
lang_multi_text.db	Term111005_Desc	3.5	Hội thoại/Cốt truyện	Hệ thống/Thuật ngữ			When in <color=Highlight>Cleansing</color>, Suisui can obtain <color=Highlight>Stillness</color> through certain skills.\nCasting <color=Highlight>Resonance Skill - Awakening Spring</color> and <color=Highlight>Intro Skill - Tinkling Jade</color> ends <color=Highlight>Cleansing</color> and Suisui enters <color=Highlight>Cleansing Rain</color>.
lang_multi_text.db	Term111005_Title	3.5	Hội thoại/Cốt truyện	Hệ thống/Thuật ngữ			Cleansing
lang_multi_text.db	Term111006_Desc	3.5	Hội thoại/Cốt truyện	Hệ thống/Thuật ngữ			Upon casting <color=Highlight>Resonance Skill - Awakening Spring</color> and <color=Highlight>Intro Skill - Tinkling Jade</color>, Suisui enters <color=Highlight>Cleansing Rain</color>.\nEntering <color=Highlight><te href=111006>Cleansing Rain</te></color> clears all <color=Highlight><te href=111008>Floral Epistle</te></color>.\n- When in <color=Highlight>Cleansing Rain</color>, Suisui unlocks new moves, and her certain skills can restore <color=Highlight>Floral Epistle</color>.\n- When in <color=Highlight>Cleansing Rain</color>, Suisui's resistance to interruption level is increased by 1.\nAfter entering <color=Highlight>Cleansing Rain</color> for 15s, or upon casting <color=Highlight>Outro Skill - Rippling Waters</color>, Suisui leaves <color=Highlight>Cleansing Rain</color> and enters <color=Highlight>Cleansing</color>.
lang_multi_text.db	Term111006_Title	3.5	Hội thoại/Cốt truyện	Hệ thống/Thuật ngữ			Cleansing Rain
lang_multi_text.db	Term111007_Desc	3.5	Hội thoại/Cốt truyện	Hệ thống/Thuật ngữ			Max 120 points.\nWhen in <color=Highlight>Cleansing</color>, hitting a target with <color=Highlight>Basic Attack - Cleansing</color> and <color=Highlight>Dodge Counter - Cleansing</color>, or casting <color=Highlight>Realization</color> to trigger a successful Dodge restores <color=Highlight>Stillness</color>.\nLeaving <color=Highlight>Cleansing</color> removes all <color=Highlight>Stillness</color>.
lang_multi_text.db	Term111007_Title	3.5	Hội thoại/Cốt truyện	Hệ thống/Thuật ngữ			Stillness
lang_multi_text.db	Term111008_Desc	3.5	Hội thoại/Cốt truyện	Hệ thống/Thuật ngữ			Max 120 points.\nWhen in <color=Highlight>Cleansing Rain</color>, hitting a target with <color=Highlight>Basic Attack - Cleansing Rain</color> and <color=Highlight>Heavy Attack - Cleansing Rain</color>, or casting <color=Highlight>Realization</color> to trigger a successful Dodge restores <color=Highlight>Floral Epistle</color>.\nLeaving <color=Highlight>Cleansing Rain</color> removes all <color=Highlight>Floral Epistle</color>.
lang_multi_text.db	Term111008_Title	3.5	Hội thoại/Cốt truyện	Hệ thống/Thuật ngữ			Floral Epistle
lang_multi_text.db	Term111009_Desc	3.5	Hội thoại/Cốt truyện	Hệ thống/Thuật ngữ			Upon casting <color=Highlight>Outro Skill - Rippling Waters</color> or when in <color=Highlight>Heaven's Roam</color>, Suisui grants all nearby Resonators in team bonus effects. While <color=Highlight>Heaven's Roam</color> is active, Resonators' resistance to interruption level is increased by 1, and receive additional bonus effects from Suisui.
lang_multi_text.db	Term111009_Title	3.5	Hội thoại/Cốt truyện	Hệ thống/Thuật ngữ			Reflecting Shadows
lang_multi_text.db	Term750044_Title	3.5	Hội thoại/Cốt truyện	Hệ thống/Thuật ngữ			Censure Cage
lang_multi_text.db	Term750045_Title	3.5	Hội thoại/Cốt truyện	Hệ thống/Thuật ngữ			Censure Court
lang_multi_text.db	Term750046_Title	3.5	Hội thoại/Cốt truyện	Hệ thống/Thuật ngữ			Xuan Triad
lang_multi_text.db	Term750047_Title	3.5	Hội thoại/Cốt truyện	Hệ thống/Thuật ngữ			Xuan Watchers
lang_multi_text.db	Term750048_Title	3.5	Hội thoại/Cốt truyện	Hệ thống/Thuật ngữ			Ministry of Foreign Affairs
lang_multi_text.db	Term750049_Title	3.5	Hội thoại/Cốt truyện	Hệ thống/Thuật ngữ			Xuanfang Wardens
lang_multi_text.db	Term750050_Desc	3.5	Hội thoại/Cốt truyện	Hệ thống/Thuật ngữ			A factory found within the Western Fang Peaks, located in the west of the Land of Xuanfang.\nThe Skyworks consists of Thousandfold Foundry that manufactures Autopuppets and Myriad Snare whose sole purpose is to wipe out powerful Tacet Discords. These two facilities run day and night to offer support and aid to Xuanfang Hold.
lang_multi_text.db	Term750050_Title	3.5	Hội thoại/Cốt truyện	Hệ thống/Thuật ngữ			Skyworks
lang_multi_text.db	Term750051_Title	3.5	Hội thoại/Cốt truyện	Hệ thống/Thuật ngữ			Rafter Kite
lang_multi_text.db	Term750052_Title	3.5	Hội thoại/Cốt truyện	Hệ thống/Thuật ngữ			Yuan Fortress
lang_multi_text.db	Term750053_Title	3.5	Hội thoại/Cốt truyện	Hệ thống/Thuật ngữ			Fortress and Gorges War
lang_multi_text.db	Term750054_Title	3.5	Hội thoại/Cốt truyện	Hệ thống/Thuật ngữ			Xuanling Bird
lang_multi_text.db	Term750055_Title	3.5	Hội thoại/Cốt truyện	Hệ thống/Thuật ngữ			The Streams
lang_multi_text.db	Term750056_Title	3.5	Hội thoại/Cốt truyện	Hệ thống/Thuật ngữ			Votary of the Voice
lang_multi_text.db	Term750057_Title	3.5	Hội thoại/Cốt truyện	Hệ thống/Thuật ngữ			The Séance Society
lang_multi_text.db	Term750058_Title	3.5	Hội thoại/Cốt truyện	Hệ thống/Thuật ngữ			Dollmaker
lang_multi_text.db	Term750059_Title	3.5	Hội thoại/Cốt truyện	Hệ thống/Thuật ngữ			Prism of Fate
lang_multi_text.db	Terminal_Area_4	3.5	Hội thoại/Cốt truyện	Hệ thống/Thuật ngữ			Huanglong: Mengzhou
lang_multi_text.db	Text_GachaTagText11_Text	3.5	Hội thoại/Cốt truyện	Hệ thống/Thuật ngữ			REVERB
lang_multi_text.db	Text_GachaTypeText13_Text	3.5	Hội thoại/Cốt truyện	Hệ thống/Thuật ngữ			Reverb Resonator Convene
lang_multi_text.db	Text_GachaTypeText14_Text	3.5	Hội thoại/Cốt truyện	Hệ thống/Thuật ngữ			Reverb Weapon Convene
lang_multi_text.db	Text_GymReturnToLordGym1.0_Text	3.5	Hội thoại/Cốt truyện	Hệ thống/Thuật ngữ			Return to stage selection
lang_multi_text.db	Text_GymReturnToLordGym3.5_Text	3.5	Hội thoại/Cốt truyện	Hệ thống/Thuật ngữ			To testing ground
