dbfile	key	version	category	folder	speaker	mission	anh_en
lang_UiHotKot.db	1	3.4	Khác	Khác			Confirm
lang_UiHotKot.db	2	3.4	Khác	Khác			Back
lang_UiHotKot.db	3	3.4	Khác	Khác			Close
lang_accesspath.db	1	3.4	Khác	Khác			Obtained via tasks
lang_accesspath.db	10	3.4	Khác	Khác			Obtained via Gleamtender challenge
lang_accesspath.db	11	3.4	Khác	Khác			Obtained via Thousand Sins - The Obscured challenge
lang_accesspath.db	12	3.4	Khác	Khác			Obtained via Bell-Borne Geochelone challenge
lang_accesspath.db	13	3.4	Khác	Khác			Obtained via Seatrail Narwhal challenge
lang_accesspath.db	14	3.4	Khác	Khác			Obtained via Scar challenge
lang_accesspath.db	15	3.4	Khác	Khác			Obtained via Crownless - Prime challenge
lang_accesspath.db	16	3.4	Khác	Khác			Obtained via Huanglong exploration
lang_accesspath.db	17	3.4	Khác	Khác			Found in the wild
lang_accesspath.db	18	3.4	Khác	Khác			Dropped by wild animals
lang_accesspath.db	19	3.4	Khác	Khác			Obtained via fish catching
lang_accesspath.db	2	3.4	Khác	Khác			Obtained via Dangerous Sampling initial clear
lang_accesspath.db	20	3.4	Khác	Khác			Obtained via insect catching
lang_accesspath.db	21	3.4	Khác	Khác			Mostly found in: Gorges of Spirit
lang_accesspath.db	22	3.4	Khác	Khác			Mostly found in: Central Plains
lang_accesspath.db	23	3.4	Khác	Khác			Mostly found in: Tiancheng
lang_accesspath.db	24	3.4	Khác	Khác			Mostly found in: Desorock Highlands
lang_accesspath.db	25	3.4	Khác	Khác			Mostly found in: Norfall Barrens
lang_accesspath.db	26	3.4	Khác	Khác			Mostly found in: Wasted Metropolis
lang_accesspath.db	27	3.4	Khác	Khác			Mostly found in: Hukou, the Tiger's Maw
lang_accesspath.db	28	3.4	Khác	Khác			Mostly found in: Forsaken Abundance
lang_accesspath.db	29	3.4	Khác	Khác			Mostly found in: Dim Forest
lang_accesspath.db	3	3.4	Khác	Khác			Obtained via Tacet Field-Medium challenge
lang_accesspath.db	30	3.4	Khác	Khác			Mostly found in: Whining Aix's Mire
lang_accesspath.db	31	3.4	Khác	Khác			Mostly found in: Black Shores
lang_accesspath.db	32	3.4	Khác	Khác			Cooking
lang_accesspath.db	33	3.4	Khác	Khác			Standard Class Tacet Discord drop
lang_accesspath.db	34	3.4	Khác	Khác			Elite Class Tacet Discord drop
lang_accesspath.db	35	3.4	Khác	Khác			Standard Class Mutant Organism drop
lang_accesspath.db	36	3.4	Khác	Khác			Elite Class Mutant Organism drop
lang_accesspath.db	37	3.4	Khác	Khác			Standard Class Human drop
lang_accesspath.db	38	3.4	Khác	Khác			Elite Class Human drop
lang_accesspath.db	39	3.4	Khác	Khác			Modulation
lang_accesspath.db	4	3.4	Khác	Khác			Obtained via Crownless - Replica challenge
lang_accesspath.db	40	3.4	Khác	Khác			Exchanged via the Joint Exchange
lang_accesspath.db	41	3.4	Khác	Khác			Exchanged via the Interference Exchange
lang_accesspath.db	42	3.4	Khác	Khác			Exchanged via the Souvenirs Shop
lang_accesspath.db	43	3.4	Khác	Khác			Exchanged via the Antique Merchant - Tiancheng
lang_accesspath.db	44	3.4	Khác	Khác			51
lang_accesspath.db	45	3.4	Khác	Khác			52
lang_accesspath.db	5	3.4	Khác	Khác			Obtained via Thunder Squama challenge
lang_accesspath.db	50	3.4	Khác	Khác			53
lang_accesspath.db	51	3.4	Khác	Khác			54
lang_accesspath.db	6	3.4	Khác	Khác			Obtained via Mourning Aix challenge
lang_accesspath.db	7	3.4	Khác	Khác			Obtained via Inferno Rider challenge
lang_accesspath.db	8	3.4	Khác	Khác			Obtained via Feilian Beringal challenge
lang_accesspath.db	9	3.4	Khác	Khác			Obtained via Impermanence Heron challenge
lang_advice.db	10	3.4	Khác	Khác			Grapple Point
lang_advice.db	11	3.4	Khác	Khác			Concerto Effect
lang_advice.db	14	3.4	Khác	Khác			Counter-Attack
lang_advice.db	18	3.4	Khác	Khác			Material
lang_advice.db	2	3.4	Khác	Khác			Resonance Liberation
lang_advice.db	21	3.4	Khác	Khác			Gravity Stream
lang_advice.db	23	3.4	Khác	Khác			Choral Beacon
lang_advice.db	3	3.4	Khác	Khác			Resonance energy
lang_advice.db	9	3.4	Khác	Khác			Scanner
lang_area.db	10	3.4	Khác	Khác			Whining Aix's Mire
lang_area.db	100	3.4	Khác	Khác			Supply Station
lang_area.db	101	3.4	Khác	Khác			Lair of Gun
lang_area.db	102	3.4	Khác	Khác			Frosting Harbour
lang_area.db	103	3.4	Khác	Khác			Jiting Remnant
lang_area.db	104	3.4	Khác	Khác			Waving Battlefield
lang_area.db	105	3.4	Khác	Khác			Plateau Ruins
lang_area.db	106	3.4	Khác	Khác			Fallen Grave
lang_area.db	107	3.4	Khác	Khác			Zero Point Research Station
lang_area.db	11	3.4	Khác	Khác			Black Shores
lang_area.db	115	3.4	Khác	Khác			Abandoned Subway
lang_area.db	12	3.4	Khác	Khác			Hukou, the Tiger's Maw
lang_area.db	13	3.4	Khác	Khác			Zero Point Research Station
lang_area.db	2	3.4	Khác	Khác			Gorges of Spirits
lang_area.db	3	3.4	Khác	Khác			Tiancheng
lang_area.db	36	3.4	Khác	Khác			Outskirt
lang_area.db	37	3.4	Khác	Khác			Industrial Area
lang_area.db	38	3.4	Khác	Khác			Tiancheng Urban Area
lang_area.db	39	3.4	Khác	Khác			Center Comand Hall
lang_area.db	4	3.4	Khác	Khác			Central Plains
lang_area.db	40	3.4	Khác	Khác			Tide Rising Cliff
lang_area.db	41	3.4	Khác	Khác			Stone Pile Plain
lang_area.db	42	3.4	Khác	Khác			Gubei Pass
lang_area.db	43	3.4	Khác	Khác			Kaini Remnant Site
lang_area.db	44	3.4	Khác	Khác			Long's Gaze Suburbs
lang_area.db	45	3.4	Khác	Khác			Qichi Village
lang_area.db	46	3.4	Khác	Khác			Yeming Slide
lang_area.db	47	3.4	Khác	Khác			Remnant Center
lang_area.db	48	3.4	Khác	Khác			Lone Isle
lang_area.db	49	3.4	Khác	Khác			New Branch
lang_area.db	5	3.4	Khác	Khác			Desorock Highland
lang_area.db	50	3.4	Khác	Khác			Fossil Garden
lang_area.db	52	3.4	Khác	Khác			Settle Range
lang_area.db	53	3.4	Khác	Khác			Empty Depository
lang_area.db	54	3.4	Khác	Khác			Nostalgia Isle
lang_area.db	55	3.4	Khác	Khác			Withering Frontline
lang_area.db	56	3.4	Khác	Khác			West Range Base
lang_area.db	57	3.4	Khác	Khác			Incineranur
lang_area.db	6	3.4	Khác	Khác			Forsaken Abundance
lang_area.db	7	3.4	Khác	Khác			Dim Forest
lang_area.db	72	3.4	Khác	Khác			Tolling Stream
lang_area.db	73	3.4	Khác	Khác			Memento Square
lang_area.db	74	3.4	Khác	Khác			Cloud Cliff
lang_area.db	75	3.4	Khác	Khác			Lake District Entrance
lang_area.db	76	3.4	Khác	Khác			Long's Tear
lang_area.db	77	3.4	Khác	Khác			Misty Coast
lang_area.db	78	3.4	Khác	Khác			Tacetite Forest
lang_area.db	79	3.4	Khác	Khác			Tacetite Cliff
lang_area.db	8	3.4	Khác	Khác			Wasted Metropolis
lang_area.db	80	3.4	Khác	Khác			Olecranon Cliff
lang_area.db	81	3.4	Khác	Khác			Distant Watch Camp
lang_area.db	83	3.4	Khác	Khác			Sea Corrode Ruin
lang_area.db	84	3.4	Khác	Khác			Hermit Settlement
lang_area.db	85	3.4	Khác	Khác			Broken Block
lang_area.db	87	3.4	Khác	Khác			Wenye Beach
lang_area.db	88	3.4	Khác	Khác			Purple Moon Ficus
lang_area.db	89	3.4	Khác	Khác			Amphitheater
lang_area.db	9	3.4	Khác	Khác			Norfall Barrens
lang_area.db	90	3.4	Khác	Khác			Forbidden Forest
lang_area.db	91	3.4	Khác	Khác			Thorny Passage
lang_area.db	93	3.4	Khác	Khác			Sky Ray
lang_area.db	94	3.4	Khác	Khác			Dust-Sealed Track
lang_area.db	95	3.4	Khác	Khác			Crane-Habitat Stream
lang_area.db	96	3.4	Khác	Khác			Distribution Center
lang_area.db	97	3.4	Khác	Khác			Hukou Mine
lang_area.db	98	3.4	Khác	Khác			Star Gaze River
lang_area.db	99	3.4	Khác	Khác			Jade Gate Peak
lang_bag.db	2	3.4	Khác	Khác			Weapon
lang_bag.db	3	3.4	Khác	Khác			Echo
lang_calabash.db	1	3.4	Khác	Khác			<color=#59b4d3>Level 3</color>
lang_calabash.db	10	3.4	Khác	Khác			<color=#59b4d3>Level 3</color>
lang_calabash.db	11	3.4	Khác	Khác			<color=#ca6dff>Level 4</color>
lang_calabash.db	12	3.4	Khác	Khác			<color=#ca6dff>Level 4</color>
lang_calabash.db	13	3.4	Khác	Khác			<color=#ca6dff>Level 4</color>
lang_calabash.db	14	3.4	Khác	Khác			<color=#ca6dff>Level 4</color>
lang_calabash.db	15	3.4	Khác	Khác			<color=#ca6dff>Level 4</color>
lang_calabash.db	16	3.4	Khác	Khác			<color=#ca6dff>Level 4</color>
lang_calabash.db	17	3.4	Khác	Khác			<color=#ca6dff>Level 4</color>
lang_calabash.db	18	3.4	Khác	Khác			<color=#ca6dff>Level 4</color>
lang_calabash.db	19	3.4	Khác	Khác			<color=#ca6dff>Level 4</color>
lang_calabash.db	2	3.4	Khác	Khác			<color=#59b4d3>Level 3</color>
lang_calabash.db	20	3.4	Khác	Khác			<color=#ca6dff>Level 4</color>
lang_calabash.db	21	3.4	Khác	Khác			<color=#ffe65a>Level 5</color>
lang_calabash.db	22	3.4	Khác	Khác			<color=#ffe65a>Level 5</color>
lang_calabash.db	23	3.4	Khác	Khác			<color=#ffe65a>Level 5</color>
lang_calabash.db	24	3.4	Khác	Khác			<color=#ffe65a>Level 5</color>
lang_calabash.db	25	3.4	Khác	Khác			<color=#ffe65a>Level 5</color>
lang_calabash.db	26	3.4	Khác	Khác			<color=#ffe65a>Level 5</color>
lang_calabash.db	27	3.4	Khác	Khác			<color=#ffe65a>Level 5</color>
lang_calabash.db	28	3.4	Khác	Khác			<color=#ffe65a>Level 5</color>
lang_calabash.db	29	3.4	Khác	Khác			<color=#ffe65a>Level 5</color>
lang_calabash.db	3	3.4	Khác	Khác			<color=#59b4d3>Level 3</color>
lang_calabash.db	30	3.4	Khác	Khác			<color=#ffe65a>Level 5</color>
lang_calabash.db	31	3.4	Khác	Khác			<color=#ffe65a>Level 5</color>
lang_calabash.db	32	3.4	Khác	Khác			<color=#ffe65a>Level 5</color>
lang_calabash.db	33	3.4	Khác	Khác			<color=#ffe65a>Level 5</color>
lang_calabash.db	34	3.4	Khác	Khác			<color=#ffe65a>Level 5</color>
lang_calabash.db	35	3.4	Khác	Khác			<color=#ffe65a>Level 5</color>
lang_calabash.db	36	3.4	Khác	Khác			<color=#ffe65a>Level 5</color>
lang_calabash.db	37	3.4	Khác	Khác			<color=#ffe65a>Level 5</color>
lang_calabash.db	38	3.4	Khác	Khác			<color=#ffe65a>Level 5</color>
lang_calabash.db	39	3.4	Khác	Khác			<color=#ffe65a>Level 5</color>
lang_calabash.db	4	3.4	Khác	Khác			<color=#59b4d3>Level 3</color>
lang_calabash.db	40	3.4	Khác	Khác			<color=#ffe65a>Level 5</color>
lang_calabash.db	5	3.4	Khác	Khác			<color=#59b4d3>Level 3</color>
lang_calabash.db	6	3.4	Khác	Khác			<color=#59b4d3>Level 3</color>
lang_calabash.db	7	3.4	Khác	Khác			<color=#59b4d3>Level 3</color>
lang_calabash.db	8	3.4	Khác	Khác			<color=#59b4d3>Level 3</color>
lang_calabash.db	9	3.4	Khác	Khác			<color=#59b4d3>Level 3</color>
lang_compose.db	1	3.4	Khác	Khác			Adrenaline
lang_compose.db	10	3.4	Khác	Khác			Havoc Topological Crystal Fragment
lang_compose.db	100	3.4	Khác	Khác			Grade C Compression Spring
lang_compose.db	101	3.4	Khác	Khác			Weapon Ascension Material.
lang_compose.db	102	3.4	Khác	Khác			Materials used in a variety of industries.
lang_compose.db	103	3.4	Khác	Khác			Class-1 Gearwheel Core
lang_compose.db	104	3.4	Khác	Khác			Weapon Ascension Material.
lang_compose.db	105	3.4	Khác	Khác			Materials used in a variety of industries.
lang_compose.db	106	3.4	Khác	Khác			Class-2 Gearwheel Core
lang_compose.db	107	3.4	Khác	Khác			Weapon Ascension Material.
lang_compose.db	108	3.4	Khác	Khác			Materials used in a variety of industries.
lang_compose.db	109	3.4	Khác	Khác			Class-3 Gearwheel Core
lang_compose.db	110	3.4	Khác	Khác			Weapon Ascension Material.
lang_compose.db	111	3.4	Khác	Khác			Materials used in a variety of industries.
lang_compose.db	112	3.4	Khác	Khác			Solution of Courage
lang_compose.db	114	3.4	Khác	Khác			The exclusive enhancement liquid for Resonators developed through Tacetite Technology. It can help Resonators to further master their powers.
lang_compose.db	115	3.4	Khác	Khác			Compound of Courage
lang_compose.db	117	3.4	Khác	Khác			The exclusive enhancement liquid for Resonators developed through Tacetite Technology. It can help Resonators to further master their powers.
lang_compose.db	118	3.4	Khác	Khác			Formulation of Courage
lang_compose.db	12	3.4	Khác	Khác			Havoc topological crystals common in regions of strong tidal field activity, with crystal surfaces shining with pure properties. Quality material to assist Resonator Ascension.
lang_compose.db	120	3.4	Khác	Khác			The exclusive enhancement liquid for Resonators developed through Tacetite Technology. It can help Resonators to further master their powers.
lang_compose.db	121	3.4	Khác	Khác			Solution of Courage
lang_compose.db	123	3.4	Khác	Khác			The exclusive enhancement liquid for Resonators developed through Tacetite Technology. It can help Resonators to further master their powers.
lang_compose.db	124	3.4	Khác	Khác			Compound of Will
lang_compose.db	126	3.4	Khác	Khác			The exclusive enhancement liquid for Resonators developed through Tacetite Technology. It can help Resonators to further master their powers.
lang_compose.db	127	3.4	Khác	Khác			Formulation of Will
lang_compose.db	129	3.4	Khác	Khác			The exclusive enhancement liquid for Resonators developed through Tacetite Technology. It can help Resonators to further master their powers.
lang_compose.db	13	3.4	Khác	Khác			Spectra Topological Crystal
lang_compose.db	130	3.4	Khác	Khác			Solution of Rationality
lang_compose.db	132	3.4	Khác	Khác			The exclusive enhancement liquid for Resonators developed through Tacetite Technology. It can help Resonators to further master their powers.
lang_compose.db	133	3.4	Khác	Khác			Compound of Rationality
lang_compose.db	135	3.4	Khác	Khác			The exclusive enhancement liquid for Resonators developed through Tacetite Technology. It can help Resonators to further master their powers.
lang_compose.db	136	3.4	Khác	Khác			Formulation of Rationality
lang_compose.db	138	3.4	Khác	Khác			The exclusive enhancement liquid for Resonators developed through Tacetite Technology. It can help Resonators to further master their powers.
lang_compose.db	139	3.4	Khác	Khác			Solution of Vigor
lang_compose.db	141	3.4	Khác	Khác			The exclusive enhancement liquid for Resonators developed through Tacetite Technology. It can help Resonators to further master their powers.
lang_compose.db	142	3.4	Khác	Khác			Compound of Vigor
lang_compose.db	144	3.4	Khác	Khác			The exclusive enhancement liquid for Resonators developed through Tacetite Technology. It can help Resonators to further master their powers.
lang_compose.db	145	3.4	Khác	Khác			Formulation of Vigor
lang_compose.db	147	3.4	Khác	Khác			The exclusive enhancement liquid for Resonators developed through Tacetite Technology. It can help Resonators to further master their powers.
lang_compose.db	148	3.4	Khác	Khác			Solution of Faith
lang_compose.db	15	3.4	Khác	Khác			High level property topological crystals, which are extremely rare in nature, have a complex and regular shape. This shape increases Wutheron mobility by the interface effect. This makes the crystal an important original for building large computers. As only a few Resonators can carry the information flow of this type of crystal, it is rather rare for this crystal to be used as an alternative ascension material.
lang_compose.db	150	3.4	Khác	Khác			The exclusive enhancement liquid for Resonators developed through Tacetite Technology. It can help Resonators to further master their powers.
lang_compose.db	151	3.4	Khác	Khác			Compound of Faith
lang_compose.db	153	3.4	Khác	Khác			The exclusive enhancement liquid for Resonators developed through Tacetite Technology. It can help Resonators to further master their powers.
lang_compose.db	154	3.4	Khác	Khác			Formulation of Faith
lang_compose.db	156	3.4	Khác	Khác			The exclusive enhancement liquid for Resonators developed through Tacetite Technology. It can help Resonators to further master their powers.
lang_compose.db	157	3.4	Khác	Khác			Solution of Patience
lang_compose.db	159	3.4	Khác	Khác			The exclusive enhancement liquid for Resonators developed through Tacetite Technology. It can help Resonators to further master their powers.
lang_compose.db	16	3.4	Khác	Khác			Spectra Topological Prism
lang_compose.db	160	3.4	Khác	Khác			Compound of Patience
lang_compose.db	162	3.4	Khác	Khác			The exclusive enhancement liquid for Resonators developed through Tacetite Technology. It can help Resonators to further master their powers.
lang_compose.db	163	3.4	Khác	Khác			Formulation of Patience
lang_compose.db	165	3.4	Khác	Khác			The exclusive enhancement liquid for Resonators developed through Tacetite Technology. It can help Resonators to further master their powers.
lang_compose.db	166	3.4	Khác	Khác			Special Grade: Leader Nameplate (Nano)
lang_compose.db	168	3.4	Khác	Khác			The name tag that hangs above the neck of this individual is proof of Exile's leadership.
lang_compose.db	169	3.4	Khác	Khác			Higher Grade: Leader Nameplate (Metallic)
lang_compose.db	171	3.4	Khác	Khác			The name tag that hangs above the neck of this individual is proof of Exile's leadership.
lang_compose.db	172	3.4	Khác	Khác			Medium Grade: Leader Nameplate (Crystal)
lang_compose.db	174	3.4	Khác	Khác			The name tag that hangs above the neck of this individual is proof of Exile's leadership.
lang_compose.db	175	3.4	Khác	Khác			Ultra Mutant Structure
lang_compose.db	177	3.4	Khác	Khác			Organisms that have been mutated by Tacetite erosion. Their main allogenic organs can be useful.
lang_compose.db	178	3.4	Khác	Khác			Heavy Mutant Structure
lang_compose.db	18	3.4	Khác	Khác			The polyhedral structure of the Spectra topological prism, which can only be found in areas where the Wave field is very active. Thanks to the advantage of the structure, the crystal prism has a high information-carrying capacity and is therefore an excellent choice for assisting Resonator Ascension.
lang_compose.db	180	3.4	Khác	Khác			Organisms that have been mutated by Tacetite erosion. Their main allogenic organs can be useful.
lang_compose.db	181	3.4	Khác	Khác			Moderate Mutant Structure
lang_compose.db	183	3.4	Khác	Khác			Organisms that have been mutated by Tacetite erosion. Their main allogenic organs can be useful.
lang_compose.db	184	3.4	Khác	Khác			Overclocked Devourer Tacecrux
lang_compose.db	186	3.4	Khác	Khác			The core of the higher class Devourer species TDs, that has a certain special representation with its core having a more irregular four-pointed star shape. The color of its core is relatively purer and has fewer impurities. It is the manifestation of higher energy and purer frequency after undergoing evolution.
lang_compose.db	187	3.4	Khác	Khác			High Frequency Devourer Tacecrux
lang_compose.db	189	3.4	Khác	Khác			The core of the higher class Devourer species TDs, that has a certain special representation with its core having a more irregular four-pointed star shape. The color of its core is relatively purer and has fewer impurities. It is the manifestation of higher energy and purer frequency after undergoing evolution.
lang_compose.db	19	3.4	Khác	Khác			Spectra Topological Crystal Fragment
lang_compose.db	190	3.4	Khác	Khác			Medium Frequency Devourer Tacecrux
lang_compose.db	192	3.4	Khác	Khác			The core of the higher class Devourer species TDs, that has a certain special representation with its core having a more irregular four-pointed star shape. The color of its core is relatively purer and has fewer impurities. It is the manifestation of higher energy and purer frequency after undergoing evolution.
lang_compose.db	193	3.4	Khác	Khác			Special Grade: Nano Bracelet
lang_compose.db	195	3.4	Khác	Khác			It is both an Exile ID card and a smart bracelet, a device used for communication and information sharing among Exiles.
lang_compose.db	196	3.4	Khác	Khác			High Grade: Metallic Bracelet
lang_compose.db	198	3.4	Khác	Khác			It is both an Exile ID card and a smart bracelet, a device used for communication and information sharing among Exiles.
lang_compose.db	199	3.4	Khác	Khác			Medium Grade: Crystal Bracelet
lang_compose.db	2	3.4	Khác	Khác			Improves functional metabolism, possessing fast-acting cardiac rescue and life-saving effect.
lang_compose.db	201	3.4	Khác	Khác			It is both an Exile ID card and a smart bracelet, a device used for communication and information sharing among Exiles.
lang_compose.db	202	3.4	Khác	Khác			Ultra Mutant Sample
lang_compose.db	204	3.4	Khác	Khác			After being severely eroded by Tacetite, the creatures produce special genetic mutations, and genetic samples can be obtained after their defeat.
lang_compose.db	205	3.4	Khác	Khác			Severe Mutant Sample
lang_compose.db	207	3.4	Khác	Khác			After being severely eroded by Tacetite, the creatures produce special genetic mutations, and genetic samples can be obtained after their defeat.
lang_compose.db	208	3.4	Khác	Khác			Moderate Mutant Sample
lang_compose.db	21	3.4	Khác	Khác			Spectra topological crystals common in regions of strong tidal field activity, with crystal surfaces shining with pure properties. Quality material to assist Resonator Ascension.
lang_compose.db	210	3.4	Khác	Khác			After being severely eroded by Tacetite, the creatures produce special genetic mutations, and genetic samples can be obtained after their defeat.
lang_compose.db	211	3.4	Khác	Khác			Overclocked Tacecrux
lang_compose.db	213	3.4	Khác	Khác			The core of a low-class Tacet Discords, with a relatively regular quadrangular shape, does not show obvious polarization characteristics, and its core is cloudy and rough in appearance, which is precisely a manifestation of low energy level and mixed frequencies.
lang_compose.db	214	3.4	Khác	Khác			High Frequency Tacecrux
lang_compose.db	216	3.4	Khác	Khác			The core of a low-class Tacet Discords, with a relatively regular quadrangular shape, does not show obvious polarization characteristics, and its core is cloudy and rough in appearance, which is precisely a manifestation of low energy level and mixed frequencies.
lang_compose.db	217	3.4	Khác	Khác			Medium Frequency Tacecrux
lang_compose.db	219	3.4	Khác	Khác			The core of a low-class Tacet Discords, with a relatively regular quadrangular shape, does not show obvious polarization characteristics, and its core is cloudy and rough in appearance, which is precisely a manifestation of low energy level and mixed frequencies.
lang_compose.db	22	3.4	Khác	Khác			Aero Topological Crystal
lang_compose.db	24	3.4	Khác	Khác			High level property topological crystals, which are extremely rare in nature, have a complex and regular shape. This shape increases Wutheron mobility by the interface effect. This makes the crystal an important original for building large computers. As only a few Resonators can carry the information flow of this type of crystal, it is rather rare for this crystal to be used as an alternative ascension material.
lang_compose.db	25	3.4	Khác	Khác			Aero Topological Prism
lang_compose.db	27	3.4	Khác	Khác			The polyhedral structure of the Aero topological prism, which can only be found in areas where the Wave field is very active. Thanks to the advantage of the structure, the crystal prism has a high information-carrying capacity and is therefore an excellent choice for assisting Resonator Ascension.
lang_compose.db	28	3.4	Khác	Khác			Aero Topological Crystal Fragment
lang_compose.db	3	3.4	Khác	Khác			Improves functional metabolism, possessing fast-acting cardiac rescue and life-saving effect.
lang_compose.db	30	3.4	Khác	Khác			Aero topological crystals common in regions of strong tidal field activity, with crystal surfaces shining with pure properties. Quality material to assist Resonator Ascension.
lang_compose.db	31	3.4	Khác	Khác			Electro Topological Crystal
lang_compose.db	33	3.4	Khác	Khác			High level property topological crystals, which are extremely rare in nature, have a complex and regular shape. This shape increases Wutheron mobility by the interface effect. This makes the crystal an important original for building large computers. As only a few Resonators can carry the information flow of this type of crystal, it is rather rare for this crystal to be used as an alternative ascension material.
lang_compose.db	34	3.4	Khác	Khác			Electro Topological Prism
lang_compose.db	36	3.4	Khác	Khác			The polyhedral structure of the Electro topological prism, which can only be found in areas where the Wave field is very active. Thanks to the advantage of the structure, the crystal prism has a high information-carrying capacity and is therefore an excellent choice for assisting Resonator Ascension.
lang_compose.db	37	3.4	Khác	Khác			Electro Topological Fragment
lang_compose.db	39	3.4	Khác	Khác			Electro topological crystals common in regions of strong tidal field activity, with crystal surfaces shining with pure properties. Quality material to assist Resonator Ascension.
lang_compose.db	4	3.4	Khác	Khác			Havoc Topological Crystal
lang_compose.db	40	3.4	Khác	Khác			Fusion Topological Crystal
lang_compose.db	42	3.4	Khác	Khác			High level property topological crystals, which are extremely rare in nature, have a complex and regular shape. This shape increases Wutheron mobility by the interface effect. This makes the crystal an important original for building large computers. As only a few Resonators can carry the information flow of this type of crystal, it is rather rare for this crystal to be used as an alternative ascension material.
lang_compose.db	43	3.4	Khác	Khác			Fusion Topological Prism
lang_compose.db	45	3.4	Khác	Khác			The polyhedral structure of the Fusion topological prism, which can only be found in areas where the Wave field is very active. Thanks to the advantage of the structure, the crystal prism has a high information-carrying capacity and is therefore an excellent choice for assisting Resonator Ascension.
lang_compose.db	46	3.4	Khác	Khác			Fusion Topological Fragment
lang_compose.db	48	3.4	Khác	Khác			Fusion topological crystals common in regions of strong tidal field activity, with crystal surfaces shining with pure properties. Quality material to assist Resonator Ascension.
lang_compose.db	49	3.4	Khác	Khác			Glacio Topological Crystal
lang_compose.db	51	3.4	Khác	Khác			High level property topological crystals, which are extremely rare in nature, have a complex and regular shape. This shape increases Wutheron mobility by the interface effect. This makes the crystal an important original for building large computers. As only a few Resonators can carry the information flow of this type of crystal, it is rather rare for this crystal to be used as an alternative ascension material.
lang_compose.db	52	3.4	Khác	Khác			Glacio Topological Prism
lang_compose.db	54	3.4	Khác	Khác			The polyhedral structure of the Glacio topological prism, which can only be found in areas where the Wave field is very active. Thanks to the advantage of the structure, the crystal prism has a high information-carrying capacity and is therefore an excellent choice for assisting Resonator Ascension.
lang_compose.db	55	3.4	Khác	Khác			Glacio Topological Crystal Fragment
lang_compose.db	57	3.4	Khác	Khác			Glacio topological crystals common in regions of strong tidal field activity, with crystal surfaces shining with pure properties. Quality material to assist Resonator Ascension.
lang_compose.db	58	3.4	Khác	Khác			Premium Impulse Core
lang_compose.db	59	3.4	Khác	Khác			Weapon Ascension Material.
lang_compose.db	6	3.4	Khác	Khác			High level property topological crystals, which are extremely rare in nature, have a complex and regular shape. This shape increases Wutheron mobility by the interface effect. This makes the crystal an important original for building large computers. As only a few Resonators can carry the information flow of this type of crystal, it is rather rare for this crystal to be used as an alternative ascension material.
lang_compose.db	60	3.4	Khác	Khác			A miniature device that emits plasma in the form of pulses. Often used in weapons to boost the output power of weapons.
lang_compose.db	61	3.4	Khác	Khác			High Grade Impulse Core
lang_compose.db	62	3.4	Khác	Khác			Weapon Ascension Material.
lang_compose.db	63	3.4	Khác	Khác			A miniature device that emits plasma in the form of pulses. Often used in weapons to boost the output power of weapons.
lang_compose.db	64	3.4	Khác	Khác			Medium Grade Impulse Core
lang_compose.db	65	3.4	Khác	Khác			Weapon Ascension Material.
lang_compose.db	66	3.4	Khác	Khác			A miniature device that emits plasma in the form of pulses. Often used in weapons to boost the output power of weapons.
lang_compose.db	67	3.4	Khác	Khác			Premium Fuel Cell
lang_compose.db	68	3.4	Khác	Khác			Weapon Ascension Material.
lang_compose.db	69	3.4	Khác	Khác			New batteries, used on a large scale in industry, giving weapons a longer range.
lang_compose.db	7	3.4	Khác	Khác			Havoc Topological Prism
lang_compose.db	70	3.4	Khác	Khác			High Grade Premium Fuel Cell
lang_compose.db	71	3.4	Khác	Khác			Weapon Ascension Material.
lang_compose.db	72	3.4	Khác	Khác			New batteries, used on a large scale in industry, giving weapons a longer range.
lang_compose.db	73	3.4	Khác	Khác			Medium Grade Premium Fuel Cell
lang_compose.db	74	3.4	Khác	Khác			Weapon Ascension Material.
lang_compose.db	75	3.4	Khác	Khác			New batteries, used on a large scale in industry, giving weapons a longer range.
lang_compose.db	76	3.4	Khác	Khác			Premium Sub-Stable Hydrogen
lang_compose.db	77	3.4	Khác	Khác			Weapon Ascension Material.
lang_compose.db	78	3.4	Khác	Khác			Liquid superconductors, commonly known as metallic hydrogen, can effectively enhance the efficiency of weapon systems.
lang_compose.db	79	3.4	Khác	Khác			High Grade Sub-Stable Hydrogen
lang_compose.db	80	3.4	Khác	Khác			Weapon Ascension Material.
lang_compose.db	81	3.4	Khác	Khác			Liquid superconductors, commonly known as metallic hydrogen, can effectively enhance the efficiency of weapon systems.
lang_compose.db	82	3.4	Khác	Khác			Medium Grade Sub-Stable Hydrogen
lang_compose.db	83	3.4	Khác	Khác			Weapon Ascension Material.
lang_compose.db	84	3.4	Khác	Khác			Liquid superconductors, commonly known as metallic hydrogen, can effectively enhance the efficiency of weapon systems.
lang_compose.db	85	3.4	Khác	Khác			Premium Alloy Locknut
lang_compose.db	86	3.4	Khác	Khác			Weapon Ascension Material.
lang_compose.db	87	3.4	Khác	Khác			Materials used in a variety of industries.
lang_compose.db	88	3.4	Khác	Khác			High Grade Fuel Cell
lang_compose.db	89	3.4	Khác	Khác			Weapon Ascension Material.
lang_compose.db	9	3.4	Khác	Khác			The polyhedral structure of the Havoc topological prism, which can only be found in areas where the Wave field is very active. Thanks to the advantage of the structure, the crystal prism has a high information-carrying capacity and is therefore an excellent choice for assisting Resonator Ascension.
lang_compose.db	90	3.4	Khác	Khác			Materials used in a variety of industries.
lang_compose.db	91	3.4	Khác	Khác			Medium Grade Alloy Locknut
lang_compose.db	92	3.4	Khác	Khác			Weapon Ascension Material.
lang_compose.db	93	3.4	Khác	Khác			Materials used in a variety of industries.
lang_compose.db	94	3.4	Khác	Khác			Grade A Compression Spring
lang_compose.db	95	3.4	Khác	Khác			Weapon Ascension Material.
lang_compose.db	96	3.4	Khác	Khác			Materials used in a variety of industries.
lang_compose.db	97	3.4	Khác	Khác			Grade B Compression Spring
lang_compose.db	98	3.4	Khác	Khác			Weapon Ascension Material.
lang_compose.db	99	3.4	Khác	Khác			Materials used in a variety of industries.
lang_condition.db	656	3.4	Khác	Khác			Crownless
lang_condition.db	657	3.4	Khác	Khác			Bell-Borne Geochelone
lang_condition.db	658	3.4	Khác	Khác			Seatrail Narwhal
lang_condition.db	659	3.4	Khác	Khác			Thunder Squama
lang_condition.db	660	3.4	Khác	Khác			Inferno Rider
lang_condition.db	661	3.4	Khác	Khác			Gleamtender
lang_condition.db	662	3.4	Khác	Khác			Feilian Beringal
lang_condition.db	663	3.4	Khác	Khác			Impermanence Heron
lang_condition.db	664	3.4	Khác	Khác			Fusion Prism
lang_condition.db	665	3.4	Khác	Khác			Glacio Prism
lang_condition.db	666	3.4	Khác	Khác			Spectra Prism
lang_condition.db	667	3.4	Khác	Khác			Rupture Prism
lang_condition.db	668	3.4	Khác	Khác			Flute Instrumentalist
lang_condition.db	669	3.4	Khác	Khác			Tambourine Instrumentalist
lang_condition.db	670	3.4	Khác	Khác			Rocksteady Guardian
lang_condition.db	671	3.4	Khác	Khác			Chasm Guardian
lang_condition.db	672	3.4	Khác	Khác			Stonewall Bracer
lang_condition.db	677	3.4	Khác	Khác			Fusion Warrior
lang_condition.db	678	3.4	Khác	Khác			Rupture Warrior
lang_condition.db	679	3.4	Khác	Khác			Glacio Predator
lang_condition.db	680	3.4	Khác	Khác			Pneuma Predator
lang_condition.db	681	3.4	Khác	Khác			Impulse Predator
lang_condition.db	683	3.4	Khác	Khác			Excarat
lang_condition.db	684	3.4	Khác	Khác			Gulpuff
lang_condition.db	685	3.4	Khác	Khác			Chirpuff
lang_condition.db	686	3.4	Khác	Khác			Cyan-Feathered Heron
lang_condition.db	687	3.4	Khác	Khác			Violet-Feathered Heron
lang_condition.db	688	3.4	Khác	Khác			Lil Geohide Saurian
lang_condition.db	689	3.4	Khác	Khác			Sabyr Boar
lang_condition.db	690	3.4	Khác	Khác			Cruisewing
lang_condition.db	691	3.4	Khác	Khác			Hoochief
lang_condition.db	692	3.4	Khác	Khác			Spearback Ursa
lang_condition.db	693	3.4	Khác	Khác			Frostbite Tertoise
lang_condition.db	694	3.4	Khác	Khác			Cyrscorpion
lang_condition.db	695	3.4	Khác	Khác			Shadow Dreadmane
lang_condition.db	696	3.4	Khác	Khác			Exile Leader
lang_condition.db	697	3.4	Khác	Khác			Resonator Exile
lang_condition.db	698	3.4	Khác	Khác			Fractsidus Executioner
lang_condition.db	699	3.4	Khác	Khác			Thermo Dreadmane
lang_condition.db	710	3.4	Khác	Khác			Zig Zag
lang_condition.db	711	3.4	Khác	Khác			Whiff Whoosh
lang_condition.db	712	3.4	Khác	Khác			Tic Tac
lang_condition.db	713	3.4	Khác	Khác			Fission Junrock
lang_condition.db	714	3.4	Khác	Khác			Chaserazor
lang_condition.db	715	3.4	Khác	Khác			Mourning Aix
lang_condition.db	716	3.4	Khác	Khác			Cruisewing
lang_condition.db	793	3.4	Khác	Khác			Exploration Tools
lang_condition.db	795	3.4	Khác	Khác			Field Sampling
lang_condition.db	798	3.4	Khác	Khác			Prestige
lang_condition.db	799	3.4	Khác	Khác			Cooking
lang_confirmbox.db	175	3.4	Khác	Khác			Confirm
lang_country.db	1	3.4	Khác	Khác			Random Forces.
lang_country.db	10	3.4	Khác	Khác			The Piggy.
lang_country.db	11	3.4	Khác	Khác			Exile is a name for all the individuals and organizations who was tossed out of the city and committed crime and scavenge for a living. They follow no jurisdiction. The most powerful individuals of each camp will have the right to give orders. In Huanglong, they gather in Wasted Metropolis. They're divided into 2 different group cause of their believes. One of the gang seems to be quite welcoming when it comes to outsiders.
lang_country.db	12	3.4	Khác	Khác			Fractsidus
lang_country.db	13	3.4	Khác	Khác			A secret association wandered around the world. Their members crave for only power and evolutions and all preserve weird looks. More info of them await for revealing.
lang_country.db	14	3.4	Khác	Khác			Black Shores
lang_country.db	15	3.4	Khác	Khác			A secret organization sworn to save the world under the name of Black Shore. They venture to the most dangerous place and gather allies with the same will to save the world. Their members and their guest will all carry a black flower as a symbol.
lang_country.db	2	3.4	Khác	Khác			Pioneer Association
lang_country.db	3	3.4	Khác	Khác			Pioneer Association was founded after the Wuthering War by human community. They sometimes go by PA for short.\nDue to the trusting relationship between Resonators and regular people in Huanglong, PA got relatively huge scale in Huanglong, and take on more responsibility. Joining the PA is something worth being proud of in Huanglong.
lang_country.db	4	3.4	Khác	Khác			Huanglong Branch
lang_country.db	5	3.4	Khác	Khác			Squeak Express
lang_country.db	6	3.4	Khác	Khác			A transportation company with their business all over the world. They would commit to the most dangerous transportation task and were trusted by many forces. With the belief "Peace brings fortune", They always avoid any force situation.
lang_country.db	7	3.4	Khác	Khác			Huanglong Branch
lang_country.db	8	3.4	Khác	Khác			The Sea Drake.
lang_country.db	9	3.4	Khác	Khác			They gather in the Serpent Repair Shop, and is a group of invention lovers from different places of Huanglong. They call themselves the Sea Drakes. While they're all trying to get investment, things always go south for them.
lang_cycle_tower.db	1	3.4	Khác	Khác			Top Drive Track
lang_cycle_tower.db	10	3.4	Khác	Khác			Top Drive Track
lang_cycle_tower.db	11	3.4	Khác	Khác			Pilot Unit
lang_cycle_tower.db	12	3.4	Khác	Khác			Power Module
lang_cycle_tower.db	13	3.4	Khác	Khác			Top Drive Track
lang_cycle_tower.db	14	3.4	Khác	Khác			Pilot Unit
lang_cycle_tower.db	15	3.4	Khác	Khác			Power Module
lang_cycle_tower.db	16	3.4	Khác	Khác			Top Drive Track
lang_cycle_tower.db	17	3.4	Khác	Khác			Pilot Unit
lang_cycle_tower.db	18	3.4	Khác	Khác			Power Module
lang_cycle_tower.db	19	3.4	Khác	Khác			Top Drive Track
lang_cycle_tower.db	2	3.4	Khác	Khác			Pilot Unit
lang_cycle_tower.db	20	3.4	Khác	Khác			Pilot Unit
lang_cycle_tower.db	21	3.4	Khác	Khác			Power Module
lang_cycle_tower.db	22	3.4	Khác	Khác			Top Drive Track
lang_cycle_tower.db	23	3.4	Khác	Khác			Pilot Unit
lang_cycle_tower.db	24	3.4	Khác	Khác			Power Module
lang_cycle_tower.db	3	3.4	Khác	Khác			Power Module
lang_cycle_tower.db	4	3.4	Khác	Khác			Top Drive Track
lang_cycle_tower.db	5	3.4	Khác	Khác			Pilot Unit
lang_cycle_tower.db	6	3.4	Khác	Khác			Power Module
lang_cycle_tower.db	7	3.4	Khác	Khác			Top Drive Track
lang_cycle_tower.db	8	3.4	Khác	Khác			Pilot Unit
lang_cycle_tower.db	9	3.4	Khác	Khác			Power Module
lang_detection.db	1	3.4	Khác	Khác			Vanguard Junrock
lang_detection.db	10	3.4	Khác	Khác			Fusion Warrior
lang_detection.db	100	3.4	Khác	Khác			Exile Leader
lang_detection.db	101	3.4	Khác	Khác			Leaders of the outlaws, usually found in the Exile Campgrounds across the world, has more combat experience and skills than the average Exile, and are somewhat dangerous.
lang_detection.db	102	3.4	Khác	Khác			Exile Leaders are mostly Resonators. In the Huanglong region, for example, the Exile Leaders are usually those who have been expelled from the Mornguard for various reasons, and their combat experience and abilities cannot be compared with those of ordinary Exiles.
lang_detection.db	103	3.4	Khác	Khác			Hooscamp
lang_detection.db	104	3.4	Khác	Khác			Primate larvae unique to the Dim Forest. Multiple sighting reports indicate that they often move with the adults and have relatively high intelligence, but are less mobile and less dangerous than the adults.
lang_detection.db	106	3.4	Khác	Khác			Cyrscorpion
lang_detection.db	107	3.4	Khác	Khác			Small Mutant Organism, widely distributed, with different subspecies reported in various regions, mostly found in caves, mines and other dark and humid places around the world, with a low level of danger.
lang_detection.db	108	3.4	Khác	Khác			The Cyrscorpion is one of the few Mutant Organisms that shares the same common name and scientific classification.
lang_detection.db	109	3.4	Khác	Khác			Hoochief
lang_detection.db	11	3.4	Khác	Khác			The appearance of this Tacet Discord resembles a humanoid, widely distributed. The attacks are mainly at close range and are dangerous.
lang_detection.db	110	3.4	Khác	Khác			Mutant Organism unique to the Dim Forest. Multiple sighting reports show that such Mutant Organisms are relatively high in intelligence, have strong ability to act cooperatively, capable of group combat, and are somewhat dangerous.
lang_detection.db	112	3.4	Khác	Khác			Spearback Ursa
lang_detection.db	113	3.4	Khác	Khác			Large Mutant Organism inhabiting the Huanglong Forest, usually moving in small groups of 3-5, with a keen sense of smell and a certain degree of danger.
lang_detection.db	114	3.4	Khác	Khác			Trinomial name "Ursus spelaeus sagispina", mainly found inhabiting the Huanglong Forest. This Mutant Organism has poor eyesight and relies mainly on hearing for hunting.
lang_detection.db	115	3.4	Khác	Khác			Chaserazor
lang_detection.db	116	3.4	Khác	Khác			Tacet Discord unique to the Dim Forest. Sighting reports and insurance claims state that it has a strong desire to hunt and attack, and is presumed to be dangerous.
lang_detection.db	12	3.4	Khác	Khác			Binomial name "Devorsonidum fusio", a member of the genus Devorsonidum. Bilateral upper limbs resemble long and short spears respectively, and can attack by stabbing and chopping. Moderate danger level.
lang_detection.db	121	3.4	Khác	Khác			Fractsidus Executioner
lang_detection.db	124	3.4	Khác	Khác			Thunder Squama
lang_detection.db	125	3.4	Khác	Khác			A powerful Tacet Discord that appears in the Tacet Field of Desorock Highlands and is capable of using the power of the Electro.
lang_detection.db	127	3.4	Khác	Khác			Inferno Rider
lang_detection.db	128	3.4	Khác	Khác			A powerful Tacet Discord located in the Forsaken Abundance, According to witnesses, its movement is different from other TDs, more information to be further researched.
lang_detection.db	13	3.4	Khác	Khác			Rupture Warrior
lang_detection.db	130	3.4	Khác	Khác			Gleamtender
lang_detection.db	131	3.4	Khác	Khác			Powerful Tacet Discord that reside in the deep shafts of the Tiger's Maw. There's very few available sighting reports, all of which claiming that they resemble insects.
lang_detection.db	133	3.4	Khác	Khác			Feilian Beringal
lang_detection.db	134	3.4	Khác	Khác			A formidable Mutant Organism deep in the Dim Forest. Leader of the Hoochiefs.
lang_detection.db	136	3.4	Khác	Khác			Mourning Aix
lang_detection.db	137	3.4	Khác	Khác			A formidable Tacet Discord that nested in the Whining Aix's Mire, its wailing is called the "Never-ending elegy" by the people of Huanglong.
lang_detection.db	139	3.4	Khác	Khác			Crownless
lang_detection.db	14	3.4	Khác	Khác			A humanoid Tacet Discord with a wide distribution that mainly attacks at close range. Possesses unilateral idiosyncratic upper extremity, with some risk.
lang_detection.db	140	3.4	Khác	Khác			A Tacet Discord observed in the Central Plains, there has been only sighting report for this TD, that of which from the Rover. There is no detailed record of its full appearance, and it is judged to be extremely dangerous according to its energy level.
lang_detection.db	142	3.4	Khác	Khác			Bell-Borne Geochelone
lang_detection.db	143	3.4	Khác	Khác			Large Mutant Organism hidden deep in the Gorges of Spirit, deemed to be extremely dangerous. There is no detailed record of its full appearance yet.
lang_detection.db	145	3.4	Khác	Khác			Chirpuff
lang_detection.db	146	3.4	Khác	Khác			A low-risk Mutant Organism with a peculiar activity pattern that is commonly found in the waters of Whining Aix's Mire.
lang_detection.db	15	3.4	Khác	Khác			Binomial name "Devorsonidum ruptura", a member of the genus Disorder. Its appearance resembles that of a human, with a strong desire to attack and a certain degree of danger.
lang_detection.db	16	3.4	Khác	Khác			Rocksteady Guardian
lang_detection.db	17	3.4	Khác	Khác			Widespread humanoid TDs, according to eyewitnesses, have specialized arms, attack mainly at close range and are dangerous.
lang_detection.db	18	3.4	Khác	Khác			Binomial name "Devorsonidum spectrum", a member of the genus Devorsonidum.
lang_detection.db	19	3.4	Khác	Khác			Tic Tac
lang_detection.db	2	3.4	Khác	Khác			Tacet Discord commonly seen active within mines and mountainous areas, small in size, relatively low danger level.
lang_detection.db	20	3.4	Khác	Khác			A common small Tacet Discord that can release a small amount of Havoc energy to attack. Relatively low danger level.
lang_detection.db	22	3.4	Khác	Khác			Whiff Whoosh
lang_detection.db	23	3.4	Khác	Khác			A common small Tacet Discord that can release a small amount of Aero energy to attack. Relatively low danger level.
lang_detection.db	25	3.4	Khác	Khác			Snip Snap
lang_detection.db	26	3.4	Khác	Khác			A common small size Tacet Discord that can release a small amount of Fusion energy to attack. Relatively low danger level.
lang_detection.db	28	3.4	Khác	Khác			Zig Zag
lang_detection.db	29	3.4	Khác	Khác			A common small Tacet Discord that can releas a small amount of Spectra energy to attack. Relatively low danger level.
lang_detection.db	3	3.4	Khác	Khác			Binomial name "Resinacrustidum lapis", member of the Resinacrustidum species. This Tacet Discord is often found active in packs within mines and mountainous areas, along with other Fission Junrocks, relatively low danger level.
lang_detection.db	30	3.4	Khác	Khác			Scientifically named the "Strepoplasmidum spectrum", a member of the genus Strepoplasmidum. Gained its name due to the lack of intelligence and simple behavioral logic.
lang_detection.db	31	3.4	Khác	Khác			Pneuma Predator
lang_detection.db	32	3.4	Khác	Khác			The appearance of this TD resembles a hunter with a bowler hat on his head, appearing in Tacet Fields everywhere, with a special long-range attack and a certain degree of danger.
lang_detection.db	34	3.4	Khác	Khác			Glacio Predator
lang_detection.db	35	3.4	Khác	Khác			A common humanoid TD found in Tacet Fields of across the world. According to eyewitnesses, it resembles a hunter in a cloak and can use Glacio energy for long-range attacks. Moderate danger level.
lang_detection.db	36	3.4	Khác	Khác			A copy of the Threnodian "Crownless". It resembles a white-armored knight in appearance, and when risen in power, it extends its blood-red wings, presumably because it briefly manipulates the structure of Wutherons in its body, instantly increasing its mobility and attack power. Recently, it has also been observed that it can produce a body structure that mimics human "weapons".
lang_detection.db	37	3.4	Khác	Khác			Spectra Prism
lang_detection.db	38	3.4	Khác	Khác			According to sighting reports, this TD is often found in Tacetite vein systems and can cause Spectra damage.
lang_detection.db	39	3.4	Khác	Khác			Binomial name "Resinacrustidum convenire", a member of the genus Resinacrustidum. One of many low danger level Tacet Discords that are widely found across the world.
lang_detection.db	4	3.4	Khác	Khác			Fission Junrock
lang_detection.db	40	3.4	Khác	Khác			Glacio Prism
lang_detection.db	41	3.4	Khác	Khác			According to sighting reports, this TD is often found in Tacetite vein systems and can cause Glacio damage.
lang_detection.db	43	3.4	Khác	Khác			Rupture Prism
lang_detection.db	44	3.4	Khác	Khác			According to sighting reports, this TD is often found in Tacetite vein systems and can cause Havoc damage.
lang_detection.db	46	3.4	Khác	Khác			Fusion Prism
lang_detection.db	47	3.4	Khác	Khác			According to sighting reports, this TD is often found in Tacetite vein systems and can cause Fusion damage.
lang_detection.db	49	3.4	Khác	Khác			Chasm Guardian
lang_detection.db	5	3.4	Khác	Khác			A Resinacrustidum species of small size Tacet Discords, often found active in packs. Mainly appears in areas with abundant rock masses. Danger level relatively low.
lang_detection.db	50	3.4	Khác	Khác			This type of TD is visible in multiple regions, with unilateral upper limb idiosyncrasy, similar to a human raising a shield with one hand, and is dangerous
lang_detection.db	51	3.4	Khác	Khác			Binomial name "Devorsonidum ruptura", a member of the genus Devorsonidum.
lang_detection.db	52	3.4	Khác	Khác			Stonewall Bracer
lang_detection.db	53	3.4	Khác	Khác			Commonly found in mountainous hills and other places of human-like TDs, widely distributed, with a certain degree of danger.
lang_detection.db	54	3.4	Khác	Khác			Binomial name "Resinacrustidum lapis", a member of the genus Resinacrustidum.
lang_detection.db	55	3.4	Khác	Khác			Flute Instrumentalist
lang_detection.db	56	3.4	Khác	Khác			Human-like TD, widely distributed and visible in multiple regions. According to eyewitnesses, the attack is similar to humans playing wind instruments and is somewhat dangerous.
lang_detection.db	57	3.4	Khác	Khác			Binomial name "Devorsonidum impulsio", a member of the genus Devorsonidum.
lang_detection.db	58	3.4	Khác	Khác			Tambourine Instrumentalist
lang_detection.db	59	3.4	Khác	Khác			Such TDs are widely distributed and visible in multiple regions. Sighting reports indicate that they are capable of influencing the actions of opponents through special attacks and are somewhat dangerous.
lang_detection.db	6	3.4	Khác	Khác			Binomial name "Resinacrustidum lapis", part of the Resinacrustidum species. This Tacet Discord is often found active, along with Vanguard Junrocks, relatively low danger level.
lang_detection.db	60	3.4	Khác	Khác			Binomial name "Devorsonidum ruptura", a member of the genus Devorsonidum.
lang_detection.db	61	3.4	Khác	Khác			Gulpuff
lang_detection.db	62	3.4	Khác	Khác			Small aquatic Mutant Organism, mostly found in freshwater networks, seem to have a habit of sneaking up on their prey and are less dangerous.
lang_detection.db	63	3.4	Khác	Khác			Binomial name "Tetraodon lateo", a Mutant Organism of the genus Tetraodon.
lang_detection.db	64	3.4	Khác	Khác			Violet-Feathered Heron
lang_detection.db	65	3.4	Khác	Khác			Large Mutant Organism unique to Huanglong, often found in the Huanglong territory between the wetlands and lakes. Desorock Highlands also have their traces, aggressive and territorial awareness is very strong, there is a certain degree of danger.
lang_detection.db	66	3.4	Khác	Khác			Trinomial name "Ardea purpurea bipenna", a subspecies of Ardea purpurea uniquely found in Huanglong.
lang_detection.db	67	3.4	Khác	Khác			Cyan-Feathered Heron
lang_detection.db	68	3.4	Khác	Khác			One of the large waders endemic to Huanglong. It is ferocious in nature and is mostly found in the waters of Huanglong and the Desorock Highlands, and is somewhat dangerous.
lang_detection.db	69	3.4	Khác	Khác			Trinomial name "Ardea purpurea bipenna", a subspecies of Ardea purpurea uniquely found in Huanglong.
lang_detection.db	7	3.4	Khác	Khác			Impulse Predator
lang_detection.db	70	3.4	Khác	Khác			Cruisewing
lang_detection.db	71	3.4	Khác	Khác			Commonly found in the territories within Huanglong, the existing sightings report that it only appears in the daytime. Relatively low danger level.
lang_detection.db	72	3.4	Khác	Khác			Binomial name "Acanthacorydalis squapenna", a member of the genus Resinacrustidum. Commonly found on waterfronts in warm and humid areas throughout Huanglong. Although slightly aggressive, they are easily preyed upon by Geohide Saurians and others, and are not very dangerous. Relatively low danger level.
lang_detection.db	73	3.4	Khác	Khác			Sabyr Boar
lang_detection.db	74	3.4	Khác	Khác			A medium-sized Mutant Organism with a violent temperament. Terrestrial, mostly living in groups, good at running and rushing, widely distributed. Relatively low danger level.
lang_detection.db	75	3.4	Khác	Khác			Binomial name "Babyrousa fractden", a Mutant Organism the genus Babyrousa. An omnivore Mutant Organism commonly seen everywhere. Although its diet is mainly of vegetative origin, but the temperament is unlike the ordinary herbivores.
lang_detection.db	76	3.4	Khác	Khác			Excarat
lang_detection.db	77	3.4	Khác	Khác			Small boar-like Mutant Organism common within Huanglong, they are easily found in warmer areas during the day. Relatively low danger level.
lang_detection.db	78	3.4	Khác	Khác			Binomial name "Myospalax actinoaftia", a Mutant Organism the genus Myospalax. A common small rodent Mutant Organism, mostly found in grasslands or temperate forests and mountains.
lang_detection.db	79	3.4	Khác	Khác			Geohide Saurian Minor
lang_detection.db	8	3.4	Khác	Khác			Tacet Discord whose appearance resembles that of a human, has specialized upper limbs that can use conductive energy for long-range attacks. According to witnesses, and is somewhat dangerous.
lang_detection.db	80	3.4	Khác	Khác			Mostly seen as juvenile reptiles in the Desorock Highlands. According to witnesses, it usually follows the adults and hunts in concert, which is dangerous.
lang_detection.db	81	3.4	Khác	Khác			Binomial name "Aigialosauridae lapis", a Mutant Organism the genus Aigialosauridae. The lizards have no natural habit of caring for their younglings, thus hatchlings can only survive by imitating the hunting behavior of the adults, scavenging the remains of their food and, if necessary, using other hatchlings as targets for prey.
lang_detection.db	82	3.4	Khác	Khác			Geohide Saurian Major
lang_detection.db	83	3.4	Khác	Khác			The Mutant Organism is mostly found in the Desorock Highlands. According to witnesses, it is a large reptile, fast action, more dangerous.
lang_detection.db	84	3.4	Khác	Khác			Binomial name "Aigialosauridae lapis", a Mutant Organism of the genus Aigialosauridae.
lang_detection.db	85	3.4	Khác	Khác			Roseshroom (Immature)
lang_detection.db	86	3.4	Khác	Khác			Mature stage mutant plant, widely distributed worldwide, prefers wet areas with more Tacetites. Relatively low danger level.
lang_detection.db	87	3.4	Khác	Khác			Binomial name "Agaricus mimetikos", a Mutant Organism the genus Agaricus. In its immatured stage, the Roseshroom does not yet possess the ability to absorb nutrients from Tacetites, thus needing to gather nutrients from nearby matured Roseshrooms in order to survive.
lang_detection.db	88	3.4	Khác	Khác			Roseshroom (Mature)
lang_detection.db	89	3.4	Khác	Khác			Widely distributed mutant plants, mostly found in areas with more Tacetite, less dangerous.
lang_detection.db	90	3.4	Khác	Khác			Binomial name "Agaricus mimicus". Prefers shade and humidity, tend to gather in groups of two or three in west caves rich in Tacetite.
lang_detection.db	91	3.4	Khác	Khác			Rupture Dreadmane Major
lang_detection.db	92	3.4	Khác	Khác			A widely distributed canidae with numerous subspecies. This subspecies appears to have evolved specifically for Havoc properties. Posses a danger levels of certain degree.
lang_detection.db	93	3.4	Khác	Khác			Trinomial name "Chrysocyon brachyurus terreo". Adult Dreadmanes are larger in size, ambulant and nocturnal, and lives in packs, with strong social and aggressive characteristics.
lang_detection.db	94	3.4	Khác	Khác			Fusion Dreadmane Minor
lang_detection.db	95	3.4	Khác	Khác			A widely distributed juvenile canidae with numerous subspecies, usually following the adults around in groups. This subspecies appears to have evolved specificity for fusion property and is less dangerous.
lang_detection.db	96	3.4	Khác	Khác			Trinomial name "Chrysocyon brachyurus terreo", a Mutant Organism the subspecies Chrysocyon brachyurus.
lang_detection.db	97	3.4	Khác	Khác			Exile Commoner
lang_detection.db	98	3.4	Khác	Khác			Dangerous individuals roaming the wilderness of various nations, mostly operating in groups, appearing in groups, easy to deal with singly. Relatively low danger level.
lang_detection.db	99	3.4	Khác	Khác			The name "Exile" bears an unforgivable felony. They can not enter towns, thus left wandering in the wilderness. Although most of the Exiles only paid for their past misdeeds, considering that not all trials in various nations are "fair", there are quite a number who were wrongfully exiled and are rebelling with a sense of fury in mind
lang_element_info.db	1	3.4	Khác	Khác			Ability to cool down and freeze.
lang_element_info.db	10	3.4	Khác	Khác			Diffusion
lang_element_info.db	11	3.4	Khác	Khác			Ability to annihilate matter
lang_element_info.db	12	3.4	Khác	Khác			Dissociation
lang_element_info.db	13	3.4	Khác	Khác			test/No description needed
lang_element_info.db	14	3.4	Khác	Khác			Physical
lang_element_info.db	2	3.4	Khác	Khác			Frozen
lang_element_info.db	3	3.4	Khác	Khác			Ability to apply heat and ignite.
lang_element_info.db	4	3.4	Khác	Khác			Smelt
lang_element_info.db	5	3.4	Khác	Khác			Ability to displace charges.
lang_element_info.db	6	3.4	Khác	Khác			Conduction
lang_element_info.db	7	3.4	Khác	Khác			Ability to manipulate airflow
lang_element_info.db	8	3.4	Khác	Khác			Aerodynamic
lang_element_info.db	9	3.4	Khác	Khác			Ability to bind photons
lang_explore_progress.db	12	3.4	Khác	Khác			Audio Casket
lang_explore_progress.db	15	3.4	Khác	Khác			Audio Casket
lang_explore_progress.db	18	3.4	Khác	Khác			Audio Casket
lang_explore_progress.db	21	3.4	Khác	Khác			Audio Casket
lang_explore_progress.db	24	3.4	Khác	Khác			Audio Casket
lang_explore_progress.db	27	3.4	Khác	Khác			Audio Casket
lang_explore_progress.db	3	3.4	Khác	Khác			Audio Casket
lang_explore_progress.db	30	3.4	Khác	Khác			Audio Casket
lang_explore_progress.db	33	3.4	Khác	Khác			Audio Casket
lang_explore_progress.db	36	3.4	Khác	Khác			Audio Casket
lang_explore_progress.db	6	3.4	Khác	Khác			Audio Casket
lang_explore_progress.db	9	3.4	Khác	Khác			Audio Casket
lang_explore_skill.db	1	3.4	Khác	Khác			Grapple Cord
lang_explore_skill.db	11	3.4	Khác	Khác			Echoes
lang_explore_skill.db	3	3.4	Khác	Khác			Scanner
lang_explore_skill.db	5	3.4	Khác	Khác			Levitation
lang_explore_skill.db	9	3.4	Khác	Khác			Hand Glider
lang_forge.db	1	3.4	Khác	Khác			Ultrasonic Judgement
lang_forge.db	10	3.4	Khác	Khác			Ultrasonic rockbreaker
lang_forge.db	12	3.4	Khác	Khác			A pair of sound gauntlets with a brutal weight and ultimate reliability. It can unleash huge power enough to move mountains in the hands of proficient users.
lang_forge.db	13	3.4	Khác	Khác			Ultrasonic Matrix
lang_forge.db	15	3.4	Khác	Khác			Carrying relatively advanced matrix chain technology, it shall make perfect operations masterpieces worthy of appreciation.
lang_forge.db	3	3.4	Khác	Khác			A smith technique before the Lament is used, giving the blade a relatively light usability with its cumbersome-looking body.
lang_forge.db	4	3.4	Khác	Khác			Ultrasonic Blade
lang_forge.db	6	3.4	Khác	Khác			A sword of recognized blessing since it accompanies multiple fighters' triumphs.
lang_forge.db	7	3.4	Khác	Khác			Ultrasonic Hellen
lang_forge.db	9	3.4	Khác	Khác			A gun known for its strong firepower. Impassioned convictions will rise when this gun is held on the battlefield.
lang_generic_tips.db	1	3.4	Khác	Khác			Defeat all enemies within {0} secs.
lang_generic_tips.db	10	3.4	Khác	Khác			Countdown
lang_generic_tips.db	12	3.4	Khác	Khác			Common words
lang_generic_tips.db	2	3.4	Khác	Khác			Complete Time {0}
lang_generic_tips.db	3	3.4	Khác	Khác			Exit in {0} secs
lang_generic_tips.db	4	3.4	Khác	Khác			Challenge Complete
lang_generic_tips.db	5	3.4	Khác	Khác			Challenge Failed
lang_generic_tips.db	6	3.4	Khác	Khác			Challenge Complete
lang_generic_tips.db	7	3.4	Khác	Khác			Extra Mission
lang_generic_tips.db	8	3.4	Khác	Khác			Commision Start
lang_generic_tips.db	9	3.4	Khác	Khác			Mission Complete
lang_handbook_entrance.db	7	3.4	Khác	Khác			Residual Rhythm
lang_influence.db	1	3.4	Khác	Khác			Random Forces.
lang_influence.db	10	3.4	Khác	Khác			The Piggy.
lang_influence.db	11	3.4	Khác	Khác			Exile is a name for all the individuals and organizations who was tossed out of the city and committed crime and scavenge for a living. They follow no jurisdiction. The most powerful individuals of each camp will have the right to give orders. In Huanglong, they gather in Wasted Metropolis. They're divided into 2 different group cause of their believes. One of the gang seems to be quite welcoming when it comes to outsiders.
lang_influence.db	12	3.4	Khác	Khác			Fractsidus
lang_influence.db	13	3.4	Khác	Khác			A secret association wandered around the world. Their members crave for only power and evolutions and all preserve weird looks. More info of them await for revealing.
lang_influence.db	14	3.4	Khác	Khác			Black Shores
lang_influence.db	15	3.4	Khác	Khác			A secret organization sworn to save the world under the name of Black Shore. They venture to the most dangerous place and gather allies with the same will to save the world. Their members and their guest will all carry a black flower as a symbol.
lang_influence.db	2	3.4	Khác	Khác			Pioneer Association
lang_influence.db	3	3.4	Khác	Khác			Pioneer Association was founded after the Wuthering War by human community. They sometimes go by PA for short.\nDue to the trusting relationship between Resonators and regular people in Huanglong, PA got relatively huge scale in Huanglong, and take on more responsibility. Joining the PA is something worth being proud of in Huanglong.
lang_influence.db	4	3.4	Khác	Khác			Huanglong Branch
lang_influence.db	5	3.4	Khác	Khác			Squeak Express
lang_influence.db	6	3.4	Khác	Khác			A transportation company with their business all over the world. They would commit to the most dangerous transportation task and were trusted by many forces. With the belief "Peace brings fortune", They always avoid any force situation.
lang_influence.db	7	3.4	Khác	Khác			Huanglong Branch
lang_influence.db	8	3.4	Khác	Khác			The Sea Drake.
lang_influence.db	9	3.4	Khác	Khác			They gather in the Serpent Repair Shop, and is a group of invention lovers from different places of Huanglong. They call themselves the Sea Drakes. While they're all trying to get investment, things always go south for them.
lang_infodisplay.db	1	3.4	Khác	Khác			Dim Forest Ecological Survey (1)
lang_infodisplay.db	10	3.4	Khác	Khác			The environment of the Confinement Woods is even more magical than expected. A unique canopy ecosystem has formed around the branches of this giant tree.\nAccording to my investigation, the tree's branches contain abundant Resonance Energy within. The energy gathered from around the area of the Dim Forest travels from the top of the tree to the entire trunk. Under the catalyst of this energy, such a huge tree was formed. And it is by relying on these energies that the tree reproduces a whole different ecosystem. Probably because of the ferocious roars that come from time to time within the tree, the tree has no signs of activity from large MO or TD. This gives the plants a better chance to flourish and allows the Remnant Mutterfly to exist.\nThe skills of the Resonator who created this giant tree is very similar to mine. I guess he is also a nature lover. Otherwise, even with the assistance of the sonic instrument at the top of the tree, it is unlikely that such a large and complex giant tree could have been created.\nIn order to facilitate future expeditions, I made a little fluorescent decoration on the branch of Confinement Woods as a sign. This will make future research expeditions more efficient. So it's time to go, to explore the depths of the Confinement Woods!
lang_infodisplay.db	100	3.4	Khác	Khác			Tan: You really went to the mine to work the night shift?\nJing: I decided to find myself a job and save myself before I lost water and food at home.\nTan: But it's not as bad as I thought. I've been staring at the "big elevator" going up and down to kill time, and it went for 49 times this night.\nTan: Isn't that a bit too frequent?\nTan: I heard that the mine recently reduced the night shifts. How could there be so much up and downs?\nJing: I'm not sure. Let me use my skill specialized for night security to see the situation.\nJing: That's not right......\nTan: What's wrong, what's wrong?\nJing: This elevator isn't taking anyone. I've looked at the switches on several floors, and there's no one around...... No, I have to go out and take a look.\nTan: Hey hey hey, you cannot act as you will. If we are in a story, it could be anything waiting for you outside.\nJing: No, now that I have taken this job, I must not only take care of my own safety. And you, on the other hand, should listen to science, as a so-called Tiancheng's new generation. You are talking even more like an old square......\nJing: Besides, maybe it's a mechanical failure, or my colleagues are playing a prank? After all, the work in the mine is so boring, maybe they agreed to give me, a newcomer, a "surprise"?\nA-tan: You're exactly like the protagonist of a horror story! Good luck, I will also pray to Suiguang that you will be alright......
lang_infodisplay.db	101	3.4	Khác	Khác			Equipment Repair Record
lang_infodisplay.db	102	3.4	Khác	Khác			Equipment: Cable Car for Personnel and Cargo\nSerial Number: HLHk-09\nService at: Transport Department, Hukou Mine\nFault Description: Unusual increase in steel wire wearing and break, which resulted in failure of linkage between cable car bodies and failure in the normal operation of cable cars.\nTreatment: Steel wires replaced.\nReason: Pulling wheels, guiding pulleys and speed governors all checked, and no reason found. Inapproriate operation suspected.\nAdvice: If I should catch anyone messing around with cargo and getting overloaded on the cable cars, I will hang him on the cable and give him a taste of OVERLOAD!\nHandled by: Cheng
lang_infodisplay.db	103	3.4	Khác	Khác			Note of an engineer
lang_infodisplay.db	104	3.4	Khác	Khác			To Cheng:\nI made clear what the problem reported by the new guy on night watch was.\nSure enough, just like you said, it's not a spooky phenomenon at all, it's just that someone has adjusted the induction threshold of the lift lower, and now even a gust of wind can make this sensitive big guy move.\nYoung people nowadays are alwasy so suspicous like our last generation......\nBut here the repair still need your help. I debugged it for quite a while, but there's still an error of 21 grams.
lang_infodisplay.db	105	3.4	Khác	Khác			Warning on Wutherium Fluid can
lang_infodisplay.db	106	3.4	Khác	Khác			Don't treat canned Wutherium Fluid as an average fluid!\n1. It won't be sold at a common market.\n2. It won't stand impacts during transport.\n3. It cannot be stored for long time.\n4. The most important part is, don't open a canned Wutherium Fluid like a food can. This could kill!
lang_infodisplay.db	107	3.4	Khác	Khác			Search history of a mine worker
lang_infodisplay.db	108	3.4	Khác	Khác			Tacetite radiation\nTacetite radiation influence\nTacetite long-term radiation illness\nTacetite disease cognitive disorder\nTacetite illness cure\n......
lang_infodisplay.db	109	3.4	Khác	Khác			Sound of Stone
lang_infodisplay.db	11	3.4	Khác	Khác			Dim Forest Ecological Survey (Conclusion)
lang_infodisplay.db	110	3.4	Khác	Khác			Who says you have to have a musical instrument to play!\nDuring my work in the mine, I always heard some strange sounds, and at first I thought it was the "voice" that the rumors said...... but then I found out that these strange sounds were actually coming from Tacetite, and what's more amazing is that they have their own rhythm!\nWhen Tacetite is transformed to Wutherium Radiation in Resonance Boxes, part of the frequency domain can be captured by the human ear. And the shape of the Tacetite cut, the nature of the ore will all affect how this sound wave is played into a melody.\nI have organized the sounds recorded over the years and rearranged them into a song, which is this "Sound of Stone".\nI hope that one day, this new way of playing will gain everyone's affection.
lang_infodisplay.db	111	3.4	Khác	Khác			Business Advertisement for the Port
lang_infodisplay.db	112	3.4	Khác	Khác			Port Gunchao was established in 132 A. L. It is mainly engaged in the business of domestic and foreign cargo agency and ship agency for raw Tacetie, energy industrial products, consumer sound materials, etc. With the world's top container management system and large ship docking facilities, Port Gunchao is the largest comprehensive hub port and container trunk port in Huanglong area.\nWe have long been cooperating closely with the Hukou Mine and the Pioneer Association, with fair and transparent pricing and excellent reputation in the industry.\nWe welcome people from all industries to conduct business negotiations.\n\n                                                                                              Business Office, Port Gunchao
lang_infodisplay.db	113	3.4	Khác	Khác			Working Journal at the Port
lang_infodisplay.db	114	3.4	Khác	Khác			<i>Working Journal at the Port</i> Author Unknown\n\nIt was about late one afternoon last month when I was taking inventory in the yard and I looked down and noticed that the spider had made a web. Just as I was about to clean it up as usual...... I noticed that the web had such a regular shape, a precisely calculated polygon that expanded step by step, that I was fascinated by it!\nI had heard a beautiful legend that TDs are attracted to similar frequencies, and at that moment I felt like I had been struck by something too! Oh, maybe the spider had a similar "frequency" to me?\nIn the end, I was careful not to break the spider's web, hoping that no one else would find it......
lang_infodisplay.db	115	3.4	Khác	Khác			Expressway Bulletin
lang_infodisplay.db	116	3.4	Khác	Khác			Welcome to the expressway. Use this to access Port Gunchao, Hukou Mine and city of Tiancheng. Please confirm your destination.\nYou might find exiles or MOs around this stretch. Please keep alert and pass with care when shipping cargo via this road.\n(P.S., please do not damage facilities of the expressway, or you might be held accountable)\n\n                                                                                                    Maintanence: Team 7, Ministry of Development
lang_infodisplay.db	117	3.4	Khác	Khác			Supply application form template
lang_infodisplay.db	118	3.4	Khác	Khác			Supply Application Form Template\n\nName: Yizhu (sample)\nAffiliation: Ministry of Development (sample)\nSupply applied & Quantity: 10 modern TD decoy agents (sample)\nReason: Emergency maintenance and repair for beacons at Plateau Ruins (sample, outline in 80 words)\n\nPlease submit this application from one's own terminal\nApplied supplies should be delivered with the day. For emergency use, go to the warehouse for rapid response.
lang_infodisplay.db	119	3.4	Khác	Khác			Exiles' Slogan
lang_infodisplay.db	12	3.4	Khác	Khác			Jueyuan: However, most species in the region are in a relatively precarious situation. Take the XXX in the conservation area for example, the species is essentially on the verge of functional extinction and needs timely artificial conservation.\nJueyuan: Besides...\n[Hoochief squeaking]\nJueyuan: Bad gorilla! That's not food!\n[Hoochief mocking]\nJueyuan: Stop there -- (voice lowering, getting far)
lang_infodisplay.db	120	3.4	Khác	Khác			... Stretch yourself often and exercise holding breath underwater.
lang_infodisplay.db	121	3.4	Khác	Khác			𝘕𝘰𝘵𝘦𝘴 𝘰𝘧 𝘢 𝘍𝘪𝘦𝘭𝘥𝘸𝘰𝘳𝘬 𝘪𝘯𝘵𝘰 𝘑𝘪 𝘛𝘪𝘯𝘨 𝘓𝘢𝘣𝘰𝘳𝘢𝘵𝘰𝘳𝘪𝘦𝘴
lang_infodisplay.db	122	3.4	Khác	Khác			Chap. 13, 𝘕𝘰𝘵𝘦𝘴 𝘰𝘧 𝘢 𝘑𝘪 𝘛𝘪𝘯𝘨 𝘍𝘪𝘦𝘭𝘥𝘸𝘰𝘳𝘬 𝘪𝘯𝘵𝘰 𝘊𝘢𝘵𝘢𝘴𝘵𝘳𝘰𝘱𝘩𝘪𝘤 𝘋𝘦𝘴𝘵𝘳𝘶𝘤𝘵𝘪𝘰𝘯, 𝘈.𝘓. 104\nA revist as part of the effort to demystify the reason Ji Ting collapsed ended in no new useful information.\nRemains on site, Wutheron traces, and oral records of survivors... they add up only to a still sparse collection.\nJudging from the mere result, without taking into account the reasons behind: if this is what happens to the most advanced research institute of all humanity, I can't imagine it should happen again.\nInstinct tells me this wasn't a pure catatrophe of accident.
lang_infodisplay.db	123	3.4	Khác	Khác			𝘕𝘰𝘵𝘦𝘴 𝘰𝘧 𝘈 𝘍𝘪𝘦𝘭𝘥𝘸𝘰𝘳𝘬 𝘪𝘯𝘵𝘰 𝘍𝘪𝘰𝘳𝘥 𝘓𝘪𝘨𝘩𝘵𝘩𝘰𝘶𝘴𝘦
lang_infodisplay.db	124	3.4	Khác	Khác			Chap. 18, 𝘕𝘰𝘵𝘦𝘴 𝘰𝘧 𝘢 𝘑𝘪 𝘛𝘪𝘯𝘨 𝘍𝘪𝘦𝘭𝘥𝘸𝘰𝘳𝘬 𝘪𝘯𝘵𝘰 𝘊𝘢𝘵𝘢𝘴𝘵𝘳𝘰𝘱𝘩𝘪𝘤 𝘋𝘦𝘴𝘵𝘳𝘶𝘤𝘵𝘪𝘰𝘯, 𝘈.𝘓. 104\nFacility: Monitor Platform\nPurpose: Collect and predict Wutheron fluctuation data within the 1st research area.\n\nA Ji Ting facility that lasted until the final moment, upholding an important responsibility even after the catastrophe, that is, directing Huanglong residents to immigrate to the mountains safely. Having fulfilled its last mission, it is almost perfection, as an artificial creation.
lang_infodisplay.db	125	3.4	Khác	Khác			𝘕𝘰𝘵𝘦𝘴 𝘰𝘧 𝘢 𝘍𝘪𝘦𝘭𝘥𝘸𝘰𝘳𝘬 𝘪𝘯𝘵𝘰 𝘵𝘩𝘦 𝘙𝘦𝘮𝘢𝘪𝘯𝘴 𝘰𝘯 𝘗𝘭𝘢𝘵𝘦𝘢𝘶
lang_infodisplay.db	126	3.4	Khác	Khác			Chap. 7, 𝘕𝘰𝘵𝘦𝘴 𝘰𝘧 𝘢 𝘑𝘪 𝘛𝘪𝘯𝘨 𝘍𝘪𝘦𝘭𝘥𝘸𝘰𝘳𝘬 𝘪𝘯𝘵𝘰 𝘊𝘢𝘵𝘢𝘴𝘵𝘳𝘰𝘱𝘩𝘪𝘤 𝘋𝘦𝘴𝘵𝘳𝘶𝘤𝘵𝘪𝘰𝘯, 𝘈.𝘓. 104 \nA simple settlement that was constructed on a basis of a military facility became no longer habitable completely as of the catastrophe.\nThe environment remains hostile. Thick fog is frequently present, while Wutheron indicator shows anomalities now and then.\nAs a possible result of regular plunder by exiles active around here, nothing valuable is found in the area.
lang_infodisplay.db	127	3.4	Khác	Khác			Cemetery of the Lost
lang_infodisplay.db	128	3.4	Khác	Khác			In 157 A. L., the largest TD offensive "Tides of Beasts" appeared with its threat pointed at the heart of Tiancheng.\nFor the sake of home to humanity, all soldiers of Huanglong's army took their best and unified their minds to resist the enemy from the last front.\nAmong the forces, the Vanguard Battalion of Midnight Rangers dived deep into the core area in the wild in an effort to exterminate the enemy with a mobile approach. It cost them a wretching price to turn the tide in which human had been only passively defending, into one that will promise Huanglong's ultimate victory.\nIn our deepest memories the 306 warriors left in the battle of Tides of Beasts are mourned and monumented at this cemetery.\n\n                                                                                                                                                                ALL MEN OF HUANGLONG\n\nP. S.: 159 A. L., the gathering of mourners and their condensed memories after the establishment of this cemetery has caused a turbulence of Wutherons in this area that became a minor Tacet Field. Damage to larger or smaller degrees were done to all parts of the cemetery. Despite a plan to repair, it is in people's hope to keep the damage marks as a constant alert and a remainder of crisis.
lang_infodisplay.db	129	3.4	Khác	Khác			Battle Log No. 6010: Entering Autumn
lang_infodisplay.db	13	3.4	Khác	Khác			Map of Hides
lang_infodisplay.db	130	3.4	Khác	Khác			It's the fifth day of deployment in the battlefield, and I have finally time to jot down something.\nI was arranged clerk for the XXX. For the whole the 30 people in the XXX, I have to record everything from their food, their hydration, to their rest, their possession, all while the Geiger Counters beep all day and shells drop near us now and then.\nI don't know if fortune favors me or it doesn't, because a bomb hit the shelter I dug and burnt my pack down to ashes, while I was out transmitting the order and spared of it. Nevertheless, the absense of sleeping bags and clothes for change in late Autumn became a worry, leaving me in frustration of how I would make it through the winter.\nThe deputy in charge of logistics was a warmhearted man, who offered me his new sleeping bag and clothes, and went to use mildewed spare supply himself. I only took the bag and promised to return it to him when we are resupplied. He said nothing, neither took back the clothers; instead he smiled, and then left. I didn't care to chase because of the cold in the night. Could give things back tomorrow.
lang_infodisplay.db	131	3.4	Khác	Khác			Battle Log No. 6010: Battle for Point 91.7
lang_infodisplay.db	132	3.4	Khác	Khác			11 nights witnessed the battle for the 91.7 highland. Our XXX lost 16 men, including our deputy. 7 serious injuries and 8 mild injuries. The battle progressed as follows:\nIn late November, the enemy assaulted our 9.17 highland, which was not named. For days of nights of fighting and contending, most of the surface of the highland was occupied by the enemy. On October 27, we received the command to go in to battle and back up friendly forces.\nUnder fire cover, our force launched 6 strikes on the enemy with 8 hours, all of which failed to drived the enemy away from the highland.\nEarly 28 morning, the enemy launched an unresultful counter-strike with covers of cannon firing.\nFrom Octboer 28 until Nov 6, the control ot the highland was transferred back and forth a few times, but there weren't decisive results for both sides.\nNight Nov 6, my force was replaced by a friendly one which would take on our duties due to the severe headcount loss of more than 70%.\nSummary of Battle:\nThe loss of my force was predominantly done by close-range fire. This, for one, proves the defense insights about indirect fire circulated within the army; for another, it makes the case for the underpreparation of my force with respect to close-range crossfire. Detailed battle review is attached hereafter.
lang_infodisplay.db	133	3.4	Khác	Khác			Battle Log No. 6010: Reorganize
lang_infodisplay.db	134	3.4	Khác	Khác			It is November 8 today. We retreated to our rear for rearmament as per the order. The rumbling of cannons keeps coming through from 91.7. No doubt that highland is to be the key to the whole battle. The side that takes it takes control.\nOn that highland, which hardly covers some ground, flesh and blood have become the strongest defense lines. All the steels knee before them.\nI am glad I didn't borrow the deputy's new clothes, for at least he can be taken home with pride.\nHe told me a tale, which he said was told by his grandfather, that when one passes, his homecoming soul will be hitched with breezes to where he belongs. Now it's late night, I wonder if my comrades are on their way to return.
lang_infodisplay.db	135	3.4	Khác	Khác			Battle Log No. 6010: Departure again
lang_infodisplay.db	136	3.4	Khác	Khác			On Nov 15, we met the backup we waited for: two recruits. Together with the 12 men left, we formed a squad. Since we kept the establishment of XXX, my title of acting deputy squad leader was nominally acting deputy XXX leader.\nThe battle at 91.7 drained our reserves. It's time the undermanned forces, that is us, be sent back to the front. We are infiltrating into enemies' rear. As soon as the encircle is done, we will be positioned to annihilate the enemy.\nThe enemy has realized this. They are planning a desperate sally intended to break our front and encircle our flanks in turn. The fate of this decisive battle is soon to be seen.
lang_infodisplay.db	137	3.4	Khác	Khác			Battle Log No. 6010: This may be my last
lang_infodisplay.db	138	3.4	Khác	Khác			Female Voice: "Mum, it's the 47th day of this battle, and I'm turning 22."\nFemale Voice: "47 days, in which I became an acting leader from a common recruit."\nFemale Voice: "Enemies flooded towards us like cockroaches without stop."\nFemale Voice: "And we didn't hesitate to squash them, like always."\n[pause for a while, deep breath]\nFemale Voice: "Mum, I'll be back. They will take me back. Just don't lock the window."
lang_infodisplay.db	139	3.4	Khác	Khác			Incineranur Security Administration
lang_infodisplay.db	14	3.4	Khác	Khác			Five markers shaped like a cage, where a particular cage seems to hold something special.\nAs for clues to unlock the cage, maybe look for the extra markers......
lang_infodisplay.db	140	3.4	Khác	Khác			1. No trespassing for unauthorized personnel in Incineranur. Vialotors at their own risk. Authorized personnel should abide by the code of conduct.\n\n2. Operations within the area of Incineranur should be authorized and done with proper certifications.\n\n3. Protective Equipment should be carefully used before entrance into Incineranur. Resonator should simultaneously hold and wear insulators and wave absorbers; non-Resonators should refrain from entering unless necessary. Wear additional, correct protection in extraordinary cases.\n\n4. Operation in the area of Incineranur should not exceed 3 hours. In the cases of any physical of mental discomfort during operation, leave immediately and seek medical inspection.\n\n5. Personnel involved in long-term operations in the area should receive regular mental assessments to avoid potential sanity detoriation.
lang_infodisplay.db	141	3.4	Khác	Khác			Footnotes of Time - 91
lang_infodisplay.db	142	3.4	Khác	Khác			That little girl, Annalica, said there might be "pocket piano" here. We should have arrived at what her coordinate indicates.\nBut we found only dolls blown to pieces, model cars that don't run after a hard searching effort. We are not even seeing a trace of piano.\nThough that kid can always find bizarre gadgets in plies of antiquities, I doubt the existence of this "pocket piano".
lang_infodisplay.db	143	3.4	Khác	Khác			Footnotes of Time - 92
lang_infodisplay.db	144	3.4	Khác	Khác			It is wet lately. There might be reverse rain, so I found a weapon remains for cover.\nI met a pair of brother and sister there resting. Two small kids, on their alert to strangers. Looked like home runaways.\nI was going to call Morn Guards from the camp to take them back, but they jumped over to me, and almost bumped into my brim.\n"Pleasem uncle, don't send to take us. My sister and I just wanted to go and see the flower fields." The boy with a larger size looked at me sincerely, getting me in a dilemma.\nI gave in at the end. Who's not curious when he's young? I hadn't found much at that time, so why not help them a little. I'd just take it as a trial of luck at the Incineranur.
lang_infodisplay.db	145	3.4	Khác	Khác			Footnotes of Time - 93
lang_infodisplay.db	146	3.4	Khác	Khác			We stopped at the edge of the Incineranur and the two kids nodded to each other as if to confirm something. Then the boy took out a small, delicate box from his backpack and hesitated for just a moment before casting the contents of the box into Incineranur.\nSoon, the long apparatus melted into nothing in the burning heat, and when I turned my head, the two kids were wailing.\nSigh, I traveled all over the world fearing hardly anything, only children crying. Good thing I took the blown doll in my treasure box. I took it out and soothed the kids from crying.\nAlthough this old toy did not get into the tower, it didn't go wasted.
lang_infodisplay.db	147	3.4	Khác	Khác			Footnotes of Time - 94
lang_infodisplay.db	148	3.4	Khác	Khác			On the way of sending the children back, Annalica sent a very low-resolution picture through, said it was the photo of the "pocket piano" she took much effort to find.\nSurprisingly,...... it was the thing that was just thrown into the Incineranur, a historical treasure! Turned into ashes right before my eyes!\n"That is grandfather and grandmother's love token." The little girl said.\n"Indeed! Grandpa said that during the war, he and grandma were scattered by the crowd and the place where they separated was just the location of the flower sea. He also said......" said the boy, about to cry again, "he said that if one day he too left, we should put the pocket piano in the flower sea so he could play for grandma again."\n"But...... but I heard dad say something about this thing selling for a good price, just today! He was going to sell it, sob..."\nHow can the value of antiques be measured in terms of money? In that case, I have to thank the two little kids for allowing me to witness the instantaneous glow of antiques blooming in this era.
lang_infodisplay.db	149	3.4	Khác	Khác			Footnotes of Time - 95
lang_infodisplay.db	15	3.4	Khác	Khác			Featured Shows of the Season
lang_infodisplay.db	150	3.4	Khác	Khác			After reading my metric records, Annalica exclaimed that it was a waste.\nPerhaps in her opinion, the only way to realize the true value of an ancient object is to incorporate it into the Abyssturrim.\nIf possible, I really hope that this little girl can step out of Abyssturrim and make sense of the real world. She will become part of the footnotes of history, together with all the metrologists.
lang_infodisplay.db	151	3.4	Khác	Khác			Ji Ting Data Chip
lang_infodisplay.db	152	3.4	Khác	Khác			>>> Ji Ting Laboratories: Record No. ■■■\nIn 103 A.L., unknown Loong-shaped creature was dug out at Chengxiao. Mountain. Its signs of life being unclear, the study into it was code-named "Sui Guang".\nAll kinds of detecting and scanning efforts failed to see its inner construction. ■■■■■■■ might be possible.\nSui Guang was awakened in 106 A.L. for the reason of ■■■■■■■. It was sapient and comprehensible to communications. Jiushang, the commander-in-chief made a successful conversation with it and agreed on the strikeback plan Operation Real Loong. The war on Threnodian saw a major opportunity.\nIn 107 A.L., Sui Guang assisted human in the defeat of the Crownless at the Norfall Barrens. It was witnessed possessing the capability to absorb powers of Threnodians. An analysis of the energy remains on the battlefield shows the possibility of ■■■■■■■.
lang_infodisplay.db	153	3.4	Khác	Khác			Personal Journal
lang_infodisplay.db	154	3.4	Khác	Khác			Date: 157 A.L. Jan. 8\nContent: Captain had a word with me, again, today. He wanted a decisive opinion from me, as a technological backbone - whether we should proceed with the survey. Me, him, and virtually everyone else knows that this canal means so much and that we have paid so much for it, if we stop here, the fruits of all these years go to waste. But if we process on, the further price is perhaps lives... I can't convince myself, nor my teammates, who are so frightful of the TD waves.
lang_infodisplay.db	155	3.4	Khác	Khác			Survey Report
lang_infodisplay.db	156	3.4	Khác	Khác			Date of Work: 155 A.L. Oct. 11\nWork Summary: A survey unit distribution map is made for the primary locationing of the canal. Encountered a small TD wave during imaging info collection. Two members slightly injured after a timely support from the Ranger special company, despite serious damage done to survey devices.\n<i>Backup devices expected to arrive in one week, before which all survey works are paused.</i>\nNotes and Remarks: Raw mines of unknown rock are found in the area, which demands for further digging and testing of its structure and nature to weigh its value. Dangers are considerable for the construction and survey works in this area. Should any exceptional conditions arise, works should be immediately stopped, personnel be withdrawn, and Midnight Rangers be notified.
lang_infodisplay.db	157	3.4	Khác	Khác			Camp Notice
lang_infodisplay.db	158	3.4	Khác	Khác			<b>[Latest Notice]</b>\nDate: 157 A.L.\nContent: Due to the frequent occurrence of TD waves and abnormal Wutheron density, the sculpting of Suiguang and the excavation of the canal are suspended as of now. All personnel of the Ministry of Development and the Midnight Ranger are ordered to withdraw from the area. The restart time is yet to be determined.\n\n<b>[Outdated Notice]</b>\nDate: 154 A.L.\nContent: The access to the Gorges of Spirit was knocked through today, where Midnight Ranger special companies met accumulated TD waves of extraordinary danger. The numbers of death, severe injury and missing is yet to be recorded as they are too high. Jiyan was appointed temoporary commander-in-chief after his predecessor's heroic sacrifice.\n\n<b>[[Outdated Notice]</b>\nDate: 140 A.L.\nContent: Commissioned by the Ministry, a Midnight Ranger special company will be responsible for the study and clearing of Gorges of Spirit land lots to allow for the Ministry to enter the Gorges for a more detailed survey. Primary expectations show the access to the Gorges should be open before 150 A.L..
lang_infodisplay.db	159	3.4	Khác	Khác			Lab Report for XXX
lang_infodisplay.db	16	3.4	Khác	Khác			[Featured in the Cinema]\n\n"Ravages remind of old dreams of old towns,\nFuture is never for me to see, but past is to cry."\n- Dream of the past, travel through time. A fresh, immersive play <i> Moon over Sky</i> on premiere.\n\nThe Fifth Tiancheng Comic Conference is on the horizon.\nQinghe and Shongsheng's lastest comic work <i>Old City Storm</i> premiering.\nElegant and vulgar in the same night of opera.\n\n[Audience Guide]\n1. Tiancheng Theatre is an open theatre, so please observe public order.\n2. During the performance, you may enter and exit the theater at any time, but please keep quiet.\n3. it is strictly prohibited to trespass on the stage. Offenders will be handed to Mourn Guards.\n4. It is everyone's responsibility to take care of the public environment. After the performance, please take away any waste.
lang_infodisplay.db	160	3.4	Khác	Khác			Rigidity: 6 degree\nDensity: 3.0-3.5g/cm³\nCompressive Strength: 3000-5000kg/cm³\n\nThe sample is named Xxx, which has a fine structure, good rigidity and compressive strength performances, and a decent chemical stability. It is capable of standing extreme temperature changes.\nXxx is widely distributed in the Gorges of Spirit with a large presence. Therefore its mining is convenient, with a moderate probability of finding large lots. It is an excellent construction material, suitable for large sculptures, outer walls and hard overlayings.
lang_infodisplay.db	161	3.4	Khác	Khác			Battle Report against TD waves at the Gorges of Spirit
lang_infodisplay.db	162	3.4	Khác	Khác			Date: 154 A. L.\nContent: In the operation to recapture the Gorges of Spirit, the Midnight Ranger was positioned in extremely adverse conditions of the commander-in-chief mortality and force mismatch. However, with the outstanding service of Jiyan, one of our warriors, the only one special company left managed to resist large-scale TD waves for 3 days and stayed the ground until the major forces came to their backup. The forces were then coordinated and directed to beat the TD successfully. Most of the investigation results were thus preserved.
lang_infodisplay.db	163	3.4	Khác	Khác			<i>Gorges of Spirit Investigation Report</i>
lang_infodisplay.db	164	3.4	Khác	Khác			[Noise from Communicator]\nYesterday set up a communication with the family. My daughter muttered several times that she wanted to see the big waterfall and the big turtle, and that she wanted to see them in person, at where they were.\nOh my good Lady...... I bargained for a long time before she agreed to just look at the photos.\nIt is strange that this place is not much damaged by the Tides of Beasts, maybe because this big guy sitting in the lake.\nI also have to be careful not to startle it.
lang_infodisplay.db	165	3.4	Khác	Khác			<i>Chap.1, Oriental Springs and Occidental Classics</i>
lang_infodisplay.db	166	3.4	Khác	Khác			Fella: friend, buddy.\nMake yourself known: What's your name.\nHide the blade: not convenient to tell the name.\nBig known: A man with a fame.\nEmp: A fresh man who doesn't know the slang.\nGather Spring: Communicate with the slang.\nFat: an admired man.\nGourd Grip: the boss, the leader.\nDeliver the water: take out your money.\nPeeker: the eye.\nWind-taker: the ear.\nGold pole: the leg.\nThe green: weapon.\nThe stick: gun.\n...
lang_infodisplay.db	17	3.4	Khác	Khác			<i>Return to Dream</i> Sound Material Shop
lang_infodisplay.db	18	3.4	Khác	Khác			"Pick the sounds of dream returning. Immersive Experience for just you."\n\n[theme of the day: moon]\n\nMoon dropping in the sea of fireflies, whispers in the ripples.\n- Moon Sunk 1000 Tacetite coins\n\nRaven cawing at west tower, bamboo reflecting from window.\n- Late Autumn 5000 Tacetite coins\n\nTik tok, tik tok, eave is whimpering.\n- Moonless Night 9999 Tacetie coins
lang_infodisplay.db	19	3.4	Khác	Khác			Notice about Safe Production
lang_infodisplay.db	2	3.4	Khác	Khác			The Dim Forest is, no doubt, the greatest treasure trove in Huanglong, and there is no region that compares to it in terms of species abundance.\nJust standing at the entrance of this gate, I could clearly hear the voices of the plants and hear their call.\nEven more fortunately, such precious plant data is so close in reach! What the chimpanzee was holding in his hand was exactly what the plantain plant named XXX looked like in the image documents. It was recorded that this fruit, popular among both young and old, had been widely cultivated before the Lament.\nHowever, as a triploid plant, XXX, like most cash crop plants that require breeding techniques, disappeared after the Lament. Information about this fragile species can now be found in some historical literature.\nAlthough regretable this is also the natural law of succession. According to Verina's law, stagnation is one of the most important factors of biological extinction, and this is the inevitable end of XXX in the wild, which has been artificially deprived of its ability to reproduce.
lang_infodisplay.db	20	3.4	Khác	Khác			Standardized, flow and industrialized.\nEfficient mining of Tacetite, precise refining of Wutherium Fluid.\nSafe transportation, compliant production.\n\nMinistry of Development
lang_infodisplay.db	21	3.4	Khác	Khác			Work Brief
lang_infodisplay.db	22	3.4	Khác	Khác			159 A. L. Dec. 31\nRecorder: Huaijin\n\nThe Academy and the Ministry jointly released the latest version of the "Wutheron Leakage Emergency Response Manual", and the foreman said that I knew best about Tacetite energy here, so I should study it first and give the other mine workers some trainings in a couple of days. More than sixty pages of instructions in two days. It should be two weeks at least.\n"For personnel, equipment and materials contaminated with radioactive dust, the damage can be reduced by cleaning and decontamination."\n "Contaminated wastewater must be treated by ion exchange and must not be discharged at will."\nThe people at the Academy must be fools. If this is a manual for miners, they should use simple and straightforward words. Ion exchange and blah blah, miners do not know this.\n Forget it, forget it, sure it's a trouble, but for the sake of the foreman, I will make some outlines of it.\nSigh, overtime work in the holiday. I really hope I'd get a week off after this.
lang_infodisplay.db	223	3.4	Khác	Khác			皇龙重建史
lang_infodisplay.db	224	3.4	Khác	Khác			新历110年  神兽岁光击败鸣式，一位名叫辛夷的少女借着点点火种，重塑人们心中的希望。她在一个临时避难所发表了振奋人心的演讲，重建皇龙的热潮于各地涌起。辛夷带领大家围绕神兽沉睡之地乘霄山开启了重建的第一步。\n\n新历115年  经过鸣域演算中枢的推算，确定了新都选址，即如今的天城所在地。\n\n新历116年  新年第一天，新都天城动工建设。\n\n新历120年  天城完成了第一阶段建设，大部分居民从各地迁居天城，此后数十年天城的基础建设陆续完善。\n\n新历134年  天城首次遭遇幻象兽潮的袭击，此后幻象兽潮频发，至今仍是威胁皇龙的巨大危险之一。\n\n新历155年  为鼓舞人心，举办了皇龙四杰的表彰仪式。同年，与神兽岁光产生共鸣的今汐，成为新任龙主。\n\n新历157年  皇龙遭遇重建以来规模最大的幻象袭击，被称为“巨浪兽潮”，此役付出惨重代价，最终由今汐唤醒岁光，才保住了重建的天城。\n\n如今，皇龙正从创伤中恢复，天城已成为所有皇龙人的希望之所。
lang_infodisplay.db	225	3.4	Khác	Khác			Dumpling Coupon
lang_infodisplay.db	226	3.4	Khác	Khác			<i>Tiancheng Cuisine Festival Award - Dumpling Coupon</i>\n\nTake this coupon to Panhua Restaurant to be redeemed for 5 servings of dumplings. Subject to availability.\nValidity: Oct 10 - Nov 10, 159 A. L.\nNote: This award may not be liquidated, returned, or replaced. Please keep with care.\n\n\nAnomalous notes:\nMy Lady! Expired.:(
lang_infodisplay.db	227	3.4	Khác	Khác			Secret Journal No. 1
lang_infodisplay.db	228	3.4	Khác	Khác			That Suiguang guy, recently could not be reached again.\nWell...... could it be that I tempted it with a dumpling yesterday and made it angry?\nThen next time before I go to Chengxiao Mountain to visit it, I'll go to Aunt Panhua's to buy some dumplings.\nOh, no, can Suiguang really eat dumpling? Hey hey, We'll see next time.
lang_infodisplay.db	229	3.4	Khác	Khác			Secret Journal No. 2
lang_infodisplay.db	23	3.4	Khác	Khác			Knell Garden
lang_infodisplay.db	230	3.4	Khác	Khác			Today there is once again a temporary memory gap, and occasionally a faint sound can be heard, like...... Suiguang.\nThis feeling is like inadvertently drowning, with the body continuing to sink, the waters gradually isolating sounds from the outside world, the sense of suffocation enveloping the whole body.\nWhen I tell the matter to the Suiguang, it always says it is my hallucinations. Hum, must be perfuming me again.
lang_infodisplay.db	231	3.4	Khác	Khác			Minutes of Mourn Guard Commander's Murder
lang_infodisplay.db	232	3.4	Khác	Khác			日期：新历159年\n机密性：S级\n案件纪要：\n新历159年，前晓卫团长叙观于中枢指挥厅外围遇刺，经抢救无效身亡。\n经调查，现场存在明显打斗痕迹，当晚有多人看到火光，并伴随爆炸声，根据残留数据分析，嫌疑人为具备异能力的共鸣者。\n晓卫巡防小队赶到时，嫌疑人已消失，封锁全城入口均未发现可疑人员，推测嫌疑人拥有异于常人的移动手段。\n叙观团长手中残留了红色碎片，疑为线索，但因碎片过小，暂时无法锁定目标。\n兹事体大，建议暂时不公开案件细节，转为秘密调查。\n\n今汐的批注：\n同意。叙观团长深受信赖，此事恐动摇人心，造成恐慌，务必做好安抚工作。
lang_infodisplay.db	233	3.4	Khác	Khác			修复中的画作
lang_infodisplay.db	234	3.4	Khác	Khác			长达400厘米，宽30厘米的画作，多处损毁，难辨画面。\n左侧有三处修复痕迹，已修复部分呈现出街市祥和热闹的景象，门庭若市，车水马龙，闭目聆听宛若置身其间，嘈杂熙攘的人声清晰可闻。
lang_infodisplay.db	235	3.4	Khác	Khác			修复记录
lang_infodisplay.db	236	3.4	Khác	Khác			修复日期：新历158年\n修复人：代号马良\n修复记录：\n这批从旧日遗迹挖掘出的画作还算保存完善，损毁点仅有47处。\n这幅长卷画作有点意思，用横版绘卷方式记录了某个地区的生活方式，其中竟有众人闻所未闻的东西，若是修复完成，必定能窥见悲鸣前的某些时光残片吧。\n\n\n匿名的回复：\n左边第三个摊位上的食物看起来好好吃的样子，记下来找攀花阿姨试着做一下好了。\n啊，还有第六个摊位门口的摆件，是……玩具吗？\n这个地区的人真有趣啊！希望下次节庆能在天城展览这幅画！
lang_infodisplay.db	237	3.4	Khác	Khác			第171号修复品
lang_infodisplay.db	238	3.4	Khác	Khác			横向长卷，烟波浩渺、层峦叠嶂的水墨作品。\n得益于陈皮先生提供的悲鸣前画作照片，该作品修复进程顺利高效。\n龙主赐名《闻野》，计划于新历160年全城展览。
lang_infodisplay.db	239	3.4	Khác	Khác			第281号修复品
lang_infodisplay.db	24	3.4	Khác	Khác			Even if the darkness of night drowns our footprint, we can and will reach the far, as long as we have the constant courage to explore the unknown.\n- to the warriors who dedicate themselves to the long nights\n\n[About the Knell Garden]\nEstablished in 155 A.L., the Knell Garden is meant to remember every warrior who gave his life for human civilization. Every flower in the garden was personally sown and watered by the fifth head of the Midnight Rangers, Jiyan. The flower seeds are specially cultivated by the specially hired botanical researcher Jueyuan, according to the geology and climate in Huanglong, which can guarantee 100% survival rate even in bad weather, symbolizing the indomitable spirit of Huanglong.\nWhen paying condolences, citizens should respect the deceased and do not trample on the sea of flowers. Violators will be taken to Mourn Guards.
lang_infodisplay.db	240	3.4	Khác	Khác			泛黄的照片。夕阳的余晖被山峦吞噬，群鸟盘旋，人群蜂拥逃难，世界兵荒马乱。\n推测拍摄时间为悲鸣发生时，这张照片让当代人类看见了灾难的缩影。\n历史洪流之下，当居安思危，勿忘抗争之火种。\n龙主赐名《无声的战争》，计划于新历160年全城展览。
lang_infodisplay.db	241	3.4	Khác	Khác			Comments
lang_infodisplay.db	242	3.4	Khác	Khác			1: The milk of Morricow tastes extraordinary! It's a little spicy, a little numb, and a little grassy bitter, so maybe we can replace the ingredients of the salty milk tea with this. I have a feeling that this milk tea will be a big hit! If anyone is also interested in the "Hot and Spicy Milk Tea", please leave a comment and I will come back to count the number of people and hold a tasting event in Tiancheng. Maybe we'll mass produce it.\n2: I will drink, I will drink! This is so addictive.\n3: My life is going to doom if can't drink Hot and Spicy Milk Tea...\n4: You must hold a tasting event, because my whole family will be ordering!
lang_infodisplay.db	243	3.4	Khác	Khác			日记一则
lang_infodisplay.db	244	3.4	Khác	Khác			马岫：画家先生，这幅画是？\n画家：送给您的别礼，是岫先生您离世时的场面。\n马岫：哈哈哈哈！这么别开生面的别礼，您真是位奇人。\n画家：我还以为您多少会有些生气。\n马岫：有了小女后，我的脾气简直好得不得了。\n画家：说起令爱，她看起来倒是个软弱的人呢。\n马岫：您怎么会这样认为？她向来是勇敢的孩子。\n画家：她不喜欢“马小芳”这个名字。\n马岫：这能说明什么？\n画家：说明她连面对自己的勇气都缺乏。\n马岫：面对自己可不是简单的事啊。我了解我的孩子，她会成为最勇敢的英雄的。\n画家：如果她本有机会拯救您，却因为软弱的本性，错过了那个关键时刻呢。\n马岫：……\n马岫：画家先生，你是认真的？\n画家：万分认真。\n马岫：画家先生，能见识您那番神奇的卜命本领，是我的荣幸。但在这点上，我想您错了。\n画家：关于您的离世？\n马岫：不，是关于我的孩子。\n马岫：如果真如您所言，真有那样的时刻，那我的离开，想必就是她的英雄之路的起点吧。\n画家：为什么呢？\n马岫：我已经说过原因了。\n画家：嗯？\n马岫：我了解我的孩子，总有一天，她会成为最勇敢的英雄。\n画家：岫先生，您也是位奇人呢……那就让我们拭目以待吧。
lang_infodisplay.db	25	3.4	Khác	Khác			Voice of Tolling
lang_infodisplay.db	26	3.4	Khác	Khác			Kangjian: please respect the dead and refrain from treading!\nKangjian: Final warning. REFRAIN, FROM, TREADING!\nKangjian: Refra... incorrigible! Morn Guards have been called.
lang_infodisplay.db	27	3.4	Khác	Khác			Maintanence Records
lang_infodisplay.db	28	3.4	Khác	Khác			Time: 1600125\nMaintenance Record: Regular maintenance. No special faults reported.\nRecord Made by: 0134\nNext Expected Maintenance: 1600424\nTime: 1600425\nMaintenance Record: Baking (Revised: "Braking" instead of "baking") braking device on the right shows abnormal echo. Possible aging problem at the unifying (Revised: "joint" instead of "unifying") joint component.\nRecord Made by: 0210\nNext Expected Maintenance: 16006 (Revised: "7" instead of "6") 725\nTime: 1600426\nMaintenance Record: Aging possibility ruled out. Alien jamming confirmed. Fault reported as Report No. 0766.\nRecord Made by: 0134\nNext Expected Maintenance: 1600725\nNote: Please observe date requirement and the accuracy and norms of terminology. Revisions are attached.
lang_infodisplay.db	29	3.4	Khác	Khác			Viewer's Comments
lang_infodisplay.db	3	3.4	Khác	Khác			Dim Forest Ecological Survey (2)
lang_infodisplay.db	30	3.4	Khác	Khác			<Comment No. 010>\nsob sob...\n<i>Moon Over Sky</i> is so tearful! What a talent of the writers to create a story like this! I can't even stop my tears after letting out. Will definitely come for a second time! Sob...\nReply from theater: Thank you for your passion for the show. We look forward to you at 6: 30 p. m. next Sunday.\n\n<Comment No. 025>\nThe <i>Old City Storm</i> is such a great side dish! Can I bring some chilli sauce my aunt made next time and eat while I watch the show?\nReply from theater: Thank you for your affection for the show. Eating is not prohibited in the theater, but please refrain from food with strong smells.
lang_infodisplay.db	31	3.4	Khác	Khác			Lost and Found
lang_infodisplay.db	32	3.4	Khác	Khác			Lost and Found after the <i>Moon Over Sky</i> at 9 p. m. the day before yesterday:\n\nBlue Earring                                                                                               I, 5th    1 piece\nID card at Creation Bureau, Ministry of Development                        I, 6th    1 card\nDumpling Coupon (with speical loong marks）                                J, 8th    2 pieces\nHandmade Hairwrap (intertwined with red and blue, unfinished)  K, 16th  1 piece\n\nThe original owners of these items are asked to collect them within 10 days as of this notice.
lang_infodisplay.db	33	3.4	Khác	Khác			Squeaky Delivery Recruitment
lang_infodisplay.db	34	3.4	Khác	Khác			Job Title:\n[Delivery Driver]\nJob Description:\nAny age, in possession of any national driving license, able to collect, deliver packages safely, swiftly, accurately as per tasked by the company.\nJob Location:\nSite pursuant to applicant's wish and actual job demands\nJob Time:\n9 hours a day, 5 days a week. Starts at 7 a.m. and ends at 7 p.m., with 3 hours in between for rest. Works outside this time are regarded as overtime and subject to double pay.\n\nPay and Perks:\n1. Get paid at piece rate with no upper limit;\n2. Complete life insurance included. Carrier vehicle allocated. Accomadation and vocational education provided (including but limited to identification of dangerous objects, Tacetite pollutant neutralization, first aid etc.). Eligible for skill certification;\n3. Triple pay for public holiday;\n4. works clothes for all season;\n5. Collection and Delivery in dangerous areas are fully covered (including and not limited to supply guarantee, armed backup, special escort etc.), which is paid by the company.
lang_infodisplay.db	35	3.4	Khác	Khác			Academic Lecture Schedule, Huanglong Academy
lang_infodisplay.db	36	3.4	Khác	Khác			Lecture Schedule of the Academic Exchange Week:\n\nTitle: TD Taxonomy and Its Meaning for Energy Science - Rupture Prism as Example\nLocation: 1st Lecture Hall\nLecturer: Jansman\nLecturer Intro: Chief Research Fellow at New Federation's Academy of Science, Assessment Expert at TD Research Center, Standing Director at New Federation's Institute of Wuthering Waves ecology. Research interests include TD taxonomy, Wuthering Waves ecology etc..\n\nTitle: Academic Ethnics in the perspective of Circuit Court Cases\nLocation: the Amphitheatre\nLecturer: Maichthis\nLecturer Intro: Senior Legal Advisor for the Pioneer Association, Executive Chief Editor at New Federation's <i>Popular Science and Technology Act Weekly</i>, Honorary Research Fellow at Huanglong Academy.
lang_infodisplay.db	37	3.4	Khác	Khác			夜莺茶馆
lang_infodisplay.db	38	3.4	Khác	Khác			【茶疗推荐】\n渊武老板甄选春茶，佐以“晚秋”声料，冷水冲泡五分钟，即可听见四季在茶韵中流转，有安神、静心之效，欢迎各位客人进店品茶。\n\n\n【温馨提示】\n茶馆附近的小猫小狗性情温顺，是渊武老板的特殊客人，可逗玩投喂，不可驱赶虐待，否则后果自负。\n\n【急招！！！】\n本店急招茶疗研发师，培训上岗，薪资面聊！
lang_infodisplay.db	4	3.4	Khác	Khác			Guided by the XXX and the sounds of the plant, I came to this stunningly beautiful large tree with purple branches and leaves.\nJudging from the shape of the leaves, it is possible that this plant is a subspecies of Ficus arborvitae. However, the origin of the wonderful purple color on the leaves is unknown, and further research is needed to verify it.\nThe large tree is perennially cooped up with parenting female orangutans underneath, which makes them sensitive and rabid. To avoid a head-on confrontation, I plucked a large amount of gorilla hair through days of collecting and making it a coat. By such means, I took and effort to get close enough to the big tree and collected samples of some of the leaves.\nHowever, because of the season, no samples of the flowers as well as the fruits of the species were collected, and no pollinating insects were seen in the vicinity. There are still many mysteries to be revealed.\nBut I am sure that this is the first time this species is discovered. I tentatively named it XXX and made an appointment with it to come back sometime to hear its story of more than a century.\nGoodbye, XXX and I'll see you again when the season is right.
lang_infodisplay.db	41	3.4	Khác	Khác			Unknown signal
lang_infodisplay.db	42	3.4	Khác	Khác			"Light will never fade at the lighthouse. Welcome home, friend."
lang_infodisplay.db	43	3.4	Khác	Khác			Emergency Evacuation Notice
lang_infodisplay.db	44	3.4	Khác	Khác			Villagers of Qichi, post personnel at the 9th research area:\nAbnormal density of Wutherons is observed recently in the north of Qichi Village (including the 9th research area). There is a great probability of small to medium-sized TD wave, sudden Tacet Fields or other disasters.\nFor the safety of your lives and property, villagers of Qichi in the receipt of this notice please immediately prepare to evacuate, and do not carry too much supplies. The Midnight Rangers will send a froces to assist you in evacuating as soon as possible.\nRepeat, do not carry too much supplies, evacuate quickly!\nP. S.: post personnel at the 9th research area, please pay attention to the later notices.
lang_infodisplay.db	45	3.4	Khác	Khác			Package List
lang_infodisplay.db	46	3.4	Khác	Khác			1 serving of Spicy Fillet, 1 serving of dumplings, 10 skewers\n- take compressed rations.\n- I don't like compressed rations... Can we take Guokui?\n- Mum has no time to make Guokui.\n\n10 cans of energy drink\n- Don't take these weighty, useless stuff... take blockers. Save some space!\n- What if we get thirsty?\n- Tolerate it. We will have salty milk tea in Tiancheng.\n\n1 set of Mahjong, 1 tent\n- baby, we are not going camping.\n- But dad said we were.\n- Hmm... not a normal camping. Have you got that Lucky Jade Grandma made? Bring it.
lang_infodisplay.db	47	3.4	Khác	Khác			Ancient Banyan "Longwang"
lang_infodisplay.db	48	3.4	Khác	Khác			The ancient banyan "Longwang" is located in the northern part of Longwang land in Central Plains. According to the <i>New Botanical Records of Huanglong</i>, the age of Longwang is estimated to be between 1400 and 1500 years, and the tree still stands after Lament. Its roots twist and turn like a pythons and loongs; its gnarled branches resemble sharp claws, showing all the wantonness.\nIn the early days of the Threnodian War, when faced with the TD army of the Crownless, the Huanglong Army and the villagers of Qichi worked together to resist here and achieved a valuable victory. The immovable ancient tree is like the coordinates of the earth and has become a symbol to rely on. As long as Longwang is still here, the Central Plains will be reborn again.\nIn 147 A. L., the inhabitants of Qichi Village, with the help of Tiancheng, restored the old tree and officially named it "Longwang".\n\nKind Reminder: Please carve marks on the trunk or branches. Everyone should be responsible for taking care of the ancient tree.
lang_infodisplay.db	49	3.4	Khác	Khác			Journal without signature No. 1
lang_infodisplay.db	5	3.4	Khác	Khác			Dim Forest Ecological Survey (3)
lang_infodisplay.db	50	3.4	Khác	Khác			Day 27\nThe bombing kept on for 3 hours. Then it stopped for 2 hours, and started again for another 3 hours.\n\nDay 28\nThe bombing kept on for 3 hours. Then it stopped for 2 hours, and started again for another 3 hours. Sanshui tried to stop me from taking note of this. There isn't a routine. But I count the time by watching Gui sigh. He sighs every half an hour. I know his habit, it's always like that.\nIt's necessary to note the time. There will be the day we get out of here.
lang_infodisplay.db	51	3.4	Khác	Khác			Journal without signature No. 2
lang_infodisplay.db	52	3.4	Khác	Khác			Day 109\nToday there were two loud noises, I couldn't tell what they were. There was a pause in the middle of about two minutes or...... three minutes? When the first noise came, the new bed Gui just built was shaken all apart, sand and dust from the stone cracks overhead clattering off. he was immediately shocked, frozen there. And when the second noise striked, he howled violently all of a sudden.\nSanshui told him to shut up, but he kept howling. Sanshui gave him a slap, told him to not affect others.\nI didn't care, though. At the first noise, I was already thinking about my next life. In my next life I want to be a Gulpuff, and I'll prick whoever messes with me, so I don't have to hide in this dull cave.\n\nDay 110\nSanshui said Threnodians could trample hundres of Gulpuffs into pieces in one blow. I said that wouldn't matter. The Gulpuffs would prick his foot.\nNo sounds heard today.
lang_infodisplay.db	53	3.4	Khác	Khác			Journal without signature No. 3
lang_infodisplay.db	54	3.4	Khác	Khác			Gui's baby was born at night. The moonlight shone in through the big hole that was blown open, and it was quite bright. Everyone was yakking and trying to name the child, and we finally chose "Changming". The child immediately cried, and then Gui followed, and everyone cried, even Sanshui also wiped his eyes.\nBefore the roof of the cave was blown open, daylight could not be seen at this place. When we listen to the artillery fire outside, in addition to fear, there was also a little unspeakable...... ease. Now well, people always know the dawn and dusk, the rain and shine. Everyone has decided to live here. I give up on thinking about how the Threnodians will end up. We are good here.\n\nMaybe, in the future, someone will come here for investigation and find "cavemen" or something like that. I'm writing this down because I hope the explorer won't treat us like ancient apes, and make it awkward with all the verifications and research.\nWe are just villagers who came here for refuge, nothing special, no need to remember us.
lang_infodisplay.db	55	3.4	Khác	Khác			Notice of Construction
lang_infodisplay.db	56	3.4	Khác	Khác			The construction of the focus array will officially begin on September 10, when the Tacetite Industrial Transportation Station will be responsible for the transfer work. Relevant staff is asked to pay attention to maintaining road safety, close check of supplies, regular monitor of the environment to ensure the safe storage of the Wutherium Fluid.\nDuring the construction process, non-technical staff should stay away from the site, and direct contact with Wutherium Fluid without protection is prohibited. If you feel unwell, please report it in time.\n\n158 A. L. August 30
lang_infodisplay.db	57	3.4	Khác	Khác			Beware of Bullies!
lang_infodisplay.db	58	3.4	Khác	Khác			Visitors, if you find stray cats at the entrance of the transfer station, please do not feel free to feed or call out to them.\nThere are two bullies nearby who often approach the staff with the posture of soft relatives and take the opportunity to sneak into the station and hide in the shadows of important equipment. When they are found, they stretch claws and deliberately hurt people. They have become recidivists!\nTo ensure the safe storage of Tacetite products and your personal safety, please beware of the two bullies and do not be deceived by their appearance.\n\n**We have dedicated members of staff to feed them.
lang_infodisplay.db	59	3.4	Khác	Khác			Hotel of Comfort Weekly ~ Issue 100 ~
lang_infodisplay.db	6	3.4	Khác	Khác			After bidding farewell to the Xxx, I headed towards the most important goal, the Confinement Woods.\nIt was a tree that was visually over 200m high, and anyone could smell the aura of great adventure emanating from this giant tree. Its presence seemed to indicate the infinite power of life, and I and Xxx were attracted by its vitality like then afternoon sun. We were involuntarily leaping and cheering.\nBut the closer we get to the tree, the more anxious the plants sound. Even the duckweed beneath the feet are making strange noises.\nI rarely find this phenomenon outside the radiation range of Tacet Fields. Finding the source of this phenomenon may be lead to the reason why the trees throughout the Dim Forest, both the Confinement Woods and the Xxx just now are so huge.\nSo what am I waiting for? It's better to get up and go now than to sit and talk!
lang_infodisplay.db	60	3.4	Khác	Khác			~ Hotel of Comfort ~\nWeekly Read Issue 100 Extra packed edition\n\n*Weekly Fresh News* Bounds of Meeting\nThe first Flower Tossing Festival in Qichi Village ended successfully. Unlike previous years, in order to commemorate the completion of the village in the north, the village invited many nearby villagers this year to participate in the festival as a way of thanking them for their support.\nIt is a custom of the Qichi villagers to toss newly picked flowers branchesor into the Pond of Rain Petals in March to let the water feel the vitality of the early spring and to pray that the joy of the new life will reach the hearts of people so they will not be trapped by the sadness of destruction of the Lament.\nThere is also a small pond near our hotel, so if you are interested, you can also try throwing a handful of flower petals into it when you take a walk after dinner. Although the size of the pond is not as big as the Pond of Rain Petals, but the prayer and joy must be common ~\n\n*Moment of Laughter* Bathroom Read\n"Why does Hukou, the Tiger's Maw seem nothing like a tiger's mouth?"\n"Because once upon a time, a goat got lost in the mountains..."\n\nScientists did an analysis into Tacetite components and found they were all wishes of Resonators.\n\nA chirpuff went down the river and found a hunting heron. He cried:" chirp chirp!"\n\n(This page seems more yellow than the others. Seems like being leafedmany times)\n\n*Special Afterward* Our Last Farewell\nWe have been with you for two years and two months without noticing, and our magazine has successfully reached its 100th issue. At the end of this monumental issue, we would like to say goodbye to all of you.\nThe Lament and the Threnodian War have completely changed the Central Plains, and various sudden disasters have made it difficult for us to resist. At this rate, the Hotel of Comfort will not be able to live up to its name and give travelers a truly safe and comfortable living experience.\nBut our farewell will not be as sudden as Lament. We will continue to operate for another month, and after the transfer, the building will be preserved and taken over by Tiancheng. As for what will become of it, please stay in the loop!
lang_infodisplay.db	69	3.4	Khác	Khác			Jiaping's Diary
lang_infodisplay.db	7	3.4	Khác	Khác			Dim Forest Ecological Survey (4)
lang_infodisplay.db	71	3.4	Khác	Khác			Component Analysis for Mists in Hazy Depths
lang_infodisplay.db	72	3.4	Khác	Khác			Author: Yanshu\nSince the beginning of the "TD Wave" (Years 130-155 ), the fog in the Hazy Depths located at the bottom of the Hukou, the Tiger's Maw, has increased dramatically, and the Academy has detected a large number of Wutheron activity signals at this location.\nThe purpose of this exploration is to continue to investigate the fog, and to rescue the people trapped inside. Members are as follows:\nSpecial Operations Company, Vanguard Battalion, Huanglong Midnight Rangers Regiment (111162)\nGeological Exploration Team, Huaglong Academy\n......\nAnalysis of Results Regarding the Investigation of the Unknown Fog:\nThis exploration collected samples of the mists in the tunnel connecting the Hukou Mine and the Hazy Depths, and analyzed them in the field using the [Simple Spectrometer] carried by the team. Based on the results of this test, we speculate that the mist appears to be a biological component, with a composition similar to the scale powder on the wings of lepidopteran insects, showing non-toxic, low-temperature properties.\nWe infer that the danger of the mists come from its low temperature:\n①\tCondensation of water vapor due to low temperatures can greatly impede vision and cause investigators to lose judgment of direction in the foggy area.\n②\tLow temperatures can directly affect the health status of investigators, prolonged hypothermia leads to reduced physical vitality and the inability to respond to hazards in a timely manner.\nHowever, our current investigation has not yet identified the anomalous sound coming from within the fogs proper, and considering that the unknown sound may lead to panic among the people nearby and affect the operations of the mine, it is recommended that the above information be withheld from the public.\n\nBelow is the personnel missing recently:\nChameng\nKuopu\nLeyun\nSongning\n......\n(Relatives to these persons experienced imaginary voices to various degrees. The contents of the voices are summonings to enter the Hazy Depths at the bottom of the mine. It is suspected that these voices concern the anamolies in the mists. Further investigation is currently impossible due to the lockdown of the Depths. All staff is advised to avoid mists and suspend mining works around the Hazy Depths.
lang_infodisplay.db	73	3.4	Khác	Khác			Report of Accident on the Metro Station Event
lang_infodisplay.db	74	3.4	Khác	Khác			[Event Report]\nSerial No.: ■■■■\nInvestigator: ■■■\nDirector: ■■■, ■■\nLocation: ■■■ Intercity Metro Station\nDate: ■■■ ■■ ■■\nSummary: After detection with the ■■ device, the area was found to be the best site for experiments on the "aggregation factor", as the indicators of Wutheron density, anomalous ■■ and ■■ information all met the conditions, so the ■■ team carried out its work on the same day. After using the power of the "aggregation factor," the researcher ■■■ successfully linked with ■ and obtained information about the history of the area as well as methods to calm ■ down. However, because the linkage was too strong, ■■■ was unable to sever it on his own, and the other team members forcibly awakened ■■■ while calming ■. After completing the report log, ■■■ experienced hallucinations, blurred consciousness, and loss of consciousness, and lost vital signs an hour later.\nThe ■■■ Intercity Metro Station was assessed to be extremely dangerous and was placed on lockdown for cleanup immediately, with all ■■■ team survivors subject to special observation.
lang_infodisplay.db	75	3.4	Khác	Khác			Report of Accident on the Historic Metro Station Event
lang_infodisplay.db	76	3.4	Khác	Khác			[Records of Historic Events]\nRecorder: ■■■\nOrator: ■■■\nLocation: ■■■ Intercity Railway Station\nDate: ■■■ ■■ ■■\nSummary: This event happened in the early stages after Lament, with precise time unknown. The train FUTURE was used to carry the elite group in the ■■■ city at the time to evacuate the hardest-hit areas, and because of the limited capacity for passengers, a large number of civilians of lower social group were stranded in the waiting area and a massive clash occurred. The famous pianist ■■■ on the train decided to get off the train in solidarity with the other civilians and began playing on the spot in the VIP waiting area. The sound of his piano calmed the crowd and echoed the cries of the people. After the train sealed its doors, the system broadcasted "■■■■■■■■■■■■■■■■■■■", which again enraged the crowd and their stampede derailed the train into the mountain, causing an even larger collapse. None survived.
lang_infodisplay.db	77	3.4	Khác	Khác			Environment assessment module
lang_infodisplay.db	78	3.4	Khác	Khác			Analysis of the water samples has been completed.\nXXX collected in the area were studied as the primary specimen in this analysis, which came to conclusions as follows:\n① The pH value and chloride content of the water at the area is within the normal range;\n② The water source has a relatively high insoluble content. A potential problem of water pollution is suspected;\n③ Active presence of MO around has resulted in high levels of Wutherium Compounds;\n④ ......\nSummarizing the points above, we could come to an opinion that the area is not suitble for a new site as indexes exceed standards of habitable environments.
lang_infodisplay.db	79	3.4	Khác	Khác			Environment assessment module
lang_infodisplay.db	8	3.4	Khác	Khác			Whew, I don't know when the last time was when I had such a strenuous movement.\nThe shell of the car I stepped on when I jumped down was surprisingly hiding a TD of XXX. It was the first time I saw such a persistent TD, which started to chase as if really enraged. It chased me from the Confinement Woods all the way here before I could get rid of it.\n\nBut this is already near the Tacet Field, with soil barren and the plants left with only sounds of pain. There is nothing I can do for plants in this state. I have to cheer up! Decay and extinction are also part of ecology. Nature is not always gentle, and it is my duty to detect and witness it.
lang_infodisplay.db	80	3.4	Khác	Khác			The spectroscopic analysis of the soil samples has been completed.\nFlower Shrooms growing at this area were studied as the primiary sample in this analysis, which has come to conclusions as follows:\n① The soil has a high content of moisture and organic matter in the environment at this site;\n② The soil is mixed with certain impurities and has caused soil contamination;\n③ ......\nSummarizing the points above, we could come to an opinion that the area is not suitble for a new site as indexes exceed standards of habitable environments.
lang_infodisplay.db	81	3.4	Khác	Khác			Environment assessment module
lang_infodisplay.db	82	3.4	Khác	Khác			Analysis of the biospecimen has been completed.\nBird Eggs collected in the area were studied as the primary specimen in this analysis, which came to conclusions as follows:\n① Organisms living in the area tend to be more dynamic, possibly showing certain degrees of aggression to human;\n② Wutherium Compound presence in the organisms living in this area far exceeds average level. It is suspected that Tacet Fields might be active in near-by areas;\n③......\nSummarizing the points above, we could come to an opinion that the area is not suitble for a new site as indexes exceed standards of habitable environments.
lang_infodisplay.db	83	3.4	Khác	Khác			Street Interviews by the Tiancheng News: Why Hukou?
lang_infodisplay.db	84	3.4	Khác	Khác			Reporter: Shall I ask you a question? Do you know why this place is called the Hukou, the Tiger's Maw?\nSenior miner: Tiger's Maw? Yeah, he has to open his maw to feed himself, doesn't he!\nKids: Because there's a big cave like a tiger's mouth here! Rorrr...\nPasserby citizen: Majestic like a tiger! Ah, mine is a lion dance costume? It's all the same....... (laughter from the people around)
lang_infodisplay.db	85	3.4	Khác	Khác			Digital Notice about Annual Registration for Ferry Trucks
lang_infodisplay.db	86	3.4	Khác	Khác			Attention, the annual vehicle registration for Tacetite ferry trucks is beginning. Would you please double-check your license expiry time.\nAnyone whose license is expired is not allowed to drive, no matter how practiced he is.\nThe time window for renewal application spreads from the end of this month until the middle of the next. Take your personal documents to the hall to submit the application. The time of the exam will be announced in another occasion.\nBefore you go to the exam, take a good look at the following manuals and get prepared. That will save you some face by avoiding failing the exam.\n\nAttachments: 1. <i>Particulars of Annual Vehicle Registration for Tacetite Ferry Trucks</i>\n2. <i>Basic Requirements for Driver Technique Assessments</i>
lang_infodisplay.db	87	3.4	Khác	Khác			<i>Safety Code of Hukou Mines</i>
lang_infodisplay.db	88	3.4	Khác	Khác			Several new articles are added to the <i>Safety Code of Hukou Mines</i>:\n\n43. Do not believe in rumors about voices. You should not and will not hear any strange voices in the mines, especially those of your relatives.(It is impossible a passed relative could talk to you)\n44. Do not near the fog at any time, even if someone is calling you in the fog.\n45. If you hear any strange voices, ignore it.Stop any work you are doing immediately and attend the infirmary. We will provide treatments for you, mentally and physically.
lang_infodisplay.db	89	3.4	Khác	Khác			Notice on the rumors circulating within the mine about "calling on relatives"
lang_infodisplay.db	9	3.4	Khác	Khác			Dim Forest Ecological Survey (5)
lang_infodisplay.db	90	3.4	Khác	Khác			Recently there have been a lot of rumors in the mine, the source of which is a number of cases of missing miners that have not yet been resolved. The mine understands everyone's feelings, but for the sake of production safety, please maintain a good working environment, do not spread rumors, and do not believe in rumors. As of now the Midnight Rangers have been involved in the investigation of the incidents, so please wait patiently for the investigation results.
lang_infodisplay.db	91	3.4	Khác	Khác			Records No.1 of the Prospecting Team into the Foggy Pit
lang_infodisplay.db	92	3.4	Khác	Khác			How long have we been in the mist, seconds, or minutes? I haven't calmed myself, as heat loss and dread thrill me. I feel like I was freshly picked out from a freezer, curled in stiffness, unable to think.\nWhat is that... what have we gone through... where are we now?\nThem, my companions taken by the mists. Where are them?\n...\nI will keep recording. That is how I keep my brain functioning, until I find the answers.
lang_infodisplay.db	93	3.4	Khác	Khác			Records No.2 of the Prospecting Team into the Hazy Depths
lang_infodisplay.db	94	3.4	Khác	Khác			Chi'su left the backpack to me, and I knew he was ready to sacrifice. I was afraid that he would make it back, and even more afraid that he would be back something else ...... I don't want to wield a Ranger weapon against a comrade.\nWhat's more, it was this one that he gave me.
lang_infodisplay.db	95	3.4	Khác	Khác			Records No.3 of the Prospecting Team into the Hazy Depths
lang_infodisplay.db	96	3.4	Khác	Khác			Well...... I think that was Chisu's voice...... he said "It's okay", just in the calm way like he always does when comforting me......\nMy mood calmed down unexpectedly with his voice, but I can't hold my hands from shaking.\nIt wasn't him......\nThe leader announced to us that the advance team had completed their mission, and that it was time to strike back.\nBecause of the need to carry weapons for two, the record will not be continued later.\nGoodbye, my future comrades, I hope these records will help you.
lang_infodisplay.db	97	3.4	Khác	Khác			A joke
lang_infodisplay.db	98	3.4	Khác	Khác			Ming's mum asked him what kind of work he wanted to do when he was grown up. Ming said he wanted to be a mine worker. Mum did not understand why Ming, a lazy little boy wanted to be a mine worker. Ming said:" because if I am a mine worker, the work is mine. I can skip work whenever I want."\n\nRemarks: "Even if you are a mine worker, the work is not yours. You can't skip it."
lang_infodisplay.db	99	3.4	Khác	Khác			Terminal transcript
lang_instance_dungeon.db	148	3.4	Khác	Khác			Hazy Depths
lang_instance_dungeon.db	202	3.4	Khác	Khác			Center Comand Hall
lang_instance_dungeon.db	208	3.4	Khác	Khác			Hazy Depths
lang_instance_dungeon.db	293	3.4	Khác	Khác			Center Comand Hall
lang_instance_dungeon.db	85	3.4	Khác	Khác			Center Comand Hall
lang_instance_dungeon_entrance.db	29	3.4	Khác	Khác			Center Comand Hall
lang_instance_dungeon_entrance.db	33	3.4	Khác	Khác			Hazy Depths
lang_instance_dungeon_entrance.db	5	3.4	Khác	Khác			Center Comand Hall
lang_instance_dungeon_entrance.db	51	3.4	Khác	Khác			Progressing Base
lang_instance_dungeon_entrance.db	53	3.4	Khác	Khác			Zero Point Research Station
lang_instance_dungeon_entrance.db	54	3.4	Khác	Khác			Large-scale underground experiment center built before the Lament. The well below it attain the depth reaching the mohoroviic discontinuity. Secrets and unknown knowledge await you there.
lang_map_mark.db	10	3.4	Khác	Khác			Dim Forest
lang_map_mark.db	100	3.4	Khác	Khác			Location: Daybreak Slopes - Central Plains - Huanglong\nDescription: As a part of the Choral Calculus Network, Choral Beacons acts as small base stations to record field data and transmits them to the C.C.C. It effectively solves the problem of limited coverage of the Center, being a field roadmap to provide guidance to travelers.
lang_map_mark.db	101	3.4	Khác	Khác			Choral Beacon
lang_map_mark.db	102	3.4	Khác	Khác			Location: Tiancheng Outskirts - Central Plains - Huanglong\nDescription: As a part of the Choral Calculus Network, Choral Beacons acts as small base stations to record field data and transmits them to the C.C.C. It effectively solves the problem of limited coverage of the Center, being a field roadmap to provide guidance to travelers.
lang_map_mark.db	103	3.4	Khác	Khác			Choral Beacon
lang_map_mark.db	104	3.4	Khác	Khác			Location: Ninth Investigation Zone - Central Plains - Huanglong\nDescription: As a part of the Choral Calculus Network, Choral Beacons acts as small base stations to record field data and transmits them to the C.C.C. It effectively solves the problem of limited coverage of the Center, being a field roadmap to provide guidance to travelers.
lang_map_mark.db	105	3.4	Khác	Khác			Choral Beacon
lang_map_mark.db	106	3.4	Khác	Khác			Location: Tacetite Transfer Station - Central Plains - Huanglong\nDescription: As a part of the Choral Calculus Network, Choral Beacons acts as small base stations to record field data and transmits them to the C.C.C. It effectively solves the problem of limited coverage of the Center, being a field roadmap to provide guidance to travelers.
lang_map_mark.db	107	3.4	Khác	Khác			Choral Beacon
lang_map_mark.db	108	3.4	Khác	Khác			Location: Tacetite Grove - Desorock Highlands - Huanglong\nDescription: As a part of the Choral Calculus Network, Choral Beacons acts as small base stations to record field data and transmits them to the C.C.C. It effectively solves the problem of limited coverage of the Center, being a field roadmap to provide guidance to travelers.
lang_map_mark.db	109	3.4	Khác	Khác			Choral Beacon
lang_map_mark.db	11	3.4	Khác	Khác			Forsaken Abundance
lang_map_mark.db	110	3.4	Khác	Khác			Location: Tears of the Dragon - Desorock Highlands - Huanglong\nDescription: As a part of the Choral Calculus Network, Choral Beacons acts as small base stations to record field data and transmits them to the C.C.C. It effectively solves the problem of limited coverage of the Center, being a field roadmap to provide guidance to travelers.
lang_map_mark.db	111	3.4	Khác	Khác			Choral Beacon
lang_map_mark.db	112	3.4	Khác	Khác			Location: Hawk Beak Crag - Desorock Highlands - Huanglong\nDescription: As a part of the Choral Calculus Network, Choral Beacons acts as small base stations to record field data and transmits them to the C.C.C. It effectively solves the problem of limited coverage of the Center, being a field roadmap to provide guidance to travelers.
lang_map_mark.db	113	3.4	Khác	Khác			Choral Beacon
lang_map_mark.db	114	3.4	Khác	Khác			Location: Trek Coast - Desorock Highlands - Huanglong\nDescription: As a part of the Choral Calculus Network, Choral Beacons acts as small base stations to record field data and transmits them to the C.C.C. It effectively solves the problem of limited coverage of the Center, being a field roadmap to provide guidance to travelers.
lang_map_mark.db	115	3.4	Khác	Khác			Choral Beacon
lang_map_mark.db	116	3.4	Khác	Khác			Location: Tacetite Cliff - Desorock Highlands - Huanglong\nDescription: As a part of the Choral Calculus Network, Choral Beacons acts as small base stations to record field data and transmits them to the C.C.C. It effectively solves the problem of limited coverage of the Center, being a field roadmap to provide guidance to travelers.
lang_map_mark.db	117	3.4	Khác	Khác			Choral Calculus Center
lang_map_mark.db	118	3.4	Khác	Khác			Location: Overwatch Camp - Desorock Highlands - Huanglong\nDescription: A set of Wuthering Waves ecological intelligence system developed based on Wutherlogy. Commonly located in medium and large size towns, used to detect and calculate energy fluctuations and TD activities in its surrounding areas, so as to analyze and predict disasters caused by Wuthering Waves ecology.
lang_map_mark.db	119	3.4	Khác	Khác			Choral Calculus Center
lang_map_mark.db	12	3.4	Khác	Khác			Wasted Metropolis
lang_map_mark.db	120	3.4	Khác	Khác			Location: Lakeland Entrance - Desorock Highlands - Huanglong\nDescription: A set of Wuthering Waves ecological intelligence system developed based on Wutherlogy. Commonly located in medium and large size towns, used to detect and calculate energy fluctuations and TD activities in its surrounding areas, so as to analyze and predict disasters caused by Wuthering Waves ecology.
lang_map_mark.db	127	3.4	Khác	Khác			Progressing Base
lang_map_mark.db	129	3.4	Khác	Khác			Zero Point Research Station
lang_map_mark.db	13	3.4	Khác	Khác			Relic Merchant
lang_map_mark.db	131	3.4	Khác	Khác			Choral Calculus Center
lang_map_mark.db	132	3.4	Khác	Khác			Location: Entrance Checkpoint - Forsaken Abundance - Huanglong\nDescription: A set of Wuthering Waves ecological intelligence system developed based on Wutherlogy. Commonly located in medium and large size towns, used to detect and calculate energy fluctuations and TD activities in its surrounding areas, so as to analyze and predict disasters caused by Wuthering Waves ecology.
lang_map_mark.db	133	3.4	Khác	Khác			Choral Calculus Center
lang_map_mark.db	134	3.4	Khác	Khác			Location: Incineranur - Forsaken Abundance - Huanglong\nDescription: A set of Wuthering Waves ecological intelligence system developed based on Wutherlogy. Commonly located in medium and large size towns, used to detect and calculate energy fluctuations and TD activities in its surrounding areas, so as to analyze and predict disasters caused by Wuthering Waves ecology.
lang_map_mark.db	135	3.4	Khác	Khác			Choral Beacon
lang_map_mark.db	136	3.4	Khác	Khác			Location: Section 1 Campsite - Forsaken Abundance - Huanglong\nDescription: As a part of the Choral Calculus Network, Choral Beacons acts as small base stations to record field data and transmits them to the C.C.C. It effectively solves the problem of limited coverage of the Center, being a field roadmap to provide guidance to travelers.
lang_map_mark.db	137	3.4	Khác	Khác			Choral Beacon
lang_map_mark.db	138	3.4	Khác	Khác			Location: Cavern - Forsaken Abundance - Huanglong\nDescription: As a part of the Choral Calculus Network, Choral Beacons acts as small base stations to record field data and transmits them to the C.C.C. It effectively solves the problem of limited coverage of the Center, being a field roadmap to provide guidance to travelers.
lang_map_mark.db	139	3.4	Khác	Khác			Choral Beacon
lang_map_mark.db	14	3.4	Khác	Khác			"Treasures left behind in the land of sores, re-bloom in glory."\n Exchange the collected antiques with merchants to receive different gifts of appreciation.\n Collect the sound caskets scattered across the world, and let the treasures come back to life.
lang_map_mark.db	140	3.4	Khác	Khác			Location: Heart of Incineranur - Forsaken Abundance - Huanglong\nDescription: As a part of the Choral Calculus Network, Choral Beacons acts as small base stations to record field data and transmits them to the C.C.C. It effectively solves the problem of limited coverage of the Center, being a field roadmap to provide guidance to travelers.
lang_map_mark.db	141	3.4	Khác	Khác			Choral Beacon
lang_map_mark.db	142	3.4	Khác	Khác			Location: Section 2 Campsite - Forsaken Abundance - Huanglong\nDescription: As a part of the Choral Calculus Network, Choral Beacons acts as small base stations to record field data and transmits them to the C.C.C. It effectively solves the problem of limited coverage of the Center, being a field roadmap to provide guidance to travelers.
lang_map_mark.db	143	3.4	Khác	Khác			Choral Beacon
lang_map_mark.db	144	3.4	Khác	Khác			Location: Checkpoint - Forsaken Abundance - Huanglong\nDescription: As a part of the Choral Calculus Network, Choral Beacons acts as small base stations to record field data and transmits them to the C.C.C. It effectively solves the problem of limited coverage of the Center, being a field roadmap to provide guidance to travelers.
lang_map_mark.db	145	3.4	Khác	Khác			Choral Beacon
lang_map_mark.db	146	3.4	Khác	Khác			Location: North of Incineranur - Forsaken Abundance - Huanglong\nDescription: As a part of the Choral Calculus Network, Choral Beacons acts as small base stations to record field data and transmits them to the C.C.C. It effectively solves the problem of limited coverage of the Center, being a field roadmap to provide guidance to travelers.
lang_map_mark.db	147	3.4	Khác	Khác			Choral Calculus Center
lang_map_mark.db	148	3.4	Khác	Khác			Location: Eastern Forest - Dim Forest - Huanglong\nDescription: A set of Wuthering Waves ecological intelligence system developed based on Wutherlogy. Commonly located in medium and large size towns, used to detect and calculate energy fluctuations and TD activities in its surrounding areas, so as to analyze and predict disasters caused by Wuthering Waves ecology.
lang_map_mark.db	149	3.4	Khác	Khác			Choral Calculus Center
lang_map_mark.db	15	3.4	Khác	Khác			Weapons Franchise
lang_map_mark.db	150	3.4	Khác	Khác			Location: Battered Gate - Dim Forest - Huanglong\nDescription: A set of Wuthering Waves ecological intelligence system developed based on Wutherlogy. Commonly located in medium and large size towns, used to detect and calculate energy fluctuations and TD activities in its surrounding areas, so as to analyze and predict disasters caused by Wuthering Waves ecology.
lang_map_mark.db	151	3.4	Khác	Khác			Choral Beacon
lang_map_mark.db	153	3.4	Khác	Khác			Choral Beacon
lang_map_mark.db	154	3.4	Khác	Khác			Location: Delta Tacet Field - Dim Forest - Huanglong\nDescription: As a part of the Choral Calculus Network, Choral Beacons acts as small base stations to record field data and transmits them to the C.C.C. It effectively solves the problem of limited coverage of the Center, being a field roadmap to provide guidance to travelers.
lang_map_mark.db	155	3.4	Khác	Khác			Choral Beacon
lang_map_mark.db	156	3.4	Khác	Khác			Location: Confinement Woods - Dim Forest - Huanglong\nDescription: As a part of the Choral Calculus Network, Choral Beacons acts as small base stations to record field data and transmits them to the C.C.C. It effectively solves the problem of limited coverage of the Center, being a field roadmap to provide guidance to travelers.
lang_map_mark.db	157	3.4	Khác	Khác			Choral Beacon
lang_map_mark.db	158	3.4	Khác	Khác			Location: Southern Lands - Dim Forest - Huanglong\nDescription: As a part of the Choral Calculus Network, Choral Beacons acts as small base stations to record field data and transmits them to the C.C.C. It effectively solves the problem of limited coverage of the Center, being a field roadmap to provide guidance to travelers.
lang_map_mark.db	159	3.4	Khác	Khác			Choral Beacon
lang_map_mark.db	16	3.4	Khác	Khác			Weapons franchise store under the Ministry of Development, providing weapon sales, customizations and related services.
lang_map_mark.db	160	3.4	Khác	Khác			Location: Southeastern Lands - Dim Forest - Huanglong\nDescription: As a part of the Choral Calculus Network, Choral Beacons acts as small base stations to record field data and transmits them to the C.C.C. It effectively solves the problem of limited coverage of the Center, being a field roadmap to provide guidance to travelers.
lang_map_mark.db	161	3.4	Khác	Khác			Choral Beacon
lang_map_mark.db	162	3.4	Khác	Khác			Location: Headlands - Dim Forest - Huanglong\nDescription: As a part of the Choral Calculus Network, Choral Beacons acts as small base stations to record field data and transmits them to the C.C.C. It effectively solves the problem of limited coverage of the Center, being a field roadmap to provide guidance to travelers.
lang_map_mark.db	163	3.4	Khác	Khác			Choral Beacon
lang_map_mark.db	164	3.4	Khác	Khác			Location: Western Entrance - Dim Forest - Huanglong\nDescription: As a part of the Choral Calculus Network, Choral Beacons acts as small base stations to record field data and transmits them to the C.C.C. It effectively solves the problem of limited coverage of the Center, being a field roadmap to provide guidance to travelers.
lang_map_mark.db	165	3.4	Khác	Khác			Choral Beacon
lang_map_mark.db	166	3.4	Khác	Khác			Location: Confinement Woods - Dim Forest - Huanglong\nDescription: As a part of the Choral Calculus Network, Choral Beacons acts as small base stations to record field data and transmits them to the C.C.C. It effectively solves the problem of limited coverage of the Center, being a field roadmap to provide guidance to travelers.
lang_map_mark.db	167	3.4	Khác	Khác			Choral Beacon
lang_map_mark.db	169	3.4	Khác	Khác			Choral Calculus Center
lang_map_mark.db	17	3.4	Khác	Khác			Huanglong Academy
lang_map_mark.db	170	3.4	Khác	Khác			Location: Erosion Ruins Upper-Levels - Wasted Metropolis - Huanglong\nDescription: A set of Wuthering Waves ecological intelligence system developed based on Wutherlogy. Commonly located in medium and large size towns, used to detect and calculate energy fluctuations and TD activities in its surrounding areas, so as to analyze and predict disasters caused by Wuthering Waves ecology.
lang_map_mark.db	171	3.4	Khác	Khác			Choral Beacon
lang_map_mark.db	172	3.4	Khác	Khác			Location: Wilderness Colony - Wasted Metropolis - Huanglong\nDescription: As a part of the Choral Calculus Network, Choral Beacons acts as small base stations to record field data and transmits them to the C.C.C. It effectively solves the problem of limited coverage of the Center, being a field roadmap to provide guidance to travelers.
lang_map_mark.db	173	3.4	Khác	Khác			Choral Beacon
lang_map_mark.db	174	3.4	Khác	Khác			Location: Fractured Neighborhood Entrance - Wasted Metropolis - Huanglong\nDescription: As a part of the Choral Calculus Network, Choral Beacons acts as small base stations to record field data and transmits them to the C.C.C. It effectively solves the problem of limited coverage of the Center, being a field roadmap to provide guidance to travelers.
lang_map_mark.db	175	3.4	Khác	Khác			Choral Calculus Center
lang_map_mark.db	176	3.4	Khác	Khác			Location: Mining Site - Hukou, the Tiger's Maw - Huanglong\nDescription: A set of Wuthering Waves ecological intelligence system developed based on Wutherlogy. Commonly located in medium and large size towns, used to detect and calculate energy fluctuations and TD activities in its surrounding areas, so as to analyze and predict disasters caused by Wuthering Waves ecology.
lang_map_mark.db	177	3.4	Khác	Khác			Choral Calculus Center
lang_map_mark.db	178	3.4	Khác	Khác			Location: Distribution Center - Hukou, the Tiger's Maw - Huanglong\nDescription: A set of Wuthering Waves ecological intelligence system developed based on Wutherlogy. Commonly located in medium and large size towns, used to detect and calculate energy fluctuations and TD activities in its surrounding areas, so as to analyze and predict disasters caused by Wuthering Waves ecology.
lang_map_mark.db	179	3.4	Khác	Khác			Choral Beacon
lang_map_mark.db	18	3.4	Khác	Khác			The highest scientific research institution of Huanglong located in Tiancheng. The Academy conducts research and also provides support to the population in various fields of science and technology.
lang_map_mark.db	180	3.4	Khác	Khác			Location: Mine Lower-Levels - Hukou, the Tiger's Maw - Huanglong\nDescription: A set of Wuthering Waves ecological intelligence system developed based on Wutherlogy. Commonly located in medium and large size towns, used to detect and calculate energy fluctuations and TD activities in its surrounding areas, so as to analyze and predict disasters caused by Wuthering Waves ecology.
lang_map_mark.db	181	3.4	Khác	Khác			Choral Beacon
lang_map_mark.db	182	3.4	Khác	Khác			Location: Tacet Field Entrance - Hukou, the Tiger's Maw - Huanglong\nDescription: A set of Wuthering Waves ecological intelligence system developed based on Wutherlogy. Commonly located in medium and large size towns, used to detect and calculate energy fluctuations and TD activities in its surrounding areas, so as to analyze and predict disasters caused by Wuthering Waves ecology.
lang_map_mark.db	183	3.4	Khác	Khác			Choral Beacon
lang_map_mark.db	184	3.4	Khác	Khác			Location: Mine Upper-Levels - Hukou, the Tiger's Maw - Huanglong\nDescription: A set of Wuthering Waves ecological intelligence system developed based on Wutherlogy. Commonly located in medium and large size towns, used to detect and calculate energy fluctuations and TD activities in its surrounding areas, so as to analyze and predict disasters caused by Wuthering Waves ecology.
lang_map_mark.db	185	3.4	Khác	Khác			Choral Beacon
lang_map_mark.db	186	3.4	Khác	Khác			Location: Tiancheng Overlook - Hukou, the Tiger's Maw - Huanglong\nDescription: A set of Wuthering Waves ecological intelligence system developed based on Wutherlogy. Commonly located in medium and large size towns, used to detect and calculate energy fluctuations and TD activities in its surrounding areas, so as to analyze and predict disasters caused by Wuthering Waves ecology.
lang_map_mark.db	187	3.4	Khác	Khác			Choral Beacon
lang_map_mark.db	188	3.4	Khác	Khác			Location: Abandoned Metro - Hukou, the Tiger's Maw - Huanglong\nDescription: A set of Wuthering Waves ecological intelligence system developed based on Wutherlogy. Commonly located in medium and large size towns, used to detect and calculate energy fluctuations and TD activities in its surrounding areas, so as to analyze and predict disasters caused by Wuthering Waves ecology.
lang_map_mark.db	189	3.4	Khác	Khác			Choral Beacon
lang_map_mark.db	19	3.4	Khác	Khác			"Souvenir" Shop
lang_map_mark.db	190	3.4	Khác	Khác			Location: Beside the Mid-Level Elevator - Hukou, the Tiger's Maw - Huanglong\nDescription: A set of Wuthering Waves ecological intelligence system developed based on Wutherlogy. Commonly located in medium and large size towns, used to detect and calculate energy fluctuations and TD activities in its surrounding areas, so as to analyze and predict disasters caused by Wuthering Waves ecology.
lang_map_mark.db	191	3.4	Khác	Khác			Choral Calculus Center
lang_map_mark.db	192	3.4	Khác	Khác			Location: Count's Nest Harbor - Whining Aix's Mire - Huanglong\nDescription: A set of Wuthering Waves ecological intelligence system developed based on Wutherlogy. Commonly located in medium and large size towns, used to detect and calculate energy fluctuations and TD activities in its surrounding areas, so as to analyze and predict disasters caused by Wuthering Waves ecology.
lang_map_mark.db	193	3.4	Khác	Khác			Choral Calculus Center
lang_map_mark.db	195	3.4	Khác	Khác			Choral Calculus Center
lang_map_mark.db	196	3.4	Khác	Khác			Location: Huanglong Supply Station - Whining Aix's Mire - Huanglong\nDescription: A set of Wuthering Waves ecological intelligence system developed based on Wutherlogy. Commonly located in medium and large size towns, used to detect and calculate energy fluctuations and TD activities in its surrounding areas, so as to analyze and predict disasters caused by Wuthering Waves ecology.
lang_map_mark.db	197	3.4	Khác	Khác			Choral Beacon
lang_map_mark.db	199	3.4	Khác	Khác			Choral Beacon
lang_map_mark.db	2	3.4	Khác	Khác			Pioneer Association
lang_map_mark.db	20	3.4	Khác	Khác			These coins are often found scattered all over the world, and intrigued merchants from various nations are happy to exchange them for so-called "souvenirs".
lang_map_mark.db	200	3.4	Khác	Khác			Location: Memorial Cemetery - Whining Aix's Mire - Huanglong\nDescription: As a part of the Choral Calculus Network, Choral Beacons acts as small base stations to record field data and transmits them to the C.C.C. It effectively solves the problem of limited coverage of the Center, being a field roadmap to provide guidance to travelers.
lang_map_mark.db	201	3.4	Khác	Khác			Choral Beacon
lang_map_mark.db	202	3.4	Khác	Khác			Location: Fomer Huanglong Command Center - Whining Aix's Mire - Huanglong\nDescription: As a part of the Choral Calculus Network, Choral Beacons acts as small base stations to record field data and transmits them to the C.C.C. It effectively solves the problem of limited coverage of the Center, being a field roadmap to provide guidance to travelers.
lang_map_mark.db	203	3.4	Khác	Khác			Choral Beacon
lang_map_mark.db	204	3.4	Khác	Khác			Location: Fjords Lighthouse - Whining Aix's Mire - Huanglong\nDescription: As a part of the Choral Calculus Network, Choral Beacons acts as small base stations to record field data and transmits them to the C.C.C. It effectively solves the problem of limited coverage of the Center, being a field roadmap to provide guidance to travelers.
lang_map_mark.db	205	3.4	Khác	Khác			Choral Beacon
lang_map_mark.db	206	3.4	Khác	Khác			Location: Tattered Country Road - Whining Aix's Mire - Huanglong\nDescription: As a part of the Choral Calculus Network, Choral Beacons acts as small base stations to record field data and transmits them to the C.C.C. It effectively solves the problem of limited coverage of the Center, being a field roadmap to provide guidance to travelers.
lang_map_mark.db	207	3.4	Khác	Khác			Choral Beacon
lang_map_mark.db	208	3.4	Khác	Khác			Location: Waterfall Cave - Whining Aix's Mire - Huanglong\nDescription: As a part of the Choral Calculus Network, Choral Beacons acts as small base stations to record field data and transmits them to the C.C.C. It effectively solves the problem of limited coverage of the Center, being a field roadmap to provide guidance to travelers.
lang_map_mark.db	209	3.4	Khác	Khác			Choral Beacon
lang_map_mark.db	21	3.4	Khác	Khác			Panhua's Kitchen
lang_map_mark.db	210	3.4	Khác	Khác			Location: Marshlands - Whining Aix's Mire - Huanglong\nDescription: As a part of the Choral Calculus Network, Choral Beacons acts as small base stations to record field data and transmits them to the C.C.C. It effectively solves the problem of limited coverage of the Center, being a field roadmap to provide guidance to travelers.
lang_map_mark.db	211	3.4	Khác	Khác			Choral Beacon
lang_map_mark.db	212	3.4	Khác	Khác			Location: Fallen Tomb - Whining Aix's Mire - Huanglong\nDescription: As a part of the Choral Calculus Network, Choral Beacons acts as small base stations to record field data and transmits them to the C.C.C. It effectively solves the problem of limited coverage of the Center, being a field roadmap to provide guidance to travelers.
lang_map_mark.db	213	3.4	Khác	Khác			Choral Beacon
lang_map_mark.db	214	3.4	Khác	Khác			Location: Old Dam Site - Whining Aix's Mire - Huanglong\nDescription: As a part of the Choral Calculus Network, Choral Beacons acts as small base stations to record field data and transmits them to the C.C.C. It effectively solves the problem of limited coverage of the Center, being a field roadmap to provide guidance to travelers.
lang_map_mark.db	215	3.4	Khác	Khác			Choral Beacon
lang_map_mark.db	217	3.4	Khác	Khác			Choral Calculus Center
lang_map_mark.db	219	3.4	Khác	Khác			Choral Beacon
lang_map_mark.db	22	3.4	Khác	Khác			A restaurant Panhua opened in Tiancheng, with open stoves and kitchen. It is the most famous and the most popular restaurant in Tiancheng with a constant flow of patrons. All kinds of gourmets like to seek delicious food here, and secretly consider Panhua as the culinary god of Tiancheng, a representative of the Huanglong food culture.
lang_map_mark.db	220	3.4	Khác	Khác			Choral Beacon
lang_map_mark.db	221	3.4	Khác	Khác			Choral Beacon
lang_map_mark.db	222	3.4	Khác	Khác			Choral Beacon
lang_map_mark.db	223	3.4	Khác	Khác			Choral Beacon
lang_map_mark.db	224	3.4	Khác	Khác			Choral Calculus Center
lang_map_mark.db	225	3.4	Khác	Khác			Location: Basepoint Research Station - Huanglong\nDescription: A set of Wuthering Waves ecological intelligence system developed based on Wutherlogy. Commonly located in medium and large size towns, used to detect and calculate energy fluctuations and TD activities in its surrounding areas, so as to analyze and predict disasters caused by Wuthering Waves ecology.
lang_map_mark.db	226	3.4	Khác	Khác			Vanguard Junrock
lang_map_mark.db	227	3.4	Khác	Khác			Tacet Discord commonly seen active within mines and mountainous areas, small in size, relatively low danger level.
lang_map_mark.db	228	3.4	Khác	Khác			Fission Junrock
lang_map_mark.db	229	3.4	Khác	Khác			A Resinacrustidum species of small size Tacet Discords, often found active in packs. Mainly appears in areas with abundant rock masses. Danger level relatively low.
lang_map_mark.db	23	3.4	Khác	Khác			Pharmacy Store
lang_map_mark.db	230	3.4	Khác	Khác			Impulse Predator
lang_map_mark.db	231	3.4	Khác	Khác			Tacet Discord whose appearance resembles that of a human, has specialized upper limbs that can use conductive energy for long-range attacks. According to witnesses, and is somewhat dangerous.
lang_map_mark.db	232	3.4	Khác	Khác			Fusion Warrior
lang_map_mark.db	233	3.4	Khác	Khác			The appearance of this Tacet Discord resembles a humanoid, widely distributed. The attacks are mainly at close range and are dangerous.
lang_map_mark.db	234	3.4	Khác	Khác			Rupture Warrior
lang_map_mark.db	235	3.4	Khác	Khác			A humanoid Tacet Discord with a wide distribution that mainly attacks at close range. Possesses unilateral idiosyncratic upper extremity, with some risk.
lang_map_mark.db	236	3.4	Khác	Khác			Medium Tacet Field - Transmitter
lang_map_mark.db	237	3.4	Khác	Khác			Tacet Field of Medium danger level, defeat TDs dwelling within to obtain Transmitters used for character development.
lang_map_mark.db	238	3.4	Khác	Khác			Rocksteady Guardian
lang_map_mark.db	239	3.4	Khác	Khác			Widespread humanoid TDs, according to eyewitnesses, have specialized arms, attack mainly at close range and are dangerous.
lang_map_mark.db	24	3.4	Khác	Khác			A store selling a variety of pharmaceuticals, various daily medicinal drugs you need can be found here.
lang_map_mark.db	240	3.4	Khác	Khác			Tic Tac
lang_map_mark.db	241	3.4	Khác	Khác			A common small Tacet Discord that can release a small amount of Havoc energy to attack. Relatively low danger level.
lang_map_mark.db	242	3.4	Khác	Khác			Whiff Whoosh
lang_map_mark.db	243	3.4	Khác	Khác			A common small Tacet Discord that can release a small amount of Aero energy to attack. Relatively low danger level.
lang_map_mark.db	244	3.4	Khác	Khác			Snip Snap
lang_map_mark.db	245	3.4	Khác	Khác			A common small size Tacet Discord that can release a small amount of Fusion energy to attack. Relatively low danger level.
lang_map_mark.db	246	3.4	Khác	Khác			Zig Zag
lang_map_mark.db	247	3.4	Khác	Khác			A common small Tacet Discord that can releas a small amount of Spectra energy to attack. Relatively low danger level.
lang_map_mark.db	248	3.4	Khác	Khác			Pneuma Predator
lang_map_mark.db	249	3.4	Khác	Khác			The appearance of this TD resembles a hunter with a bowler hat on his head, appearing in Tacet Fields everywhere, with a special long-range attack and a certain degree of danger.
lang_map_mark.db	25	3.4	Khác	Khác			Ma He's Grocers
lang_map_mark.db	250	3.4	Khác	Khác			Glacio Predator
lang_map_mark.db	251	3.4	Khác	Khác			A common humanoid TD found in Tacet Fields of across the world. According to eyewitnesses, it resembles a hunter in a cloak and can use Glacio energy for long-range attacks. Moderate danger level.
lang_map_mark.db	252	3.4	Khác	Khác			Spectra Prism
lang_map_mark.db	253	3.4	Khác	Khác			According to sighting reports, this TD is often found in Tacetite vein systems and can cause Spectra damage.
lang_map_mark.db	254	3.4	Khác	Khác			Glacio Prism
lang_map_mark.db	255	3.4	Khác	Khác			According to sighting reports, this TD is often found in Tacetite vein systems and can cause Glacio damage.
lang_map_mark.db	256	3.4	Khác	Khác			Rupture Prism
lang_map_mark.db	257	3.4	Khác	Khác			According to sighting reports, this TD is often found in Tacetite vein systems and can cause Havoc damage.
lang_map_mark.db	258	3.4	Khác	Khác			Fusion Prism
lang_map_mark.db	259	3.4	Khác	Khác			According to sighting reports, this TD is often found in Tacetite vein systems and can cause Fusion damage.
lang_map_mark.db	26	3.4	Khác	Khác			A grocery store located in the city proper of Tiancheng, Huanglong. The store's owner, Ma He, is honest, an introvert, and works practically. Once a henpecked husband, but because of his insistence on "ingredients are more important to make a tasty dish", he and his wife broke out in a serious argument, and has been living apart since.
lang_map_mark.db	260	3.4	Khác	Khác			Chasm Guardian
lang_map_mark.db	261	3.4	Khác	Khác			This type of TD is visible in multiple regions, with unilateral upper limb idiosyncrasy, similar to a human raising a shield with one hand, and is dangerous
lang_map_mark.db	262	3.4	Khác	Khác			Stonewall Bracer
lang_map_mark.db	263	3.4	Khác	Khác			Commonly found in mountainous hills and other places of human-like TDs, widely distributed, with a certain degree of danger.
lang_map_mark.db	264	3.4	Khác	Khác			Flute Instrumentalist
lang_map_mark.db	265	3.4	Khác	Khác			Human-like TD, widely distributed and visible in multiple regions. According to eyewitnesses, the attack is similar to humans playing wind instruments and is somewhat dangerous.
lang_map_mark.db	266	3.4	Khác	Khác			Tambourine Instrumentalist
lang_map_mark.db	267	3.4	Khác	Khác			Such TDs are widely distributed and visible in multiple regions. Sighting reports indicate that they are capable of influencing the actions of opponents through special attacks and are somewhat dangerous.
lang_map_mark.db	268	3.4	Khác	Khác			Gulpuff
lang_map_mark.db	269	3.4	Khác	Khác			A low-risk Mutant Organism with a peculiar activity pattern that is commonly found in the waters of Whining Aix's Mire.
lang_map_mark.db	27	3.4	Khác	Khác			Interference Exchange
lang_map_mark.db	270	3.4	Khác	Khác			Violet-Feathered Heron
lang_map_mark.db	271	3.4	Khác	Khác			Large Mutant Organism unique to Huanglong, often found in the Huanglong territory between the wetlands and lakes. Desorock Highlands also have their traces, aggressive and territorial awareness is very strong, there is a certain degree of danger.
lang_map_mark.db	272	3.4	Khác	Khác			Cyan-Feathered Heron
lang_map_mark.db	273	3.4	Khác	Khác			One of the large waders endemic to Huanglong. It is ferocious in nature and is mostly found in the waters of Huanglong and the Desorock Highlands, and is somewhat dangerous.
lang_map_mark.db	274	3.4	Khác	Khác			Cruisewing
lang_map_mark.db	275	3.4	Khác	Khác			Mutant Organism unique to the Dim Forest. Multiple sighting reports show that such Mutant Organisms are relatively high in intelligence, have strong ability to act cooperatively, capable of group combat, and are somewhat dangerous.
lang_map_mark.db	276	3.4	Khác	Khác			Sabyr Boar
lang_map_mark.db	277	3.4	Khác	Khác			A medium-sized Mutant Organism with a violent temperament. Terrestrial, mostly living in groups, good at running and rushing, widely distributed. Relatively low danger level.
lang_map_mark.db	278	3.4	Khác	Khác			Excarat
lang_map_mark.db	279	3.4	Khác	Khác			Small boar-like Mutant Organism common within Huanglong, they are easily found in warmer areas during the day. Relatively low danger level.
lang_map_mark.db	28	3.4	Khác	Khác			Common exchange offices found in major cities, a place where you can use Interference Slides obtained from sampling missions to exchange for rare supplies.
lang_map_mark.db	280	3.4	Khác	Khác			Geohide Saurian Minor
lang_map_mark.db	281	3.4	Khác	Khác			Mostly seen as juvenile reptiles in the Desorock Highlands. According to witnesses, it usually follows the adults and hunts in concert, which is dangerous.
lang_map_mark.db	282	3.4	Khác	Khác			Geohide Saurian Major
lang_map_mark.db	283	3.4	Khác	Khác			The Mutant Organism is mostly found in the Desorock Highlands. According to witnesses, it is a large reptile, fast action, more dangerous.
lang_map_mark.db	284	3.4	Khác	Khác			Roseshroom (Immature)
lang_map_mark.db	285	3.4	Khác	Khác			Mature stage mutant plant, widely distributed worldwide, prefers wet areas with more Tacetites. Relatively low danger level.
lang_map_mark.db	286	3.4	Khác	Khác			Roseshroom (Mature)
lang_map_mark.db	287	3.4	Khác	Khác			Widely distributed mutant plants, mostly found in areas with more Tacetite, less dangerous.
lang_map_mark.db	288	3.4	Khác	Khác			Spearback Ursa
lang_map_mark.db	289	3.4	Khác	Khác			Large Mutant Organism inhabiting the Huanglong Forest, usually moving in small groups of 3-5, with a keen sense of smell and a certain degree of danger.
lang_map_mark.db	29	3.4	Khác	Khác			Tacet Field
lang_map_mark.db	290	3.4	Khác	Khác			Frostbite Tertoise
lang_map_mark.db	291	3.4	Khác	Khác			Terrestrial Mutant Organism, mostly found in the Gorges of Spirit. Some sightings have also been reported in places such as the Whining Aix's Mire, and the danger is not high.
lang_map_mark.db	292	3.4	Khác	Khác			Rupture Dreadmane Major
lang_map_mark.db	293	3.4	Khác	Khác			A widely distributed juvenile canidae with numerous subspecies, usually following the adults around in groups. This subspecies appears to have evolved specificity for fusion property and is less dangerous.
lang_map_mark.db	294	3.4	Khác	Khác			Fusion Dreadmane Minor
lang_map_mark.db	295	3.4	Khác	Khác			Mature stage mutant plant, widely distributed worldwide, prefers wet areas with more Tacetites. Relatively low danger level.
lang_map_mark.db	296	3.4	Khác	Khác			Exile Commoner
lang_map_mark.db	297	3.4	Khác	Khác			Dangerous individuals roaming the wilderness of various nations, mostly operating in groups, appearing in groups, easy to deal with singly. Relatively low danger level.
lang_map_mark.db	298	3.4	Khác	Khác			Exile Leader
lang_map_mark.db	299	3.4	Khác	Khác			Leaders of the outlaws, usually found in the Exile Campgrounds across the world, has more combat experience and skills than the average Exile, and are somewhat dangerous.
lang_map_mark.db	3	3.4	Khác	Khác			The Pioneer Association is an organization that was debated and established by the Humanity Community after the Threnodian War. The organization was born out of the "Pioneer Convention", a treaty agreed upon by the Human Community, and adheres to the spirit of the Convention: "Smile in the face of storm, fearless of lightning, together for a better world", guiding humanity to develop a pioneering and adventurous spirit to rebuild the human civilization.
lang_map_mark.db	30	3.4	Khác	Khác			Generally considered as a derivation of Lament, commonly found in abnormal areas of energy fluctuations. It is one of many breeding grounds of Tacet Discords. A field of torment to any commoner who dares to set foot in.\nAlthough unusually dangerous, but the purification of the Tacet Field can save large eroded areas, and Resonators can also obtain many useful materials for themselves.
lang_map_mark.db	300	3.4	Khác	Khác			Medium Tacet Field - Weapon
lang_map_mark.db	301	3.4	Khác	Khác			Tacet Field of Medium danger level, defeat TDs dwelling within to obtain energy cores used for weapon enhancement.
lang_map_mark.db	302	3.4	Khác	Khác			Medium Tacet Field - Echo
lang_map_mark.db	303	3.4	Khác	Khác			Tacet Field of Medium danger level, defeat TDs dwelling within to obtain Echoes.
lang_map_mark.db	304	3.4	Khác	Khác			Medium Tacet Field - Tacetite
lang_map_mark.db	305	3.4	Khác	Khác			Tacet Field of Medium danger level, defeat TDs dwelling within to obtain more Tacetite Coins.
lang_map_mark.db	306	3.4	Khác	Khác			Hooscamp
lang_map_mark.db	308	3.4	Khác	Khác			Cyrscorpion
lang_map_mark.db	309	3.4	Khác	Khác			Small Mutant Organism, widely distributed, with different subspecies reported in various regions, mostly found in caves, mines and other dark and humid places around the world, with a low level of danger.
lang_map_mark.db	31	3.4	Khác	Khác			Tacet Field
lang_map_mark.db	310	3.4	Khác	Khác			Hoochief
lang_map_mark.db	312	3.4	Khác	Khác			Spearback Ursa
lang_map_mark.db	313	3.4	Khác	Khác			Large Mutant Organism inhabiting the Huanglong Forest, usually moving in small groups of 3-5, with a keen sense of smell and a certain degree of danger.
lang_map_mark.db	314	3.4	Khác	Khác			Chaserazor
lang_map_mark.db	318	3.4	Khác	Khác			Fractsidus Executioner
lang_map_mark.db	32	3.4	Khác	Khác			Generally considered as a derivation of Lament, commonly found in abnormal areas of energy fluctuations. It is one of many breeding grounds of Tacet Discords. A field of torment to any commoner who dares to set foot in.\nAlthough unusually dangerous, but the purification of the Tacet Field can save large eroded areas, and Resonators can also obtain many useful materials for themselves.
lang_map_mark.db	320	3.4	Khác	Khác			Thunder Squama
lang_map_mark.db	321	3.4	Khác	Khác			The Thunder Squama resembles the fusion of a human and a lizard, attacks with electric charges, able to use Wutherons within the Tacet Field for performing quick maneuvers.
lang_map_mark.db	322	3.4	Khác	Khác			Inferno Rider
lang_map_mark.db	323	3.4	Khác	Khác			A powerful Tacet Discord located in the Forsaken Abundance, According to witnesses, its movement is different from other TDs, more information to be further researched.
lang_map_mark.db	324	3.4	Khác	Khác			Gleamtender
lang_map_mark.db	326	3.4	Khác	Khác			Feilian Beringal
lang_map_mark.db	327	3.4	Khác	Khác			A formidable Mutant Organism deep in the Dim Forest. Leader of the Hoochiefs.
lang_map_mark.db	328	3.4	Khác	Khác			Mourning Aix
lang_map_mark.db	33	3.4	Khác	Khác			Tacet Field
lang_map_mark.db	330	3.4	Khác	Khác			Crownless
lang_map_mark.db	331	3.4	Khác	Khác			A Tacet Discord observed in the Central Plains, there has been only sighting report for this TD, that of which from the Rover. There is no detailed record of its full appearance, and it is judged to be extremely dangerous according to its energy level.
lang_map_mark.db	332	3.4	Khác	Khác			Bell-Borne Geochelone
lang_map_mark.db	333	3.4	Khác	Khác			Large Mutant Organism that inhabit the depths of the Gorges of Spirit, the ancient bell on their backs can explode with extremely lethal sound waves when they are rung.
lang_map_mark.db	334	3.4	Khác	Khác			Chirpuff
lang_map_mark.db	34	3.4	Khác	Khác			Generally considered as a derivation of Lament, commonly found in abnormal areas of energy fluctuations. It is one of many breeding grounds of Tacet Discords. A field of torment to any commoner who dares to set foot in.\nAlthough unusually dangerous, but the purification of the Tacet Field can save large eroded areas, and Resonators can also obtain many useful materials for themselves.
lang_map_mark.db	342	3.4	Khác	Khác			Choral Calculus Center
lang_map_mark.db	343	3.4	Khác	Khác			Choral Beacon
lang_map_mark.db	344	3.4	Khác	Khác			Choral Beacon
lang_map_mark.db	345	3.4	Khác	Khác			Choral Beacon
lang_map_mark.db	346	3.4	Khác	Khác			Choral Beacon
lang_map_mark.db	347	3.4	Khác	Khác			Choral Beacon
lang_map_mark.db	348	3.4	Khác	Khác			Choral Beacon
lang_map_mark.db	349	3.4	Khác	Khác			Choral Beacon
lang_map_mark.db	35	3.4	Khác	Khác			Tacet Field
lang_map_mark.db	350	3.4	Khác	Khác			Choral Beacon
lang_map_mark.db	351	3.4	Khác	Khác			Choral Beacon
lang_map_mark.db	352	3.4	Khác	Khác			Choral Beacon
lang_map_mark.db	36	3.4	Khác	Khác			Generally considered as a derivation of Lament, commonly found in abnormal areas of energy fluctuations. It is one of many breeding grounds of Tacet Discords. A field of torment to any commoner who dares to set foot in.\nAlthough unusually dangerous, but the purification of the Tacet Field can save large eroded areas, and Resonators can also obtain many useful materials for themselves.
lang_map_mark.db	37	3.4	Khác	Khác			Tacet Field
lang_map_mark.db	38	3.4	Khác	Khác			Generally considered as a derivation of Lament, commonly found in abnormal areas of energy fluctuations. It is one of many breeding grounds of Tacet Discords. A field of torment to any commoner who dares to set foot in.\nAlthough unusually dangerous, but the purification of the Tacet Field can save large eroded areas, and Resonators can also obtain many useful materials for themselves.
lang_map_mark.db	39	3.4	Khác	Khác			Tacet Field
lang_map_mark.db	4	3.4	Khác	Khác			Gorges of Spirits
lang_map_mark.db	40	3.4	Khác	Khác			Generally considered as a derivation of Lament, commonly found in abnormal areas of energy fluctuations. It is one of many breeding grounds of Tacet Discords. A field of torment to any commoner who dares to set foot in.\nAlthough unusually dangerous, but the purification of the Tacet Field can save large eroded areas, and Resonators can also obtain many useful materials for themselves.
lang_map_mark.db	41	3.4	Khác	Khác			Tacet Field
lang_map_mark.db	42	3.4	Khác	Khác			Generally considered as a derivation of Lament, commonly found in abnormal areas of energy fluctuations. It is one of many breeding grounds of Tacet Discords. A field of torment to any commoner who dares to set foot in.\nAlthough unusually dangerous, but the purification of the Tacet Field can save large eroded areas, and Resonators can also obtain many useful materials for themselves.
lang_map_mark.db	43	3.4	Khác	Khác			Tacet Field
lang_map_mark.db	44	3.4	Khác	Khác			Generally considered as a derivation of Lament, commonly found in abnormal areas of energy fluctuations. It is one of many breeding grounds of Tacet Discords. A field of torment to any commoner who dares to set foot in.\nAlthough unusually dangerous, but the purification of the Tacet Field can save large eroded areas, and Resonators can also obtain many useful materials for themselves.
lang_map_mark.db	45	3.4	Khác	Khác			Tacet Field
lang_map_mark.db	46	3.4	Khác	Khác			Generally considered as a derivation of Lament, commonly found in abnormal areas of energy fluctuations. It is one of many breeding grounds of Tacet Discords. A field of torment to any commoner who dares to set foot in.\nAlthough unusually dangerous, but the purification of the Tacet Field can save large eroded areas, and Resonators can also obtain many useful materials for themselves.
lang_map_mark.db	47	3.4	Khác	Khác			Crownless
lang_map_mark.db	48	3.4	Khác	Khác			A Tacet Discord observed in the Central Plains, there has been only sighting report for this TD, that of which from the Rover. There is no detailed record of its full appearance, and it is judged to be extremely dangerous according to its energy level.
lang_map_mark.db	49	3.4	Khác	Khác			Bell-Borne Geochelone
lang_map_mark.db	5	3.4	Khác	Khác			Tiancheng Urban Area
lang_map_mark.db	50	3.4	Khác	Khác			Large Mutant Organism that inhabit the depths of the Gorges of Spirit, the ancient bell on their backs can explode with extremely lethal sound waves when they are rung.
lang_map_mark.db	51	3.4	Khác	Khác			Thunder Squama
lang_map_mark.db	52	3.4	Khác	Khác			The Thunder Squama resembles the fusion of a human and a lizard, attacks with electric charges, able to use Wutherons within the Tacet Field for performing quick maneuvers.
lang_map_mark.db	53	3.4	Khác	Khác			Inferno Rider
lang_map_mark.db	54	3.4	Khác	Khác			A powerful Tacet Discord located in the Forsaken Abundance, According to witnesses, its movement is different from other TDs, more information to be further researched.
lang_map_mark.db	55	3.4	Khác	Khác			Feilian Beringal
lang_map_mark.db	56	3.4	Khác	Khác			A formidable Mutant Organism deep in the Dim Forest. Leader of the Hoochiefs.
lang_map_mark.db	57	3.4	Khác	Khác			Mourning Aix
lang_map_mark.db	6	3.4	Khác	Khác			Central Plains
lang_map_mark.db	61	3.4	Khác	Khác			Hazy Depths
lang_map_mark.db	63	3.4	Khác	Khác			Choral Beacon
lang_map_mark.db	64	3.4	Khác	Khác			Location: Dragonwatch Cliff - Gorges of Spirit - Huanglong\nDescription: As a part of the Choral Calculus Network, Choral Beacons acts as small base stations to record field data and transmits them to the C.C.C. It effectively solves the problem of limited coverage of the Center, being a field roadmap to provide guidance to travelers.
lang_map_mark.db	65	3.4	Khác	Khác			Choral Calculus Center
lang_map_mark.db	66	3.4	Khác	Khác			Location: Valley Waterway - Gorges of Spirit - Huanglong\nDescription: A set of Wuthering Waves ecological intelligence system developed based on Wutherlogy. Commonly located in medium and large size towns, used to detect and calculate energy fluctuations and TD activities in its surrounding areas, so as to analyze and predict disasters caused by Wuthering Waves ecology.
lang_map_mark.db	67	3.4	Khác	Khác			Choral Beacon
lang_map_mark.db	68	3.4	Khác	Khác			Location: Valley Peak - Gorges of Spirit - Huanglong\nDescription: As a part of the Choral Calculus Network, Choral Beacons acts as small base stations to record field data and transmits them to the C.C.C. It effectively solves the problem of limited coverage of the Center, being a field roadmap to provide guidance to travelers.
lang_map_mark.db	69	3.4	Khác	Khác			Choral Beacon
lang_map_mark.db	7	3.4	Khác	Khác			Desorock Highland
lang_map_mark.db	70	3.4	Khác	Khác			Location: Abandoned Campsite - Gorges of Spirit - Huanglong\nDescription: As a part of the Choral Calculus Network, Choral Beacons acts as small base stations to record field data and transmits them to the C.C.C. It effectively solves the problem of limited coverage of the Center, being a field roadmap to provide guidance to travelers.
lang_map_mark.db	71	3.4	Khác	Khác			Choral Calculus Center
lang_map_mark.db	72	3.4	Khác	Khác			Location: Calculus Center - Greater Tiancheng - Huanglong\nDescription: A set of Wuthering Waves ecological intelligence system developed based on Wutherlogy. Commonly located in medium and large size towns, used to detect and calculate energy fluctuations and TD activities in its surrounding areas, so as to analyze and predict disasters caused by Wuthering Waves ecology.
lang_map_mark.db	73	3.4	Khác	Khác			Choral Beacon
lang_map_mark.db	74	3.4	Khác	Khác			Location: Western Gate - Greater Tiancheng - Huanglong\nDescription: As a part of the Choral Calculus Network, Choral Beacons acts as small base stations to record field data and transmits them to the C.C.C. It effectively solves the problem of limited coverage of the Center, being a field roadmap to provide guidance to travelers.
lang_map_mark.db	75	3.4	Khác	Khác			Choral Beacon
lang_map_mark.db	76	3.4	Khác	Khác			Location: Commercial Area - Greater Tiancheng - Huanglong\nDescription: As a part of the Choral Calculus Network, Choral Beacons acts as small base stations to record field data and transmits them to the C.C.C. It effectively solves the problem of limited coverage of the Center, being a field roadmap to provide guidance to travelers.
lang_map_mark.db	77	3.4	Khác	Khác			Choral Beacon
lang_map_mark.db	78	3.4	Khác	Khác			Location: Top Level - Tiancheng Industrial Area - Huanglong\nDescription: As a part of the Choral Calculus Network, Choral Beacons acts as small base stations to record field data and transmits them to the C.C.C. It effectively solves the problem of limited coverage of the Center, being a field roadmap to provide guidance to travelers.
lang_map_mark.db	79	3.4	Khác	Khác			Choral Beacon
lang_map_mark.db	8	3.4	Khác	Khác			Hukou, the Tiger's Maw
lang_map_mark.db	80	3.4	Khác	Khác			Location: Tiancheng Industrial Area - Huanglong\nDescription: As a part of the Choral Calculus Network, Choral Beacons acts as small base stations to record field data and transmits them to the C.C.C. It effectively solves the problem of limited coverage of the Center, being a field roadmap to provide guidance to travelers.
lang_map_mark.db	81	3.4	Khác	Khác			Choral Beacon
lang_map_mark.db	82	3.4	Khác	Khác			Location: Northern Gate - Greater Tiancheng - Huanglong\nDescription: As a part of the Choral Calculus Network, Choral Beacons acts as small base stations to record field data and transmits them to the C.C.C. It effectively solves the problem of limited coverage of the Center, being a field roadmap to provide guidance to travelers.
lang_map_mark.db	83	3.4	Khác	Khác			Imperial Residence - Domain
lang_map_mark.db	84	3.4	Khác	Khác			Location: Imperial Residence - Greater Tiancheng - Huanglong\nDescription: Imperial Residence - Domain
lang_map_mark.db	85	3.4	Khác	Khác			Choral Beacon
lang_map_mark.db	86	3.4	Khác	Khác			Location: West - Tiancheng Suburbs - Huanglong\nDescription: As a part of the Choral Calculus Network, Choral Beacons acts as small base stations to record field data and transmits them to the C.C.C. It effectively solves the problem of limited coverage of the Center, being a field roadmap to provide guidance to travelers.
lang_map_mark.db	87	3.4	Khác	Khác			Choral Beacon
lang_map_mark.db	88	3.4	Khác	Khác			Location: Gubei Pass - Central Plains - Huanglong\nDescription: As a part of the Choral Calculus Network, Choral Beacons acts as small base stations to record field data and transmits them to the C.C.C. It effectively solves the problem of limited coverage of the Center, being a field roadmap to provide guidance to travelers.
lang_map_mark.db	89	3.4	Khác	Khác			Choral Beacon
lang_map_mark.db	9	3.4	Khác	Khác			Whining Aix's Mire
lang_map_mark.db	90	3.4	Khác	Khác			Location: Qichi Village - Central Plains - Huanglong\nDescription: As a part of the Choral Calculus Network, Choral Beacons acts as small base stations to record field data and transmits them to the C.C.C. It effectively solves the problem of limited coverage of the Center, being a field roadmap to provide guidance to travelers.
lang_map_mark.db	91	3.4	Khác	Khác			Choral Beacon
lang_map_mark.db	92	3.4	Khác	Khác			Location: Hidden Shallows - Central Plains - Huanglong\nDescription: As a part of the Choral Calculus Network, Choral Beacons acts as small base stations to record field data and transmits them to the C.C.C. It effectively solves the problem of limited coverage of the Center, being a field roadmap to provide guidance to travelers.
lang_map_mark.db	93	3.4	Khác	Khác			Choral Calculus Center
lang_map_mark.db	94	3.4	Khác	Khác			Location: Rainflower Lake - Central Plains - Huanglong\nDescription: A set of Wuthering Waves ecological intelligence system developed based on Wutherlogy. Commonly located in medium and large size towns, used to detect and calculate energy fluctuations and TD activities in its surrounding areas, so as to analyze and predict disasters caused by Wuthering Waves ecology.
lang_map_mark.db	95	3.4	Khác	Khác			Choral Beacon
lang_map_mark.db	96	3.4	Khác	Khác			Location: Tacetite Transfer Station - Central Plains - Huanglong\nDescription: As a part of the Choral Calculus Network, Choral Beacons acts as small base stations to record field data and transmits them to the C.C.C. It effectively solves the problem of limited coverage of the Center, being a field roadmap to provide guidance to travelers.
lang_map_mark.db	97	3.4	Khác	Khác			Choral Beacon
lang_map_mark.db	98	3.4	Khác	Khác			Location: Exile Campground - Central Plains - Huanglong\nDescription: As a part of the Choral Calculus Network, Choral Beacons acts as small base stations to record field data and transmits them to the C.C.C. It effectively solves the problem of limited coverage of the Center, being a field roadmap to provide guidance to travelers.
lang_map_mark.db	99	3.4	Khác	Khác			Choral Beacon
lang_mapping.db	1	3.4	Khác	Khác			Frozen
lang_mapping.db	10	3.4	Khác	Khác			Broadblade
lang_mapping.db	11	3.4	Khác	Khác			Rapier
lang_mapping.db	12	3.4	Khác	Khác			Pistol
lang_mapping.db	13	3.4	Khác	Khác			Gauntlet
lang_mapping.db	14	3.4	Khác	Khác			Demodulator
lang_mapping.db	2	3.4	Khác	Khác			Smelt
lang_mapping.db	3	3.4	Khác	Khác			Conduction
lang_mapping.db	4	3.4	Khác	Khác			Aerodynamic
lang_mapping.db	5	3.4	Khác	Khác			Diffusion
lang_mapping.db	6	3.4	Khác	Khác			Dissociation
lang_occupation.db	2	3.4	Khác	Khác			An'ke
lang_occupation.db	4	3.4	Khác	Khác			Yangyang
lang_once_tower_challenge.db	1	3.4	Khác	Khác			Physical Training 1
lang_once_tower_challenge.db	10	3.4	Khác	Khác			Physical Training 2
lang_once_tower_challenge.db	11	3.4	Khác	Khác			Physical Training 3
lang_once_tower_challenge.db	12	3.4	Khác	Khác			Live Simulation
lang_once_tower_challenge.db	13	3.4	Khác	Khác			Physical fitness is the basis of exploration, make use of trainings to better adapt to the underground habits.
lang_once_tower_challenge.db	14	3.4	Khác	Khác			Operation failed, reconsider you tactics and try again.
lang_once_tower_challenge.db	15	3.4	Khác	Khác			Physical Training 3
lang_once_tower_challenge.db	16	3.4	Khác	Khác			Physical Training 4
lang_once_tower_challenge.db	18	3.4	Khác	Khác			Physical fitness is the basis of exploration, make use of trainings to better adapt to the underground habits.
lang_once_tower_challenge.db	19	3.4	Khác	Khác			Operation failed, reconsider you tactics and try again.
lang_once_tower_challenge.db	2	3.4	Khác	Khác			All members receive additional Concerto Vibrancy.
lang_once_tower_challenge.db	20	3.4	Khác	Khác			Physical Training 4
lang_once_tower_challenge.db	21	3.4	Khác	Khác			Combat Trial 1
lang_once_tower_challenge.db	23	3.4	Khác	Khác			Battles taken place in underground environments are different from those on the surface, best that you take caution.
lang_once_tower_challenge.db	24	3.4	Khác	Khác			Operation failed, reconsider you tactics and try again.
lang_once_tower_challenge.db	25	3.4	Khác	Khác			Combat Trial 1
lang_once_tower_challenge.db	26	3.4	Khác	Khác			Combat Trial 2
lang_once_tower_challenge.db	28	3.4	Khác	Khác			Battles taken place in underground environments are different from those on the surface, best that you take caution.
lang_once_tower_challenge.db	29	3.4	Khác	Khác			Operation failed, reconsider you tactics and try again.
lang_once_tower_challenge.db	3	3.4	Khác	Khác			Physical fitness is the basis of exploration, make use of trainings to better adapt to the underground habits.
lang_once_tower_challenge.db	30	3.4	Khác	Khác			Combat Trial 2
lang_once_tower_challenge.db	31	3.4	Khác	Khác			Combat Trial 3
lang_once_tower_challenge.db	33	3.4	Khác	Khác			Battles taken place in underground environments are different from those on the surface, best that you take caution.
lang_once_tower_challenge.db	34	3.4	Khác	Khác			Operation failed, reconsider you tactics and try again.
lang_once_tower_challenge.db	35	3.4	Khác	Khác			Combat Trial 3
lang_once_tower_challenge.db	36	3.4	Khác	Khác			Combat Trial 4
lang_once_tower_challenge.db	38	3.4	Khác	Khác			Battles taken place in underground environments are different from those on the surface, best that you take caution.
lang_once_tower_challenge.db	39	3.4	Khác	Khác			Operation failed, reconsider you tactics and try again.
lang_once_tower_challenge.db	4	3.4	Khác	Khác			Operation failed, reconsider you tactics and try again.
lang_once_tower_challenge.db	40	3.4	Khác	Khác			Combat Trial 4
lang_once_tower_challenge.db	41	3.4	Khác	Khác			Live Simulation 1
lang_once_tower_challenge.db	43	3.4	Khác	Khác			A realistic simulation can improve one's adaptability. This is the best way to facilitate the best performances in battle.
lang_once_tower_challenge.db	44	3.4	Khác	Khác			Operation failed, reconsider you tactics and try again.
lang_once_tower_challenge.db	45	3.4	Khác	Khác			Live Simulation 1
lang_once_tower_challenge.db	46	3.4	Khác	Khác			Live Simulation 2
lang_once_tower_challenge.db	48	3.4	Khác	Khác			A realistic simulation can improve one's adaptability. This is the best way to facilitate the best performances in battle.
lang_once_tower_challenge.db	49	3.4	Khác	Khác			Operation failed, reconsider you tactics and try again.
lang_once_tower_challenge.db	5	3.4	Khác	Khác			Physical Training 1
lang_once_tower_challenge.db	50	3.4	Khác	Khác			Live Simulation 2
lang_once_tower_challenge.db	51	3.4	Khác	Khác			Live Simulation 3
lang_once_tower_challenge.db	53	3.4	Khác	Khác			A realistic simulation can improve one's adaptability. This is the best way to facilitate the best performances in battle.
lang_once_tower_challenge.db	54	3.4	Khác	Khác			Operation failed, reconsider you tactics and try again.
lang_once_tower_challenge.db	55	3.4	Khác	Khác			Live Simulation 3
lang_once_tower_challenge.db	56	3.4	Khác	Khác			Live Simulation 4
lang_once_tower_challenge.db	58	3.4	Khác	Khác			A realistic simulation can improve one's adaptability. This is the best way to facilitate the best performances in battle.
lang_once_tower_challenge.db	59	3.4	Khác	Khác			Operation failed, reconsider you tactics and try again.
lang_once_tower_challenge.db	6	3.4	Khác	Khác			Physical Training 2
lang_once_tower_challenge.db	60	3.4	Khác	Khác			Live Simulation 4
lang_once_tower_challenge.db	61	3.4	Khác	Khác			Integrated Training 1
lang_once_tower_challenge.db	63	3.4	Khác	Khác			Everything prepped and ready, that license is yours for the taking!
lang_once_tower_challenge.db	64	3.4	Khác	Khác			Operation failed, reconsider you tactics and try again.
lang_once_tower_challenge.db	65	3.4	Khác	Khác			Integrated Training 1
lang_once_tower_challenge.db	7	3.4	Khác	Khác			Feathering Ode
lang_once_tower_challenge.db	8	3.4	Khác	Khác			Physical fitness is the basis of exploration, make use of trainings to better adapt to the underground habits.
lang_once_tower_challenge.db	9	3.4	Khác	Khác			Operation failed, reconsider you tactics and try again.
lang_payshop.db	1	3.4	Khác	Khác			Top Picks
lang_payshop.db	2	3.4	Khác	Khác			Fashion Union
lang_payshop.db	3	3.4	Khác	Khác			Special Offers
lang_payshop.db	4	3.4	Khác	Khác			Public Office
lang_payshop.db	5	3.4	Khác	Khác			Purchase
lang_phantom.db	1	3.4	Khác	Khác			Shape-shift to Stonewall Brace and charge forward, dealing {0}% for each time. Hold the ability button to prolong the charge for {1} seconds at most.\nConcerto Vibrancy: {2}\nCooldown: {3} seconds
lang_phantom.db	2	3.4	Khác	Khác			Shape-shift to Stonewall Brace and charge forward, dealing {0}% for each time. Hold the ability button to prolong the charge for {1} seconds at most.\nConcerto Vibrancy: {2}\nCooldown: {3} seconds
lang_photograph.db	11	3.4	Khác	Khác			Close
lang_photograph.db	12	3.4	Khác	Khác			Open
lang_photograph.db	14	3.4	Khác	Khác			Close
lang_photograph.db	15	3.4	Khác	Khác			Open
lang_photograph.db	8	3.4	Khác	Khác			Close
lang_photograph.db	9	3.4	Khác	Khác			Open
lang_property.db	1	3.4	Khác	Khác			Level
lang_property.db	10	3.4	Khác	Khác			The chance of triggering a critical hit when dealing damage.
lang_property.db	104	3.4	Khác	Khác			Defense Penetration Ratio
lang_property.db	11	3.4	Khác	Khác			Critical DMG
lang_property.db	118	3.4	Khác	Khác			Movement Speed
lang_property.db	119	3.4	Khác	Khác			Wutrelic skill DMG bonus
lang_property.db	12	3.4	Khác	Khác			The DMG Multiplier when dealing a critical hit.
lang_property.db	120	3.4	Khác	Khác			Normal Attack Speed
lang_property.db	121	3.4	Khác	Khác			Charged Attack Speed
lang_property.db	13	3.4	Khác	Khác			Defense
lang_property.db	139	3.4	Khác	Khác			Level
lang_property.db	14	3.4	Khác	Khác			Resonance Efficiency
lang_property.db	140	3.4	Khác	Khác			HP
lang_property.db	141	3.4	Khác	Khác			HP
lang_property.db	142	3.4	Khác	Khác			Shield
lang_property.db	143	3.4	Khác	Khác			DEF Down Multiplier
lang_property.db	144	3.4	Khác	Khác			Passive DEF Down Multiplier
lang_property.db	145	3.4	Khác	Khác			Attack
lang_property.db	146	3.4	Khác	Khác			Crit. Rate
lang_property.db	147	3.4	Khác	Khác			Critical DMG
lang_property.db	148	3.4	Khác	Khác			Defense
lang_property.db	149	3.4	Khác	Khác			Resonance Efficiency
lang_property.db	15	3.4	Khác	Khác			Increases the amount of resonance liberation energy gained per use of Punch, Resonance Skill, Combat Ability, and Resonance Energy.
lang_property.db	150	3.4	Khác	Khác			Cooldown Reduction
lang_property.db	151	3.4	Khác	Khác			Concerto Sublimation
lang_property.db	152	3.4	Khác	Khác			Resonance skill damage bonus
lang_property.db	153	3.4	Khác	Khác			General DMG bonus
lang_property.db	154	3.4	Khác	Khác			General Injury Reduction
lang_property.db	155	3.4	Khác	Khác			Normal Attack bonus
lang_property.db	156	3.4	Khác	Khác			Charged Attack bonus
lang_property.db	157	3.4	Khác	Khác			Resonance liberation DMG bonus
lang_property.db	158	3.4	Khác	Khác			Combo skill DMG bonus
lang_property.db	159	3.4	Khác	Khác			Physical DMG bonus
lang_property.db	16	3.4	Khác	Khác			Cooldown Reduction
lang_property.db	160	3.4	Khác	Khác			Frozen DMG bonus
lang_property.db	161	3.4	Khác	Khác			Smelt DMG bonus
lang_property.db	162	3.4	Khác	Khác			Conduction DMG bonus
lang_property.db	163	3.4	Khác	Khác			Aerodynamic DMG bonus
lang_property.db	164	3.4	Khác	Khác			Diffusion DMG bonus
lang_property.db	165	3.4	Khác	Khác			Dissociation DMG bonus
lang_property.db	166	3.4	Khác	Khác			Physical DMG Resistance
lang_property.db	167	3.4	Khác	Khác			Frozen DMG Resistance
lang_property.db	168	3.4	Khác	Khác			Smelt DMG Resistance
lang_property.db	169	3.4	Khác	Khác			Conduction DMG Resistance
lang_property.db	17	3.4	Khác	Khác			Concerto Sublimation
lang_property.db	170	3.4	Khác	Khác			Aerodynamic DMG Resistance
lang_property.db	171	3.4	Khác	Khác			Diffusion DMG Resistance
lang_property.db	172	3.4	Khác	Khác			Dissociation DMG Resistance
lang_property.db	173	3.4	Khác	Khác			Healing Effect bonus
lang_property.db	174	3.4	Khác	Khác			Recovery Effect bonus
lang_property.db	175	3.4	Khác	Khác			Physical DMG Immunity
lang_property.db	176	3.4	Khác	Khác			Element 1 DMG Immunity
lang_property.db	177	3.4	Khác	Khác			Element 2 DMG Immunity
lang_property.db	178	3.4	Khác	Khác			Element 3 DMG Immunity
lang_property.db	179	3.4	Khác	Khác			Element 4 DMG Immunity
lang_property.db	18	3.4	Khác	Khác			Boosts the effect of resonant energy.
lang_property.db	180	3.4	Khác	Khác			Element 5 DMG Immunity
lang_property.db	181	3.4	Khác	Khác			Element 6 DMG Immunity
lang_property.db	182	3.4	Khác	Khác			Reaction increase factor 1
lang_property.db	183	3.4	Khác	Khác			Reaction increase factor 2
lang_property.db	184	3.4	Khác	Khác			Reaction increase factor 3
lang_property.db	185	3.4	Khác	Khác			Reaction increase factor 4
lang_property.db	186	3.4	Khác	Khác			Reaction increase factor 5
lang_property.db	187	3.4	Khác	Khác			Reaction increase factor 6
lang_property.db	188	3.4	Khác	Khác			Reaction increase factor 7
lang_property.db	189	3.4	Khác	Khác			Reaction increase factor 8
lang_property.db	19	3.4	Khác	Khác			Resonance skill damage bonus
lang_property.db	190	3.4	Khác	Khác			Reaction increase factor 9
lang_property.db	191	3.4	Khác	Khác			Reaction increase factor 10
lang_property.db	192	3.4	Khác	Khác			Reaction increase factor 11
lang_property.db	193	3.4	Khác	Khác			Reaction increase factor 12
lang_property.db	194	3.4	Khác	Khác			Reaction increase factor 13
lang_property.db	195	3.4	Khác	Khác			Reaction increase factor 14
lang_property.db	196	3.4	Khác	Khác			Reaction increase factor 15
lang_property.db	197	3.4	Khác	Khác			Resonance energy limit
lang_property.db	198	3.4	Khác	Khác			Resonance energy
lang_property.db	199	3.4	Khác	Khác			Special energy 1 limit
lang_property.db	2	3.4	Khác	Khác			A Level
lang_property.db	20	3.4	Khác	Khác			General DMG bonus
lang_property.db	200	3.4	Khác	Khác			Special energy 1
lang_property.db	201	3.4	Khác	Khác			Special energy 2 limit
lang_property.db	202	3.4	Khác	Khác			Special energy 2
lang_property.db	203	3.4	Khác	Khác			Special energy 3 limit
lang_property.db	204	3.4	Khác	Khác			Special energy 3
lang_property.db	205	3.4	Khác	Khác			Special energy 4 limit
lang_property.db	206	3.4	Khác	Khác			Special energy 4
lang_property.db	207	3.4	Khác	Khác			Stamina Limit
lang_property.db	208	3.4	Khác	Khác			Stamina
lang_property.db	209	3.4	Khác	Khác			Stamina Recovery
lang_property.db	21	3.4	Khác	Khác			General Injury Reduction
lang_property.db	210	3.4	Khác	Khác			Zero stamina penalty time
lang_property.db	216	3.4	Khác	Khác			Max Plangency
lang_property.db	217	3.4	Khác	Khác			Max Plangency
lang_property.db	218	3.4	Khác	Khác			Plangency Recovery Rate
lang_property.db	219	3.4	Khác	Khác			Extra zero Plangency time
lang_property.db	22	3.4	Khác	Khác			Normal Attack bonus
lang_property.db	220	3.4	Khác	Khác			Plangency Reduction multiplier
lang_property.db	221	3.4	Khác	Khác			Passive Plangency Reduction multiplier
lang_property.db	222	3.4	Khác	Khác			Max Toughness
lang_property.db	223	3.4	Khác	Khác			Toughness
lang_property.db	224	3.4	Khác	Khác			Toughness Recovery Speed
lang_property.db	225	3.4	Khác	Khác			Toughness Reduction multiplier
lang_property.db	226	3.4	Khác	Khác			Passive Toughness Reduction multiplier
lang_property.db	23	3.4	Khác	Khác			Charged Attack bonus
lang_property.db	237	3.4	Khác	Khác			Defense Penetration Ratio
lang_property.db	24	3.4	Khác	Khác			Resonance liberation DMG bonus
lang_property.db	25	3.4	Khác	Khác			Combo skill DMG bonus
lang_property.db	251	3.4	Khác	Khác			Movement Speed
lang_property.db	252	3.4	Khác	Khác			Wutrelic skill DMG bonus
lang_property.db	253	3.4	Khác	Khác			Normal Attack Speed
lang_property.db	254	3.4	Khác	Khác			Charged Attack Speed
lang_property.db	26	3.4	Khác	Khác			Physical DMG bonus
lang_property.db	27	3.4	Khác	Khác			Frozen DMG bonus
lang_property.db	28	3.4	Khác	Khác			Smelt DMG bonus
lang_property.db	29	3.4	Khác	Khác			Conduction DMG bonus
lang_property.db	3	3.4	Khác	Khác			HP
lang_property.db	30	3.4	Khác	Khác			Aerodynamic DMG bonus
lang_property.db	31	3.4	Khác	Khác			Diffusion DMG bonus
lang_property.db	32	3.4	Khác	Khác			Dissociation DMG bonus
lang_property.db	33	3.4	Khác	Khác			Physical DMG Resistance
lang_property.db	34	3.4	Khác	Khác			Frozen DMG Resistance
lang_property.db	35	3.4	Khác	Khác			Smelt DMG Resistance
lang_property.db	36	3.4	Khác	Khác			Conduction DMG Resistance
lang_property.db	37	3.4	Khác	Khác			Aerodynamic DMG Resistance
lang_property.db	38	3.4	Khác	Khác			Diffusion DMG Resistance
lang_property.db	39	3.4	Khác	Khác			Dissociation DMG Resistance
lang_property.db	4	3.4	Khác	Khác			HP
lang_property.db	40	3.4	Khác	Khác			Healing Effect bonus
lang_property.db	41	3.4	Khác	Khác			Recovery Effect bonus
lang_property.db	42	3.4	Khác	Khác			Physical DMG Immunity
lang_property.db	43	3.4	Khác	Khác			Element 1 DMG Immunity
lang_property.db	44	3.4	Khác	Khác			Element 2 DMG Immunity
lang_property.db	45	3.4	Khác	Khác			Element 3 DMG Immunity
lang_property.db	46	3.4	Khác	Khác			Element 4 DMG Immunity
lang_property.db	47	3.4	Khác	Khác			Element 5 DMG Immunity
lang_property.db	48	3.4	Khác	Khác			Element 6 DMG Immunity
lang_property.db	49	3.4	Khác	Khác			Reaction increase factor 1
lang_property.db	5	3.4	Khác	Khác			Shield
lang_property.db	50	3.4	Khác	Khác			Reaction increase factor 2
lang_property.db	51	3.4	Khác	Khác			Reaction increase factor 3
lang_property.db	52	3.4	Khác	Khác			Reaction increase factor 4
lang_property.db	53	3.4	Khác	Khác			Reaction increase factor 5
lang_property.db	54	3.4	Khác	Khác			Reaction increase factor 6
lang_property.db	55	3.4	Khác	Khác			Reaction increase factor 7
lang_property.db	56	3.4	Khác	Khác			Reaction increase factor 8
lang_property.db	57	3.4	Khác	Khác			Reaction increase factor 9
lang_property.db	58	3.4	Khác	Khác			Reaction increase factor 10
lang_property.db	59	3.4	Khác	Khác			Reaction increase factor 11
lang_property.db	6	3.4	Khác	Khác			DEF Down Multiplier
lang_property.db	60	3.4	Khác	Khác			Reaction increase factor 12
lang_property.db	61	3.4	Khác	Khác			Reaction increase factor 13
lang_property.db	62	3.4	Khác	Khác			Reaction increase factor 14
lang_property.db	63	3.4	Khác	Khác			Reaction increase factor 15
lang_property.db	64	3.4	Khác	Khác			Resonance energy limit
lang_property.db	65	3.4	Khác	Khác			Resonance energy
lang_property.db	66	3.4	Khác	Khác			Special energy 1 limit
lang_property.db	67	3.4	Khác	Khác			Special energy 1
lang_property.db	68	3.4	Khác	Khác			Special energy 2 limit
lang_property.db	69	3.4	Khác	Khác			Special energy 2
lang_property.db	7	3.4	Khác	Khác			Passive DEF Down Multiplier
lang_property.db	70	3.4	Khác	Khác			Special energy 3 limit
lang_property.db	71	3.4	Khác	Khác			Special energy 3
lang_property.db	72	3.4	Khác	Khác			Special energy 4 limit
lang_property.db	73	3.4	Khác	Khác			Special energy 4
lang_property.db	74	3.4	Khác	Khác			Stamina Limit
lang_property.db	75	3.4	Khác	Khác			Stamina
lang_property.db	76	3.4	Khác	Khác			Stamina Recovery
lang_property.db	77	3.4	Khác	Khác			Zero stamina penalty time
lang_property.db	8	3.4	Khác	Khác			Attack
lang_property.db	83	3.4	Khác	Khác			Max Plangency
lang_property.db	84	3.4	Khác	Khác			Max Plangency
lang_property.db	85	3.4	Khác	Khác			Plangency Recovery Rate
lang_property.db	86	3.4	Khác	Khác			Extra zero Plangency time
lang_property.db	87	3.4	Khác	Khác			Plangency Reduction multiplier
lang_property.db	88	3.4	Khác	Khác			Passive Plangency Reduction multiplier
lang_property.db	89	3.4	Khác	Khác			Max Toughness
lang_property.db	9	3.4	Khác	Khác			Crit. Rate
lang_property.db	90	3.4	Khác	Khác			Toughness
lang_property.db	91	3.4	Khác	Khác			Toughness Recovery Speed
lang_property.db	92	3.4	Khác	Khác			Toughness Reduction multiplier
lang_property.db	93	3.4	Khác	Khác			Passive Toughness Reduction multiplier
lang_questtype.db	1	3.4	Khác	Khác			Missions
lang_questtype.db	10	3.4	Khác	Khác			General Tasks
lang_questtype.db	2	3.4	Khác	Khác			Missions
lang_questtype.db	3	3.4	Khác	Khác			Trails of Waves
lang_questtype.db	4	3.4	Khác	Khác			Trails of Waves
lang_questtype.db	5	3.4	Khác	Khác			Untold Anecdotes
lang_questtype.db	6	3.4	Khác	Khác			Untold Anecdotes
lang_questtype.db	7	3.4	Khác	Khác			Solo Record
lang_questtype.db	8	3.4	Khác	Khác			Solo Record
lang_questtype.db	9	3.4	Khác	Khác			General Tasks
lang_revive.db	1	3.4	Khác	Khác			You Are Knocked Out
lang_revive.db	10	3.4	Khác	Khác			You are beginning to faint, please be more careful next time.
lang_revive.db	11	3.4	Khác	Khác			You Are Knocked Out
lang_revive.db	12	3.4	Khác	Khác			You are beginning to faint, please be more careful next time.
lang_revive.db	13	3.4	Khác	Khác			You Are Knocked Out
lang_revive.db	14	3.4	Khác	Khác			You are beginning to faint, please be more careful next time.
lang_revive.db	15	3.4	Khác	Khác			You Are Knocked Out
lang_revive.db	16	3.4	Khác	Khác			You are beginning to faint, please be more careful next time.
lang_revive.db	17	3.4	Khác	Khác			You Are Knocked Out
lang_revive.db	18	3.4	Khác	Khác			You are beginning to faint, please be more careful next time.
lang_revive.db	19	3.4	Khác	Khác			You Are Knocked Out
lang_revive.db	2	3.4	Khác	Khác			You are beginning to faint, please be more careful next time.
lang_revive.db	20	3.4	Khác	Khác			You are beginning to faint, please be more careful next time.
lang_revive.db	3	3.4	Khác	Khác			You Are Knocked Out
lang_revive.db	4	3.4	Khác	Khác			You are beginning to faint, please be more careful next time.
lang_revive.db	5	3.4	Khác	Khác			You Are Knocked Out
lang_revive.db	6	3.4	Khác	Khác			You are beginning to faint, please be more careful next time.
lang_revive.db	7	3.4	Khác	Khác			You Are Knocked Out
lang_revive.db	8	3.4	Khác	Khác			You are beginning to faint, please be more careful next time.
lang_revive.db	9	3.4	Khác	Khác			You Are Knocked Out
lang_roleDescription.db	1	3.4	Khác	Khác			Member of the Ministry of Development, can turn enthusiasm into ammunition, her enthusiasm and her ammunition as never-ending self-proclaimed partner of justice, always full of energy shuttle in the streets of the city of heaven where there are people in need of help, where there will be her figure
lang_roleDescription.db	2	3.4	Khác	Khác			Member of the Obsecurers, a girl who has a special sense with the flow of wind, has the ability to listen to the sound of wind resonance. No matter what kind of difficult situation she is in, she always has a light smile on her face. If you want to protect your own beautiful existence, you also have the awareness to turn the gentleness into a sharp edge.
lang_roleDescription.db	3	3.4	Khác	Khác			An archaeologist at the Hwonglun, she is attached to a remnant creature called the "You Tan" and hates to get entangled with others, and pursues the extreme rational principle of "self-responsibility", often exploring ruins alone.
lang_roleInfluence.db	1	3.4	Khác	Khác			All
lang_roleInfluence.db	2	3.4	Khác	Khác			Huanglong
lang_roleInfluence.db	3	3.4	Khác	Khác			Black Shores
lang_role_reson.db	1	3.4	Khác	Khác			Consumes Life Stars.
lang_role_reson.db	10	3.4	Khác	Khác			Consumes Life Stars.
lang_role_reson.db	100	3.4	Khác	Khác			Consumes Life Stars.
lang_role_reson.db	101	3.4	Khác	Khác			Consumes Life Stars.
lang_role_reson.db	102	3.4	Khác	Khác			Consumes Life Stars.
lang_role_reson.db	103	3.4	Khác	Khác			Consumes Life Stars.
lang_role_reson.db	104	3.4	Khác	Khác			Consumes Life Stars.
lang_role_reson.db	105	3.4	Khác	Khác			Consumes Life Stars.
lang_role_reson.db	106	3.4	Khác	Khác			Consumes Life Stars.
lang_role_reson.db	107	3.4	Khác	Khác			Consumes Life Stars.
lang_role_reson.db	108	3.4	Khác	Khác			Consumes Life Stars.
lang_role_reson.db	109	3.4	Khác	Khác			Consumes Life Stars.
lang_role_reson.db	11	3.4	Khác	Khác			Consumes Life Stars.
lang_role_reson.db	110	3.4	Khác	Khác			Consumes Life Stars.
lang_role_reson.db	111	3.4	Khác	Khác			Consumes Life Stars.
lang_role_reson.db	112	3.4	Khác	Khác			Consumes Life Stars.
lang_role_reson.db	113	3.4	Khác	Khác			Consumes Life Stars.
lang_role_reson.db	114	3.4	Khác	Khác			Consumes Life Stars.
lang_role_reson.db	115	3.4	Khác	Khác			Consumes Life Stars.
lang_role_reson.db	116	3.4	Khác	Khác			Consumes Life Stars.
lang_role_reson.db	117	3.4	Khác	Khác			Consumes Life Stars.
lang_role_reson.db	118	3.4	Khác	Khác			Consumes Life Stars.
lang_role_reson.db	119	3.4	Khác	Khác			Consumes Life Stars.
lang_role_reson.db	12	3.4	Khác	Khác			Consumes Life Stars.
lang_role_reson.db	120	3.4	Khác	Khác			Consumes Life Stars.
lang_role_reson.db	121	3.4	Khác	Khác			Consumes Life Stars.
lang_role_reson.db	122	3.4	Khác	Khác			Consumes Life Stars.
lang_role_reson.db	123	3.4	Khác	Khác			Consumes Life Stars.
lang_role_reson.db	124	3.4	Khác	Khác			Consumes Life Stars.
lang_role_reson.db	125	3.4	Khác	Khác			Consumes Life Stars.
lang_role_reson.db	126	3.4	Khác	Khác			Consumes Life Stars.
lang_role_reson.db	127	3.4	Khác	Khác			Consumes Life Stars.
lang_role_reson.db	128	3.4	Khác	Khác			Consumes Life Stars.
lang_role_reson.db	129	3.4	Khác	Khác			Consumes Life Stars.
lang_role_reson.db	13	3.4	Khác	Khác			Consumes Life Stars.
lang_role_reson.db	130	3.4	Khác	Khác			Consumes Life Stars.
lang_role_reson.db	131	3.4	Khác	Khác			Consumes Life Stars.
lang_role_reson.db	132	3.4	Khác	Khác			Consumes Life Stars.
lang_role_reson.db	133	3.4	Khác	Khác			Consumes Life Stars.
lang_role_reson.db	134	3.4	Khác	Khác			Consumes Life Stars.
lang_role_reson.db	135	3.4	Khác	Khác			Consumes Life Stars.
lang_role_reson.db	136	3.4	Khác	Khác			Consumes Life Stars.
lang_role_reson.db	137	3.4	Khác	Khác			Consumes Life Stars.
lang_role_reson.db	138	3.4	Khác	Khác			Consumes Life Stars.
lang_role_reson.db	139	3.4	Khác	Khác			Consumes Life Stars.
lang_role_reson.db	14	3.4	Khác	Khác			Consumes Life Stars.
lang_role_reson.db	140	3.4	Khác	Khác			Consumes Life Stars.
lang_role_reson.db	141	3.4	Khác	Khác			Consumes Life Stars.
lang_role_reson.db	142	3.4	Khác	Khác			Consumes Life Stars.
lang_role_reson.db	143	3.4	Khác	Khác			Consumes Life Stars.
lang_role_reson.db	144	3.4	Khác	Khác			Consumes Life Stars.
lang_role_reson.db	145	3.4	Khác	Khác			Consumes Life Stars.
lang_role_reson.db	146	3.4	Khác	Khác			Consumes Life Stars.
lang_role_reson.db	147	3.4	Khác	Khác			Consumes Life Stars.
lang_role_reson.db	148	3.4	Khác	Khác			Consumes Life Stars.
lang_role_reson.db	149	3.4	Khác	Khác			Consumes Life Stars.
lang_role_reson.db	15	3.4	Khác	Khác			Consumes Life Stars.
lang_role_reson.db	150	3.4	Khác	Khác			Consumes Life Stars.
lang_role_reson.db	151	3.4	Khác	Khác			Consumes Life Stars.
lang_role_reson.db	152	3.4	Khác	Khác			Consumes Life Stars.
lang_role_reson.db	153	3.4	Khác	Khác			Consumes Life Stars.
lang_role_reson.db	154	3.4	Khác	Khác			Consumes Life Stars.
lang_role_reson.db	155	3.4	Khác	Khác			Consumes Life Stars.
lang_role_reson.db	156	3.4	Khác	Khác			Consumes Life Stars.
lang_role_reson.db	157	3.4	Khác	Khác			Consumes Life Stars.
lang_role_reson.db	158	3.4	Khác	Khác			Consumes Life Stars.
lang_role_reson.db	159	3.4	Khác	Khác			Consumes Life Stars.
lang_role_reson.db	16	3.4	Khác	Khác			Consumes Life Stars.
lang_role_reson.db	160	3.4	Khác	Khác			Consumes Life Stars.
lang_role_reson.db	161	3.4	Khác	Khác			Consumes Life Stars.
lang_role_reson.db	162	3.4	Khác	Khác			Consumes Life Stars.
lang_role_reson.db	163	3.4	Khác	Khác			Consumes Life Stars.
lang_role_reson.db	164	3.4	Khác	Khác			Consumes Life Stars.
lang_role_reson.db	165	3.4	Khác	Khác			Consumes Life Stars.
lang_role_reson.db	166	3.4	Khác	Khác			Consumes Life Stars.
lang_role_reson.db	167	3.4	Khác	Khác			Consumes Life Stars.
lang_role_reson.db	168	3.4	Khác	Khác			Consumes Life Stars.
lang_role_reson.db	169	3.4	Khác	Khác			Consumes Life Stars.
lang_role_reson.db	17	3.4	Khác	Khác			Consumes Life Stars.
lang_role_reson.db	170	3.4	Khác	Khác			Consumes Life Stars.
lang_role_reson.db	171	3.4	Khác	Khác			Consumes Life Stars.
lang_role_reson.db	172	3.4	Khác	Khác			Consumes Life Stars.
lang_role_reson.db	173	3.4	Khác	Khác			Consumes Life Stars.
lang_role_reson.db	174	3.4	Khác	Khác			Consumes Life Stars.
lang_role_reson.db	175	3.4	Khác	Khác			Consumes Life Stars.
lang_role_reson.db	176	3.4	Khác	Khác			Consumes Life Stars.
lang_role_reson.db	177	3.4	Khác	Khác			Consumes Life Stars.
lang_role_reson.db	178	3.4	Khác	Khác			Consumes Life Stars.
lang_role_reson.db	179	3.4	Khác	Khác			Consumes Life Stars.
lang_role_reson.db	18	3.4	Khác	Khác			Consumes Life Stars.
lang_role_reson.db	180	3.4	Khác	Khác			Consumes Life Stars.
lang_role_reson.db	181	3.4	Khác	Khác			Consumes Life Stars.
lang_role_reson.db	182	3.4	Khác	Khác			Consumes Life Stars.
lang_role_reson.db	183	3.4	Khác	Khác			Consumes Life Stars.
lang_role_reson.db	184	3.4	Khác	Khác			Consumes Life Stars.
lang_role_reson.db	185	3.4	Khác	Khác			Consumes Life Stars.
lang_role_reson.db	186	3.4	Khác	Khác			Consumes Life Stars.
lang_role_reson.db	187	3.4	Khác	Khác			Consumes Life Stars.
lang_role_reson.db	188	3.4	Khác	Khác			Consumes Life Stars.
lang_role_reson.db	189	3.4	Khác	Khác			Consumes Life Stars.
lang_role_reson.db	19	3.4	Khác	Khác			Consumes Life Stars.
lang_role_reson.db	190	3.4	Khác	Khác			Consumes Life Stars.
lang_role_reson.db	191	3.4	Khác	Khác			Consumes Life Stars.
lang_role_reson.db	192	3.4	Khác	Khác			Consumes Life Stars.
lang_role_reson.db	193	3.4	Khác	Khác			Consumes Life Stars.
lang_role_reson.db	194	3.4	Khác	Khác			Consumes Life Stars.
lang_role_reson.db	195	3.4	Khác	Khác			Consumes Life Stars.
lang_role_reson.db	196	3.4	Khác	Khác			Consumes Life Stars.
lang_role_reson.db	197	3.4	Khác	Khác			Consumes Life Stars.
lang_role_reson.db	198	3.4	Khác	Khác			Consumes Life Stars.
lang_role_reson.db	199	3.4	Khác	Khác			Consumes Life Stars.
lang_role_reson.db	2	3.4	Khác	Khác			Consumes Life Stars.
lang_role_reson.db	20	3.4	Khác	Khác			Consumes Life Stars.
lang_role_reson.db	200	3.4	Khác	Khác			<b>Doppelganger</b>'s Hp is doubled, and Qiu Shui's attack is increased by 15% when attacking the enemy taunted by the <b>doppelganger</b>.
lang_role_reson.db	201	3.4	Khác	Khác			Consumes Life Stars.
lang_role_reson.db	202	3.4	Khác	Khác			Consumes Life Stars.
lang_role_reson.db	203	3.4	Khác	Khác			Cooldown of <b>Blink</b> is reduced by 4 seconds.
lang_role_reson.db	204	3.4	Khác	Khác			Consumes Life Stars.
lang_role_reson.db	205	3.4	Khác	Khác			Consumes Life Stars.
lang_role_reson.db	206	3.4	Khác	Khác			Bullets will scatter when passing through <b>Gates of Quandary</b>. Charged attacks will scatter when hitting <b>doppelgangers</b>.
lang_role_reson.db	207	3.4	Khác	Khác			Consumes Life Stars.
lang_role_reson.db	208	3.4	Khác	Khác			Consumes Life Stars.
lang_role_reson.db	209	3.4	Khác	Khác			<b>Shrouded Within</b> is gained 100% faster. Deals 50% less damage when <b>shrouded</b>.
lang_role_reson.db	21	3.4	Khác	Khác			Consumes Life Stars.
lang_role_reson.db	210	3.4	Khác	Khác			Consumes Life Stars.
lang_role_reson.db	211	3.4	Khác	Khác			Consumes Life Stars.
lang_role_reson.db	212	3.4	Khác	Khác			Upon becoming <b>shrouded</b>, Aerodynamics DMG Bonus increases 50% for 6 seconds.
lang_role_reson.db	213	3.4	Khác	Khác			Consumes Life Stars.
lang_role_reson.db	214	3.4	Khác	Khác			Consumes Life Stars.
lang_role_reson.db	215	3.4	Khác	Khác			Consumes Life Stars.
lang_role_reson.db	216	3.4	Khác	Khác			Consumes Life Stars.
lang_role_reson.db	217	3.4	Khác	Khác			Consumes Life Stars.
lang_role_reson.db	218	3.4	Khác	Khác			Consumes Life Stars.
lang_role_reson.db	219	3.4	Khác	Khác			Consumes Life Stars.
lang_role_reson.db	22	3.4	Khác	Khác			Consumes Life Stars.
lang_role_reson.db	220	3.4	Khác	Khác			Consumes Life Stars.
lang_role_reson.db	221	3.4	Khác	Khác			Consumes Life Stars.
lang_role_reson.db	222	3.4	Khác	Khác			Consumes Life Stars.
lang_role_reson.db	223	3.4	Khác	Khác			Consumes Life Stars.
lang_role_reson.db	224	3.4	Khác	Khác			Consumes Life Stars.
lang_role_reson.db	225	3.4	Khác	Khác			Consumes Life Stars.
lang_role_reson.db	226	3.4	Khác	Khác			Consumes Life Stars.
lang_role_reson.db	227	3.4	Khác	Khác			Consumes Life Stars.
lang_role_reson.db	228	3.4	Khác	Khác			Consumes Life Stars.
lang_role_reson.db	229	3.4	Khác	Khác			Consumes Life Stars.
lang_role_reson.db	23	3.4	Khác	Khác			Consumes Life Stars.
lang_role_reson.db	230	3.4	Khác	Khác			Consumes Life Stars.
lang_role_reson.db	231	3.4	Khác	Khác			Consumes Life Stars.
lang_role_reson.db	232	3.4	Khác	Khác			Consumes Life Stars.
lang_role_reson.db	233	3.4	Khác	Khác			Consumes Life Stars.
lang_role_reson.db	234	3.4	Khác	Khác			Consumes Life Stars.
lang_role_reson.db	235	3.4	Khác	Khác			Consumes Life Stars.
lang_role_reson.db	236	3.4	Khác	Khác			Consumes Life Stars.
lang_role_reson.db	237	3.4	Khác	Khác			Consumes Life Stars.
lang_role_reson.db	238	3.4	Khác	Khác			Consumes Life Stars.
lang_role_reson.db	239	3.4	Khác	Khác			Consumes Life Stars.
lang_role_reson.db	24	3.4	Khác	Khác			Consumes Life Stars.
lang_role_reson.db	240	3.4	Khác	Khác			Consumes Life Stars.
lang_role_reson.db	241	3.4	Khác	Khác			Consumes Life Stars.
lang_role_reson.db	242	3.4	Khác	Khác			Consumes Life Stars.
lang_role_reson.db	243	3.4	Khác	Khác			Consumes Life Stars.
lang_role_reson.db	244	3.4	Khác	Khác			Consumes Life Stars.
lang_role_reson.db	245	3.4	Khác	Khác			Consumes Life Stars.
lang_role_reson.db	246	3.4	Khác	Khác			Consumes Life Stars.
lang_role_reson.db	247	3.4	Khác	Khác			Consumes Life Stars.
lang_role_reson.db	248	3.4	Khác	Khác			Consumes Life Stars.
lang_role_reson.db	249	3.4	Khác	Khác			Consumes Life Stars.
lang_role_reson.db	25	3.4	Khác	Khác			Consumes Life Stars.
lang_role_reson.db	250	3.4	Khác	Khác			Consumes Life Stars.
lang_role_reson.db	251	3.4	Khác	Khác			Consumes Life Stars.
lang_role_reson.db	252	3.4	Khác	Khác			Consumes Life Stars.
lang_role_reson.db	253	3.4	Khác	Khác			Consumes Life Stars.
lang_role_reson.db	254	3.4	Khác	Khác			Consumes Life Stars.
lang_role_reson.db	255	3.4	Khác	Khác			Consumes Life Stars.
lang_role_reson.db	256	3.4	Khác	Khác			Consumes Life Stars.
lang_role_reson.db	257	3.4	Khác	Khác			Consumes Life Stars.
lang_role_reson.db	258	3.4	Khác	Khác			Consumes Life Stars.
lang_role_reson.db	259	3.4	Khác	Khác			Consumes Life Stars.
lang_role_reson.db	26	3.4	Khác	Khác			Consumes Life Stars.
lang_role_reson.db	260	3.4	Khác	Khác			Consumes Life Stars.
lang_role_reson.db	261	3.4	Khác	Khác			Consumes Life Stars.
lang_role_reson.db	262	3.4	Khác	Khác			Consumes Life Stars.
lang_role_reson.db	263	3.4	Khác	Khác			Consumes Life Stars.
lang_role_reson.db	264	3.4	Khác	Khác			Consumes Life Stars.
lang_role_reson.db	265	3.4	Khác	Khác			Consumes Life Stars.
lang_role_reson.db	266	3.4	Khác	Khác			Consumes Life Stars.
lang_role_reson.db	267	3.4	Khác	Khác			Consumes Life Stars.
lang_role_reson.db	268	3.4	Khác	Khác			Consumes Life Stars.
lang_role_reson.db	269	3.4	Khác	Khác			Consumes Life Stars.
lang_role_reson.db	27	3.4	Khác	Khác			Consumes Life Stars.
lang_role_reson.db	270	3.4	Khác	Khác			Consumes Life Stars.
lang_role_reson.db	28	3.4	Khác	Khác			Consumes Life Stars.
lang_role_reson.db	29	3.4	Khác	Khác			Consumes Life Stars.
lang_role_reson.db	3	3.4	Khác	Khác			Consumes Life Stars.
lang_role_reson.db	30	3.4	Khác	Khác			Consumes Life Stars.
lang_role_reson.db	31	3.4	Khác	Khác			Consumes Life Stars.
lang_role_reson.db	32	3.4	Khác	Khác			Consumes Life Stars.
lang_role_reson.db	33	3.4	Khác	Khác			Consumes Life Stars.
lang_role_reson.db	34	3.4	Khác	Khác			Consumes Life Stars.
lang_role_reson.db	35	3.4	Khác	Khác			Consumes Life Stars.
lang_role_reson.db	36	3.4	Khác	Khác			Consumes Life Stars.
lang_role_reson.db	37	3.4	Khác	Khác			Consumes Life Stars.
lang_role_reson.db	38	3.4	Khác	Khác			Consumes Life Stars.
lang_role_reson.db	39	3.4	Khác	Khác			Consumes Life Stars.
lang_role_reson.db	4	3.4	Khác	Khác			Consumes Life Stars.
lang_role_reson.db	40	3.4	Khác	Khác			Consumes Life Stars.
lang_role_reson.db	41	3.4	Khác	Khác			Consumes Life Stars.
lang_role_reson.db	42	3.4	Khác	Khác			Consumes Life Stars.
lang_role_reson.db	43	3.4	Khác	Khác			Consumes Life Stars.
lang_role_reson.db	44	3.4	Khác	Khác			Consumes Life Stars.
lang_role_reson.db	45	3.4	Khác	Khác			Consumes Life Stars.
lang_role_reson.db	46	3.4	Khác	Khác			Consumes Life Stars.
lang_role_reson.db	47	3.4	Khác	Khác			Consumes Life Stars.
lang_role_reson.db	48	3.4	Khác	Khác			Consumes Life Stars.
lang_role_reson.db	49	3.4	Khác	Khác			Consumes Life Stars.
lang_role_reson.db	5	3.4	Khác	Khác			Consumes Life Stars.
lang_role_reson.db	50	3.4	Khác	Khác			Consumes Life Stars.
lang_role_reson.db	51	3.4	Khác	Khác			Consumes Life Stars.
lang_role_reson.db	52	3.4	Khác	Khác			Consumes Life Stars.
lang_role_reson.db	53	3.4	Khác	Khác			Consumes Life Stars.
lang_role_reson.db	54	3.4	Khác	Khác			Consumes Life Stars.
lang_role_reson.db	55	3.4	Khác	Khác			Consumes Life Stars.
lang_role_reson.db	56	3.4	Khác	Khác			Consumes Life Stars.
lang_role_reson.db	57	3.4	Khác	Khác			Consumes Life Stars.
lang_role_reson.db	58	3.4	Khác	Khác			Consumes Life Stars.
lang_role_reson.db	59	3.4	Khác	Khác			Consumes Life Stars.
lang_role_reson.db	6	3.4	Khác	Khác			Consumes Life Stars.
lang_role_reson.db	60	3.4	Khác	Khác			Consumes Life Stars.
lang_role_reson.db	61	3.4	Khác	Khác			Consumes Life Stars.
lang_role_reson.db	62	3.4	Khác	Khác			Consumes Life Stars.
lang_role_reson.db	63	3.4	Khác	Khác			Consumes Life Stars.
lang_role_reson.db	64	3.4	Khác	Khác			Consumes Life Stars.
lang_role_reson.db	65	3.4	Khác	Khác			Consumes Life Stars.
lang_role_reson.db	66	3.4	Khác	Khác			Consumes Life Stars.
lang_role_reson.db	67	3.4	Khác	Khác			Consumes Life Stars.
lang_role_reson.db	68	3.4	Khác	Khác			Consumes Life Stars.
lang_role_reson.db	69	3.4	Khác	Khác			Consumes Life Stars.
lang_role_reson.db	7	3.4	Khác	Khác			Consumes Life Stars.
lang_role_reson.db	70	3.4	Khác	Khác			Consumes Life Stars.
lang_role_reson.db	71	3.4	Khác	Khác			Consumes Life Stars.
lang_role_reson.db	72	3.4	Khác	Khác			Consumes Life Stars.
lang_role_reson.db	73	3.4	Khác	Khác			Consumes Life Stars.
lang_role_reson.db	74	3.4	Khác	Khác			Consumes Life Stars.
lang_role_reson.db	75	3.4	Khác	Khác			Consumes Life Stars.
lang_role_reson.db	76	3.4	Khác	Khác			Consumes Life Stars.
lang_role_reson.db	77	3.4	Khác	Khác			Consumes Life Stars.
lang_role_reson.db	78	3.4	Khác	Khác			Consumes Life Stars.
lang_role_reson.db	79	3.4	Khác	Khác			Consumes Life Stars.
lang_role_reson.db	8	3.4	Khác	Khác			Consumes Life Stars.
lang_role_reson.db	80	3.4	Khác	Khác			Consumes Life Stars.
lang_role_reson.db	81	3.4	Khác	Khác			Consumes Life Stars.
lang_role_reson.db	82	3.4	Khác	Khác			Consumes Life Stars.
lang_role_reson.db	83	3.4	Khác	Khác			Consumes Life Stars.
lang_role_reson.db	84	3.4	Khác	Khác			Consumes Life Stars.
lang_role_reson.db	85	3.4	Khác	Khác			Consumes Life Stars.
lang_role_reson.db	86	3.4	Khác	Khác			Consumes Life Stars.
lang_role_reson.db	87	3.4	Khác	Khác			Consumes Life Stars.
lang_role_reson.db	88	3.4	Khác	Khác			Consumes Life Stars.
lang_role_reson.db	89	3.4	Khác	Khác			Consumes Life Stars.
lang_role_reson.db	9	3.4	Khác	Khác			Consumes Life Stars.
lang_role_reson.db	90	3.4	Khác	Khác			Consumes Life Stars.
lang_role_reson.db	91	3.4	Khác	Khác			Consumes Life Stars.
lang_role_reson.db	92	3.4	Khác	Khác			Consumes Life Stars.
lang_role_reson.db	93	3.4	Khác	Khác			Consumes Life Stars.
lang_role_reson.db	94	3.4	Khác	Khác			Consumes Life Stars.
lang_role_reson.db	95	3.4	Khác	Khác			Consumes Life Stars.
lang_role_reson.db	96	3.4	Khác	Khác			Consumes Life Stars.
lang_role_reson.db	97	3.4	Khác	Khác			Consumes Life Stars.
lang_role_reson.db	98	3.4	Khác	Khác			Consumes Life Stars.
lang_role_reson.db	99	3.4	Khác	Khác			Consumes Life Stars.
lang_shop.db	1	3.4	Khác	Khác			Weapons Franchise
lang_shop.db	11	3.4	Khác	Khác			Panhua's Kitchen
lang_shop.db	3	3.4	Khác	Khác			Pharmacy Store
lang_shop.db	5	3.4	Khác	Khác			"Souvenir" Shop
lang_shop.db	7	3.4	Khác	Khác			Interference Exchange
lang_shop.db	9	3.4	Khác	Khác			Ma He's Grocers
lang_time_of_day.db	1	3.4	Khác	Khác			Default
lang_time_of_day.db	2	3.4	Khác	Khác			Next Day
lang_time_of_day.db	3	3.4	Khác	Khác			2 Days Later
lang_time_of_day.db	4	3.4	Khác	Khác			3 Days Later
