dbfile	key	version	category	folder	speaker	mission	anh_en
lang_multi_text.db	FlowEditor_145000002_5910	3.4	Hội thoại/Cốt truyện	Luồng hội thoại			[Delicious dishes required]
lang_multi_text.db	FlowEditor_145000002_5911	3.4	Hội thoại/Cốt truyện	Luồng hội thoại			Pizza Classica, Pizza Tropicale, or Laurus Salad required
lang_multi_text.db	FlowEditor_145000002_5912	3.4	Hội thoại/Cốt truyện	Luồng hội thoại			[Pizza Classica required]
lang_multi_text.db	FlowEditor_145000002_5913	3.4	Hội thoại/Cốt truyện	Luồng hội thoại			Pizza Classica required
lang_multi_text.db	FlowEditor_145000002_5914	3.4	Hội thoại/Cốt truyện	Luồng hội thoại			[Pizza Tropicale required]
lang_multi_text.db	FlowEditor_145000002_5915	3.4	Hội thoại/Cốt truyện	Luồng hội thoại			Pizza Tropicale required
lang_multi_text.db	FlowEditor_145000002_5916	3.4	Hội thoại/Cốt truyện	Luồng hội thoại			[Laurus Salad required]
lang_multi_text.db	FlowEditor_145000002_5917	3.4	Hội thoại/Cốt truyện	Luồng hội thoại			Laurus Salad required
lang_multi_text.db	Flow_102000000_12	3.4	Hội thoại/Cốt truyện	Luồng hội thoại	Speaker_84_Name		In the midst of darkness, a new world is revealed.
lang_multi_text.db	Flow_102000000_14	3.4	Hội thoại/Cốt truyện	Luồng hội thoại	Speaker_84_Name		Keep moving forward.
lang_multi_text.db	Flow_102000000_26	3.4	Hội thoại/Cốt truyện	Luồng hội thoại	Speaker_84_Name		Study the patterns on the ground and find a way to open the gate.
lang_multi_text.db	Flow_102000000_27	3.4	Hội thoại/Cốt truyện	Luồng hội thoại	Speaker_84_Name		Rotate the room through the mechanism and find the passage.
lang_multi_text.db	Flow_102000000_28	3.4	Hội thoại/Cốt truyện	Luồng hội thoại	Speaker_84_Name		There seems to be no way forward. Shall we retreat or explore other possibilities?
lang_multi_text.db	Flow_102000000_30	3.4	Hội thoại/Cốt truyện	Luồng hội thoại	Speaker_84_Name		A new room has been unlocked.
lang_multi_text.db	Flow_102000000_32	3.4	Hội thoại/Cốt truyện	Luồng hội thoại	Speaker_84_Name		There seems to be no way forward. Let's turn back and explore.
lang_multi_text.db	Flow_102000000_33	3.4	Hội thoại/Cốt truyện	Luồng hội thoại	Speaker_84_Name		There is such a large space hidden here...
lang_multi_text.db	Flow_102000000_34	3.4	Hội thoại/Cốt truyện	Luồng hội thoại	Speaker_84_Name		Carefully observe the white marks on the wall. When all the white marks are lighted, the answer is right in front of you.
lang_multi_text.db	Flow_102000000_8	3.4	Hội thoại/Cốt truyện	Luồng hội thoại	Speaker_84_Name		There seems to be a passage above, but it is blocked. Shall we try again?
lang_multi_text.db	Flow_106000000_1000	3.4	Hội thoại/Cốt truyện	Luồng hội thoại	Sâm Mẫn	When the Forest is No Longer Dim	I didn't expect it to be the same after so long, the mentor...
lang_multi_text.db	Flow_106000000_1001	3.4	Hội thoại/Cốt truyện	Luồng hội thoại	Xảo Mộc	When the Forest is No Longer Dim	Let's go, we will definitely succeed!
lang_multi_text.db	Flow_106000000_1002	3.4	Hội thoại/Cốt truyện	Luồng hội thoại	Sâm Mẫn	When the Forest is No Longer Dim	I hope this time, we can completely eliminate the Main Core that is troubling the forest.
lang_multi_text.db	Flow_106000000_1003	3.4	Hội thoại/Cốt truyện	Luồng hội thoại	Xảo Mộc	When the Forest is No Longer Dim	It's up there, Rover, let's go!
lang_multi_text.db	Flow_106000000_1004	3.4	Hội thoại/Cốt truyện	Luồng hội thoại	Sâm Mẫn	When the Forest is No Longer Dim	I don't know what's waiting for us up there, Rover, be careful.
lang_multi_text.db	Flow_106000000_1005	3.4	Hội thoại/Cốt truyện	Luồng hội thoại	Xảo Mộc	When the Forest is No Longer Dim	Huh, is it hard to see the direction of the instruments from below?
lang_multi_text.db	Flow_106000000_1008	3.4	Hội thoại/Cốt truyện	Luồng hội thoại	Xảo Mộc	When the Forest is No Longer Dim	Then I'll activate the drone's shooting function to see... Okay, I've transmitted the image to your Terminal, now you can observe these instruments from the drone's perspective!
lang_multi_text.db	Flow_106000000_1009	3.4	Hội thoại/Cốt truyện	Luồng hội thoại	Xảo Mộc	When the Forest is No Longer Dim	Hehe, I can transmit the image shot from the drone from a high place to you, so, if there's anything you can't see, just tell me!
lang_multi_text.db	Flow_106000000_1011	3.4	Hội thoại/Cốt truyện	Luồng hội thoại	Xảo Mộc	When the Forest is No Longer Dim	Rover, let’s head back and update Senmin on what we found. We can also see how her experiment is going.
lang_multi_text.db	Flow_106000000_1012	3.4	Hội thoại/Cốt truyện	Luồng hội thoại	Sâm Mẫn	When the Forest is No Longer Dim	The Main Core is at the top of it. Rover, we're counting on you.
lang_multi_text.db	Flow_106000000_1013	3.4	Hội thoại/Cốt truyện	Luồng hội thoại	Sâm Mẫn	When the Forest is No Longer Dim	Yeah... Lush vegetation, fresh air—I guess this must be what my mentor always dreamed of witnessing.
lang_multi_text.db	Flow_106000000_1015	3.4	Hội thoại/Cốt truyện	Luồng hội thoại	Xảo Mộc	When the Forest is No Longer Dim	Rover, if you come to the Violet Banyan later, maybe we'll meet again!
lang_multi_text.db	Flow_106000000_408	3.4	Hội thoại/Cốt truyện	Luồng hội thoại	Minh Kính	When the Forest is No Longer Dim	Ro-Rover! Could you please do me a favor?
lang_multi_text.db	Flow_106000000_409	3.4	Hội thoại/Cốt truyện	Luồng hội thoại		When the Forest is No Longer Dim	What happened?
lang_multi_text.db	Flow_106000000_410	3.4	Hội thoại/Cốt truyện	Luồng hội thoại	Minh Kính	When the Forest is No Longer Dim	We received a distress signal from the Dim Forest reconnaissance team, they seem to be in danger!
lang_multi_text.db	Flow_106000000_411	3.4	Hội thoại/Cốt truyện	Luồng hội thoại		When the Forest is No Longer Dim	I'll help.
lang_multi_text.db	Flow_106000000_412	3.4	Hội thoại/Cốt truyện	Luồng hội thoại	Minh Kính	When the Forest is No Longer Dim	You're a lifesaver! I'll send you the coordinates!
lang_multi_text.db	Flow_106000000_434	3.4	Hội thoại/Cốt truyện	Luồng hội thoại	Xảo Mộc	When the Forest is No Longer Dim	Wow, that's so impressive! You took them down in just a few moves!
lang_multi_text.db	Flow_106000000_435	3.4	Hội thoại/Cốt truyện	Luồng hội thoại	Xảo Mộc	When the Forest is No Longer Dim	Hey, you see, the Offshoot Core is right in front, I'll be counting on you this time too!
lang_multi_text.db	Flow_106000000_443	3.4	Hội thoại/Cốt truyện	Luồng hội thoại	Xảo Mộc	When the Forest is No Longer Dim	Help!!
lang_multi_text.db	Flow_106000000_459	3.4	Hội thoại/Cốt truyện	Luồng hội thoại	Xảo Mộc	When the Forest is No Longer Dim	This Sabyr Boar is known for its aggressive nature and powerful attacks, but now...
lang_multi_text.db	Flow_106000000_467	3.4	Hội thoại/Cốt truyện	Luồng hội thoại	Sâm Mẫn	When the Forest is No Longer Dim	Rover, Qiaomu, there you are.
lang_multi_text.db	Flow_106000000_469	3.4	Hội thoại/Cốt truyện	Luồng hội thoại		When the Forest is No Longer Dim	How's it going?
lang_multi_text.db	Flow_106000000_475	3.4	Hội thoại/Cốt truyện	Luồng hội thoại	Xảo Mộc	When the Forest is No Longer Dim	Phew... Thank heavens we have Rover here.
lang_multi_text.db	Flow_106000000_491	3.4	Hội thoại/Cốt truyện	Luồng hội thoại	Xảo Mộc	When the Forest is No Longer Dim	We made it! Let's go inside quick!
lang_multi_text.db	Flow_106000000_518	3.4	Hội thoại/Cốt truyện	Luồng hội thoại	Sâm Mẫn	When the Forest is No Longer Dim	Sure, I'll brief you on this. Once we start preparing the antibody, I'll need you to pass over the ingredients I need.
lang_multi_text.db	Flow_106000000_521	3.4	Hội thoại/Cốt truyện	Luồng hội thoại	Xảo Mộc	When the Forest is No Longer Dim	If you're ready, let's get started!
lang_multi_text.db	Flow_106000000_522	3.4	Hội thoại/Cốt truyện	Luồng hội thoại	Sâm Mẫn	When the Forest is No Longer Dim	Let's get started.
lang_multi_text.db	Flow_106000000_523	3.4	Hội thoại/Cốt truyện	Luồng hội thoại	Xảo Mộc	When the Forest is No Longer Dim	That's fine. I can see you're tired from the hard work you've done. Let's take a break first.
lang_multi_text.db	Flow_106000000_528	3.4	Hội thoại/Cốt truyện	Luồng hội thoại	Sâm Mẫn	When the Forest is No Longer Dim	First, I'll need the <color=Highlight>ingredient on top of that box</color>, thank you.
lang_multi_text.db	Flow_106000000_529	3.4	Hội thoại/Cốt truyện	Luồng hội thoại	Sâm Mẫn	When the Forest is No Longer Dim	Next is the <color=Highlight>ingredient in the can</color> behind you. Please handle it with care.
lang_multi_text.db	Flow_106000000_530	3.4	Hội thoại/Cốt truyện	Luồng hội thoại	Sâm Mẫn	When the Forest is No Longer Dim	Now we need a bit of the <color=Highlight>ingredient on top of that box</color>.
lang_multi_text.db	Flow_106000000_531	3.4	Hội thoại/Cốt truyện	Luồng hội thoại	Sâm Mẫn	When the Forest is No Longer Dim	Now is the crucial moment, please pass me the <color=Highlight>bottle on the table</color>.
lang_multi_text.db	Flow_106000000_532	3.4	Hội thoại/Cốt truyện	Luồng hội thoại	Sâm Mẫn	When the Forest is No Longer Dim	The last step, Rover. I need the <color=Highlight>ingredient in the can</color>, same as before.
lang_multi_text.db	Flow_106000000_533	3.4	Hội thoại/Cốt truyện	Luồng hội thoại	Xảo Mộc	When the Forest is No Longer Dim	Great!
lang_multi_text.db	Flow_106000000_534	3.4	Hội thoại/Cốt truyện	Luồng hội thoại	Xảo Mộc	When the Forest is No Longer Dim	Looks great!
lang_multi_text.db	Flow_106000000_535	3.4	Hội thoại/Cốt truyện	Luồng hội thoại	Xảo Mộc	When the Forest is No Longer Dim	That's right!
lang_multi_text.db	Flow_106000000_536	3.4	Hội thoại/Cốt truyện	Luồng hội thoại	Xảo Mộc	When the Forest is No Longer Dim	That's not quite right. The first ingredient I need is on top of that <color=Highlight>box</color>. Thanks, Rover.
lang_multi_text.db	Flow_106000000_540	3.4	Hội thoại/Cốt truyện	Luồng hội thoại	Xảo Mộc	When the Forest is No Longer Dim	Help!! Please help us out. The key should be around here somewhere.
lang_multi_text.db	Flow_106000000_541	3.4	Hội thoại/Cốt truyện	Luồng hội thoại	Rover	When the Forest is No Longer Dim	This should be the key that Qiaomu mentioned.
lang_multi_text.db	Flow_106000000_543	3.4	Hội thoại/Cốt truyện	Luồng hội thoại		When the Forest is No Longer Dim	What are the coordinates?
lang_multi_text.db	Flow_106000000_544	3.4	Hội thoại/Cốt truyện	Luồng hội thoại	Minh Kính	When the Forest is No Longer Dim	The situation's complicated there. Be careful!
lang_multi_text.db	Flow_106000000_608	3.4	Hội thoại/Cốt truyện	Luồng hội thoại		When the Forest is No Longer Dim	Just call me Rover.
lang_multi_text.db	Flow_106000000_651	3.4	Hội thoại/Cốt truyện	Luồng hội thoại	Rover	When the Forest is No Longer Dim	It seems this is Senmin's notes, where did she go... Continue to use the Sensor to see.
lang_multi_text.db	Flow_106000000_933	3.4	Hội thoại/Cốt truyện	Luồng hội thoại	Sâm Mẫn	When the Forest is No Longer Dim	While you were cleaning the Offshoot Core, I've been trying to adjust the antibody formula, now it's almost the last step...
lang_multi_text.db	Flow_106000000_934	3.4	Hội thoại/Cốt truyện	Luồng hội thoại	Sâm Mẫn	When the Forest is No Longer Dim	However, what I'm going to do is time-sensitive, so it would be helpful if both of you could lend me a hand.
lang_multi_text.db	Flow_106000000_935	3.4	Hội thoại/Cốt truyện	Luồng hội thoại	Xảo Mộc	When the Forest is No Longer Dim	Let me help you.
lang_multi_text.db	Flow_106000000_936	3.4	Hội thoại/Cốt truyện	Luồng hội thoại		When the Forest is No Longer Dim	I'll help too.
lang_multi_text.db	Flow_106000000_938	3.4	Hội thoại/Cốt truyện	Luồng hội thoại		When the Forest is No Longer Dim	The noxious fog stifled your breath. You struggled to breathe as poisonous spores clogged your airways. You narrowly escaped, before darkness consumed your vision.
lang_multi_text.db	Flow_106000000_939	3.4	Hội thoại/Cốt truyện	Luồng hội thoại		When the Forest is No Longer Dim	Suddenly, a group of Hoochiefs coming out of nowhere surround you.
lang_multi_text.db	Flow_106000000_941	3.4	Hội thoại/Cốt truyện	Luồng hội thoại	Xảo Mộc	When the Forest is No Longer Dim	These are... enraged Hoochiefs! They've all been contaminated!
lang_multi_text.db	Flow_106000000_942	3.4	Hội thoại/Cốt truyện	Luồng hội thoại	Hou Hou	When the Forest is No Longer Dim	*A worried hoohoo*!
lang_multi_text.db	Flow_106000000_943	3.4	Hội thoại/Cốt truyện	Luồng hội thoại	Rover	When the Forest is No Longer Dim	Step back. I'll deal with them!
lang_multi_text.db	Flow_106000000_945	3.4	Hội thoại/Cốt truyện	Luồng hội thoại		When the Forest is No Longer Dim	Not at all.
lang_multi_text.db	Flow_106000000_946	3.4	Hội thoại/Cốt truyện	Luồng hội thoại		When the Forest is No Longer Dim	Give me some more time.
lang_multi_text.db	Flow_106000000_947	3.4	Hội thoại/Cốt truyện	Luồng hội thoại	Xảo Mộc	When the Forest is No Longer Dim	Take your time, Rover! Just tell me when you're ready!
lang_multi_text.db	Flow_106000000_948	3.4	Hội thoại/Cốt truyện	Luồng hội thoại		When the Forest is No Longer Dim	Give me some more time.
lang_multi_text.db	Flow_106000000_949	3.4	Hội thoại/Cốt truyện	Luồng hội thoại	Xảo Mộc	When the Forest is No Longer Dim	Take your time, Rover! Just tell me when you're ready!
lang_multi_text.db	Flow_106000000_950	3.4	Hội thoại/Cốt truyện	Luồng hội thoại	Sâm Mẫn	When the Forest is No Longer Dim	Thank you both. Rover, please hand me the ingredients; Qiaomu, please count the time for me.
lang_multi_text.db	Flow_106000000_951	3.4	Hội thoại/Cốt truyện	Luồng hội thoại	Xảo Mộc	When the Forest is No Longer Dim	Got it! Happy to help!
lang_multi_text.db	Flow_106000000_952	3.4	Hội thoại/Cốt truyện	Luồng hội thoại		When the Forest is No Longer Dim	Oh no...
lang_multi_text.db	Flow_106000000_953	3.4	Hội thoại/Cốt truyện	Luồng hội thoại		When the Forest is No Longer Dim	Failure is the mother of success! Don't worry!
lang_multi_text.db	Flow_106000000_954	3.4	Hội thoại/Cốt truyện	Luồng hội thoại		When the Forest is No Longer Dim	Yeah, don't let it get to you, Senmin. It happens all the time, right?
lang_multi_text.db	Flow_106000000_955	3.4	Hội thoại/Cốt truyện	Luồng hội thoại		When the Forest is No Longer Dim	I used to struggle with all my school projects and I almost failed to graduate! Luckily, Senmin pointed me in a new direction for the project back then, and that was how I could...
lang_multi_text.db	Flow_106000000_956	3.4	Hội thoại/Cốt truyện	Luồng hội thoại		When the Forest is No Longer Dim	Direction... Qiaomu, do you think we might need to approach this from a different direction, too?
lang_multi_text.db	Flow_106000000_957	3.4	Hội thoại/Cốt truyện	Luồng hội thoại		When the Forest is No Longer Dim	I'm ready.
lang_multi_text.db	Flow_106000000_958	3.4	Hội thoại/Cốt truyện	Luồng hội thoại		When the Forest is No Longer Dim	I need more time.
lang_multi_text.db	Flow_106000000_959	3.4	Hội thoại/Cốt truyện	Luồng hội thoại		When the Forest is No Longer Dim	That's right!
lang_multi_text.db	Flow_106000000_960	3.4	Hội thoại/Cốt truyện	Luồng hội thoại		When the Forest is No Longer Dim	Phew... finally done. Rover, thank you so much for your help. Now, let's see how it works.
lang_multi_text.db	Flow_106000000_961	3.4	Hội thoại/Cốt truyện	Luồng hội thoại	Xảo Mộc	When the Forest is No Longer Dim	H-help!! I'm Qiaomu, a member of the Dim Forest exploration team. Can you please help us out?
lang_multi_text.db	Flow_106000000_962	3.4	Hội thoại/Cốt truyện	Luồng hội thoại	Xảo Mộc	When the Forest is No Longer Dim	Yes, the key! The key to this cage. I saw them hide the key in that room over there. Please, help!
lang_multi_text.db	Flow_106000000_963	3.4	Hội thoại/Cốt truyện	Luồng hội thoại	Xảo Mộc	When the Forest is No Longer Dim	Please! The key is somehwere in the Exile's living quarters!
lang_multi_text.db	Flow_106000000_964	3.4	Hội thoại/Cốt truyện	Luồng hội thoại	Xảo Mộc	When the Forest is No Longer Dim	Craft "Guardian Pistols"
lang_multi_text.db	Flow_106000000_965	3.4	Hội thoại/Cốt truyện	Luồng hội thoại	Xảo Mộc	When the Forest is No Longer Dim	Looks beautiful, doesn't it? In reality, they're as dangerous as they come.
lang_multi_text.db	Flow_106000000_966	3.4	Hội thoại/Cốt truyện	Luồng hội thoại	Xảo Mộc	When the Forest is No Longer Dim	And the signal from Sensor, it seems to be under the banyan tree, this is really... let me see...
lang_multi_text.db	Flow_106000000_968	3.4	Hội thoại/Cốt truyện	Luồng hội thoại	Xảo Mộc	When the Forest is No Longer Dim	Please stay safe... We'll be right there, Senmin!
lang_multi_text.db	Flow_106000000_969	3.4	Hội thoại/Cốt truyện	Luồng hội thoại	Xảo Mộc	When the Forest is No Longer Dim	Can't find the way? Why not try using your Sensor module?
lang_multi_text.db	Flow_106000000_970	3.4	Hội thoại/Cốt truyện	Luồng hội thoại	Rover	When the Forest is No Longer Dim	There's someone lying on the ground up ahead. Is it Senmin? We need to get her out of here quickly.
lang_multi_text.db	Flow_106000000_977	3.4	Hội thoại/Cốt truyện	Luồng hội thoại		When the Forest is No Longer Dim	You and Hoohoo race against time to rescue Senmin.
lang_multi_text.db	Flow_106000000_978	3.4	Hội thoại/Cốt truyện	Luồng hội thoại	Xảo Mộc	When the Forest is No Longer Dim	This area is not safe, let's hurry to the Offshoot Core area.
lang_multi_text.db	Flow_106000000_979	3.4	Hội thoại/Cốt truyện	Luồng hội thoại	Xảo Mộc	When the Forest is No Longer Dim	These traces lead all the way to the Offshoot Core area!
lang_multi_text.db	Flow_106000000_980	3.4	Hội thoại/Cốt truyện	Luồng hội thoại	Xảo Mộc	When the Forest is No Longer Dim	There too! Let's go take a look.
lang_multi_text.db	Flow_106000000_981	3.4	Hội thoại/Cốt truyện	Luồng hội thoại	Xảo Mộc	When the Forest is No Longer Dim	Hoohoo, why did you suddenly run out?
lang_multi_text.db	Flow_106000000_984	3.4	Hội thoại/Cốt truyện	Luồng hội thoại		When the Forest is No Longer Dim	Give me some more time.
lang_multi_text.db	Flow_106000000_987	3.4	Hội thoại/Cốt truyện	Luồng hội thoại	Xảo Mộc	When the Forest is No Longer Dim	Take your time, Rover! Just tell me when you're ready!
lang_multi_text.db	Flow_106000000_988	3.4	Hội thoại/Cốt truyện	Luồng hội thoại	Xảo Mộc	When the Forest is No Longer Dim	Hmm... I need the ingredient in the <color=Highlight>can</color>. Thanks, we're nearly there!
lang_multi_text.db	Flow_106000000_989	3.4	Hội thoại/Cốt truyện	Luồng hội thoại	Xảo Mộc	When the Forest is No Longer Dim	Not quite what I needed, but that's okay. Do you see the ingredient that's on top of the <color=Highlight>box</color>?
lang_multi_text.db	Flow_106000000_990	3.4	Hội thoại/Cốt truyện	Luồng hội thoại	Xảo Mộc	When the Forest is No Longer Dim	This color... no no, I need the bottle on the <color=Highlight>table</color>, could you please help me?
lang_multi_text.db	Flow_106000000_991	3.4	Hội thoại/Cốt truyện	Luồng hội thoại	Xảo Mộc	When the Forest is No Longer Dim	Strange... Oh, it's the wrong one! The last ingredient is in the <color=Highlight>can</color>, could you please help me get it?
lang_multi_text.db	Flow_106000000_992	3.4	Hội thoại/Cốt truyện	Luồng hội thoại	Xảo Mộc	When the Forest is No Longer Dim	Rover, I need you to come with me to the Offshoot Core area.
lang_multi_text.db	Flow_106000000_993	3.4	Hội thoại/Cốt truyện	Luồng hội thoại	Xảo Mộc	When the Forest is No Longer Dim	Next is the second Offshoot Core area... Rover, let's go.
lang_multi_text.db	Flow_106000000_994	3.4	Hội thoại/Cốt truyện	Luồng hội thoại	Xảo Mộc	When the Forest is No Longer Dim	What's wrong with Hoohoo... Rover, let's catch up quickly!
lang_multi_text.db	Flow_106000000_995	3.4	Hội thoại/Cốt truyện	Luồng hội thoại	Sâm Mẫn	When the Forest is No Longer Dim	Strange, did Hoohoo find something... I need to go check it out quickly.
lang_multi_text.db	Flow_106000000_996	3.4	Hội thoại/Cốt truyện	Luồng hội thoại	Sâm Mẫn	When the Forest is No Longer Dim	I didn't expect to find Offshoot Core here, the spread of the toxic spore is much faster than our model... Rover, I need your help again.
lang_multi_text.db	Flow_106000000_997	3.4	Hội thoại/Cốt truyện	Luồng hội thoại	Xảo Mộc	When the Forest is No Longer Dim	Let's go now!
lang_multi_text.db	Flow_106000000_999	3.4	Hội thoại/Cốt truyện	Luồng hội thoại	Xảo Mộc	When the Forest is No Longer Dim	How's it going, Rover? Found anything?
lang_multi_text.db	Flow_106800000_10	3.4	Hội thoại/Cốt truyện	Luồng hội thoại	Người Kể Chuyện	Tales of the Past and Present: Dim Forest	Next time, I think I can cover the founding of Jinzhou for you.
lang_multi_text.db	Flow_106800000_11	3.4	Hội thoại/Cốt truyện	Luồng hội thoại	Người Kể Chuyện	Tales of the Past and Present: Dim Forest	From the article, I believe it's a speculation from an unknown researcher.
lang_multi_text.db	Flow_106800000_12	3.4	Hội thoại/Cốt truyện	Luồng hội thoại	Người Kể Chuyện	Tales of the Past and Present: Dim Forest	"Here comes a beast, akin to a lion. It exudes might and intellect, embraces a human's act..."
lang_multi_text.db	Flow_106800000_13	3.4	Hội thoại/Cốt truyện	Luồng hội thoại	Người Kể Chuyện	Tales of the Past and Present: Dim Forest	Alas. Strong as it is, it cannot strive against the Lament.
lang_multi_text.db	Flow_106800000_14	3.4	Hội thoại/Cốt truyện	Luồng hội thoại	Người Kể Chuyện	Tales of the Past and Present: Dim Forest	<i>Lo, Lo, Lollo Logistics!</i>? An interesting title, it is!
lang_multi_text.db	Flow_106800000_15	3.4	Hội thoại/Cốt truyện	Luồng hội thoại	Người Kể Chuyện	Tales of the Past and Present: Dim Forest	I believe this is a diary of a courier. Her love for work drips from every syllable in this diary.
lang_multi_text.db	Flow_106800000_16	3.4	Hội thoại/Cốt truyện	Luồng hội thoại	Người Kể Chuyện	Tales of the Past and Present: Dim Forest	But the screams from Whining Aix's Mire do seem to be an interesting hook. Maybe I could incorporate that into my story...
lang_multi_text.db	Flow_106800000_17	3.4	Hội thoại/Cốt truyện	Luồng hội thoại	Người Kể Chuyện	Tales of the Past and Present: Dim Forest	Oh... They must be letters between a brave soldier and his family.
lang_multi_text.db	Flow_106800000_18	3.4	Hội thoại/Cốt truyện	Luồng hội thoại	Người Kể Chuyện	Tales of the Past and Present: Dim Forest	Gloom lurks upon the skies, a scene of infernal carnage...
lang_multi_text.db	Flow_106800000_19	3.4	Hội thoại/Cốt truyện	Luồng hội thoại	Người Kể Chuyện	Tales of the Past and Present: Dim Forest	I'm sorry for the sudden pause. It reminds me of an epic battle in the past. I shall pick a time to share this story with you.
lang_multi_text.db	Flow_106800000_20	3.4	Hội thoại/Cốt truyện	Luồng hội thoại	Người Kể Chuyện	Tales of the Past and Present: Dim Forest	A report too close to call it ancient, I reckon. They should belong to a time before Tacetite Technology was born.
lang_multi_text.db	Flow_106800000_21	3.4	Hội thoại/Cốt truyện	Luồng hội thoại	Người Kể Chuyện	Tales of the Past and Present: Dim Forest	I rummaged through all the relics from my grand-grand-grand-grandpa to repair the report...
lang_multi_text.db	Flow_106800000_22	3.4	Hội thoại/Cốt truyện	Luồng hội thoại	Người Kể Chuyện	Tales of the Past and Present: Dim Forest	But they all deserve it. What's in this report is far more important than my efforts.
lang_multi_text.db	Flow_106800000_23	3.4	Hội thoại/Cốt truyện	Luồng hội thoại	Người Kể Chuyện	Tales of the Past and Present: Dim Forest	Though we cannot know the exact entry date, their endeavors toward unknown disasters now have more clear proof.
lang_multi_text.db	Flow_106800000_24	3.4	Hội thoại/Cốt truyện	Luồng hội thoại	Người Kể Chuyện	Tales of the Past and Present: Dim Forest	Strange messages combined with a mystic train... Quite an urban legend to linger on.
lang_multi_text.db	Flow_106800000_25	3.4	Hội thoại/Cốt truyện	Luồng hội thoại	Người Kể Chuyện	Tales of the Past and Present: Dim Forest	Though you may find these stories hard to believe, they sometimes come from a vague reflection of reality.
lang_multi_text.db	Flow_106800000_26	3.4	Hội thoại/Cốt truyện	Luồng hội thoại	Người Kể Chuyện	Tales of the Past and Present: Dim Forest	Perhaps you can ask yourself the same question after reading the messages.
lang_multi_text.db	Flow_106800000_27	3.4	Hội thoại/Cốt truyện	Luồng hội thoại	Người Kể Chuyện	Tales of the Past and Present: Dim Forest	I believe this is the diary of the Dim Forest Expedition Team. With various writers, researchers recorded their precious fruits alongside changes of generation in it.
lang_multi_text.db	Flow_106800000_28	3.4	Hội thoại/Cốt truyện	Luồng hội thoại	Người Kể Chuyện	Tales of the Past and Present: Dim Forest	Studies aren't instant success to achieve. Let me explain this in detail next time.
lang_multi_text.db	Flow_106800000_5	3.4	Hội thoại/Cốt truyện	Luồng hội thoại	Người Kể Chuyện	Tales of the Past and Present: Dim Forest	I see, I see. That sky train in Port City of Guixu seems to be the relic of a story.
lang_multi_text.db	Flow_106800000_6	3.4	Hội thoại/Cốt truyện	Luồng hội thoại	Người Kể Chuyện	Tales of the Past and Present: Dim Forest	Reversing rain and marching train... If someone cares to inquire about such an event...
lang_multi_text.db	Flow_106800000_7	3.4	Hội thoại/Cốt truyện	Luồng hội thoại	Người Kể Chuyện	Tales of the Past and Present: Dim Forest	You could say that the April shower will answer those questions.
lang_multi_text.db	Flow_106800000_8	3.4	Hội thoại/Cốt truyện	Luồng hội thoại	Người Kể Chuyện	Tales of the Past and Present: Dim Forest	This is the... <i>Jinzhou Folklore Journal</i>.
lang_multi_text.db	Flow_106800000_9	3.4	Hội thoại/Cốt truyện	Luồng hội thoại	Người Kể Chuyện	Tales of the Past and Present: Dim Forest	Though I tell stories about Jinzhou and Huanglong here, my knowledge cannot rival this masterpiece.
lang_multi_text.db	Flow_109000000_1	3.4	Hội thoại/Cốt truyện	Luồng hội thoại	Đạt Thế Bang	Hero of the Leap	In the land of the Daxia, I am practicing the art of overdashing, hoping to one day become a skilled swordsman.
lang_multi_text.db	Flow_109000000_10	3.4	Hội thoại/Cốt truyện	Luồng hội thoại		Hero of the Leap	Alright, after the conversation, the challenge will begin. Please reach the distant finish line as soon as possible within the rules!
lang_multi_text.db	Flow_109000000_11	3.4	Hội thoại/Cốt truyện	Luồng hội thoại	Đạt Thế Bang	Hero of the Leap	Congratulations on a successful challenge!
lang_multi_text.db	Flow_109000000_12	3.4	Hội thoại/Cốt truyện	Luồng hội thoại	Đạt Thế Bang	Hero of the Leap	Friend, the global fan club of Qingren heroes will give you a set of "The Seven Swords of Qingren" and a collector's edition art book.
lang_multi_text.db	Flow_109000000_13	3.4	Hội thoại/Cốt truyện	Luồng hội thoại	Đạt Thế Bang	Hero of the Leap	I have also designed a new track! If you want to break your record or challenge new difficulties, come find me!
lang_multi_text.db	Flow_109000000_14	3.4	Hội thoại/Cốt truyện	Luồng hội thoại	Đạt Thế Bang	Hero of the Leap	The third rule of overdashing is that landing means defeat!
lang_multi_text.db	Flow_109000000_154	3.4	Hội thoại/Cốt truyện	Luồng hội thoại	Đạt Thế Bang	Hero of the Leap	You are truly impressive, you will become the one who dominates among us!
lang_multi_text.db	Flow_109000000_156	3.4	Hội thoại/Cốt truyện	Luồng hội thoại	Đạt Thế Bang	Hero of the Leap	In the book, the hero with the sharp blade always ventures into the most dangerous places in the world. The basic tracks are not exciting enough for you. You have the ability to face danger and challenges just like the hero with the sharp blade!
lang_multi_text.db	Flow_109000000_158	3.4	Hội thoại/Cốt truyện	Luồng hội thoại	Đạt Thế Bang	Hero of the Leap	No one has successfully completed the enhanced version of the track I designed. If you want to give it a try, let me know!
lang_multi_text.db	Flow_109000000_16	3.4	Hội thoại/Cốt truyện	Luồng hội thoại	Đạt Thế Bang	Hero of the Leap	Do you want to challenge again?
lang_multi_text.db	Flow_109000000_17	3.4	Hội thoại/Cốt truyện	Luồng hội thoại		Hero of the Leap	Challenge again!
lang_multi_text.db	Flow_109000000_18	3.4	Hội thoại/Cốt truyện	Luồng hội thoại		Hero of the Leap	I will come back to challenge later.
lang_multi_text.db	Flow_109000000_19	3.4	Hội thoại/Cốt truyện	Luồng hội thoại		Hero of the Leap	Alright! Please return to the starting point.
lang_multi_text.db	Flow_109000000_2	3.4	Hội thoại/Cốt truyện	Luồng hội thoại	Đạt Thế Bang	Hero of the Leap	Indeed, I am a fan of the novel "The Seven Swords of Qingren" by Kuhai. I aspire to become a new generation of Kung Fu heroes! So I am learning from him, or rather, trying to talk like him.
lang_multi_text.db	Flow_109000000_22	3.4	Hội thoại/Cốt truyện	Luồng hội thoại	Đạt Thế Bang	Hero of the Leap	The third rule of overdashing is that deviating from the track means defeat!
lang_multi_text.db	Flow_109000000_23	3.4	Hội thoại/Cốt truyện	Luồng hội thoại	Đạt Thế Bang	Hero of the Leap	You have deviated from the track! If you want to challenge again, please return to the starting point.
lang_multi_text.db	Flow_109000000_25	3.4	Hội thoại/Cốt truyện	Luồng hội thoại		Hero of the Leap	Alright, take your time. This sport often requires long-term training to make progress. Looking forward to your next challenge!
lang_multi_text.db	Flow_109000000_251	3.4	Hội thoại/Cốt truyện	Luồng hội thoại	Đạt Thế Bang	Hero of the Leap	Oh, you have succeeded in the challenge again!
lang_multi_text.db	Flow_109000000_252	3.4	Hội thoại/Cốt truyện	Luồng hội thoại	Đạt Thế Bang	Hero of the Leap	Your demeanor is just like the hero with the sharp blade himself! This is incredible!
lang_multi_text.db	Flow_109000000_253	3.4	Hội thoại/Cốt truyện	Luồng hội thoại	Đạt Thế Bang	Hero of the Leap	You have surpassed my level, you will definitely be the master of overdashing this year!
lang_multi_text.db	Flow_109000000_255	3.4	Hội thoại/Cốt truyện	Luồng hội thoại	Đạt Thế Bang	Hero of the Leap	I will stay in Jinzhou until this year's competition begins. If you want to continue the challenge, come find me, I will be waiting for you in the usual place!
lang_multi_text.db	Flow_109000000_256	3.4	Hội thoại/Cốt truyện	Luồng hội thoại	Đạt Thế Bang	Hero of the Leap	If you can become the new Overdashing Master, please be sure to share with me the story that the withered sea told you! I can't thank you enough for your great kindness!
lang_multi_text.db	Flow_109000000_257	3.4	Hội thoại/Cốt truyện	Luồng hội thoại	Đạt Thế Bang	Hero of the Leap	Brother, we'll meet again in the martial world!
lang_multi_text.db	Flow_109000000_258	3.4	Hội thoại/Cốt truyện	Luồng hội thoại		Hero of the Leap	Dashbon jumped onto the roof and quickly ran away...
lang_multi_text.db	Flow_109000000_259	3.4	Hội thoại/Cốt truyện	Luồng hội thoại	Đạt Thế Bang	Hero of the Leap	Brother, I noticed your successful challenge record!
lang_multi_text.db	Flow_109000000_260	3.4	Hội thoại/Cốt truyện	Luồng hội thoại	Đạt Thế Bang	Hero of the Leap	Keep it up! I hope you can conquer another track!
lang_multi_text.db	Flow_109000000_263	3.4	Hội thoại/Cốt truyện	Luồng hội thoại	Đạt Thế Bang	Hero of the Leap	Moreover, you have obtained the qualification to participate in the World Championship. If you're interested, I can help you with the registration!
lang_multi_text.db	Flow_109000000_264	3.4	Hội thoại/Cốt truyện	Luồng hội thoại	Đạt Thế Bang	Hero of the Leap	You're really skilled! Neither track has defeated you!
lang_multi_text.db	Flow_109000000_265	3.4	Hội thoại/Cốt truyện	Luồng hội thoại	Đạt Thế Bang	Hero of the Leap	I have prepared a prize for you. Please come to me!
lang_multi_text.db	Flow_109000000_267	3.4	Hội thoại/Cốt truyện	Luồng hội thoại	Đạt Thế Bang	Hero of the Leap	How about it, do you want to start a challenge?
lang_multi_text.db	Flow_109000000_268	3.4	Hội thoại/Cốt truyện	Luồng hội thoại		Hero of the Leap	Challenge!
lang_multi_text.db	Flow_109000000_270	3.4	Hội thoại/Cốt truyện	Luồng hội thoại		Hero of the Leap	Next time for sure.
lang_multi_text.db	Flow_109000000_271	3.4	Hội thoại/Cốt truyện	Luồng hội thoại		Hero of the Leap	Alright, I look forward to your next challenge!
lang_multi_text.db	Flow_109000000_272	3.4	Hội thoại/Cốt truyện	Luồng hội thoại	Đạt Thế Bang	Hero of the Leap	Do you want to challenge Overdashing again?!
lang_multi_text.db	Flow_109000000_274	3.4	Hội thoại/Cốt truyện	Luồng hội thoại		Hero of the Leap	What are the rules again?
lang_multi_text.db	Flow_109000000_275	3.4	Hội thoại/Cốt truyện	Luồng hội thoại		Hero of the Leap	No, I'm just passing by.
lang_multi_text.db	Flow_109000000_276	3.4	Hội thoại/Cốt truyện	Luồng hội thoại		Hero of the Leap	Alright, after the conversation ends, the challenge will begin. Please reach the distant finish line as soon as possible within the rules.
lang_multi_text.db	Flow_109000000_277	3.4	Hội thoại/Cốt truyện	Luồng hội thoại	Đạt Thế Bang	Hero of the Leap	First, the hero, with a mortal body, rarely knows defeat. We, the followers, must <color=yellow>rely solely on ourselves, without borrowing any external abilities</color>, to complete the challenge.
lang_multi_text.db	Flow_109000000_278	3.4	Hội thoại/Cốt truyện	Luồng hội thoại	Đạt Thế Bang	Hero of the Leap	Second, the hero, with a sharp blade in hand, has a weapon by their side. Challengers <color=yellow>can use external objects such as a grappling hook during the dash</color> to complete the challenge.
lang_multi_text.db	Flow_109000000_279	3.4	Hội thoại/Cốt truyện	Luồng hội thoại	Đạt Thế Bang	Hero of the Leap	Third, the hero, hiding in high places, their presence unknown. <color=yellow>The dash must be done only on the rooftops, and challengers must not touch the ground or seek another path</color> along the way.
lang_multi_text.db	Flow_109000000_280	3.4	Hội thoại/Cốt truyện	Luồng hội thoại	Đạt Thế Bang	Hero of the Leap	The above three are the requirements for Overdashing.
lang_multi_text.db	Flow_109000000_281	3.4	Hội thoại/Cốt truyện	Luồng hội thoại	Đạt Thế Bang	Hero of the Leap	How about it, do you want to start the challenge?
lang_multi_text.db	Flow_109000000_282	3.4	Hội thoại/Cốt truyện	Luồng hội thoại		Hero of the Leap	Challenge!
lang_multi_text.db	Flow_109000000_283	3.4	Hội thoại/Cốt truyện	Luồng hội thoại		Hero of the Leap	Next time for sure.
lang_multi_text.db	Flow_109000000_284	3.4	Hội thoại/Cốt truyện	Luồng hội thoại		Hero of the Leap	I see, then I look forward to your next challenge!
lang_multi_text.db	Flow_109000000_285	3.4	Hội thoại/Cốt truyện	Luồng hội thoại		Hero of the Leap	Alright, looking forward to your next challenge!
lang_multi_text.db	Flow_109000000_286	3.4	Hội thoại/Cốt truyện	Luồng hội thoại		Hero of the Leap	Challenge the enhanced track!
lang_multi_text.db	Flow_109000000_292	3.4	Hội thoại/Cốt truyện	Luồng hội thoại		Hero of the Leap	Challenge the enhanced track!
lang_multi_text.db	Flow_109000000_295	3.4	Hội thoại/Cốt truyện	Luồng hội thoại		Hero of the Leap	No, I'm just passing by.
lang_multi_text.db	Flow_109000000_3	3.4	Hội thoại/Cốt truyện	Luồng hội thoại	Đạt Thế Bang	Hero of the Leap	I learned these words from the novel "The Seven Swords of Qingren" by Kuhai. This book is very popular in my homeland, and if I want to become a new generation of Kung Fu heroes, I must learn from all aspects!
lang_multi_text.db	Flow_109000000_301	3.4	Hội thoại/Cốt truyện	Luồng hội thoại		Hero of the Leap	Let me give it a try.
lang_multi_text.db	Flow_109000000_302	3.4	Hội thoại/Cốt truyện	Luồng hội thoại		Hero of the Leap	I'm not interested for now.
lang_multi_text.db	Flow_109000000_303	3.4	Hội thoại/Cốt truyện	Luồng hội thoại	Đạt Thế Bang	Hero of the Leap	No problem, Overdashing is always open to everyone.
lang_multi_text.db	Flow_109000000_304	3.4	Hội thoại/Cốt truyện	Luồng hội thoại		Hero of the Leap	After the conversation, the challenge begins. Please reach the distant finish line as soon as possible within the rules!
lang_multi_text.db	Flow_109000000_305	3.4	Hội thoại/Cốt truyện	Luồng hội thoại	Đạt Thế Bang	Hero of the Leap	Great! You have a unique talent. You must be a martial arts expert. You are our partner!
lang_multi_text.db	Flow_109000000_306	3.4	Hội thoại/Cốt truyện	Luồng hội thoại	Đạt Thế Bang	Hero of the Leap	The third rule of Overdashing is, you lose as soon as you touch the ground!
lang_multi_text.db	Flow_109000000_307	3.4	Hội thoại/Cốt truyện	Luồng hội thoại	Đạt Thế Bang	Hero of the Leap	Do you want to challenge again?
lang_multi_text.db	Flow_109000000_308	3.4	Hội thoại/Cốt truyện	Luồng hội thoại		Hero of the Leap	Challenge again!
lang_multi_text.db	Flow_109000000_309	3.4	Hội thoại/Cốt truyện	Luồng hội thoại		Hero of the Leap	I'll challenge later.
lang_multi_text.db	Flow_109000000_310	3.4	Hội thoại/Cốt truyện	Luồng hội thoại		Hero of the Leap	Alright! Please return to the starting point.
lang_multi_text.db	Flow_109000000_311	3.4	Hội thoại/Cốt truyện	Luồng hội thoại		Hero of the Leap	Alright, take your time. This sport often requires long-term training to make progress. Looking forward to your next challenge!
lang_multi_text.db	Flow_109000000_312	3.4	Hội thoại/Cốt truyện	Luồng hội thoại	Đạt Thế Bang	Hero of the Leap	The third rule of Overdashing is, you lose as soon as you touch the ground!
lang_multi_text.db	Flow_109000000_313	3.4	Hội thoại/Cốt truyện	Luồng hội thoại	Đạt Thế Bang	Hero of the Leap	Do you want to challenge again?
lang_multi_text.db	Flow_109000000_314	3.4	Hội thoại/Cốt truyện	Luồng hội thoại		Hero of the Leap	Challenge again!
lang_multi_text.db	Flow_109000000_315	3.4	Hội thoại/Cốt truyện	Luồng hội thoại		Hero of the Leap	I'll challenge later.
lang_multi_text.db	Flow_109000000_316	3.4	Hội thoại/Cốt truyện	Luồng hội thoại		Hero of the Leap	Alright! Please return to the starting point.
lang_multi_text.db	Flow_109000000_317	3.4	Hội thoại/Cốt truyện	Luồng hội thoại		Hero of the Leap	Take your time, don't rush. This sport often requires long-term training to make progress. Looking forward to your next challenge!
lang_multi_text.db	Flow_109000000_34	3.4	Hội thoại/Cốt truyện	Luồng hội thoại		Hero of the Leap	What are the rules again?
lang_multi_text.db	Flow_109000000_35	3.4	Hội thoại/Cốt truyện	Luồng hội thoại	Đạt Thế Bang	Hero of the Leap	First, the heroes rarely know defeat. As followers, we must <color=yellow>rely solely on our own abilities, without relying on external powers</color> to complete the challenge.
lang_multi_text.db	Flow_109000000_37	3.4	Hội thoại/Cốt truyện	Luồng hội thoại	Đạt Thế Bang	Hero of the Leap	Qingren heroes are the main characters in the novel "The Seven Swords of Qingren" and are mysterious swordsmen of unknown identity, known as Chiqiu.
lang_multi_text.db	Flow_109000000_39	3.4	Hội thoại/Cốt truyện	Luồng hội thoại	Đạt Thế Bang	Hero of the Leap	Secondly, as a Qixia, with a sharp blade in hand and a weapon by your side, challengers can <color=yellow>use external objects such as a grapple</color> in their swift movements to complete the challenge.
lang_multi_text.db	Flow_109000000_4	3.4	Hội thoại/Cốt truyện	Luồng hội thoại	Đạt Thế Bang	Hero of the Leap	Hidden in the darkness, swiftly overdashing, landing silently, and striking mercilessly.
lang_multi_text.db	Flow_109000000_41	3.4	Hội thoại/Cốt truyện	Luồng hội thoại	Đạt Thế Bang	Hero of the Leap	Thirdly, as a Qixia, hide in high places, with no one knowing your whereabouts. The path of swift movement can <color=yellow>only be on the rooftops</color>, challengers cannot touch the ground midway, and cannot find another way.
lang_multi_text.db	Flow_109000000_42	3.4	Hội thoại/Cốt truyện	Luồng hội thoại	Đạt Thế Bang	Hero of the Leap	These are the requirements for the Overdashing challenge.
lang_multi_text.db	Flow_109000000_48	3.4	Hội thoại/Cốt truyện	Luồng hội thoại	Đạt Thế Bang	Hero of the Leap	If you want to challenge again, please return to the starting point.
lang_multi_text.db	Flow_109000000_5	3.4	Hội thoại/Cốt truyện	Luồng hội thoại	Đạt Thế Bang	Hero of the Leap	Not only that! Overdashing is also the most important competition in the global fan club of Qingren heroes.
lang_multi_text.db	Flow_109000000_50	3.4	Hội thoại/Cốt truyện	Luồng hội thoại	Đạt Thế Bang	Hero of the Leap	The first rule of Overdashing, using Forte means defeat!
lang_multi_text.db	Flow_109000000_52	3.4	Hội thoại/Cốt truyện	Luồng hội thoại		Hero of the Leap	Are you not a Huanglong person?
lang_multi_text.db	Flow_109000000_53	3.4	Hội thoại/Cốt truyện	Luồng hội thoại		Hero of the Leap	Why are you speaking like this?
lang_multi_text.db	Flow_109000000_54	3.4	Hội thoại/Cốt truyện	Luồng hội thoại		Hero of the Leap	What is a Qixia with a sharp blade?
lang_multi_text.db	Flow_109000000_55	3.4	Hội thoại/Cốt truyện	Luồng hội thoại		Hero of the Leap	Why do you need to Overdash and walk on walls?
lang_multi_text.db	Flow_109000000_56	3.4	Hội thoại/Cốt truyện	Luồng hội thoại		Hero of the Leap	What is a Qixia with a sharp blade?
lang_multi_text.db	Flow_109000000_57	3.4	Hội thoại/Cốt truyện	Luồng hội thoại		Hero of the Leap	Why do you need to Overdash and walk on walls?
lang_multi_text.db	Flow_109000000_58	3.4	Hội thoại/Cốt truyện	Luồng hội thoại		Hero of the Leap	Is this the reason you are here?
lang_multi_text.db	Flow_109000000_59	3.4	Hội thoại/Cốt truyện	Luồng hội thoại	Đạt Thế Bang	Hero of the Leap	Every year, at the beginning of the year, enthusiasts gather together to showcase their skills and compete for the title of Overdashing Master.
lang_multi_text.db	Flow_109000000_6	3.4	Hội thoại/Cốt truyện	Luồng hội thoại	Đạt Thế Bang	Hero of the Leap	This is the greatest characteristic of Qingren heroes. I am also following in their footsteps, starting from the most basic overdashing, and practicing supreme Kung Fu!
lang_multi_text.db	Flow_109000000_60	3.4	Hội thoại/Cốt truyện	Luồng hội thoại	Đạt Thế Bang	Hero of the Leap	This world championship has been going on for many years and has expanded several times. It has become a famous street competition and a fashionable sport in my hometown.
lang_multi_text.db	Flow_109000000_61	3.4	Hội thoại/Cốt truyện	Luồng hội thoại	Đạt Thế Bang	Hero of the Leap	I am not only a participant, but also a leader and promoter in the training field of Jinzhou. I work hard to become the Overdashing Master next year, one step closer to being a Qixia!
lang_multi_text.db	Flow_109000000_62	3.4	Hội thoại/Cốt truyện	Luồng hội thoại		Hero of the Leap	What will happen if you become the Overdashing Master?
lang_multi_text.db	Flow_109000000_63	3.4	Hội thoại/Cốt truyện	Luồng hội thoại	Đạt Thế Bang	Hero of the Leap	Ku Hai will tell the winner a Qixia story that no one else knows! It is a hidden Easter egg that belongs only to one person, and it is our greatest honor and motivation!
lang_multi_text.db	Flow_109000000_64	3.4	Hội thoại/Cốt truyện	Luồng hội thoại	Đạt Thế Bang	Hero of the Leap	If you want to participate in the competition, you can sign up and train with me.
lang_multi_text.db	Flow_109000000_65	3.4	Hội thoại/Cốt truyện	Luồng hội thoại		Hero of the Leap	How do you play this challenge?
lang_multi_text.db	Flow_109000000_66	3.4	Hội thoại/Cốt truyện	Luồng hội thoại	Đạt Thế Bang	Hero of the Leap	First, as a hero, you rarely taste defeat with your mortal body. As followers, we need to complete the challenges <color=yellow>relying solely on our own abilities, without borrowing any external powers</color>.
lang_multi_text.db	Flow_109000000_67	3.4	Hội thoại/Cốt truyện	Luồng hội thoại	Đạt Thế Bang	Hero of the Leap	Second, as a hero, with a sharp blade in hand, a weapon by your side, challengers <color=yellow>can use grappling hooks and other external objects to assist in their swift movements</color> and complete the challenges.
lang_multi_text.db	Flow_109000000_68	3.4	Hội thoại/Cốt truyện	Luồng hội thoại	Đạt Thế Bang	Hero of the Leap	Third, as a hero, you can hide in high places, your presence unknown to others. <color=yellow>Swift movements can only be made on the rooftops, challengers must not touch the ground</color> and must not seek other paths.
lang_multi_text.db	Flow_109000000_69	3.4	Hội thoại/Cốt truyện	Luồng hội thoại	Đạt Thế Bang	Hero of the Leap	These are the requirements for the art of overdashing.
lang_multi_text.db	Flow_109000000_7	3.4	Hội thoại/Cốt truyện	Luồng hội thoại	Đạt Thế Bang	Hero of the Leap	Do you want to challenge overdashing again?!
lang_multi_text.db	Flow_109000000_76	3.4	Hội thoại/Cốt truyện	Luồng hội thoại	Đạt Thế Bang	Hero of the Leap	If you want to challenge yourself in the future, come find me.
lang_multi_text.db	Flow_109000000_77	3.4	Hội thoại/Cốt truyện	Luồng hội thoại		Hero of the Leap	I see, looking forward to your next challenge!
lang_multi_text.db	Flow_109000000_8	3.4	Hội thoại/Cốt truyện	Luồng hội thoại		Hero of the Leap	Challenge!
lang_multi_text.db	Flow_109000000_80	3.4	Hội thoại/Cốt truyện	Luồng hội thoại		Hero of the Leap	New tracks?
lang_multi_text.db	Flow_109000000_81	3.4	Hội thoại/Cốt truyện	Luồng hội thoại	Đạt Thế Bang	Hero of the Leap	Yes! More training will make you faster, higher, and stronger, bringing you closer to becoming a true hero!
lang_multi_text.db	Flow_109000000_82	3.4	Hội thoại/Cốt truyện	Luồng hội thoại	Đạt Thế Bang	Hero of the Leap	I will tell you where the challenges are, and I look forward to your attempts!
lang_multi_text.db	Flow_109000000_85	3.4	Hội thoại/Cốt truyện	Luồng hội thoại	Đạt Thế Bang	Hero of the Leap	If you successfully complete two new tracks, there are new rewards waiting for you!
lang_multi_text.db	Flow_109000000_87	3.4	Hội thoại/Cốt truyện	Luồng hội thoại		Hero of the Leap	Dashbon jumped on the rooftops and disappeared in a flash...
lang_multi_text.db	Flow_109000000_9	3.4	Hội thoại/Cốt truyện	Luồng hội thoại		Hero of the Leap	No, I am just passing by.
lang_multi_text.db	Flow_109000003_103	3.4	Hội thoại/Cốt truyện	Luồng hội thoại	Thí Hạ	The Past is the Future: Epilogue	This! This is the report card from my first test as a child!
lang_multi_text.db	Flow_109000003_104	3.4	Hội thoại/Cốt truyện	Luồng hội thoại	Thí Hạ	The Past is the Future: Epilogue	Yes, when I was about seven, after my first exam.
lang_multi_text.db	Flow_109000003_105	3.4	Hội thoại/Cốt truyện	Luồng hội thoại	Thí Hạ	The Past is the Future: Epilogue	It's from my very first exam. I messed it up a bit due to carelessness, and I was just one point away from full marks.
lang_multi_text.db	Flow_109000003_107	3.4	Hội thoại/Cốt truyện	Luồng hội thoại	Thí Hạ	The Past is the Future: Epilogue	While my family celebrated, I was mad at myself…
lang_multi_text.db	Flow_109000003_108	3.4	Hội thoại/Cốt truyện	Luồng hội thoại	Thí Hạ	The Past is the Future: Epilogue	No, no, no, don't get me wrong. I'm not showing off!
lang_multi_text.db	Flow_109000003_111	3.4	Hội thoại/Cốt truyện	Luồng hội thoại	Thí Hạ	The Past is the Future: Epilogue	Huh? Are you maybe a foreigner? People in Jinzhou are quite touchy about grades.
lang_multi_text.db	Flow_109000003_112	3.4	Hội thoại/Cốt truyện	Luồng hội thoại	Thí Hạ	The Past is the Future: Epilogue	Anyway, let's keep moving!
lang_multi_text.db	Flow_109000003_113	3.4	Hội thoại/Cốt truyện	Luồng hội thoại	Thí Hạ	The Past is the Future: Epilogue	According to my sister's message, there are three more gifts hidden under the trees. We've got to climb higher, step by step.
lang_multi_text.db	Flow_109000003_114	3.4	Hội thoại/Cốt truyện	Luồng hội thoại	Thí Hạ	The Past is the Future: Epilogue	Follow me. I know this place like the back of my hand.
lang_multi_text.db	Flow_109000003_116	3.4	Hội thoại/Cốt truyện	Luồng hội thoại	Thí Hạ	The Past is the Future: Epilogue	I remember there's some rabbit holes nearby; my sister was really good at catching rabbits.
lang_multi_text.db	Flow_109000003_138	3.4	Hội thoại/Cốt truyện	Luồng hội thoại	Thí Hạ	The Past is the Future: Epilogue	One trick up our sleeves is always sticking to the vines.
lang_multi_text.db	Flow_109000003_155	3.4	Hội thoại/Cốt truyện	Luồng hội thoại	Thí Hạ	The Past is the Future: Epilogue	Shiyu left only this sentence about the gift under this tree.
lang_multi_text.db	Flow_109000003_156	3.4	Hội thoại/Cốt truyện	Luồng hội thoại	Thí Hạ	The Past is the Future: Epilogue	"Direction of the hand, protection of the heart."
lang_multi_text.db	Flow_109000003_157	3.4	Hội thoại/Cốt truyện	Luồng hội thoại	Thí Hạ	The Past is the Future: Epilogue	Let's look around; maybe we'll catch a spark of inspiration to solve this riddle.
lang_multi_text.db	Flow_109000003_164	3.4	Hội thoại/Cốt truyện	Luồng hội thoại	Thí Hạ	The Past is the Future: Epilogue	These are... photos from my school days.
lang_multi_text.db	Flow_109000003_166	3.4	Hội thoại/Cốt truyện	Luồng hội thoại	Thí Hạ	The Past is the Future: Epilogue	Because I was suddenly surrounded by lots of talented people.
lang_multi_text.db	Flow_109000003_167	3.4	Hội thoại/Cốt truyện	Luồng hội thoại		The Past is the Future: Epilogue	No matter how hard I worked, I always felt like the worst student there.
lang_multi_text.db	Flow_109000003_168	3.4	Hội thoại/Cốt truyện	Luồng hội thoại	Thí Hạ	The Past is the Future: Epilogue	It made me feel ashamed and lost.
lang_multi_text.db	Flow_109000003_171	3.4	Hội thoại/Cốt truyện	Luồng hội thoại	Thí Hạ	The Past is the Future: Epilogue	My sister noticed how I felt and helped me through those tough times.
lang_multi_text.db	Flow_109000003_172	3.4	Hội thoại/Cốt truyện	Luồng hội thoại	Thí Hạ	The Past is the Future: Epilogue	She said, "Shixia, you can reach new heights. Don't get stuck comparing yourself to others. Focus on yourself and take a step back to see how far you've already climbed."
lang_multi_text.db	Flow_109000003_173	3.4	Hội thoại/Cốt truyện	Luồng hội thoại	Thí Hạ	The Past is the Future: Epilogue	That's what she told me.
lang_multi_text.db	Flow_109000003_174	3.4	Hội thoại/Cốt truyện	Luồng hội thoại	Thí Hạ	The Past is the Future: Epilogue	Though she always says I'm smart, I think she's the wiser one.
lang_multi_text.db	Flow_109000003_175	3.4	Hội thoại/Cốt truyện	Luồng hội thoại	Thí Hạ	The Past is the Future: Epilogue	Sorry for all this blabbering...
lang_multi_text.db	Flow_109000003_177	3.4	Hội thoại/Cốt truyện	Luồng hội thoại	Thí Hạ	The Past is the Future: Epilogue	Let's keep moving. There's only one place left for us to check.
lang_multi_text.db	Flow_109000003_180	3.4	Hội thoại/Cốt truyện	Luồng hội thoại	Thí Hạ	The Past is the Future: Epilogue	When we climbed here before, we sat for a long time.
lang_multi_text.db	Flow_109000003_202	3.4	Hội thoại/Cốt truyện	Luồng hội thoại	Thí Hạ	The Past is the Future: Epilogue	I didn't realize we'd climbed so high already.
lang_multi_text.db	Flow_109000003_204	3.4	Hội thoại/Cốt truyện	Luồng hội thoại	Thí Hạ	The Past is the Future: Epilogue	I think I found it—the scenery is what she wanted me to see.
lang_multi_text.db	Flow_109000003_205	3.4	Hội thoại/Cốt truyện	Luồng hội thoại	Thí Hạ	The Past is the Future: Epilogue	The first time I came here, my sister was already too busy to come home often.
lang_multi_text.db	Flow_109000003_207	3.4	Hội thoại/Cốt truyện	Luồng hội thoại		The Past is the Future: Epilogue	I looked for the gift but found nothing.
lang_multi_text.db	Flow_109000003_208	3.4	Hội thoại/Cốt truyện	Luồng hội thoại	Thí Hạ	The Past is the Future: Epilogue	When I finally made it atop this mountain, and saw how beautiful it is here, I felt the joy of climbing for the very first time.
lang_multi_text.db	Flow_109000003_209	3.4	Hội thoại/Cốt truyện	Luồng hội thoại	Thí Hạ	The Past is the Future: Epilogue	The vast expanse before my eyes helped cast away all the burdens in my heart.
lang_multi_text.db	Flow_109000003_210	3.4	Hội thoại/Cốt truyện	Luồng hội thoại	Thí Hạ	The Past is the Future: Epilogue	And there's another important reason.
lang_multi_text.db	Flow_109000003_212	3.4	Hội thoại/Cốt truyện	Luồng hội thoại	Thí Hạ	The Past is the Future: Epilogue	Growth is perhaps like climbing a mountain, with one peak after another waiting for me to ascend. The pains of blood, sweat, and tears will ultimately transform into boundless joy upon reaching the summit.
lang_multi_text.db	Flow_109000003_237	3.4	Hội thoại/Cốt truyện	Luồng hội thoại	Thí Hạ	The Past is the Future: Epilogue	The gift should be around here. Let's look for it.
lang_multi_text.db	Flow_109000003_25	3.4	Hội thoại/Cốt truyện	Luồng hội thoại	Diễn Viên Số 1	The Past is the Future: Epilogue	Where could it be…
lang_multi_text.db	Flow_109000003_253	3.4	Hội thoại/Cốt truyện	Luồng hội thoại	Thí Hạ	The Past is the Future: Epilogue	No problem!
lang_multi_text.db	Flow_109000003_254	3.4	Hội thoại/Cốt truyện	Luồng hội thoại	Thí Hạ	The Past is the Future: Epilogue	My sister used to climb really fast too. I always followed her pace, making my way up.
lang_multi_text.db	Flow_109000003_256	3.4	Hội thoại/Cốt truyện	Luồng hội thoại	Rover	The Past is the Future: Epilogue	Shixia, can you still keep up?
lang_multi_text.db	Flow_109000003_257	3.4	Hội thoại/Cốt truyện	Luồng hội thoại	Thí Hạ	The Past is the Future: Epilogue	This is a Grapple generator that shoots Grapple forward when used.
lang_multi_text.db	Flow_109000003_258	3.4	Hội thoại/Cốt truyện	Luồng hội thoại	Thí Hạ	The Past is the Future: Epilogue	I wonder if my sister left this for the convenience of later climbers…
lang_multi_text.db	Flow_109000003_261	3.4	Hội thoại/Cốt truyện	Luồng hội thoại	Thí Hạ	The Past is the Future: Epilogue	Looks like we've almost reached the top.
lang_multi_text.db	Flow_109000003_262	3.4	Hội thoại/Cốt truyện	Luồng hội thoại	Thí Hạ	The Past is the Future: Epilogue	There are a few more sections to fly through ahead.
lang_multi_text.db	Flow_109000003_263	3.4	Hội thoại/Cốt truyện	Luồng hội thoại	Thí Hạ	The Past is the Future: Epilogue	It's truly remarkable how my sister conquered this summit solo, facing numerous challenges along the way.
lang_multi_text.db	Flow_109000003_264	3.4	Hội thoại/Cốt truyện	Luồng hội thoại	Thí Hạ	The Past is the Future: Epilogue	The summit is right in front of us; we've made it!
lang_multi_text.db	Flow_109000003_267	3.4	Hội thoại/Cốt truyện	Luồng hội thoại	Thí Hạ	The Past is the Future: Epilogue	Why is there a chair? Seems like it's been sitting here for ages.
lang_multi_text.db	Flow_109000003_268	3.4	Hội thoại/Cốt truyện	Luồng hội thoại	Thí Hạ	The Past is the Future: Epilogue	My sister once mentioned a strange chair on the summit of West Mountain. A chair emitting powerful aura, she said. Could this be it?
lang_multi_text.db	Flow_109000003_269	3.4	Hội thoại/Cốt truyện	Luồng hội thoại	Thí Hạ	The Past is the Future: Epilogue	It looks rather ordinary, though.
lang_multi_text.db	Flow_109000003_271	3.4	Hội thoại/Cốt truyện	Luồng hội thoại	Thí Hạ	The Past is the Future: Epilogue	If my sister hadn't joined me in climbing these summits, I might never have witnessed such breathtaking scenery.
lang_multi_text.db	Flow_109000003_272	3.4	Hội thoại/Cốt truyện	Luồng hội thoại	Thí Hạ	The Past is the Future: Epilogue	I feel like I'm beginning to understand the emotions my sister experienced when she reached the summit and made decisions here.
lang_multi_text.db	Flow_109000003_273	3.4	Hội thoại/Cốt truyện	Luồng hội thoại	Thí Hạ	The Past is the Future: Epilogue	I'm one step closer to what I aspire to be.
lang_multi_text.db	Flow_109000003_275	3.4	Hội thoại/Cốt truyện	Luồng hội thoại	Thí Hạ	The Past is the Future: Epilogue	Thank you so much! I wouldn't have fully understood my sister's intentions without your help.
lang_multi_text.db	Flow_109000003_276	3.4	Hội thoại/Cốt truyện	Luồng hội thoại		The Past is the Future: Epilogue	Wait, look! Could that be something left by Shiyu?
lang_multi_text.db	Flow_109000003_283	3.4	Hội thoại/Cốt truyện	Luồng hội thoại	Thí Hạ	The Past is the Future: Epilogue	Hey there. Here, this is a photo I took on the summit of West Mountain. It's a gift for you.
lang_multi_text.db	Flow_109000003_284	3.4	Hội thoại/Cốt truyện	Luồng hội thoại	Thí Hạ	The Past is the Future: Epilogue	I've said it before, but I truly appreciate you joining me on this mountain climb.
lang_multi_text.db	Flow_109000003_285	3.4	Hội thoại/Cốt truyện	Luồng hội thoại	Mộc Mẫn	The Past is the Future: Epilogue	How did you know there was something under this tree?
lang_multi_text.db	Flow_109000003_288	3.4	Hội thoại/Cốt truyện	Luồng hội thoại	Thí Hạ	The Past is the Future: Epilogue	What's in the letter? What's in the letter?
lang_multi_text.db	Flow_109000003_289	3.4	Hội thoại/Cốt truyện	Luồng hội thoại	Thí Hạ	The Past is the Future: Epilogue	{PlayerName}, I have a gift for you. Please come find me when you have time. I'll be waiting for you under the tree behind the theater.
lang_multi_text.db	Flow_109000003_293	3.4	Hội thoại/Cốt truyện	Luồng hội thoại	Mộc Mẫn	The Past is the Future: Epilogue	Here. I have it on me.
lang_multi_text.db	Flow_109000003_294	3.4	Hội thoại/Cốt truyện	Luồng hội thoại	Mộc Mẫn	The Past is the Future: Epilogue	I wanted to go find the treasure, but I'm a little scared. Is there really a way behind the waterfall?
lang_multi_text.db	Flow_109000003_295	3.4	Hội thoại/Cốt truyện	Luồng hội thoại	Thí Hạ	The Past is the Future: Epilogue	Don't worry, girl. Just be confident and take a big step forward!
lang_multi_text.db	Flow_109000003_314	3.4	Hội thoại/Cốt truyện	Luồng hội thoại	Gleamtender	The Past is the Future: Epilogue	Strange, why can't I find it?
lang_multi_text.db	Flow_109000003_316	3.4	Hội thoại/Cốt truyện	Luồng hội thoại	Gleamtender	The Past is the Future: Epilogue	Pudding, did you find it?
lang_multi_text.db	Flow_109000003_317	3.4	Hội thoại/Cốt truyện	Luồng hội thoại		The Past is the Future: Epilogue	Woof! Woof!
lang_multi_text.db	Flow_109000003_350	3.4	Hội thoại/Cốt truyện	Luồng hội thoại	Thí Hạ	The Past is the Future: Epilogue	How's it going? Any discoveries?
lang_multi_text.db	Flow_109000003_351	3.4	Hội thoại/Cốt truyện	Luồng hội thoại		The Past is the Future: Epilogue	Nothing yet.
lang_multi_text.db	Flow_109000003_352	3.4	Hội thoại/Cốt truyện	Luồng hội thoại	Thí Hạ	The Past is the Future: Epilogue	Oh, how could that be... If I can't find the first gift, how am I supposed to locate the others?
lang_multi_text.db	Flow_109000003_353	3.4	Hội thoại/Cốt truyện	Luồng hội thoại	Thí Hạ	The Past is the Future: Epilogue	You're right.
lang_multi_text.db	Flow_109000003_354	3.4	Hội thoại/Cốt truyện	Luồng hội thoại	Thí Hạ	The Past is the Future: Epilogue	Let me check. According to the clue, we have to pass through that waterfall.
lang_multi_text.db	Flow_109000003_355	3.4	Hội thoại/Cốt truyện	Luồng hội thoại		The Past is the Future: Epilogue	Let's go.
lang_multi_text.db	Flow_109000003_356	3.4	Hội thoại/Cốt truyện	Luồng hội thoại	Thí Hạ	The Past is the Future: Epilogue	Wow. Why are you so calm?
lang_multi_text.db	Flow_109000003_358	3.4	Hội thoại/Cốt truyện	Luồng hội thoại	Thí Hạ	The Past is the Future: Epilogue	The first time my sister told me about this route, I was totally freaked out!
lang_multi_text.db	Flow_109000003_36	3.4	Hội thoại/Cốt truyện	Luồng hội thoại	Thí Hạ	The Past is the Future: Epilogue	There are Blobflies here.
lang_multi_text.db	Flow_109000003_364	3.4	Hội thoại/Cốt truyện	Luồng hội thoại		The Past is the Future: Epilogue	Maybe we should check the next spot first?
lang_multi_text.db	Flow_109000003_372	3.4	Hội thoại/Cốt truyện	Luồng hội thoại	Thí Hạ	The Past is the Future: Epilogue	Hmm? Pudding stopped here. Seems like it found the gift!
lang_multi_text.db	Flow_109000003_373	3.4	Hội thoại/Cốt truyện	Luồng hội thoại	Thí Hạ	The Past is the Future: Epilogue	Hmm? Pudding stopped here. Seems like it found the gift!
lang_multi_text.db	Flow_109000003_375	3.4	Hội thoại/Cốt truyện	Luồng hội thoại	Thí Hạ	The Past is the Future: Epilogue	This… isn't what I'm looking for.
lang_multi_text.db	Flow_109000003_38	3.4	Hội thoại/Cốt truyện	Luồng hội thoại	Thí Hạ	The Past is the Future: Epilogue	There used to be lots of Siluna Fish in this lake.
lang_multi_text.db	Flow_109000003_382	3.4	Hội thoại/Cốt truyện	Luồng hội thoại	Thí Hạ	The Past is the Future: Epilogue	Look! A camp stove!
lang_multi_text.db	Flow_109000003_383	3.4	Hội thoại/Cốt truyện	Luồng hội thoại	Thí Hạ	The Past is the Future: Epilogue	It's getting late. How about we take a rest here?
lang_multi_text.db	Flow_109000003_386	3.4	Hội thoại/Cốt truyện	Luồng hội thoại	Thí Hạ	The Past is the Future: Epilogue	A good rest will freshen us up for the journey ahead!
lang_multi_text.db	Flow_109000003_39	3.4	Hội thoại/Cốt truyện	Luồng hội thoại	Thí Hạ	The Past is the Future: Epilogue	The silver school shimmered in the sparkling lake.
lang_multi_text.db	Flow_109000003_390	3.4	Hội thoại/Cốt truyện	Luồng hội thoại		The Past is the Future: Epilogue	Woof! Woof!
lang_multi_text.db	Flow_109000003_391	3.4	Hội thoại/Cốt truyện	Luồng hội thoại		The Past is the Future: Epilogue	Seems like Pudding is hungry too. They've been helping me find the gift all day.
lang_multi_text.db	Flow_109000003_392	3.4	Hội thoại/Cốt truyện	Luồng hội thoại	Thí Hạ	The Past is the Future: Epilogue	There should be plenty of ingredients around here.
lang_multi_text.db	Flow_109000003_393	3.4	Hội thoại/Cốt truyện	Luồng hội thoại	Thí Hạ	The Past is the Future: Epilogue	If needed, we can also collect some.
lang_multi_text.db	Flow_109000003_394	3.4	Hội thoại/Cốt truyện	Luồng hội thoại	Thí Hạ	The Past is the Future: Epilogue	There should be plenty of ingredients around here.
lang_multi_text.db	Flow_109000003_396	3.4	Hội thoại/Cốt truyện	Luồng hội thoại	Thí Hạ	The Past is the Future: Epilogue	So full... Phew... It's been a while since I've relaxed so leisurely.
lang_multi_text.db	Flow_109000003_407	3.4	Hội thoại/Cốt truyện	Luồng hội thoại	Thí Hạ	The Past is the Future: Epilogue	Seems we're all rested. Let's keep moving!
lang_multi_text.db	Flow_109000003_408	3.4	Hội thoại/Cốt truyện	Luồng hội thoại	Thí Hạ	The Past is the Future: Epilogue	My sister once told me that Blobflies have a characteristic.
lang_multi_text.db	Flow_109000003_409	3.4	Hội thoại/Cốt truyện	Luồng hội thoại	Thí Hạ	The Past is the Future: Epilogue	They are drawn to valuable stuff.
lang_multi_text.db	Flow_109000003_410	3.4	Hội thoại/Cốt truyện	Luồng hội thoại	Thí Hạ	The Past is the Future: Epilogue	Pudding stopped here.
lang_multi_text.db	Flow_109000003_412	3.4	Hội thoại/Cốt truyện	Luồng hội thoại	Thí Hạ	The Past is the Future: Epilogue	This… isn't what I'm looking for.
lang_multi_text.db	Flow_109000003_413	3.4	Hội thoại/Cốt truyện	Luồng hội thoại	Thí Hạ	The Past is the Future: Epilogue	Pudding stopped here.
lang_multi_text.db	Flow_109000003_415	3.4	Hội thoại/Cốt truyện	Luồng hội thoại	Thí Hạ	The Past is the Future: Epilogue	Pudding! Stop! That's not a rabbit hole! I… I can't fight!
lang_multi_text.db	Flow_109000003_416	3.4	Hội thoại/Cốt truyện	Luồng hội thoại	Thí Hạ	The Past is the Future: Epilogue	Pudding stopped here. There are many rabbit footprints.
lang_multi_text.db	Flow_109000003_420	3.4	Hội thoại/Cốt truyện	Luồng hội thoại	Thí Hạ	The Past is the Future: Epilogue	So she wrote me this letter, but she didn't tell me any of this in person.
lang_multi_text.db	Flow_109000003_421	3.4	Hội thoại/Cốt truyện	Luồng hội thoại		The Past is the Future: Epilogue	What is this?
lang_multi_text.db	Flow_109000003_422	3.4	Hội thoại/Cốt truyện	Luồng hội thoại	Thí Hạ	The Past is the Future: Epilogue	I made this model as a child, a witness to my goals.
lang_multi_text.db	Flow_109000003_423	3.4	Hội thoại/Cốt truyện	Luồng hội thoại	Thí Hạ	The Past is the Future: Epilogue	That's the school all Jinzhou parents want their kids to attend.
lang_multi_text.db	Flow_109000003_424	3.4	Hội thoại/Cốt truyện	Luồng hội thoại		The Past is the Future: Epilogue	The exam questions that year happened to coincide with the key points my teacher emphasized.
lang_multi_text.db	Flow_109000003_425	3.4	Hội thoại/Cốt truyện	Luồng hội thoại	Thí Hạ	The Past is the Future: Epilogue	My sister didn't know this, so she thought I was smart enough to be admitted...
lang_multi_text.db	Flow_109000003_427	3.4	Hội thoại/Cốt truyện	Luồng hội thoại	Thí Hạ	The Past is the Future: Epilogue	Let's keep moving. I'm eager to see what else she has in store.
lang_multi_text.db	Flow_109000003_439	3.4	Hội thoại/Cốt truyện	Luồng hội thoại		The Past is the Future: Epilogue	The best school in Jinzhou? Sounds impressive.
lang_multi_text.db	Flow_109000003_441	3.4	Hội thoại/Cốt truyện	Luồng hội thoại	Thí Hạ	The Past is the Future: Epilogue	I suspect she hid a gift there.
lang_multi_text.db	Flow_109000003_447	3.4	Hội thoại/Cốt truyện	Luồng hội thoại	Thí Hạ	The Past is the Future: Epilogue	Pudding can't climb this cliff.
lang_multi_text.db	Flow_109000003_448	3.4	Hội thoại/Cốt truyện	Luồng hội thoại		The Past is the Future: Epilogue	We're on our own up ahead.
lang_multi_text.db	Flow_109000003_451	3.4	Hội thoại/Cốt truyện	Luồng hội thoại	Bánh Gạo	The Past is the Future: Epilogue	Woof! Woof!
lang_multi_text.db	Flow_109000003_458	3.4	Hội thoại/Cốt truyện	Luồng hội thoại	Thí Hạ	The Past is the Future: Epilogue	It's up to us now.
lang_multi_text.db	Flow_109000003_46	3.4	Hội thoại/Cốt truyện	Luồng hội thoại	Thí Hạ	The Past is the Future: Epilogue	Climbing this mountain seems like a breeze for you, being a Resonator and all, huh?
lang_multi_text.db	Flow_109000003_47	3.4	Hội thoại/Cốt truyện	Luồng hội thoại	Thí Hạ	The Past is the Future: Epilogue	We ordinary people might not be as nimble on the rocks, but we've got our own bag of tricks.
lang_multi_text.db	Flow_109000003_476	3.4	Hội thoại/Cốt truyện	Luồng hội thoại	Thí Hạ	The Past is the Future: Epilogue	Understanding the meaning of "<b>hands</b>" and "<b>hearts</b>" should be enough to find the gift.
lang_multi_text.db	Flow_109000003_481	3.4	Hội thoại/Cốt truyện	Luồng hội thoại		The Past is the Future: Epilogue	Why were you unhappy after getting into the Imperial Academy?
lang_multi_text.db	Flow_109000003_482	3.4	Hội thoại/Cốt truyện	Luồng hội thoại		The Past is the Future: Epilogue	It's indeed beautiful.
lang_multi_text.db	Flow_109000003_485	3.4	Hội thoại/Cốt truyện	Luồng hội thoại	Thí Hạ	The Past is the Future: Epilogue	Really? What is it?
lang_multi_text.db	Flow_109000003_486	3.4	Hội thoại/Cốt truyện	Luồng hội thoại		The Past is the Future: Epilogue	There's something else your sister is trying to tell you.
lang_multi_text.db	Flow_109000003_487	3.4	Hội thoại/Cốt truyện	Luồng hội thoại	Thí Hạ	The Past is the Future: Epilogue	Is that so? Sounds like my sister did say something along those lines.
lang_multi_text.db	Flow_109000003_488	3.4	Hội thoại/Cốt truyện	Luồng hội thoại		The Past is the Future: Epilogue	You past self shaped who you are now.
lang_multi_text.db	Flow_109000003_489	3.4	Hội thoại/Cốt truyện	Luồng hội thoại		The Past is the Future: Epilogue	Luck favors the prepared and capable.
lang_multi_text.db	Flow_109000003_490	3.4	Hội thoại/Cốt truyện	Luồng hội thoại	Thí Hạ	The Past is the Future: Epilogue	These gifts were a record of my efforts, and I thought she was just trying to keep me working hard…
lang_multi_text.db	Flow_109000003_491	3.4	Hội thoại/Cốt truyện	Luồng hội thoại		The Past is the Future: Epilogue	I remember she once said...
lang_multi_text.db	Flow_109000003_492	3.4	Hội thoại/Cốt truyện	Luồng hội thoại	Thí Hạ	The Past is the Future: Epilogue	Back then, I didn't pay much attention to those words. I just felt I wasn't good enough.
lang_multi_text.db	Flow_109000003_493	3.4	Hội thoại/Cốt truyện	Luồng hội thoại	Thí Hạ	The Past is the Future: Epilogue	Thank you for helping me understand my sister's thoughts.
lang_multi_text.db	Flow_109000003_494	3.4	Hội thoại/Cốt truyện	Luồng hội thoại	Thí Hạ	The Past is the Future: Epilogue	Thanks for accompanying me all the way and helping me find these precious gifts.
lang_multi_text.db	Flow_109000003_495	3.4	Hội thoại/Cốt truyện	Luồng hội thoại	Thí Hạ	The Past is the Future: Epilogue	By the way, Shiyu made her decision after climbing this mountain.
lang_multi_text.db	Flow_109000003_496	3.4	Hội thoại/Cốt truyện	Luồng hội thoại		The Past is the Future: Epilogue	You're welcome. I'm glad you can finally understand what your sister was thinking.
lang_multi_text.db	Flow_109000003_498	3.4	Hội thoại/Cốt truyện	Luồng hội thoại	Thí Hạ	The Past is the Future: Epilogue	She climbed to the summit of West Mountain... and that was when she decided to become a soldier, and fight on the frontlines.
lang_multi_text.db	Flow_109000003_499	3.4	Hội thoại/Cốt truyện	Luồng hội thoại	Thí Hạ	The Past is the Future: Epilogue	I've never been to the top of West Mountain. Now, I kinda want to visit the summit she once conquered.
lang_multi_text.db	Flow_109000003_501	3.4	Hội thoại/Cốt truyện	Luồng hội thoại	Thí Hạ	The Past is the Future: Epilogue	My sister's can't stay with me now, but I can still reach the summit she conquered on my own.
lang_multi_text.db	Flow_109000003_502	3.4	Hội thoại/Cốt truyện	Luồng hội thoại		The Past is the Future: Epilogue	Shall we go there now?
lang_multi_text.db	Flow_109000003_503	3.4	Hội thoại/Cốt truyện	Luồng hội thoại	Thí Hạ	The Past is the Future: Epilogue	No! My sister managed to conquer the West Mountain on a rainy day. I don't want to lose to her!
lang_multi_text.db	Flow_109000003_504	3.4	Hội thoại/Cốt truyện	Luồng hội thoại	Thí Hạ	The Past is the Future: Epilogue	Do you want to join me? Only a handful of people managed to climb to the West Mountain's top.
lang_multi_text.db	Flow_109000003_505	3.4	Hội thoại/Cốt truyện	Luồng hội thoại	Thí Hạ	The Past is the Future: Epilogue	Great! I remember it might rain tomorrow. Let's climb the mountain together!
lang_multi_text.db	Flow_109000003_506	3.4	Hội thoại/Cốt truyện	Luồng hội thoại		The Past is the Future: Epilogue	Sounds interesting. Count me in!
lang_multi_text.db	Flow_109000003_508	3.4	Hội thoại/Cốt truyện	Luồng hội thoại	Thí Hạ	The Past is the Future: Epilogue	The road ahead looks even more rugged, but I won't be stopped.
lang_multi_text.db	Flow_109000003_513	3.4	Hội thoại/Cốt truyện	Luồng hội thoại	Rover	The Past is the Future: Epilogue	What kind of person is Shiyu?
lang_multi_text.db	Flow_109000003_514	3.4	Hội thoại/Cốt truyện	Luồng hội thoại	Thí Hạ	The Past is the Future: Epilogue	She's a bold and curious explorer, always uncovering fascinating finds. She shares her discoveries with the world through submissions to <i>Wutherium Geographic</i> magazine.
lang_multi_text.db	Flow_109000003_515	3.4	Hội thoại/Cốt truyện	Luồng hội thoại	Thí Hạ	The Past is the Future: Epilogue	While she's daring, she's also very considerate.
lang_multi_text.db	Flow_109000003_516	3.4	Hội thoại/Cốt truyện	Luồng hội thoại	Thí Hạ	The Past is the Future: Epilogue	If it weren't for her, I might not have as much experience, and I would be even more introverted than I am now.
lang_multi_text.db	Flow_109000003_517	3.4	Hội thoại/Cốt truyện	Luồng hội thoại	Thí Hạ	The Past is the Future: Epilogue	She brought about a lot of positive changes in me.
lang_multi_text.db	Flow_109000003_520	3.4	Hội thoại/Cốt truyện	Luồng hội thoại	Thí Hạ	The Past is the Future: Epilogue	This is… the token I made.
lang_multi_text.db	Flow_109000003_521	3.4	Hội thoại/Cốt truyện	Luồng hội thoại	Thí Hạ	The Past is the Future: Epilogue	We exchanged the tokens we made, motivating and supporting each other to pursue our life goals.
lang_multi_text.db	Flow_109000003_522	3.4	Hội thoại/Cốt truyện	Luồng hội thoại	Thí Hạ	The Past is the Future: Epilogue	I understand what my sister wanted to tell me. I won't let her down.
lang_multi_text.db	Flow_109000003_524	3.4	Hội thoại/Cốt truyện	Luồng hội thoại	Thí Hạ	The Past is the Future: Epilogue	{PlayerName}, thank you for accompanying me on this short treasure hunting trip, and sharing in the beauty of this sunrise.
lang_multi_text.db	Flow_109000003_53	3.4	Hội thoại/Cốt truyện	Luồng hội thoại	Thí Hạ	The Past is the Future: Epilogue	Look! The lake is heart-shaped.
lang_multi_text.db	Flow_109000003_531	3.4	Hội thoại/Cốt truyện	Luồng hội thoại	Thí Hạ	The Past is the Future: Epilogue	Hmm… I'd better wait here for a while.
lang_multi_text.db	Flow_109000003_532	3.4	Hội thoại/Cốt truyện	Luồng hội thoại	Thí Hạ	The Past is the Future: Epilogue	I did encourage her to give it a shot, after all.
lang_multi_text.db	Flow_109000003_533	3.4	Hội thoại/Cốt truyện	Luồng hội thoại	Thí Hạ	The Past is the Future: Epilogue	And this girl is too young. I have to protect her, in case something happens.
lang_multi_text.db	Flow_109000003_535	3.4	Hội thoại/Cốt truyện	Luồng hội thoại		The Past is the Future: Epilogue	...
lang_multi_text.db	Flow_109000003_54	3.4	Hội thoại/Cốt truyện	Luồng hội thoại	Thí Hạ	The Past is the Future: Epilogue	Hehe, initially, this lake didn't resemble a heart that much.
lang_multi_text.db	Flow_109000003_543	3.4	Hội thoại/Cốt truyện	Luồng hội thoại		The Past is the Future: Epilogue	If both sentences are referring to something in our surroundings, then the "heart" likely refers to this heart-shaped lake.
lang_multi_text.db	Flow_109000003_547	3.4	Hội thoại/Cốt truyện	Luồng hội thoại		The Past is the Future: Epilogue	So the gift is somewhere around the lake, and in the direction where the branches point.
lang_multi_text.db	Flow_109000003_55	3.4	Hội thoại/Cốt truyện	Luồng hội thoại	Thí Hạ	The Past is the Future: Epilogue	This is a fantastic lookout point.
lang_multi_text.db	Flow_109000003_550	3.4	Hội thoại/Cốt truyện	Luồng hội thoại		The Past is the Future: Epilogue	So the "hand" in the riddle isn't a literal hand...
lang_multi_text.db	Flow_109000003_551	3.4	Hội thoại/Cốt truyện	Luồng hội thoại		The Past is the Future: Epilogue	The shape of that tree resembles a hand, so "the direction of the hand" probably means "the direction of the branches."
lang_multi_text.db	Flow_109000003_565	3.4	Hội thoại/Cốt truyện	Luồng hội thoại	Thí Hạ	The Past is the Future: Epilogue	"Hand"… I need to think about what it's pointing to.
lang_multi_text.db	Flow_109000003_578	3.4	Hội thoại/Cốt truyện	Luồng hội thoại		The Past is the Future: Epilogue	What are you looking for?
lang_multi_text.db	Flow_109000003_579	3.4	Hội thoại/Cốt truyện	Luồng hội thoại		The Past is the Future: Epilogue	I'm looking for the gift my sister left for me.
lang_multi_text.db	Flow_109000003_580	3.4	Hội thoại/Cốt truyện	Luồng hội thoại	Gleamtender	The Past is the Future: Epilogue	She promised me that if I could get into the Ministry of Development, I could follow the clues to find her gift for me here.
lang_multi_text.db	Flow_109000003_581	3.4	Hội thoại/Cốt truyện	Luồng hội thoại	Thí Hạ	The Past is the Future: Epilogue	Oops, I'm sorry. Forgot to introduce myself. I'm Shixia.
lang_multi_text.db	Flow_109000003_582	3.4	Hội thoại/Cốt truyện	Luồng hội thoại	Thí Hạ	The Past is the Future: Epilogue	I've been searching here for a long time, but I hadn't found anything.
lang_multi_text.db	Flow_109000003_583	3.4	Hội thoại/Cốt truyện	Luồng hội thoại	Thí Hạ	The Past is the Future: Epilogue	Pudding has an incredible nose. In most cases, he can sniff out anything buried underground, but this time he's found nothing so far.
lang_multi_text.db	Flow_109000003_584	3.4	Hội thoại/Cốt truyện	Luồng hội thoại	Thí Hạ	The Past is the Future: Epilogue	I'm wondering if it could be that I've missed out on some clues, because my sister's a Resonator and I'm not.
lang_multi_text.db	Flow_109000003_585	3.4	Hội thoại/Cốt truyện	Luồng hội thoại	Thí Hạ	The Past is the Future: Epilogue	Are you a Resonator? Can you help me look for it?
lang_multi_text.db	Flow_109000003_586	3.4	Hội thoại/Cốt truyện	Luồng hội thoại	Thí Hạ	The Past is the Future: Epilogue	That's great! Thank you!
lang_multi_text.db	Flow_109000003_587	3.4	Hội thoại/Cốt truyện	Luồng hội thoại		The Past is the Future: Epilogue	Wouldn't hurt to help.
lang_multi_text.db	Flow_109000003_588	3.4	Hội thoại/Cốt truyện	Luồng hội thoại	Thí Hạ	The Past is the Future: Epilogue	Back then, she told me to not worry about it, and just take a big step forward!
lang_multi_text.db	Flow_109000003_589	3.4	Hội thoại/Cốt truyện	Luồng hội thoại	Thí Hạ	The Past is the Future: Epilogue	I remember the first time I walked through this waterfall. My sister was overjoyed that I conquered my fear and took that first step.
lang_multi_text.db	Flow_109000003_590	3.4	Hội thoại/Cốt truyện	Luồng hội thoại	Thí Hạ	The Past is the Future: Epilogue	Pudding! Do your best to guide us, okay?
lang_multi_text.db	Flow_109000003_591	3.4	Hội thoại/Cốt truyện	Luồng hội thoại	Thí Hạ	The Past is the Future: Epilogue	Pudding! C'mon, let's try again!
lang_multi_text.db	Flow_109000003_592	3.4	Hội thoại/Cốt truyện	Luồng hội thoại	Thí Hạ	The Past is the Future: Epilogue	When did Shiyu hide it here…
lang_multi_text.db	Flow_109000003_593	3.4	Hội thoại/Cốt truyện	Luồng hội thoại		The Past is the Future: Epilogue	You've been here before?
lang_multi_text.db	Flow_109000003_594	3.4	Hội thoại/Cốt truyện	Luồng hội thoại	Thí Hạ	The Past is the Future: Epilogue	I didn't expect she'd leave that transcript here...
lang_multi_text.db	Flow_109000003_595	3.4	Hội thoại/Cốt truyện	Luồng hội thoại		The Past is the Future: Epilogue	Does it have a special meaning?
lang_multi_text.db	Flow_109000003_596	3.4	Hội thoại/Cốt truyện	Luồng hội thoại	Thí Hạ	The Past is the Future: Epilogue	Looking back, I was too stubborn.
lang_multi_text.db	Flow_109000003_597	3.4	Hội thoại/Cốt truyện	Luồng hội thoại		The Past is the Future: Epilogue	One point away from full marks…
lang_multi_text.db	Flow_109000003_598	3.4	Hội thoại/Cốt truyện	Luồng hội thoại	Thí Hạ	The Past is the Future: Epilogue	You know, pretty much everyone scores high in primary school.
lang_multi_text.db	Flow_109000003_599	3.4	Hội thoại/Cốt truyện	Luồng hội thoại		The Past is the Future: Epilogue	Okay. I'm not very familiar about this.
lang_multi_text.db	Flow_109000003_600	3.4	Hội thoại/Cốt truyện	Luồng hội thoại	Thí Hạ	The Past is the Future: Epilogue	My sister and I used to climb higher up the mountain from here.
lang_multi_text.db	Flow_109000003_601	3.4	Hội thoại/Cốt truyện	Luồng hội thoại	Thí Hạ	The Past is the Future: Epilogue	I haven't seen it myself, so let's treat it as an anecdote.
lang_multi_text.db	Flow_109000003_602	3.4	Hội thoại/Cốt truyện	Luồng hội thoại	Thí Hạ	The Past is the Future: Epilogue	Let me whip up some Jinzhou Stew. You'll love it!
lang_multi_text.db	Flow_109000003_603	3.4	Hội thoại/Cốt truyện	Luồng hội thoại		The Past is the Future: Epilogue	Oh, do you have a specialty?
lang_multi_text.db	Flow_109000003_604	3.4	Hội thoại/Cốt truyện	Luồng hội thoại		The Past is the Future: Epilogue	I can make Jinzhou Skewers.
lang_multi_text.db	Flow_109000003_606	3.4	Hội thoại/Cốt truyện	Luồng hội thoại	Thí Hạ	The Past is the Future: Epilogue	That's great! I can't wait to taste it!
lang_multi_text.db	Flow_109000003_607	3.4	Hội thoại/Cốt truyện	Luồng hội thoại	Thí Hạ	The Past is the Future: Epilogue	It kinda takes me back to the days when I came here with my sister.
lang_multi_text.db	Flow_109000003_608	3.4	Hội thoại/Cốt truyện	Luồng hội thoại	Thí Hạ	The Past is the Future: Epilogue	Yes, but I also worry about her a lot.
lang_multi_text.db	Flow_109000003_609	3.4	Hội thoại/Cốt truyện	Luồng hội thoại	Thí Hạ	The Past is the Future: Epilogue	Though we're sisters, we're quite different.
lang_multi_text.db	Flow_109000003_610	3.4	Hội thoại/Cốt truyện	Luồng hội thoại	Thí Hạ	The Past is the Future: Epilogue	I grew up studying for exams, like most Jinzhou kids.
lang_multi_text.db	Flow_109000003_611	3.4	Hội thoại/Cốt truyện	Luồng hội thoại	Thí Hạ	The Past is the Future: Epilogue	After studying for so many years, I finally got the job I like.
lang_multi_text.db	Flow_109000003_612	3.4	Hội thoại/Cốt truyện	Luồng hội thoại	Thí Hạ	The Past is the Future: Epilogue	A peaceful life, as calm as dead water. It seems to be my life in a nutshell.
lang_multi_text.db	Flow_109000003_613	3.4	Hội thoại/Cốt truyện	Luồng hội thoại	Thí Hạ	The Past is the Future: Epilogue	However, Shiyu, my sister, is a born Resonator, and she is good at using her ability. So… we're bound to take different paths.
lang_multi_text.db	Flow_109000003_614	3.4	Hội thoại/Cốt truyện	Luồng hội thoại	Thí Hạ	The Past is the Future: Epilogue	Instead of spending time in school, she traveled around with her teacher, mastering Martial Arts and engaging in contests to hone her skills.
lang_multi_text.db	Flow_109000003_615	3.4	Hội thoại/Cốt truyện	Luồng hội thoại	Thí Hạ	The Past is the Future: Epilogue	Eventually, she joined the Midnight Rangers, so we barely see each other—maybe a few times a year, I'd say?
lang_multi_text.db	Flow_109000003_616	3.4	Hội thoại/Cốt truyện	Luồng hội thoại	Thí Hạ	The Past is the Future: Epilogue	Despite her busy life, I know she cares about me.
lang_multi_text.db	Flow_109000003_617	3.4	Hội thoại/Cốt truyện	Luồng hội thoại	Thí Hạ	The Past is the Future: Epilogue	In crucial moments of my life, she's always there for me, climbing higher and higher on this mountain together.
lang_multi_text.db	Flow_109000003_618	3.4	Hội thoại/Cốt truyện	Luồng hội thoại	Thí Hạ	The Past is the Future: Epilogue	Each height where a gift is hidden was once an obstacle for me.
lang_multi_text.db	Flow_109000003_619	3.4	Hội thoại/Cốt truyện	Luồng hội thoại	Thí Hạ	The Past is the Future: Epilogue	I somewhat understand that she probably wants me to take a step back and reflect on how far I've gone.
lang_multi_text.db	Flow_109000003_620	3.4	Hội thoại/Cốt truyện	Luồng hội thoại	Thí Hạ	The Past is the Future: Epilogue	So she hid the gifts in these places…
lang_multi_text.db	Flow_109000003_621	3.4	Hội thoại/Cốt truyện	Luồng hội thoại	Thí Hạ	The Past is the Future: Epilogue	Sorry for troubling you. If only I was a Resonator too...
lang_multi_text.db	Flow_109000003_622	3.4	Hội thoại/Cốt truyện	Luồng hội thoại	Thí Hạ	The Past is the Future: Epilogue	It's actually so beautiful up here, but few people ever come here to appreciate it.
lang_multi_text.db	Flow_109000003_623	3.4	Hội thoại/Cốt truyện	Luồng hội thoại	Thí Hạ	The Past is the Future: Epilogue	Let's walk slowly. It's not bad to treat this climb as a sightseeing tour. I will be your guide!
lang_multi_text.db	Flow_109000003_624	3.4	Hội thoại/Cốt truyện	Luồng hội thoại		The Past is the Future: Epilogue	You miss her a lot?
lang_multi_text.db	Flow_109000003_625	3.4	Hội thoại/Cốt truyện	Luồng hội thoại		The Past is the Future: Epilogue	It's okay.
lang_multi_text.db	Flow_109000003_626	3.4	Hội thoại/Cốt truyện	Luồng hội thoại	Thí Hạ	The Past is the Future: Epilogue	My sister and I used to catch and grill some.
lang_multi_text.db	Flow_109000003_627	3.4	Hội thoại/Cốt truyện	Luồng hội thoại	Thí Hạ	The Past is the Future: Epilogue	My sister and I tried grilling them, but they didn't taste great—perhaps she wasn't a good cook.
lang_multi_text.db	Flow_109000003_628	3.4	Hội thoại/Cốt truyện	Luồng hội thoại	Thí Hạ	The Past is the Future: Epilogue	I suspect she hid a gift there.
lang_multi_text.db	Flow_109000003_629	3.4	Hội thoại/Cốt truyện	Luồng hội thoại	Thí Hạ	The Past is the Future: Epilogue	Pudding, go, check it out!
lang_multi_text.db	Flow_109000003_630	3.4	Hội thoại/Cốt truyện	Luồng hội thoại	Bánh Gạo	The Past is the Future: Epilogue	Woof!
lang_multi_text.db	Flow_109000003_631	3.4	Hội thoại/Cốt truyện	Luồng hội thoại	Thí Hạ	The Past is the Future: Epilogue	Rover, please help me!
lang_multi_text.db	Flow_109000003_632	3.4	Hội thoại/Cốt truyện	Luồng hội thoại	Thí Hạ	The Past is the Future: Epilogue	Pudding! C'mon, let's try again!
lang_multi_text.db	Flow_109000003_633	3.4	Hội thoại/Cốt truyện	Luồng hội thoại	Thí Hạ	The Past is the Future: Epilogue	Looks like the rabbit hole we're looking for is right behind this rock wall.
lang_multi_text.db	Flow_109000003_634	3.4	Hội thoại/Cốt truyện	Luồng hội thoại	Thí Hạ	The Past is the Future: Epilogue	But I only got admitted through luck.
lang_multi_text.db	Flow_109000003_635	3.4	Hội thoại/Cốt truyện	Luồng hội thoại		The Past is the Future: Epilogue	Why do you say so?
lang_multi_text.db	Flow_109000003_636	3.4	Hội thoại/Cốt truyện	Luồng hội thoại	Thí Hạ	The Past is the Future: Epilogue	Pudding, good boy, go back home. Be good, okay? I'll bring you tasty treats when I return!
lang_multi_text.db	Flow_109000003_637	3.4	Hội thoại/Cốt truyện	Luồng hội thoại	Thí Hạ	The Past is the Future: Epilogue	It took us quite an effort to carve out the heart-shaped contours with shovels. It's pretty cute, isn't it?
lang_multi_text.db	Flow_109000003_640	3.4	Hội thoại/Cốt truyện	Luồng hội thoại	Thí Hạ	The Past is the Future: Epilogue	Getting into an esteemed academy with a passing grade was actually pain disguised as luck.
lang_multi_text.db	Flow_109000003_641	3.4	Hội thoại/Cốt truyện	Luồng hội thoại	Thí Hạ	The Past is the Future: Epilogue	They breezed through the tests with high grades, but I struggled to grasp the course content.
lang_multi_text.db	Flow_109000003_642	3.4	Hội thoại/Cốt truyện	Luồng hội thoại	Thí Hạ	The Past is the Future: Epilogue	Do you understand that feeling? Like... you know there's a barrier ahead, but you just can't break through it...
lang_multi_text.db	Flow_109000003_643	3.4	Hội thoại/Cốt truyện	Luồng hội thoại	Thí Hạ	The Past is the Future: Epilogue	My sister looked at this scenery and got lost in thought. I wonder what she was thinking about back then.
lang_multi_text.db	Flow_109000003_647	3.4	Hội thoại/Cốt truyện	Luồng hội thoại	Thí Hạ	The Past is the Future: Epilogue	But when she knew I was preparing for my exam, she still managed to make some time for me. We came here together to relieve my anxiety.
lang_multi_text.db	Flow_109000003_648	3.4	Hội thoại/Cốt truyện	Luồng hội thoại	Thí Hạ	The Past is the Future: Epilogue	I thanked her for inspiring me to reach this height.
lang_multi_text.db	Flow_109000003_649	3.4	Hội thoại/Cốt truyện	Luồng hội thoại	Thí Hạ	The Past is the Future: Epilogue	Seeing such a beautiful sight, my stress lessened, and it definitely helped me passing Leyi Academy's entrance exam.
lang_multi_text.db	Flow_109000003_65	3.4	Hội thoại/Cốt truyện	Luồng hội thoại	Thí Hạ	The Past is the Future: Epilogue	Hey, {PlayerName}, it's almost time. If you're ready, let's meet at the foot of West Mountain!
lang_multi_text.db	Flow_109000003_650	3.4	Hội thoại/Cốt truyện	Luồng hội thoại	Thí Hạ	The Past is the Future: Epilogue	During the final interview, someone gave up their opportunity. That's how I got off the waiting list.
lang_multi_text.db	Flow_109000003_652	3.4	Hội thoại/Cốt truyện	Luồng hội thoại	Thí Hạ	The Past is the Future: Epilogue	I didn't realize she was dissatisfied with how I viewed myself.
lang_multi_text.db	Flow_109000003_653	3.4	Hội thoại/Cốt truyện	Luồng hội thoại	Thí Hạ	The Past is the Future: Epilogue	"Luck isn't the determining factor for your success, but you are."
lang_multi_text.db	Flow_109000003_654	3.4	Hội thoại/Cốt truyện	Luồng hội thoại	Thí Hạ	The Past is the Future: Epilogue	Thanks for helping me understand my sister's thoughts. I'll take her words to heart and welcome the new chapter of my life with greater confidence!
lang_multi_text.db	Flow_109000003_655	3.4	Hội thoại/Cốt truyện	Luồng hội thoại	Thí Hạ	The Past is the Future: Epilogue	I'll wait until it rains. I will challenge her on equal grounds.
lang_multi_text.db	Flow_109000003_658	3.4	Hội thoại/Cốt truyện	Luồng hội thoại	Thí Hạ	The Past is the Future: Epilogue	In the end, I would always reach her side. This time won't be any different.
lang_multi_text.db	Flow_109000003_659	3.4	Hội thoại/Cốt truyện	Luồng hội thoại		The Past is the Future: Epilogue	The sunrise after the rain is beautiful.
lang_multi_text.db	Flow_109000003_660	3.4	Hội thoại/Cốt truyện	Luồng hội thoại	Thí Hạ	The Past is the Future: Epilogue	It's as if our hearts are inexplicably connected.
lang_multi_text.db	Flow_109000003_661	3.4	Hội thoại/Cốt truyện	Luồng hội thoại	Thí Hạ	The Past is the Future: Epilogue	As I gaze upon this scenery, I've arrived at a resolution for the new phase of my life.
lang_multi_text.db	Flow_109000003_662	3.4	Hội thoại/Cốt truyện	Luồng hội thoại		The Past is the Future: Epilogue	What is it?
lang_multi_text.db	Flow_109000003_663	3.4	Hội thoại/Cốt truyện	Luồng hội thoại	Thí Hạ	The Past is the Future: Epilogue	I'll continue to grow and give my all at the Ministry of Development to make a meaningful impact. I'm not the same as my sister, but there's something only I can do!
lang_multi_text.db	Flow_109000003_664	3.4	Hội thoại/Cốt truyện	Luồng hội thoại		The Past is the Future: Epilogue	Go for it! I know you can do it!
lang_multi_text.db	Flow_109000003_665	3.4	Hội thoại/Cốt truyện	Luồng hội thoại	Thí Hạ	The Past is the Future: Epilogue	Why did she return my token to me…
lang_multi_text.db	Flow_109000003_666	3.4	Hội thoại/Cốt truyện	Luồng hội thoại	Thí Hạ	The Past is the Future: Epilogue	I won't forget about this journey.
lang_multi_text.db	Flow_109000003_667	3.4	Hội thoại/Cốt truyện	Luồng hội thoại	Thí Hạ	The Past is the Future: Epilogue	Though it's a pity that we still don't know what my sister hid under this tree...
lang_multi_text.db	Flow_109000003_668	3.4	Hội thoại/Cốt truyện	Luồng hội thoại	Mộc Mẫn	The Past is the Future: Epilogue	I just found it the other day. It's a letter!
lang_multi_text.db	Flow_109000003_669	3.4	Hội thoại/Cốt truyện	Luồng hội thoại	Mộc Mẫn	The Past is the Future: Epilogue	I can't understand the first half, but in the second half, it mentions crossing the waterfall and finding the tree behind it. It has to be about some hidden treasures!
lang_multi_text.db	Flow_109000003_670	3.4	Hội thoại/Cốt truyện	Luồng hội thoại	Thí Hạ	The Past is the Future: Epilogue	If that girl is really going to walk through the waterfall alone, I'd better keep an eye on her.
lang_multi_text.db	Flow_109000003_671	3.4	Hội thoại/Cốt truyện	Luồng hội thoại	Thí Hạ	The Past is the Future: Epilogue	Back then, I couldn't climb the mountain safely without my sister's care and protection.
lang_multi_text.db	Flow_109000003_672	3.4	Hội thoại/Cốt truyện	Luồng hội thoại	Thí Hạ	The Past is the Future: Epilogue	It's like I'm unknowingly standing in the shoes of my past sister...
lang_multi_text.db	Flow_109000003_68	3.4	Hội thoại/Cốt truyện	Luồng hội thoại	Thí Hạ	The Past is the Future: Epilogue	There you are! Looks like you're ready.
lang_multi_text.db	Flow_109000003_687	3.4	Hội thoại/Cốt truyện	Luồng hội thoại		The Past is the Future: Epilogue	You all gathered around and enjoyed a simple yet delicious dinner.
lang_multi_text.db	Flow_109000003_688	3.4	Hội thoại/Cốt truyện	Luồng hội thoại		The Past is the Future: Epilogue	I can make Milky Fish Soup.
lang_multi_text.db	Flow_109000003_689	3.4	Hội thoại/Cốt truyện	Luồng hội thoại	Rover	The Past is the Future: Epilogue	The precise spot needs to meet both these conditions.
lang_multi_text.db	Flow_109000003_69	3.4	Hội thoại/Cốt truyện	Luồng hội thoại	Thí Hạ	The Past is the Future: Epilogue	Many years ago, my sister climbed West Mountain on a rainy night and reached the summit at sunrise the next day.
lang_multi_text.db	Flow_109000003_693	3.4	Hội thoại/Cốt truyện	Luồng hội thoại	Thí Hạ	The Past is the Future: Epilogue	And look, we planted this tree in the center of the lake together, when we were kids.
lang_multi_text.db	Flow_109000003_694	3.4	Hội thoại/Cốt truyện	Luồng hội thoại	Thí Hạ	The Past is the Future: Epilogue	Never thought the tree would actually live.
lang_multi_text.db	Flow_109000003_695	3.4	Hội thoại/Cốt truyện	Luồng hội thoại	Thí Hạ	The Past is the Future: Epilogue	I once told Shiyu that the branches of this tree looked like a hand.
lang_multi_text.db	Flow_109000003_696	3.4	Hội thoại/Cốt truyện	Luồng hội thoại	Thí Hạ	The Past is the Future: Epilogue	When the time's right, I'll send you a message, and let's meet at the foot of West Mountain!
lang_multi_text.db	Flow_109000003_697	3.4	Hội thoại/Cốt truyện	Luồng hội thoại		The Past is the Future: Epilogue	You found a device model and a letter in the rabbit hole behind the rock wall.
lang_multi_text.db	Flow_109000003_698	3.4	Hội thoại/Cốt truyện	Luồng hội thoại		The Past is the Future: Epilogue	You found some photos and a letter.
lang_multi_text.db	Flow_109000003_70	3.4	Hội thoại/Cốt truyện	Luồng hội thoại	Thí Hạ	The Past is the Future: Epilogue	It's the same hour in the day now. This is when she started climbing. Let's go, we need to reach the summit before sunrise!
lang_multi_text.db	Flow_109000003_701	3.4	Hội thoại/Cốt truyện	Luồng hội thoại		The Past is the Future: Epilogue	You found an old report card, and there was a hand-written message scrawled on it.
lang_multi_text.db	Flow_109000003_702	3.4	Hội thoại/Cốt truyện	Luồng hội thoại	Thí Hạ	The Past is the Future: Epilogue	Where on earth is it…
lang_multi_text.db	Flow_109000003_703	3.4	Hội thoại/Cốt truyện	Luồng hội thoại	Thí Hạ	The Past is the Future: Epilogue	If you find anything, please let me know. Thank you so much!
lang_multi_text.db	Flow_109000003_704	3.4	Hội thoại/Cốt truyện	Luồng hội thoại	Thí Hạ	The Past is the Future: Epilogue	The gift should be nearby. Judging by Pudding's behavior, it should be leading us there!
lang_multi_text.db	Flow_109000003_705	3.4	Hội thoại/Cốt truyện	Luồng hội thoại	Thí Hạ	The Past is the Future: Epilogue	Let's follow its lead. We will find the gift soon!
lang_multi_text.db	Flow_109000003_706	3.4	Hội thoại/Cốt truyện	Luồng hội thoại	Thí Hạ	The Past is the Future: Epilogue	There should be plenty of ingredients around here.
lang_multi_text.db	Flow_109000003_707	3.4	Hội thoại/Cốt truyện	Luồng hội thoại	Thí Hạ	The Past is the Future: Epilogue	If needed, we can also collect some.
lang_multi_text.db	Flow_109000003_708	3.4	Hội thoại/Cốt truyện	Luồng hội thoại	Thí Hạ	The Past is the Future: Epilogue	Oh my, I only remember there's a rabbit hole here, but forgot its exact spot.
lang_multi_text.db	Flow_109000003_709	3.4	Hội thoại/Cốt truyện	Luồng hội thoại	Thí Hạ	The Past is the Future: Epilogue	Hopefully, Pudding will guide us right.
lang_multi_text.db	Flow_109000003_73	3.4	Hội thoại/Cốt truyện	Luồng hội thoại	Thí Hạ	The Past is the Future: Epilogue	No time to chat; let's go!
lang_multi_text.db	Flow_109000003_85	3.4	Hội thoại/Cốt truyện	Luồng hội thoại	Thí Hạ	The Past is the Future: Epilogue	Look, we caught the sunrise! Fantastic!
lang_multi_text.db	Flow_109000003_91	3.4	Hội thoại/Cốt truyện	Luồng hội thoại	Thí Hạ	The Past is the Future: Epilogue	Yeah! This is it!
lang_multi_text.db	Flow_109000003_92	3.4	Hội thoại/Cốt truyện	Luồng hội thoại	Thí Hạ	The Past is the Future: Epilogue	The next location isn't far. It's right under that tree ahead.
lang_multi_text.db	Flow_109000003_93	3.4	Hội thoại/Cốt truyện	Luồng hội thoại	Thí Hạ	The Past is the Future: Epilogue	The gift should be around here. Let's look for it.
lang_multi_text.db	Flow_109000003_95	3.4	Hội thoại/Cốt truyện	Luồng hội thoại	Bánh Gạo	The Past is the Future: Epilogue	Woof!
lang_multi_text.db	Flow_109000008_229	3.4	Hội thoại/Cốt truyện	Luồng hội thoại	Xiaojue	A Free Meal?	It's too dangerous over there. We have no weapons right now. Let's go the other way.
lang_multi_text.db	Flow_109000008_383	3.4	Hội thoại/Cốt truyện	Luồng hội thoại	Xiaojue	A Free Meal?	There we are. Fortunately, the lock hasn't been changed.
lang_multi_text.db	Flow_109000008_384	3.4	Hội thoại/Cốt truyện	Luồng hội thoại	Xiaojue	A Free Meal?	{PlayerName}, come take them!
lang_multi_text.db	Flow_109000008_413	3.4	Hội thoại/Cốt truyện	Luồng hội thoại	Miêu Tam	A Free Meal?	Wait. Take this!
lang_multi_text.db	Flow_109000008_414	3.4	Hội thoại/Cốt truyện	Luồng hội thoại	Miêu Tam	A Free Meal?	When those red-clothed people took Gousi away, I tried to stop them. Though I didn't win, I managed to grab this.
lang_multi_text.db	Flow_109000008_459	3.4	Hội thoại/Cốt truyện	Luồng hội thoại		A Free Meal?	You and your companions gathered and left the cave.
lang_multi_text.db	Flow_109000008_463	3.4	Hội thoại/Cốt truyện	Luồng hội thoại	Người Áo Đỏ Mai Phục	A Free Meal?	So, who's next?
lang_multi_text.db	Flow_109000008_486	3.4	Hội thoại/Cốt truyện	Luồng hội thoại	Diễn Viên Số 1	A Free Meal?	Wh... who are you? What... what are you doing?
lang_multi_text.db	Flow_109000008_487	3.4	Hội thoại/Cốt truyện	Luồng hội thoại	Nghiên Cứu Viên Kỳ Lạ	A Free Meal?	Stop, this is a research area, you can't go in.
lang_multi_text.db	Flow_109000008_488	3.4	Hội thoại/Cốt truyện	Luồng hội thoại		A Free Meal?	Research area?
lang_multi_text.db	Flow_109000008_489	3.4	Hội thoại/Cốt truyện	Luồng hội thoại	Nghiên Cứu Viên Kỳ Lạ	A Free Meal?	Yes, please leave immediately.
lang_multi_text.db	Flow_109000008_490	3.4	Hội thoại/Cốt truyện	Luồng hội thoại	Diễn Viên Số 1	A Free Meal?	Good outfit. I'd fit myself in those researchers if I carry a tablet with my hands.
lang_multi_text.db	Flow_109000008_491	3.4	Hội thoại/Cốt truyện	Luồng hội thoại	Diễn Viên Số 2	A Free Meal?	What are you talking about? We're researchers.
lang_multi_text.db	Flow_109000008_492	3.4	Hội thoại/Cốt truyện	Luồng hội thoại	Diễn Viên Số 1	A Free Meal?	Oh, I get it. Let's make it more real. Lee, how did your research go today?
lang_multi_text.db	Flow_109000008_493	3.4	Hội thoại/Cốt truyện	Luồng hội thoại	Diễn Viên Số 2	A Free Meal?	Well, it wasn't good as I expected...
lang_multi_text.db	Flow_109000008_494	3.4	Hội thoại/Cốt truyện	Luồng hội thoại	Miêu Tam	A Free Meal?	A perfect shelter it is! Ah, I can't expect a more comfortable life...
lang_multi_text.db	Flow_109000008_496	3.4	Hội thoại/Cốt truyện	Luồng hội thoại	Cẩu Tứ	A Free Meal?	I agree. We should thank {PlayerName} for that.
lang_multi_text.db	Flow_109000008_497	3.4	Hội thoại/Cốt truyện	Luồng hội thoại	Miêu Tam	A Free Meal?	I told boss about it. {Male=He;Female=She} deserves some proper respect.
lang_multi_text.db	Flow_109000008_498	3.4	Hội thoại/Cốt truyện	Luồng hội thoại		A Free Meal?	Are you talking about me?
lang_multi_text.db	Flow_109000008_499	3.4	Hội thoại/Cốt truyện	Luồng hội thoại	Miêu Tam	A Free Meal?	Oh! Yes, yes! What brings you here? We've been thinking that we could find such a good place only because of you.
lang_multi_text.db	Flow_109000008_500	3.4	Hội thoại/Cốt truyện	Luồng hội thoại	Cẩu Tứ	A Free Meal?	Yeah... A shelter and some necessary money really save us from doing those dirty jobs!
lang_multi_text.db	Flow_109000008_501	3.4	Hội thoại/Cốt truyện	Luồng hội thoại	Diễn Viên Số 1	A Free Meal?	Well, if that's the case...
lang_multi_text.db	Flow_109000008_502	3.4	Hội thoại/Cốt truyện	Luồng hội thoại	Diễn Viên Số 2	A Free Meal?	Did you use this to break the spore?
lang_multi_text.db	Flow_109000008_503	3.4	Hội thoại/Cốt truyện	Luồng hội thoại	Diễn Viên Số 3	A Free Meal?	Interesting. I should take a good look at it...
lang_multi_text.db	Flow_109000008_505	3.4	Hội thoại/Cốt truyện	Luồng hội thoại	Diễn Viên Số 1	A Free Meal?	So he begged for your mercy?
lang_multi_text.db	Flow_109000008_506	3.4	Hội thoại/Cốt truyện	Luồng hội thoại	Diễn Viên Số 2	A Free Meal?	No, he just can't give up.
lang_multi_text.db	Flow_109000008_507	3.4	Hội thoại/Cốt truyện	Luồng hội thoại	Diễn Viên Số 3	A Free Meal?	Don't let his minions ruin our research.
lang_multi_text.db	Flow_109000008_508	3.4	Hội thoại/Cốt truyện	Luồng hội thoại	"Minghu"	A Free Meal?	Are you sure? Don't get it wrong. If stepping into some trap, I'll be...
lang_multi_text.db	Flow_109000008_509	3.4	Hội thoại/Cốt truyện	Luồng hội thoại	"Minghu"	A Free Meal?	Whoa! Something doesn't feel right...
lang_multi_text.db	Flow_109000008_510	3.4	Hội thoại/Cốt truyện	Luồng hội thoại	"Minghu"	A Free Meal?	Great! I think we're on the right track.
lang_multi_text.db	Flow_109000008_511	3.4	Hội thoại/Cốt truyện	Luồng hội thoại	"Minghu"	A Free Meal?	C'mon, we're almost there!
lang_multi_text.db	Flow_109000008_514	3.4	Hội thoại/Cốt truyện	Luồng hội thoại	Minh Hổ	A Free Meal?	As expected, these apes really hate the red-clothed and will help us confront them.
lang_multi_text.db	Flow_109000008_515	3.4	Hội thoại/Cốt truyện	Luồng hội thoại	Cẩu Tứ	A Free Meal?	I don't want to be controlled!
lang_multi_text.db	Flow_109000008_524	3.4	Hội thoại/Cốt truyện	Luồng hội thoại	Xiaojue	A Free Meal?	This is mind-blowing. I wonder how did you make it.
lang_multi_text.db	Flow_109000008_525	3.4	Hội thoại/Cốt truyện	Luồng hội thoại	Xiaojue	A Free Meal?	Trust me, I'll give you some results!
lang_multi_text.db	Flow_109000008_526	3.4	Hội thoại/Cốt truyện	Luồng hội thoại	Long Nhị	A Free Meal?	Hey, you're the Rover, right? I'm the boss of Maosan and Gousi. They told me you've saved them from some kind of mess.
lang_multi_text.db	Flow_109000008_527	3.4	Hội thoại/Cốt truyện	Luồng hội thoại	Long Nhị	A Free Meal?	I know you're some expert!
lang_multi_text.db	Flow_109000008_528	3.4	Hội thoại/Cốt truyện	Luồng hội thoại	Long Nhị	A Free Meal?	Betcha! We've gone through a lot together. Names are the representations!
lang_multi_text.db	Flow_109000008_530	3.4	Hội thoại/Cốt truyện	Luồng hội thoại	Long Nhị	A Free Meal?	Thank you for saving them. They were crying lightning just like some naughty kids. Can't deal with them, right?
lang_multi_text.db	Flow_109000008_531	3.4	Hội thoại/Cốt truyện	Luồng hội thoại	Long Nhị	A Free Meal?	I should be nice to them. We live our lives, no more dirty jobs!
lang_multi_text.db	Flow_109000008_532	3.4	Hội thoại/Cốt truyện	Luồng hội thoại		A Free Meal?	It's me.
lang_multi_text.db	Flow_109000008_533	3.4	Hội thoại/Cốt truyện	Luồng hội thoại		A Free Meal?	You have interesting names.
lang_multi_text.db	Flow_109000008_534	3.4	Hội thoại/Cốt truyện	Luồng hội thoại	Minh Hổ	A Free Meal?	He's right. Let's go get our weapons first.
lang_multi_text.db	Flow_109000008_536	3.4	Hội thoại/Cốt truyện	Luồng hội thoại	Phong Bách	A Free Meal?	Now, he's probably doing another undercover mission somewhere... Hehe, Mr. Minghu can never stand an idle life.
lang_multi_text.db	Flow_109000008_537	3.4	Hội thoại/Cốt truyện	Luồng hội thoại	Phong Bách	A Free Meal?	After the situation here calmed down, Mr. Minghu applied for a transfer to an area with poor security.
lang_multi_text.db	Flow_109000008_545	3.4	Hội thoại/Cốt truyện	Luồng hội thoại		A Free Meal?	You reclaimed your weapon. You held the familiar weapon in your hand, and there's a satisfying weight to it.
lang_multi_text.db	Flow_109000008_549	3.4	Hội thoại/Cốt truyện	Luồng hội thoại		A Free Meal?	Maosan and Gousi rushed towards him but were quickly knocked down.
lang_multi_text.db	Flow_109000011_37	3.4	Hội thoại/Cốt truyện	Luồng hội thoại	Diễn Viên Số 1		Give it a try if you're interested in lion dance!
lang_multi_text.db	Flow_109000011_38	3.4	Hội thoại/Cốt truyện	Luồng hội thoại	Diễn Viên Số 1		Those who complete the step challenge can get the Liondance Troupe's merchandise!
lang_multi_text.db	Flow_109000011_39	3.4	Hội thoại/Cốt truyện	Luồng hội thoại			Don't be nervous! Stay calm!
lang_multi_text.db	Flow_109000011_41	3.4	Hội thoại/Cốt truyện	Luồng hội thoại	Diễn Viên Số 1		Rover will be fine!
lang_multi_text.db	Flow_109000011_42	3.4	Hội thoại/Cốt truyện	Luồng hội thoại	Diễn Viên Số 1		Keep it up!
lang_multi_text.db	Flow_109000011_43	3.4	Hội thoại/Cốt truyện	Luồng hội thoại	Diễn Viên Số 1		One more! One more!
lang_multi_text.db	Flow_109000011_44	3.4	Hội thoại/Cốt truyện	Luồng hội thoại	Diễn Viên Số 1		Wow! Beautiful!
lang_multi_text.db	Flow_109000011_45	3.4	Hội thoại/Cốt truyện	Luồng hội thoại	Diễn Viên Số 1		Looks like a pro!
lang_multi_text.db	Flow_109000011_46	3.4	Hội thoại/Cốt truyện	Luồng hội thoại	Diễn Viên Số 1		Hold on!
lang_multi_text.db	Flow_109000011_47	3.4	Hội thoại/Cốt truyện	Luồng hội thoại			One more time!
lang_multi_text.db	Flow_109000011_48	3.4	Hội thoại/Cốt truyện	Luồng hội thoại			Take a short break.
lang_multi_text.db	Flow_109000011_51	3.4	Hội thoại/Cốt truyện	Luồng hội thoại			One more time!
lang_multi_text.db	Flow_109000011_52	3.4	Hội thoại/Cốt truyện	Luồng hội thoại			Take a short break.
lang_multi_text.db	Flow_109000011_55	3.4	Hội thoại/Cốt truyện	Luồng hội thoại			One more time!
lang_multi_text.db	Flow_109000011_56	3.4	Hội thoại/Cốt truyện	Luồng hội thoại			Take a short break.
lang_multi_text.db	Flow_109000011_57	3.4	Hội thoại/Cốt truyện	Luồng hội thoại			Is there any... tricks or something?
lang_multi_text.db	Flow_109000011_58	3.4	Hội thoại/Cốt truyện	Luồng hội thoại	Tu Nghĩa		A successful backflip depends on the right jumping position and timing.
lang_multi_text.db	Flow_109000011_59	3.4	Hội thoại/Cốt truyện	Luồng hội thoại	Tu Nghĩa		<color=yellow>Jump forward</color>, not vertically, to reserve enough backspace.
lang_multi_text.db	Flow_109000011_60	3.4	Hội thoại/Cốt truyện	Luồng hội thoại	Tu Nghĩa		If you feel the space is limited, you might as well <color=yellow>use the diagonal</color> to get a longer backspace.
lang_multi_text.db	Flow_109000011_61	3.4	Hội thoại/Cốt truyện	Luồng hội thoại			If you feel not skilled enough, you can practice more before the official challenge.
lang_multi_text.db	Flow_109000011_62	3.4	Hội thoại/Cốt truyện	Luồng hội thoại			Is there any... tricks or something?
lang_multi_text.db	Flow_109000011_63	3.4	Hội thoại/Cốt truyện	Luồng hội thoại	Tu Nghĩa		A successful backflip depends on the right jumping position and timing.
lang_multi_text.db	Flow_109000011_64	3.4	Hội thoại/Cốt truyện	Luồng hội thoại	Tu Nghĩa		Jump forward, not vertically, to reserve enough backspace.
lang_multi_text.db	Flow_109000011_65	3.4	Hội thoại/Cốt truyện	Luồng hội thoại	Tu Nghĩa		If you feel the space is limited, you might as well use the diagonal to get a longer backspace.
lang_multi_text.db	Flow_109000011_66	3.4	Hội thoại/Cốt truyện	Luồng hội thoại			If you feel not skilled enough, you can practice more before the official challenge.
lang_multi_text.db	Flow_109000011_67	3.4	Hội thoại/Cốt truyện	Luồng hội thoại			Is there any... tricks or something?
lang_multi_text.db	Flow_109000011_68	3.4	Hội thoại/Cốt truyện	Luồng hội thoại	Tu Nghĩa		A successful backflip depends on the right jumping position and timing.
lang_multi_text.db	Flow_109000011_69	3.4	Hội thoại/Cốt truyện	Luồng hội thoại	Tu Nghĩa		Jump forward, not vertically, to reserve enough backspace.
lang_multi_text.db	Flow_109000011_70	3.4	Hội thoại/Cốt truyện	Luồng hội thoại	Tu Nghĩa		If you feel the space is limited, you might as well use the diagonal to get a longer backspace.
lang_multi_text.db	Flow_109000011_71	3.4	Hội thoại/Cốt truyện	Luồng hội thoại			If you feel not skilled enough, you can practice more before the official challenge.
lang_multi_text.db	Flow_109000011_72	3.4	Hội thoại/Cốt truyện	Luồng hội thoại			Challenge again if you ever find the time.
lang_multi_text.db	Flow_109000011_73	3.4	Hội thoại/Cốt truyện	Luồng hội thoại			Challenge again if you ever find the time.
lang_multi_text.db	Flow_109000011_80	3.4	Hội thoại/Cốt truyện	Luồng hội thoại	Tu Nghĩa		Challenge concluded! Continuous success!
lang_multi_text.db	Flow_109000011_82	3.4	Hội thoại/Cốt truyện	Luồng hội thoại	Tu Nghĩa		Oh, can't afford to underestimate our Rover!
lang_multi_text.db	Flow_109000011_83	3.4	Hội thoại/Cốt truyện	Luồng hội thoại			Please accept your rewards!
lang_multi_text.db	Flow_109000011_84	3.4	Hội thoại/Cốt truyện	Luồng hội thoại	Tu Nghĩa		Challenge concluded. Flawless performance!
lang_multi_text.db	Flow_109000011_85	3.4	Hội thoại/Cốt truyện	Luồng hội thoại	Tu Nghĩa		Impressive skills and footwork... I'm overwhelmed by your talent!
lang_multi_text.db	Flow_109000011_86	3.4	Hội thoại/Cốt truyện	Luồng hội thoại	Tu Nghĩa		Mr. Wufang always says: Observe others and correct yourself. I learned a lot from your footworks.
lang_multi_text.db	Flow_109000011_87	3.4	Hội thoại/Cốt truyện	Luồng hội thoại	Tu Nghĩa		If you're interested in joining the Liondance Troupe, Lingyang and I would love to give you a referral.
lang_multi_text.db	Flow_109000011_88	3.4	Hội thoại/Cốt truyện	Luồng hội thoại			A reward for you to commemorate your success!
lang_multi_text.db	Flow_109800000_1	3.4	Hội thoại/Cốt truyện	Luồng hội thoại			Thank you for believing in this tale, and for solving those puzzles…
lang_multi_text.db	Flow_109800000_2	3.4	Hội thoại/Cốt truyện	Luồng hội thoại			May your love be eternal, never parting ways.
lang_multi_text.db	Flow_11000001_1	3.4	Hội thoại/Cốt truyện	Luồng hội thoại	A Thủy	Grand Warstorm	The spot is... Err...
lang_multi_text.db	Flow_11000001_100	3.4	Hội thoại/Cốt truyện	Luồng hội thoại	Diễn Viên Số 2	Grand Warstorm	Oh, thank you so much, my dear.
lang_multi_text.db	Flow_11000001_105	3.4	Hội thoại/Cốt truyện	Luồng hội thoại	Cô Hồng	Grand Warstorm	Mrs. Jué, everything's going well on the front and our troops are steadily pressing forward.
lang_multi_text.db	Flow_11000001_106	3.4	Hội thoại/Cốt truyện	Luồng hội thoại	Cô Hồng	Grand Warstorm	Yuzan's doing perfectly fine. He's in good hands.
lang_multi_text.db	Flow_11000001_107	3.4	Hội thoại/Cốt truyện	Luồng hội thoại	Bà Giác	Grand Warstorm	You're a grown-up now, Yukun. Haven't you ever dreamt about going to other places far away and achieving great things?
lang_multi_text.db	Flow_11000001_108	3.4	Hội thoại/Cốt truyện	Luồng hội thoại	Speaker_196_Title	Grand Warstorm	Grandma... Sis has already signed up, if I leave Jinzhou too, who's going to be here with you? You'll be all alone by yourself.
lang_multi_text.db	Flow_11000001_109	3.4	Hội thoại/Cốt truyện	Luồng hội thoại	Speaker_196_Title	Grand Warstorm	Grandma's always trying to have me to sign up for the Rangers. Telling me how I should look up to my older sister more.
lang_multi_text.db	Flow_11000001_110	3.4	Hội thoại/Cốt truyện	Luồng hội thoại	Speaker_196_Title	Grand Warstorm	But I want to stay home. Where I can be there for her if something happens.
lang_multi_text.db	Flow_11000001_111	3.4	Hội thoại/Cốt truyện	Luồng hội thoại		Grand Warstorm	Mrs. Jué really has it thought out.
lang_multi_text.db	Flow_11000001_112	3.4	Hội thoại/Cốt truyện	Luồng hội thoại		Grand Warstorm	Good point.
lang_multi_text.db	Flow_11000001_113	3.4	Hội thoại/Cốt truyện	Luồng hội thoại	Speaker_196_Title	Grand Warstorm	I know. Grandma always talks about how, "only when a nation is at peace, can families be at peace". But I can't just leave her by herself.
lang_multi_text.db	Flow_11000001_116	3.4	Hội thoại/Cốt truyện	Luồng hội thoại	Speaker_196_Title	Grand Warstorm	That's right. I've been learning boxing from Mister Yuanwu lately. I've got enough skills to protect Grandma against anything!
lang_multi_text.db	Flow_11000001_117	3.4	Hội thoại/Cốt truyện	Luồng hội thoại	Cô Hồng	Grand Warstorm	With most of the younger people gone off to war, the older people living in this area aren't very familiar with a Terminal.
lang_multi_text.db	Flow_11000001_118	3.4	Hội thoại/Cốt truyện	Luồng hội thoại	Bà Giác	Grand Warstorm	Oh... I wonder how everything is going on the frontlines...
lang_multi_text.db	Flow_11000001_119	3.4	Hội thoại/Cốt truyện	Luồng hội thoại	Bà Giác	Grand Warstorm	Guhong hasn't visited in a while... I hope the child's doing okay...
lang_multi_text.db	Flow_11000001_121	3.4	Hội thoại/Cốt truyện	Luồng hội thoại	Cô Hồng	Grand Warstorm	... Desorock...
lang_multi_text.db	Flow_11000001_122	3.4	Hội thoại/Cốt truyện	Luồng hội thoại	Cô Hồng	Grand Warstorm	... Cave...
lang_multi_text.db	Flow_11000001_123	3.4	Hội thoại/Cốt truyện	Luồng hội thoại	Cô Hồng	Grand Warstorm	So I come to visit whenever I've got the time to see if they're doing well and give them news from the frontlines. A way to help them put their minds at ease.
lang_multi_text.db	Flow_11000001_124	3.4	Hội thoại/Cốt truyện	Luồng hội thoại	Cô Hồng	Grand Warstorm	... Requesting... Backup...
lang_multi_text.db	Flow_11000001_125	3.4	Hội thoại/Cốt truyện	Luồng hội thoại	Diễn Viên Số 1	Grand Warstorm	*gasp*... Not yet...
lang_multi_text.db	Flow_11000001_126	3.4	Hội thoại/Cốt truyện	Luồng hội thoại	Cô Hồng	Grand Warstorm	I-I was careless...
lang_multi_text.db	Flow_11000001_128	3.4	Hội thoại/Cốt truyện	Luồng hội thoại	Cô Hồng	Grand Warstorm	That was too close... Luck for me you found me just in time, or else...
lang_multi_text.db	Flow_11000001_129	3.4	Hội thoại/Cốt truyện	Luồng hội thoại		Grand Warstorm	Are you all right?
lang_multi_text.db	Flow_11000001_130	3.4	Hội thoại/Cốt truyện	Luồng hội thoại	Cô Hồng	Grand Warstorm	Look out, behind you!
lang_multi_text.db	Flow_11000001_131	3.4	Hội thoại/Cốt truyện	Luồng hội thoại	Cô Hồng	Grand Warstorm	Thank you, Rover.
lang_multi_text.db	Flow_11000001_134	3.4	Hội thoại/Cốt truyện	Luồng hội thoại		Grand Warstorm	Mrs. Jué asked me to come find you.
lang_multi_text.db	Flow_11000001_135	3.4	Hội thoại/Cốt truyện	Luồng hội thoại	Cô Hồng	Grand Warstorm	I was careless and got ambushed. Got held back... I regret having Mrs. Jué feel worried.
lang_multi_text.db	Flow_11000001_136	3.4	Hội thoại/Cốt truyện	Luồng hội thoại	Cô Hồng	Grand Warstorm	Can you help me back to the city, Rover?
lang_multi_text.db	Flow_11000001_138	3.4	Hội thoại/Cốt truyện	Luồng hội thoại	Cô Hồng	Grand Warstorm	I wish to tell Mrs. Jué what happened on the frontlines in person.
lang_multi_text.db	Flow_11000001_139	3.4	Hội thoại/Cốt truyện	Luồng hội thoại		Grand Warstorm	I got you.
lang_multi_text.db	Flow_11000001_141	3.4	Hội thoại/Cốt truyện	Luồng hội thoại	Bà Giác	Grand Warstorm	Oh, Guhong. What happened to you?!
lang_multi_text.db	Flow_11000001_142	3.4	Hội thoại/Cốt truyện	Luồng hội thoại	Cô Hồng	Grand Warstorm	I'm okay, Mrs. Jué. Rover pulled me out of danger just in the nick of time.
lang_multi_text.db	Flow_11000001_143	3.4	Hội thoại/Cốt truyện	Luồng hội thoại	Bà Giác	Grand Warstorm	Nonsense! Just look at those wounds! Whatever it is that you want to say, it'll have to wait. For now, you are in great need of rest.
lang_multi_text.db	Flow_11000001_146	3.4	Hội thoại/Cốt truyện	Luồng hội thoại	Cô Hồng	Grand Warstorm	Speaking of which, can I ask you a favor? Can you help these elderly make contact with me in case of an emergency?
lang_multi_text.db	Flow_11000001_147	3.4	Hội thoại/Cốt truyện	Luồng hội thoại	Cô Hồng	Grand Warstorm	Much obliged. Here's my contact information. You can also find me if you meet any trouble yourself.
lang_multi_text.db	Flow_11000001_148	3.4	Hội thoại/Cốt truyện	Luồng hội thoại	Thi Vũ	Grand Warstorm	Hello. Can I help you?
lang_multi_text.db	Flow_11000001_149	3.4	Hội thoại/Cốt truyện	Luồng hội thoại	Thi Vũ	Grand Warstorm	Guhong? Last I heard he returned to the frontlines... You're saying even Mrs. Jué hasn't seen him since?
lang_multi_text.db	Flow_11000001_150	3.4	Hội thoại/Cốt truyện	Luồng hội thoại		Grand Warstorm	Mrs. Jué would like to know where she can find Guhong.
lang_multi_text.db	Flow_11000001_151	3.4	Hội thoại/Cốt truyện	Luồng hội thoại	Thi Vũ	Grand Warstorm	This is not good. Maybe something's happened to him...
lang_multi_text.db	Flow_11000001_153	3.4	Hội thoại/Cốt truyện	Luồng hội thoại	Thi Vũ	Grand Warstorm	Rover, do you think you can help find Guhong for me? Here's his contact information.
lang_multi_text.db	Flow_11000001_154	3.4	Hội thoại/Cốt truyện	Luồng hội thoại	Speaker_84_Name	Grand Warstorm	You checked your Terminal and found Guhong's contact information.
lang_multi_text.db	Flow_11000001_155	3.4	Hội thoại/Cốt truyện	Luồng hội thoại	Speaker_84_Name	Grand Warstorm	You can't help but feel a sense of unease. You make yourself stay focused and dialed the number.
lang_multi_text.db	Flow_11000001_156	3.4	Hội thoại/Cốt truyện	Luồng hội thoại	Speaker_84_Name	Grand Warstorm	Guhong is a Midnight Ranger, which is under the jurisdiction of the Ministry of War.
lang_multi_text.db	Flow_11000001_157	3.4	Hội thoại/Cốt truyện	Luồng hội thoại	Speaker_84_Name	Grand Warstorm	Let's pay the Ministry of War and ask about Guhong there.
lang_multi_text.db	Flow_11000001_158	3.4	Hội thoại/Cốt truyện	Luồng hội thoại	Cô Hồng	Grand Warstorm	We managed to hold the line thanks to everyone's efforts.
lang_multi_text.db	Flow_11000001_159	3.4	Hội thoại/Cốt truyện	Luồng hội thoại	Bà Giác	Grand Warstorm	Good, good... That is certainly reassuring to hear.
lang_multi_text.db	Flow_11000001_160	3.4	Hội thoại/Cốt truyện	Luồng hội thoại	Cô Hồng	Grand Warstorm	Yuzan even earned himself a promotion, it's stirring up all that energy inside of him now.
lang_multi_text.db	Flow_11000001_161	3.4	Hội thoại/Cốt truyện	Luồng hội thoại	Bà Giác	Grand Warstorm	And it all owes to young people like yourself. By the way, how are your wounds healing?
lang_multi_text.db	Flow_11000001_162	3.4	Hội thoại/Cốt truyện	Luồng hội thoại	Cô Hồng	Grand Warstorm	It's been healing pretty well. Thank you for asking, ma'am.
lang_multi_text.db	Flow_11000001_163	3.4	Hội thoại/Cốt truyện	Luồng hội thoại	Bà Giác	Grand Warstorm	You should take care of yourself and get more rest. There's no need for you to visit every day.
lang_multi_text.db	Flow_11000001_164	3.4	Hội thoại/Cốt truyện	Luồng hội thoại	Cô Hồng	Grand Warstorm	We managed to hold the line thanks to everyone's efforts.
lang_multi_text.db	Flow_11000001_165	3.4	Hội thoại/Cốt truyện	Luồng hội thoại	Cô Hồng	Grand Warstorm	Yuzan even earned himself a promotion, it's stirring up all that energy inside of him now.
lang_multi_text.db	Flow_11000001_166	3.4	Hội thoại/Cốt truyện	Luồng hội thoại	Bà Giác	Grand Warstorm	And it all owes to young people like yourself. By the way, how is your leg healing?
lang_multi_text.db	Flow_11000001_167	3.4	Hội thoại/Cốt truyện	Luồng hội thoại	Cô Hồng	Grand Warstorm	It's been healing pretty well. Thank you for asking, ma'am.
lang_multi_text.db	Flow_11000001_168	3.4	Hội thoại/Cốt truyện	Luồng hội thoại	Phù Kiên	Grand Warstorm	Hey Dad, got all the goods in. Care to take a look?
lang_multi_text.db	Flow_11000001_169	3.4	Hội thoại/Cốt truyện	Luồng hội thoại	Speaker_783_Title	Grand Warstorm	Hmm... This batch looks good.
lang_multi_text.db	Flow_11000001_170	3.4	Hội thoại/Cốt truyện	Luồng hội thoại	Phù Kiên	Grand Warstorm	You know it, Dad. Jinzhou boasts top-notch minerals. Quality is never an issue here!
lang_multi_text.db	Flow_11000001_171	3.4	Hội thoại/Cốt truyện	Luồng hội thoại	Speaker_783_Title	Grand Warstorm	And the prices?
lang_multi_text.db	Flow_11000001_172	3.4	Hội thoại/Cốt truyện	Luồng hội thoại	Phù Kiên	Grand Warstorm	Already sorted it with the Mineral Corporation. Stick to the old rules. No need to factor in the recent price changes.
lang_multi_text.db	Flow_11000001_173	3.4	Hội thoại/Cốt truyện	Luồng hội thoại	Speaker_783_Title	Grand Warstorm	Hmm... Why's there petrolatum mixed in with these minerals...
lang_multi_text.db	Flow_11000001_174	3.4	Hội thoại/Cốt truyện	Luồng hội thoại	Speaker_783_Title	Grand Warstorm	Can't store different mineral colors together...
lang_multi_text.db	Flow_11000001_175	3.4	Hội thoại/Cốt truyện	Luồng hội thoại	Speaker_783_Title	Grand Warstorm	Mineral colors here, mineral salts here, and petrolatum over there...
lang_multi_text.db	Flow_11000001_176	3.4	Hội thoại/Cốt truyện	Luồng hội thoại	Speaker_783_Title	Grand Warstorm	Sorry for the mess, just sorting out the minerals. Feel free to take a look around.
lang_multi_text.db	Flow_11000001_177	3.4	Hội thoại/Cốt truyện	Luồng hội thoại	Vinh Thanh	Grand Warstorm	Please stop!
lang_multi_text.db	Flow_11000001_178	3.4	Hội thoại/Cốt truyện	Luồng hội thoại	Speaker_84_Name	Grand Warstorm	Beneath the night sky, the flowers exude an enchanting allure. Unconsciously, you reach your hand out...
lang_multi_text.db	Flow_11000001_179	3.4	Hội thoại/Cốt truyện	Luồng hội thoại	Vinh Thanh	Grand Warstorm	Hmm... That's strange...
lang_multi_text.db	Flow_11000001_180	3.4	Hội thoại/Cốt truyện	Luồng hội thoại	Vinh Thanh	Grand Warstorm	It feels like something's missing here. So strange. I've incorporated all the decorations I could think of...
lang_multi_text.db	Flow_11000001_181	3.4	Hội thoại/Cốt truyện	Luồng hội thoại	Vinh Thanh	Grand Warstorm	Miniature models, amber pebbles, moss... I've used them all, so what could be lacking?
lang_multi_text.db	Flow_11000001_183	3.4	Hội thoại/Cốt truyện	Luồng hội thoại	Vinh Thanh	Grand Warstorm	Looks like I'll have to ask Ms. Verina to come and take a look. Her designs always emit a vibrant energy that's simply unmatched.
lang_multi_text.db	Flow_11000001_184	3.4	Hội thoại/Cốt truyện	Luồng hội thoại	Vinh Thanh	Grand Warstorm	Ms. Verina's designs are truly enchanting. If only I could be her...
lang_multi_text.db	Flow_11000001_186	3.4	Hội thoại/Cốt truyện	Luồng hội thoại	Vinh Thanh	Grand Warstorm	What sets her apart from me...
lang_multi_text.db	Flow_11000001_188	3.4	Hội thoại/Cốt truyện	Luồng hội thoại		Grand Warstorm	Hey, stop! Please don't pick any flowers. I haven't finished designing it yet!
lang_multi_text.db	Flow_11000001_189	3.4	Hội thoại/Cốt truyện	Luồng hội thoại	Speaker_786_Title	Grand Warstorm	Hey there, it's not for sale. Just something Rongqing did for fun.
lang_multi_text.db	Flow_11000001_190	3.4	Hội thoại/Cốt truyện	Luồng hội thoại	Speaker_786_Title	Grand Warstorm	If you're interested in penjings, feel free to come and take a look around. I'll give you a discount.
lang_multi_text.db	Flow_11000001_193	3.4	Hội thoại/Cốt truyện	Luồng hội thoại		Grand Warstorm	Please don't touch this penjing!
lang_multi_text.db	Flow_11000001_195	3.4	Hội thoại/Cốt truyện	Luồng hội thoại	Speaker_786_Title	Grand Warstorm	Just a moment. This penjing was carefully crafted by Verina. I simply can't bear to part with it to anyone else.
lang_multi_text.db	Flow_11000001_196	3.4	Hội thoại/Cốt truyện	Luồng hội thoại	Speaker_786_Title	Grand Warstorm	If you like penjing, feel free to come to the store and take a look, I'll give you a discount on something else.
lang_multi_text.db	Flow_11000001_2	3.4	Hội thoại/Cốt truyện	Luồng hội thoại	A Thủy	Grand Warstorm	And this one is... Hmm...
lang_multi_text.db	Flow_11000001_222	3.4	Hội thoại/Cốt truyện	Luồng hội thoại	Speaker_84_Name	Grand Warstorm	As you snap out of your daze, a soft touch envelops your fingers. Nestled in your palm lies a little flower, adorned with dewdrops, its presence serene yet captivating.
lang_multi_text.db	Flow_11000001_223	3.4	Hội thoại/Cốt truyện	Luồng hội thoại	Vinh Thanh	Grand Warstorm	Huh? Who picked a Dewvetch? Now the entire penjing is ruined! I've invested so much time into this graduation project.
lang_multi_text.db	Flow_11000001_224	3.4	Hội thoại/Cốt truyện	Luồng hội thoại	Vinh Thanh	Grand Warstorm	*Sobbing* The defense is just around the corner. Where am I supposed to find another Dewvetch now?
lang_multi_text.db	Flow_11000001_226	3.4	Hội thoại/Cốt truyện	Luồng hội thoại	Speaker_786_Title	Grand Warstorm	Welcome to Bogu's Arbor. Take your time to look around.
lang_multi_text.db	Flow_11000001_227	3.4	Hội thoại/Cốt truyện	Luồng hội thoại	Speaker_786_Title	Grand Warstorm	Rongqing? Oh, he's been a regular at my shop since before he started helping out here.
lang_multi_text.db	Flow_11000001_228	3.4	Hội thoại/Cốt truyện	Luồng hội thoại	Speaker_786_Title	Grand Warstorm	He's studying penjing design and thought interning here would be a good fit.
lang_multi_text.db	Flow_11000001_229	3.4	Hội thoại/Cốt truyện	Luồng hội thoại	Speaker_786_Title	Grand Warstorm	I agreed because I could tell by the way he looked at the penjings.... Such passion and sincerity in his eyes.
lang_multi_text.db	Flow_11000001_230	3.4	Hội thoại/Cốt truyện	Luồng hội thoại	Speaker_786_Title	Grand Warstorm	It's great to see that kind of dedication. Though, he does tend to go a bit overboard with decorations sometimes. Miniature models, amber pebbles... you name it.
lang_multi_text.db	Flow_11000001_231	3.4	Hội thoại/Cốt truyện	Luồng hội thoại	Speaker_786_Title	Grand Warstorm	But aiming for perfection isn't a bad thing. Hopefully, he'll refine his style as he learns more about penjing design.
lang_multi_text.db	Flow_11000001_233	3.4	Hội thoại/Cốt truyện	Luồng hội thoại	Speaker_786_Title	Grand Warstorm	Little Verina? She is such a sweet child. Her smiles always make me happy. She reminds me of the lovely Starflowers.
lang_multi_text.db	Flow_11000001_234	3.4	Hội thoại/Cốt truyện	Luồng hội thoại	Speaker_786_Title	Grand Warstorm	She has been a great help. She knows a lot about everything plant-related.
lang_multi_text.db	Flow_11000001_235	3.4	Hội thoại/Cốt truyện	Luồng hội thoại	Speaker_786_Title	Grand Warstorm	All her penjings are something else! So vibrant and enchanting.
lang_multi_text.db	Flow_11000001_236	3.4	Hội thoại/Cốt truyện	Luồng hội thoại	Speaker_786_Title	Grand Warstorm	If only she were my granddaughter...
lang_multi_text.db	Flow_11000001_238	3.4	Hội thoại/Cốt truyện	Luồng hội thoại	Speaker_786_Title	Grand Warstorm	This penjing shop? It's been around for ages. I'm actually the fourth owner.
lang_multi_text.db	Flow_11000001_239	3.4	Hội thoại/Cốt truyện	Luồng hội thoại	Speaker_786_Title	Grand Warstorm	My daughter Linling, well, she's got her own dreams and doesn't seem to be interested in taking over the shop.
lang_multi_text.db	Flow_11000001_241	3.4	Hội thoại/Cốt truyện	Luồng hội thoại	Speaker_786_Title	Grand Warstorm	Let her be. I'm still feeling fine. I'm still going strong. As long as I can keep moving around, this shop won't close.
lang_multi_text.db	Flow_11000001_244	3.4	Hội thoại/Cốt truyện	Luồng hội thoại	Speaker_786_Title	Grand Warstorm	Hello dear, come choose a <ano=bonsai>penjing</ano> for yourself. Not only do they add a touch of green to your space, but they also freshen up the air!
lang_multi_text.db	Flow_11000001_245	3.4	Hội thoại/Cốt truyện	Luồng hội thoại	Speaker_786_Title	Grand Warstorm	Don't worry, even if you're not buying anything, I'm always happy to have company.
lang_multi_text.db	Flow_11000001_249	3.4	Hội thoại/Cốt truyện	Luồng hội thoại	Speaker_784_Title	Grand Warstorm	Welcome to Jewel Boba!
lang_multi_text.db	Flow_11000001_251	3.4	Hội thoại/Cốt truyện	Luồng hội thoại	Diễn Viên Số 1	Grand Warstorm	Hmm, this package...
lang_multi_text.db	Flow_11000001_253	3.4	Hội thoại/Cốt truyện	Luồng hội thoại	Diễn Viên Số 1	Grand Warstorm	Where on earth is its recipient...
lang_multi_text.db	Flow_11000001_254	3.4	Hội thoại/Cốt truyện	Luồng hội thoại	Diễn Viên Số 1	Grand Warstorm	Such a strange name. Nobody around here goes by that...
lang_multi_text.db	Flow_11000001_256	3.4	Hội thoại/Cốt truyện	Luồng hội thoại	Phức Sâm	Grand Warstorm	There's always these weird names on packages, making deliveries a real puzzle...
lang_multi_text.db	Flow_11000001_257	3.4	Hội thoại/Cốt truyện	Luồng hội thoại	Phức Sâm	Grand Warstorm	Can you believe there's someone named "Ms. Vera's Dog"?
lang_multi_text.db	Flow_11000001_258	3.4	Hội thoại/Cốt truyện	Luồng hội thoại	Phức Sâm	Grand Warstorm	Well, at least it's a living thing. Then there's "Liv's Quilted Coat". How's a coat supposed to receive a package?
lang_multi_text.db	Flow_11000001_259	3.4	Hội thoại/Cốt truyện	Luồng hội thoại	Phức Sâm	Grand Warstorm	And this one, "Universe's Strongest Chief". We've got Midnight Rangers and Patrollers, but no chiefs. What's that about? There's no such position in the Ministry of War.
lang_multi_text.db	Flow_11000001_26	3.4	Hội thoại/Cốt truyện	Luồng hội thoại	Phiến Vũ	Grand Warstorm	Sure is quiet on the streets today...
lang_multi_text.db	Flow_11000001_260	3.4	Hội thoại/Cốt truyện	Luồng hội thoại	Phức Sâm	Grand Warstorm	Sorry, no time for jokes now. Got a package to deliver, pronto.
lang_multi_text.db	Flow_11000001_269	3.4	Hội thoại/Cốt truyện	Luồng hội thoại	Phẩm Văn	Grand Warstorm	Hmm, the centrifugal force of the separator is a bit too strong. Let me tweak it a bit...
lang_multi_text.db	Flow_11000001_27	3.4	Hội thoại/Cốt truyện	Luồng hội thoại	Phiến Vũ	Grand Warstorm	Better get some rest in to put out more work.
lang_multi_text.db	Flow_11000001_279	3.4	Hội thoại/Cốt truyện	Luồng hội thoại	Speaker_784_Title	Grand Warstorm	She's thinking of leaving her job to lend a hand here at the shop. She's like, "With all this new technology, I could whip up a flavor that'll really catch on and take our business up to a new level!"
lang_multi_text.db	Flow_11000001_28	3.4	Hội thoại/Cốt truyện	Luồng hội thoại	Phiến Vũ	Grand Warstorm	Everything seems normal in the neighborhood.
lang_multi_text.db	Flow_11000001_280	3.4	Hội thoại/Cốt truyện	Luồng hội thoại	Speaker_784_Title	Grand Warstorm	But you know, she's put in years of hard work, studying and landing a job at the prestigious Academy. It's no small feat. I'm not sure whether to support her in this...
lang_multi_text.db	Flow_11000001_281	3.4	Hội thoại/Cốt truyện	Luồng hội thoại	Speaker_784_Title	Grand Warstorm	Speaking of my granddaughter, Pinwen, she works in the Academy. Quite the achiever, you know? She's been a diligent student since her school days.
lang_multi_text.db	Flow_11000001_283	3.4	Hội thoại/Cốt truyện	Luồng hội thoại	Speaker_784_Title	Grand Warstorm	Jewel Boba is my pride and joy.
lang_multi_text.db	Flow_11000001_284	3.4	Hội thoại/Cốt truyện	Luồng hội thoại	Speaker_784_Title	Grand Warstorm	I've been running this shop for over thirty years. Many of my regulars have become dear friends.
lang_multi_text.db	Flow_11000001_285	3.4	Hội thoại/Cốt truyện	Luồng hội thoại	Speaker_784_Title	Grand Warstorm	They never seem to get tired of my dessert soups.
lang_multi_text.db	Flow_11000001_286	3.4	Hội thoại/Cốt truyện	Luồng hội thoại	Speaker_784_Title	Grand Warstorm	Eventually, those unfamiliar faces became the warm, familiar smiles of regulars. It's funny, you know. Back then they called me Auntie Pinrong, but as the years passed, I earned the title of Grandma Pinrong, haha!
lang_multi_text.db	Flow_11000001_287	3.4	Hội thoại/Cốt truyện	Luồng hội thoại	Speaker_784_Title	Grand Warstorm	However, I've noticed fewer young faces lately. Perhaps my granddaughter is onto something with her theory about fancy drinks.
lang_multi_text.db	Flow_11000001_29	3.4	Hội thoại/Cốt truyện	Luồng hội thoại		Grand Warstorm	Freshly steamed dumplings. Come get them while they're hot!
lang_multi_text.db	Flow_11000001_291	3.4	Hội thoại/Cốt truyện	Luồng hội thoại	Speaker_784_Title	Grand Warstorm	Pinwen... She's really my granddaughter.
lang_multi_text.db	Flow_11000001_292	3.4	Hội thoại/Cốt truyện	Luồng hội thoại	Speaker_784_Title	Grand Warstorm	Thirty years ago, when I first opened this shop, I was just like her, nose buried in recipes, trying to perfect my dessert soups.
lang_multi_text.db	Flow_11000001_293	3.4	Hội thoại/Cốt truyện	Luồng hội thoại	Speaker_784_Title	Grand Warstorm	My heart was warmed seeing my customers' smiles back then.
lang_multi_text.db	Flow_11000001_294	3.4	Hội thoại/Cốt truyện	Luồng hội thoại	Speaker_784_Title	Grand Warstorm	Perhaps she feels the same way now, right?
lang_multi_text.db	Flow_11000001_295	3.4	Hội thoại/Cốt truyện	Luồng hội thoại	Speaker_784_Title	Grand Warstorm	Jewel Boba is now the pride and joy of both me and my granddaughter.
lang_multi_text.db	Flow_11000001_296	3.4	Hội thoại/Cốt truyện	Luồng hội thoại	Speaker_784_Title	Grand Warstorm	With her new recipes, we've been welcoming new faces every day.
lang_multi_text.db	Flow_11000001_297	3.4	Hội thoại/Cốt truyện	Luồng hội thoại	Speaker_784_Title	Grand Warstorm	The first time I tasted the dessert soup my granddaughter made... It flooded me with the same joy I felt when I first made a dessert soup of my own.
lang_multi_text.db	Flow_11000001_298	3.4	Hội thoại/Cốt truyện	Luồng hội thoại	Speaker_784_Title	Grand Warstorm	After all these years, those newly introduced dessert soups back then have become classics, and now we've added another batch of new ones. You know, I believe all these new creations will eventually stand the test of time and become classics themselves, don't you think?
lang_multi_text.db	Flow_11000001_299	3.4	Hội thoại/Cốt truyện	Luồng hội thoại	Speaker_784_Title	Grand Warstorm	Whether it's an old classic or a new creation, as long as it brings a smile to my customers' faces, it's a success in my book.
lang_multi_text.db	Flow_11000001_3	3.4	Hội thoại/Cốt truyện	Luồng hội thoại	A Thủy	Grand Warstorm	Average at best...
lang_multi_text.db	Flow_11000001_30	3.4	Hội thoại/Cốt truyện	Luồng hội thoại	Quảng Hội	Grand Warstorm	Come try them out, you don't wanna miss out! Deliciously tangy steamed dumplings!
lang_multi_text.db	Flow_11000001_300	3.4	Hội thoại/Cốt truyện	Luồng hội thoại	Phẩm Văn	Grand Warstorm	Hey there! How about a cup of Chewy-Gummy-Yummy SweeTEA?
lang_multi_text.db	Flow_11000001_301	3.4	Hội thoại/Cốt truyện	Luồng hội thoại	Phẩm Văn	Grand Warstorm	This tea's a special brew. I ground the tea leaves before steaming and brewing, giving it a smoother, delicate taste. And the boba? Made them with fresh fruits!
lang_multi_text.db	Flow_11000001_302	3.4	Hội thoại/Cốt truyện	Luồng hội thoại	Speaker_784_Title	Grand Warstorm	Hello there, feel free to give our Jewel Boba a try.
lang_multi_text.db	Flow_11000001_303	3.4	Hội thoại/Cốt truyện	Luồng hội thoại	Speaker_784_Title	Grand Warstorm	Our Jewel Boba boasts the same delightful taste over the past three decades. If you ask around, you'll find it accompanying the growth of people here.
lang_multi_text.db	Flow_11000001_304	3.4	Hội thoại/Cốt truyện	Luồng hội thoại	Speaker_784_Title	Grand Warstorm	Welcome, dear. Fancy trying our latest dessert soup? We call it Chewy-... Gummy-Yummy SweeTEA?
lang_multi_text.db	Flow_11000001_305	3.4	Hội thoại/Cốt truyện	Luồng hội thoại	Speaker_784_Title	Grand Warstorm	Quite the mouthful, isn't it? My granddaughter tells me it's all the rage with the youngsters these days. I tried it myself, and goodness, it's tasty!
lang_multi_text.db	Flow_11000001_306	3.4	Hội thoại/Cốt truyện	Luồng hội thoại	Thanh Hòa	Grand Warstorm	Once I pick up the Torch Sword, I'll eradicate that monster—
lang_multi_text.db	Flow_11000001_307	3.4	Hội thoại/Cốt truyện	Luồng hội thoại	Thanh Hòa	Grand Warstorm	Are you here to watch the show? How did you sneak backstage?
lang_multi_text.db	Flow_11000001_308	3.4	Hội thoại/Cốt truyện	Luồng hội thoại	Thanh Hòa	Grand Warstorm	Silent flame, lurking evils—the show hasn't started. Go and have some rest first, and wait for Fiamma's grand entrance!
lang_multi_text.db	Flow_11000001_309	3.4	Hội thoại/Cốt truyện	Luồng hội thoại	Thanh Hòa	Grand Warstorm	Oh, it's you. What brings you here?
lang_multi_text.db	Flow_11000001_31	3.4	Hội thoại/Cốt truyện	Luồng hội thoại		Grand Warstorm	Dumplings, soy milk, rice noodle rolls, congee. We got 'em all!
lang_multi_text.db	Flow_11000001_310	3.4	Hội thoại/Cốt truyện	Luồng hội thoại	Thanh Hòa	Grand Warstorm	Running around every day, you must have a busy schedule, just like the protagonist in my play...
lang_multi_text.db	Flow_11000001_311	3.4	Hội thoại/Cốt truyện	Luồng hội thoại	Thanh Hòa	Grand Warstorm	In the Hero Play, the protagonist, before embarking on a grand mission, always has to deal with some trivial matters first. I guess that's part of the story.
lang_multi_text.db	Flow_11000001_312	3.4	Hội thoại/Cốt truyện	Luồng hội thoại	Thanh Hòa	Grand Warstorm	This place should be... Huh? Are you here to watch the show?
lang_multi_text.db	Flow_11000001_313	3.4	Hội thoại/Cốt truyện	Luồng hội thoại	Thanh Hòa	Grand Warstorm	This is backstage, please take a seat in the audience. The flame is about to roar and the show is about to start!
lang_multi_text.db	Flow_11000001_314	3.4	Hội thoại/Cốt truyện	Luồng hội thoại	Thanh Hòa	Grand Warstorm	Oh, it's you. Perfect timing, I was just thinking about something. I'd like to hear your opinion.
lang_multi_text.db	Flow_11000001_316	3.4	Hội thoại/Cốt truyện	Luồng hội thoại	Thanh Hòa	Grand Warstorm	Once I pick up the Torch Sword, I'll eradicate that monster...
lang_multi_text.db	Flow_11000001_317	3.4	Hội thoại/Cốt truyện	Luồng hội thoại	Thanh Hòa	Grand Warstorm	You gotta practice every day, can't slack off in anything, you know.
lang_multi_text.db	Flow_11000001_318	3.4	Hội thoại/Cốt truyện	Luồng hội thoại	Thanh Hòa	Grand Warstorm	I don't know if everyone is ready...
lang_multi_text.db	Flow_11000001_321	3.4	Hội thoại/Cốt truyện	Luồng hội thoại	Thanh Hòa	Grand Warstorm	Oh, it's you! Got some free time to watch the play today, huh? If you have any questions, feel free to ask me.
lang_multi_text.db	Flow_11000001_322	3.4	Hội thoại/Cốt truyện	Luồng hội thoại	Thanh Hòa	Grand Warstorm	Our Jinzhou Theater is open all year round, with Hero Plays, storytelling, and Liondancing taking turns on stage. We hope that all our audience members leave feeling entertained!
lang_multi_text.db	Flow_11000001_323	3.4	Hội thoại/Cốt truyện	Luồng hội thoại	Thanh Hòa	Grand Warstorm	During the holidays, we'll arrange some special performances. The Liondance Troupe, for example, will perform on the theater stage to welcome the Spring Loong Festival.
lang_multi_text.db	Flow_11000001_324	3.4	Hội thoại/Cốt truyện	Luồng hội thoại	Thanh Hòa	Grand Warstorm	These Ushers will be walking around the streets, filling my heart with liveness. Quite the spectacle!
lang_multi_text.db	Flow_11000001_325	3.4	Hội thoại/Cốt truyện	Luồng hội thoại	Thanh Hòa	Grand Warstorm	Is this your first time coming here for a show?
lang_multi_text.db	Flow_11000001_326	3.4	Hội thoại/Cốt truyện	Luồng hội thoại	Thanh Hòa	Grand Warstorm	That's great! Take your time and look around. If you have any suggestions or ideas, feel free to share.
lang_multi_text.db	Flow_11000001_33	3.4	Hội thoại/Cốt truyện	Luồng hội thoại	Doudou	Grand Warstorm	Hello, {Male=Mister;Female=Miss}. Are you here to play hide-and-seek with me and Minming?
lang_multi_text.db	Flow_11000001_330	3.4	Hội thoại/Cốt truyện	Luồng hội thoại	Diễn Viên Số 2	Grand Warstorm	Today's show was really something. Just when I thought we were at the end of the line, the fire blazed and Fiamma showed up!
lang_multi_text.db	Flow_11000001_331	3.4	Hội thoại/Cốt truyện	Luồng hội thoại	Diễn Viên Số 3	Grand Warstorm	As long as Fiamma is here, I'm not afraid of anything! Sister Qinghe, I want to be a great hero in the future!
lang_multi_text.db	Flow_11000001_332	3.4	Hội thoại/Cốt truyện	Luồng hội thoại	Diễn Viên Số 1	Grand Warstorm	Thank you, everyone! Fiamma couldn't be wielding the Torch Sword without your support!
lang_multi_text.db	Flow_11000001_333	3.4	Hội thoại/Cốt truyện	Luồng hội thoại	Tương Sinh	Grand Warstorm	When will I get to star in my own Hero Play...
lang_multi_text.db	Flow_11000001_334	3.4	Hội thoại/Cốt truyện	Luồng hội thoại	Tương Sinh	Grand Warstorm	I really hope I can play the villain next time!
lang_multi_text.db	Flow_11000001_336	3.4	Hội thoại/Cốt truyện	Luồng hội thoại	Tương Sinh	Grand Warstorm	What I love most is seeing heroes, even when they're backed into a corner, manage to stand up again and again. Their eyes are so pure...
lang_multi_text.db	Flow_11000001_337	3.4	Hội thoại/Cốt truyện	Luồng hội thoại	Tương Sinh	Grand Warstorm	For this scene, I must strive for my role as the villain!
lang_multi_text.db	Flow_11000001_338	3.4	Hội thoại/Cốt truyện	Luồng hội thoại	Tương Sinh	Grand Warstorm	Haha, whether you're Fiamma or Aquarius, I'll crush you with my—
lang_multi_text.db	Flow_11000001_339	3.4	Hội thoại/Cốt truyện	Luồng hội thoại	Tương Sinh	Grand Warstorm	No, no, it just doesn't feel right. I should exert more oomph...
lang_multi_text.db	Flow_11000001_34	3.4	Hội thoại/Cốt truyện	Luồng hội thoại		Grand Warstorm	Yep.
lang_multi_text.db	Flow_11000001_340	3.4	Hội thoại/Cốt truyện	Luồng hội thoại	Tương Sinh	Grand Warstorm	Let me try again.
lang_multi_text.db	Flow_11000001_341	3.4	Hội thoại/Cốt truyện	Luồng hội thoại	Tương Sinh	Grand Warstorm	Take it easy... That's right... Keep pushing, no time for rest...
lang_multi_text.db	Flow_11000001_342	3.4	Hội thoại/Cốt truyện	Luồng hội thoại	Tương Sinh	Grand Warstorm	Sister Qinghe told me to hold it like this... Yes, this should be it.
lang_multi_text.db	Flow_11000001_343	3.4	Hội thoại/Cốt truyện	Luồng hội thoại	Tương Sinh	Grand Warstorm	And this move... Hmm, how does she make it look so natural?
lang_multi_text.db	Flow_11000001_344	3.4	Hội thoại/Cốt truyện	Luồng hội thoại	Tương Sinh	Grand Warstorm	Ah, I really wish I could improve faster, so I could play the character I've always wanted to...
lang_multi_text.db	Flow_11000001_345	3.4	Hội thoại/Cốt truyện	Luồng hội thoại	Tuấn Nghiên	Grand Warstorm	Are you here to see Sister Qinghe's play too?
lang_multi_text.db	Flow_11000001_346	3.4	Hội thoại/Cốt truyện	Luồng hội thoại	Tuấn Nghiên	Grand Warstorm	She is getting more and more popular. I knew it!
lang_multi_text.db	Flow_11000001_347	3.4	Hội thoại/Cốt truyện	Luồng hội thoại	Tuấn Nghiên	Grand Warstorm	You're back! I've got a big news for you! The sequel to the Speedster's story is almost here!
lang_multi_text.db	Flow_11000001_348	3.4	Hội thoại/Cốt truyện	Luồng hội thoại	Tuấn Nghiên	Grand Warstorm	Last time, the story of the Speedster ended at the crucial moment of the standoff with the final boss, it really killed me with suspense!
lang_multi_text.db	Flow_11000001_349	3.4	Hội thoại/Cốt truyện	Luồng hội thoại	Diễn Viên Số 2	Grand Warstorm	Why haven't we started yet?
lang_multi_text.db	Flow_11000001_35	3.4	Hội thoại/Cốt truyện	Luồng hội thoại		Grand Warstorm	Maybe next time.
lang_multi_text.db	Flow_11000001_350	3.4	Hội thoại/Cốt truyện	Luồng hội thoại	Diễn Viên Số 1	Grand Warstorm	Easy there, kiddo, Sister Qinghe won't be here until tonight.
lang_multi_text.db	Flow_11000001_351	3.4	Hội thoại/Cốt truyện	Luồng hội thoại	Diễn Viên Số 2	Grand Warstorm	So what about now? The big bad guy is about to show up, where is the big hero? I want to see it now!
lang_multi_text.db	Flow_11000001_355	3.4	Hội thoại/Cốt truyện	Luồng hội thoại	Tuấn Nghiên	Grand Warstorm	I know all the regular fans who come to watch the show, but this is the first time I've seen you.
lang_multi_text.db	Flow_11000001_356	3.4	Hội thoại/Cốt truyện	Luồng hội thoại	Tuấn Nghiên	Grand Warstorm	Are you here to watch the Hero Play too?
lang_multi_text.db	Flow_11000001_357	3.4	Hội thoại/Cốt truyện	Luồng hội thoại	Tuấn Nghiên	Grand Warstorm	{PlayerName}? Here to watch Sister Qinghe's show again?
lang_multi_text.db	Flow_11000001_358	3.4	Hội thoại/Cốt truyện	Luồng hội thoại	Tuấn Nghiên	Grand Warstorm	I told you, her acting is top-notch!
lang_multi_text.db	Flow_11000001_359	3.4	Hội thoại/Cốt truyện	Luồng hội thoại	Tuấn Nghiên	Grand Warstorm	But you've got bad timing, it seems like there's a new play about to start, and Sister Qinghe is still backstage, busy with the final preparations!
lang_multi_text.db	Flow_11000001_36	3.4	Hội thoại/Cốt truyện	Luồng hội thoại	Doudou	Grand Warstorm	That's fine. Do come play with us the next time when you come around. Pinky swear?
lang_multi_text.db	Flow_11000001_360	3.4	Hội thoại/Cốt truyện	Luồng hội thoại	Tuấn Nghiên	Grand Warstorm	Betcha. I've watched her grow step by step to where she is today.
lang_multi_text.db	Flow_11000001_361	3.4	Hội thoại/Cốt truyện	Luồng hội thoại	Tuấn Nghiên	Grand Warstorm	There was a time when I was really down, feeling like nothing was going my way. It was the Speedster who gave me the courage to face adversity!
lang_multi_text.db	Flow_11000001_363	3.4	Hội thoại/Cốt truyện	Luồng hội thoại		Grand Warstorm	I remember your face.
lang_multi_text.db	Flow_11000001_364	3.4	Hội thoại/Cốt truyện	Luồng hội thoại		Grand Warstorm	Are you a longtime fan?
lang_multi_text.db	Flow_11000001_365	3.4	Hội thoại/Cốt truyện	Luồng hội thoại	Tuấn Nghiên	Grand Warstorm	The Fiamma that came after, ignited a flame in my heart, giving me the confidence to face the complexities of life.
lang_multi_text.db	Flow_11000001_366	3.4	Hội thoại/Cốt truyện	Luồng hội thoại	Tuấn Nghiên	Grand Warstorm	Hello, I'm Junyan. I've seen all the plays performed at the Jinzhou Theater.
lang_multi_text.db	Flow_11000001_367	3.4	Hội thoại/Cốt truyện	Luồng hội thoại	Tuấn Nghiên	Grand Warstorm	Let me pick a show for you, the Liondance Troupe's "Vanguard Tiger's Song". During the performance, the lion will be rolling up and down on the Plum Blossom Pole. Quite a feat!
lang_multi_text.db	Flow_11000001_368	3.4	Hội thoại/Cốt truyện	Luồng hội thoại	Tuấn Nghiên	Grand Warstorm	But if you ask me, the best is still the Hero Play performed by Qinghe, and her role as the Fiamma!
lang_multi_text.db	Flow_11000001_369	3.4	Hội thoại/Cốt truyện	Luồng hội thoại	Tuấn Nghiên	Grand Warstorm	As long as Fiamma shows up, any trouble can be solved!
lang_multi_text.db	Flow_11000001_37	3.4	Hội thoại/Cốt truyện	Luồng hội thoại	Minh Minh	Grand Warstorm	Pinky swear!
lang_multi_text.db	Flow_11000001_370	3.4	Hội thoại/Cốt truyện	Luồng hội thoại	Tuấn Nghiên	Grand Warstorm	Even this kid next to me can settle down and enjoy the show.
lang_multi_text.db	Flow_11000001_371	3.4	Hội thoại/Cốt truyện	Luồng hội thoại	Tuấn Nghiên	Grand Warstorm	{PlayerName}, thank god you're here. Can you help me talk some sense into this kid?
lang_multi_text.db	Flow_11000001_373	3.4	Hội thoại/Cốt truyện	Luồng hội thoại	Tuấn Nghiên	Grand Warstorm	He's been nagging to see the new play, but Qinghe is still in rehearsal!
lang_multi_text.db	Flow_11000001_374	3.4	Hội thoại/Cốt truyện	Luồng hội thoại	Tuấn Nghiên	Grand Warstorm	I've been explaining this to him, but he just won't listen. *sigh* I'm kind of desperate now...
lang_multi_text.db	Flow_11000001_376	3.4	Hội thoại/Cốt truyện	Luồng hội thoại	Tiểu Bảo	Grand Warstorm	Why hasn't it started yet? And where is my mom...
lang_multi_text.db	Flow_11000001_377	3.4	Hội thoại/Cốt truyện	Luồng hội thoại	Tiểu Bảo	Grand Warstorm	Time, please hurry up! I can't wait to see the great hero!
lang_multi_text.db	Flow_11000001_378	3.4	Hội thoại/Cốt truyện	Luồng hội thoại	Tuấn Nghiên	Grand Warstorm	I really don't know what to do, but I'm glad that you could help.
lang_multi_text.db	Flow_11000001_379	3.4	Hội thoại/Cốt truyện	Luồng hội thoại	Tuấn Nghiên	Grand Warstorm	Xiaobao seems to be behaving better, did you talk to him? I can't thank you enough, {PlayerName}.
lang_multi_text.db	Flow_11000001_38	3.4	Hội thoại/Cốt truyện	Luồng hội thoại	Doudou	Grand Warstorm	You're back! So do you wanna play hide-and-seek with us?
lang_multi_text.db	Flow_11000001_380	3.4	Hội thoại/Cốt truyện	Luồng hội thoại	Tuấn Nghiên	Grand Warstorm	Qinghe will take the stage and I'll just wait here without any nuisance. Perfect!
lang_multi_text.db	Flow_11000001_381	3.4	Hội thoại/Cốt truyện	Luồng hội thoại	Tuấn Nghiên	Grand Warstorm	I hope her new play will be ready soon. I can't wait to see the new show!
lang_multi_text.db	Flow_11000001_382	3.4	Hội thoại/Cốt truyện	Luồng hội thoại	Tuấn Nghiên	Grand Warstorm	Once I pick up the Torch Sword, I will eradicate that monster! I haven't forgotten a single line!
lang_multi_text.db	Flow_11000001_384	3.4	Hội thoại/Cốt truyện	Luồng hội thoại	Tiểu Bảo	Grand Warstorm	I really want to watch a play, I really want to be a hero! If I become a hero, mom will come back to play with me!
lang_multi_text.db	Flow_11000001_385	3.4	Hội thoại/Cốt truyện	Luồng hội thoại	Tiểu Bảo	Grand Warstorm	Why hasn't the play started yet...
lang_multi_text.db	Flow_11000001_39	3.4	Hội thoại/Cốt truyện	Luồng hội thoại		Grand Warstorm	Yes.
lang_multi_text.db	Flow_11000001_395	3.4	Hội thoại/Cốt truyện	Luồng hội thoại	Tiểu Bảo	Grand Warstorm	Why is it taking so long? Mom said she'd be back as soon as the Hero Play is over, but it hasn't even started yet...
lang_multi_text.db	Flow_11000001_4	3.4	Hội thoại/Cốt truyện	Luồng hội thoại	A Thủy	Grand Warstorm	Not quite the one...
lang_multi_text.db	Flow_11000001_40	3.4	Hội thoại/Cốt truyện	Luồng hội thoại		Grand Warstorm	I'm still a bit busy at the moment...
lang_multi_text.db	Flow_11000001_409	3.4	Hội thoại/Cốt truyện	Luồng hội thoại	Bác Vân	Grand Warstorm	Just try to spare the gripe, will ya?
lang_multi_text.db	Flow_11000001_41	3.4	Hội thoại/Cốt truyện	Luồng hội thoại	Doudou	Grand Warstorm	Cool. Here we go!
lang_multi_text.db	Flow_11000001_411	3.4	Hội thoại/Cốt truyện	Luồng hội thoại	Bác Vân	Grand Warstorm	Chie, Mingzhi, you're here so early.
lang_multi_text.db	Flow_11000001_413	3.4	Hội thoại/Cốt truyện	Luồng hội thoại	Bác Vân	Grand Warstorm	Speaking of the moment when Jué woke up...
lang_multi_text.db	Flow_11000001_416	3.4	Hội thoại/Cốt truyện	Luồng hội thoại	Bác Vân	Grand Warstorm	Dong, you're here. Still hanging around the theater even though you have no shows to see?
lang_multi_text.db	Flow_11000001_42	3.4	Hội thoại/Cốt truyện	Luồng hội thoại	Minh Minh	Grand Warstorm	Aw...
lang_multi_text.db	Flow_11000001_427	3.4	Hội thoại/Cốt truyện	Luồng hội thoại	Bác Vân	Grand Warstorm	Are you here to watch the Hero Play, or to enjoy the Taiping Musical?
lang_multi_text.db	Flow_11000001_429	3.4	Hội thoại/Cốt truyện	Luồng hội thoại	Bác Vân	Grand Warstorm	You see, I'm getting old. My time is growing less to enjoy the shows or meet my friends.
lang_multi_text.db	Flow_11000001_43	3.4	Hội thoại/Cốt truyện	Luồng hội thoại	Minh Minh	Grand Warstorm	I can't believe it. How did you manage to find us so fast?
lang_multi_text.db	Flow_11000001_430	3.4	Hội thoại/Cốt truyện	Luồng hội thoại		Grand Warstorm	I'm just looking around.
lang_multi_text.db	Flow_11000001_431	3.4	Hội thoại/Cốt truyện	Luồng hội thoại	Bác Vân	Grand Warstorm	Well, I suggest you go to the theater for a show and meet with new friends.
lang_multi_text.db	Flow_11000001_433	3.4	Hội thoại/Cốt truyện	Luồng hội thoại	Bác Vân	Grand Warstorm	I didn't have much time when I was a soldier. Now that I've retired and have more time, I can't waste a bit.
lang_multi_text.db	Flow_11000001_434	3.4	Hội thoại/Cốt truyện	Luồng hội thoại	Bác Vân	Grand Warstorm	You should go and watch the Taiping Musical by the Liondance Troupe if you've got the time. They used to perform for the army, with their impressive skills.
lang_multi_text.db	Flow_11000001_435	3.4	Hội thoại/Cốt truyện	Luồng hội thoại	Chú Đổng	Grand Warstorm	You don't get it. Qinghe should have read her lines like that in the previous scene!
lang_multi_text.db	Flow_11000001_436	3.4	Hội thoại/Cốt truyện	Luồng hội thoại	Bác Vân	Grand Warstorm	Oh, don't get all worked up. You should encourage the younger ones. They've been up all night, you know.
lang_multi_text.db	Flow_11000001_438	3.4	Hội thoại/Cốt truyện	Luồng hội thoại	Chú Đổng	Grand Warstorm	Come on, you've been playing this for so many years. How can you still not get this part right?
lang_multi_text.db	Flow_11000001_439	3.4	Hội thoại/Cốt truyện	Luồng hội thoại	Bác Vân	Grand Warstorm	Don't listen to Dong's nonsense, he's too strict.
lang_multi_text.db	Flow_11000001_44	3.4	Hội thoại/Cốt truyện	Luồng hội thoại	Minh Minh	Grand Warstorm	It's not over yet! Let's do best of three!
lang_multi_text.db	Flow_11000001_440	3.4	Hội thoại/Cốt truyện	Luồng hội thoại	Bác Vân	Grand Warstorm	We used to be in the same camp. Back then, during the military cultural performance, someone would make a cameo.
lang_multi_text.db	Flow_11000001_441	3.4	Hội thoại/Cốt truyện	Luồng hội thoại	Bác Vân	Grand Warstorm	That play brought the heroes to life. With all their kick, the play induced a tremendous reaction.
lang_multi_text.db	Flow_11000001_442	3.4	Hội thoại/Cốt truyện	Luồng hội thoại	Bác Vân	Grand Warstorm	He's just reminiscing about his younger days, when he used to enjoy watching plays...
lang_multi_text.db	Flow_11000001_443	3.4	Hội thoại/Cốt truyện	Luồng hội thoại	Bác Vân	Grand Warstorm	There was this kid who was always dreaming of playing the villain. Haven't seen him on stage recently. I'm afraid he didn't get a role in Qinghe's new play.
lang_multi_text.db	Flow_11000001_444	3.4	Hội thoại/Cốt truyện	Luồng hội thoại	Bác Vân	Grand Warstorm	With his physique, his demeanor, and his bright, piercing eyes, he's actually perfect for playing the good guy.
lang_multi_text.db	Flow_11000001_445	3.4	Hội thoại/Cốt truyện	Luồng hội thoại	Bác Vân	Grand Warstorm	I don't know why, but he's always trying to play the villain.
lang_multi_text.db	Flow_11000001_448	3.4	Hội thoại/Cốt truyện	Luồng hội thoại	Bác Vân	Grand Warstorm	But he possesses an energy that reminds me of my younger days.
lang_multi_text.db	Flow_11000001_449	3.4	Hội thoại/Cốt truyện	Luồng hội thoại	Tương Sinh	Grand Warstorm	The next character selection is about to start. I need to push myself a bit more.
lang_multi_text.db	Flow_11000001_45	3.4	Hội thoại/Cốt truyện	Luồng hội thoại	Doudou	Grand Warstorm	Again, again!
lang_multi_text.db	Flow_11000001_450	3.4	Hội thoại/Cốt truyện	Luồng hội thoại	Bác Vân	Grand Warstorm	Have you seen the new Taiping Musical by Lingyang?
lang_multi_text.db	Flow_11000001_451	3.4	Hội thoại/Cốt truyện	Luồng hội thoại	Chú Đổng	Grand Warstorm	Are you talking about the new recruit from the Liondance Troupe? Yes, I've seen his play.
lang_multi_text.db	Flow_11000001_452	3.4	Hội thoại/Cốt truyện	Luồng hội thoại	Chú Đổng	Grand Warstorm	He's got a steady step, all agile and flexible. I'm sure that he's a promising talent.
lang_multi_text.db	Flow_11000001_453	3.4	Hội thoại/Cốt truyện	Luồng hội thoại	Bác Vân	Grand Warstorm	Alright, alright, you're the expert on plays. But give more compliments and less stick, will ya?
lang_multi_text.db	Flow_11000001_454	3.4	Hội thoại/Cốt truyện	Luồng hội thoại	Bác Vân	Grand Warstorm	The Ushers used to be regulars at military drills, but now they're having less members.
lang_multi_text.db	Flow_11000001_455	3.4	Hội thoại/Cốt truyện	Luồng hội thoại	Chú Đổng	Grand Warstorm	Hero Play it's about the story of responsibility, honor, loss and gain.
lang_multi_text.db	Flow_11000001_456	3.4	Hội thoại/Cốt truyện	Luồng hội thoại	Chú Đổng	Grand Warstorm	Actors should be able to distinguish the difference, or they fail to play as a hero.
lang_multi_text.db	Flow_11000001_457	3.4	Hội thoại/Cốt truyện	Luồng hội thoại	Chú Đổng	Grand Warstorm	The Hero Play isn't just for us old folks, it's for the kids too. How many kids started dreaming of becoming heroes after watching Hero Play?
lang_multi_text.db	Flow_11000001_458	3.4	Hội thoại/Cốt truyện	Luồng hội thoại	Chú Đổng	Grand Warstorm	So, the performers will do their job while we should devote all our heart to the watching.
lang_multi_text.db	Flow_11000001_459	3.4	Hội thoại/Cốt truyện	Luồng hội thoại	Chú Đổng	Grand Warstorm	That was quite a show back in the day, wasn't it?
lang_multi_text.db	Flow_11000001_46	3.4	Hội thoại/Cốt truyện	Luồng hội thoại		Grand Warstorm	Let's do it.
lang_multi_text.db	Flow_11000001_460	3.4	Hội thoại/Cốt truyện	Luồng hội thoại	Chú Đổng	Grand Warstorm	I just don't believe that Qinghe's new play can actually impress me.
lang_multi_text.db	Flow_11000001_461	3.4	Hội thoại/Cốt truyện	Luồng hội thoại	Minh Minh	Grand Warstorm	Why's Daddy not home yet, Sis...?
lang_multi_text.db	Flow_11000001_462	3.4	Hội thoại/Cốt truyện	Luồng hội thoại	Minh Minh	Grand Warstorm	Daddy promised he'd play hide-and-seek with us...
lang_multi_text.db	Flow_11000001_463	3.4	Hội thoại/Cốt truyện	Luồng hội thoại	Doudou	Grand Warstorm	Now, Mingming. Be a good girl, Daddy's busy. How about we play something else instead?
lang_multi_text.db	Flow_11000001_464	3.4	Hội thoại/Cốt truyện	Luồng hội thoại	Minh Minh	Grand Warstorm	Ooh... It's always the two of us playing together, Sis. There's not much to do...
lang_multi_text.db	Flow_11000001_465	3.4	Hội thoại/Cốt truyện	Luồng hội thoại	Doudou	Grand Warstorm	Well, then let's wait and maybe we'll meet someone we can play with.
lang_multi_text.db	Flow_11000001_466	3.4	Hội thoại/Cốt truyện	Luồng hội thoại	Bác Cao	Grand Warstorm	*sigh* Ruiyun, you're just a girl. What's joining the Rangers got anything to do with you?
lang_multi_text.db	Flow_11000001_467	3.4	Hội thoại/Cốt truyện	Luồng hội thoại	Bác Cao	Grand Warstorm	What if something happens to you? Then there'd be nothing but this old man left in this family.
lang_multi_text.db	Flow_11000001_468	3.4	Hội thoại/Cốt truyện	Luồng hội thoại	Bác Cao	Grand Warstorm	Oh, you wouldn't believe the amount of strings I had to pull to get her a place in the city patrol.
lang_multi_text.db	Flow_11000001_469	3.4	Hội thoại/Cốt truyện	Luồng hội thoại	Bác Cao	Grand Warstorm	Do you have any idea how many people are out there right now who want to be in her shoes? Tsk, she should be glad she got the job!
lang_multi_text.db	Flow_11000001_47	3.4	Hội thoại/Cốt truyện	Luồng hội thoại		Grand Warstorm	Maybe next time.
lang_multi_text.db	Flow_11000001_470	3.4	Hội thoại/Cốt truyện	Luồng hội thoại	Bác Cao	Grand Warstorm	If she finds out that I was the one who kept her from going to the frontlines, oh boy, she'd probably make a huge fuss over it... *sigh*.
lang_multi_text.db	Flow_11000001_471	3.4	Hội thoại/Cốt truyện	Luồng hội thoại	Thụy Vân	Grand Warstorm	Ugh. All this walking back and forth in the city is such a drag. I'm just wasting my life at this point.
lang_multi_text.db	Flow_11000001_472	3.4	Hội thoại/Cốt truyện	Luồng hội thoại	Thụy Vân	Grand Warstorm	And there's my dad, nagging about how the frontline's not the place for a girl like me.
lang_multi_text.db	Flow_11000001_473	3.4	Hội thoại/Cốt truyện	Luồng hội thoại	Thụy Vân	Grand Warstorm	What does he know?! Just look at Yuzan, she's doing pretty well, isn't she? She even got herself a promotion. I bet I can do it too!
lang_multi_text.db	Flow_11000001_474	3.4	Hội thoại/Cốt truyện	Luồng hội thoại	Thụy Vân	Grand Warstorm	*sigh* When is this one heck of a boring job ever going to end...?
lang_multi_text.db	Flow_11000001_476	3.4	Hội thoại/Cốt truyện	Luồng hội thoại	Bác Cao	Grand Warstorm	How's work been lately? No one said anything strange to you, did they?
lang_multi_text.db	Flow_11000001_477	3.4	Hội thoại/Cốt truyện	Luồng hội thoại	Thụy Vân	Grand Warstorm	Say something strange? Why would anyone do that?
lang_multi_text.db	Flow_11000001_478	3.4	Hội thoại/Cốt truyện	Luồng hội thoại	Bác Cao	Grand Warstorm	Nothing, it's nothing.
lang_multi_text.db	Flow_11000001_479	3.4	Hội thoại/Cốt truyện	Luồng hội thoại	Thụy Vân	Grand Warstorm	Dad, I feel like you've been acting a bit weird ever since I started my job.
lang_multi_text.db	Flow_11000001_48	3.4	Hội thoại/Cốt truyện	Luồng hội thoại	Doudou	Grand Warstorm	Did you come over to play hide-and-seek with us?
lang_multi_text.db	Flow_11000001_480	3.4	Hội thoại/Cốt truyện	Luồng hội thoại	Bác Cao	Grand Warstorm	Hey, don't you be getting any of that occupational hazard or whatever they call it, all right? You're starting to look at everyone the wrong way.
lang_multi_text.db	Flow_11000001_481	3.4	Hội thoại/Cốt truyện	Luồng hội thoại	Thụy Vân	Grand Warstorm	Are you getting lonely while I'm gone? Do you want me to find someone to keep you company?
lang_multi_text.db	Flow_11000001_482	3.4	Hội thoại/Cốt truyện	Luồng hội thoại	Bác Cao	Grand Warstorm	What? What do you mean lonely? I'm just worried about my daughter!
lang_multi_text.db	Flow_11000001_483	3.4	Hội thoại/Cốt truyện	Luồng hội thoại	Thụy Vân	Grand Warstorm	Oh, come on, Dad... I'm an adult now. I can take care of myself, okay?
lang_multi_text.db	Flow_11000001_484	3.4	Hội thoại/Cốt truyện	Luồng hội thoại	Bác Cao	Grand Warstorm	Oh, no, you're not. You'll always be a child in your father's eyes.
lang_multi_text.db	Flow_11000001_485	3.4	Hội thoại/Cốt truyện	Luồng hội thoại	Phù Ước	Grand Warstorm	Jinzhou is just incredible, right? The sky's so blue, the food smells amazing, and the energy from people practicing martial arts is off the charts!
lang_multi_text.db	Flow_11000001_486	3.4	Hội thoại/Cốt truyện	Luồng hội thoại	Phù Ước	Grand Warstorm	Nope, totally new here. I thought Jinzhou was just some sleepy border town, but wow, it's blowing me away with its charm!
lang_multi_text.db	Flow_11000001_487	3.4	Hội thoại/Cốt truyện	Luồng hội thoại	Phù Ước	Grand Warstorm	And the folks here... despite dealing with all those Tacet Discords and Exiles, they still manage to whip up delicious food and build these gorgeous houses.
lang_multi_text.db	Flow_11000001_488	3.4	Hội thoại/Cốt truyện	Luồng hội thoại	Phù Ước	Grand Warstorm	Guess this is what they mean by "living life to the fullest". The moment I arrived here, I just felt like, "Yes! This is it!"
lang_multi_text.db	Flow_11000001_489	3.4	Hội thoại/Cốt truyện	Luồng hội thoại	Phù Ước	Grand Warstorm	Yeah. You know what Linglong says? "As a designer, I want to create outfits that match people's lifestyles perfectly."
lang_multi_text.db	Flow_11000001_49	3.4	Hội thoại/Cốt truyện	Luồng hội thoại		Grand Warstorm	Yep. Let's play.
lang_multi_text.db	Flow_11000001_490	3.4	Hội thoại/Cốt truyện	Luồng hội thoại	Phù Ước	Grand Warstorm	She believes clothes should not only fit your body but also uplift your mood and energy. That's why a designer thrives in places where everyone's living their best life!
lang_multi_text.db	Flow_11000001_492	3.4	Hội thoại/Cốt truyện	Luồng hội thoại	Speaker_233_Title	Grand Warstorm	Tell you what, Mister Yuanwu's got really awesome boxing moves!
lang_multi_text.db	Flow_11000001_493	3.4	Hội thoại/Cốt truyện	Luồng hội thoại	Speaker_233_Title	Grand Warstorm	He joined the Rangers after I got older, so I went ahead to take boxing lessons from Mister Yuanwu, and he'd offer me Trine Tea after each session. Man, boxing really gets your body going!
lang_multi_text.db	Flow_11000001_494	3.4	Hội thoại/Cốt truyện	Luồng hội thoại		Grand Warstorm	Can't say no to that.
lang_multi_text.db	Flow_11000001_495	3.4	Hội thoại/Cốt truyện	Luồng hội thoại	Speaker_233_Title	Grand Warstorm	Hehe. I need to put in some more practice, that way one day I can be just as strong as that girl Jianxin!
lang_multi_text.db	Flow_11000001_496	3.4	Hội thoại/Cốt truyện	Luồng hội thoại	Speaker_233_Title	Grand Warstorm	And by then, I'll be the one that's protecting my brother!
lang_multi_text.db	Flow_11000001_497	3.4	Hội thoại/Cốt truyện	Luồng hội thoại	Phiến Vũ	Grand Warstorm	Hello. How can I be of assistance?
lang_multi_text.db	Flow_11000001_499	3.4	Hội thoại/Cốt truyện	Luồng hội thoại	Phiến Vũ	Grand Warstorm	Mr. Gao is just too worried about his daughter, that's all. Understandable, that's the way parents are.
lang_multi_text.db	Flow_11000001_5	3.4	Hội thoại/Cốt truyện	Luồng hội thoại	A Thủy	Grand Warstorm	The next spot...
lang_multi_text.db	Flow_11000001_50	3.4	Hội thoại/Cốt truyện	Luồng hội thoại		Grand Warstorm	Maybe next time.
lang_multi_text.db	Flow_11000001_500	3.4	Hội thoại/Cốt truyện	Luồng hội thoại		Grand Warstorm	About Doudou and Mingming.
lang_multi_text.db	Flow_11000001_501	3.4	Hội thoại/Cốt truyện	Luồng hội thoại		Grand Warstorm	About Pianyu.
lang_multi_text.db	Flow_11000001_502	3.4	Hội thoại/Cốt truyện	Luồng hội thoại		Grand Warstorm	Well, I... I have my ways!
lang_multi_text.db	Flow_11000001_503	3.4	Hội thoại/Cốt truyện	Luồng hội thoại		Grand Warstorm	About Gaoyun and Ruiyun.
lang_multi_text.db	Flow_11000001_506	3.4	Hội thoại/Cốt truyện	Luồng hội thoại	Phiến Vũ	Grand Warstorm	Ruiyun always talked about how she wanted to go to the frontlines. Now that she's finally doing patrol duty in the residential area, it's not bad of a job actually. And Mr. Gao can also rest easy.
lang_multi_text.db	Flow_11000001_507	3.4	Hội thoại/Cốt truyện	Luồng hội thoại		Grand Warstorm	How do you know about Ruiyun?
lang_multi_text.db	Flow_11000001_508	3.4	Hội thoại/Cốt truyện	Luồng hội thoại	Phiến Vũ	Grand Warstorm	Ah, the siblings that play hide-and-seek every day. They must be having a lot of fun.
lang_multi_text.db	Flow_11000001_509	3.4	Hội thoại/Cốt truyện	Luồng hội thoại	Phiến Vũ	Grand Warstorm	It's just that Wulǔ is usually busy doing sentry duty and doesn't have time to spend with his kids.
lang_multi_text.db	Flow_11000001_51	3.4	Hội thoại/Cốt truyện	Luồng hội thoại	Minh Minh	Grand Warstorm	Whaddya say we play another round, {Male=Mister;Female=Miss}?
lang_multi_text.db	Flow_11000001_510	3.4	Hội thoại/Cốt truyện	Luồng hội thoại		Grand Warstorm	*sigh* I guess he really doesn't have much of a choice.
lang_multi_text.db	Flow_11000001_511	3.4	Hội thoại/Cốt truyện	Luồng hội thoại	Phiến Vũ	Grand Warstorm	Me? I don't mind being on patrol duty. I actually quite enjoy it, roaming around this area.
lang_multi_text.db	Flow_11000001_513	3.4	Hội thoại/Cốt truyện	Luồng hội thoại	Phiến Vũ	Grand Warstorm	I'm happy as long as I see the residents here living peacefully each day.
lang_multi_text.db	Flow_11000001_514	3.4	Hội thoại/Cốt truyện	Luồng hội thoại		Grand Warstorm	If there's anything I can help them in any way, I'd be even happier.
lang_multi_text.db	Flow_11000001_516	3.4	Hội thoại/Cốt truyện	Luồng hội thoại		Grand Warstorm	Besides, I'm an old friend of Mr. Gao's. So what's the big deal if I know a thing or two about their family?
lang_multi_text.db	Flow_11000001_517	3.4	Hội thoại/Cốt truyện	Luồng hội thoại	Doudou	Grand Warstorm	Wow! {Male=He;Female=She} managed to see through Daddy's hide-and-seek tricks!
lang_multi_text.db	Flow_11000001_518	3.4	Hội thoại/Cốt truyện	Luồng hội thoại	Minh Minh	Grand Warstorm	Ooh... I'm telling Daddy about this so he can teach us even better tricks...
lang_multi_text.db	Flow_11000001_519	3.4	Hội thoại/Cốt truyện	Luồng hội thoại	Doudou	Grand Warstorm	Our dad once survived a huge disaster using his hiding skills.
lang_multi_text.db	Flow_11000001_52	3.4	Hội thoại/Cốt truyện	Luồng hội thoại	Doudou	Grand Warstorm	I'm having so much fun playing hide-and-seek with you! I want to play more!
lang_multi_text.db	Flow_11000001_520	3.4	Hội thoại/Cốt truyện	Luồng hội thoại	Doudou	Grand Warstorm	Now he passed on those skills to us and kept training us, hoping that one day if another disaster comes we'll be able to put them to good use.
lang_multi_text.db	Flow_11000001_521	3.4	Hội thoại/Cốt truyện	Luồng hội thoại	Minh Minh	Grand Warstorm	You can learn some tricks if you play hide-and-seek with us more often!
lang_multi_text.db	Flow_11000001_523	3.4	Hội thoại/Cốt truyện	Luồng hội thoại	Doudou	Grand Warstorm	It was a good try, {Male=Mister;Female=Miss}. Our hiding skills are pretty tough to beat around here.
lang_multi_text.db	Flow_11000001_528	3.4	Hội thoại/Cốt truyện	Luồng hội thoại	Minh Minh	Grand Warstorm	Yup, we can't get caught that easily that's for sure!
lang_multi_text.db	Flow_11000001_529	3.4	Hội thoại/Cốt truyện	Luồng hội thoại	Doudou	Grand Warstorm	Our dad once survived a huge disaster using his hiding skills.
lang_multi_text.db	Flow_11000001_53	3.4	Hội thoại/Cốt truyện	Luồng hội thoại	Minh Minh	Grand Warstorm	Again, again!
lang_multi_text.db	Flow_11000001_530	3.4	Hội thoại/Cốt truyện	Luồng hội thoại	Doudou	Grand Warstorm	Now he passed on those skills to us and kept training us, hoping that one day if another disaster comes we'll be able to put them to good use.
lang_multi_text.db	Flow_11000001_531	3.4	Hội thoại/Cốt truyện	Luồng hội thoại	Minh Minh	Grand Warstorm	You can learn some tricks if you play hide-and-seek with us more often!
lang_multi_text.db	Flow_11000001_533	3.4	Hội thoại/Cốt truyện	Luồng hội thoại	Doudou	Grand Warstorm	Don't be discouraged, {Male=Mister;Female=Miss}. Our hiding skills are pretty tough to beat around here.
lang_multi_text.db	Flow_11000001_534	3.4	Hội thoại/Cốt truyện	Luồng hội thoại	Minh Minh	Grand Warstorm	Yup, we can't get caught that easily that's for sure!
lang_multi_text.db	Flow_11000001_535	3.4	Hội thoại/Cốt truyện	Luồng hội thoại	Doudou	Grand Warstorm	Daddy's hiding skills really do come in handy.
lang_multi_text.db	Flow_11000001_539	3.4	Hội thoại/Cốt truyện	Luồng hội thoại	Doudou	Grand Warstorm	You've got more than just luck on your side it looks like...
lang_multi_text.db	Flow_11000001_54	3.4	Hội thoại/Cốt truyện	Luồng hội thoại		Grand Warstorm	Let's do it.
lang_multi_text.db	Flow_11000001_540	3.4	Hội thoại/Cốt truyện	Luồng hội thoại	Doudou	Grand Warstorm	Even Daddy's hiding skills are no match when put up against sheer power.
lang_multi_text.db	Flow_11000001_541	3.4	Hội thoại/Cốt truyện	Luồng hội thoại	Minh Minh	Grand Warstorm	Ooh... I'm telling Daddy about this so he can teach us even better tricks...
lang_multi_text.db	Flow_11000001_545	3.4	Hội thoại/Cốt truyện	Luồng hội thoại	Doudou	Grand Warstorm	That's incredible! We ended the game with a tie!
lang_multi_text.db	Flow_11000001_547	3.4	Hội thoại/Cốt truyện	Luồng hội thoại	Minh Minh	Grand Warstorm	A tie!
lang_multi_text.db	Flow_11000001_548	3.4	Hội thoại/Cốt truyện	Luồng hội thoại	Doudou	Grand Warstorm	Hehe. What do you think, {Male=Mister;Female=Miss}? Did you learn a trick or two about hiding?
lang_multi_text.db	Flow_11000001_55	3.4	Hội thoại/Cốt truyện	Luồng hội thoại		Grand Warstorm	Maybe next time.
lang_multi_text.db	Flow_11000001_552	3.4	Hội thoại/Cốt truyện	Luồng hội thoại	Chú Đổng	Grand Warstorm	You guys just don't know what makes a good play!
lang_multi_text.db	Flow_11000001_553	3.4	Hội thoại/Cốt truyện	Luồng hội thoại	Chú Đổng	Grand Warstorm	Back in my day, those actors were real gluttons for hard work. And that makes them great performers.
lang_multi_text.db	Flow_11000001_554	3.4	Hội thoại/Cốt truyện	Luồng hội thoại	Tiểu Bảo	Grand Warstorm	Hurry up! It's my turn to play the big hero!
lang_multi_text.db	Flow_11000001_555	3.4	Hội thoại/Cốt truyện	Luồng hội thoại		Grand Warstorm	A hero must be patient.
lang_multi_text.db	Flow_11000001_556	3.4	Hội thoại/Cốt truyện	Luồng hội thoại		Grand Warstorm	Mom and Dad would feel troubled.
lang_multi_text.db	Flow_11000001_557	3.4	Hội thoại/Cốt truyện	Luồng hội thoại	Tiểu Bảo	Grand Warstorm	Sister Chixia told me the same thing... Are you her friend?
lang_multi_text.db	Flow_11000001_558	3.4	Hội thoại/Cốt truyện	Luồng hội thoại	Tiểu Bảo	Grand Warstorm	I-I don't have a dad, and my mom is always late...
lang_multi_text.db	Flow_11000001_559	3.4	Hội thoại/Cốt truyện	Luồng hội thoại	Tiểu Bảo	Grand Warstorm	Mom said that she would come back as soon as the Hero Play was over every day and I'll just need to concentrate on the play. But she doesn't always keep her promise...
lang_multi_text.db	Flow_11000001_560	3.4	Hội thoại/Cốt truyện	Luồng hội thoại	Tiểu Bảo	Grand Warstorm	I remember that once, my mom didn't come to pick me up when the play was over. Sister Chixia happened to pass the theater, so she bought me a big, sweet sugar figure...
lang_multi_text.db	Flow_11000001_561	3.4	Hội thoại/Cốt truyện	Luồng hội thoại	Tiểu Bảo	Grand Warstorm	She asked me if I like watching plays. I said yes and I always want to be a big hero!
lang_multi_text.db	Flow_11000001_562	3.4	Hội thoại/Cốt truyện	Luồng hội thoại	Tiểu Bảo	Grand Warstorm	And she told me that a great hero should start from small things, like waiting patiently for mom to come home.
lang_multi_text.db	Flow_11000001_563	3.4	Hội thoại/Cốt truyện	Luồng hội thoại	Tiểu Bảo	Grand Warstorm	...I know I'm being annoying. I must apologize to you and Sister Junyan!
lang_multi_text.db	Flow_11000001_564	3.4	Hội thoại/Cốt truyện	Luồng hội thoại	Tiểu Bảo	Grand Warstorm	I won't do this again. I promise I'll wait patiently for the show to start!
lang_multi_text.db	Flow_11000001_567	3.4	Hội thoại/Cốt truyện	Luồng hội thoại	Tiểu Bảo	Grand Warstorm	Sorry, I won't do it again... I'll do what you tell me and wait patiently.
lang_multi_text.db	Flow_11000001_569	3.4	Hội thoại/Cốt truyện	Luồng hội thoại	Bác Vân	Grand Warstorm	Oh, great to see you here, Xiaobao. Just behave yourself and cause less trouble to Junyan, okay?
lang_multi_text.db	Flow_11000001_570	3.4	Hội thoại/Cốt truyện	Luồng hội thoại	Thanh Hòa	Grand Warstorm	If you were the hero, enlighten me: what would possess you to pick up the Torch Sword and fight to cleanse evils?
lang_multi_text.db	Flow_11000001_572	3.4	Hội thoại/Cốt truyện	Luồng hội thoại	Thanh Hòa	Grand Warstorm	The love for family, the bond with friends... So you put a high valuation on trust between those around you.
lang_multi_text.db	Flow_11000001_573	3.4	Hội thoại/Cốt truyện	Luồng hội thoại	Thanh Hòa	Grand Warstorm	I need to double-check the props for the next scene. Can't afford to mess around with the Torch Sword...
lang_multi_text.db	Flow_11000001_574	3.4	Hội thoại/Cốt truyện	Luồng hội thoại	Thanh Hòa	Grand Warstorm	Here... Hmm, checked.
lang_multi_text.db	Flow_11000001_575	3.4	Hội thoại/Cốt truyện	Luồng hội thoại	Thanh Hòa	Grand Warstorm	And these supplies, all checked!
lang_multi_text.db	Flow_11000001_576	3.4	Hội thoại/Cốt truyện	Luồng hội thoại	Thanh Hòa	Grand Warstorm	Fiamma is ready to slay today!
lang_multi_text.db	Flow_11000001_577	3.4	Hội thoại/Cốt truyện	Luồng hội thoại	Tương Sinh	Grand Warstorm	I need to press on. With all due efforts, maybe I can play the main villain in Sister Qinghe's new play this time.
lang_multi_text.db	Flow_11000001_579	3.4	Hội thoại/Cốt truyện	Luồng hội thoại	Tương Sinh	Grand Warstorm	I'm not sure if I'm cut out for such a dazzling stage... Well, as long as I keep trying, I'll make it one day!
lang_multi_text.db	Flow_11000001_586	3.4	Hội thoại/Cốt truyện	Luồng hội thoại	Bác Vân	Grand Warstorm	I can't believe my ears. Are you actually complimenting someone?
lang_multi_text.db	Flow_11000001_587	3.4	Hội thoại/Cốt truyện	Luồng hội thoại	Chú Đổng	Grand Warstorm	I'm not done yet. That kid is quick and nimble, but his grasp of the beat is still lacking. The drummers must have a hard time.
lang_multi_text.db	Flow_11000001_588	3.4	Hội thoại/Cốt truyện	Luồng hội thoại	Chú Đổng	Grand Warstorm	Honor and responsibility can easily be confused while burdens may as well bring applause.
lang_multi_text.db	Flow_11000001_589	3.4	Hội thoại/Cốt truyện	Luồng hội thoại	Bác Vân	Grand Warstorm	Hello, can I help you?
lang_multi_text.db	Flow_11000001_590	3.4	Hội thoại/Cốt truyện	Luồng hội thoại	Tiểu Bảo	Grand Warstorm	Let's watch the show!
lang_multi_text.db	Flow_11000001_591	3.4	Hội thoại/Cốt truyện	Luồng hội thoại	Thanh Hòa	Grand Warstorm	Once I pick up the Torch Sword... Oops, sorry, I was just rehearsing. What can I do for you?
lang_multi_text.db	Flow_11000001_592	3.4	Hội thoại/Cốt truyện	Luồng hội thoại	Thanh Hòa	Grand Warstorm	Hello, can I help you?
lang_multi_text.db	Flow_11000001_593	3.4	Hội thoại/Cốt truyện	Luồng hội thoại	Tuấn Nghiên	Grand Warstorm	I know how desperate he wants to see the show, but he's being annoying now... Oh, hello. Is there anything I can help?
lang_multi_text.db	Flow_11000001_594	3.4	Hội thoại/Cốt truyện	Luồng hội thoại	Tuấn Nghiên	Grand Warstorm	Sister Qinghe is really amazing, don't you think?
lang_multi_text.db	Flow_11000001_595	3.4	Hội thoại/Cốt truyện	Luồng hội thoại	Tương Sinh	Grand Warstorm	When can I get on stage... Huh? Hello, can I help you?
lang_multi_text.db	Flow_11000001_596	3.4	Hội thoại/Cốt truyện	Luồng hội thoại	Vinh Thanh	Grand Warstorm	The penjing here is meticulously crafted to blend in with the Institute's surroundings. Plucking any of these flowers would throw off the entire aesthetic.
lang_multi_text.db	Flow_11000001_597	3.4	Hội thoại/Cốt truyện	Luồng hội thoại	Vinh Thanh	Grand Warstorm	If you love these flowers, feel free to come and enjoy their beauty, but please don't destroy my design.
lang_multi_text.db	Flow_11000001_598	3.4	Hội thoại/Cốt truyện	Luồng hội thoại	Vinh Thanh	Grand Warstorm	It's the most cherished penjing in our store, meticulously designed and crafted by Ms. Verina herself! It's truly one-of-a-kind!
lang_multi_text.db	Flow_11000001_599	3.4	Hội thoại/Cốt truyện	Luồng hội thoại	Vinh Thanh	Grand Warstorm	Hmm... how can I make this penjing more alive...
lang_multi_text.db	Flow_11000001_6	3.4	Hội thoại/Cốt truyện	Luồng hội thoại	A Thủy	Grand Warstorm	Doable, but feels like it's missing something...
lang_multi_text.db	Flow_11000001_60	3.4	Hội thoại/Cốt truyện	Luồng hội thoại	Minh Minh	Grand Warstorm	Best of three. It's a tie game so far...
lang_multi_text.db	Flow_11000001_600	3.4	Hội thoại/Cốt truyện	Luồng hội thoại	Vinh Thanh	Grand Warstorm	Maybe I can put a pebble here, some moss there, and then add a miniature penjing...?
lang_multi_text.db	Flow_11000001_601	3.4	Hội thoại/Cốt truyện	Luồng hội thoại	Vinh Thanh	Grand Warstorm	Darn it. No matter how I craft it, it still looks so artificial.
lang_multi_text.db	Flow_11000001_602	3.4	Hội thoại/Cốt truyện	Luồng hội thoại	Vinh Thanh	Grand Warstorm	How does Ms. Verina manage to make her penjings look so naturally dynamic? What's her secret?
lang_multi_text.db	Flow_11000001_603	3.4	Hội thoại/Cốt truyện	Luồng hội thoại	Vinh Thanh	Grand Warstorm	The next time she swings by, I'll have to figure it out.
lang_multi_text.db	Flow_11000001_604	3.4	Hội thoại/Cốt truyện	Luồng hội thoại		Grand Warstorm	Let her make her own decision. It's her life.
lang_multi_text.db	Flow_11000001_605	3.4	Hội thoại/Cốt truyện	Luồng hội thoại	Speaker_784_Title	Grand Warstorm	Perhaps I ought to let her make her own decisions, though. She's not a child anymore.
lang_multi_text.db	Flow_11000001_606	3.4	Hội thoại/Cốt truyện	Luồng hội thoại		Grand Warstorm	Maybe you should let her do what she wants.
lang_multi_text.db	Flow_11000001_607	3.4	Hội thoại/Cốt truyện	Luồng hội thoại	Speaker_784_Title	Grand Warstorm	Jewel Boba, timeless taste! Welcome to come in and give it a try!
lang_multi_text.db	Flow_11000001_608	3.4	Hội thoại/Cốt truyện	Luồng hội thoại	Sóc Nguyệt	Grand Warstorm	New release! Freshly brewed and suitable for all ages! Come in and give it a taste! You won't be disappointed!
lang_multi_text.db	Flow_11000001_61	3.4	Hội thoại/Cốt truyện	Luồng hội thoại	Minh Minh	Grand Warstorm	The next round will decide the winner!
lang_multi_text.db	Flow_11000001_611	3.4	Hội thoại/Cốt truyện	Luồng hội thoại		Grand Warstorm	You're not from around here?
lang_multi_text.db	Flow_11000001_612	3.4	Hội thoại/Cốt truyện	Luồng hội thoại		Grand Warstorm	"Yes! This is it!"?
lang_multi_text.db	Flow_11000001_613	3.4	Hội thoại/Cốt truyện	Luồng hội thoại	Phù Ước	Grand Warstorm	No wonder Linglong chose to open a branch here.
lang_multi_text.db	Flow_11000001_614	3.4	Hội thoại/Cốt truyện	Luồng hội thoại	Phù Ước	Grand Warstorm	Wait, you haven't heard of her? She's a total fashion icon! Her brand "Longyue" is like a global sensation. People literally camp out to get their hands on her latest drops.
lang_multi_text.db	Flow_11000001_615	3.4	Hội thoại/Cốt truyện	Luồng hội thoại	Phù Ước	Grand Warstorm	Linglong aims to make fashion more exciting and accessible. That's why she's opening up stores all over the world!
lang_multi_text.db	Flow_11000001_616	3.4	Hội thoại/Cốt truyện	Luồng hội thoại	Phù Ước	Grand Warstorm	Guess what? Longyue, Linglong's original brand, is making its way to Jinzhou soon!
lang_multi_text.db	Flow_11000001_617	3.4	Hội thoại/Cốt truyện	Luồng hội thoại	Speaker_98_Title	Grand Warstorm	Come take a look at our official merchs!
lang_multi_text.db	Flow_11000001_618	3.4	Hội thoại/Cốt truyện	Luồng hội thoại	Speaker_98_Title	Grand Warstorm	Welcome! Our products are meticulously designed by our Association members. Found anything that catches your eyes?
lang_multi_text.db	Flow_11000001_619	3.4	Hội thoại/Cốt truyện	Luồng hội thoại	Speaker_98_Title	Grand Warstorm	Check out the frosty mountain badge crafted from Hoartoise shells, it even feels a bit icy when touched!
lang_multi_text.db	Flow_11000001_62	3.4	Hội thoại/Cốt truyện	Luồng hội thoại	Doudou	Grand Warstorm	Whaddya say we play another round, {Male=Mister;Female=Miss}?
lang_multi_text.db	Flow_11000001_620	3.4	Hội thoại/Cốt truyện	Luồng hội thoại	Speaker_98_Title	Grand Warstorm	We also have a fun Roseshroom ink case. Just tap the button right here, and... it sprays out ink like the real thing!
lang_multi_text.db	Flow_11000001_621	3.4	Hội thoại/Cốt truyện	Luồng hội thoại	Speaker_98_Title	Grand Warstorm	What do you say? Cute, isn't it?
lang_multi_text.db	Flow_11000001_622	3.4	Hội thoại/Cốt truyện	Luồng hội thoại	Speaker_98_Title	Grand Warstorm	What would you like today?
lang_multi_text.db	Flow_11000001_623	3.4	Hội thoại/Cốt truyện	Luồng hội thoại	Speaker_98_Title	Grand Warstorm	Sorry, but you can't redeem this yet...
lang_multi_text.db	Flow_11000001_624	3.4	Hội thoại/Cốt truyện	Luồng hội thoại	Speaker_98_Title	Grand Warstorm	Great choice! I love that too.
lang_multi_text.db	Flow_11000001_625	3.4	Hội thoại/Cốt truyện	Luồng hội thoại	Speaker_783_Title	Grand Warstorm	We didn't take advantage of them, right?
lang_multi_text.db	Flow_11000001_626	3.4	Hội thoại/Cốt truyện	Luồng hội thoại	Phù Kiên	Grand Warstorm	Dad, trust me. We didn't take any advantage. We've been loyal customers, and with my staff discount, this is the right price.
lang_multi_text.db	Flow_11000001_627	3.4	Hội thoại/Cốt truyện	Luồng hội thoại	Speaker_783_Title	Grand Warstorm	Good, good. Remember, son, fair play keeps the business rolling.
lang_multi_text.db	Flow_11000001_628	3.4	Hội thoại/Cốt truyện	Luồng hội thoại	Speaker_786_Title	Grand Warstorm	Hello dear, what kind of penjing are you looking for?
lang_multi_text.db	Flow_11000001_629	3.4	Hội thoại/Cốt truyện	Luồng hội thoại	Speaker_786_Title	Grand Warstorm	Just take your time. Let me know if anything catches your eye.
lang_multi_text.db	Flow_11000001_63	3.4	Hội thoại/Cốt truyện	Luồng hội thoại		Grand Warstorm	Yep.
lang_multi_text.db	Flow_11000001_630	3.4	Hội thoại/Cốt truyện	Luồng hội thoại	Speaker_786_Title	Grand Warstorm	Well, most penjings are made of plants, but... I've heard rumors that some Remnant Creatures can be used in them too.
lang_multi_text.db	Flow_11000001_631	3.4	Hội thoại/Cốt truyện	Luồng hội thoại	Speaker_786_Title	Grand Warstorm	Yes, some of those creatures look just like ordinary plants, but they're something else entirely
lang_multi_text.db	Flow_11000001_632	3.4	Hội thoại/Cốt truyện	Luồng hội thoại		Grand Warstorm	Are all the penjings made with plants?
lang_multi_text.db	Flow_11000001_633	3.4	Hội thoại/Cốt truyện	Luồng hội thoại		Grand Warstorm	Just looking around.
lang_multi_text.db	Flow_11000001_634	3.4	Hội thoại/Cốt truyện	Luồng hội thoại		Grand Warstorm	Remnant Creatures?
lang_multi_text.db	Flow_11000001_635	3.4	Hội thoại/Cốt truyện	Luồng hội thoại	Speaker_786_Title	Grand Warstorm	But after all these years running this shop, I've yet to come across one made of those Remnant Creatures.
lang_multi_text.db	Flow_11000001_636	3.4	Hội thoại/Cốt truyện	Luồng hội thoại	Speaker_786_Title	Grand Warstorm	Probably just a tale. This old lady is just rambling. Don't take it seriously, my dear.
lang_multi_text.db	Flow_11000001_637	3.4	Hội thoại/Cốt truyện	Luồng hội thoại	Speaker_125_Title	Grand Warstorm	*sigh* Medicinal dishes are even harder to make than I expected.
lang_multi_text.db	Flow_11000001_638	3.4	Hội thoại/Cốt truyện	Luồng hội thoại	Speaker_125_Title	Grand Warstorm	Hello. What type of medicine are you looking for today? I might be able to make it taste good.
lang_multi_text.db	Flow_11000001_639	3.4	Hội thoại/Cốt truyện	Luồng hội thoại	Speaker_125_Title	Grand Warstorm	Looks like you don't have enough credits yet. Hmm... I'll be working on a cheaper alternative for you!
lang_multi_text.db	Flow_11000001_64	3.4	Hội thoại/Cốt truyện	Luồng hội thoại		Grand Warstorm	I've still got other things to do. Maybe next time.
lang_multi_text.db	Flow_11000001_640	3.4	Hội thoại/Cốt truyện	Luồng hội thoại	Speaker_125_Title	Grand Warstorm	Be sure to pay close attention to the contraindication and side effects of your medication!
lang_multi_text.db	Flow_11000001_641	3.4	Hội thoại/Cốt truyện	Luồng hội thoại	Speaker_125_Title	Grand Warstorm	Yeah, I've been trying to make better Caltrop Soup.
lang_multi_text.db	Flow_11000001_642	3.4	Hội thoại/Cốt truyện	Luồng hội thoại	Speaker_125_Title	Grand Warstorm	But it's tough finding the right mix of health benefits and flavor.
lang_multi_text.db	Flow_11000001_643	3.4	Hội thoại/Cốt truyện	Luồng hội thoại	Speaker_125_Title	Grand Warstorm	I might need to look for new ideas and adjust the recipe a bit.
lang_multi_text.db	Flow_11000001_644	3.4	Hội thoại/Cốt truyện	Luồng hội thoại		Grand Warstorm	Something's bothering you?
lang_multi_text.db	Flow_11000001_645	3.4	Hội thoại/Cốt truyện	Luồng hội thoại		Grand Warstorm	Why all the effort?
lang_multi_text.db	Flow_11000001_646	3.4	Hội thoại/Cốt truyện	Luồng hội thoại	Speaker_125_Title	Grand Warstorm	"Good medicine tastes bitter", they say, but  it's important to make it easier for patients to take.
lang_multi_text.db	Flow_11000001_647	3.4	Hội thoại/Cốt truyện	Luồng hội thoại	Speaker_125_Title	Grand Warstorm	That's why I focus on making medicinal dishes that taste delicious and are still effective in treating illnesses.
lang_multi_text.db	Flow_11000001_648	3.4	Hội thoại/Cốt truyện	Luồng hội thoại	Speaker_125_Title	Grand Warstorm	I once made some medicine pancakes with Lemongrass and Caltrop. They were a real hit!
lang_multi_text.db	Flow_11000001_649	3.4	Hội thoại/Cốt truyện	Luồng hội thoại		Grand Warstorm	That's impressive.
lang_multi_text.db	Flow_11000001_65	3.4	Hội thoại/Cốt truyện	Luồng hội thoại	Minh Minh	Grand Warstorm	*chuckle* We won!
lang_multi_text.db	Flow_11000001_650	3.4	Hội thoại/Cốt truyện	Luồng hội thoại	Speaker_125_Title	Grand Warstorm	Hehe. Just doing what I'm supposed to do as the owner of a pharmacy!
lang_multi_text.db	Flow_11000001_651	3.4	Hội thoại/Cốt truyện	Luồng hội thoại		Grand Warstorm	...Maybe they're from another universe.
lang_multi_text.db	Flow_11000001_652	3.4	Hội thoại/Cốt truyện	Luồng hội thoại		Grand Warstorm	Is it from a famous Hero Play?
lang_multi_text.db	Flow_11000001_653	3.4	Hội thoại/Cốt truyện	Luồng hội thoại	Phức Sâm	Grand Warstorm	Maybe... It's been ages since I watched a Hero Play. Work's been non-stop.
lang_multi_text.db	Flow_11000001_654	3.4	Hội thoại/Cốt truyện	Luồng hội thoại	Phức Sâm	Grand Warstorm	Anyway, enough chatter. Time to hustle and get these packages where they need to be.
lang_multi_text.db	Flow_11000001_655	3.4	Hội thoại/Cốt truyện	Luồng hội thoại	Phức Sâm	Grand Warstorm	Can't afford to mess up our reputation as "We Promise, We Deliver".
lang_multi_text.db	Flow_11000001_656	3.4	Hội thoại/Cốt truyện	Luồng hội thoại	Lang Sinh	Grand Warstorm	Yeah. I'm not someone with great ambitions. Just wanna live a peaceful life.
lang_multi_text.db	Flow_11000001_657	3.4	Hội thoại/Cốt truyện	Luồng hội thoại	Lang Sinh	Grand Warstorm	There's nothing quite like being on duty in a bustling commercial area. All that time I spent applying for this job feels worth it.
lang_multi_text.db	Flow_11000001_658	3.4	Hội thoại/Cốt truyện	Luồng hội thoại		Grand Warstorm	You volunteered to come here?
lang_multi_text.db	Flow_11000001_659	3.4	Hội thoại/Cốt truyện	Luồng hội thoại	Lang Sinh	Grand Warstorm	Look around. Business is booming, and it's all thanks to Patrollers like us!
lang_multi_text.db	Flow_11000001_66	3.4	Hội thoại/Cốt truyện	Luồng hội thoại	Doudou	Grand Warstorm	We grew up around here and know the streets at the back of our hands. It's okay if it was hard for you to find us.
lang_multi_text.db	Flow_11000001_660	3.4	Hội thoại/Cốt truyện	Luồng hội thoại		Grand Warstorm	Indeed, that's true.
lang_multi_text.db	Flow_11000001_661	3.4	Hội thoại/Cốt truyện	Luồng hội thoại	Lang Sinh	Grand Warstorm	Haha, thanks. If you ever run into trouble, no need to argue.
lang_multi_text.db	Flow_11000001_662	3.4	Hội thoại/Cốt truyện	Luồng hội thoại	Lang Sinh	Grand Warstorm	Just say my name and everything will be smoothed over.
lang_multi_text.db	Flow_11000001_663	3.4	Hội thoại/Cốt truyện	Luồng hội thoại	Lang Sinh	Grand Warstorm	Don't worry. I'm a man of connections.
lang_multi_text.db	Flow_11000001_664	3.4	Hội thoại/Cốt truyện	Luồng hội thoại	Phẩm Văn	Grand Warstorm	Sorry, fully focused on my molecular cuisine right now. Please don't talk to me.
lang_multi_text.db	Flow_11000001_665	3.4	Hội thoại/Cốt truyện	Luồng hội thoại	Phẩm Văn	Grand Warstorm	By extracting them, the fruit's sweetness is kept intact. Take a bite of the boba, and you'll feel the burst of fresh juice in your mouth!
lang_multi_text.db	Flow_11000001_666	3.4	Hội thoại/Cốt truyện	Luồng hội thoại	Phẩm Văn	Grand Warstorm	I always knew using molecular gastronomy for dessert soups would be a hit! Haha, glad my efforts paid off.
lang_multi_text.db	Flow_11000001_667	3.4	Hội thoại/Cốt truyện	Luồng hội thoại	Phẩm Văn	Grand Warstorm	Getting the right balance of each ingredient is like doing research. It takes dedication and time. Every little step makes a difference.
lang_multi_text.db	Flow_11000001_668	3.4	Hội thoại/Cốt truyện	Luồng hội thoại	Phẩm Văn	Grand Warstorm	You know what? Seeing my customers' smiles is as rewarding as getting published in a top-tier journal.
lang_multi_text.db	Flow_11000001_669	3.4	Hội thoại/Cốt truyện	Luồng hội thoại	Phẩm Văn	Grand Warstorm	Come on, don't miss out on trying Jewel Boba's new release, "Chewy-Gummy-Yummy SweeTEA"!
lang_multi_text.db	Flow_11000001_67	3.4	Hội thoại/Cốt truyện	Luồng hội thoại	Doudou	Grand Warstorm	Plus Mingming and I play hide-and-seek all the time, so we get a lot of practice...
lang_multi_text.db	Flow_11000001_670	3.4	Hội thoại/Cốt truyện	Luồng hội thoại	Bối Tế	Grand Warstorm	What should I do now...
lang_multi_text.db	Flow_11000001_671	3.4	Hội thoại/Cốt truyện	Luồng hội thoại	Bối Tế	Grand Warstorm	I've been worrying about my sister lately. Not sure what to do to lift her spirits...
lang_multi_text.db	Flow_11000001_672	3.4	Hội thoại/Cốt truyện	Luồng hội thoại	Bối Tế	Grand Warstorm	Thanks. You and Lingyang helped me see what the "Jingle Beast" truly is.
lang_multi_text.db	Flow_11000001_673	3.4	Hội thoại/Cốt truyện	Luồng hội thoại	Bối Tế	Grand Warstorm	Tried everything to make her happy, but nothing seemed to work...
lang_multi_text.db	Flow_11000001_674	3.4	Hội thoại/Cốt truyện	Luồng hội thoại	Bối Tế	Grand Warstorm	Looks like there's only one way left... Bring back the "Jingle Beast" by any means necessary!
lang_multi_text.db	Flow_11000001_675	3.4	Hội thoại/Cốt truyện	Luồng hội thoại	Bối Tế	Grand Warstorm	Though it may be a bit dangerous, I'll do whatever it takes to cheer my little sister up!
lang_multi_text.db	Flow_11000001_676	3.4	Hội thoại/Cốt truyện	Luồng hội thoại	Bối Tế	Grand Warstorm	Being a "Jingle Beast" doesn't require one to be physically strong or do risky things...
lang_multi_text.db	Flow_11000001_678	3.4	Hội thoại/Cốt truyện	Luồng hội thoại	Thư Vân	Grand Warstorm	Hello there, would you like a cup of our special Shuyun Herbal Tea?
lang_multi_text.db	Flow_11000001_679	3.4	Hội thoại/Cốt truyện	Luồng hội thoại	Thư Vân	Grand Warstorm	Shuyun Herbal Tea, refreshing and heat-clearing!
lang_multi_text.db	Flow_11000001_68	3.4	Hội thoại/Cốt truyện	Luồng hội thoại	Minh Minh	Grand Warstorm	Hide-and-seek is so much fun! I wanna play more!
lang_multi_text.db	Flow_11000001_680	3.4	Hội thoại/Cốt truyện	Luồng hội thoại	Thư Vân	Grand Warstorm	Brewed from carefully chosen herbs, it's the perfect remedy for clearing away the heat.
lang_multi_text.db	Flow_11000001_681	3.4	Hội thoại/Cốt truyện	Luồng hội thoại	Thư Vân	Grand Warstorm	While traditional herbal teas can be bitter, mine are sweet and refreshing!
lang_multi_text.db	Flow_11000001_682	3.4	Hội thoại/Cốt truyện	Luồng hội thoại	Thư Vân	Grand Warstorm	You know, it was quite a journey to find just the right herb to make herbal teas.
lang_multi_text.db	Flow_11000001_683	3.4	Hội thoại/Cốt truyện	Luồng hội thoại		Grand Warstorm	But I've heard those heat-clearing herbal teas are bitter...
lang_multi_text.db	Flow_11000001_684	3.4	Hội thoại/Cốt truyện	Luồng hội thoại	Thư Vân	Grand Warstorm	By adding it, I've not only boosted the tea's effects but also toned down the bitterness, making it much easier to enjoy.
lang_multi_text.db	Flow_11000001_685	3.4	Hội thoại/Cốt truyện	Luồng hội thoại		Grand Warstorm	Then, why not tell me what that herb is?
lang_multi_text.db	Flow_11000001_686	3.4	Hội thoại/Cốt truyện	Luồng hội thoại	Thư Vân	Grand Warstorm	Ahem, that's my secret recipe! Can't give that away to anyone!
lang_multi_text.db	Flow_11000001_687	3.4	Hội thoại/Cốt truyện	Luồng hội thoại	Doudou	Grand Warstorm	Hurray! Let's start the game!
lang_multi_text.db	Flow_11000001_688	3.4	Hội thoại/Cốt truyện	Luồng hội thoại		Grand Warstorm	Hide-and-seek! Hide-and-seek!
lang_multi_text.db	Flow_11000001_689	3.4	Hội thoại/Cốt truyện	Luồng hội thoại	Bà Giác	Grand Warstorm	With you fighting on the frontlines protecting us, we old people are doing just fine.
lang_multi_text.db	Flow_11000001_69	3.4	Hội thoại/Cốt truyện	Luồng hội thoại		Grand Warstorm	Sure. Let's play another game.
lang_multi_text.db	Flow_11000001_690	3.4	Hội thoại/Cốt truyện	Luồng hội thoại	Bà Giác	Grand Warstorm	You should take care of yourself and get more rest. There's no need for you to visit every day.
lang_multi_text.db	Flow_11000001_691	3.4	Hội thoại/Cốt truyện	Luồng hội thoại	Bà Giác	Grand Warstorm	With you fighting on the frontlines protecting us, we old people are doing just fine.
lang_multi_text.db	Flow_11000001_692	3.4	Hội thoại/Cốt truyện	Luồng hội thoại		Grand Warstorm	Let's do it.
lang_multi_text.db	Flow_11000001_693	3.4	Hội thoại/Cốt truyện	Luồng hội thoại	Bà Giác	Grand Warstorm	*sigh*... If it weren't for my age, I'd want to go up there and have a look for myself...
lang_multi_text.db	Flow_11000001_694	3.4	Hội thoại/Cốt truyện	Luồng hội thoại	Bà Giác	Grand Warstorm	{Male=Young man;Female=Young lady}. Can you help an old lady find Guhong?
lang_multi_text.db	Flow_11000001_695	3.4	Hội thoại/Cốt truyện	Luồng hội thoại		Grand Warstorm	Sure thing, ma'am.
lang_multi_text.db	Flow_11000001_696	3.4	Hội thoại/Cốt truyện	Luồng hội thoại	Bà Giác	Grand Warstorm	Thank you. Do be careful on your way.
lang_multi_text.db	Flow_11000001_698	3.4	Hội thoại/Cốt truyện	Luồng hội thoại		Grand Warstorm	Leave it to me.
lang_multi_text.db	Flow_11000001_699	3.4	Hội thoại/Cốt truyện	Luồng hội thoại	Thi Vũ	Grand Warstorm	I can't thank you enough. As you can see, I'm still on my sentry duty and cannot leave the post unattended, so I have no choice but to leave the task to you.
lang_multi_text.db	Flow_11000001_70	3.4	Hội thoại/Cốt truyện	Luồng hội thoại		Grand Warstorm	I've still got other things to do. Maybe next time.
lang_multi_text.db	Flow_11000001_702	3.4	Hội thoại/Cốt truyện	Luồng hội thoại		Grand Warstorm	We're not out of the woods yet. We should head back to Jinzhou.
lang_multi_text.db	Flow_11000001_703	3.4	Hội thoại/Cốt truyện	Luồng hội thoại	Speaker_233_Title	Grand Warstorm	See these muscles? I bet you wouldn't even believe it if I told you I used to get sick all the time back in the day. I wouldn't even be here if it weren't for my bigger brother looking after me.
lang_multi_text.db	Flow_11000001_704	3.4	Hội thoại/Cốt truyện	Luồng hội thoại	Quảng Hội	Grand Warstorm	Would you look at the size of these puffy white dumplings? Don't they just make your day!
lang_multi_text.db	Flow_11000001_705	3.4	Hội thoại/Cốt truyện	Luồng hội thoại	Quảng Hội	Grand Warstorm	It's been a while with Aming not around. But here I am, still keeping this here food stall running on my own.
lang_multi_text.db	Flow_11000001_706	3.4	Hội thoại/Cốt truyện	Luồng hội thoại		Grand Warstorm	Aming?
lang_multi_text.db	Flow_11000001_707	3.4	Hội thoại/Cốt truyện	Luồng hội thoại	Quảng Hội	Grand Warstorm	He's my other half.
lang_multi_text.db	Flow_11000001_708	3.4	Hội thoại/Cốt truyện	Luồng hội thoại	Quảng Hội	Grand Warstorm	The two of us used to run this food stall together. But now I'm the only one left.
lang_multi_text.db	Flow_11000001_709	3.4	Hội thoại/Cốt truyện	Luồng hội thoại		Grand Warstorm	Sorry for asking...
lang_multi_text.db	Flow_11000001_710	3.4	Hội thoại/Cốt truyện	Luồng hội thoại		Grand Warstorm	I'm sorry for your loss.
lang_multi_text.db	Flow_11000001_711	3.4	Hội thoại/Cốt truyện	Luồng hội thoại	Quảng Hội	Grand Warstorm	Oh, don't be. It's all a thing of the past.
lang_multi_text.db	Flow_11000001_712	3.4	Hội thoại/Cốt truyện	Luồng hội thoại	Quảng Hội	Grand Warstorm	With this food stall still here, and the stream running up the air per usual. It's as if nothing's changed.
lang_multi_text.db	Flow_11000001_713	3.4	Hội thoại/Cốt truyện	Luồng hội thoại	Speaker_29_Title	Grand Warstorm	Thanks to my kind patrons, this small relic business of mine has been thriving despite having no storefront.
lang_multi_text.db	Flow_11000001_714	3.4	Hội thoại/Cốt truyện	Luồng hội thoại	Speaker_29_Title	Grand Warstorm	Well, if this isn't the insightful Rover? Here to support my business with more Sonance Caskets again?
lang_multi_text.db	Flow_11000001_715	3.4	Hội thoại/Cốt truyện	Luồng hội thoại		Grand Warstorm	Are Sonance Caskets valuable?
lang_multi_text.db	Flow_11000001_716	3.4	Hội thoại/Cốt truyện	Luồng hội thoại	Speaker_29_Title	Grand Warstorm	"Value" is a complex term. In the business world, money talks. But once it becomes the sole measure of worth, we must proceed with caution.
lang_multi_text.db	Flow_11000001_717	3.4	Hội thoại/Cốt truyện	Luồng hội thoại	Speaker_29_Title	Grand Warstorm	A mutually beneficial agreement is what I strive for.
lang_multi_text.db	Flow_11000001_718	3.4	Hội thoại/Cốt truyện	Luồng hội thoại	Speaker_29_Title	Grand Warstorm	One's discarded items can hold great value for another, especially in my line of work as a collector of relics.
lang_multi_text.db	Flow_11000001_719	3.4	Hội thoại/Cốt truyện	Luồng hội thoại	Speaker_29_Title	Grand Warstorm	Should you come across any Sonance Caskets in your travels, I'd gladly take them off your hands for a price that'll make it worth your while.
lang_multi_text.db	Flow_11000001_72	3.4	Hội thoại/Cốt truyện	Luồng hội thoại	Minh Minh	Grand Warstorm	Yeah! We won two rounds in a row!
lang_multi_text.db	Flow_11000001_720	3.4	Hội thoại/Cốt truyện	Luồng hội thoại	Speaker_29_Title	Grand Warstorm	Remember to stop and look around as you explore. Maybe there are ancient relics on those faraway mountains. Who knows?
lang_multi_text.db	Flow_11000001_721	3.4	Hội thoại/Cốt truyện	Luồng hội thoại	Speaker_29_Title	Grand Warstorm	Sorry, I'm closed for today, Come back tomorrow during regular hours, will you?
lang_multi_text.db	Flow_11000001_722	3.4	Hội thoại/Cốt truyện	Luồng hội thoại	Speaker_29_Title	Grand Warstorm	Every small discovery adds up to the bigger picture. Today's findings can lead us to uncover age-old mysteries about human civilization.
lang_multi_text.db	Flow_11000001_723	3.4	Hội thoại/Cốt truyện	Luồng hội thoại	Speaker_29_Title	Grand Warstorm	Giving relics the chance to see the light of day again. Now that's the joy of doing business... See? Even Bajiao's getting excited.
lang_multi_text.db	Flow_11000001_724	3.4	Hội thoại/Cốt truyện	Luồng hội thoại	Speaker_834_Title	Grand Warstorm	Thanks to the patronage from my lovely neighbors, Liuxian Teahouse is still driving after all these years.
lang_multi_text.db	Flow_11000001_725	3.4	Hội thoại/Cốt truyện	Luồng hội thoại	Speaker_834_Title	Grand Warstorm	When a regular customer enters the teahouse and sit down with their teacup ready, I would know exactly what tea they want to have.
lang_multi_text.db	Flow_11000001_726	3.4	Hội thoại/Cốt truyện	Luồng hội thoại	Speaker_834_Title	Grand Warstorm	Chenpi likes to have Pu'er, Pianyu prefers white tea, and as for Master Yuanwu...
lang_multi_text.db	Flow_11000001_727	3.4	Hội thoại/Cốt truyện	Luồng hội thoại	Speaker_834_Title	Grand Warstorm	I'd roast some fresh Trine Tea myself every day, wrap it in oil paper, and then bring it over to his boxing gym.
lang_multi_text.db	Flow_11000001_728	3.4	Hội thoại/Cốt truyện	Luồng hội thoại	Speaker_834_Title	Grand Warstorm	It's a blend Master Yuanwu devised himself. I usually pick the tea leaves and roast them here at the teahouse.
lang_multi_text.db	Flow_11000001_729	3.4	Hội thoại/Cốt truyện	Luồng hội thoại	Speaker_834_Title	Grand Warstorm	Sometimes I feel that relationships between people are like tea leaves. The more they are encompassed in warmth, the more fragrant they become.
lang_multi_text.db	Flow_11000001_73	3.4	Hội thoại/Cốt truyện	Luồng hội thoại	Doudou	Grand Warstorm	We grew up around here and Daddy taught us plenty of hiding skills. It's okay if it was hard for you to find us.
lang_multi_text.db	Flow_11000001_730	3.4	Hội thoại/Cốt truyện	Luồng hội thoại	Speaker_233_Title	Grand Warstorm	The lost heart is like a flower blooming alone in the Dim Forest. Its scarlet color remains, but fragile and indistinct, with scars running down its body.
lang_multi_text.db	Flow_11000001_731	3.4	Hội thoại/Cốt truyện	Luồng hội thoại	Speaker_233_Title	Grand Warstorm	Eek! You startled me for a moment there... If it isn't the Night Champion, {PlayerName}?
lang_multi_text.db	Flow_11000001_732	3.4	Hội thoại/Cốt truyện	Luồng hội thoại		Grand Warstorm	Are you reciting a poem?
lang_multi_text.db	Flow_11000001_733	3.4	Hội thoại/Cốt truyện	Luồng hội thoại	Speaker_233_Title	Grand Warstorm	Through fading thorns, has the hero finally arrived to rescue the maiden wounded by the spikes?
lang_multi_text.db	Flow_11000001_734	3.4	Hội thoại/Cốt truyện	Luồng hội thoại		Grand Warstorm	You must've gotten the wrong person.
lang_multi_text.db	Flow_11000001_735	3.4	Hội thoại/Cốt truyện	Luồng hội thoại	Speaker_233_Title	Grand Warstorm	Have I? It seems that the dusty memories cannot be awakened by a single sentiment after all.
lang_multi_text.db	Flow_11000001_736	3.4	Hội thoại/Cốt truyện	Luồng hội thoại	Speaker_233_Title	Grand Warstorm	You and I are like two meteors flying off in opposite directions, only til we fall can we seek redemption from the sins of convergence...
lang_multi_text.db	Flow_11000001_737	3.4	Hội thoại/Cốt truyện	Luồng hội thoại		Grand Warstorm	...
lang_multi_text.db	Flow_11000001_738	3.4	Hội thoại/Cốt truyện	Luồng hội thoại		Grand Warstorm	For family and friends.
lang_multi_text.db	Flow_11000001_739	3.4	Hội thoại/Cốt truyện	Luồng hội thoại		Grand Warstorm	For money and honor.
lang_multi_text.db	Flow_11000001_74	3.4	Hội thoại/Cốt truyện	Luồng hội thoại	Minh Minh	Grand Warstorm	Hide-and-seek is so much fun! I wanna play more!
lang_multi_text.db	Flow_11000001_740	3.4	Hội thoại/Cốt truyện	Luồng hội thoại		Grand Warstorm	No reason.
lang_multi_text.db	Flow_11000001_741	3.4	Hội thoại/Cốt truyện	Luồng hội thoại		Grand Warstorm	Exorcise demons and monsters and become an undying legend... You're seeking the right stuff!
lang_multi_text.db	Flow_11000001_742	3.4	Hội thoại/Cốt truyện	Luồng hội thoại		Grand Warstorm	Oh? But I see a firm and pure determination in your eyes. I guess it's not that you don't have a reason, but you're always ready to lend a hand, right?
lang_multi_text.db	Flow_11000001_743	3.4	Hội thoại/Cốt truyện	Luồng hội thoại	Thanh Hòa	Grand Warstorm	So that's how it is... Wait, I've got an idea! Thanks, I'll get back to my rehearsal.
lang_multi_text.db	Flow_11000001_744	3.4	Hội thoại/Cốt truyện	Luồng hội thoại		Grand Warstorm	Indeed, I am.
lang_multi_text.db	Flow_11000001_745	3.4	Hội thoại/Cốt truyện	Luồng hội thoại		Grand Warstorm	About Jinzhou Theater...
lang_multi_text.db	Flow_11000001_746	3.4	Hội thoại/Cốt truyện	Luồng hội thoại		Grand Warstorm	About Hero Play...
lang_multi_text.db	Flow_11000001_747	3.4	Hội thoại/Cốt truyện	Luồng hội thoại		Grand Warstorm	About the play...
lang_multi_text.db	Flow_11000001_748	3.4	Hội thoại/Cốt truyện	Luồng hội thoại		Grand Warstorm	Nothing.
lang_multi_text.db	Flow_11000001_749	3.4	Hội thoại/Cốt truyện	Luồng hội thoại	Thanh Hòa	Grand Warstorm	Next up, the Torch Sword! Let its flames burn, let the sparks fly and lighten up tonight!
lang_multi_text.db	Flow_11000001_75	3.4	Hội thoại/Cốt truyện	Luồng hội thoại		Grand Warstorm	Another game it is then.
lang_multi_text.db	Flow_11000001_750	3.4	Hội thoại/Cốt truyện	Luồng hội thoại		Grand Warstorm	Sorry, I got carried away again. Please forgive my manners.
lang_multi_text.db	Flow_11000001_751	3.4	Hội thoại/Cốt truyện	Luồng hội thoại	Thanh Hòa	Grand Warstorm	I've performed this Hero Play hundreds, even thousands of times.
lang_multi_text.db	Flow_11000001_752	3.4	Hội thoại/Cốt truyện	Luồng hội thoại	Thanh Hòa	Grand Warstorm	Playing Fiamma over and over, it feels like we're becoming one entity.
lang_multi_text.db	Flow_11000001_753	3.4	Hội thoại/Cốt truyện	Luồng hội thoại	Thanh Hòa	Grand Warstorm	But you know, I'll keep playing the Fiamma role. After all, every time the show ends, I feel happy seeing the bright eyes of the children in the audience.
lang_multi_text.db	Flow_11000001_754	3.4	Hội thoại/Cốt truyện	Luồng hội thoại	Thanh Hòa	Grand Warstorm	If the performance can move and inspire people, it doesn't matter how tiring the rehearsals can be.
lang_multi_text.db	Flow_11000001_755	3.4	Hội thoại/Cốt truyện	Luồng hội thoại	Thanh Hòa	Grand Warstorm	It was Chixia who made me realize this. She was a dedicated audience to my play when she was a kid. Now she's a Patroller. More and more people will know her as Chixia!
lang_multi_text.db	Flow_11000001_756	3.4	Hội thoại/Cốt truyện	Luồng hội thoại		Grand Warstorm	Well, I think she fits the real Fiamma of Jinzhou better than me. I'm happy for her.
lang_multi_text.db	Flow_11000001_757	3.4	Hội thoại/Cốt truyện	Luồng hội thoại	Thanh Hòa	Grand Warstorm	Same old arrangements. "Speedster" and "Fiamma" are taking turns to perform, making sure the Fluffernox doesn't wreak havoc on the human world.
lang_multi_text.db	Flow_11000001_758	3.4	Hội thoại/Cốt truyện	Luồng hội thoại		Grand Warstorm	But we're also working on a new play. Don't forget to come and see it yourself when it's out!
lang_multi_text.db	Flow_11000001_759	3.4	Hội thoại/Cốt truyện	Luồng hội thoại	Thanh Hòa	Grand Warstorm	Alright, feel free to look around. If you have any questions, just ask me.
lang_multi_text.db	Flow_11000001_76	3.4	Hội thoại/Cốt truyện	Luồng hội thoại		Grand Warstorm	Maybe next time.
lang_multi_text.db	Flow_11000001_760	3.4	Hội thoại/Cốt truyện	Luồng hội thoại		Grand Warstorm	Hello.
lang_multi_text.db	Flow_11000001_761	3.4	Hội thoại/Cốt truyện	Luồng hội thoại	Tuấn Nghiên	Grand Warstorm	That's why I love Qinghe's plays so much!
lang_multi_text.db	Flow_11000001_762	3.4	Hội thoại/Cốt truyện	Luồng hội thoại		Grand Warstorm	Not so soon.
lang_multi_text.db	Flow_11000001_763	3.4	Hội thoại/Cốt truyện	Luồng hội thoại		Grand Warstorm	We'll wait patiently.
lang_multi_text.db	Flow_11000001_765	3.4	Hội thoại/Cốt truyện	Luồng hội thoại	Bác Vân	Grand Warstorm	Now, this stage belongs to these young folks, and watching them gives me a real kick.
lang_multi_text.db	Flow_11000001_766	3.4	Hội thoại/Cốt truyện	Luồng hội thoại	Bác Vân	Grand Warstorm	The performances are precious. Try not to scare them away with your silver tongue, okay?
lang_multi_text.db	Flow_11000001_767	3.4	Hội thoại/Cốt truyện	Luồng hội thoại	Chú Đổng	Grand Warstorm	After all, life's a stage, and all the men and women are mere players...
lang_multi_text.db	Flow_11000001_768	3.4	Hội thoại/Cốt truyện	Luồng hội thoại	Tuấn Nghiên	Grand Warstorm	Can't wait to see Fiamma's brand new adventure story!
lang_multi_text.db	Flow_11000001_771	3.4	Hội thoại/Cốt truyện	Luồng hội thoại		Grand Warstorm	Linglong?
lang_multi_text.db	Flow_11000001_772	3.4	Hội thoại/Cốt truyện	Luồng hội thoại		Grand Warstorm	A branch?
lang_multi_text.db	Flow_11000001_773	3.4	Hội thoại/Cốt truyện	Luồng hội thoại	Phù Ước	Grand Warstorm	Whenever Longyue's main store gets new arrivals, people literally camp out to get their hands on her latest drops.
lang_multi_text.db	Flow_11000001_774	3.4	Hội thoại/Cốt truyện	Luồng hội thoại		Grand Warstorm	In order to create more interesting designs and to let more customers buy their favorite clothes, Linglong has decided to open branches all over the world!
lang_multi_text.db	Flow_11000001_775	3.4	Hội thoại/Cốt truyện	Luồng hội thoại	Phù Ước	Grand Warstorm	With plans to expand globally, she's gotta keep that Longyue vibe while adding local characteristics.
lang_multi_text.db	Flow_11000001_776	3.4	Hội thoại/Cốt truyện	Luồng hội thoại	Phù Ước	Grand Warstorm	So Linglong's always on the move, soaking up inspiration from different places. I bet she's already had some amazing designs for Jinzhou!
lang_multi_text.db	Flow_11000001_777	3.4	Hội thoại/Cốt truyện	Luồng hội thoại	Phù Ước	Grand Warstorm	Haha, just imagine everyone here wearing Linglong's designs. Nice people in nice clothes.... It'll be fabulous!
lang_multi_text.db	Flow_11000001_778	3.4	Hội thoại/Cốt truyện	Luồng hội thoại	A Kỳ	Grand Warstorm	Hello, I'm Chie, the drummer of the Liondance Troupe.
lang_multi_text.db	Flow_11000001_779	3.4	Hội thoại/Cốt truyện	Luồng hội thoại	A Kỳ	Grand Warstorm	If you're interested in the Liondance performance, you can leave a message over there.
lang_multi_text.db	Flow_11000001_780	3.4	Hội thoại/Cốt truyện	Luồng hội thoại	A Kỳ	Grand Warstorm	Hi, Rover. Are you here for Lingyang?
lang_multi_text.db	Flow_11000001_781	3.4	Hội thoại/Cốt truyện	Luồng hội thoại	A Kỳ	Grand Warstorm	That kid has been training even harder recently...
lang_multi_text.db	Flow_11000001_782	3.4	Hội thoại/Cốt truyện	Luồng hội thoại	Mingzhi	Grand Warstorm	The new drumstick doesn't feel quite right. I'll have to ask Lingyang to help me refine it a bit...
lang_multi_text.db	Flow_11000001_783	3.4	Hội thoại/Cốt truyện	Luồng hội thoại	Mingzhi	Grand Warstorm	Is there anything I can help? If you're interested in a Liondance performance, you can go over there to register!
lang_multi_text.db	Flow_11000001_784	3.4	Hội thoại/Cốt truyện	Luồng hội thoại	Mingzhi	Grand Warstorm	Hey, Rover! What's up?
lang_multi_text.db	Flow_11000001_785	3.4	Hội thoại/Cốt truyện	Luồng hội thoại	Mingzhi	Grand Warstorm	Would you like to join our Liondance Troupe? Haha, just kidding.
lang_multi_text.db	Flow_11000001_786	3.4	Hội thoại/Cốt truyện	Luồng hội thoại	Speaker_210_Title	Grand Warstorm	The lost heart is like a flower blooming alone in the Dim Forest. Its scarlet color remains, but fragile and indistinct, with scars running down its body.
lang_multi_text.db	Flow_11000001_787	3.4	Hội thoại/Cốt truyện	Luồng hội thoại		Grand Warstorm	Are you reciting a poem?
lang_multi_text.db	Flow_11000001_788	3.4	Hội thoại/Cốt truyện	Luồng hội thoại	Speaker_210_Title	Grand Warstorm	Eek! You startled me for a moment there... If it isn't the Night Champion, {PlayerName}?
lang_multi_text.db	Flow_11000001_789	3.4	Hội thoại/Cốt truyện	Luồng hội thoại	Speaker_210_Title	Grand Warstorm	Through fading thorns, has the hero finally arrived to rescue the maiden wounded by the spikes?
lang_multi_text.db	Flow_11000001_790	3.4	Hội thoại/Cốt truyện	Luồng hội thoại		Grand Warstorm	You must've gotten the wrong person.
lang_multi_text.db	Flow_11000001_791	3.4	Hội thoại/Cốt truyện	Luồng hội thoại	Speaker_210_Title	Grand Warstorm	Have I? It seems that the dusty memories cannot be awakened by a single sentiment after all.
lang_multi_text.db	Flow_11000001_792	3.4	Hội thoại/Cốt truyện	Luồng hội thoại	Speaker_210_Title	Grand Warstorm	You and I are like two meteors flying off in opposite directions, only til we fall can we seek redemption from the sins of convergence...
lang_multi_text.db	Flow_11000001_793	3.4	Hội thoại/Cốt truyện	Luồng hội thoại		Grand Warstorm	...
lang_multi_text.db	Flow_11000001_794	3.4	Hội thoại/Cốt truyện	Luồng hội thoại	Speaker_29_Title	Grand Warstorm	Though I've tasted a lot of food during my journey, when it comes to cooking, I'm a bit of a... what's the word...
lang_multi_text.db	Flow_11000001_796	3.4	Hội thoại/Cốt truyện	Luồng hội thoại	Speaker_29_Title	Grand Warstorm	Ah, "TERRIBLE".
lang_multi_text.db	Flow_11000001_797	3.4	Hội thoại/Cốt truyện	Luồng hội thoại	Speaker_29_Title	Grand Warstorm	But salt is the ultimate seasoning for every dish. Add some salt, you can't go wrong.
lang_multi_text.db	Flow_11000001_798	3.4	Hội thoại/Cốt truyện	Luồng hội thoại	Speaker_98_Title	Grand Warstorm	The recipe for the Braising Sauce? Hehe, I happen to know it.
lang_multi_text.db	Flow_11000001_799	3.4	Hội thoại/Cốt truyện	Luồng hội thoại	Speaker_98_Title	Grand Warstorm	So, what kind of precious, shiny, commemorative coin are you going to trade with me, huh?
lang_multi_text.db	Flow_11000001_80	3.4	Hội thoại/Cốt truyện	Luồng hội thoại	Minh Minh	Grand Warstorm	Aw... We lost two to zero...
lang_multi_text.db	Flow_11000001_800	3.4	Hội thoại/Cốt truyện	Luồng hội thoại	Speaker_98_Title	Grand Warstorm	...
lang_multi_text.db	Flow_11000001_801	3.4	Hội thoại/Cốt truyện	Luồng hội thoại	Speaker_98_Title	Grand Warstorm	Ah, forget it. You seem unwilling to answer my quiz. It's not fun at all.
lang_multi_text.db	Flow_11000001_802	3.4	Hội thoại/Cốt truyện	Luồng hội thoại	Speaker_98_Title	Grand Warstorm	I'll just tell you. The secret is a small amount of sugar, melted over a low heat and stirred for a certain amount of time, and then added to the Braising Sauce. That's it.
lang_multi_text.db	Flow_11000001_803	3.4	Hội thoại/Cốt truyện	Luồng hội thoại	Speaker_98_Title	Grand Warstorm	As for the timing and the duration, well, I'll leave that for you to figure out!
lang_multi_text.db	Flow_11000001_804	3.4	Hội thoại/Cốt truyện	Luồng hội thoại	Speaker_125_Title	Grand Warstorm	Even though it's called a broth, a lot of ingredients are added during the cooking process.
lang_multi_text.db	Flow_11000001_805	3.4	Hội thoại/Cốt truyện	Luồng hội thoại	Speaker_125_Title	Grand Warstorm	As far as I know, while the methods vary, the most common main ingredient is fowl.
lang_multi_text.db	Flow_11000001_806	3.4	Hội thoại/Cốt truyện	Luồng hội thoại	Speaker_125_Title	Grand Warstorm	I personally recommend adding more fowl, you know. It's nutritious, relatively low in fat, and good for your health.
lang_multi_text.db	Flow_11000001_807	3.4	Hội thoại/Cốt truyện	Luồng hội thoại		Grand Warstorm	...
lang_multi_text.db	Flow_11000001_808	3.4	Hội thoại/Cốt truyện	Luồng hội thoại	A Thủy	Grand Warstorm	Hey, are you interested in Overdash too?
lang_multi_text.db	Flow_11000001_809	3.4	Hội thoại/Cốt truyện	Luồng hội thoại	A Thủy	Grand Warstorm	I get it, since Overdash is a sport with a long history and wide audience.
lang_multi_text.db	Flow_11000001_81	3.4	Hội thoại/Cốt truyện	Luồng hội thoại	Doudou	Grand Warstorm	Well, {Male=he's;Female=she's} got a few tricks of their own. A worthy opponent I'd have to say. No need to fret, Mingming.
lang_multi_text.db	Flow_11000001_810	3.4	Hội thoại/Cốt truyện	Luồng hội thoại	A Thủy	Grand Warstorm	Not only does it strengthen your body, it may as well save your life in a pinch.
lang_multi_text.db	Flow_11000001_811	3.4	Hội thoại/Cốt truyện	Luồng hội thoại	A Thủy	Grand Warstorm	It's true. I heard that during the war, those who could master the Overdash technique survived better than those who couldn't.
lang_multi_text.db	Flow_11000001_812	3.4	Hội thoại/Cốt truyện	Luồng hội thoại	A Thủy	Grand Warstorm	And, speaking of which...
lang_multi_text.db	Flow_11000001_813	3.4	Hội thoại/Cốt truyện	Luồng hội thoại	A Thủy	Grand Warstorm	I have to mention the connection I've had with Overdash since birth!
lang_multi_text.db	Flow_11000001_814	3.4	Hội thoại/Cốt truyện	Luồng hội thoại	A Thủy	Grand Warstorm	If it weren't for my mom being... uh... captivated by my dad's Overdash on the training field... Well, I wouldn't be here today!
lang_multi_text.db	Flow_11000001_815	3.4	Hội thoại/Cốt truyện	Luồng hội thoại		Grand Warstorm	?
lang_multi_text.db	Flow_11000001_816	3.4	Hội thoại/Cốt truyện	Luồng hội thoại	A Thủy	Grand Warstorm	I'm getting off track here... What I'm trying to say is, Overdash might just bring you some unexpected connections!
lang_multi_text.db	Flow_11000001_817	3.4	Hội thoại/Cốt truyện	Luồng hội thoại	A Thủy	Grand Warstorm	So, does it sound exciting, right?
lang_multi_text.db	Flow_11000001_818	3.4	Hội thoại/Cốt truyện	Luồng hội thoại	A Thủy	Grand Warstorm	We Overdash enthusiasts have formed a fan club, and we're eagerly recruiting new members!
lang_multi_text.db	Flow_11000001_819	3.4	Hội thoại/Cốt truyện	Luồng hội thoại	A Thủy	Grand Warstorm	Once you join, you'll have senior members to guide you, various offline activities to participate in, and even international exchange competitions!
lang_multi_text.db	Flow_11000001_820	3.4	Hội thoại/Cốt truyện	Luồng hội thoại	A Thủy	Grand Warstorm	Unlike those clubs, we won't charge you for entry! It's totally free!
lang_multi_text.db	Flow_11000001_821	3.4	Hội thoại/Cốt truyện	Luồng hội thoại	A Thủy	Grand Warstorm	Absolutely no membership fees of any kind! Just leave an e-signature here on the terminal...
lang_multi_text.db	Flow_11000001_822	3.4	Hội thoại/Cốt truyện	Luồng hội thoại		Grand Warstorm	...
lang_multi_text.db	Flow_11000001_823	3.4	Hội thoại/Cốt truyện	Luồng hội thoại	A Thủy	Grand Warstorm	Hey, hey, hey, hey, don't go—
lang_multi_text.db	Flow_11000001_824	3.4	Hội thoại/Cốt truyện	Luồng hội thoại	Speaker_125_Title	Grand Warstorm	Greetings. Shifang Pharmacy here.
lang_multi_text.db	Flow_11000001_825	3.4	Hội thoại/Cốt truyện	Luồng hội thoại	Speaker_98_Title	Grand Warstorm	Welcome to the Pioneer Association Store. Let me help you redeem your items.
lang_multi_text.db	Flow_11000001_826	3.4	Hội thoại/Cốt truyện	Luồng hội thoại	Speaker_29_Title	Grand Warstorm	Time flies by, anything can change, yet the Sonance Caskets shall endure...
lang_multi_text.db	Flow_11000001_83	3.4	Hội thoại/Cốt truyện	Luồng hội thoại	Minh Minh	Grand Warstorm	Y-yup! Wanna play another game with us, {Male=Mister;Female=Miss}?
lang_multi_text.db	Flow_11000001_84	3.4	Hội thoại/Cốt truyện	Luồng hội thoại		Grand Warstorm	Sure. Let's play another game.
lang_multi_text.db	Flow_11000001_85	3.4	Hội thoại/Cốt truyện	Luồng hội thoại		Grand Warstorm	Err... I don't know. Are you sure you can take another loss?
lang_multi_text.db	Flow_11000001_854	3.4	Hội thoại/Cốt truyện	Luồng hội thoại	Bác Vân	Grand Warstorm	Dong's just got a sharp tongue.
lang_multi_text.db	Flow_11000001_855	3.4	Hội thoại/Cốt truyện	Luồng hội thoại	Bác Vân	Grand Warstorm	He really knows about play. But he has to learn how to deliver it in a less outright way and let the young ones figure it out themselves.
lang_multi_text.db	Flow_11000001_856	3.4	Hội thoại/Cốt truyện	Luồng hội thoại	Bác Vân	Grand Warstorm	When will he learn to restrain his complaints? We'd have no play to see if he scares those performers away.
lang_multi_text.db	Flow_11000001_857	3.4	Hội thoại/Cốt truyện	Luồng hội thoại	Bác Vân	Grand Warstorm	I hope Qinghe's new play can satisfy his appetite, so he can stop nagging all day long.
lang_multi_text.db	Flow_11000001_86	3.4	Hội thoại/Cốt truyện	Luồng hội thoại	Minh Minh	Grand Warstorm	Oh...
lang_multi_text.db	Flow_11000001_87	3.4	Hội thoại/Cốt truyện	Luồng hội thoại	Doudou	Grand Warstorm	You're back! So do you wanna play hide-and-seek with us?
lang_multi_text.db	Flow_11000001_88	3.4	Hội thoại/Cốt truyện	Luồng hội thoại		Grand Warstorm	Yep. Let's play.
lang_multi_text.db	Flow_11000001_89	3.4	Hội thoại/Cốt truyện	Luồng hội thoại		Grand Warstorm	Let's wait a bit.
lang_multi_text.db	Flow_11000001_90	3.4	Hội thoại/Cốt truyện	Luồng hội thoại		Grand Warstorm	... Ninety-eight, ninety-nine, one hundred!
lang_multi_text.db	Flow_11000001_91	3.4	Hội thoại/Cốt truyện	Luồng hội thoại	Minh Minh	Grand Warstorm	Huh? I thought this was a perfect spot...
lang_multi_text.db	Flow_11000001_92	3.4	Hội thoại/Cốt truyện	Luồng hội thoại	Doudou	Grand Warstorm	Ah! You found me!
lang_multi_text.db	Flow_11000001_93	3.4	Hội thoại/Cốt truyện	Luồng hội thoại	Minh Minh	Grand Warstorm	Huh? No way...
lang_multi_text.db	Flow_11000001_94	3.4	Hội thoại/Cốt truyện	Luồng hội thoại	Doudou	Grand Warstorm	Ack!
lang_multi_text.db	Flow_11000001_95	3.4	Hội thoại/Cốt truyện	Luồng hội thoại	Minh Minh	Grand Warstorm	Aw...
lang_multi_text.db	Flow_11000001_96	3.4	Hội thoại/Cốt truyện	Luồng hội thoại	Doudou	Grand Warstorm	Wow. You got me there...
lang_multi_text.db	Flow_11000001_97	3.4	Hội thoại/Cốt truyện	Luồng hội thoại	Bác Cao	Grand Warstorm	*sigh* Ruiyun...
lang_multi_text.db	Flow_11000001_98	3.4	Hội thoại/Cốt truyện	Luồng hội thoại	Bác Cao	Grand Warstorm	*sigh* Why won't you listen, Ruiyun...
lang_multi_text.db	Flow_11000001_99	3.4	Hội thoại/Cốt truyện	Luồng hội thoại	Diễn Viên Số 1	Grand Warstorm	Mrs. Jué, I have news about the front.
lang_multi_text.db	Flow_11000002_1	3.4	Hội thoại/Cốt truyện	Luồng hội thoại	Vô Lữ	Time to Study	Hi there! You don't seem like a local. If you need any help, just let me know, and I'll be happy to assist!
lang_multi_text.db	Flow_11000002_10	3.4	Hội thoại/Cốt truyện	Luồng hội thoại		Time to Study	I'm looking for food...
lang_multi_text.db	Flow_11000002_100	3.4	Hội thoại/Cốt truyện	Luồng hội thoại		Time to Study	About Jiu...
lang_multi_text.db	Flow_11000002_101	3.4	Hội thoại/Cốt truyện	Luồng hội thoại	Vô Lữ	Time to Study	Ah, Jiu, he's Sixi's son. That man works at the mine and probably doesn't have much time to take care of him.
lang_multi_text.db	Flow_11000002_103	3.4	Hội thoại/Cốt truyện	Luồng hội thoại	Vô Lữ	Time to Study	Lately, I've seen Jiu wandering around looking for a job to do. I was thinking of having a little chat with him.
lang_multi_text.db	Flow_11000002_104	3.4	Hội thoại/Cốt truyện	Luồng hội thoại	Vô Lữ	Time to Study	You might want to tell Sixi about this if you meet him.
lang_multi_text.db	Flow_11000002_107	3.4	Hội thoại/Cốt truyện	Luồng hội thoại	Tứ Hỉ	Time to Study	What's wrong? Do you need any help?
lang_multi_text.db	Flow_11000002_108	3.4	Hội thoại/Cốt truyện	Luồng hội thoại		Time to Study	You are Sixi, right?
lang_multi_text.db	Flow_11000002_109	3.4	Hội thoại/Cốt truyện	Luồng hội thoại	Tứ Hỉ	Time to Study	Yes, what is it?
lang_multi_text.db	Flow_11000002_11	3.4	Hội thoại/Cốt truyện	Luồng hội thoại		Time to Study	I'm looking for souvenirs...
lang_multi_text.db	Flow_11000002_110	3.4	Hội thoại/Cốt truyện	Luồng hội thoại		Time to Study	About Jiu...
lang_multi_text.db	Flow_11000002_111	3.4	Hội thoại/Cốt truyện	Luồng hội thoại		Time to Study	You tell Sixi about Jiu's situation.
lang_multi_text.db	Flow_11000002_112	3.4	Hội thoại/Cốt truyện	Luồng hội thoại	Tứ Hỉ	Time to Study	Hmm? Jiu is skipping school?
lang_multi_text.db	Flow_11000002_117	3.4	Hội thoại/Cốt truyện	Luồng hội thoại	Tứ Hỉ	Time to Study	Thank you for the updates. I'll go back and check on him right away!
lang_multi_text.db	Flow_11000002_118	3.4	Hội thoại/Cốt truyện	Luồng hội thoại	Tứ Hỉ	Time to Study	Just a little more work to finish this task. Then I'll need to find more to do.
lang_multi_text.db	Flow_11000002_119	3.4	Hội thoại/Cốt truyện	Luồng hội thoại	Tứ Hỉ	Time to Study	I don't mind the hardships as long as my son has a chance to get a proper education!
lang_multi_text.db	Flow_11000002_12	3.4	Hội thoại/Cốt truyện	Luồng hội thoại	Vô Lữ	Time to Study	If you want a hot meal at this time, Panhua's Restaurant is the place to go!
lang_multi_text.db	Flow_11000002_120	3.4	Hội thoại/Cốt truyện	Luồng hội thoại	Tứ Hỉ	Time to Study	Haha, alright, break time is over. I've gotta get back to the grindstone!
lang_multi_text.db	Flow_11000002_121	3.4	Hội thoại/Cốt truyện	Luồng hội thoại		Time to Study	Sixi quickly ran towards the city.
lang_multi_text.db	Flow_11000002_122	3.4	Hội thoại/Cốt truyện	Luồng hội thoại	Tứ Hỉ	Time to Study	What do I always tell you, hmm? Why are you skipping school?
lang_multi_text.db	Flow_11000002_123	3.4	Hội thoại/Cốt truyện	Luồng hội thoại	Tiểu Cửu	Time to Study	I'm not skippin school! I just want to learn something not taught in the classroom...
lang_multi_text.db	Flow_11000002_125	3.4	Hội thoại/Cốt truyện	Luồng hội thoại	Tiểu Cửu	Time to Study	I, I...
lang_multi_text.db	Flow_11000002_128	3.4	Hội thoại/Cốt truyện	Luồng hội thoại	Tứ Hỉ	Time to Study	What do you mean by that? Explain yourself.
lang_multi_text.db	Flow_11000002_129	3.4	Hội thoại/Cốt truyện	Luồng hội thoại	Tiểu Cửu	Time to Study	It's just... something not in a textbook, something that'll teach me how I can help you, Dad!
lang_multi_text.db	Flow_11000002_13	3.4	Hội thoại/Cốt truyện	Luồng hội thoại	Vô Lữ	Time to Study	After work, I take my kids there too. They love Miss Panhua's dishes and always finish everything!
lang_multi_text.db	Flow_11000002_130	3.4	Hội thoại/Cốt truyện	Luồng hội thoại	Tiểu Cửu	Time to Study	You're always so busy and don't have time for me, so I want to help you...
lang_multi_text.db	Flow_11000002_131	3.4	Hội thoại/Cốt truyện	Luồng hội thoại	Tứ Hỉ	Time to Study	You can help me by attending your classes, you know!
lang_multi_text.db	Flow_11000002_132	3.4	Hội thoại/Cốt truyện	Luồng hội thoại	Tứ Hỉ	Time to Study	They're supposed to be teaching you practical life skills. If you learn something interesting, you can even teach your old man something new!
lang_multi_text.db	Flow_11000002_135	3.4	Hội thoại/Cốt truyện	Luồng hội thoại	Tứ Hỉ	Time to Study	Anyway... there really are issues at the mine recently. I promise you, once they are settled, we'll spend more time together, okay?
lang_multi_text.db	Flow_11000002_137	3.4	Hội thoại/Cốt truyện	Luồng hội thoại	Tiểu Cửu	Time to Study	Really? You really mean it?
lang_multi_text.db	Flow_11000002_138	3.4	Hội thoại/Cốt truyện	Luồng hội thoại	Tứ Hỉ	Time to Study	Yes. I'll keep my word. But before that, you need to keep yours and stay in school!
lang_multi_text.db	Flow_11000002_14	3.4	Hội thoại/Cốt truyện	Luồng hội thoại	Vô Lữ	Time to Study	Souvenirs? My kids love that stuff, too. They often visit Ganxue to buy Pioneer Association merchandise.
lang_multi_text.db	Flow_11000002_140	3.4	Hội thoại/Cốt truyện	Luồng hội thoại	Tiểu Cửu	Time to Study	Deal! I promise I'll stay in school!
lang_multi_text.db	Flow_11000002_141	3.4	Hội thoại/Cốt truyện	Luồng hội thoại		Time to Study	After the conversation, Sixi took Jiu and left.
lang_multi_text.db	Flow_11000002_142	3.4	Hội thoại/Cốt truyện	Luồng hội thoại		Time to Study	I want to buy some travel souvenirs...
lang_multi_text.db	Flow_11000002_143	3.4	Hội thoại/Cốt truyện	Luồng hội thoại		Time to Study	I have some little boxes with me...
lang_multi_text.db	Flow_11000002_144	3.4	Hội thoại/Cốt truyện	Luồng hội thoại		Time to Study	I want to buy some medicine...
lang_multi_text.db	Flow_11000002_145	3.4	Hội thoại/Cốt truyện	Luồng hội thoại		Time to Study	I'm looking for food...
lang_multi_text.db	Flow_11000002_146	3.4	Hội thoại/Cốt truyện	Luồng hội thoại		Time to Study	Nothing else.
lang_multi_text.db	Flow_11000002_147	3.4	Hội thoại/Cốt truyện	Luồng hội thoại		Time to Study	I understand that Chenpi likes these gadgets. You should ask him. Maybe he will buy them!
lang_multi_text.db	Flow_11000002_148	3.4	Hội thoại/Cốt truyện	Luồng hội thoại	Vô Lữ	Time to Study	Did you get hurt? You don't need to tough it out, why don't you go see Koko for some medicine?
lang_multi_text.db	Flow_11000002_149	3.4	Hội thoại/Cốt truyện	Luồng hội thoại		Time to Study	Her pharmacy is on the shopping street. Whatever your issue might be, you can always check with her first.
lang_multi_text.db	Flow_11000002_15	3.4	Hội thoại/Cốt truyện	Luồng hội thoại	Vô Lữ	Time to Study	Badges, cards, and tickets, and so much more... It never fails to blow me away!
lang_multi_text.db	Flow_11000002_150	3.4	Hội thoại/Cốt truyện	Luồng hội thoại		Time to Study	Oh, I see. Take your time to explore! We have so many delicious treats and fun activities in Jinzhou. Enjoy your stay!
lang_multi_text.db	Flow_11000002_151	3.4	Hội thoại/Cốt truyện	Luồng hội thoại		Time to Study	I have some little boxes with me...
lang_multi_text.db	Flow_11000002_152	3.4	Hội thoại/Cốt truyện	Luồng hội thoại		Time to Study	I want to buy some medicine...
lang_multi_text.db	Flow_11000002_153	3.4	Hội thoại/Cốt truyện	Luồng hội thoại		Time to Study	Nothing else.
lang_multi_text.db	Flow_11000002_154	3.4	Hội thoại/Cốt truyện	Luồng hội thoại		Time to Study	Her pharmacy is on the shopping street. Whatever your issue might be, you can always check with her first.
lang_multi_text.db	Flow_11000002_155	3.4	Hội thoại/Cốt truyện	Luồng hội thoại		Time to Study	Oh, I see. Take your time to explore! We have so many delicious treats and fun activities in Jinzhou. Enjoy your stay!
lang_multi_text.db	Flow_11000002_156	3.4	Hội thoại/Cốt truyện	Luồng hội thoại	Thanh Cung	Time to Study	The temperature is just right, and the humidity levels are stable. Even with the dark clouds looming outside the city, the weather here is perfect...
lang_multi_text.db	Flow_11000002_158	3.4	Hội thoại/Cốt truyện	Luồng hội thoại	Thanh Cung	Time to Study	Me? I'm observing the experiment subjects and recording data.
lang_multi_text.db	Flow_11000002_159	3.4	Hội thoại/Cốt truyện	Luồng hội thoại	Thanh Cung	Time to Study	There was a major Retroact Rain outside the city, but it didn't affect us in here. My experimental subject is in perfect condition.
lang_multi_text.db	Flow_11000002_16	3.4	Hội thoại/Cốt truyện	Luồng hội thoại	Vô Lữ	Time to Study	Little box? Oh, you mean a Sonance Casket, right?
lang_multi_text.db	Flow_11000002_160	3.4	Hội thoại/Cốt truyện	Luồng hội thoại	Diễn Viên Số 1	Time to Study	If only Dad wasn't so busy...
lang_multi_text.db	Flow_11000002_161	3.4	Hội thoại/Cốt truyện	Luồng hội thoại	Diễn Viên Số 1	Time to Study	Is Dad finished with work yet?
lang_multi_text.db	Flow_11000002_162	3.4	Hội thoại/Cốt truyện	Luồng hội thoại	Diễn Viên Số 1	Time to Study	Gotta grow up faster...
lang_multi_text.db	Flow_11000002_163	3.4	Hội thoại/Cốt truyện	Luồng hội thoại		Time to Study	What are you doing?
lang_multi_text.db	Flow_11000002_164	3.4	Hội thoại/Cốt truyện	Luồng hội thoại		Time to Study	Does your family know?
lang_multi_text.db	Flow_11000002_165	3.4	Hội thoại/Cốt truyện	Luồng hội thoại		Time to Study	He wants you to stay in school.
lang_multi_text.db	Flow_11000002_166	3.4	Hội thoại/Cốt truyện	Luồng hội thoại		Time to Study	He wants to spend time with you, too.
lang_multi_text.db	Flow_11000002_167	3.4	Hội thoại/Cốt truyện	Luồng hội thoại	Tiểu Cửu	Time to Study	Your dad loves to spend time with you!
lang_multi_text.db	Flow_11000002_168	3.4	Hội thoại/Cốt truyện	Luồng hội thoại	Tiểu Cửu	Time to Study	Okay, I'll go back to class now!
lang_multi_text.db	Flow_11000002_171	3.4	Hội thoại/Cốt truyện	Luồng hội thoại		Time to Study	What are you doing?
lang_multi_text.db	Flow_11000002_176	3.4	Hội thoại/Cốt truyện	Luồng hội thoại		Time to Study	What are you doing?
lang_multi_text.db	Flow_11000002_18	3.4	Hội thoại/Cốt truyện	Luồng hội thoại	Vô Lữ	Time to Study	My son mentioned that Uncle Chenpi loves collecting these. If you have any, you can take them to him. He'd love to have them!
lang_multi_text.db	Flow_11000002_19	3.4	Hội thoại/Cốt truyện	Luồng hội thoại	Vô Lữ	Time to Study	Did you get hurt? You don't need to tough it out, why don't you go see Koko for some medicine?
lang_multi_text.db	Flow_11000002_2	3.4	Hội thoại/Cốt truyện	Luồng hội thoại	Vô Lữ	Time to Study	What do you like to eat? Stir-fry, hot pot, or something fried?
lang_multi_text.db	Flow_11000002_22	3.4	Hội thoại/Cốt truyện	Luồng hội thoại	Diễn Viên Số 2	Time to Study	Dad, today I also practiced hide-and-seek with Mingming!
lang_multi_text.db	Flow_11000002_23	3.4	Hội thoại/Cốt truyện	Luồng hội thoại	Diễn Viên Số 1	Time to Study	Good, I knew Doudou and Mingming were good kids.
lang_multi_text.db	Flow_11000002_24	3.4	Hội thoại/Cốt truyện	Luồng hội thoại	Diễn Viên Số 3	Time to Study	Do you have any new hiding techniques to teach us?
lang_multi_text.db	Flow_11000002_25	3.4	Hội thoại/Cốt truyện	Luồng hội thoại	Diễn Viên Số 1	Time to Study	Er... I'm still at work. Can you be patience for a little longer?
lang_multi_text.db	Flow_11000002_26	3.4	Hội thoại/Cốt truyện	Luồng hội thoại	Diễn Viên Số 2	Time to Study	Of course! We'll wait patiently for you here, Dad!
lang_multi_text.db	Flow_11000002_28	3.4	Hội thoại/Cốt truyện	Luồng hội thoại	Thanh Cung	Time to Study	The temperature is just right, and the humidity is...
lang_multi_text.db	Flow_11000002_3	3.4	Hội thoại/Cốt truyện	Luồng hội thoại	Vô Lữ	Time to Study	In that case, I recommend Panhua's Restaurant. Miss Panhua's dishes never disappoint!
lang_multi_text.db	Flow_11000002_30	3.4	Hội thoại/Cốt truyện	Luồng hội thoại	Thanh Cung	Time to Study	Me? I'm observing the experiment subjects and recording data.
lang_multi_text.db	Flow_11000002_31	3.4	Hội thoại/Cốt truyện	Luồng hội thoại	Thanh Cung	Time to Study	The weather in Jinzhou has been stable lately, so the subjects are in perfect condition.
lang_multi_text.db	Flow_11000002_4	3.4	Hội thoại/Cốt truyện	Luồng hội thoại	Vô Lữ	Time to Study	Looking for souvenirs? Check with Ganxue. The Pioneer Association has a lot of new merchandise!
lang_multi_text.db	Flow_11000002_41	3.4	Hội thoại/Cốt truyện	Luồng hội thoại	Diễn Viên Số 1	Time to Study	Now, I will show you how to use the Resonance Nexus.
lang_multi_text.db	Flow_11000002_42	3.4	Hội thoại/Cốt truyện	Luồng hội thoại	Diễn Viên Số 1	Time to Study	Just place the Pangu Terminal on the Nexus, and it will start loading the relevant information.
lang_multi_text.db	Flow_11000002_43	3.4	Hội thoại/Cốt truyện	Luồng hội thoại	Diễn Viên Số 1	Time to Study	After that, you can check your map and fast travel to Jinzhou through the Nexus.
lang_multi_text.db	Flow_11000002_44	3.4	Hội thoại/Cốt truyện	Luồng hội thoại	Mục Lam	Time to Study	Hello, welcome to Jinzhou City.
lang_multi_text.db	Flow_11000002_45	3.4	Hội thoại/Cốt truyện	Luồng hội thoại	Diễn Viên Số 1	Time to Study	Last but not least, thank you for choosing our services.
lang_multi_text.db	Flow_11000002_46	3.4	Hội thoại/Cốt truyện	Luồng hội thoại	Mục Lam	Time to Study	Now, I will introduce the usage of the Resonance Nexus.
lang_multi_text.db	Flow_11000002_47	3.4	Hội thoại/Cốt truyện	Luồng hội thoại	Mục Lam	Time to Study	Just place the Pangu Terminal on the Nexus, and it will start loading the relevant information.
lang_multi_text.db	Flow_11000002_48	3.4	Hội thoại/Cốt truyện	Luồng hội thoại	Mục Lam	Time to Study	After that, you can check your map and fast travel to Jinzhou through the Nexus.
lang_multi_text.db	Flow_11000002_49	3.4	Hội thoại/Cốt truyện	Luồng hội thoại	Mục Lam	Time to Study	Last but not least, thank you for choosing our services.
lang_multi_text.db	Flow_11000002_5	3.4	Hội thoại/Cốt truyện	Luồng hội thoại	Vô Lữ	Time to Study	They have all sorts of badges, cards, tickets, and more. My daughter loves them!
lang_multi_text.db	Flow_11000002_52	3.4	Hội thoại/Cốt truyện	Luồng hội thoại	Mục Lam	Time to Study	Sorry, please don't attack me. Thanks.
lang_multi_text.db	Flow_11000002_53	3.4	Hội thoại/Cốt truyện	Luồng hội thoại	Diễn Viên Số 1	Time to Study	The water is so beautiful. I wish Dad could be here to see it with me...
lang_multi_text.db	Flow_11000002_54	3.4	Hội thoại/Cốt truyện	Luồng hội thoại	Diễn Viên Số 1	Time to Study	If I can learn how to use the Nexus, maybe I could help him...
lang_multi_text.db	Flow_11000002_58	3.4	Hội thoại/Cốt truyện	Luồng hội thoại	Tiểu Cửu	Time to Study	What are you doing?
lang_multi_text.db	Flow_11000002_59	3.4	Hội thoại/Cốt truyện	Luồng hội thoại	Tiểu Cửu	Time to Study	{Male=Big Brother;Female=Big Sister}! You look... so cool! Can you tell me how you grew up to be so awesome?!
lang_multi_text.db	Flow_11000002_62	3.4	Hội thoại/Cốt truyện	Luồng hội thoại	Tiểu Cửu	Time to Study	I can't wait to grow up so I can help Dad with his work, and then he can play with me!
lang_multi_text.db	Flow_11000002_68	3.4	Hội thoại/Cốt truyện	Luồng hội thoại	Tiểu Cửu	Time to Study	I know now! To grow up quickly, I need to study hard!
lang_multi_text.db	Flow_11000002_69	3.4	Hội thoại/Cốt truyện	Luồng hội thoại	Tiểu Cửu	Time to Study	Dad did say he wanted to spend time with me. Yes, this is great!
lang_multi_text.db	Flow_11000002_75	3.4	Hội thoại/Cốt truyện	Luồng hội thoại	Tiểu Cửu	Time to Study	Oh, I wish I could grow up faster, but just going to school isn't enough...
lang_multi_text.db	Flow_11000002_76	3.4	Hội thoại/Cốt truyện	Luồng hội thoại	Tiểu Cửu	Time to Study	I'm trying my best to grow up quickly!
lang_multi_text.db	Flow_11000002_79	3.4	Hội thoại/Cốt truyện	Luồng hội thoại	Tiểu Cửu	Time to Study	All we do in school is read textbooks, but that doesn't really help. I want to learn something useful, so I can help my dad. That's why I'm here!
lang_multi_text.db	Flow_11000002_8	3.4	Hội thoại/Cốt truyện	Luồng hội thoại	Vô Lữ	Time to Study	Little box? Oh, you mean a Sonance Casket, right?
lang_multi_text.db	Flow_11000002_80	3.4	Hội thoại/Cốt truyện	Luồng hội thoại	Tiểu Cửu	Time to Study	I don't know... I made this decision on my own. I... I really want to help my family!
lang_multi_text.db	Flow_11000002_84	3.4	Hội thoại/Cốt truyện	Luồng hội thoại	Rover	Time to Study	His family must not know he's skipping class.
lang_multi_text.db	Flow_11000002_85	3.4	Hội thoại/Cốt truyện	Luồng hội thoại	Rover	Time to Study	Go talk to Wulü. Maybe he knows something.
lang_multi_text.db	Flow_11000002_86	3.4	Hội thoại/Cốt truyện	Luồng hội thoại	Rover	Time to Study	Jiu? That name sounds familiar.
lang_multi_text.db	Flow_11000002_87	3.4	Hội thoại/Cốt truyện	Luồng hội thoại	Rover	Time to Study	Oh, he could be Sixi's son.
lang_multi_text.db	Flow_11000002_88	3.4	Hội thoại/Cốt truyện	Luồng hội thoại	Rover	Time to Study	Let's go find him and talk.
lang_multi_text.db	Flow_11000002_89	3.4	Hội thoại/Cốt truyện	Luồng hội thoại	Tiểu Cửu	Time to Study	Oh, what's wrong? Are you trying to tell me how to grow up quickly?
lang_multi_text.db	Flow_11000002_9	3.4	Hội thoại/Cốt truyện	Luồng hội thoại	Vô Lữ	Time to Study	Okay, okay, I'll teach you after work... Oh, sorry, how can I help you?
lang_multi_text.db	Flow_11000002_90	3.4	Hội thoại/Cốt truyện	Luồng hội thoại		Time to Study	About Sixi...
lang_multi_text.db	Flow_11000002_91	3.4	Hội thoại/Cốt truyện	Luồng hội thoại	Tiểu Cửu	Time to Study	Oh! You saw my dad?! How is he?! I heard something happened at the mine recently, and he's been really busy...
lang_multi_text.db	Flow_11000002_95	3.4	Hội thoại/Cốt truyện	Luồng hội thoại	Tiểu Cửu	Time to Study	Dad said the mine had some trouble lately, so he's been swamped and doesn't have time to play with me...
lang_multi_text.db	Flow_11000002_96	3.4	Hội thoại/Cốt truyện	Luồng hội thoại	Tiểu Cửu	Time to Study	I really want to grow up quickly and find a job, so I can help my dad! By the way, did he mention me?
lang_multi_text.db	Flow_11000002_97	3.4	Hội thoại/Cốt truyện	Luồng hội thoại	Tiểu Cửu	Time to Study	Oh, I see... Well, my dad always says as long as I study hard, he'll be happy!
lang_multi_text.db	Flow_11000002_98	3.4	Hội thoại/Cốt truyện	Luồng hội thoại	Vô Lữ	Time to Study	Hello, do you need something?
lang_multi_text.db	Flow_11000004_100	3.4	Hội thoại/Cốt truyện	Luồng hội thoại	Trầm Bích		There'll always be another shift after this one.
lang_multi_text.db	Flow_11000004_101	3.4	Hội thoại/Cốt truyện	Luồng hội thoại	Trầm Bích		My father always said, "If we protect Jinzhou with all our might, Jinzhou will protect us just as fiercely."
lang_multi_text.db	Flow_11000004_102	3.4	Hội thoại/Cốt truyện	Luồng hội thoại	Trầm Bích		A single overlooked detail could spell disaster, especially under the cover of night...
lang_multi_text.db	Flow_11000004_106	3.4	Hội thoại/Cốt truyện	Luồng hội thoại			Why don't you trust Chenbi?
lang_multi_text.db	Flow_11000004_107	3.4	Hội thoại/Cốt truyện	Luồng hội thoại			Why don't you trust Shuhe?
lang_multi_text.db	Flow_11000004_108	3.4	Hội thoại/Cốt truyện	Luồng hội thoại			It's just that sometimes, once he decides on something, there's no changing his mind. He's straightforward and a bit stubborn...
lang_multi_text.db	Flow_11000004_109	3.4	Hội thoại/Cốt truyện	Luồng hội thoại	Anh Đạt		Since her father died in the war, she's always wanted to complete her father's unfinished business.
lang_multi_text.db	Flow_11000004_11	3.4	Hội thoại/Cốt truyện	Luồng hội thoại	Anh Đạt		I hope they grow competent enough soon...
lang_multi_text.db	Flow_11000004_111	3.4	Hội thoại/Cốt truyện	Luồng hội thoại	Anh Đạt		That's why she signed up to be a City Hall guard. If not shining as a Midnight Ranger, she's finding other ways to make a mark.
lang_multi_text.db	Flow_11000004_112	3.4	Hội thoại/Cốt truyện	Luồng hội thoại	Diễn Viên Số 2		But no matter what, our first duty is to do our jobs well.
lang_multi_text.db	Flow_11000004_113	3.4	Hội thoại/Cốt truyện	Luồng hội thoại	Ao Bình		Do you think this is a good time?
lang_multi_text.db	Flow_11000004_115	3.4	Hội thoại/Cốt truyện	Luồng hội thoại	Diễn Viên Số 2		Where? Hahaha, don't think too much.
lang_multi_text.db	Flow_11000004_116	3.4	Hội thoại/Cốt truyện	Luồng hội thoại	Đỉnh Phong		Hahaha, I can see that you're overthinking.
lang_multi_text.db	Flow_11000004_117	3.4	Hội thoại/Cốt truyện	Luồng hội thoại	Đỉnh Phong		It's fine, I've known Sanhua for a while. She might seem icy, but there's no need to worry.
lang_multi_text.db	Flow_11000004_118	3.4	Hội thoại/Cốt truyện	Luồng hội thoại	Đỉnh Phong		I don't know how the Jinzhou Magistrate and Jinhsi Magistrate handle so many things every day...
lang_multi_text.db	Flow_11000004_119	3.4	Hội thoại/Cốt truyện	Luồng hội thoại			...I wonder if it takes a toll on their health?
lang_multi_text.db	Flow_11000004_121	3.4	Hội thoại/Cốt truyện	Luồng hội thoại			I'm not sure if Chenbi and Shuhe are up for this challenge...
lang_multi_text.db	Flow_11000004_122	3.4	Hội thoại/Cốt truyện	Luồng hội thoại			The number of applications for meetings at City Hall is on the rise.
lang_multi_text.db	Flow_11000004_123	3.4	Hội thoại/Cốt truyện	Luồng hội thoại	Anh Đạt		Hello, to schedule a meeting with the Jinzhou Magistrate, please submit the necessary paperwork.
lang_multi_text.db	Flow_11000004_124	3.4	Hội thoại/Cốt truyện	Luồng hội thoại			Someone has already completed the procedures for me.
lang_multi_text.db	Flow_11000004_126	3.4	Hội thoại/Cốt truyện	Luồng hội thoại	Anh Đạt		Hmm... It's part of my duties as a City Hall guard.
lang_multi_text.db	Flow_11000004_127	3.4	Hội thoại/Cốt truyện	Luồng hội thoại	Anh Đạt		But you know, they're young, and already a few days on guard duty has them so stressed. I do find it concerning.
lang_multi_text.db	Flow_11000004_128	3.4	Hội thoại/Cốt truyện	Luồng hội thoại	Diễn Viên Số 1		Very well, our main goal is to maintain order in City Hall, no matter the circumstances.
lang_multi_text.db	Flow_11000004_129	3.4	Hội thoại/Cốt truyện	Luồng hội thoại	Diễn Viên Số 1		Please report any issues immediately.
lang_multi_text.db	Flow_11000004_13	3.4	Hội thoại/Cốt truyện	Luồng hội thoại	Diễn Viên Số 1		Chenbi, Shuhe, come here.
lang_multi_text.db	Flow_11000004_130	3.4	Hội thoại/Cốt truyện	Luồng hội thoại	Dật Trúc		And here I am, just a clerk...
lang_multi_text.db	Flow_11000004_131	3.4	Hội thoại/Cốt truyện	Luồng hội thoại	Dật Trúc		If you need help with any legal matters, we're here to assist.
lang_multi_text.db	Flow_11000004_132	3.4	Hội thoại/Cốt truyện	Luồng hội thoại	Dật Trúc		What can I assist you with today?
lang_multi_text.db	Flow_11000004_133	3.4	Hội thoại/Cốt truyện	Luồng hội thoại			I'm good, actually. I'll be on my way.
lang_multi_text.db	Flow_11000004_134	3.4	Hội thoại/Cốt truyện	Luồng hội thoại	Dật Trúc		Everything's alright? Good to hear.
lang_multi_text.db	Flow_11000004_135	3.4	Hội thoại/Cốt truyện	Luồng hội thoại	Dật Trúc		For some reason, things are picking up again.
lang_multi_text.db	Flow_11000004_136	3.4	Hội thoại/Cốt truyện	Luồng hội thoại	Dật Trúc		All these case files from the Midnight Rangers need prompt attention...
lang_multi_text.db	Flow_11000004_137	3.4	Hội thoại/Cốt truyện	Luồng hội thoại	Thụ Hách		But I will keep an eye on you.
lang_multi_text.db	Flow_11000004_138	3.4	Hội thoại/Cốt truyện	Luồng hội thoại	Thụ Hách		What should be done here...
lang_multi_text.db	Flow_11000004_139	3.4	Hội thoại/Cốt truyện	Luồng hội thoại	Thụ Hách		Ahem, okay, please don't interfere with the duties of personnel on duty!
lang_multi_text.db	Flow_11000004_14	3.4	Hội thoại/Cốt truyện	Luồng hội thoại	Diễn Viên Số 2		Captain...
lang_multi_text.db	Flow_11000004_140	3.4	Hội thoại/Cốt truyện	Luồng hội thoại	Diễn Viên Số 1		Ah, this needs to be addressed without delay.
lang_multi_text.db	Flow_11000004_141	3.4	Hội thoại/Cốt truyện	Luồng hội thoại	Diễn Viên Số 2		Sir, perhaps we can handle this another day...
lang_multi_text.db	Flow_11000004_142	3.4	Hội thoại/Cốt truyện	Luồng hội thoại	Cẩn Hòa		This just isn't right...
lang_multi_text.db	Flow_11000004_143	3.4	Hội thoại/Cốt truyện	Luồng hội thoại			Sir, what seems to be the problem?
lang_multi_text.db	Flow_11000004_144	3.4	Hội thoại/Cốt truyện	Luồng hội thoại	Cẩn Hòa		Why give up just because Sanhua turned you down?
lang_multi_text.db	Flow_11000004_145	3.4	Hội thoại/Cốt truyện	Luồng hội thoại			Is there something I can do for you?
lang_multi_text.db	Flow_11000004_146	3.4	Hội thoại/Cốt truyện	Luồng hội thoại	Cẩn Hòa		You don't understand, this is important. I need to speak directly with the Jinzhou Magistrate.
lang_multi_text.db	Flow_11000004_147	3.4	Hội thoại/Cốt truyện	Luồng hội thoại	Cẩn Hòa		But now everyone is talking about an important guest coming to Jinzhou, and even City Hall can't keep up...
lang_multi_text.db	Flow_11000004_148	3.4	Hội thoại/Cốt truyện	Luồng hội thoại	Cẩn Hòa		Maybe... maybe I should come back another day?
lang_multi_text.db	Flow_11000004_149	3.4	Hội thoại/Cốt truyện	Luồng hội thoại	Diễn Viên Số 1		You didn't catch the Magistrate?
lang_multi_text.db	Flow_11000004_15	3.4	Hội thoại/Cốt truyện	Luồng hội thoại	Diễn Viên Số 1		Anything unusual?
lang_multi_text.db	Flow_11000004_150	3.4	Hội thoại/Cốt truyện	Luồng hội thoại	Diễn Viên Số 2		I did see Sanhua though! Just a fleeting glance, but it was her!
lang_multi_text.db	Flow_11000004_151	3.4	Hội thoại/Cốt truyện	Luồng hội thoại	Diễn Viên Số 3		Please, let's keep it down a bit, everyone.
lang_multi_text.db	Flow_11000004_152	3.4	Hội thoại/Cốt truyện	Luồng hội thoại	Diễn Viên Số 4		The crowd's growing. Where's this important guest everyone's talking about?
lang_multi_text.db	Flow_11000004_153	3.4	Hội thoại/Cốt truyện	Luồng hội thoại	Tiểu Phỉ		Hmm... Sanhua...
lang_multi_text.db	Flow_11000004_156	3.4	Hội thoại/Cốt truyện	Luồng hội thoại	Tiểu Phỉ		Father...
lang_multi_text.db	Flow_11000004_157	3.4	Hội thoại/Cốt truyện	Luồng hội thoại	Tiểu Phỉ		Father...
lang_multi_text.db	Flow_11000004_158	3.4	Hội thoại/Cốt truyện	Luồng hội thoại			Having trouble finding your father?
lang_multi_text.db	Flow_11000004_159	3.4	Hội thoại/Cốt truyện	Luồng hội thoại			Why are you here all by yourself?
lang_multi_text.db	Flow_11000004_16	3.4	Hội thoại/Cốt truyện	Luồng hội thoại	Diễn Viên Số 3		Not really.
lang_multi_text.db	Flow_11000004_160	3.4	Hội thoại/Cốt truyện	Luồng hội thoại	Tiểu Phỉ		I'm waiting for Father to finish work.
lang_multi_text.db	Flow_11000004_161	3.4	Hội thoại/Cốt truyện	Luồng hội thoại	Tiểu Phỉ		He usually finishes around this time...
lang_multi_text.db	Flow_11000004_162	3.4	Hội thoại/Cốt truyện	Luồng hội thoại	Tiểu Phỉ		But he's told me he has to finish all his work before leaving.
lang_multi_text.db	Flow_11000004_163	3.4	Hội thoại/Cốt truyện	Luồng hội thoại	Tiểu Phỉ		He also told me that a very, very important guest is arriving in Jinzhou.
lang_multi_text.db	Flow_11000004_164	3.4	Hội thoại/Cốt truyện	Luồng hội thoại	Tiểu Phỉ		So... I'm a little curious.
lang_multi_text.db	Flow_11000004_165	3.4	Hội thoại/Cốt truyện	Luồng hội thoại	Tiểu Phỉ		So, that's why I'm here...
lang_multi_text.db	Flow_11000004_166	3.4	Hội thoại/Cốt truyện	Luồng hội thoại			Just you? Isn't that a bit dangerous?
lang_multi_text.db	Flow_11000004_167	3.4	Hội thoại/Cốt truyện	Luồng hội thoại	Tiểu Phỉ		Nope! Not at all.
lang_multi_text.db	Flow_11000004_168	3.4	Hội thoại/Cốt truyện	Luồng hội thoại	Tiểu Phỉ		There are no monsters in Jinzhou that come out to eat kids at night.
lang_multi_text.db	Flow_11000004_169	3.4	Hội thoại/Cốt truyện	Luồng hội thoại	Tiểu Phỉ		Plus, with Uncle Yingda and the others around, City Hall is safe!
lang_multi_text.db	Flow_11000004_17	3.4	Hội thoại/Cốt truyện	Luồng hội thoại	Diễn Viên Số 3		But those rejected by Lady Sanhua just won’t leave.
lang_multi_text.db	Flow_11000004_170	3.4	Hội thoại/Cốt truyện	Luồng hội thoại	Thừa Cù		Hello, are you also here to meet with the Magistrate?
lang_multi_text.db	Flow_11000004_171	3.4	Hội thoại/Cốt truyện	Luồng hội thoại	Thừa Cù		Make sure your papers are ready...
lang_multi_text.db	Flow_11000004_172	3.4	Hội thoại/Cốt truyện	Luồng hội thoại			Yes.
lang_multi_text.db	Flow_11000004_173	3.4	Hội thoại/Cốt truyện	Luồng hội thoại	Thừa Cù		Ever since the Magistrate announced an important guest was visiting, the number of visitors to City Hall is growing by the hour.
lang_multi_text.db	Flow_11000004_174	3.4	Hội thoại/Cốt truyện	Luồng hội thoại			It's really exhausting.
lang_multi_text.db	Flow_11000004_175	3.4	Hội thoại/Cốt truyện	Luồng hội thoại	Thừa Cù		Times like these, we can't let our guard down. Everything needs to be done by the book.
lang_multi_text.db	Flow_11000004_176	3.4	Hội thoại/Cốt truyện	Luồng hội thoại	Thừa Cù		The crowd keeps growing. Where is this important guest anyway?
lang_multi_text.db	Flow_11000004_177	3.4	Hội thoại/Cốt truyện	Luồng hội thoại			I'm not sure.
lang_multi_text.db	Flow_11000004_178	3.4	Hội thoại/Cốt truyện	Luồng hội thoại			Could it be me?
lang_multi_text.db	Flow_11000004_179	3.4	Hội thoại/Cốt truyện	Luồng hội thoại	Thừa Cù		Seems like a lot of folks think they are the important guest the Magistrate spoke about.
lang_multi_text.db	Flow_11000004_18	3.4	Hội thoại/Cốt truyện	Luồng hội thoại	Diễn Viên Số 2		Maybe they really have important causes...
lang_multi_text.db	Flow_11000004_180	3.4	Hội thoại/Cốt truyện	Luồng hội thoại			But it doesn't matter, because the Magistrate and Lady Sanhua are the final judge of that. That's why so many are turned away at the door.
lang_multi_text.db	Flow_11000004_181	3.4	Hội thoại/Cốt truyện	Luồng hội thoại	Thừa Cù		Maybe Lady Sanhua knows, but it's like casting a wide net hoping the big fish takes the bait...
lang_multi_text.db	Flow_11000004_182	3.4	Hội thoại/Cốt truyện	Luồng hội thoại	Thừa Cù		Ah, if your paperwork is ready, better hurry and request a meeting with Lady Sanhua.
lang_multi_text.db	Flow_11000004_19	3.4	Hội thoại/Cốt truyện	Luồng hội thoại	Ao Bình		Look at that tree over there.
lang_multi_text.db	Flow_11000004_2	3.4	Hội thoại/Cốt truyện	Luồng hội thoại	Anh Đạt		OK, in that case, just produce it when you are at the meeting.
lang_multi_text.db	Flow_11000004_20	3.4	Hội thoại/Cốt truyện	Luồng hội thoại			Remember when it was just a sapling? Now look at it, all grown up and flourishing.
lang_multi_text.db	Flow_11000004_21	3.4	Hội thoại/Cốt truyện	Luồng hội thoại	Ao Bình		Jinzhou's farming has really taken off thanks to the hard work of the agriculture department.
lang_multi_text.db	Flow_11000004_22	3.4	Hội thoại/Cốt truyện	Luồng hội thoại			I mean, back in the day, we'd hustle to plant before Spring Loong Festival and wait until the Moon-chasing Festival to reap our crops.
lang_multi_text.db	Flow_11000004_23	3.4	Hội thoại/Cốt truyện	Luồng hội thoại	Ao Bình		But now, we can harvest in summer or fall, with fields full of golden grain swaying in the breeze. Pretty awesome, right?
lang_multi_text.db	Flow_11000004_24	3.4	Hội thoại/Cốt truyện	Luồng hội thoại	Dật Trúc		Those cases from yesterday are almost out of time, can't be prosecuted anymore...
lang_multi_text.db	Flow_11000004_25	3.4	Hội thoại/Cốt truyện	Luồng hội thoại			Hi. What can I help you with?
lang_multi_text.db	Flow_11000004_26	3.4	Hội thoại/Cốt truyện	Luồng hội thoại			Are you a lawyer?
lang_multi_text.db	Flow_11000004_27	3.4	Hội thoại/Cốt truyện	Luồng hội thoại	Dật Trúc		I'm sorry, I'm not a lawyer. Generally speaking, the Justice Commission doesn't appoint lawyers for people.
lang_multi_text.db	Flow_11000004_28	3.4	Hội thoại/Cốt truyện	Luồng hội thoại	Diễn Viên Số 1		Dingfeng, I've got something to tell you...
lang_multi_text.db	Flow_11000004_29	3.4	Hội thoại/Cốt truyện	Luồng hội thoại	Diễn Viên Số 2		What's the matter?
lang_multi_text.db	Flow_11000004_3	3.4	Hội thoại/Cốt truyện	Luồng hội thoại			Why have you been staring over there?
lang_multi_text.db	Flow_11000004_30	3.4	Hội thoại/Cốt truyện	Luồng hội thoại	Diễn Viên Số 1		Lady Sanhua. Don’t you think there’s something... strange about her?
lang_multi_text.db	Flow_11000004_31	3.4	Hội thoại/Cốt truyện	Luồng hội thoại	Diễn Viên Số 1		When she looks at people, it's like she's not looking at the person, but...
lang_multi_text.db	Flow_11000004_32	3.4	Hội thoại/Cốt truyện	Luồng hội thoại	Diễn Viên Số 1		I can't explain it, but it just feels weird.
lang_multi_text.db	Flow_11000004_33	3.4	Hội thoại/Cốt truyện	Luồng hội thoại	Thiền Tuyết		Shh, someone is coming.
lang_multi_text.db	Flow_11000004_34	3.4	Hội thoại/Cốt truyện	Luồng hội thoại			Hello, is there anything I can help you with?
lang_multi_text.db	Flow_11000004_35	3.4	Hội thoại/Cốt truyện	Luồng hội thoại			What’s up with Lady Sanhua?
lang_multi_text.db	Flow_11000004_36	3.4	Hội thoại/Cốt truyện	Luồng hội thoại			I'm just passing by.
lang_multi_text.db	Flow_11000004_37	3.4	Hội thoại/Cốt truyện	Luồng hội thoại	Thiền Tuyết		...
lang_multi_text.db	Flow_11000004_38	3.4	Hội thoại/Cốt truyện	Luồng hội thoại	Đỉnh Phong		...
lang_multi_text.db	Flow_11000004_39	3.4	Hội thoại/Cốt truyện	Luồng hội thoại	Thiền Tuyết		We... Well, I-I feel like Lady Sanhua is not just looking at the person when she looks at someone.
lang_multi_text.db	Flow_11000004_42	3.4	Hội thoại/Cốt truyện	Luồng hội thoại	Thiền Tuyết		How should I put it, it's like she's looking at something deeper.
lang_multi_text.db	Flow_11000004_44	3.4	Hội thoại/Cốt truyện	Luồng hội thoại	Thiền Tuyết		But the thought of this always makes me feel weird.
lang_multi_text.db	Flow_11000004_45	3.4	Hội thoại/Cốt truyện	Luồng hội thoại	Thiền Tuyết		Lady Sanhua is a good person. You can trust her with anything.
lang_multi_text.db	Flow_11000004_46	3.4	Hội thoại/Cốt truyện	Luồng hội thoại	Thiền Tuyết		Still... Please don't tell her I said this...
lang_multi_text.db	Flow_11000004_47	3.4	Hội thoại/Cốt truyện	Luồng hội thoại			Who gets scared of someone they have no connection with? It's absurd, haha.
lang_multi_text.db	Flow_11000004_48	3.4	Hội thoại/Cốt truyện	Luồng hội thoại	Thiền Tuyết		I'm still here!
lang_multi_text.db	Flow_11000004_49	3.4	Hội thoại/Cốt truyện	Luồng hội thoại	Đỉnh Phong		Hahaha, I didn't say who it was.
lang_multi_text.db	Flow_11000004_5	3.4	Hội thoại/Cốt truyện	Luồng hội thoại	Anh Đạt		But there might be other reasons. The two guards over there, Chenbi and Shuhe. I'm their leaders.
lang_multi_text.db	Flow_11000004_50	3.4	Hội thoại/Cốt truyện	Luồng hội thoại	Thiền Tuyết		I...
lang_multi_text.db	Flow_11000004_51	3.4	Hội thoại/Cốt truyện	Luồng hội thoại	Đỉnh Phong		Phew... Hello, is there anything I can help you with?
lang_multi_text.db	Flow_11000004_52	3.4	Hội thoại/Cốt truyện	Luồng hội thoại			You seem to have something on your mind.
lang_multi_text.db	Flow_11000004_53	3.4	Hội thoại/Cốt truyện	Luồng hội thoại			It's nothing, I'm leaving.
lang_multi_text.db	Flow_11000004_55	3.4	Hội thoại/Cốt truyện	Luồng hội thoại	Đỉnh Phong		Huh? Nothing, really.
lang_multi_text.db	Flow_11000004_56	3.4	Hội thoại/Cốt truyện	Luồng hội thoại	Đỉnh Phong		I don't know, man. I feel exhausted on duty these days compared to when I was in the city.
lang_multi_text.db	Flow_11000004_57	3.4	Hội thoại/Cốt truyện	Luồng hội thoại	Đỉnh Phong		Sure, back then I dealt with all sorts of little things every day and it kept me busy.
lang_multi_text.db	Flow_11000004_6	3.4	Hội thoại/Cốt truyện	Luồng hội thoại	Anh Đạt		Him? That kid's got all the strength in the world.
lang_multi_text.db	Flow_11000004_60	3.4	Hội thoại/Cốt truyện	Luồng hội thoại	Đỉnh Phong		But now? There's less to do, yet I'm mentally drained and constantly tired.
lang_multi_text.db	Flow_11000004_61	3.4	Hội thoại/Cốt truyện	Luồng hội thoại	Trầm Bích		On top of patrolling during the day, there's still...
lang_multi_text.db	Flow_11000004_62	3.4	Hội thoại/Cốt truyện	Luồng hội thoại	Thụ Hách		Hey, what are you doing there?
lang_multi_text.db	Flow_11000004_63	3.4	Hội thoại/Cốt truyện	Luồng hội thoại	Thụ Hách		Permission is required for an audience with Madam Magistrate.
lang_multi_text.db	Flow_11000004_64	3.4	Hội thoại/Cốt truyện	Luồng hội thoại			I must see Madam Magistrate now. It's urgent.
lang_multi_text.db	Flow_11000004_65	3.4	Hội thoại/Cốt truyện	Luồng hội thoại			I'm just having a walk.
lang_multi_text.db	Flow_11000004_67	3.4	Hội thoại/Cốt truyện	Luồng hội thoại			You don't sleep at all?
lang_multi_text.db	Flow_11000004_69	3.4	Hội thoại/Cốt truyện	Luồng hội thoại	Thụ Hách		According to the Magistrate's rules, it's not against the law to hang around here.
lang_multi_text.db	Flow_11000004_72	3.4	Hội thoại/Cốt truyện	Luồng hội thoại	Thụ Hách		No, you need approval or permission from Sanhua before you can see the Magistrate.
lang_multi_text.db	Flow_11000004_73	3.4	Hội thoại/Cốt truyện	Luồng hội thoại	Thụ Hách		Alright, fine. Walk right in, by all means! Make my... Oh, wait, you've got your papers in order?
lang_multi_text.db	Flow_11000004_75	3.4	Hội thoại/Cốt truyện	Luồng hội thoại	Thụ Hách		If you have the right paperwork, you're good to go.
lang_multi_text.db	Flow_11000004_76	3.4	Hội thoại/Cốt truyện	Luồng hội thoại	Thụ Hách		This is the City Hall of Jinzhou, it's not a playground.
lang_multi_text.db	Flow_11000004_8	3.4	Hội thoại/Cốt truyện	Luồng hội thoại	Anh Đạt		City Hall is the heart of Jinzhou.
lang_multi_text.db	Flow_11000004_81	3.4	Hội thoại/Cốt truyện	Luồng hội thoại	Thụ Hách		Always need to match your effort to the task at hand.
lang_multi_text.db	Flow_11000004_82	3.4	Hội thoại/Cốt truyện	Luồng hội thoại	Thụ Hách		Guarding City Hall is a duty given to us by the Magistrate and Sanhua, and we take it seriously.
lang_multi_text.db	Flow_11000004_9	3.4	Hội thoại/Cốt truyện	Luồng hội thoại	Anh Đạt		I need to give everything I have for the event happening today.
lang_multi_text.db	Flow_11000004_91	3.4	Hội thoại/Cốt truyện	Luồng hội thoại	Trầm Bích		Ah, hello, is there something I can help you with?
lang_multi_text.db	Flow_11000004_92	3.4	Hội thoại/Cốt truyện	Luồng hội thoại			I heard you talking to yourself.
lang_multi_text.db	Flow_11000004_93	3.4	Hội thoại/Cốt truyện	Luồng hội thoại	Trầm Bích		There's a lot on our plate as City Hall guards, so please don't get in the way of our duties!
lang_multi_text.db	Flow_11000004_97	3.4	Hội thoại/Cốt truyện	Luồng hội thoại	Trầm Bích		What time is it now? Hmm... Almost time to switch shifts?
lang_multi_text.db	Flow_11000004_99	3.4	Hội thoại/Cốt truyện	Luồng hội thoại			Are you going to rest?
lang_multi_text.db	Flow_11000006_1	3.4	Hội thoại/Cốt truyện	Luồng hội thoại	Diễn Viên Số 1		I can't believe I've been with the Midnight Rangers for so long.
lang_multi_text.db	Flow_11000006_10	3.4	Hội thoại/Cốt truyện	Luồng hội thoại	Diễn Viên Số 1		Why am I stuck behind with these logistic duties...
lang_multi_text.db	Flow_11000006_11	3.4	Hội thoại/Cốt truyện	Luồng hội thoại	Diễn Viên Số 2		The jobs done behind the city walls are also important. Just imagine if troubles stir up in the city...
lang_multi_text.db	Flow_11000006_12	3.4	Hội thoại/Cốt truyện	Luồng hội thoại			It's been so long. Why can't I beat Lingfeng?
lang_multi_text.db	Flow_11000006_13	3.4	Hội thoại/Cốt truyện	Luồng hội thoại			It's been so long. Why can't I beat Lingfeng?
lang_multi_text.db	Flow_11000006_14	3.4	Hội thoại/Cốt truyện	Luồng hội thoại			It's been so long. Why can't I beat Lingfeng?
lang_multi_text.db	Flow_11000006_15	3.4	Hội thoại/Cốt truyện	Luồng hội thoại	Đức Bưu		I remember back in the days I had a period when I was very down and out. It was Lingfeng who pulled me out of it.
lang_multi_text.db	Flow_11000006_16	3.4	Hội thoại/Cốt truyện	Luồng hội thoại	Đức Bưu		Since then, I have been training hard on my combat skills, but I haven't yet bested Lingfeng.
lang_multi_text.db	Flow_11000006_17	3.4	Hội thoại/Cốt truyện	Luồng hội thoại			The scoreline has reached 0:20 and I want another go.
lang_multi_text.db	Flow_11000006_18	3.4	Hội thoại/Cốt truyện	Luồng hội thoại			Haha, keep it up. After training, we have to go on duty.
lang_multi_text.db	Flow_11000006_19	3.4	Hội thoại/Cốt truyện	Luồng hội thoại	Đức Bưu		Alright. Let's hit it!
lang_multi_text.db	Flow_11000006_2	3.4	Hội thoại/Cốt truyện	Luồng hội thoại	Diễn Viên Số 1		And yet I still haven't been able to beat you in a fight!
lang_multi_text.db	Flow_11000006_20	3.4	Hội thoại/Cốt truyện	Luồng hội thoại	Đức Bưu		The guest that the Jinzhou Magistrate mentioned has been in Jinzhou for a long time.
lang_multi_text.db	Flow_11000006_21	3.4	Hội thoại/Cốt truyện	Luồng hội thoại	Đức Bưu		But I haven't beaten Lingfeng.
lang_multi_text.db	Flow_11000006_22	3.4	Hội thoại/Cốt truyện	Luồng hội thoại			The scoreline has reached 0:30 and I want another go.
lang_multi_text.db	Flow_11000006_23	3.4	Hội thoại/Cốt truyện	Luồng hội thoại			The city has been busy recently. We have to work harder. Let's go for another round.
lang_multi_text.db	Flow_11000006_24	3.4	Hội thoại/Cốt truyện	Luồng hội thoại	Đức Bưu		Alright. Let's hit it!
lang_multi_text.db	Flow_11000006_25	3.4	Hội thoại/Cốt truyện	Luồng hội thoại	Đức Bưu		The legendary battle between General Jiyan and the Ovathrax up in the Norfall Barrens was brutal and ferocious...
lang_multi_text.db	Flow_11000006_26	3.4	Hội thoại/Cốt truyện	Luồng hội thoại	Đức Bưu		At that time, my mind was so set on going to the battlefield. But Lingfeng said that I was ready to be on the battlefield if I couldn't even beat him.
lang_multi_text.db	Flow_11000006_27	3.4	Hội thoại/Cốt truyện	Luồng hội thoại			The scoreline has reached 0:40 and I want another go.
lang_multi_text.db	Flow_11000006_28	3.4	Hội thoại/Cốt truyện	Luồng hội thoại			You need more training. Besides, it's not like you can't make your contribution outside of the battlefield.
lang_multi_text.db	Flow_11000006_29	3.4	Hội thoại/Cốt truyện	Luồng hội thoại	Đức Bưu		Yeah... Alright. Whatever you say. Lingfeng, let's go again, I need more training!
lang_multi_text.db	Flow_11000006_3	3.4	Hội thoại/Cốt truyện	Luồng hội thoại	Diễn Viên Số 2		Haha, yeah! That despondent, ragged version of you was certainly a troubling sight.
lang_multi_text.db	Flow_11000006_32	3.4	Hội thoại/Cốt truyện	Luồng hội thoại			I don't recall Liondance Troupe putting on a show for a while. What a pity...
lang_multi_text.db	Flow_11000006_33	3.4	Hội thoại/Cốt truyện	Luồng hội thoại			Ah, someone's coming.
lang_multi_text.db	Flow_11000006_35	3.4	Hội thoại/Cốt truyện	Luồng hội thoại			I'm just passing by.
lang_multi_text.db	Flow_11000006_36	3.4	Hội thoại/Cốt truyện	Luồng hội thoại			You want to see the Liondance Troupe's performance?
lang_multi_text.db	Flow_11000006_37	3.4	Hội thoại/Cốt truyện	Luồng hội thoại	Thi Vũ		Sure! But perhaps it's better that you don't run around or make a lot of noise.
lang_multi_text.db	Flow_11000006_39	3.4	Hội thoại/Cốt truyện	Luồng hội thoại	Thi Vũ		Yes, yes! Do you also like the Liondance Troupe?
lang_multi_text.db	Flow_11000006_4	3.4	Hội thoại/Cốt truyện	Luồng hội thoại	Diễn Viên Số 1		There's been a lot going on in the city lately...
lang_multi_text.db	Flow_11000006_40	3.4	Hội thoại/Cốt truyện	Luồng hội thoại	Thi Vũ		My wish is that, one day, I can just get off work, stroll into this theater, and kick back and watch a performance by the Liondance Troupe without disruptions.
lang_multi_text.db	Flow_11000006_41	3.4	Hội thoại/Cốt truyện	Luồng hội thoại	Thi Vũ		That would be great! But I have to finish my work first, everyone is still waiting for me!
lang_multi_text.db	Flow_11000006_43	3.4	Hội thoại/Cốt truyện	Luồng hội thoại	Thi Vũ		The last show by Lingyang of the Liondance Troupe was spectacular!
lang_multi_text.db	Flow_11000006_44	3.4	Hội thoại/Cốt truyện	Luồng hội thoại			Ah, someone is coming.
lang_multi_text.db	Flow_11000006_45	3.4	Hội thoại/Cốt truyện	Luồng hội thoại	Thi Vũ		The last show by Lingyang of the Liondance Troupe was spectacular!
lang_multi_text.db	Flow_11000006_46	3.4	Hội thoại/Cốt truyện	Luồng hội thoại			Have you seen Lingyang's performance?
lang_multi_text.db	Flow_11000006_47	3.4	Hội thoại/Cốt truyện	Luồng hội thoại			I'm just passing by.
lang_multi_text.db	Flow_11000006_49	3.4	Hội thoại/Cốt truyện	Luồng hội thoại			Sure! But perhaps it's better that you don't run around or make a lot of noise.
lang_multi_text.db	Flow_11000006_5	3.4	Hội thoại/Cốt truyện	Luồng hội thoại	Diễn Viên Số 1		If there's anything I can do, let me know, and I'll do my part!
lang_multi_text.db	Flow_11000006_50	3.4	Hội thoại/Cốt truyện	Luồng hội thoại	Thi Vũ		Yes, yes! Did you also watch Lingyang's performance?
lang_multi_text.db	Flow_11000006_51	3.4	Hội thoại/Cốt truyện	Luồng hội thoại	Thi Vũ		It seems that I've been working overtime a lot recently and our captain granted me a day off to watch the show!
lang_multi_text.db	Flow_11000006_517	3.4	Hội thoại/Cốt truyện	Luồng hội thoại	Lăng Phong		I need to work my muscles more. I haven't stretched for a few days and I feel dead on my feet.
lang_multi_text.db	Flow_11000006_518	3.4	Hội thoại/Cốt truyện	Luồng hội thoại	Lăng Phong		Shiyu... Well, she's a nice girl. Hard-working. But you can tell she's keeping a lot to herself.
lang_multi_text.db	Flow_11000006_519	3.4	Hội thoại/Cốt truyện	Luồng hội thoại	Lăng Phong		The work is not easy recently... Hello, what can I do for you?
lang_multi_text.db	Flow_11000006_52	3.4	Hội thoại/Cốt truyện	Luồng hội thoại	Thi Vũ		That performance was really spectacular!
lang_multi_text.db	Flow_11000006_520	3.4	Hội thoại/Cốt truyện	Luồng hội thoại	Lăng Phong		When Debiao was young, he loved to spar with people. Then, I don't know what had happened, he looked so depressed when I found him after I had returned from the army.
lang_multi_text.db	Flow_11000006_521	3.4	Hội thoại/Cốt truyện	Luồng hội thoại	Lăng Phong		When you have time, train more, or find someone to spar with.
lang_multi_text.db	Flow_11000006_523	3.4	Hội thoại/Cốt truyện	Luồng hội thoại	Lăng Phong		She's trying to look out for everyone, but it's not that easy.
lang_multi_text.db	Flow_11000006_524	3.4	Hội thoại/Cốt truyện	Luồng hội thoại	Lăng Phong		You say she's into liondances now? Haha, it's good to have a new interest.
lang_multi_text.db	Flow_11000006_525	3.4	Hội thoại/Cốt truyện	Luồng hội thoại	Lăng Phong		Next time when the Liondance Troupe has a performance, I'll give her a day off to watch it.
lang_multi_text.db	Flow_11000006_526	3.4	Hội thoại/Cốt truyện	Luồng hội thoại	Lăng Phong		Those guys over there do it. But they haven't beaten me yet. So take your time.
lang_multi_text.db	Flow_11000006_529	3.4	Hội thoại/Cốt truyện	Luồng hội thoại			But now he's more active, and he trains hard every day. He'll be able to beat me sooner or later.
lang_multi_text.db	Flow_11000006_53	3.4	Hội thoại/Cốt truyện	Luồng hội thoại	Thi Vũ		I can still see Lingyang landing on the highest pole without a flinch or stagger right before my eyes.
lang_multi_text.db	Flow_11000006_530	3.4	Hội thoại/Cốt truyện	Luồng hội thoại			He's still obsessed with challenging me to a duel. He's lost thirty times already...
lang_multi_text.db	Flow_11000006_531	3.4	Hội thoại/Cốt truyện	Luồng hội thoại	Lăng Phong		But he almost got me this time. He's improving.
lang_multi_text.db	Flow_11000006_532	3.4	Hội thoại/Cốt truyện	Luồng hội thoại	Lăng Phong		This kid, Debiao, he's lost forty times, but he still wants to fight me!
lang_multi_text.db	Flow_11000006_536	3.4	Hội thoại/Cốt truyện	Luồng hội thoại			That's the spirit—refusing to give in. He just needs more training.
lang_multi_text.db	Flow_11000006_537	3.4	Hội thoại/Cốt truyện	Luồng hội thoại	Diễn Viên Số 2		Come on, do you want to practice again?
lang_multi_text.db	Flow_11000006_538	3.4	Hội thoại/Cốt truyện	Luồng hội thoại	Diễn Viên Số 2		Come on. Let's train more while we can. We need to be on duty afterward.
lang_multi_text.db	Flow_11000006_539	3.4	Hội thoại/Cốt truyện	Luồng hội thoại	Lăng Phong		Do your logistic duties and the tasks assigned to you by the city government. It is only when the city is stable that those on the frontline can focus on their jobs.
lang_multi_text.db	Flow_11000006_54	3.4	Hội thoại/Cốt truyện	Luồng hội thoại	Thi Vũ		Please do not run around or make a lot of noise here.
lang_multi_text.db	Flow_11000006_540	3.4	Hội thoại/Cốt truyện	Luồng hội thoại	Lăng Phong		It's good that there's nothing wrong, but it's not good to make a fuss here, just be careful.
lang_multi_text.db	Flow_11000006_541	3.4	Hội thoại/Cốt truyện	Luồng hội thoại	Lăng Phong		Last time, I gave her a day off to watch the performance of the Liondance Troupe.
lang_multi_text.db	Flow_11000006_542	3.4	Hội thoại/Cốt truyện	Luồng hội thoại	Lăng Phong		She said she didn't want to, but when she came back, I found that she was genuinely happy.
lang_multi_text.db	Flow_11000006_543	3.4	Hội thoại/Cốt truyện	Luồng hội thoại	Lăng Phong		She's going on and on about the spectacular performance of Lingyang.
lang_multi_text.db	Flow_11000006_544	3.4	Hội thoại/Cốt truyện	Luồng hội thoại	Lăng Phong		If the Liondance Troupe performs again, I want to go and watch.
lang_multi_text.db	Flow_11000006_545	3.4	Hội thoại/Cốt truyện	Luồng hội thoại	Lăng Phong		When General Jiyan was a medic, he never neglected his training.
lang_multi_text.db	Flow_11000006_546	3.4	Hội thoại/Cốt truyện	Luồng hội thoại	Lăng Phong		Although he was a medic at the time, he followed the military routines as did the soldiers.
lang_multi_text.db	Flow_11000006_547	3.4	Hội thoại/Cốt truyện	Luồng hội thoại	Lăng Phong		So, this journey of a thousand miles, it all starts with this bit by bit training.
lang_multi_text.db	Flow_11000006_548	3.4	Hội thoại/Cốt truyện	Luồng hội thoại	Thi Vũ		It's really amazing, I wish I had that skill! I could have protected everyone at that time...
lang_multi_text.db	Flow_11000006_6	3.4	Hội thoại/Cốt truyện	Luồng hội thoại	Diễn Viên Số 2		Let's train more while we can. We are on duty tonight.
lang_multi_text.db	Flow_11000006_7	3.4	Hội thoại/Cốt truyện	Luồng hội thoại	Diễn Viên Số 1		I also want to meet the guest that Jinzhou Magistrate mentioned.
lang_multi_text.db	Flow_11000006_8	3.4	Hội thoại/Cốt truyện	Luồng hội thoại	Diễn Viên Số 1		The battle in Norfall Barrens was so intense...
lang_multi_text.db	Flow_11000006_9	3.4	Hội thoại/Cốt truyện	Luồng hội thoại	Diễn Viên Số 1		I also want to fight on the front lines!
lang_multi_text.db	Flow_11000007_1	3.4	Hội thoại/Cốt truyện	Luồng hội thoại	Thanh Khê		I wonder how Qingning is doing... When that girl is working, she doesn't even have time to eat.
lang_multi_text.db	Flow_11000007_10	3.4	Hội thoại/Cốt truyện	Luồng hội thoại	Hâm Lạc		Oh, allow me to apologize on his behalf. For you've helped out Jinyue, as his older brother, I should show my gratitude. Feel free to come to me if you have any difficulties in the future.
lang_multi_text.db	Flow_11000007_11	3.4	Hội thoại/Cốt truyện	Luồng hội thoại	A Du		The numbers don't add up... Hmm, I should count again.
lang_multi_text.db	Flow_11000007_12	3.4	Hội thoại/Cốt truyện	Luồng hội thoại	A Du		What an ingenious way to use this thing! Those years of service in logistics certainly taught you a few things... I'd take notes.
lang_multi_text.db	Flow_11000007_14	3.4	Hội thoại/Cốt truyện	Luồng hội thoại	A Du		Forty-six... Forty-eight... Fifty... What's the matter? Are you looking for me?
lang_multi_text.db	Flow_11000007_15	3.4	Hội thoại/Cốt truyện	Luồng hội thoại	A Du		Yes, the inventories won't do themselves.
lang_multi_text.db	Flow_11000007_17	3.4	Hội thoại/Cốt truyện	Luồng hội thoại	Speaker_790_Title		You there, looking to put on some training? Good training keeps you sharp. The enemies won't go easy on you out there.
lang_multi_text.db	Flow_11000007_2	3.4	Hội thoại/Cốt truyện	Luồng hội thoại	Thanh Khê		Another batch of recruits left today, I hope everything goes smoothly for them on the front line...
lang_multi_text.db	Flow_11000007_24	3.4	Hội thoại/Cốt truyện	Luồng hội thoại	Thanh Khê		If there is no important matter, it is better not to stay here. If you want to visit, register with Xinle first.
lang_multi_text.db	Flow_11000007_3	3.4	Hội thoại/Cốt truyện	Luồng hội thoại	Thanh Khê		I haven't had a good rest for a while... Oh well, let's just get through this period.
lang_multi_text.db	Flow_11000007_4	3.4	Hội thoại/Cốt truyện	Luồng hội thoại	Thanh Khê		You are on military premises. So make sure you follow the rules, my friend.
lang_multi_text.db	Flow_11000007_548	3.4	Hội thoại/Cốt truyện	Luồng hội thoại			You look very busy.
lang_multi_text.db	Flow_11000007_549	3.4	Hội thoại/Cốt truyện	Luồng hội thoại	A Du		Phew... If only I could go to the front line like the seniors of Vanguard... All I do now is count these stupid boxes every day. There's no end to this job...
lang_multi_text.db	Flow_11000007_550	3.4	Hội thoại/Cốt truyện	Luồng hội thoại			You are the buttress that supports the battles on the front line.
lang_multi_text.db	Flow_11000007_551	3.4	Hội thoại/Cốt truyện	Luồng hội thoại			I believe you can become the Vanguard.
lang_multi_text.db	Flow_11000007_552	3.4	Hội thoại/Cốt truyện	Luồng hội thoại	A Du		Thank you, I will try my best. But, enough with my whining. If I can't even handle these trivial matters, I won't make it to the front line.
lang_multi_text.db	Flow_11000007_553	3.4	Hội thoại/Cốt truyện	Luồng hội thoại			Although the Rearguard is in charge of logistics and defense on the back, I heard many of the former Rearguard members earned honors no inferior to those of the Vanguard. Perhaps my mundane task is a form of training. I can't beat myself up anymore.
lang_multi_text.db	Flow_11000007_554	3.4	Hội thoại/Cốt truyện	Luồng hội thoại	A Du		You're right, Qingxi says this to me as well. I was too being short-sighted.
lang_multi_text.db	Flow_11000007_555	3.4	Hội thoại/Cốt truyện	Luồng hội thoại	A Du		Even the simplest logistic duties concern the safety of Jinzhou and the livelihood of the comrades on the frontline. There's no room for mistakes.
lang_multi_text.db	Flow_11000007_556	3.4	Hội thoại/Cốt truyện	Luồng hội thoại			It's nothing, I'm just wandering around.
lang_multi_text.db	Flow_11000007_557	3.4	Hội thoại/Cốt truyện	Luồng hội thoại			No trouble at all, just a piece of cake.
lang_multi_text.db	Flow_11000007_558	3.4	Hội thoại/Cốt truyện	Luồng hội thoại			It's quite a hassle...
lang_multi_text.db	Flow_11000007_559	3.4	Hội thoại/Cốt truyện	Luồng hội thoại	Hâm Lạc		But I should say this in advance: when it concerns the military base, I'm afraid I can't help...
lang_multi_text.db	Flow_11000007_560	3.4	Hội thoại/Cốt truyện	Luồng hội thoại			As long as I'm a Midnight Ranger, I'll guard the base with my life for it's my duty, after all. I hope you can understand.
lang_multi_text.db	Flow_11000007_561	3.4	Hội thoại/Cốt truyện	Luồng hội thoại	Hâm Lạc		For you've helped out Jinyue, as his older brother, I should show my gratitude. Feel free to come to me if you have any difficulties in the future.
lang_multi_text.db	Flow_11000007_574	3.4	Hội thoại/Cốt truyện	Luồng hội thoại	Hâm Lạc		But let me tell you in advance, if it's about the military base, I'm afraid I can't help...
lang_multi_text.db	Flow_11000007_575	3.4	Hội thoại/Cốt truyện	Luồng hội thoại	Hâm Lạc		As long as I'm a Midnight Ranger, I'll guard the base with my life for it's my duty, after all. I hope you can understand.
lang_multi_text.db	Flow_11000007_576	3.4	Hội thoại/Cốt truyện	Luồng hội thoại	Diễn Viên Số 1		Break time is over. All stand up! The training resumes. Attention!
lang_multi_text.db	Flow_11000007_577	3.4	Hội thoại/Cốt truyện	Luồng hội thoại	Diễn Viên Số 2		Aye, sir!
lang_multi_text.db	Flow_11000007_578	3.4	Hội thoại/Cốt truyện	Luồng hội thoại	Diễn Viên Số 3		Ah... my legs are screaming...
lang_multi_text.db	Flow_11000007_579	3.4	Hội thoại/Cốt truyện	Luồng hội thoại	Diễn Viên Số 4		Sir! I have a question about TD—
lang_multi_text.db	Flow_11000007_580	3.4	Hội thoại/Cốt truyện	Luồng hội thoại	Diễn Viên Số 5		Sir, I wonder how I handle a weapon malfunction during a fight...
lang_multi_text.db	Flow_11000007_581	3.4	Hội thoại/Cốt truyện	Luồng hội thoại	Diễn Viên Số 6		Finally, after all the applications I've filed over the years. Finally, I'm going to the front line!
lang_multi_text.db	Flow_11000007_582	3.4	Hội thoại/Cốt truyện	Luồng hội thoại	Diễn Viên Số 7		S-sir! How many soldiers have you trained!
lang_multi_text.db	Flow_11000007_583	3.4	Hội thoại/Cốt truyện	Luồng hội thoại	Diễn Viên Số 1		First, about weapon damage—
lang_multi_text.db	Flow_11000007_584	3.4	Hội thoại/Cốt truyện	Luồng hội thoại	Diễn Viên Số 1		Get in teams of two and we'll do another simulation battle.
lang_multi_text.db	Flow_11000007_585	3.4	Hội thoại/Cốt truyện	Luồng hội thoại	Diễn Viên Số 1		Perseverance is not the same as recklessness. Do you hear me?
lang_multi_text.db	Flow_11000007_586	3.4	Hội thoại/Cốt truyện	Luồng hội thoại	Diễn Viên Số 8		Yes, sir!
lang_multi_text.db	Flow_11000007_587	3.4	Hội thoại/Cốt truyện	Luồng hội thoại	Diễn Viên Số 9		The moves aren't pretty but they work ...... Well, it's still important that they work.
lang_multi_text.db	Flow_11000007_588	3.4	Hội thoại/Cốt truyện	Luồng hội thoại	Diễn Viên Số 10		I've figured out Xiaohua's moves. Hey, I can't lose this time!
lang_multi_text.db	Flow_11000007_6	3.4	Hội thoại/Cốt truyện	Luồng hội thoại	Hâm Lạc		Is there anything I can help with?
lang_multi_text.db	Flow_11000007_7	3.4	Hội thoại/Cốt truyện	Luồng hội thoại	Hâm Lạc		I see... If you're requesting a visit, please register here... and go through the security search. Hmm... You're all set. Please remember, "Keep quite while you're in the military facility."
lang_multi_text.db	Flow_11000007_8	3.4	Hội thoại/Cốt truyện	Luồng hội thoại	Hâm Lạc		Excuse me, are you the... Rover? The one who helped Jinyue find that "treasure" a while ago?
lang_multi_text.db	Flow_11000007_9	3.4	Hội thoại/Cốt truyện	Luồng hội thoại	Hâm Lạc		Jinyue told me everything. I'm so sorry for the troubles my younger brother has caused you.
lang_multi_text.db	Flow_11000008_1	3.4	Hội thoại/Cốt truyện	Luồng hội thoại	Speaker_201_Title		Here's to a world of discoveries and wonders! Hello! Welcome to the Pioneer Association's Jinzhou Branch.
lang_multi_text.db	Flow_11000008_10	3.4	Hội thoại/Cốt truyện	Luồng hội thoại	Chu Nghị		Go see the masterpieces of humanity, paintings, architecture, and inventions, and find joy in the journey.
lang_multi_text.db	Flow_11000008_12	3.4	Hội thoại/Cốt truyện	Luồng hội thoại	Chu Nghị		The seniors always tell me to wait a little longer. I guess it's because I don't have the Resonance Ability that they never took me on the expeditions.
lang_multi_text.db	Flow_11000008_13	3.4	Hội thoại/Cốt truyện	Luồng hội thoại	Tiêm Thần		I've tried every way, but I can't persuade him. What should I do... Rover, you came at the right time. Help me think of a solution.
lang_multi_text.db	Flow_11000008_14	3.4	Hội thoại/Cốt truyện	Luồng hội thoại	Tiêm Thần		It's about my junior, Zhuyi. He recently joined the Pioneer Association and is now working as an intern photographer.
lang_multi_text.db	Flow_11000008_15	3.4	Hội thoại/Cốt truyện	Luồng hội thoại	Tiêm Thần		According to the regulations, new members are required to participate in the regular "Fireside Chats" to share and learn the history and culture of the Pioneer Association.
lang_multi_text.db	Flow_11000008_16	3.4	Hội thoại/Cốt truyện	Luồng hội thoại	Tiêm Thần		To be honest, when I was young, I was just as hotheaded as him. Always at the forefront of the team.
lang_multi_text.db	Flow_11000008_17	3.4	Hội thoại/Cốt truyện	Luồng hội thoại			Photography is like magic. Click. And you freeze a moment in time.
lang_multi_text.db	Flow_11000008_19	3.4	Hội thoại/Cốt truyện	Luồng hội thoại			There has been an arms race of photography gadgets. But, at the end of the day– Isn't it down to who uses it? My only criterion for a gadget is that it does the job.
lang_multi_text.db	Flow_11000008_2	3.4	Hội thoại/Cốt truyện	Luồng hội thoại	Speaker_201_Title		Of course. One moment please, we're connecting to your Terminal.
lang_multi_text.db	Flow_11000008_22	3.4	Hội thoại/Cốt truyện	Luồng hội thoại	A Vĩ		Hello! Are you also here to submit to "Tidal Geography" of the Pioneer Association?
lang_multi_text.db	Flow_11000008_24	3.4	Hội thoại/Cốt truyện	Luồng hội thoại			No, I'm just looking around.
lang_multi_text.db	Flow_11000008_25	3.4	Hội thoại/Cốt truyện	Luồng hội thoại	A Vĩ		Well... If you don't mind, could you take a look at the submission I prepared this time?
lang_multi_text.db	Flow_11000008_26	3.4	Hội thoại/Cốt truyện	Luồng hội thoại	A Vĩ		Thank you. The publisher started a new column called "Return to the Front Tide" in collaboration with big-shot photographers of the New Federation and the Pioneer Association. It's open for public submission regularly.
lang_multi_text.db	Flow_11000008_27	3.4	Hội thoại/Cốt truyện	Luồng hội thoại	A Vĩ		I started making submissions not long ago, and I don't know if everyone likes my photos.
lang_multi_text.db	Flow_11000008_28	3.4	Hội thoại/Cốt truyện	Luồng hội thoại	A Vĩ		There's no requirement for experience and themes, which means even a nobody photographer like me can take a shot.
lang_multi_text.db	Flow_11000008_29	3.4	Hội thoại/Cốt truyện	Luồng hội thoại	A Vĩ		I heard that the selected photos will be used for image reconstruction using AI to restore the scenes of the world before the Lament.
lang_multi_text.db	Flow_11000008_3	3.4	Hội thoại/Cốt truyện	Luồng hội thoại	Speaker_201_Title		Me? I'm the receptionist here. My job is to help our members in Jinzhou, and bring in new ones when I can!
lang_multi_text.db	Flow_11000008_30	3.4	Hội thoại/Cốt truyện	Luồng hội thoại			What happened?
lang_multi_text.db	Flow_11000008_31	3.4	Hội thoại/Cốt truyện	Luồng hội thoại	Tiêm Thần		The recent adventure story was about the Icebreakers, who ventured into places far and between, like the distant polar oceans, the revived volcanoes, and the Great Rift Valley after the Lament occurred.
lang_multi_text.db	Flow_11000008_32	3.4	Hội thoại/Cốt truyện	Luồng hội thoại	Tiêm Thần		They reported about nature's warning signs that they spot around the world and became the first witnesses of countless powerful Tacet Discord.
lang_multi_text.db	Flow_11000008_33	3.4	Hội thoại/Cốt truyện	Luồng hội thoại	Tiêm Thần		After hearing these stories, Zhuyi suddenly became restless and applied to the Association to join the next expedition to the unchartered danger zones.
lang_multi_text.db	Flow_11000008_34	3.4	Hội thoại/Cốt truyện	Luồng hội thoại	Tiêm Thần		I'm worried that he's moving too fast and might make the mistakes I made before.
lang_multi_text.db	Flow_11000008_35	3.4	Hội thoại/Cốt truyện	Luồng hội thoại	Tiêm Thần		Later, in one of the missions, I rushed forward without properly surveying the terrain and accidentally fell into a cave.
lang_multi_text.db	Flow_11000008_36	3.4	Hội thoại/Cốt truyện	Luồng hội thoại	Tiêm Thần		As a result, I injured my thigh, and since then had to gradually retire from the field. Now I'm starting to think about transferring to support.
lang_multi_text.db	Flow_11000008_37	3.4	Hội thoại/Cốt truyện	Luồng hội thoại	Tiêm Thần		What if he makes my mistake again?
lang_multi_text.db	Flow_11000008_38	3.4	Hội thoại/Cốt truyện	Luồng hội thoại	Tiêm Thần		Rover, if you have a solution, you must tell me.
lang_multi_text.db	Flow_11000008_39	3.4	Hội thoại/Cốt truyện	Luồng hội thoại			The shot is great.
lang_multi_text.db	Flow_11000008_4	3.4	Hội thoại/Cốt truyện	Luồng hội thoại	Speaker_201_Title		The Pioneer Association, formerly known as the "Post-Lament Geological Society", is dedicated to expanding humanity's knowledge of the world.
lang_multi_text.db	Flow_11000008_40	3.4	Hội thoại/Cốt truyện	Luồng hội thoại	A Vĩ		We can see the former glory of the skyscrapers from the remnants, and what used to be a lustrous sea of flowers from the withered petals.
lang_multi_text.db	Flow_11000008_41	3.4	Hội thoại/Cốt truyện	Luồng hội thoại	A Vĩ		Just like magic. Takes everyone back to the past.
lang_multi_text.db	Flow_11000008_42	3.4	Hội thoại/Cốt truyện	Luồng hội thoại	Chu Nghị		But there are also members of the Icebreakers who discovered their Resonance in times of crisis. Perhaps it's the same for me.
lang_multi_text.db	Flow_11000008_43	3.4	Hội thoại/Cốt truyện	Luồng hội thoại	Chu Nghị		You'll never know if you never try.
lang_multi_text.db	Flow_11000008_44	3.4	Hội thoại/Cốt truyện	Luồng hội thoại	Speaker_201_Title		Oh, and we're now accepting pre-orders for our new merchandise. What do you say, wanna snag one for yourself?
lang_multi_text.db	Flow_11000008_45	3.4	Hội thoại/Cốt truyện	Luồng hội thoại	Speaker_201_Title		Bye! See you again!
lang_multi_text.db	Flow_11000008_46	3.4	Hội thoại/Cốt truyện	Luồng hội thoại	Speaker_201_Title		We record and share the progress of human civilization's revival and reconstruction.
lang_multi_text.db	Flow_11000008_47	3.4	Hội thoại/Cốt truyện	Luồng hội thoại	Speaker_201_Title		Our skilled photographers are always out capturing the world's latest marvels!
lang_multi_text.db	Flow_11000008_48	3.4	Hội thoại/Cốt truyện	Luồng hội thoại	Speaker_201_Title		Here's to a world of discoveries and wonders. Look forward to seeing you next time.
lang_multi_text.db	Flow_11000008_5	3.4	Hội thoại/Cốt truyện	Luồng hội thoại	Chu Nghị		Do you know the adventure stories of the Icebreakers? They are legends in the history of the Pioneer Association, my idols!
lang_multi_text.db	Flow_11000008_6	3.4	Hội thoại/Cốt truyện	Luồng hội thoại	Chu Nghị		On the polar regions, up the volcanoes, deep in great rifts, and across the wetlands... their footprints are spread across every corner of the world. This is what adventurers should be like.
lang_multi_text.db	Flow_11000008_9	3.4	Hội thoại/Cốt truyện	Luồng hội thoại	Chu Nghị		As written on the front page of "Tidal Geography": Go see the world and witness history in the making.
lang_multi_text.db	Flow_11000009_1	3.4	Hội thoại/Cốt truyện	Luồng hội thoại	Mingze		You know- if the Midnight Rangers protect the city from the outside, then we at the Defense Division support the city by maintaining its stability from the inside.
lang_multi_text.db	Flow_11000009_10	3.4	Hội thoại/Cốt truyện	Luồng hội thoại	Kình Như		Brother Bai, I'm back again. I have a new idea about the Tacetite weapons. You must hear me out this time.
lang_multi_text.db	Flow_11000009_11	3.4	Hội thoại/Cốt truyện	Luồng hội thoại	Kình Như		You mentioned before that the Resonators can activate the energy in the Tacetite and convert it into a new form they can control.
lang_multi_text.db	Flow_11000009_12	3.4	Hội thoại/Cốt truyện	Luồng hội thoại	Kình Như		That's why the Tacetite weapons are so compatible with the Resonators, even though all current Tacetite weapons use only a small chunk of Tacetite in the core module.
lang_multi_text.db	Flow_11000009_13	3.4	Hội thoại/Cốt truyện	Luồng hội thoại	Kình Như		So, if we could process the Tacetite into raw materials for other components, the "Tacetite content" of the entire weapon would increase dramatically!
lang_multi_text.db	Flow_11000009_14	3.4	Hội thoại/Cốt truyện	Luồng hội thoại	Kình Như		They say that a quantitative change can lead to a qualitative change. Maybe a weapon like this can deliver a fatal blow to the Tacet Discord.
lang_multi_text.db	Flow_11000009_15	3.4	Hội thoại/Cốt truyện	Luồng hội thoại	Bạch Câu		A quantitative change leading to a qualitative change is not just about the quantity. Have you factored in the weight?
lang_multi_text.db	Flow_11000009_16	3.4	Hội thoại/Cốt truyện	Luồng hội thoại	Bạch Câu		The weight distribution of the weapon will affect the accuracy, speed, and even the effective range of the attack.
lang_multi_text.db	Flow_11000009_19	3.4	Hội thoại/Cốt truyện	Luồng hội thoại	Bạch Câu		The current designs have an even weight distribution compatible with most wielder's habits, which was approximated by the Ordnance Division through rounds of trials and modeling.
lang_multi_text.db	Flow_11000009_2	3.4	Hội thoại/Cốt truyện	Luồng hội thoại	Mingze		Everything you see, from the shield over our heads to the high-precision instruments deployed on every street, are the work of the people who came before us.
lang_multi_text.db	Flow_11000009_20	3.4	Hội thoại/Cốt truyện	Luồng hội thoại	Bạch Câu		Ah, peace at last. Finally, I can have some time for me to think about the iteration of the Tacetite weapons.
lang_multi_text.db	Flow_11000009_21	3.4	Hội thoại/Cốt truyện	Luồng hội thoại	Bạch Câu		The most important in research is to block out frequent external disruptions. As a rookie researcher, I had the opportunity to collaborate with Mortefi before.
lang_multi_text.db	Flow_11000009_22	3.4	Hội thoại/Cốt truyện	Luồng hội thoại	Bạch Câu		He said that the research process is like playing a musical piece, the melody should be coherent and uninterrupted by any distractions from the audience.
lang_multi_text.db	Flow_11000009_23	3.4	Hội thoại/Cốt truyện	Luồng hội thoại	Bạch Câu		Though the grand tower of Tacetite studies is almost established, there are still two clouds obscuring the sky above it.
lang_multi_text.db	Flow_11000009_24	3.4	Hội thoại/Cốt truyện	Luồng hội thoại	Wenshui		Welcome to Wenshu Repair, we fix your broken things and broken backs. How may I be of help, sir?
lang_multi_text.db	Flow_11000009_25	3.4	Hội thoại/Cốt truyện	Luồng hội thoại	Wenshui		The old neighbors around here consider me a "fix-it" guy when it comes to daily items. Although, I'm not sophisticated enough to repair high-end items.
lang_multi_text.db	Flow_11000009_26	3.4	Hội thoại/Cốt truyện	Luồng hội thoại	Wenshui		As long as it's a day-to-day thing found around the house, I can always fix them when you come to me.
lang_multi_text.db	Flow_11000009_27	3.4	Hội thoại/Cốt truyện	Luồng hội thoại	Wenshui		The elders are used to living in frugality and don't have a habit of throwing away things that are old or broken. That's why some out-dated electrical parts can only be found here.
lang_multi_text.db	Flow_11000009_28	3.4	Hội thoại/Cốt truyện	Luồng hội thoại	Wenshui		Oh, you're speaking of Wenmo. He's my son. That boy always likes to be alone, tinkering with mechanical things.
lang_multi_text.db	Flow_11000009_29	3.4	Hội thoại/Cốt truyện	Luồng hội thoại	Wenshui		He has been watching me repair these things since he was a child, and perhaps he has memorized the steps just by watching.
lang_multi_text.db	Flow_11000009_3	3.4	Hội thoại/Cốt truyện	Luồng hội thoại	Mingze		I wonder when I will be able to catch up with them, especially Senior Taoqi!
lang_multi_text.db	Flow_11000009_30	3.4	Hội thoại/Cốt truyện	Luồng hội thoại	Wenshui		Sometimes, I have to read an instruction manual for some of the more complex items customers bring in, but he'd be able to understand and start dismantling the structure in a few minutes.
lang_multi_text.db	Flow_11000009_31	3.4	Hội thoại/Cốt truyện	Luồng hội thoại	Wenshui		Once I caught him completely disassembling an item to its last gear. I panicked so hard as I thought there had been no way to restore it. But he put it back together in moments like it was brand new.
lang_multi_text.db	Flow_11000009_32	3.4	Hội thoại/Cốt truyện	Luồng hội thoại	Wenshui		This repair shop has also been on this street for many years. Maybe it's eligible to be a AAAA tourist destination in Jinzhou in another few decades.
lang_multi_text.db	Flow_11000009_33	3.4	Hội thoại/Cốt truyện	Luồng hội thoại	Wenshui		Well, I'm not ashamed to crack this to you: I opened this shop because I had no talents. My late grandfather was once a prominent craftsman in the Ministry of Development.
lang_multi_text.db	Flow_11000009_34	3.4	Hội thoại/Cốt truyện	Luồng hội thoại	Wenshui		I didn't match his talents and had to live under his halo as the grandson of the celebrity craftsman.
lang_multi_text.db	Flow_11000009_36	3.4	Hội thoại/Cốt truyện	Luồng hội thoại	Diễn Viên Số 1		A top-heavy structure. Will it be more solid?
lang_multi_text.db	Flow_11000009_37	3.4	Hội thoại/Cốt truyện	Luồng hội thoại	Diễn Viên Số 1		That thing is too high. I can't see the design of the other side. Oh how I wish to grow taller.
lang_multi_text.db	Flow_11000009_38	3.4	Hội thoại/Cốt truyện	Luồng hội thoại	Diễn Viên Số 1		Wow, a device I've never seen before, what would happen if I disassembled it?
lang_multi_text.db	Flow_11000009_4	3.4	Hội thoại/Cốt truyện	Luồng hội thoại	Mingze		Although She has a nonchalant air around her like she's trying to slack off, she always notices the things that everyone else overlooks.
lang_multi_text.db	Flow_11000009_45	3.4	Hội thoại/Cốt truyện	Luồng hội thoại	Wenmo		{Male=Big brother;Female=Big sister}, are you also interested in these tall protective walls and mechanical devices?
lang_multi_text.db	Flow_11000009_48	3.4	Hội thoại/Cốt truyện	Luồng hội thoại	Wenmo		I am too, but I am too short. I can't see some things clearly, so I can only come here every day.
lang_multi_text.db	Flow_11000009_49	3.4	Hội thoại/Cốt truyện	Luồng hội thoại	Wenmo		I remember their shapes and structures little by little, {Male=Big brother;Female=Big sister}, you can also tell me what you know.
lang_multi_text.db	Flow_11000009_5	3.4	Hội thoại/Cốt truyện	Luồng hội thoại	Mingze		The question that's been troubling me all day is finally answered: the time when our brain is at peak activity is different for each individual.
lang_multi_text.db	Flow_11000009_50	3.4	Hội thoại/Cốt truyện	Luồng hội thoại	Wenmo		{Male=Big brother;Female=Big sister}, you are here again, shh... wait a moment.
lang_multi_text.db	Flow_11000009_51	3.4	Hội thoại/Cốt truyện	Luồng hội thoại	Wenmo		I'm at a crucial step in the disassembly, if I messed up the order, it can never be restored.
lang_multi_text.db	Flow_11000009_53	3.4	Hội thoại/Cốt truyện	Luồng hội thoại	Mingze		I am wondering if Taoqi's "slow response" is deliberate.
lang_multi_text.db	Flow_11000009_54	3.4	Hội thoại/Cốt truyện	Luồng hội thoại	Mingze		This way, there is more time to see what is happening around you. Should I also try to learn it?
lang_multi_text.db	Flow_11000009_55	3.4	Hội thoại/Cốt truyện	Luồng hội thoại	Mingze		But if I leave a deliberate opening in the setup to guide the enemy's attack in another direction, you'd be more targeted and prepared in your defense.
lang_multi_text.db	Flow_11000009_56	3.4	Hội thoại/Cốt truyện	Luồng hội thoại	Mingze		Hehe, my idea is not bad, right? This theory is not only limited to Jinzhou. It can also be extended to other places.
lang_multi_text.db	Flow_11000009_57	3.4	Hội thoại/Cốt truyện	Luồng hội thoại	Mingze		But I've sensed I didn't come up with the idea myself. I got the inspiration elsewhere. Perhaps, in the textbook, or in one of Taoqi's sharing sessions?
lang_multi_text.db	Flow_11000009_58	3.4	Hội thoại/Cốt truyện	Luồng hội thoại	Mingze		Well, let's try this direction first.
lang_multi_text.db	Flow_11000009_59	3.4	Hội thoại/Cốt truyện	Luồng hội thoại	Bạch Câu		Instead of strategizing on paper out of pure imagination.
lang_multi_text.db	Flow_11000009_6	3.4	Hội thoại/Cốt truyện	Luồng hội thoại	Mingze		Maybe there is some truth to it. My brain usually comes alive only after the sun sets.
lang_multi_text.db	Flow_11000009_60	3.4	Hội thoại/Cốt truyện	Luồng hội thoại	Bạch Câu		It's normal for ordinary people to be curious about the unknown Tacetite weapon, but if you're serious about studying it–
lang_multi_text.db	Flow_11000009_61	3.4	Hội thoại/Cốt truyện	Luồng hội thoại	Bạch Câu		–you should master the basics of Tacetite before you get ahead of yourself.
lang_multi_text.db	Flow_11000009_62	3.4	Hội thoại/Cốt truyện	Luồng hội thoại	Bạch Câu		Like this, asking me every day, the work in my hands is almost too busy.
lang_multi_text.db	Flow_11000009_63	3.4	Hội thoại/Cốt truyện	Luồng hội thoại	Bạch Câu		Not far away, you can vaguely see a few small dark clouds drifting. What we have to do is to clear the clouds and let the sun shines through.
lang_multi_text.db	Flow_11000009_64	3.4	Hội thoại/Cốt truyện	Luồng hội thoại	Bạch Câu		After hearing this, it's like I was awakened from a daze and suddenly I found a path forward.
lang_multi_text.db	Flow_11000009_65	3.4	Hội thoại/Cốt truyện	Luồng hội thoại	Bạch Câu		Isn't it the reason why I set foot on this path to see the views behind those dark clouds? At the very least, I need to try to keep up.
lang_multi_text.db	Flow_11000009_66	3.4	Hội thoại/Cốt truyện	Luồng hội thoại	Bạch Câu		So that I can reach the highest point of the Tacetite building with everyone.
lang_multi_text.db	Flow_11000009_67	3.4	Hội thoại/Cốt truyện	Luồng hội thoại	Wenshui		Hey, I gradually grew attached while repairing these old gadgets. After all, we're all a bit nostalgic.
lang_multi_text.db	Flow_11000009_68	3.4	Hội thoại/Cốt truyện	Luồng hội thoại	Wenshui		He also fixed those things. So, I let him do his things from then on. Later, he became increasingly more sophisticated with it.
lang_multi_text.db	Flow_11000009_69	3.4	Hội thoại/Cốt truyện	Luồng hội thoại	Wenshui		Maybe one day he can become a great inventor. And I'll be known as the father of a great inventor.
lang_multi_text.db	Flow_11000009_70	3.4	Hội thoại/Cốt truyện	Luồng hội thoại	Wenshui		Like "If it's him, he can definitely do it...", but I can't be as perfect as my father.
lang_multi_text.db	Flow_11000009_71	3.4	Hội thoại/Cốt truyện	Luồng hội thoại	Wenshui		Later, I left the Ministry of Development and opened this shop. Now I'm content with this life of fixing things for the folks of Jinzhou.
lang_multi_text.db	Flow_11000009_72	3.4	Hội thoại/Cốt truyện	Luồng hội thoại	Wenshui		But the talent of Wenmo was as high as his grandfather's, and he may be able to accomplish what I have not done in the future.
lang_multi_text.db	Flow_11000009_73	3.4	Hội thoại/Cốt truyện	Luồng hội thoại	Wenshui		I really hope to see that day.
lang_multi_text.db	Flow_11000009_74	3.4	Hội thoại/Cốt truyện	Luồng hội thoại	Wenmo		Because the Moon-chasing Festival is coming soon, I like the colorful lanterns hanging on the street and the lively lantern riddle activities.
lang_multi_text.db	Flow_11000009_75	3.4	Hội thoại/Cốt truyện	Luồng hội thoại	Wenmo		But sometimes the weather would be difficult during Moon-chasing Festivals, and the lanterns hanging on the street would be easily blown away because they were too light.
lang_multi_text.db	Flow_11000009_76	3.4	Hội thoại/Cốt truyện	Luồng hội thoại	Wenmo		So I was thinking if I could mimic the devices invented by the Ministry of Development and create a special shield for the lanterns
lang_multi_text.db	Flow_11000009_77	3.4	Hội thoại/Cốt truyện	Luồng hội thoại	Wenmo		So that we don't need to worry about the weather during the Moon-chasing Festival. But this is a secret between you and me. Don't tell others.
lang_multi_text.db	Flow_11000009_78	3.4	Hội thoại/Cốt truyện	Luồng hội thoại	Wenmo		I want to give everyone a surprise.
lang_multi_text.db	Flow_11000009_79	3.4	Hội thoại/Cốt truyện	Luồng hội thoại	Wenmo		Oh no, gotta head back, or my dad's gonna get mad at me, Let's play some other time.
lang_multi_text.db	Flow_11000009_8	3.4	Hội thoại/Cốt truyện	Luồng hội thoại	Mingze		Sometimes a complete new idea defense setup would just come to me after dark.
lang_multi_text.db	Flow_11000009_9	3.4	Hội thoại/Cốt truyện	Luồng hội thoại	Mingze		It's difficult to set up a defense that's watertight all around. I'm constantly put in a dilemma where I put heavy forces in one place and expose ourselves in another place.
lang_multi_text.db	Flow_11000010_1	3.4	Hội thoại/Cốt truyện	Luồng hội thoại	Hà Quang		Nice to see you again! Got any fun stories to share this time?
lang_multi_text.db	Flow_11000010_10	3.4	Hội thoại/Cốt truyện	Luồng hội thoại			Seems like any other day.
lang_multi_text.db	Flow_11000010_11	3.4	Hội thoại/Cốt truyện	Luồng hội thoại	Hà Quang		I bet it's linked to the Moon-chasing Festival. Oh, and since this is your first Jinzhou festival, I hope you have a great time!
lang_multi_text.db	Flow_11000010_12	3.4	Hội thoại/Cốt truyện	Luồng hội thoại	Hà Quang		I should use my day off to get ready for the festival. What should I do first?
lang_multi_text.db	Flow_11000010_13	3.4	Hội thoại/Cốt truyện	Luồng hội thoại	Hà Quang		Great idea. Back in the day, my family would go all out buying decorations and festival toys.
lang_multi_text.db	Flow_11000010_14	3.4	Hội thoại/Cốt truyện	Luồng hội thoại			How about starting with the food?
lang_multi_text.db	Flow_11000010_15	3.4	Hội thoại/Cốt truyện	Luồng hội thoại	Hà Quang		But in the end, we realized we often overdid it. As for meals... we typically eat out now.
lang_multi_text.db	Flow_11000010_16	3.4	Hội thoại/Cốt truyện	Luồng hội thoại	Hà Quang		If we start with food... cooking a nice, homemade meal surrounding by family and friends... sounds amazing just thinking about it!
lang_multi_text.db	Flow_11000010_17	3.4	Hội thoại/Cốt truyện	Luồng hội thoại	Hà Quang		Speaking of which, I've seen Mr. Ma from the grocery store quite often lately. He must be prepping for the Moon-chasing Festival too.
lang_multi_text.db	Flow_11000010_18	3.4	Hội thoại/Cốt truyện	Luồng hội thoại	Hà Quang		He's famous as the 'ingredient expert' around here, very knowledgeable about wild ingredients.
lang_multi_text.db	Flow_11000010_19	3.4	Hội thoại/Cốt truyện	Luồng hội thoại	Hà Quang		Like guarding Jinzhou's gate, prepping food needs strategy. I'll head over to him after work.
lang_multi_text.db	Flow_11000010_2	3.4	Hội thoại/Cốt truyện	Luồng hội thoại	Hà Quang		Two thousand and ninety-eight, two thousand and ninety-nine... Hey, it's you, number three thousand! Congrats on being our three thousandth visitor to Jinzhou today!
lang_multi_text.db	Flow_11000010_20	3.4	Hội thoại/Cốt truyện	Luồng hội thoại	Thanh Ngưng		The land was used to its fullest, and everyone did their part. Together, we built Jinzhou brick by brick with our skills.
lang_multi_text.db	Flow_11000010_21	3.4	Hội thoại/Cốt truyện	Luồng hội thoại	Thanh Ngưng		I think it's not only the high wall that keeps Jinzhou safe, but all of us who stand behind it.
lang_multi_text.db	Flow_11000010_22	3.4	Hội thoại/Cốt truyện	Luồng hội thoại	Thanh Ngưng		Thinking about this makes the dullness and weariness of guarding the gate fade away.
lang_multi_text.db	Flow_11000010_3	3.4	Hội thoại/Cốt truyện	Luồng hội thoại	Hà Quang		Everyone's been saying, "Make the most of the land, and the people's wisdom will follow." Jinzhou's feats of construction have been the talk of the town!
lang_multi_text.db	Flow_11000010_4	3.4	Hội thoại/Cốt truyện	Luồng hội thoại	Hà Quang		As the Moon-chasing Festival gets closer, the excitement is definitely in the air. The gate's getting pretty lively too!
lang_multi_text.db	Flow_11000010_5	3.4	Hội thoại/Cốt truyện	Luồng hội thoại	Hà Quang		You probably haven't noticed because you're not here all day, but trust me, more and more folks are passing through Jinzhou's gate every day.
lang_multi_text.db	Flow_11000010_6	3.4	Hội thoại/Cốt truyện	Luồng hội thoại	Hà Quang		We've got busy couriers, regular folks, and sometimes workers coming back from the Tiger's Maw all bustling around inside.
lang_multi_text.db	Flow_11000010_7	3.4	Hội thoại/Cốt truyện	Luồng hội thoại	Thanh Ngưng		When they say, "Make the most of the land, and the people's wisdom will follow," they've gotta be talking about this impressive high wall in Jinzhou.
lang_multi_text.db	Flow_11000010_8	3.4	Hội thoại/Cốt truyện	Luồng hội thoại	Thanh Ngưng		I heard the creation of this wall was a lucky accident. The byproducts from processing Tacetite weapons turned out to be ideal for defense.
lang_multi_text.db	Flow_11000010_9	3.4	Hội thoại/Cốt truyện	Luồng hội thoại	Thanh Ngưng		It's ideal for building strong and stable defense structures.
lang_multi_text.db	Flow_11000011_1	3.4	Hội thoại/Cốt truyện	Luồng hội thoại	Nhất Tâm		It's dangerous beyond this point. No trespassers!
lang_multi_text.db	Flow_11000011_10	3.4	Hội thoại/Cốt truyện	Luồng hội thoại	Cao Sơn		If you happen to run into Zongye back in Jinzhou City, remember to say hi for me.
lang_multi_text.db	Flow_11000011_11	3.4	Hội thoại/Cốt truyện	Luồng hội thoại	Cao Sơn		And remember to keep my secret.
lang_multi_text.db	Flow_11000011_12	3.4	Hội thoại/Cốt truyện	Luồng hội thoại	Hủ Hủ		One, two, three... These Green Rabbits should be enough to last a week.
lang_multi_text.db	Flow_11000011_13	3.4	Hội thoại/Cốt truyện	Luồng hội thoại			What are you doing?
lang_multi_text.db	Flow_11000011_14	3.4	Hội thoại/Cốt truyện	Luồng hội thoại	Hủ Hủ		As you can see, I'm processing the ingredients. First, wash them, then peel them, and finally chop them into small pieces. Add scallions, ginger, and garlic, and stir-fry them...
lang_multi_text.db	Flow_11000011_15	3.4	Hội thoại/Cốt truyện	Luồng hội thoại			Why eat the cute rabbits?
lang_multi_text.db	Flow_11000011_16	3.4	Hội thoại/Cốt truyện	Luồng hội thoại			It sounds delicious.
lang_multi_text.db	Flow_11000011_17	3.4	Hội thoại/Cốt truyện	Luồng hội thoại	Hủ Hủ		Freshly cooked rabbit meat has a soft texture and delicious taste... Just thinking about it makes my mouth water!
lang_multi_text.db	Flow_11000011_18	3.4	Hội thoại/Cốt truyện	Luồng hội thoại	Hủ Hủ		Because rabbit meat is delicious! Freshly cooked rabbit meat has a soft texture and delicious taste... Just thinking about it makes my mouth water!
lang_multi_text.db	Flow_11000011_19	3.4	Hội thoại/Cốt truyện	Luồng hội thoại	Hủ Hủ		Desorock Highland is far from Jinzhou. Even fresh meat will become dry and tough after being transported here.
lang_multi_text.db	Flow_11000011_2	3.4	Hội thoại/Cốt truyện	Luồng hội thoại			I am a Resonator.
lang_multi_text.db	Flow_11000011_20	3.4	Hội thoại/Cốt truyện	Luồng hội thoại	Hủ Hủ		It's better to have some fresh meat here and satisfy our cravings.
lang_multi_text.db	Flow_11000011_21	3.4	Hội thoại/Cốt truyện	Luồng hội thoại	Hủ Hủ		Desorock Highland is far from Jinzhou. Even fresh meat will become dry and tough after being transported here.
lang_multi_text.db	Flow_11000011_22	3.4	Hội thoại/Cốt truyện	Luồng hội thoại			It's better to have some fresh meat here and satisfy our cravings.
lang_multi_text.db	Flow_11000011_23	3.4	Hội thoại/Cốt truyện	Luồng hội thoại	Hành Viễn		Norfall Barrens is now under threat...
lang_multi_text.db	Flow_11000011_24	3.4	Hội thoại/Cốt truyện	Luồng hội thoại	Hành Viễn		Tacet Discords kept attacking, and it was only through the desperate resistance of the Midnight Rangers that Camp Overwatch was defended...
lang_multi_text.db	Flow_11000011_25	3.4	Hội thoại/Cốt truyện	Luồng hội thoại	Hành Viễn		Although I've often read about the horrors of war in books. Seeing it with my own eyes is a whole different experience...
lang_multi_text.db	Flow_11000011_26	3.4	Hội thoại/Cốt truyện	Luồng hội thoại	Hành Viễn		Even my heart feels like it's been drenched by the Retroact Rain, losing its color just like the view of Withering Frontline...
lang_multi_text.db	Flow_11000011_27	3.4	Hội thoại/Cốt truyện	Luồng hội thoại			Keep your spirit up.
lang_multi_text.db	Flow_11000011_28	3.4	Hội thoại/Cốt truyện	Luồng hội thoại	Hành Viễn		*Sigh* Thank you. I should gather myself up.
lang_multi_text.db	Flow_11000011_29	3.4	Hội thoại/Cốt truyện	Luồng hội thoại	Hành Viễn		Even though I can't join the Midnight Rangers on the front lines, there's still something I can do.
lang_multi_text.db	Flow_11000011_3	3.4	Hội thoại/Cốt truyện	Luồng hội thoại	Nhất Tâm		Even Resonators need to be careful. The front line is intense...
lang_multi_text.db	Flow_11000011_30	3.4	Hội thoại/Cốt truyện	Luồng hội thoại	Hành Viễn		I want to capture the moment of where the desperate resistance shines upon those nameless graves.
lang_multi_text.db	Flow_11000011_4	3.4	Hội thoại/Cốt truyện	Luồng hội thoại	Nhất Tâm		Don't go up the slope near Camp Overwatch. It's strictly off-limits.
lang_multi_text.db	Flow_11000011_5	3.4	Hội thoại/Cốt truyện	Luồng hội thoại	Nhất Tâm		It's close to Norfall Barrens, an unpredictable territory of threats... Even powerful Resonators shouldn't underestimate it.
lang_multi_text.db	Flow_11000011_6	3.4	Hội thoại/Cốt truyện	Luồng hội thoại	Cao Sơn		I find the wind extremely unsettling tonight... I sense a desperate voice from it.
lang_multi_text.db	Flow_11000011_7	3.4	Hội thoại/Cốt truyện	Luồng hội thoại	Cao Sơn		An old friend, who has been here for decades.
lang_multi_text.db	Flow_11000011_8	3.4	Hội thoại/Cốt truyện	Luồng hội thoại			Who?
lang_multi_text.db	Flow_11000011_9	3.4	Hội thoại/Cốt truyện	Luồng hội thoại	Cao Sơn		I can't leave him here for the lonely night. So I come here every night to keep his company.
lang_multi_text.db	Flow_11000012_1	3.4	Hội thoại/Cốt truyện	Luồng hội thoại	Điền Hanh		Hmm?
lang_multi_text.db	Flow_11000012_10	3.4	Hội thoại/Cốt truyện	Luồng hội thoại			Has the situation on the battlefield become more intense?
lang_multi_text.db	Flow_11000012_11	3.4	Hội thoại/Cốt truyện	Luồng hội thoại			How do you understand what he's saying?
lang_multi_text.db	Flow_11000012_12	3.4	Hội thoại/Cốt truyện	Luồng hội thoại	Điền Hợp		Although he doesn't talk much, he is very dedicated to his work and skilled, which is why General Jiyan specifically appointed him to guard this place.
lang_multi_text.db	Flow_11000012_13	3.4	Hội thoại/Cốt truyện	Luồng hội thoại			Hmph, with the two of us, the Vanguard Base is impregnable!
lang_multi_text.db	Flow_11000012_14	3.4	Hội thoại/Cốt truyện	Luồng hội thoại	Điền Hợp		That's right, even some of the soldiers who were originally stationed at the base have recently been deployed to the battlefield...
lang_multi_text.db	Flow_11000012_15	3.4	Hội thoại/Cốt truyện	Luồng hội thoại	Điền Hợp		In order to defend this place, we can't leave our posts to ensure your safety, so please stay away from the front lines as much as possible.
lang_multi_text.db	Flow_11000012_16	3.4	Hội thoại/Cốt truyện	Luồng hội thoại	Điền Hợp		Ah... Well, we grew up together, so even without words, I can understand what he means just from his expression.
lang_multi_text.db	Flow_11000012_17	3.4	Hội thoại/Cốt truyện	Luồng hội thoại	Điền Hanh		Huh?
lang_multi_text.db	Flow_11000012_18	3.4	Hội thoại/Cốt truyện	Luồng hội thoại	Điền Hanh		Danger.
lang_multi_text.db	Flow_11000012_19	3.4	Hội thoại/Cốt truyện	Luồng hội thoại			How is the situation at the front lines?
lang_multi_text.db	Flow_11000012_2	3.4	Hội thoại/Cốt truyện	Luồng hội thoại	Điền Hợp		Um... Does he mean "What's your business at the Vanguard Base"?
lang_multi_text.db	Flow_11000012_20	3.4	Hội thoại/Cốt truyện	Luồng hội thoại	Điền Hanh		Don't go.
lang_multi_text.db	Flow_11000012_21	3.4	Hội thoại/Cốt truyện	Luồng hội thoại	Điền Hợp		It seems like my leg really doesn't hurt anymore...
lang_multi_text.db	Flow_11000012_23	3.4	Hội thoại/Cốt truyện	Luồng hội thoại	Điền Hợp		Huh? I'm sorry, is there anything I can help you with?
lang_multi_text.db	Flow_11000012_24	3.4	Hội thoại/Cốt truyện	Luồng hội thoại			Are you injured?
lang_multi_text.db	Flow_11000012_25	3.4	Hội thoại/Cốt truyện	Luồng hội thoại	Điền Hợp		Uh... Yes, the Tacet Discord in Norfall Barrens is active and the attacks are intense. It's inevitable to get injured.
lang_multi_text.db	Flow_11000012_26	3.4	Hội thoại/Cốt truyện	Luồng hội thoại	Điền Hợp		Last week, we, the defenders, successfully repelled ten attacks from the Tacet Discord. It's already good that I only have these minor injuries.
lang_multi_text.db	Flow_11000012_27	3.4	Hội thoại/Cốt truyện	Luồng hội thoại	Điền Hợp		But luckily, General Jiyan is here. That's why I was able to recover from my injuries so quickly.
lang_multi_text.db	Flow_11000012_28	3.4	Hội thoại/Cốt truyện	Luồng hội thoại			Jiyan?
lang_multi_text.db	Flow_11000012_29	3.4	Hội thoại/Cốt truyện	Luồng hội thoại	Điền Hợp		Yes, that day he noticed that my legs seemed a bit strange after standing for a long time, and he quickly brought me ointment.
lang_multi_text.db	Flow_11000012_3	3.4	Hội thoại/Cốt truyện	Luồng hội thoại			Vanguard Base?
lang_multi_text.db	Flow_11000012_30	3.4	Hội thoại/Cốt truyện	Luồng hội thoại	Điền Hợp		I don't know how he could see the symptoms at a glance, and I didn't expect him to pay attention to such small details...
lang_multi_text.db	Flow_11000012_31	3.4	Hội thoại/Cốt truyện	Luồng hội thoại	Điền Hợp		He took the time to personally deliver the medicine and told me how to take care of myself. Look, I'm already jumping around now. It's amazing, isn't it?!
lang_multi_text.db	Flow_11000012_32	3.4	Hội thoại/Cốt truyện	Luồng hội thoại	Điền Hợp		Hehe, I didn't expect him to be such a caring person.
lang_multi_text.db	Flow_11000012_33	3.4	Hội thoại/Cốt truyện	Luồng hội thoại	Điền Hợp		Only two more days...
lang_multi_text.db	Flow_11000012_34	3.4	Hội thoại/Cốt truyện	Luồng hội thoại			How is the situation on the front line?
lang_multi_text.db	Flow_11000012_35	3.4	Hội thoại/Cốt truyện	Luồng hội thoại	Điền Hợp		General Jiyan has been leading the Vanguard in battle for more than ten days and has not returned. This situation is very rare...
lang_multi_text.db	Flow_11000012_36	3.4	Hội thoại/Cốt truyện	Luồng hội thoại	Điền Hợp		Although communication has not been interrupted, but...
lang_multi_text.db	Flow_11000012_37	3.4	Hội thoại/Cốt truyện	Luồng hội thoại	Điền Hợp		According to the General's previous instructions, if the army does not return after two days, the remaining defenders in the camp will have to follow the planned route to support the front line.
lang_multi_text.db	Flow_11000012_38	3.4	Hội thoại/Cốt truyện	Luồng hội thoại	Điền Hợp		The number of Tacet Discord near our base has recently decreased. Could they have concentrated on the frontlines?
lang_multi_text.db	Flow_11000012_39	3.4	Hội thoại/Cốt truyện	Luồng hội thoại	Điền Hợp		No, I have to be fully alert here and share the burden with my comrades on the frontlines.
lang_multi_text.db	Flow_11000012_4	3.4	Hội thoại/Cốt truyện	Luồng hội thoại	Điền Hanh		Hmph.
lang_multi_text.db	Flow_11000012_40	3.4	Hội thoại/Cốt truyện	Luồng hội thoại	Speaker_1304_Title		I'll go to the frontlines tomorrow to capture some footage!
lang_multi_text.db	Flow_11000012_42	3.4	Hội thoại/Cốt truyện	Luồng hội thoại	Speaker_1304_Title		Huh? Ah, that's how it is for ordinary people!
lang_multi_text.db	Flow_11000012_43	3.4	Hội thoại/Cốt truyện	Luồng hội thoại	Speaker_1304_Title		But for me, precisely because it's dangerous, I should personally experience it and truthfully convey this feeling through the lens to inform more people and keep everyone updated on the situation.
lang_multi_text.db	Flow_11000012_44	3.4	Hội thoại/Cốt truyện	Luồng hội thoại			Isn't the frontlines very dangerous?
lang_multi_text.db	Flow_11000012_45	3.4	Hội thoại/Cốt truyện	Luồng hội thoại	Speaker_1304_Title		Sorry, I forgot to introduce myself. I am Qingling, a war journalist. I was previously working on a special feature on the homeland inside Jinzhou, and now I'm here to assist Senior Huowen with the filming.
lang_multi_text.db	Flow_11000012_46	3.4	Hội thoại/Cốt truyện	Luồng hội thoại	Speaker_1304_Title		Being on the frontlines and reporting the truth is the duty of us journalists. Don't worry, I have experience in war reporting, so I won't encounter any major dangers.
lang_multi_text.db	Flow_11000012_47	3.4	Hội thoại/Cốt truyện	Luồng hội thoại	Speaker_1304_Title		It's not you, you don't seem to be a Midnight Ranger. Be careful here!
lang_multi_text.db	Flow_11000012_48	3.4	Hội thoại/Cốt truyện	Luồng hội thoại	Speaker_1305_Title		You have a strong sensitivity to the angle of shooting, but you are not careful enough in your actions...
lang_multi_text.db	Flow_11000012_49	3.4	Hội thoại/Cốt truyện	Luồng hội thoại			Who are you talking about?
lang_multi_text.db	Flow_11000012_5	3.4	Hội thoại/Cốt truyện	Luồng hội thoại	Điền Hợp		He means "If you have nothing to do, don't loiter around here".
lang_multi_text.db	Flow_11000012_50	3.4	Hội thoại/Cốt truyện	Luồng hội thoại	Speaker_1305_Title		Oh, I'm talking about my junior, Qingling. She has been helping me with the shooting recently and has submitted a lot of good materials.
lang_multi_text.db	Flow_11000012_51	3.4	Hội thoại/Cốt truyện	Luồng hội thoại	Speaker_1305_Title		As a war reporter, her daring and adventurous personality has helped her excel in her missions, which is quite impressive. I can even see my younger self in her.
lang_multi_text.db	Flow_11000012_52	3.4	Hội thoại/Cốt truyện	Luồng hội thoại	Speaker_1305_Title		However, the Tacet Discord is rampant here, and the ferocious Tacet Discord can appear from anywhere. The shallow waters beneath your feet are unstable, and the ruins are filled with precarious dangers...
lang_multi_text.db	Flow_11000012_53	3.4	Hội thoại/Cốt truyện	Luồng hội thoại	Speaker_1305_Title		Even walking can easily lead to encounters with long-abandoned dangerous weapons.
lang_multi_text.db	Flow_11000012_54	3.4	Hội thoại/Cốt truyện	Luồng hội thoại	Speaker_1305_Title		In such a dangerous environment, her fearless determination worries me a lot.
lang_multi_text.db	Flow_11000012_55	3.4	Hội thoại/Cốt truyện	Luồng hội thoại	Speaker_1305_Title		I have advised her countless times, but she never listens. If you see her, please help me persuade her.
lang_multi_text.db	Flow_11000012_56	3.4	Hội thoại/Cốt truyện	Luồng hội thoại	Speaker_1305_Title		Based on my past adventure experiences, it's better to be cautious in your actions here.
lang_multi_text.db	Flow_11000012_57	3.4	Hội thoại/Cốt truyện	Luồng hội thoại	Phúc Sinh		If nothing unexpected happens, we will definitely win this war.
lang_multi_text.db	Flow_11000012_58	3.4	Hội thoại/Cốt truyện	Luồng hội thoại	Phúc Sinh		After fighting for a lifetime, we can always summarize some battle experience and conclusions.
lang_multi_text.db	Flow_11000012_59	3.4	Hội thoại/Cốt truyện	Luồng hội thoại			Why?
lang_multi_text.db	Flow_11000012_6	3.4	Hội thoại/Cốt truyện	Luồng hội thoại	Điền Hợp		I'm sorry! My brother can be a bit rude... Let me explain for him!
lang_multi_text.db	Flow_11000012_60	3.4	Hội thoại/Cốt truyện	Luồng hội thoại	Phúc Sinh		Although everyone is still tense, overall, the Midnight Rangers will no longer be trapped in a bloody battle like the previous war when facing Tacet Discord.
lang_multi_text.db	Flow_11000012_61	3.4	Hội thoại/Cốt truyện	Luồng hội thoại			The previous war?
lang_multi_text.db	Flow_11000012_62	3.4	Hội thoại/Cốt truyện	Luồng hội thoại	Phúc Sinh		The Battle Beneath the Crescent many years ago... Oh, come to think of it, it's been a long time since I talked to someone about these things.
lang_multi_text.db	Flow_11000012_63	3.4	Hội thoại/Cốt truyện	Luồng hội thoại	Phúc Sinh		I was young back then, and I had never seen such a battle before...
lang_multi_text.db	Flow_11000012_64	3.4	Hội thoại/Cốt truyện	Luồng hội thoại	Phúc Sinh		The unstoppable tide of Tacet Discord almost engulfed the entire army, and the comrades in chaos suddenly started killing each other...
lang_multi_text.db	Flow_11000012_65	3.4	Hội thoại/Cốt truyện	Luồng hội thoại	Phúc Sinh		The endless war slowly dragged each of us into the vortex of weariness, and a moment of relaxation in the mind could take away your life.
lang_multi_text.db	Flow_11000012_66	3.4	Hội thoại/Cốt truyện	Luồng hội thoại	Phúc Sinh		Countless people fell in that war, even my dear friend who grew up with me was not spared.
lang_multi_text.db	Flow_11000012_67	3.4	Hội thoại/Cốt truyện	Luồng hội thoại	Phúc Sinh		Those nightmarish days, I can't even distinguish now what was real and what was fake...
lang_multi_text.db	Flow_11000012_68	3.4	Hội thoại/Cốt truyện	Luồng hội thoại	Phúc Sinh		Those who have experienced that war find it hard to completely move on. I once left the army and lived in the city, but I found that I can only find peace in the barracks.
lang_multi_text.db	Flow_11000012_69	3.4	Hội thoại/Cốt truyện	Luồng hội thoại	Phúc Sinh		... I still can't let go of my comrades, whether it's the past or the present, haha.
lang_multi_text.db	Flow_11000012_7	3.4	Hội thoại/Cốt truyện	Luồng hội thoại	Điền Hợp		The Midnight Rangers have three divisions: Outrider, Vanguard, and Rearguard, all under the command of General Jiyan.
lang_multi_text.db	Flow_11000012_70	3.4	Hội thoại/Cốt truyện	Luồng hội thoại	Húc Không		There are new supplies to be counted today.
lang_multi_text.db	Flow_11000012_72	3.4	Hội thoại/Cốt truyện	Luồng hội thoại	Húc Không		Hmm? Do you need any help? Just let me know, I will ensure your well-being!
lang_multi_text.db	Flow_11000012_73	3.4	Hội thoại/Cốt truyện	Luồng hội thoại	Húc Không		The more intense the war, the better we should eat and drink, and be in high spirits! Morale is also an important factor in the outcome of the war, right? Hahaha!
lang_multi_text.db	Flow_11000012_74	3.4	Hội thoại/Cốt truyện	Luồng hội thoại			You are so optimistic!
lang_multi_text.db	Flow_11000012_75	3.4	Hội thoại/Cốt truyện	Luồng hội thoại	Húc Không		As a logistics support personnel, I not only want to take care of my comrades' material needs, but also to uplift their spirits a bit!
lang_multi_text.db	Flow_11000012_76	3.4	Hội thoại/Cốt truyện	Luồng hội thoại	Húc Không		Hehe, actually, I once went to chat with Fusheng when I didn't understand. I wanted to make him feel relaxed, but I ended up hitting a wall...
lang_multi_text.db	Flow_11000012_77	3.4	Hội thoại/Cốt truyện	Luồng hội thoại	Húc Không		Since then, I have realized that fighting is already tough enough, and everyone has endured a lot...
lang_multi_text.db	Flow_11000012_78	3.4	Hội thoại/Cốt truyện	Luồng hội thoại	Húc Không		"Self-righteous" consolation only brings sadness, so why not let me bring everyone a moment of simple joy!
lang_multi_text.db	Flow_11000012_8	3.4	Hội thoại/Cốt truyện	Luồng hội thoại	Điền Hợp		The Vanguard is the vanguard force of the Midnight Rangers, mainly responsible for frontline combat. This is the Vanguard Base.
lang_multi_text.db	Flow_11000012_9	3.4	Hội thoại/Cốt truyện	Luồng hội thoại	Điền Hợp		We are very close to the frontline here, and there are often Tacet Discord sightings around. If you have nothing important, please do not linger around, especially do not proceed further to the east.
lang_multi_text.db	Flow_114000001_1329	3.4	Hội thoại/Cốt truyện	Luồng hội thoại	Speaker_84_Name	Solitary Path	(Found him. Lirong is here.)
lang_multi_text.db	Flow_114000001_1695	3.4	Hội thoại/Cốt truyện	Luồng hội thoại	Speaker_84_Name	Solitary Path	(I should go take a closer look...)
lang_multi_text.db	Flow_114000001_2420	3.4	Hội thoại/Cốt truyện	Luồng hội thoại		Solitary Path	The mysterious whispers of the woman suddenly sound distant. You see the chance to resist... but on second thought, you decide to close your eyes, play along, and see what she wants.
lang_multi_text.db	Flow_114000001_2421	3.4	Hội thoại/Cốt truyện	Luồng hội thoại	Speaker_84_Name	Solitary Path	(No injuries. I still have my weapon and Terminal.)
lang_multi_text.db	Flow_114000001_2423	3.4	Hội thoại/Cốt truyện	Luồng hội thoại	Speaker_84_Name	Solitary Path	(It's hard to tell from what little I've gathered so far. I should find out where this place is first.)
lang_multi_text.db	Flow_114000001_2645	3.4	Hội thoại/Cốt truyện	Luồng hội thoại	Diễn Viên Số 1	Solitary Path	Linsi... Where are you?
lang_multi_text.db	Flow_114000001_2646	3.4	Hội thoại/Cốt truyện	Luồng hội thoại	Diễn Viên Số 1	Solitary Path	Don't be scared, Xiaofu. We are right here with you...
lang_multi_text.db	Flow_114000001_2647	3.4	Hội thoại/Cốt truyện	Luồng hội thoại	Diễn Viên Số 1	Solitary Path	Fujie. You have no idea how much I miss you...
lang_multi_text.db	Flow_114000001_2648	3.4	Hội thoại/Cốt truyện	Luồng hội thoại	Diễn Viên Số 1	Solitary Path	It's me, Yinlin…
lang_multi_text.db	Flow_114000001_2666	3.4	Hội thoại/Cốt truyện	Luồng hội thoại	Diễn Viên Số 1	Solitary Path	Our doc seems busy... I'll go get it myself.
lang_multi_text.db	Flow_114000001_84	3.4	Hội thoại/Cốt truyện	Luồng hội thoại		Solitary Path	You give a statement regarding what happened.
lang_multi_text.db	Flow_114000001_88	3.4	Hội thoại/Cốt truyện	Luồng hội thoại		Solitary Path	The large rock you saw earlier is only a hologram. Now the real entrance to the safe house is revealed.
lang_multi_text.db	Flow_114000002_256	3.4	Hội thoại/Cốt truyện	Luồng hội thoại	Người Qua Đường Hoảng Hốt	Photos of Jinzhou	Anyone? Help! That guy's about to fall!
lang_multi_text.db	Flow_114000002_257	3.4	Hội thoại/Cốt truyện	Luồng hội thoại		Photos of Jinzhou	What happened?
lang_multi_text.db	Flow_114000002_258	3.4	Hội thoại/Cốt truyện	Luồng hội thoại	Bác Văn	Photos of Jinzhou	Yes, a little further to that side and you're there!
lang_multi_text.db	Flow_114000002_259	3.4	Hội thoại/Cốt truyện	Luồng hội thoại	Bác Văn	Photos of Jinzhou	This is the place. This bridge... it's always the same.
lang_multi_text.db	Flow_114000002_260	3.4	Hội thoại/Cốt truyện	Luồng hội thoại		Photos of Jinzhou	Absolutely.
lang_multi_text.db	Flow_114000002_266	3.4	Hội thoại/Cốt truyện	Luồng hội thoại		Photos of Jinzhou	Photos?
lang_multi_text.db	Flow_114000002_267	3.4	Hội thoại/Cốt truyện	Luồng hội thoại	Bác Văn	Photos of Jinzhou	It's okay, I'm fine. As long as my camera is okay, everything’s okay. It's still working perfectly! But my hand... *sigh* What about the photos?
lang_multi_text.db	Flow_114000002_268	3.4	Hội thoại/Cốt truyện	Luồng hội thoại		Photos of Jinzhou	Photos?
lang_multi_text.db	Flow_114000002_276	3.4	Hội thoại/Cốt truyện	Luồng hội thoại		Photos of Jinzhou	What's in it for me if I help?
lang_multi_text.db	Flow_114000002_282	3.4	Hội thoại/Cốt truyện	Luồng hội thoại	Bác Văn	Photos of Jinzhou	It's right here, please, help me take a photo.
lang_multi_text.db	Flow_114000002_286	3.4	Hội thoại/Cốt truyện	Luồng hội thoại		Photos of Jinzhou	Ask away.
lang_multi_text.db	Flow_114000002_6	3.4	Hội thoại/Cốt truyện	Luồng hội thoại		Photos of Jinzhou	You rushed up to the man and saved him from falling.
lang_multi_text.db	Flow_11900002_24	3.4	Hội thoại/Cốt truyện	Luồng hội thoại	NPC #900008	Ace Salesman: IV	How is it?
lang_multi_text.db	Flow_11900002_25	3.4	Hội thoại/Cốt truyện	Luồng hội thoại	NPC #900008	Ace Salesman: IV	Is it a go?
lang_multi_text.db	Flow_11900002_26	3.4	Hội thoại/Cốt truyện	Luồng hội thoại		Ace Salesman: IV	He said stones don't quite fit his products.
lang_multi_text.db	Flow_11900002_27	3.4	Hội thoại/Cốt truyện	Luồng hội thoại	NPC #900008	Ace Salesman: IV	*sigh* Let's call it a day. I need time to think.
lang_multi_text.db	Flow_11900002_28	3.4	Hội thoại/Cốt truyện	Luồng hội thoại	NPC #900008	Ace Salesman: IV	Thanks for the help, {PlayerName}. Here's your reward.
lang_multi_text.db	Flow_11900002_29	3.4	Hội thoại/Cốt truyện	Luồng hội thoại	NPC #900008	Ace Salesman: IV	I'll try to come up with something else.
lang_multi_text.db	Flow_11900002_31	3.4	Hội thoại/Cốt truyện	Luồng hội thoại		Ace Salesman: IV	The salesman leaves, head lowered.
lang_multi_text.db	Flow_11900005_1	3.4	Hội thoại/Cốt truyện	Luồng hội thoại	Diễn Viên Số 1		Help me, help me!
lang_multi_text.db	Flow_11900005_10	3.4	Hội thoại/Cốt truyện	Luồng hội thoại	Speaker_84_Name		Obtained the clue of photos
lang_multi_text.db	Flow_11900005_11	3.4	Hội thoại/Cốt truyện	Luồng hội thoại	Speaker_84_Name		Obtain the clue of photos
lang_multi_text.db	Flow_11900005_5	3.4	Hội thoại/Cốt truyện	Luồng hội thoại	Speaker_84_Name		(Note) Unlocks after interaction
lang_multi_text.db	Flow_11900005_7	3.4	Hội thoại/Cốt truyện	Luồng hội thoại	Speaker_84_Name		This is the clue you obtained after interaction
lang_multi_text.db	Flow_11900005_8	3.4	Hội thoại/Cốt truyện	Luồng hội thoại	Speaker_84_Name		(Note) Obtain the clue about Scanner location after interaction
lang_multi_text.db	Flow_11900005_9	3.4	Hội thoại/Cốt truyện	Luồng hội thoại	Speaker_84_Name		Obtain the clue of photos
lang_multi_text.db	Flow_121000000_19	3.4	Hội thoại/Cốt truyện	Luồng hội thoại	Yangyang		Oh, the fish...
lang_multi_text.db	Flow_121000000_20	3.4	Hội thoại/Cốt truyện	Luồng hội thoại	Yangyang		No, I can't do this. It's public property!
lang_multi_text.db	Flow_121000000_21	3.4	Hội thoại/Cốt truyện	Luồng hội thoại	Yangyang		I... I wasn't trying to catch that fish! Really!
lang_multi_text.db	Flow_121000000_22	3.4	Hội thoại/Cốt truyện	Luồng hội thoại			What are you doing?
lang_multi_text.db	Flow_121000000_23	3.4	Hội thoại/Cốt truyện	Luồng hội thoại	Yangyang		Uh, hi... So you saw it?
lang_multi_text.db	Flow_121000000_24	3.4	Hội thoại/Cốt truyện	Luồng hội thoại	Yangyang		Well, the fish here have been really active during these rainy days... I couldn't help it...
lang_multi_text.db	Flow_121000003_227	3.4	Hội thoại/Cốt truyện	Luồng hội thoại		Tacet Discord Hunter	Why are we gathering here?
lang_multi_text.db	Flow_121000003_228	3.4	Hội thoại/Cốt truyện	Luồng hội thoại		Tacet Discord Hunter	Why are we gathering here?
lang_multi_text.db	Flow_122000000_502	3.4	Hội thoại/Cốt truyện	Luồng hội thoại	Speaker_84_Name		The air convection can be felt here, and there should be another cave inside... But this road is not available now, if there is a chance, we will come back to see it afterward.
lang_multi_text.db	Flow_122000000_61	3.4	Hội thoại/Cốt truyện	Luồng hội thoại	Speaker_84_Name		Please note: The roof is damaged. Non-professionals should stay away, and professionals should exercise caution when working.
lang_multi_text.db	Flow_122000000_63	3.4	Hội thoại/Cốt truyện	Luồng hội thoại	Thu Vọng		This is the place, let's go in.
lang_multi_text.db	Flow_122000000_77	3.4	Hội thoại/Cốt truyện	Luồng hội thoại	Speaker_84_Name		Notice: This area was recently attacked by TDs and is under repair. Facilities are temporarily out of service. Due to increased TD activity, please avoid this location. For emergencies, contact the radar station staff immediately.
lang_multi_text.db	Flow_122000001_116	3.4	Hội thoại/Cốt truyện	Luồng hội thoại	Rover	We Promise, We Deliver	Oh no, the Tacet Field is back again!
lang_multi_text.db	Flow_122000001_196	3.4	Hội thoại/Cốt truyện	Luồng hội thoại	Đường Mãn Lưu	We Promise, We Deliver	Rover, I'm so sorry for sending you the wrong email about the denial of delivery.
lang_multi_text.db	Flow_122000001_197	3.4	Hội thoại/Cốt truyện	Luồng hội thoại		We Promise, We Deliver	Is Forsaken Home so dangerous?
lang_multi_text.db	Flow_122000001_198	3.4	Hội thoại/Cốt truyện	Luồng hội thoại	Đường Mãn Lưu	We Promise, We Deliver	This requires telling the story of the past before Lollo Logistics was founded.
lang_multi_text.db	Flow_122000001_199	3.4	Hội thoại/Cốt truyện	Luồng hội thoại	Đường Mãn Lưu	We Promise, We Deliver	(story omitted)
lang_multi_text.db	Flow_122000001_200	3.4	Hội thoại/Cốt truyện	Luồng hội thoại	Đường Mãn Lưu	We Promise, We Deliver	Mimika going there is just nonsense, I have to go stop her.
lang_multi_text.db	Flow_122000001_201	3.4	Hội thoại/Cốt truyện	Luồng hội thoại		We Promise, We Deliver	I'm coming along.
lang_multi_text.db	Flow_122000001_202	3.4	Hội thoại/Cốt truyện	Luồng hội thoại	Đường Mãn Lưu	We Promise, We Deliver	Then I'm counting on you.
lang_multi_text.db	Flow_122000001_206	3.4	Hội thoại/Cốt truyện	Luồng hội thoại	Speaker_927_Title	We Promise, We Deliver	It's nice to have the support of Lollo Logistics, but we still don't have a weapon capable of destroying the Dahlia Nucleus right now.
lang_multi_text.db	Flow_122000001_207	3.4	Hội thoại/Cốt truyện	Luồng hội thoại	Mortefi (Đang Liên Lạc)	We Promise, We Deliver	On that note, I know there are still parts of Explosive Spear from the last battle left in Forsaken Home.
lang_multi_text.db	Flow_122000001_208	3.4	Hội thoại/Cốt truyện	Luồng hội thoại	Mortefi (Đang Liên Lạc)	We Promise, We Deliver	These spare lances were stored in three parts, the head and the body and the tail, and after so many years, it was not even known if they were still usable.
lang_multi_text.db	Flow_122000001_209	3.4	Hội thoại/Cốt truyện	Luồng hội thoại	Mortefi (Đang Liên Lạc)	We Promise, We Deliver	I can help with adjustments and assembly if I can find them.
lang_multi_text.db	Flow_122000001_210	3.4	Hội thoại/Cốt truyện	Luồng hội thoại	Mortefi (Đang Liên Lạc)	We Promise, We Deliver	The task of going to retrieve these parts is in your hands.
lang_multi_text.db	Flow_122000001_211	3.4	Hội thoại/Cốt truyện	Luồng hội thoại	Speaker_927_Title	We Promise, We Deliver	Mortefi will send us the approximate location of the parts and I'll arrange for the researcher to go there first.
lang_multi_text.db	Flow_122000001_212	3.4	Hội thoại/Cốt truyện	Luồng hội thoại	Speaker_927_Title	We Promise, We Deliver	Speaking of which, that Lollo Logistics employee named Mimika seems to have something else she wants to talk to you about.
lang_multi_text.db	Flow_122000001_213	3.4	Hội thoại/Cốt truyện	Luồng hội thoại	Speaker_927_Title	We Promise, We Deliver	Leave the finding of the parts to us, and go find Mimika first. She's over at Resonance Nexus.
lang_multi_text.db	Flow_122000001_214	3.4	Hội thoại/Cốt truyện	Luồng hội thoại	Mimika	We Promise, We Deliver	At first I thought that "We Promise, We Deliver" was just a slogan and no one would really take each order seriously.
lang_multi_text.db	Flow_122000001_215	3.4	Hội thoại/Cốt truyện	Luồng hội thoại	Mimika	We Promise, We Deliver	But one day I received a delivery from Lollo Logistics containing my father's belongings.
lang_multi_text.db	Flow_122000001_216	3.4	Hội thoại/Cốt truyện	Luồng hội thoại	Mimika	We Promise, We Deliver	Father was seriously injured when he fell into a valley in the middle of a battle to cover his teammates, and all of his markings were lost and missing.
lang_multi_text.db	Flow_122000001_217	3.4	Hội thoại/Cốt truyện	Luồng hội thoại	Mimika	We Promise, We Deliver	A passing Lollo Logistics employee found him, but in the end couldn't save him.
lang_multi_text.db	Flow_122000001_218	3.4	Hội thoại/Cốt truyện	Luồng hội thoại	Mimika	We Promise, We Deliver	The father finally wanted Lollo Logistics to mail the hairpin he had on him intended as a gift for his daughter's 12th birthday, but died before he could give out the address.
lang_multi_text.db	Flow_122000001_219	3.4	Hội thoại/Cốt truyện	Luồng hội thoại	Mimika	We Promise, We Deliver	This logistician didn't give up on this, investigating and asking questions all the way through the delivery of other goods, and eventually found out where I lived.
lang_multi_text.db	Flow_122000001_220	3.4	Hội thoại/Cốt truyện	Luồng hội thoại	Mimika	We Promise, We Deliver	I was 18 years old when I received this belated birthday present.
lang_multi_text.db	Flow_122000001_221	3.4	Hội thoại/Cốt truyện	Luồng hội thoại	Mimika	We Promise, We Deliver	That's why I aspire to be a part of Lollo Logistics, with the promise of "We Promise, We Deliver".
lang_multi_text.db	Flow_122000001_222	3.4	Hội thoại/Cốt truyện	Luồng hội thoại	Mimika	We Promise, We Deliver	Now that the order is complete, let's go find Explosive Spear's parts.
lang_multi_text.db	Flow_122000001_223	3.4	Hội thoại/Cốt truyện	Luồng hội thoại	Mimika	We Promise, We Deliver	The Woodrow newsletter says it has found the parts for the gun head. Want to come along?
lang_multi_text.db	Flow_122000001_224	3.4	Hội thoại/Cốt truyện	Luồng hội thoại		We Promise, We Deliver	Okay.
lang_multi_text.db	Flow_122000001_225	3.4	Hội thoại/Cốt truyện	Luồng hội thoại		We Promise, We Deliver	I need some more time.
lang_multi_text.db	Flow_122000001_226	3.4	Hội thoại/Cốt truyện	Luồng hội thoại	Mimika	We Promise, We Deliver	Okay, I'll go over there then, you be safe.
lang_multi_text.db	Flow_122000001_95	3.4	Hội thoại/Cốt truyện	Luồng hội thoại	Rover	We Promise, We Deliver	An email from Lollo Logistics? See what it's about.
lang_multi_text.db	Flow_122000001_954	3.4	Hội thoại/Cốt truyện	Luồng hội thoại		We Promise, We Deliver	You passed out from exhaustion due to the TD's attack and Incinero Petal's poison.
lang_multi_text.db	Flow_125000007_2169	3.4	Hội thoại/Cốt truyện	Luồng hội thoại		When the Snow Clears	You leave the Truthseeker's Pass with Jinhsi on the Carrier Lift.
lang_multi_text.db	Flow_130000000_1151	3.4	Hội thoại/Cốt truyện	Luồng hội thoại		Shadows of the Past	A few moments later...
lang_multi_text.db	Flow_130000000_1152	3.4	Hội thoại/Cốt truyện	Luồng hội thoại		Shadows of the Past	Take this. That's the sample you are delivering. And this is the Ministry's ID. We're counting on you.
lang_multi_text.db	Flow_130000000_1153	3.4	Hội thoại/Cốt truyện	Luồng hội thoại	Speaker_970_Title	Shadows of the Past	In the meantime I'll try my best to find Uncle Hong. Thank you again for helping us to fix the Refinery Tower.
lang_multi_text.db	Flow_130000000_1155	3.4	Hội thoại/Cốt truyện	Luồng hội thoại		Shadows of the Past	As Lei'li continues to speak, you see Huayu rushing over with Uncle Hong, gesturing you to come over.
lang_multi_text.db	Flow_130000000_330	3.4	Hội thoại/Cốt truyện	Luồng hội thoại		Shadows of the Past	...One
lang_multi_text.db	Flow_130000000_516	3.4	Hội thoại/Cốt truyện	Luồng hội thoại		Shadows of the Past	Some peripheral facilities have been shut down, and the power supply of the Refinery Tower has been switched to the external circuit.
lang_multi_text.db	Flow_130000000_518	3.4	Hội thoại/Cốt truyện	Luồng hội thoại		Shadows of the Past	The voice becomes even closer to you. It finally moves to the front of you.
lang_multi_text.db	Flow_130000000_995	3.4	Hội thoại/Cốt truyện	Luồng hội thoại		Shadows of the Past	Only Uncle Hong knows.
lang_multi_text.db	Flow_131000000_32	3.4	Hội thoại/Cốt truyện	Luồng hội thoại	Chú Bí Ẩn		Hahaha, not bad, not bad.
lang_multi_text.db	Flow_131000000_33	3.4	Hội thoại/Cốt truyện	Luồng hội thoại	Chú Bí Ẩn		I didn't expect this day to come.
lang_multi_text.db	Flow_131000000_35	3.4	Hội thoại/Cốt truyện	Luồng hội thoại	Chú Bí Ẩn		As an old man, I can challenge the next place again!
lang_multi_text.db	Flow_131000000_37	3.4	Hội thoại/Cốt truyện	Luồng hội thoại	Chú Bí Ẩn		I didn't have to wait too long.
lang_multi_text.db	Flow_131000000_38	3.4	Hội thoại/Cốt truyện	Luồng hội thoại	Chú Bí Ẩn		How about it? Willing to try again?
lang_multi_text.db	Flow_131000000_40	3.4	Hội thoại/Cốt truyện	Luồng hội thoại			I don't want to try anymore.
lang_multi_text.db	Flow_131000000_41	3.4	Hội thoại/Cốt truyện	Luồng hội thoại			Let's go again.
lang_multi_text.db	Flow_131000000_43	3.4	Hội thoại/Cốt truyện	Luồng hội thoại	Chú Bí Ẩn		You have great enthusiasm, but lack resilience.
lang_multi_text.db	Flow_131000000_44	3.4	Hội thoại/Cốt truyện	Luồng hội thoại			Let's begin then.
lang_multi_text.db	Flow_131000000_48	3.4	Hội thoại/Cốt truyện	Luồng hội thoại	Chú Bí Ẩn		Haha, not too bad.
lang_multi_text.db	Flow_131000000_49	3.4	Hội thoại/Cốt truyện	Luồng hội thoại	Chú Bí Ẩn		Don't make me wait too long at the finish line.
lang_multi_text.db	Flow_131000000_50	3.4	Hội thoại/Cốt truyện	Luồng hội thoại	Chú Bí Ẩn		Huh? How did you find such a hidden place?
lang_multi_text.db	Flow_131000000_51	3.4	Hội thoại/Cốt truyện	Luồng hội thoại	Chú Bí Ẩn		Do you want to try too?
lang_multi_text.db	Flow_131000000_52	3.4	Hội thoại/Cốt truyện	Luồng hội thoại	Chú Bí Ẩn		Did you stumble in here by accident?
lang_multi_text.db	Flow_131000000_53	3.4	Hội thoại/Cốt truyện	Luồng hội thoại			Try what?
lang_multi_text.db	Flow_131000000_54	3.4	Hội thoại/Cốt truyện	Luồng hội thoại			I want to try.
lang_multi_text.db	Flow_131000000_55	3.4	Hội thoại/Cốt truyện	Luồng hội thoại	Chú Bí Ẩn		Since you don't know anything, then turn back.
lang_multi_text.db	Flow_131000000_56	3.4	Hội thoại/Cốt truyện	Luồng hội thoại			It's not worth it to lose your life in confusion.
lang_multi_text.db	Flow_131000000_57	3.4	Hội thoại/Cốt truyện	Luồng hội thoại	Chú Bí Ẩn		You're quite brave for your young age.
lang_multi_text.db	Flow_131000000_58	3.4	Hội thoại/Cốt truyện	Luồng hội thoại			Since you want to try, have you understood everything related to it?
lang_multi_text.db	Flow_131000000_66	3.4	Hội thoại/Cốt truyện	Luồng hội thoại			Please explain further.
lang_multi_text.db	Flow_131000000_67	3.4	Hội thoại/Cốt truyện	Luồng hội thoại			Hmm, not bad, you're cautious.
lang_multi_text.db	Flow_131000000_68	3.4	Hội thoại/Cốt truyện	Luồng hội thoại			I'm sure you've heard.
lang_multi_text.db	Flow_131000000_69	3.4	Hội thoại/Cốt truyện	Luồng hội thoại			I've been waiting here for years, waiting for someone who can defeat me.
lang_multi_text.db	Flow_131000000_70	3.4	Hội thoại/Cốt truyện	Luồng hội thoại			The road ahead is dangerous, filled with traps, and tests one's agility.
lang_multi_text.db	Flow_131000000_71	3.4	Hội thoại/Cốt truyện	Luồng hội thoại			If you can reach the finish line with all your limbs intact before me, then I...
lang_multi_text.db	Flow_131000000_72	3.4	Hội thoại/Cốt truyện	Luồng hội thoại			What will you do then?
lang_multi_text.db	Flow_131000000_73	3.4	Hội thoại/Cốt truyện	Luồng hội thoại	Chú Bí Ẩn		Hmm, you can talk after you've beaten me.
lang_multi_text.db	Flow_131000000_74	3.4	Hội thoại/Cốt truyện	Luồng hội thoại	Chú Bí Ẩn		I'm familiar with the route, so I'll let you go ahead.
lang_multi_text.db	Flow_131000000_75	3.4	Hội thoại/Cốt truyện	Luồng hội thoại	Chú Bí Ẩn		Jumping down this hole marks the beginning.
lang_multi_text.db	Flow_131000000_76	3.4	Hội thoại/Cốt truyện	Luồng hội thoại	Chú Bí Ẩn		Have you thought it through?
lang_multi_text.db	Flow_131000000_77	3.4	Hội thoại/Cốt truyện	Luồng hội thoại	Chú Bí Ẩn		It's not worth risking your life for a momentary impulse.
lang_multi_text.db	Flow_131000000_78	3.4	Hội thoại/Cốt truyện	Luồng hội thoại	Chú Bí Ẩn		Didn't you ask me about the benefits? I left something over there, go get it, it's yours.
lang_multi_text.db	Flow_131000000_79	3.4	Hội thoại/Cốt truyện	Luồng hội thoại	Chú Bí Ẩn		If fate allows, perhaps we'll meet again in the next cave, and I won't let you win next time, hahaha.
lang_multi_text.db	Flow_131000000_80	3.4	Hội thoại/Cốt truyện	Luồng hội thoại	Chú Bí Ẩn		I must say, you do have some talent.
lang_multi_text.db	Flow_131000000_81	3.4	Hội thoại/Cốt truyện	Luồng hội thoại	Chú Bí Ẩn		Although you lost to me this time, it's hard to say who will win in the next few tries.
lang_multi_text.db	Flow_131000000_83	3.4	Hội thoại/Cốt truyện	Luồng hội thoại	Chú Bí Ẩn		Benefit? Do you think winning against me is a benefit in itself...
lang_multi_text.db	Flow_131000000_84	3.4	Hội thoại/Cốt truyện	Luồng hội thoại	Chú Bí Ẩn		Cough, winning against me on this path shows that your proficiency in body movement has reached a higher level.
lang_multi_text.db	Flow_131000000_85	3.4	Hội thoại/Cốt truyện	Luồng hội thoại			Isn't the ability that falls on oneself the greatest benefit?
lang_multi_text.db	Flow_131000000_86	3.4	Hội thoại/Cốt truyện	Luồng hội thoại	Chú Bí Ẩn		Haha, not bad, you have a lot of resilience.
lang_multi_text.db	Flow_131000001_16	3.4	Hội thoại/Cốt truyện	Luồng hội thoại	Sóc Nguyệt		Take a quick look at this info touch pad, can you find any clues
lang_multi_text.db	Flow_131000001_31	3.4	Hội thoại/Cốt truyện	Luồng hội thoại	Rover		Elevators, as a product of technological advancement, have greatly benefited people like me who are reluctant to climb stairs
lang_multi_text.db	Flow_131000001_42	3.4	Hội thoại/Cốt truyện	Luồng hội thoại	Rover		That's awesome, how did you know a platform would come up here
lang_multi_text.db	Flow_131000001_43	3.4	Hội thoại/Cốt truyện	Luồng hội thoại	Rover		The Gate over there is open. Go check it out.
lang_multi_text.db	Flow_131000001_57	3.4	Hội thoại/Cốt truyện	Luồng hội thoại	Rover		This shaft is 35m high and the maximum speed of the elevator is 5m/s.
lang_multi_text.db	Flow_131000001_58	3.4	Hội thoại/Cốt truyện	Luồng hội thoại	Rover		If we don't consider the acceleration phase of the elevator, it takes 7 seconds to get to the top.
lang_multi_text.db	Flow_131000001_59	3.4	Hội thoại/Cốt truyện	Luồng hội thoại	Rover		But if we factor in the acceleration... Then I don't know how to do the math.
lang_multi_text.db	Flow_133000001_229	3.4	Hội thoại/Cốt truyện	Luồng hội thoại	Hỏi Vui	Messenger	Everything counts here. Answer and get rewarded!
lang_multi_text.db	Flow_133000001_230	3.4	Hội thoại/Cốt truyện	Luồng hội thoại	Hỏi Vui	Messenger	O the Rover passing by. Pop in for a challenge.
lang_multi_text.db	Flow_133000001_231	3.4	Hội thoại/Cốt truyện	Luồng hội thoại		Messenger	Let's go.
lang_multi_text.db	Flow_133000001_232	3.4	Hội thoại/Cốt truyện	Luồng hội thoại		Messenger	What quiz?
lang_multi_text.db	Flow_133000001_233	3.4	Hội thoại/Cốt truyện	Luồng hội thoại	Hỏi Vui	Messenger	Everything counts here. Answer and get rewarded!
lang_multi_text.db	Flow_133000001_234	3.4	Hội thoại/Cốt truyện	Luồng hội thoại	Hỏi Vui	Messenger	O the Rover passing by. Pop in for a challenge.
lang_multi_text.db	Flow_133000001_235	3.4	Hội thoại/Cốt truyện	Luồng hội thoại		Messenger	Another one?
lang_multi_text.db	Flow_133000001_236	3.4	Hội thoại/Cốt truyện	Luồng hội thoại		Messenger	Let's go.
lang_multi_text.db	Flow_133000001_237	3.4	Hội thoại/Cốt truyện	Luồng hội thoại	Hỏi Vui	Messenger	Everything counts here. Answer and get rewarded!
lang_multi_text.db	Flow_133000001_238	3.4	Hội thoại/Cốt truyện	Luồng hội thoại	Hỏi Vui	Messenger	O the Rover passing by. Pop in for a challenge.
lang_multi_text.db	Flow_133000001_239	3.4	Hội thoại/Cốt truyện	Luồng hội thoại		Messenger	A third one?
lang_multi_text.db	Flow_133000001_240	3.4	Hội thoại/Cốt truyện	Luồng hội thoại		Messenger	Let's go.
lang_multi_text.db	Flow_133000001_241	3.4	Hội thoại/Cốt truyện	Luồng hội thoại	Hỏi Vui	Messenger	Quiz number three. Inside the Dim Forest.
lang_multi_text.db	Flow_133000001_45	3.4	Hội thoại/Cốt truyện	Luồng hội thoại	Hỏi Vui	Messenger	Quizzes about Jinzhou. Come if you feel curious!
lang_multi_text.db	Flow_133000001_67	3.4	Hội thoại/Cốt truyện	Luồng hội thoại	Hỏi Vui	Messenger	Quizzes about Jinzhou. Come if you feel curious!
lang_multi_text.db	Flow_133000001_68	3.4	Hội thoại/Cốt truyện	Luồng hội thoại	Hỏi Vui	Messenger	Quizzes about Jinzhou. Come if you feel curious!
lang_multi_text.db	Flow_133000002_235	3.4	Hội thoại/Cốt truyện	Luồng hội thoại	Speaker_84_Name	Văn bản thử nghiệm	Access Locked.
lang_multi_text.db	Flow_133000002_236	3.4	Hội thoại/Cốt truyện	Luồng hội thoại	Speaker_84_Name	Văn bản thử nghiệm	Please consult with an Engineer or Haixing for access.
lang_multi_text.db	Flow_133000003_34	3.4	Hội thoại/Cốt truyện	Luồng hội thoại	Gleamtender	Secret Investigation	What is it?
lang_multi_text.db	Flow_133000003_35	3.4	Hội thoại/Cốt truyện	Luồng hội thoại		Secret Investigation	What are you doing?
lang_multi_text.db	Flow_133000003_357	3.4	Hội thoại/Cốt truyện	Luồng hội thoại	Diễn Viên Số 2	Secret Investigation	Why don't we grab all the supplies we need to get into town on the way after we drink then!
lang_multi_text.db	Flow_133000003_36	3.4	Hội thoại/Cốt truyện	Luồng hội thoại	Gleamtender	Secret Investigation	Waiting for the destined one.
lang_multi_text.db	Flow_133000003_37	3.4	Hội thoại/Cốt truyện	Luồng hội thoại		Secret Investigation	Yes, I am.
lang_multi_text.db	Flow_133000003_387	3.4	Hội thoại/Cốt truyện	Luồng hội thoại	Thiển Sơn (Đang liên lạc)	Secret Investigation	No. We can’t wait. Let’s find another way to sneak in.
lang_multi_text.db	Flow_133000003_388	3.4	Hội thoại/Cốt truyện	Luồng hội thoại	Thiển Sơn (Đang liên lạc)	Secret Investigation	There are two possible places where the details of the weapon tranport might be kept.
lang_multi_text.db	Flow_133000003_389	3.4	Hội thoại/Cốt truyện	Luồng hội thoại	Thiển Sơn (Đang liên lạc)	Secret Investigation	First, in the hands of Kuixiao, the IT guy. Second, in the hands of Xiyun, the boss.
lang_multi_text.db	Flow_133000003_39	3.4	Hội thoại/Cốt truyện	Luồng hội thoại	Gleamtender	Secret Investigation	It should not be.
lang_multi_text.db	Flow_133000003_390	3.4	Hội thoại/Cốt truyện	Luồng hội thoại	Thiển Sơn (Đang liên lạc)	Secret Investigation	Let’s start from the easy one. Go to Kuixiao’s place and find the Terminal he's responsible of. See if something useful is there.
lang_multi_text.db	Flow_133000003_6	3.4	Hội thoại/Cốt truyện	Luồng hội thoại		Secret Investigation	You set up the disguise with Qianshan’s help.
lang_multi_text.db	Flow_133000004_15	3.4	Hội thoại/Cốt truyện	Luồng hội thoại			You bring the researcher to a safe place after defeating the Hoochiefs.
lang_multi_text.db	Flow_133000004_19	3.4	Hội thoại/Cốt truyện	Luồng hội thoại			Before you are aware, the anxious researcher runs away.
lang_multi_text.db	Flow_133000004_20	3.4	Hội thoại/Cốt truyện	Luồng hội thoại	Nghiên Cứu Viên Luôn Bất An		It, was so dreadful. I'll never come here again. So dreadful...
lang_multi_text.db	Flow_133000004_21	3.4	Hội thoại/Cốt truyện	Luồng hội thoại	Nghiên Cứu Viên Luôn Bất An		I, I was only trying to collect some s-s-soil samples. I, I never knew this could happen!
lang_multi_text.db	Flow_133000004_22	3.4	Hội thoại/Cốt truyện	Luồng hội thoại	Nghiên Cứu Viên Luôn Bất An		I, I only ha, ha, have a banana as a weapon. Don't, don't get any closer...
lang_multi_text.db	Flow_133000004_23	3.4	Hội thoại/Cốt truyện	Luồng hội thoại			Are you all right?
lang_multi_text.db	Flow_133000004_24	3.4	Hội thoại/Cốt truyện	Luồng hội thoại			It's okay now.
lang_multi_text.db	Flow_133000004_25	3.4	Hội thoại/Cốt truyện	Luồng hội thoại	Nghiên Cứu Viên Luôn Bất An		Aaaaaaaah, don't come close!
lang_multi_text.db	Flow_133000004_27	3.4	Hội thoại/Cốt truyện	Luồng hội thoại	Kẻ Lưu Đày Kỳ Lạ		Why, why is my box broken?
lang_multi_text.db	Flow_133000007_19	3.4	Hội thoại/Cốt truyện	Luồng hội thoại		A crying girl	The tabby kitten brushes against your legs and gives out a "meee-ooow", before running off with its companions.
lang_multi_text.db	Flow_133000007_77	3.4	Hội thoại/Cốt truyện	Luồng hội thoại		A crying girl	Xiaotang waves you goodbye as she picks up Tabbie and Patchie and hippity-hops off into the distance
lang_multi_text.db	Flow_134000000_353	3.4	Hội thoại/Cốt truyện	Luồng hội thoại		The Fabled Magnetic Cube Mechanics - III	I like dangers.
lang_multi_text.db	Flow_134000000_354	3.4	Hội thoại/Cốt truyện	Luồng hội thoại		The Fabled Magnetic Cube Mechanics - III	Got to help you until the end.
lang_multi_text.db	Flow_134000000_367	3.4	Hội thoại/Cốt truyện	Luồng hội thoại	Kỹ Sư Thần Thần Bí Bí	The Fabled Magnetic Cube Mechanics - III	What is the impact of the Refining Tower shutdown on the frequency of the Magnetic Cube?
lang_multi_text.db	Flow_134000000_368	3.4	Hội thoại/Cốt truyện	Luồng hội thoại	Kỹ Sư Thần Thần Bí Bí	The Fabled Magnetic Cube Mechanics - III	What is the principle behind it...?
lang_multi_text.db	Flow_134000000_369	3.4	Hội thoại/Cốt truyện	Luồng hội thoại	Speaker_84_Name	The Fabled Magnetic Cube Mechanics - III	He seems to be immersed in thought, so it's better not to disturb him for now.
lang_multi_text.db	Flow_134000000_370	3.4	Hội thoại/Cốt truyện	Luồng hội thoại	Kỹ Sư Thần Thần Bí Bí	The Fabled Magnetic Cube Mechanics - III	It's so cold... being frozen will definitely affect the protons…
lang_multi_text.db	Flow_134000000_371	3.4	Hội thoại/Cốt truyện	Luồng hội thoại	Kỹ Sư Thần Thần Bí Bí	The Fabled Magnetic Cube Mechanics - III	I really don't know when these annoying things will end. Can the environment be normal so that I can study the Magnetic Cube Mechanics properly?
lang_multi_text.db	Flow_134000000_372	3.4	Hội thoại/Cốt truyện	Luồng hội thoại	Speaker_84_Name	The Fabled Magnetic Cube Mechanics - III	He seems to be angry, so it's better not to talk to him for now.
lang_multi_text.db	Flow_134000000_504	3.4	Hội thoại/Cốt truyện	Luồng hội thoại	Tình Thục	The Fabled Magnetic Cube Mechanics - III	Mi'zhi, you're lucky to be alive thanks to Rover. Never take such risks again.
lang_multi_text.db	Flow_134000000_505	3.4	Hội thoại/Cốt truyện	Luồng hội thoại	Tình Thục	The Fabled Magnetic Cube Mechanics - III	You made me afraid...
lang_multi_text.db	Flow_134000000_506	3.4	Hội thoại/Cốt truyện	Luồng hội thoại	Mịch Tri	The Fabled Magnetic Cube Mechanics - III	Miss Qingshu, I promise I won't do that again.
lang_multi_text.db	Flow_134000000_507	3.4	Hội thoại/Cốt truyện	Luồng hội thoại	Mịch Tri	The Fabled Magnetic Cube Mechanics - III	Because in my heart, there is something more important that Mechanics now...
lang_multi_text.db	Flow_134000000_508	3.4	Hội thoại/Cốt truyện	Luồng hội thoại	Tình Thục	The Fabled Magnetic Cube Mechanics - III	When did you learn that...
lang_multi_text.db	Flow_134000000_509	3.4	Hội thoại/Cốt truyện	Luồng hội thoại	Mịch Tri	The Fabled Magnetic Cube Mechanics - III	I only knew what was truly meant for me after I nearly lost my life.
lang_multi_text.db	Flow_134000000_510	3.4	Hội thoại/Cốt truyện	Luồng hội thoại	Mịch Tri	The Fabled Magnetic Cube Mechanics - III	The pursue for Magnetic Cube Mechanics is endless, but I shouldn't lose sight of the people beside me for that.
lang_multi_text.db	Flow_134000000_511	3.4	Hội thoại/Cốt truyện	Luồng hội thoại	Mịch Tri	The Fabled Magnetic Cube Mechanics - III	You by my side, Miss Qingshu, and all these seemingly bland days. These are the real precious things. I learned that after I almost lost them.
lang_multi_text.db	Flow_134000000_562	3.4	Hội thoại/Cốt truyện	Luồng hội thoại	Speaker_84_Name	The Fabled Magnetic Cube Mechanics - III	The ground is covered with broken rocks and gravel. The traces of digging spread across the broken rock wall, accompanying by trails of aged brown bloodstains. Faint glimmers cast their eyes through the crevices, throwing specks of light onto the saddened ground. Placing your hand on the rock wall, you exert a gentle force. With a thunderous roar, the rock wall gives way, releasing a gust of fresh air that rushes in, breathing new life into the train carriage once more.
lang_multi_text.db	Flow_134000001_292	3.4	Hội thoại/Cốt truyện	Luồng hội thoại	NPC #1433	From the Echoes of Destruction	You can try creating Grapple Points with the device nearby. And that's what I call an "Aerial Tactic"!
lang_multi_text.db	Flow_134000001_322	3.4	Hội thoại/Cốt truyện	Luồng hội thoại		From the Echoes of Destruction	With the Anchor at the TD Observatory restored, a true frequency rises from the depths, bringing a voice to your mind. It reveals that your awakening in the Gorges of Spirits was no mere coincidence. Before Yangyang found you, a mysterious figure had been watching your every move...
lang_multi_text.db	Flow_134000002_2	3.4	Hội thoại/Cốt truyện	Luồng hội thoại		Yhoran's Tactical Trial	An emergency response team member runs toward you in haste.
lang_multi_text.db	Flow_135000000_210	3.4	Hội thoại/Cốt truyện	Luồng hội thoại	Dạ Quy Trẻ Tuổi	Investigate the Theft of Camp Supplies	So, I wanted to go back to Jinzhou to replace those spilled dishes, and you caught me before I could leave.
lang_multi_text.db	Flow_135000000_211	3.4	Hội thoại/Cốt truyện	Luồng hội thoại	Dạ Quy Trẻ Tuổi	Investigate the Theft of Camp Supplies	I put the remaining dishes in the refrigerator, right at the bottom of the reservoir! I didn't eat them alone! Please believe me!
lang_multi_text.db	Flow_135000000_212	3.4	Hội thoại/Cốt truyện	Luồng hội thoại		Investigate the Theft of Camp Supplies	(Tell Beigu the information you found from the application form)
lang_multi_text.db	Flow_135000000_213	3.4	Hội thoại/Cốt truyện	Luồng hội thoại	Bắc Cố	Investigate the Theft of Camp Supplies	Okay, I see. Rover, could you do me a favor and grab the refrigerator? I need to have a few words with Wuheng.
lang_multi_text.db	Flow_135000000_220	3.4	Hội thoại/Cốt truyện	Luồng hội thoại	Speaker_84_Name	Investigate the Theft of Camp Supplies	WARNING - ACCESS DENIED
lang_multi_text.db	Flow_135000000_35	3.4	Hội thoại/Cốt truyện	Luồng hội thoại	Đội Trưởng Trại	Investigate the Theft of Camp Supplies	You can ask the three suspects what they did last night.
lang_multi_text.db	Flow_135000000_36	3.4	Hội thoại/Cốt truyện	Luồng hội thoại	Đội Trưởng Trại	Investigate the Theft of Camp Supplies	Or you can go to the backyard, use your Sensor on the supplies to see if there's a lead.
lang_multi_text.db	Flow_135000000_37	3.4	Hội thoại/Cốt truyện	Luồng hội thoại	Đội Trưởng Trại	Investigate the Theft of Camp Supplies	The Midnight Rangers on patrol last night should have seen something, too.
lang_multi_text.db	Flow_135000000_39	3.4	Hội thoại/Cốt truyện	Luồng hội thoại	Bắc Cố	Investigate the Theft of Camp Supplies	Wuheng, did you take the supplies away?
lang_multi_text.db	Flow_135000000_60	3.4	Hội thoại/Cốt truyện	Luồng hội thoại	Bắc Cố	Investigate the Theft of Camp Supplies	I want to know your reasons for doing so.
lang_multi_text.db	Flow_135000000_61	3.4	Hội thoại/Cốt truyện	Luồng hội thoại	Dạ Quy Trẻ Tuổi	Investigate the Theft of Camp Supplies	Captain... I was just trying to make up for my mistake.
lang_multi_text.db	Flow_135000000_62	3.4	Hội thoại/Cốt truyện	Luồng hội thoại	Dạ Quy Trẻ Tuổi	Investigate the Theft of Camp Supplies	When I discovered who the recipient was, I roughly guessed why you had prepared them.
lang_multi_text.db	Flow_135000000_63	3.4	Hội thoại/Cốt truyện	Luồng hội thoại	Dạ Quy Trẻ Tuổi	Investigate the Theft of Camp Supplies	When unloading the supplies, I didn't secure the load properly, and I accidentally slipped, damaging the box. The dishes inside spilled out.
lang_multi_text.db	Flow_135000000_64	3.4	Hội thoại/Cốt truyện	Luồng hội thoại	Speaker_84_Name	Investigate the Theft of Camp Supplies	These must be the supplies Wuheng mentioned.
lang_multi_text.db	Flow_135000000_65	3.4	Hội thoại/Cốt truyện	Luồng hội thoại	Speaker_84_Name	Investigate the Theft of Camp Supplies	We should bring these over to Beigu!
lang_multi_text.db	Flow_135000001_21	3.4	Hội thoại/Cốt truyện	Luồng hội thoại	Sóc Nguyệt	Save the World? Save the Cat!	The kitty is on the tree tops.
lang_multi_text.db	Flow_135000001_22	3.4	Hội thoại/Cốt truyện	Luồng hội thoại	Sóc Nguyệt	Save the World? Save the Cat!	I trust you to this!
lang_multi_text.db	Flow_135000001_24	3.4	Hội thoại/Cốt truyện	Luồng hội thoại		Save the World? Save the Cat!	After a bit of scuffle, you finally managed to get hold of Lulu.
lang_multi_text.db	Flow_135000001_6	3.4	Hội thoại/Cốt truyện	Luồng hội thoại	Speaker_84_Name	Save the World? Save the Cat!	The cat runs away. Perhaps it is searching for the owner.
lang_multi_text.db	Flow_135000001_7	3.4	Hội thoại/Cốt truyện	Luồng hội thoại	Speaker_84_Name	Save the World? Save the Cat!	Follow it and find out what's going on.
lang_multi_text.db	Flow_135000002_199	3.4	Hội thoại/Cốt truyện	Luồng hội thoại	Speaker_84_Name	Lost History	The announcement says the power to this lighthouse is scheduled to be restored in the near future for the retrofit project.
lang_multi_text.db	Flow_135000002_200	3.4	Hội thoại/Cốt truyện	Luồng hội thoại	Speaker_84_Name	Lost History	The power supply facility is located at the entrance to the ramp below the lighthouse. For more information, please contact the members of the Ministry of Development Infrastructure Division stationed at the power supply facility.\nMinistry of Development Infrastructure Division
lang_multi_text.db	Flow_135000002_56	3.4	Hội thoại/Cốt truyện	Luồng hội thoại	Kỹ Sư Hoang Thạch	Lost History	Are you ready? Let's go.
lang_multi_text.db	Flow_135000002_72	3.4	Hội thoại/Cốt truyện	Luồng hội thoại	Sóc Nguyệt	Lost History	Help!!
lang_multi_text.db	Flow_135000002_89	3.4	Hội thoại/Cốt truyện	Luồng hội thoại	Speaker_84_Name	Lost History	It looks like the lamp in the lighthouse is damaged and might need an engineer to fix it. Look for help along the way.
lang_multi_text.db	Flow_135000003_191	3.4	Hội thoại/Cốt truyện	Luồng hội thoại	Exile Commoner	A True Arena Champion	Based on your appearance, you don't seem to be from the local gang, but you still need to follow the rules here. Please present your access card first.
lang_multi_text.db	Flow_135000003_193	3.4	Hội thoại/Cốt truyện	Luồng hội thoại	Exile Commoner	A True Arena Champion	Stop there!
lang_multi_text.db	Flow_135000003_195	3.4	Hội thoại/Cốt truyện	Luồng hội thoại	Kẻ Lưu Đày Thường	A True Arena Champion	Only by snagging those powerful Echoes can we keep our streak alive...
lang_multi_text.db	Flow_135000003_196	3.4	Hội thoại/Cốt truyện	Luồng hội thoại	Diễn Viên Số 1	A True Arena Champion	We've got some time before the match kicks off. How about we squeeze in a bit more practice?
lang_multi_text.db	Flow_135000003_197	3.4	Hội thoại/Cốt truyện	Luồng hội thoại	Diễn Viên Số 2	A True Arena Champion	Nah, too many eyes here. We'd spill our tactics.
lang_multi_text.db	Flow_135000003_198	3.4	Hội thoại/Cốt truyện	Luồng hội thoại	Diễn Viên Số 1	A True Arena Champion	We're counting on you to boost our ranking and reclaim our stuff!
lang_multi_text.db	Flow_135000003_199	3.4	Hội thoại/Cốt truyện	Luồng hội thoại	Kẻ Lưu Đày Thường	A True Arena Champion	Only by obtaining powerful Echo can you keep winning...
lang_multi_text.db	Flow_135000003_200	3.4	Hội thoại/Cốt truyện	Luồng hội thoại	Exile Commoner	A True Arena Champion	Decided! With such a powerful Echo, we can redeem everything we lost in the past battles.
lang_multi_text.db	Flow_135000003_208	3.4	Hội thoại/Cốt truyện	Luồng hội thoại	Quán Quân Đấu Trường	A True Arena Champion	Hey! This is not something you can touch!
lang_multi_text.db	Flow_135000003_209	3.4	Hội thoại/Cốt truyện	Luồng hội thoại	Quán Quân Đấu Trường	A True Arena Champion	Consider it when you can stand in my position.
lang_multi_text.db	Flow_135000003_278	3.4	Hội thoại/Cốt truyện	Luồng hội thoại	Kẻ Lưu Đày Khiêu Chiến	A True Arena Champion	No matter who you think you are, don't expect any mercy from me.
lang_multi_text.db	Flow_135000003_279	3.4	Hội thoại/Cốt truyện	Luồng hội thoại	Kẻ Lưu Đày Khiêu Chiến	A True Arena Champion	Be smart and just quit. In that case, I'll keep you alive!
lang_multi_text.db	Flow_135000003_280	3.4	Hội thoại/Cốt truyện	Luồng hội thoại	Speaker_84_Name	A True Arena Champion	It's about time. Zeyuan should have the entry pass ready. I'll go catch up with him.
lang_multi_text.db	Flow_135000003_42	3.4	Hội thoại/Cốt truyện	Luồng hội thoại	Kẻ Lưu Đày Khiêu Chiến	A True Arena Champion	Oh? So you're one of the participants, huh?
lang_multi_text.db	Flow_135000003_43	3.4	Hội thoại/Cốt truyện	Luồng hội thoại	Kẻ Lưu Đày Khiêu Chiến	A True Arena Champion	Though I'm a foreign Exile, these locals know nothing about being polite. I'm here to teach'em a lesson!
lang_multi_text.db	Flow_135000003_490	3.4	Hội thoại/Cốt truyện	Luồng hội thoại		A True Arena Champion	Rest nearby and wait until the next evening.
lang_multi_text.db	Flow_135000003_491	3.4	Hội thoại/Cốt truyện	Luồng hội thoại		A True Arena Champion	The Exile Examiner emerges from behind the tree.
lang_multi_text.db	Flow_135000003_550	3.4	Hội thoại/Cốt truyện	Luồng hội thoại	Exile Commoner	A True Arena Champion	No? If not, then you can't come in. Go away, I don't have time to mess around with you.
lang_multi_text.db	Flow_135000003_551	3.4	Hội thoại/Cốt truyện	Luồng hội thoại		A True Arena Champion	Not yet.
lang_multi_text.db	Flow_135000004_35	3.4	Hội thoại/Cốt truyện	Luồng hội thoại	Speaker_84_Name		Obtained from Daily Quests
lang_multi_text.db	Flow_135000004_36	3.4	Hội thoại/Cốt truyện	Luồng hội thoại	Speaker_84_Name		Obtained from Daily Quests
lang_multi_text.db	Flow_135000004_37	3.4	Hội thoại/Cốt truyện	Luồng hội thoại	Speaker_84_Name		Obtained from Daily Quests
lang_multi_text.db	Flow_135000005_1	3.4	Hội thoại/Cốt truyện	Luồng hội thoại			Oh hey! Didn't even see you coming. I was too caught up in watching Slowy.
lang_multi_text.db	Flow_135000005_2	3.4	Hội thoại/Cốt truyện	Luồng hội thoại			One step, two steps… Slowly, slowly…
lang_multi_text.db	Flow_135000005_3	3.4	Hội thoại/Cốt truyện	Luồng hội thoại			Yeah, see this little turtle right next to me? That's Slowy. Been my companion for quite a while.
lang_multi_text.db	Flow_135000005_4	3.4	Hội thoại/Cốt truyện	Luồng hội thoại			Slowy?
lang_multi_text.db	Flow_135000005_5	3.4	Hội thoại/Cốt truyện	Luồng hội thoại			Just strolling along, nice and slow…
lang_multi_text.db	Flow_135000005_6	3.4	Hội thoại/Cốt truyện	Luồng hội thoại			I'm here, just chilling and watching Slowy, while it's here, taking in the scenery. We're always together, but we don't bother each other.
lang_multi_text.db	Flow_135000005_7	3.4	Hội thoại/Cốt truyện	Luồng hội thoại			I don't really get why it doesn't give me any trouble. Maybe we just get along pretty well…?
lang_multi_text.db	Flow_135000005_8	3.4	Hội thoại/Cốt truyện	Luồng hội thoại			But, you know, watch out for the other turtles around here. They're not as friendly as Slowy.
lang_multi_text.db	Flow_135000006_1	3.4	Hội thoại/Cốt truyện	Luồng hội thoại	Bà Chủ Tiệm Báu Vật		Oh. It's an empty Supply Chest. Grea... Um, great pity, actually. Meow. But it's all right. Let's try again.
lang_multi_text.db	Flow_135000006_10	3.4	Hội thoại/Cốt truyện	Luồng hội thoại	Speaker_84_Name		(It pauses in front of a particular Supply Chest. Is this the one of the ultimate prize?)
lang_multi_text.db	Flow_135000006_11	3.4	Hội thoại/Cốt truyện	Luồng hội thoại	Speaker_84_Name		(I'll open this one!)
lang_multi_text.db	Flow_135000006_12	3.4	Hội thoại/Cốt truyện	Luồng hội thoại	Bà Chủ Tiệm Báu Vật		Pick a Supply Chest to open.
lang_multi_text.db	Flow_135000006_17	3.4	Hội thoại/Cốt truyện	Luồng hội thoại	Bà Chủ Tiệm Báu Vật		Hey, hey, customer over there. I'm sorry but you have to pay me to enter the Lucky Draw and open the Supply Chests. Meow.
lang_multi_text.db	Flow_135000006_2	3.4	Hội thoại/Cốt truyện	Luồng hội thoại	Bà Chủ Tiệm Báu Vật		Congratulations! Though this is not the ultimate prize, it's a decent reward, isn't it? You might get the ultimate next time!
lang_multi_text.db	Flow_135000006_25	3.4	Hội thoại/Cốt truyện	Luồng hội thoại	Bà Chủ Tiệm Báu Vật		How, how did you find it?! It's not possible... It's not...
lang_multi_text.db	Flow_135000006_26	3.4	Hội thoại/Cốt truyện	Luồng hội thoại	Bà Chủ Tiệm Báu Vật		You can only open three Supply Chests one day in the Lucky Draw. Please come back tomorrow. I will be waiting for you with the Supply Chests refreshed! Meow.
lang_multi_text.db	Flow_135000006_3	3.4	Hội thoại/Cốt truyện	Luồng hội thoại	Bà Chủ Tiệm Báu Vật		You can only open three Supply Chests one day in the Lucky Draw. Please come back tomorrow. I will be waiting for you with the Supply Chests refreshed! Meow.
lang_multi_text.db	Flow_135000006_33	3.4	Hội thoại/Cốt truyện	Luồng hội thoại	Bà Chủ Tiệm Báu Vật		A Small Prize. It's better than nothing, meow. You have only three attempts each day. Check back tomorrow. Meow.
lang_multi_text.db	Flow_135000006_69	3.4	Hội thoại/Cốt truyện	Luồng hội thoại	Mèo Con		Meow…
lang_multi_text.db	Flow_135000006_70	3.4	Hội thoại/Cốt truyện	Luồng hội thoại	Speaker_84_Name		(Looks like it's not in the mood, probably gotten tired of eating Fish. Maybe some Raw Meat would do the trick.)
lang_multi_text.db	Flow_135000006_71	3.4	Hội thoại/Cốt truyện	Luồng hội thoại	Bà Chủ Tiệm Báu Vật		Such a shame, meow. Must be in bad luck today to get completely nothing!
lang_multi_text.db	Flow_135000006_72	3.4	Hội thoại/Cốt truyện	Luồng hội thoại	Bà Chủ Tiệm Báu Vật		You have only three attempts each day. Check back tomorrow. Meow.
lang_multi_text.db	Flow_136000001_1	3.4	Hội thoại/Cốt truyện	Luồng hội thoại	Tồn Nhận	Camp Raid	We can take that camp down today with just a few soldiers.
lang_multi_text.db	Flow_136000001_117	3.4	Hội thoại/Cốt truyện	Luồng hội thoại		Camp Raid	It's time for me to step up.
lang_multi_text.db	Flow_136000001_118	3.4	Hội thoại/Cốt truyện	Luồng hội thoại	Diễn Viên Số 1	Camp Raid	Oh my... Oh my!
lang_multi_text.db	Flow_136000001_119	3.4	Hội thoại/Cốt truyện	Luồng hội thoại	Diễn Viên Số 2	Camp Raid	It's just a scratch. Stop fussing...
lang_multi_text.db	Flow_136000001_121	3.4	Hội thoại/Cốt truyện	Luồng hội thoại		Camp Raid	Is he alright?
lang_multi_text.db	Flow_136000001_122	3.4	Hội thoại/Cốt truyện	Luồng hội thoại		Camp Raid	Oh, Uncle... Auntie! Next time, pick your own herbs! AGH—!
lang_multi_text.db	Flow_136000001_124	3.4	Hội thoại/Cốt truyện	Luồng hội thoại		Camp Raid	Was he attacked by the Exiles?
lang_multi_text.db	Flow_136000001_126	3.4	Hội thoại/Cốt truyện	Luồng hội thoại		Camp Raid	He's from the village at the foot of the mountain. Scratched himself on a branch while in the fields, that's all... The boy is dramatic.
lang_multi_text.db	Flow_136000001_128	3.4	Hội thoại/Cốt truyện	Luồng hội thoại	Đội Viên Hậu Cần	Camp Raid	The camp's that way. I'll stay behind. Yes, yes, stop screaming! It's already bandaged!
lang_multi_text.db	Flow_136000001_130	3.4	Hội thoại/Cốt truyện	Luồng hội thoại		Camp Raid	Uncle... Auntie!
lang_multi_text.db	Flow_136000001_131	3.4	Hội thoại/Cốt truyện	Luồng hội thoại	Đội Viên Phẫn Nộ	Camp Raid	I, Black Cyclone, have returned! Exiles, tremble!
lang_multi_text.db	Flow_136000001_132	3.4	Hội thoại/Cốt truyện	Luồng hội thoại	Kẻ Lưu Đày Bất An	Camp Raid	Help... It's so dark here...
lang_multi_text.db	Flow_136000001_133	3.4	Hội thoại/Cốt truyện	Luồng hội thoại	Kẻ Lưu Đày Bất An	Camp Raid	Finally rescued! You idiots, how did you end up locking up your own?
lang_multi_text.db	Flow_136000001_134	3.4	Hội thoại/Cốt truyện	Luồng hội thoại	Đội Viên Phẫn Nộ	Camp Raid	Pitch Black Annihilation!
lang_multi_text.db	Flow_136000001_135	3.4	Hội thoại/Cốt truyện	Luồng hội thoại	Đội Viên Phẫn Nộ	Camp Raid	Stay away from me!
lang_multi_text.db	Flow_136000001_136	3.4	Hội thoại/Cốt truyện	Luồng hội thoại		Camp Raid	Of course there is!
lang_multi_text.db	Flow_136000001_137	3.4	Hội thoại/Cốt truyện	Luồng hội thoại		Camp Raid	Thank you, that fight might've ended differently without you.
lang_multi_text.db	Flow_136000001_138	3.4	Hội thoại/Cốt truyện	Luồng hội thoại		Camp Raid	Shouldn't you praise me for taking the initiative?
lang_multi_text.db	Flow_136000001_139	3.4	Hội thoại/Cốt truyện	Luồng hội thoại		Camp Raid	If it weren't for {Male=his;Female=her} help, you might also be locked up right now.
lang_multi_text.db	Flow_136000001_140	3.4	Hội thoại/Cốt truyện	Luồng hội thoại		Camp Raid	The captain has already reported this to Jinzhou...
lang_multi_text.db	Flow_136000001_141	3.4	Hội thoại/Cốt truyện	Luồng hội thoại		Camp Raid	Reported my outstanding combat performance?
lang_multi_text.db	Flow_136000001_142	3.4	Hội thoại/Cốt truyện	Luồng hội thoại		Camp Raid	Reported your negligence.
lang_multi_text.db	Flow_136000001_143	3.4	Hội thoại/Cốt truyện	Luồng hội thoại	Tồn Nhận	Camp Raid	What?! I thought doing this would be my ticket into the Midnight Rangers...
lang_multi_text.db	Flow_136000001_144	3.4	Hội thoại/Cốt truyện	Luồng hội thoại	Linh Địch	Camp Raid	Forget a promotion into the Rangers. You'll be lucky to even stay in the Outriders.
lang_multi_text.db	Flow_136000001_145	3.4	Hội thoại/Cốt truyện	Luồng hội thoại	Tồn Nhận	Camp Raid	This... this can't be! Lingdi, can you help me plead with the captain?
lang_multi_text.db	Flow_136000001_146	3.4	Hội thoại/Cốt truyện	Luồng hội thoại	Linh Địch	Camp Raid	You...The next time you rush in, think first, okay？
lang_multi_text.db	Flow_136000001_147	3.4	Hội thoại/Cốt truyện	Luồng hội thoại	Tồn Nhận	Camp Raid	Please, Lingdi! I have to join the Midnight Rangers. The future of the Midnight Rangers can't be without me!
lang_multi_text.db	Flow_136000001_148	3.4	Hội thoại/Cốt truyện	Luồng hội thoại	Linh Địch	Camp Raid	Fine, I'll give it a shot... but you know the captain. Afterward, you'd better make sure you apologize. On your hands and knees, if need be.
lang_multi_text.db	Flow_136000001_149	3.4	Hội thoại/Cốt truyện	Luồng hội thoại	Tồn Nhận	Camp Raid	Thank you, Lingdi! When I become an official member, I'll owe you a feast.
lang_multi_text.db	Flow_136000001_150	3.4	Hội thoại/Cốt truyện	Luồng hội thoại	Linh Địch	Camp Raid	Let's talk about that later. For now, just keep your head down.
lang_multi_text.db	Flow_136000001_151	3.4	Hội thoại/Cốt truyện	Luồng hội thoại	Tồn Nhận	Camp Raid	Relax, I won't move without the captain's word.
lang_multi_text.db	Flow_136000001_152	3.4	Hội thoại/Cốt truyện	Luồng hội thoại	Linh Địch	Camp Raid	Sorry to bother you. The captain sent these spoils for you. Said he hopes they help.
lang_multi_text.db	Flow_136000001_153	3.4	Hội thoại/Cốt truyện	Luồng hội thoại		Camp Raid	Got any spoils?
lang_multi_text.db	Flow_136000001_154	3.4	Hội thoại/Cốt truyện	Luồng hội thoại	Đội Viên Dạ Quy	Camp Raid	Quit slacking off, everyone. We need to get this camp in order.
lang_multi_text.db	Flow_136000001_155	3.4	Hội thoại/Cốt truyện	Luồng hội thoại	Đội Viên Dạ Quy	Camp Raid	Tonight, I'm treating myself to a Jinzhou stew.
lang_multi_text.db	Flow_136000001_165	3.4	Hội thoại/Cốt truyện	Luồng hội thoại		Camp Raid	I was just passing through.
lang_multi_text.db	Flow_136000001_166	3.4	Hội thoại/Cốt truyện	Luồng hội thoại		Camp Raid	I'm here to join you.
lang_multi_text.db	Flow_136000001_167	3.4	Hội thoại/Cốt truyện	Luồng hội thoại		Camp Raid	Don't I need to ask your captain?
lang_multi_text.db	Flow_136000001_168	3.4	Hội thoại/Cốt truyện	Luồng hội thoại		Camp Raid	I'll think it over.
lang_multi_text.db	Flow_136000001_169	3.4	Hội thoại/Cốt truyện	Luồng hội thoại	Speaker_84_Name	Camp Raid	The camp's center has been cleared of Exiles!
lang_multi_text.db	Flow_136000001_170	3.4	Hội thoại/Cốt truyện	Luồng hội thoại	Tồn Nhận	Camp Raid	A bunch of Exiles? What's there to fear?
lang_multi_text.db	Flow_136000001_171	3.4	Hội thoại/Cốt truyện	Luồng hội thoại	Linh Địch	Camp Raid	We've been told to investigate. Don't rush in.
lang_multi_text.db	Flow_136000001_172	3.4	Hội thoại/Cốt truyện	Luồng hội thoại	Tồn Nhận	Camp Raid	I say we storm in, and take 'em down. All of 'em.
lang_multi_text.db	Flow_136000001_173	3.4	Hội thoại/Cốt truyện	Luồng hội thoại	Linh Địch	Camp Raid	H-Have you lost your mind? I'm not going with you!
lang_multi_text.db	Flow_136000001_18	3.4	Hội thoại/Cốt truyện	Luồng hội thoại	Linh Địch	Camp Raid	The captain's orders were clear. No unsanctioned ops. Violators won't get away scot free. If he finds out, I don't even want to imagine...
lang_multi_text.db	Flow_136000001_19	3.4	Hội thoại/Cốt truyện	Luồng hội thoại	Tồn Nhận	Camp Raid	If he finds out what? He'll only hear of our victory and heap praise upon us.
lang_multi_text.db	Flow_136000001_2	3.4	Hội thoại/Cốt truyện	Luồng hội thoại	Linh Địch	Camp Raid	But we're just here for reconnaissance...
lang_multi_text.db	Flow_136000001_20	3.4	Hội thoại/Cốt truyện	Luồng hội thoại	Tồn Nhận	Camp Raid	It's finally finished. These cunning Exiles...
lang_multi_text.db	Flow_136000001_21	3.4	Hội thoại/Cốt truyện	Luồng hội thoại	Linh Địch	Camp Raid	Phew... guess we dodged a bullet there.
lang_multi_text.db	Flow_136000001_23	3.4	Hội thoại/Cốt truyện	Luồng hội thoại	Đội Viên Bất Cam	Camp Raid	Dammit, my arm's useless...
lang_multi_text.db	Flow_136000001_25	3.4	Hội thoại/Cốt truyện	Luồng hội thoại	Đội Viên Dạ Quy	Camp Raid	Captain, we did it!
lang_multi_text.db	Flow_136000001_28	3.4	Hội thoại/Cốt truyện	Luồng hội thoại	Đội Viên Dạ Quy	Camp Raid	We did it! We won!
lang_multi_text.db	Flow_136000001_3	3.4	Hội thoại/Cốt truyện	Luồng hội thoại	Tồn Nhận	Camp Raid	Just a pack of thieves inside. What's there to fear? They're getting in the way of our scouts' ability to watch the frontlines!
lang_multi_text.db	Flow_136000001_34	3.4	Hội thoại/Cốt truyện	Luồng hội thoại	Đội Viên Phẫn Nộ	Camp Raid	When I get outta here... you're gonna regret it.
lang_multi_text.db	Flow_136000001_37	3.4	Hội thoại/Cốt truyện	Luồng hội thoại	Đội Viên Bất Cam	Camp Raid	Thank you... it seems that some of my brothers have been captured! I'd give anything to fight alongside them again...
lang_multi_text.db	Flow_136000001_39	3.4	Hội thoại/Cốt truyện	Luồng hội thoại	Tôi	Camp Raid	All the enemies in the base have been eliminated!
lang_multi_text.db	Flow_136000001_40	3.4	Hội thoại/Cốt truyện	Luồng hội thoại	Speaker_84_Name	Camp Raid	The Exiles in the high ground have been cleared!
lang_multi_text.db	Flow_136000001_41	3.4	Hội thoại/Cốt truyện	Luồng hội thoại	Đội Viên Dạ Quy	Camp Raid	Thank you for the rescue, Rover!
lang_multi_text.db	Flow_136000001_43	3.4	Hội thoại/Cốt truyện	Luồng hội thoại	Đội Viên Hậu Cần	Camp Raid	It's just a scratch. I'm cleaning it up. Tough it out!
lang_multi_text.db	Flow_136000001_45	3.4	Hội thoại/Cốt truyện	Luồng hội thoại		Camp Raid	Just what?
lang_multi_text.db	Flow_136000001_55	3.4	Hội thoại/Cốt truyện	Luồng hội thoại	Linh Địch	Camp Raid	Ah! It's an Exile, p-please, leave me be...
lang_multi_text.db	Flow_136000001_56	3.4	Hội thoại/Cốt truyện	Luồng hội thoại	Tồn Nhận	Camp Raid	What Exile... Look at {Male=his;Female=her} attire, does that scream thief to you?
lang_multi_text.db	Flow_136000001_57	3.4	Hội thoại/Cốt truyện	Luồng hội thoại	Linh Địch	Camp Raid	Then... what are you?
lang_multi_text.db	Flow_136000001_6	3.4	Hội thoại/Cốt truyện	Luồng hội thoại	Linh Địch	Camp Raid	Ah, you're here! Cunren has already led an attack on the camp, but...
lang_multi_text.db	Flow_136000001_60	3.4	Hội thoại/Cốt truyện	Luồng hội thoại	Tồn Nhận	Camp Raid	Sharp eyes, I like that. I'm a man of action. You seem like the capable sort, so let me introduce myself.
lang_multi_text.db	Flow_136000001_61	3.4	Hội thoại/Cốt truyện	Luồng hội thoại	Tồn Nhận	Camp Raid	Just passing through? Not many wander these hills... but it's good timing. I'm in need of some help.
lang_multi_text.db	Flow_136000001_62	3.4	Hội thoại/Cốt truyện	Luồng hội thoại	Tồn Nhận	Camp Raid	We're a makeshift team, Outrider Squad. I'm Cunren, and this is Lingdi. We came to scout out the camp.
lang_multi_text.db	Flow_136000001_64	3.4	Hội thoại/Cốt truyện	Luồng hội thoại	Tồn Nhận	Camp Raid	But I've already figured out the situation. It's just a group of Exiles, so I'm launching the first attack!
lang_multi_text.db	Flow_136000001_65	3.4	Hội thoại/Cốt truyện	Luồng hội thoại	Tồn Nhận	Camp Raid	So, what's it gonna be? You in? Let's fight for the Midnight Rangers.
lang_multi_text.db	Flow_136000001_66	3.4	Hội thoại/Cốt truyện	Luồng hội thoại	Linh Địch	Camp Raid	I don't want the captain giving me a tongue lashing. Don't drag me into this...
lang_multi_text.db	Flow_136000001_69	3.4	Hội thoại/Cốt truyện	Luồng hội thoại	Tồn Nhận	Camp Raid	Why bother asking? We hit the camp early, give him a surprise. What's better than that?
lang_multi_text.db	Flow_136000001_70	3.4	Hội thoại/Cốt truyện	Luồng hội thoại	Tồn Nhận	Camp Raid	Think it over? Hesitation is death on the battlefield!
lang_multi_text.db	Flow_136000001_71	3.4	Hội thoại/Cốt truyện	Luồng hội thoại	Tồn Nhận	Camp Raid	Forget it. You two are too hesitant. I can't rely on you.
lang_multi_text.db	Flow_136000001_72	3.4	Hội thoại/Cốt truyện	Luồng hội thoại	Tồn Nhận	Camp Raid	I'll lead the charge at the set time. You just sit tight and wait for my victory lap.
lang_multi_text.db	Flow_136000001_73	3.4	Hội thoại/Cốt truyện	Luồng hội thoại	Linh Địch	Camp Raid	Don't be so impulsive...
lang_multi_text.db	Flow_136000001_74	3.4	Hội thoại/Cốt truyện	Luồng hội thoại	Tồn Nhận	Camp Raid	Look at you, all scared. You'll regret not joining when you see me become a full-fledged Midnight Ranger.
lang_multi_text.db	Flow_136000001_75	3.4	Hội thoại/Cốt truyện	Luồng hội thoại	Linh Địch	Camp Raid	What should we do now...
lang_multi_text.db	Flow_136000001_76	3.4	Hội thoại/Cốt truyện	Luồng hội thoại	Linh Địch	Camp Raid	Looks like they got tangled up in the Exiles' infighting. Haven't heard from them in a while.
lang_multi_text.db	Flow_136000001_77	3.4	Hội thoại/Cốt truyện	Luồng hội thoại	Linh Địch	Camp Raid	The captain's still not back... I've got no idea what to do.
lang_multi_text.db	Flow_136000001_79	3.4	Hội thoại/Cốt truyện	Luồng hội thoại	Linh Địch	Camp Raid	You gonna head up there to help? But those Exiles...
lang_multi_text.db	Flow_136000001_80	3.4	Hội thoại/Cốt truyện	Luồng hội thoại		Camp Raid	Don't worry, I'm strong.
lang_multi_text.db	Flow_136000001_81	3.4	Hội thoại/Cốt truyện	Luồng hội thoại	Linh Địch	Camp Raid	Hmm... you do seem more reliable than Cunren, I believe in you.
lang_multi_text.db	Flow_136000001_82	3.4	Hội thoại/Cốt truyện	Luồng hội thoại	Linh Địch	Camp Raid	Follow the path and you'll hit the camp. Some of our crew should be out front. You ask them for the details.
lang_multi_text.db	Flow_136000001_83	3.4	Hội thoại/Cốt truyện	Luồng hội thoại	Linh Địch	Camp Raid	When the captain's back, I'll come with him to back you up. I'm counting on you.
lang_multi_text.db	Flow_136000001_90	3.4	Hội thoại/Cốt truyện	Luồng hội thoại		Camp Raid	What are you talking about?
lang_multi_text.db	Flow_136000001_91	3.4	Hội thoại/Cốt truyện	Luồng hội thoại		Camp Raid	What commendation?
lang_multi_text.db	Flow_136800000_1	3.4	Hội thoại/Cốt truyện	Luồng hội thoại	Speaker_84_Name		It says low battery to the mechanical arm. Let's place it on the nearby mountains. I can use some solar energy to charge it up.
lang_multi_text.db	Flow_136800000_10	3.4	Hội thoại/Cốt truyện	Luồng hội thoại	Speaker_84_Name		Fails to start the engine... Maybe it can be restarted some time later...
lang_multi_text.db	Flow_136800000_2	3.4	Hội thoại/Cốt truyện	Luồng hội thoại	Speaker_84_Name		Two vandalized boats are stranded upon the nearby shores. Some repaired mechanical legs are left on the boat.
lang_multi_text.db	Flow_136800000_3	3.4	Hội thoại/Cốt truyện	Luồng hội thoại	Speaker_84_Name		A mechanical arm. Perhaps it belongs to some device.
lang_multi_text.db	Flow_136800000_4	3.4	Hội thoại/Cốt truyện	Luồng hội thoại	Speaker_84_Name		A mechanical leg. Perhaps it belongs to some device.
lang_multi_text.db	Flow_136800000_5	3.4	Hội thoại/Cốt truyện	Luồng hội thoại	Speaker_84_Name		Damaged. No alternative arms founded.
lang_multi_text.db	Flow_136800000_6	3.4	Hội thoại/Cốt truyện	Luồng hội thoại	Speaker_84_Name		Install the arm
lang_multi_text.db	Flow_136800000_7	3.4	Hội thoại/Cốt truyện	Luồng hội thoại	Speaker_84_Name		Install the leg
lang_multi_text.db	Flow_136800000_8	3.4	Hội thoại/Cốt truyện	Luồng hội thoại	Speaker_84_Name		Installation Success
lang_multi_text.db	Flow_136800000_9	3.4	Hội thoại/Cốt truyện	Luồng hội thoại	Speaker_84_Name		Installation Success
lang_multi_text.db	Flow_139000000_19	3.4	Hội thoại/Cốt truyện	Luồng hội thoại	Bé Gái	Văn bản thử nghiệm	I know, you're here for my 42300020 props.
lang_multi_text.db	Flow_139000000_20	3.4	Hội thoại/Cốt truyện	Luồng hội thoại	Bé Gái	Văn bản thử nghiệm	I already know! I'll give it to you now!
lang_multi_text.db	Flow_139000000_21	3.4	Hội thoại/Cốt truyện	Luồng hội thoại	Nam Nhân Lạ Mặt	Văn bản thử nghiệm	Oh my precious Lord Rover! I know you've got 423,00020 right!
lang_multi_text.db	Flow_139000000_22	3.4	Hội thoại/Cốt truyện	Luồng hội thoại	Nam Nhân Lạ Mặt	Văn bản thử nghiệm	Leave it to me quickly!
lang_multi_text.db	Flow_139000000_23	3.4	Hội thoại/Cốt truyện	Luồng hội thoại	Nam Nhân Lạ Mặt	Văn bản thử nghiệm	Thank you sir!
lang_multi_text.db	Flow_139000000_24	3.4	Hội thoại/Cốt truyện	Luồng hội thoại	Nam Nhân Lạ Mặt	Văn bản thử nghiệm	You can go to the quest panel and collect your reward, wait for my quest tomorrow!
lang_multi_text.db	Flow_139000003_10	3.4	Hội thoại/Cốt truyện	Luồng hội thoại	Chixia	Silver-haired Echo Trainer - II	Hello, {PlayerName}, can you hear me? It’s me, Chixia.
lang_multi_text.db	Flow_139000003_11	3.4	Hội thoại/Cốt truyện	Luồng hội thoại	Chixia	Silver-haired Echo Trainer - II	I'm on the job and things have gotten pretty sticky... Can you come lend me a hand?
lang_multi_text.db	Flow_139000003_117	3.4	Hội thoại/Cốt truyện	Luồng hội thoại	Chixia	Silver-haired Echo Trainer - II	Don’t worry, Grandpa, {PlayerName} is really strong!
lang_multi_text.db	Flow_139000003_14	3.4	Hội thoại/Cốt truyện	Luồng hội thoại	Cảnh Chúc	Silver-haired Echo Trainer - II	It’s a Havoc Warrior! Watch out!
lang_multi_text.db	Flow_139000003_28	3.4	Hội thoại/Cốt truyện	Luồng hội thoại		Silver-haired Echo Trainer - II	What is it?
lang_multi_text.db	Flow_139000003_29	3.4	Hội thoại/Cốt truyện	Luồng hội thoại		Silver-haired Echo Trainer - II	Why me?
lang_multi_text.db	Flow_139000003_30	3.4	Hội thoại/Cốt truyện	Luồng hội thoại		Silver-haired Echo Trainer - II	Uhhh... I don't know how to explain it on the phone. You'll know when you get here!
lang_multi_text.db	Flow_139000003_31	3.4	Hội thoại/Cốt truyện	Luồng hội thoại	Chixia	Silver-haired Echo Trainer - II	Uhhh... I don't know how to explain it on the phone. You'll know when you get here!
lang_multi_text.db	Flow_139000003_32	3.4	Hội thoại/Cốt truyện	Luồng hội thoại	Chixia	Silver-haired Echo Trainer - II	Oh... I just called you in a rush. Didn’t really think about it!
lang_multi_text.db	Flow_139000003_33	3.4	Hội thoại/Cốt truyện	Luồng hội thoại	Chixia	Silver-haired Echo Trainer - II	I just had a hunch I can count on you, I guess...
lang_multi_text.db	Flow_139000003_34	3.4	Hội thoại/Cốt truyện	Luồng hội thoại	Chixia	Silver-haired Echo Trainer - II	But don’t worry, I’m sure I won’t let you help for nothing!
lang_multi_text.db	Flow_139000003_35	3.4	Hội thoại/Cốt truyện	Luồng hội thoại	Chixia	Silver-haired Echo Trainer - II	I had a feeling you’d help! Thank you so much! I’ll see you near the theater!
lang_multi_text.db	Flow_139000003_37	3.4	Hội thoại/Cốt truyện	Luồng hội thoại		Silver-haired Echo Trainer - II	Okay.
lang_multi_text.db	Flow_139000003_384	3.4	Hội thoại/Cốt truyện	Luồng hội thoại		Silver-haired Echo Trainer - II	Linghan stepped out of the house.
lang_multi_text.db	Flow_139000003_411	3.4	Hội thoại/Cốt truyện	Luồng hội thoại		Silver-haired Echo Trainer - II	Jingzhu stayed put and watched Linghan go back inside and shut the door.
lang_multi_text.db	Flow_139000003_438	3.4	Hội thoại/Cốt truyện	Luồng hội thoại		Silver-haired Echo Trainer - II	Ling Han went home alone before he could say anything.
lang_multi_text.db	Flow_139000003_452	3.4	Hội thoại/Cốt truyện	Luồng hội thoại		Silver-haired Echo Trainer - II	Re-release the enhanced Havoc Warrior
lang_multi_text.db	Flow_139000006_167	3.4	Hội thoại/Cốt truyện	Luồng hội thoại		Silver-haired Echo Trainer - III	The Hoartoise put up a shield with its armor, enduring all attacks.
lang_multi_text.db	Flow_139000006_367	3.4	Hội thoại/Cốt truyện	Luồng hội thoại	Speaker_84_Name	Silver-haired Echo Trainer - III	At that moment, there comes the ringing of the bell.
lang_multi_text.db	Flow_139000006_462	3.4	Hội thoại/Cốt truyện	Luồng hội thoại	Speaker_84_Name	Silver-haired Echo Trainer - III	(Linghan stretches out her hand tremblingly and accepts the Noctemint.)
lang_multi_text.db	Flow_139000006_92	3.4	Hội thoại/Cốt truyện	Luồng hội thoại		Silver-haired Echo Trainer - III	Jingzhu went up and knocked on the door, but there was no response.
lang_multi_text.db	Flow_139000007_491	3.4	Hội thoại/Cốt truyện	Luồng hội thoại		Echoing Marche	Hearing Yangyang's calls, you slowly reclaimed consciousness...
lang_multi_text.db	Flow_139000007_984	3.4	Hội thoại/Cốt truyện	Luồng hội thoại	Yangyang	Echoing Marche	Be careful! I can feel something dangerous over there...
lang_multi_text.db	Flow_139000014_2169	3.4	Hội thoại/Cốt truyện	Luồng hội thoại		Clashing Blades	First Meeting
lang_multi_text.db	Flow_139000015_3227	3.4	Hội thoại/Cốt truyện	Luồng hội thoại		Echoing Marche	You tell Yangyang and Baizhi about what you experienced...
lang_multi_text.db	Flow_139000017_1148	3.4	Hội thoại/Cốt truyện	Luồng hội thoại		Ominous Star	You place the wooden plaque on the stone. Soon after, you hear the roaring of flowing water.
lang_multi_text.db	Flow_139000018_761	3.4	Hội thoại/Cốt truyện	Luồng hội thoại	Người Tiếp Dẫn	First Resonance	Please sit here.
lang_multi_text.db	Flow_139000019_35	3.4	Hội thoại/Cốt truyện	Luồng hội thoại	Speaker_84_Name		Just a shiny box, but filled with random engineering parts...
lang_multi_text.db	Flow_139000019_38	3.4	Hội thoại/Cốt truyện	Luồng hội thoại	Speaker_84_Name		It’s difficult to understand why the designer made it so noticeable... Maybe they simply forgot to include a button for turning off the lights?
lang_multi_text.db	Flow_139700000_1310	3.4	Hội thoại/Cốt truyện	Luồng hội thoại			View the neat Wish Tag
lang_multi_text.db	Flow_139700000_1311	3.4	Hội thoại/Cốt truyện	Luồng hội thoại			View the crumpled Wish Tag
lang_multi_text.db	Flow_139700000_1312	3.4	Hội thoại/Cốt truyện	Luồng hội thoại			View the folded Wish Tag
lang_multi_text.db	Flow_139700000_1315	3.4	Hội thoại/Cốt truyện	Luồng hội thoại			View the creased Wish Tag
lang_multi_text.db	Flow_139700000_1316	3.4	Hội thoại/Cốt truyện	Luồng hội thoại			View the smooth Wish Tag
lang_multi_text.db	Flow_139700000_709	3.4	Hội thoại/Cốt truyện	Luồng hội thoại			After the consciousness space fades, you and Xiangli Yao return to reality.
lang_multi_text.db	Flow_140000000_100	3.4	Hội thoại/Cốt truyện	Luồng hội thoại		Honorary Chef: Taste of Memories	(Pat her on the shoulder)
lang_multi_text.db	Flow_140000000_102	3.4	Hội thoại/Cốt truyện	Luồng hội thoại		Honorary Chef: Taste of Memories	The girl, wiping her tears, left with a smile.
lang_multi_text.db	Flow_140000000_103	3.4	Hội thoại/Cốt truyện	Luồng hội thoại	Speaker_193_Title	Honorary Chef: Taste of Memories	I’m glad you stopped by to help. Wouldn’t have made the chicken for her in time without you.
lang_multi_text.db	Flow_140000000_104	3.4	Hội thoại/Cốt truyện	Luồng hội thoại	Speaker_193_Title	Honorary Chef: Taste of Memories	As a restaurant owner, you inevitably come across situations like this. Life can be tough sometimes, and a good meal can make all the difference.
lang_multi_text.db	Flow_140000000_105	3.4	Hội thoại/Cốt truyện	Luồng hội thoại		Honorary Chef: Taste of Memories	Do you often run into things like this?
lang_multi_text.db	Flow_140000000_106	3.4	Hội thoại/Cốt truyện	Luồng hội thoại	Speaker_193_Title	Honorary Chef: Taste of Memories	That's why I started this place. When I saw that little girl crying, it broke my heart. Thanks for lending a hand today, it means a lot to me.
lang_multi_text.db	Flow_140000000_107	3.4	Hội thoại/Cốt truyện	Luồng hội thoại	Speaker_193_Title	Honorary Chef: Taste of Memories	Thank you so much for today. From now on, you can use the pots in my shop as you please. If you have any difficulties, don't hesitate to tell me!
lang_multi_text.db	Flow_140000000_108	3.4	Hội thoại/Cốt truyện	Luồng hội thoại	Speaker_193_Title	Honorary Chef: Taste of Memories	Look, the pot is right there. I have copied the recipe for Spicy Pulled Chicken for you. If you follow the recipe to do the cooking, I guarantee it will be delicious!
lang_multi_text.db	Flow_140000000_109	3.4	Hội thoại/Cốt truyện	Luồng hội thoại	Speaker_193_Title	Honorary Chef: Taste of Memories	Would you like to give it a try now? Here, I have some ingredients for you. There is some left, so you can make another dish!
lang_multi_text.db	Flow_140000000_145	3.4	Hội thoại/Cốt truyện	Luồng hội thoại	Diễn Viên Số 2	Honorary Chef: Taste of Memories	What's wrong, girl? Tell your sister what's wrong!
lang_multi_text.db	Flow_140000000_146	3.4	Hội thoại/Cốt truyện	Luồng hội thoại	Diễn Viên Số 1	Honorary Chef: Taste of Memories	*sobbing*...
lang_multi_text.db	Flow_140000000_39	3.4	Hội thoại/Cốt truyện	Luồng hội thoại	Speaker_192_Title	Honorary Chef: Taste of Memories	Panhua? So she's finally willing to buy from my place, huh?
lang_multi_text.db	Flow_140000000_58	3.4	Hội thoại/Cốt truyện	Luồng hội thoại	Speaker_193_Title	Honorary Chef: Taste of Memories	Oh, don't cry, don't cry. Tell me what happened. Did someone pick on you?
lang_multi_text.db	Flow_140000000_59	3.4	Hội thoại/Cốt truyện	Luồng hội thoại	Bé Gái	Honorary Chef: Taste of Memories	Sob...
lang_multi_text.db	Flow_140000000_60	3.4	Hội thoại/Cốt truyện	Luồng hội thoại	Speaker_193_Title	Honorary Chef: Taste of Memories	Been crying for a while now. I can't get an answer out of her.
lang_multi_text.db	Flow_140000000_61	3.4	Hội thoại/Cốt truyện	Luồng hội thoại		Honorary Chef: Taste of Memories	What's the matter?
lang_multi_text.db	Flow_140000000_62	3.4	Hội thoại/Cốt truyện	Luồng hội thoại	Speaker_193_Title	Honorary Chef: Taste of Memories	She just came to buy Spicy Pulled Chicken, but the Fowl is already used up today.
lang_multi_text.db	Flow_140000000_63	3.4	Hội thoại/Cốt truyện	Luồng hội thoại	Speaker_193_Title	Honorary Chef: Taste of Memories	So I said, "Come back tomorrow, I'll get the stuff and do prep." And she sat down and bawled.
lang_multi_text.db	Flow_140000000_64	3.4	Hội thoại/Cốt truyện	Luồng hội thoại	Speaker_193_Title	Honorary Chef: Taste of Memories	She’s been like this for nearly 10 minutes now. I haven’t gotten the slightest clue what she’s so sad about.
lang_multi_text.db	Flow_140000000_65	3.4	Hội thoại/Cốt truyện	Luồng hội thoại	Bé Gái	Honorary Chef: Taste of Memories	Sob...
lang_multi_text.db	Flow_140000000_66	3.4	Hội thoại/Cốt truyện	Luồng hội thoại	Bé Gái	Honorary Chef: Taste of Memories	I, I can't do anything right every day. I can't buy what I want to eat, I... *sobbing*
lang_multi_text.db	Flow_140000000_67	3.4	Hội thoại/Cốt truyện	Luồng hội thoại	Speaker_193_Title	Honorary Chef: Taste of Memories	And now your crying even harder. Here, let me help you wipe those tears.
lang_multi_text.db	Flow_140000000_68	3.4	Hội thoại/Cốt truyện	Luồng hội thoại	Speaker_193_Title	Honorary Chef: Taste of Memories	Well, you get the picture! If I could just go buy some fresh ingredients, I can give her the food she’s craving for!
lang_multi_text.db	Flow_140000000_69	3.4	Hội thoại/Cốt truyện	Luồng hội thoại	Speaker_193_Title	Honorary Chef: Taste of Memories	I want to help, but I just don't have the time. She needs care, and the shop needs tending...
lang_multi_text.db	Flow_140000000_70	3.4	Hội thoại/Cốt truyện	Luồng hội thoại		Honorary Chef: Taste of Memories	I'll help.
lang_multi_text.db	Flow_140000000_71	3.4	Hội thoại/Cốt truyện	Luồng hội thoại	Speaker_193_Title	Honorary Chef: Taste of Memories	I... Wow, thank you so much! I'll treat you to something nice when you're back!
lang_multi_text.db	Flow_140000000_72	3.4	Hội thoại/Cốt truyện	Luồng hội thoại	Speaker_193_Title	Honorary Chef: Taste of Memories	For the ingredients of the Spicy Pulled Chicken, you can directly ask Mahe, we're all familiar.
lang_multi_text.db	Flow_140000000_73	3.4	Hội thoại/Cốt truyện	Luồng hội thoại	Speaker_193_Title	Honorary Chef: Taste of Memories	Tell him I sent you and the bill’s on me.
lang_multi_text.db	Flow_140000000_74	3.4	Hội thoại/Cốt truyện	Luồng hội thoại	Speaker_193_Title	Honorary Chef: Taste of Memories	I hope you won’t mind the hassle. I'll make sure to treat you with our speciality dishes here!
lang_multi_text.db	Flow_140000000_77	3.4	Hội thoại/Cốt truyện	Luồng hội thoại		Honorary Chef: Taste of Memories	Actually...
lang_multi_text.db	Flow_140000000_78	3.4	Hội thoại/Cốt truyện	Luồng hội thoại		Honorary Chef: Taste of Memories	You can tell Mahe in detail about the things you encountered in the Panhua's Restaurant.
lang_multi_text.db	Flow_140000000_79	3.4	Hội thoại/Cốt truyện	Luồng hội thoại	Speaker_192_Title	Honorary Chef: Taste of Memories	I see. One moment please, I'll go get what you need real quick. Freshness guaranteed!
lang_multi_text.db	Flow_140000000_80	3.4	Hội thoại/Cốt truyện	Luồng hội thoại		Honorary Chef: Taste of Memories	Mahe hands you a large bag, and you spy a freshly caught fowl among the other ingredients. Mahe's produce is always of the highest quality.
lang_multi_text.db	Flow_140000000_81	3.4	Hội thoại/Cốt truyện	Luồng hội thoại	Speaker_193_Title	Honorary Chef: Taste of Memories	Let’s see here... Cooking oil, chili peppers, chicken. Perfect, we've got everything! Thank you so much! Now it's my turn to shine!
lang_multi_text.db	Flow_140000000_84	3.4	Hội thoại/Cốt truyện	Luồng hội thoại		Honorary Chef: Taste of Memories	Panhua took your ingredients, and in a short while, a plate of Spicy Pulled Chicken was served.
lang_multi_text.db	Flow_140000000_85	3.4	Hội thoại/Cốt truyện	Luồng hội thoại	Speaker_193_Title	Honorary Chef: Taste of Memories	Here you go, sweetie. Dig in.
lang_multi_text.db	Flow_140000000_86	3.4	Hội thoại/Cốt truyện	Luồng hội thoại	Bé Gái	Honorary Chef: Taste of Memories	Let me taste it... Uh...
lang_multi_text.db	Flow_140000000_87	3.4	Hội thoại/Cốt truyện	Luồng hội thoại	Speaker_193_Title	Honorary Chef: Taste of Memories	Why are you crying again, honey? Not to your taste?
lang_multi_text.db	Flow_140000000_88	3.4	Hội thoại/Cốt truyện	Luồng hội thoại		Honorary Chef: Taste of Memories	You're crying even harder.
lang_multi_text.db	Flow_140000000_89	3.4	Hội thoại/Cốt truyện	Luồng hội thoại		Honorary Chef: Taste of Memories	Are you alright?
lang_multi_text.db	Flow_140000000_90	3.4	Hội thoại/Cốt truyện	Luồng hội thoại	Bé Gái	Honorary Chef: Taste of Memories	No, no, it's really delicious. Just too spicy...
lang_multi_text.db	Flow_140000000_92	3.4	Hội thoại/Cốt truyện	Luồng hội thoại	Bé Gái	Honorary Chef: Taste of Memories	As a child, I was always crying, and my grandpa would make pulled chicken to cheer me up.
lang_multi_text.db	Flow_140000000_93	3.4	Hội thoại/Cốt truyện	Luồng hội thoại	Bé Gái	Honorary Chef: Taste of Memories	He used to say that if I ate something spicy, all the bitterness of life would go away and there's no need to cry.
lang_multi_text.db	Flow_140000000_94	3.4	Hội thoại/Cốt truyện	Luồng hội thoại	Bé Gái	Honorary Chef: Taste of Memories	But now that I'm older, I don't cry as much. When my grandpa passed away, I didn't even shed a tear. I thought I'd lost the ability to cry...
lang_multi_text.db	Flow_140000000_95	3.4	Hội thoại/Cốt truyện	Luồng hội thoại	Bé Gái	Honorary Chef: Taste of Memories	But recently, I was under a lot of pressure and felt wronged, and I suddenly wanted to eat pulled chicken, but I couldn't find it anywhere. That's when I...
lang_multi_text.db	Flow_140000000_96	3.4	Hội thoại/Cốt truyện	Luồng hội thoại	Bé Gái	Honorary Chef: Taste of Memories	I'm really troubling you, but I just, I just miss my grandfather...
lang_multi_text.db	Flow_140000000_97	3.4	Hội thoại/Cốt truyện	Luồng hội thoại	Bé Gái	Honorary Chef: Taste of Memories	Thank you so much, both of you. The chicken was delicious. I'll definitely be back for more.
lang_multi_text.db	Flow_140000000_98	3.4	Hội thoại/Cốt truyện	Luồng hội thoại	Speaker_193_Title	Honorary Chef: Taste of Memories	You can come by anytime, sweetie. Be sure to wear a big smile on your face next time!
lang_multi_text.db	Flow_140000000_99	3.4	Hội thoại/Cốt truyện	Luồng hội thoại		Honorary Chef: Taste of Memories	It's okay.
lang_multi_text.db	Flow_140000002_1149	3.4	Hội thoại/Cốt truyện	Luồng hội thoại	Taoqi	Grand Warstorm	Hang on! This wave of attack is almost over!
lang_multi_text.db	Flow_140000002_162	3.4	Hội thoại/Cốt truyện	Luồng hội thoại		Grand Warstorm	Meanwhile, in the Desorock Highland...
lang_multi_text.db	Flow_140000002_165	3.4	Hội thoại/Cốt truyện	Luồng hội thoại	Các Binh Sĩ	Grand Warstorm	Aye, sir!
lang_multi_text.db	Flow_140000002_2309	3.4	Hội thoại/Cốt truyện	Luồng hội thoại	Diễn Viên Số 1	Grand Warstorm	That statue... It just showed up again...
lang_multi_text.db	Flow_140000002_2354	3.4	Hội thoại/Cốt truyện	Luồng hội thoại		Grand Warstorm	On the other side of the Desorock Highland...
lang_multi_text.db	Flow_140000002_2478	3.4	Hội thoại/Cốt truyện	Luồng hội thoại		Grand Warstorm	The Retroact Rain is falling. Dark clouds are gathering above Desorock Highland...
lang_multi_text.db	Flow_140000002_916	3.4	Hội thoại/Cốt truyện	Luồng hội thoại	Diễn Viên Số 1	Grand Warstorm	General, where did you go...
lang_multi_text.db	Flow_140000003_1	3.4	Hội thoại/Cốt truyện	Luồng hội thoại	Diễn Viên Số 1		I need food... It's been a long time since I ate, growl... growl...
lang_multi_text.db	Flow_140000003_2	3.4	Hội thoại/Cốt truyện	Luồng hội thoại	Diễn Viên Số 1		As long as I can get to that place... I won't starve, right...
lang_multi_text.db	Flow_140000003_3	3.4	Hội thoại/Cốt truyện	Luồng hội thoại	Diễn Viên Số 1		The object has been occupied. How can I continue my research...
lang_multi_text.db	Flow_140000003_4	3.4	Hội thoại/Cốt truyện	Luồng hội thoại	Diễn Viên Số 1		General, you're back.
lang_multi_text.db	Flow_140000006_1	3.4	Hội thoại/Cốt truyện	Luồng hội thoại	Speaker_927_Title		So a new story is about to begin?
lang_multi_text.db	Flow_140000006_10	3.4	Hội thoại/Cốt truyện	Luồng hội thoại			The storm formed by the abnormal gravity field seems to be returning...
lang_multi_text.db	Flow_140000006_11	3.4	Hội thoại/Cốt truyện	Luồng hội thoại			A new story?
lang_multi_text.db	Flow_140000006_12	3.4	Hội thoại/Cốt truyện	Luồng hội thoại			So the storm is happening again?
lang_multi_text.db	Flow_140000006_2	3.4	Hội thoại/Cốt truyện	Luồng hội thoại			Oh, actually... It's not that much of a big deal.
lang_multi_text.db	Flow_140000006_3	3.4	Hội thoại/Cốt truyện	Luồng hội thoại			I've been conducting uninterrupted observations at this weather Observation Station...
lang_multi_text.db	Flow_140000006_4	3.4	Hội thoại/Cốt truyện	Luồng hội thoại			Recent observation data shows that the weather changes in the surroundings share similarities with the storms happening here in the past...
lang_multi_text.db	Flow_140000006_5	3.4	Hội thoại/Cốt truyện	Luồng hội thoại			But the similarity are still in the cradle. I can't jump to conclusions now.
lang_multi_text.db	Flow_140000006_6	3.4	Hội thoại/Cốt truyện	Luồng hội thoại			Don't worry. I'll keep an eye on this.
lang_multi_text.db	Flow_140000006_7	3.4	Hội thoại/Cốt truyện	Luồng hội thoại			That's right. The hero embarks on a journey in the vast wilderness, battling against the harsh natural environment and engaging in thrilling fights with bounty criminals...
lang_multi_text.db	Flow_140000006_8	3.4	Hội thoại/Cốt truyện	Luồng hội thoại	Speaker_927_Title		I'm captivated by such a fearless and firm belief.
lang_multi_text.db	Flow_140000006_9	3.4	Hội thoại/Cốt truyện	Luồng hội thoại	Speaker_927_Title		If you're into Westerns too, I'd be more than happy to share my long-cherished movie list with you!
lang_multi_text.db	Flow_140000007_1223	3.4	Hội thoại/Cốt truyện	Luồng hội thoại	NPC #1546	What Yesterday Wept, Today Doth Sing	See you in Ragunna, Rover.
lang_multi_text.db	Flow_142000000_148	3.4	Hội thoại/Cốt truyện	Luồng hội thoại	Rover	No Response Tonight	Excarats traces. I should follow it.
lang_multi_text.db	Flow_142000000_168	3.4	Hội thoại/Cốt truyện	Luồng hội thoại	Rover	No Response Tonight	Looks like Excarats were digging here. Good thing I found the components.
lang_multi_text.db	Flow_142000000_173	3.4	Hội thoại/Cốt truyện	Luồng hội thoại	Rover	No Response Tonight	A communications device... Exiles seem to have intercepted its signal. I may be able to find a similar device in the Exile camp nearby.
lang_multi_text.db	Flow_142000000_174	3.4	Hội thoại/Cốt truyện	Luồng hội thoại	Rover	No Response Tonight	I could probably backtrack this device to their hideout. Let's give it a go.
lang_multi_text.db	Flow_142000000_176	3.4	Hội thoại/Cốt truyện	Luồng hội thoại	Rover	No Response Tonight	A communications device... Exiles seem to have intercepted its signal. I may be able to find a similar device in the Exile camp nearby.
lang_multi_text.db	Flow_142000000_177	3.4	Hội thoại/Cốt truyện	Luồng hội thoại	Rover	No Response Tonight	I could probably backtrack this device to their hideout. Let's give it a go
lang_multi_text.db	Flow_142000000_257	3.4	Hội thoại/Cốt truyện	Luồng hội thoại	Rover	No Response Tonight	Found it. It's not too far away, I should check it out.
lang_multi_text.db	Flow_142000000_258	3.4	Hội thoại/Cốt truyện	Luồng hội thoại	Rover	No Response Tonight	I can check the operator's recording again, in case I missed anything.
lang_multi_text.db	Flow_142000000_259	3.4	Hội thoại/Cốt truyện	Luồng hội thoại	Rover	No Response Tonight	I can check the operator's recording again, in case I missed anything.
lang_multi_text.db	Flow_142000000_262	3.4	Hội thoại/Cốt truyện	Luồng hội thoại	Rover	No Response Tonight	A communications device... Exiles seem to have intercepted its signal. I may be able to find a similar device in the Exile camp nearby.
lang_multi_text.db	Flow_142000000_263	3.4	Hội thoại/Cốt truyện	Luồng hội thoại	Rover	No Response Tonight	I think I managed to find all of the stolen components, so it wouldn't matter that much.
lang_multi_text.db	Flow_142000000_264	3.4	Hội thoại/Cốt truyện	Luồng hội thoại	Rover	No Response Tonight	A communications device... Exiles seem to have intercepted its signal. I may be able to find a similar device in the Exile camp nearby.
lang_multi_text.db	Flow_142000000_265	3.4	Hội thoại/Cốt truyện	Luồng hội thoại	Rover	No Response Tonight	I think I managed to find all of the stolen components, so it wouldn't matter that much.
lang_multi_text.db	Flow_142000003_114	3.4	Hội thoại/Cốt truyện	Luồng hội thoại		Danger! Explosive!	After a brief moment, Feng comes back with a dish emitting a strange fragrance.
lang_multi_text.db	Flow_153000002_8928	3.4	Hội thoại/Cốt truyện	Luồng hội thoại			Say something
lang_multi_text.db	Flow_155000000_793	3.4	Hội thoại/Cốt truyện	Luồng hội thoại		Sail Day, Captain!	It seems that the Gondola doesn't want to leave!
lang_multi_text.db	Flow_217750000_110	3.4	Hội thoại/Cốt truyện	Luồng hội thoại			...
lang_multi_text.db	Flow_217750000_22	3.4	Hội thoại/Cốt truyện	Luồng hội thoại			...
lang_multi_text.db	Flow_217750000_82	3.4	Hội thoại/Cốt truyện	Luồng hội thoại			...
lang_multi_text.db	Flow_217750000_83	3.4	Hội thoại/Cốt truyện	Luồng hội thoại	NPC #750493		...
lang_multi_text.db	Flow_217750000_84	3.4	Hội thoại/Cốt truyện	Luồng hội thoại			...
lang_multi_text.db	Flow_221800003_199	3.4	Hội thoại/Cốt truyện	Luồng hội thoại		Abbowser Quest	[Next Page]
lang_multi_text.db	Flow_221800003_200	3.4	Hội thoại/Cốt truyện	Luồng hội thoại		Abbowser Quest	[Next Page]
lang_multi_text.db	Flow_221800003_201	3.4	Hội thoại/Cốt truyện	Luồng hội thoại		Abbowser Quest	[Next Page]
lang_multi_text.db	Flow_226750000_1	3.4	Hội thoại/Cốt truyện	Luồng hội thoại	NPC #1387		Just so you know, while I charge little for antique appraisals, fighting's gonna be a different price!
lang_multi_text.db	Flow_226750000_10	3.4	Hội thoại/Cốt truyện	Luồng hội thoại	NPC #700064		The hunt is on.
lang_multi_text.db	Flow_226750000_11	3.4	Hội thoại/Cốt truyện	Luồng hội thoại	Aalto		Nice pick! You won't regret choosing Aalto's service.
lang_multi_text.db	Flow_226750000_12	3.4	Hội thoại/Cốt truyện	Luồng hội thoại	Ngâm Lâm		Zapstring, our turn.
lang_multi_text.db	Flow_226750000_13	3.4	Hội thoại/Cốt truyện	Luồng hội thoại	NPC #1437		Is it just me, or is the light bulb on my tail brighter than before?
lang_multi_text.db	Flow_226750000_14	3.4	Hội thoại/Cốt truyện	Luồng hội thoại	Bạch Chỉ		You'tan and I will ensure your safety.
lang_multi_text.db	Flow_226750000_15	3.4	Hội thoại/Cốt truyện	Luồng hội thoại	Uyên Vũ		Anything I can help you with?
lang_multi_text.db	Flow_226750000_16	3.4	Hội thoại/Cốt truyện	Luồng hội thoại	NPC #1346		Amidst disruptions, let's find our way to the right path.
lang_multi_text.db	Flow_226750000_17	3.4	Hội thoại/Cốt truyện	Luồng hội thoại			Let's prove our value to each other.
lang_multi_text.db	Flow_226750000_18	3.4	Hội thoại/Cốt truyện	Luồng hội thoại			Into the painting.
lang_multi_text.db	Flow_226750000_19	3.4	Hội thoại/Cốt truyện	Luồng hội thoại			The show begins.
lang_multi_text.db	Flow_226750000_2	3.4	Hội thoại/Cốt truyện	Luồng hội thoại	NPC #1398		Understood. I am here to serve your will.
lang_multi_text.db	Flow_226750000_20	3.4	Hội thoại/Cốt truyện	Luồng hội thoại			I shall lead the way.
lang_multi_text.db	Flow_226750000_3	3.4	Hội thoại/Cốt truyện	Luồng hội thoại	Yangyang		The skylark's song is about to sound.
lang_multi_text.db	Flow_226750000_4	3.4	Hội thoại/Cốt truyện	Luồng hội thoại	Chixia		I'll save the day!
lang_multi_text.db	Flow_226750000_5	3.4	Hội thoại/Cốt truyện	Luồng hội thoại	Taoqi		Should you find yourself lost, follow the banner of the Qingloong.
lang_multi_text.db	Flow_226750000_6	3.4	Hội thoại/Cốt truyện	Luồng hội thoại	Mortefi		Make this quick. I have experiments underway.
lang_multi_text.db	Flow_226750000_7	3.4	Hội thoại/Cốt truyện	Luồng hội thoại	Taoqi		Time to work? *chuckle* No more lazing around, then.
lang_multi_text.db	Flow_226750000_8	3.4	Hội thoại/Cốt truyện	Luồng hội thoại	San'hua		You can trust me to keep you safe.
lang_multi_text.db	Flow_226750000_9	3.4	Hội thoại/Cốt truyện	Luồng hội thoại	Xuân		Would you like a fun game... between the two of us?
lang_multi_text.db	Flow_29900000_11	3.4	Hội thoại/Cốt truyện	Luồng hội thoại	NPC #1313	Văn bản thử nghiệm	Test Test Test Test Test Test Test Test Test Test Test Test Test Test Test Test Test Test Test Test Test Test Test Test Test Test Test Test Test Test Test Test Test Test Test Test Test Test Test Test Test Test Test Test Test Test Test Test Test Test Test Test Test Test Test Test Test Test Test Test Test Test Test Test Test Test Test Test Test Test Test Test Test Test Test Test Test Test Test Test Test Test Test Test Test Test Test Test Test Test Test Test Test Test Test Test Test Test Test Test Test Test Test Test Test Test Test Test Test Test Test Test Test Test Test Test Test Test Test Test Test Test Test Test Test Test Test Test Test Test Test Test Test Test Test Test Test Test Test Test Test Test Test Test Test Test Test Test Test Test Test Test Test Test Test Test
lang_multi_text.db	Flow_29900000_12	3.4	Hội thoại/Cốt truyện	Luồng hội thoại	NPC #1313	Văn bản thử nghiệm	Test Test Test Test Test Test Test Test Test Test Test Test Test Test Test Test Test Test Test Test Test Test Test Test Test Test Test Test Test Test Test Test Test Test Test Test Test Test Test Test Test Test Test Test Test Test Test Test Test Test Test Test Test Test Test Test Test Test Test Test Test Test Test Test Test Test Test Test Test Test Test Test Test Test Test Test Test Test Test Test Test Test Test Test Test Test Test Test Test Test Test Test Test Test Test Test Test Test Test Test Test Test Test Test Test Test Test Test Test Test Test Test Test Test Test Test Test Test Test Test Test Test Test Test Test Test Test Test Test Test Test Test Test Test Test Test Test Test Test Test Test Test Test Test Test Test Test Test Test Test Test Test Test Test Test Test
lang_multi_text.db	Flow_29900000_15	3.4	Hội thoại/Cốt truyện	Luồng hội thoại		Văn bản thử nghiệm	Test Test Test Test Test Test Test Test Test Test Test Test Test Test Test Test Test Test Test Test Test Test Test Test Test Test Test Test Test Test Test Test Test Test Test Test Test Test Test Test Test Test Test Test Test Test Test Test Test Test Test Test Test Test Test Test Test Test Test Test Test Test Test Test Test Test Test Test Test Test Test Test Test Test Test Test Test Test Test Test Test Test Test Test Test Test Test Test Test Test Test Test Test Test Test Test Test Test Test Test Test Test Test Test Test Test Test Test Test Test Test Test Test Test Test Test Test Test Test Test Test Test Test Test Test Test Test Test Test Test Test Test Test Test Test Test Test Test Test Test Test Test Test Test Test Test Test Test Test Test Test Test Test Test Test Test
lang_multi_text.db	Flow_310000000_1	3.4	Hội thoại/Cốt truyện	Luồng hội thoại		Văn bản thử nghiệm	What do I do now...? The water's too deep...
lang_multi_text.db	Flow_310000000_10	3.4	Hội thoại/Cốt truyện	Luồng hội thoại	Diễn Viên Số 1	Văn bản thử nghiệm	Now you'll think twice before coming back to mess with me again! Bah!
lang_multi_text.db	Flow_310000000_11	3.4	Hội thoại/Cốt truyện	Luồng hội thoại	Diễn Viên Số 1	Văn bản thử nghiệm	Aww, they're so cute... one... two... three...
lang_multi_text.db	Flow_310000000_12	3.4	Hội thoại/Cốt truyện	Luồng hội thoại	Diễn Viên Số 1	Văn bản thử nghiệm	Now I can deliver the goods normally, it's great!
lang_multi_text.db	Flow_310000000_13	3.4	Hội thoại/Cốt truyện	Luồng hội thoại	Diễn Viên Số 1	Văn bản thử nghiệm	I wonder what's up there?
lang_multi_text.db	Flow_310000000_14	3.4	Hội thoại/Cốt truyện	Luồng hội thoại	Diễn Viên Số 1	Văn bản thử nghiệm	Weird... Am I seeing things...?
lang_multi_text.db	Flow_310000000_15	3.4	Hội thoại/Cốt truyện	Luồng hội thoại	Diễn Viên Số 1	Văn bản thử nghiệm	Don't make me do this. Spit it out!
lang_multi_text.db	Flow_310000000_17	3.4	Hội thoại/Cốt truyện	Luồng hội thoại	Diễn Viên Số 1	Văn bản thử nghiệm	Ouch... my leg...
lang_multi_text.db	Flow_310000000_18	3.4	Hội thoại/Cốt truyện	Luồng hội thoại	Diễn Viên Số 1	Văn bản thử nghiệm	This doesn't make any sense...
lang_multi_text.db	Flow_310000000_19	3.4	Hội thoại/Cốt truyện	Luồng hội thoại	Diễn Viên Số 1	Văn bản thử nghiệm	I don't have any money on me, really. I don't have any!
lang_multi_text.db	Flow_310000000_20	3.4	Hội thoại/Cốt truyện	Luồng hội thoại	Diễn Viên Số 1	Văn bản thử nghiệm	Soooo huuunnngryyyy...
lang_multi_text.db	Flow_310000000_21	3.4	Hội thoại/Cốt truyện	Luồng hội thoại	Diễn Viên Số 1	Văn bản thử nghiệm	Huang! Huang! Where'd you run off to...?
lang_multi_text.db	Flow_310000000_22	3.4	Hội thoại/Cốt truyện	Luồng hội thoại	Diễn Viên Số 1	Văn bản thử nghiệm	What exactly are these for?
lang_multi_text.db	Flow_310000000_23	3.4	Hội thoại/Cốt truyện	Luồng hội thoại	Diễn Viên Số 1	Văn bản thử nghiệm	I'm not going down there! There's no way I'm letting you take my packages!
lang_multi_text.db	Flow_310000000_24	3.4	Hội thoại/Cốt truyện	Luồng hội thoại	Diễn Viên Số 1	Văn bản thử nghiệm	What a heavy stream...
lang_multi_text.db	Flow_310000000_25	3.4	Hội thoại/Cốt truyện	Luồng hội thoại		Văn bản thử nghiệm	Save me, save me!
lang_multi_text.db	Flow_310000000_26	3.4	Hội thoại/Cốt truyện	Luồng hội thoại	Diễn Viên Số 1	Văn bản thử nghiệm	Free distribution of treasure hunting tips!
lang_multi_text.db	Flow_310000000_27	3.4	Hội thoại/Cốt truyện	Luồng hội thoại		Văn bản thử nghiệm	Stupid! Stupid, come down quickly!
lang_multi_text.db	Flow_310000000_5	3.4	Hội thoại/Cốt truyện	Luồng hội thoại	Diễn Viên Số 1	Văn bản thử nghiệm	Hmm. Why is it blue?
lang_multi_text.db	Flow_310000000_6	3.4	Hội thoại/Cốt truyện	Luồng hội thoại	Diễn Viên Số 1	Văn bản thử nghiệm	I'm screwed... There's no way I'm getting them back...
lang_multi_text.db	Flow_310000000_7	3.4	Hội thoại/Cốt truyện	Luồng hội thoại	Diễn Viên Số 1	Văn bản thử nghiệm	You really managed to get them back!
lang_multi_text.db	Flow_310000000_8	3.4	Hội thoại/Cốt truyện	Luồng hội thoại	Diễn Viên Số 1	Văn bản thử nghiệm	It's too late to go back now...
lang_multi_text.db	Flow_310000000_9	3.4	Hội thoại/Cốt truyện	Luồng hội thoại	Diễn Viên Số 1	Văn bản thử nghiệm	Help! Anyone—
lang_multi_text.db	Flow_310000001_1	3.4	Hội thoại/Cốt truyện	Luồng hội thoại			I wanted to get a quick break in, but ended up dropping some of my packages into the lake...
lang_multi_text.db	Flow_310000001_10	3.4	Hội thoại/Cốt truyện	Luồng hội thoại			Then why isn't the water in this pond blue?
lang_multi_text.db	Flow_310000001_100	3.4	Hội thoại/Cốt truyện	Luồng hội thoại	Hưng Bạch		That's enough chit-chat, I'm running late. Bye!
lang_multi_text.db	Flow_310000001_101	3.4	Hội thoại/Cốt truyện	Luồng hội thoại			I'll go take a look.
lang_multi_text.db	Flow_310000001_104	3.4	Hội thoại/Cốt truyện	Luồng hội thoại	Vinh An		That one cloud kinda looks like a bird, and it reminds me of the Tealfrill I once kept.
lang_multi_text.db	Flow_310000001_105	3.4	Hội thoại/Cốt truyện	Luồng hội thoại			So it needed more love after all.
lang_multi_text.db	Flow_310000001_106	3.4	Hội thoại/Cốt truyện	Luồng hội thoại	Vinh An		All right, All right, I get it. I wasn't doing enough. I will be more responsible next time.
lang_multi_text.db	Flow_310000001_107	3.4	Hội thoại/Cốt truyện	Luồng hội thoại	A Trừng		I even showed them my pockets, and they still won't believe me. Our stations has all the supplies we need, so I don't usually need to carry any money on me.
lang_multi_text.db	Flow_310000001_108	3.4	Hội thoại/Cốt truyện	Luồng hội thoại	A Trừng		Um, yeah... Hey! They're trying to take my clothes!
lang_multi_text.db	Flow_310000001_109	3.4	Hội thoại/Cốt truyện	Luồng hội thoại			You sure its a good idea to say these things in front of them?
lang_multi_text.db	Flow_310000001_11	3.4	Hội thoại/Cốt truyện	Luồng hội thoại	Hưng Bạch		Then why isn't the water in this pond blue?
lang_multi_text.db	Flow_310000001_110	3.4	Hội thoại/Cốt truyện	Luồng hội thoại	A Trừng		I'm so glad you helped me out. I need to get going and deliver this package now, or I'll be late for the order.
lang_multi_text.db	Flow_310000001_111	3.4	Hội thoại/Cốt truyện	Luồng hội thoại	A Trừng		Well... Did you pack any extras?
lang_multi_text.db	Flow_310000001_112	3.4	Hội thoại/Cốt truyện	Luồng hội thoại	A Trừng		Oh, this is so good!
lang_multi_text.db	Flow_310000001_113	3.4	Hội thoại/Cốt truyện	Luồng hội thoại			Why did you bring him with you?
lang_multi_text.db	Flow_310000001_114	3.4	Hội thoại/Cốt truyện	Luồng hội thoại			...I'll help you look for it.
lang_multi_text.db	Flow_310000001_12	3.4	Hội thoại/Cốt truyện	Luồng hội thoại			When I turned around, I realized that all the packages I'm delivering had been snatch away by those damn lizards!
lang_multi_text.db	Flow_310000001_126	3.4	Hội thoại/Cốt truyện	Luồng hội thoại	Vinh An		I didn't expect the stream to be this strong. They got washed away just like that. Well, they're gone already, there's nothing left for me to do besides going downstream to pick them up...
lang_multi_text.db	Flow_310000001_127	3.4	Hội thoại/Cốt truyện	Luồng hội thoại	Vinh An		Huh? If you want to, sure. Thanks in advance.
lang_multi_text.db	Flow_310000001_128	3.4	Hội thoại/Cốt truyện	Luồng hội thoại			You sure are calm about it.
lang_multi_text.db	Flow_310000001_129	3.4	Hội thoại/Cốt truyện	Luồng hội thoại			I'll go get them for you.
lang_multi_text.db	Flow_310000001_13	3.4	Hội thoại/Cốt truyện	Luồng hội thoại	A Trừng		Do you think we can sneak up on them and get my packages back?
lang_multi_text.db	Flow_310000001_14	3.4	Hội thoại/Cốt truyện	Luồng hội thoại	A Trừng		Those were some really cool moves! Wow!
lang_multi_text.db	Flow_310000001_15	3.4	Hội thoại/Cốt truyện	Luồng hội thoại	Vinh An		My mother asked me to bring some Wintry Bells home while I'm before I left. I totally forgot about them.
lang_multi_text.db	Flow_310000001_16	3.4	Hội thoại/Cốt truyện	Luồng hội thoại	Vinh An		If I make a run for the Gorges of Spirits now, these goods definitely won't be delivered in time.
lang_multi_text.db	Flow_310000001_17	3.4	Hội thoại/Cốt truyện	Luồng hội thoại	Vinh An		Are these for me? Thank you so much!
lang_multi_text.db	Flow_310000001_18	3.4	Hội thoại/Cốt truyện	Luồng hội thoại	A Trừng		Huh? Oh! Yeah, yeah, I'm fine! I appreciate your help, stranger!
lang_multi_text.db	Flow_310000001_19	3.4	Hội thoại/Cốt truyện	Luồng hội thoại	Hưng Bạch		Aww... I really want to keep one... No, wait...
lang_multi_text.db	Flow_310000001_21	3.4	Hội thoại/Cốt truyện	Luồng hội thoại	Hưng Bạch		I'm just curious about what's on top of these buildings. I kind of want to have a look..
lang_multi_text.db	Flow_310000001_22	3.4	Hội thoại/Cốt truyện	Luồng hội thoại	Hưng Bạch		So that's how what's up there. Lame.
lang_multi_text.db	Flow_310000001_28	3.4	Hội thoại/Cốt truyện	Luồng hội thoại			I saw something shining over there. Could it be some kind of hidden treasure?
lang_multi_text.db	Flow_310000001_29	3.4	Hội thoại/Cốt truyện	Luồng hội thoại	Speaker_84_Name		It's just a shiny spot. There is nothing to be found.
lang_multi_text.db	Flow_310000001_3	3.4	Hội thoại/Cốt truyện	Luồng hội thoại			I don't know how to swim... Can you help me fish them out of the water if you got the time?
lang_multi_text.db	Flow_310000001_30	3.4	Hội thoại/Cốt truyện	Luồng hội thoại	Vinh An		Well? Did you find anything?
lang_multi_text.db	Flow_310000001_31	3.4	Hội thoại/Cốt truyện	Luồng hội thoại			Nothing.
lang_multi_text.db	Flow_310000001_32	3.4	Hội thoại/Cốt truyện	Luồng hội thoại	Vinh An		Ugh, so much for the excitement. I thought I was going to get rich.
lang_multi_text.db	Flow_310000001_33	3.4	Hội thoại/Cốt truyện	Luồng hội thoại	Hưng Bạch		This Roseshroom swallowed the package I'm delivering! If I don't get it out in time, it's gonna turn into Roseshroom-goo!
lang_multi_text.db	Flow_310000001_35	3.4	Hội thoại/Cốt truyện	Luồng hội thoại	Hưng Bạch		Gotta check on it real quick. Oh... Good, it looks okay. In one piece.
lang_multi_text.db	Flow_310000001_36	3.4	Hội thoại/Cốt truyện	Luồng hội thoại			It's just a little sticky, though..
lang_multi_text.db	Flow_310000001_37	3.4	Hội thoại/Cốt truyện	Luồng hội thoại	Hưng Bạch		Eww...
lang_multi_text.db	Flow_310000001_4	3.4	Hội thoại/Cốt truyện	Luồng hội thoại	Vinh An		Oh! Thank you! Thank you so much! I'll know better not to take a breather by a lake next time...
lang_multi_text.db	Flow_310000001_46	3.4	Hội thoại/Cốt truyện	Luồng hội thoại	Vinh An		I did everything I could for my bird. Best cage, bird food, but it still died. Did I neglect it? It seems so unfair, and now I'm feeling guilty.
lang_multi_text.db	Flow_310000001_47	3.4	Hội thoại/Cốt truyện	Luồng hội thoại			Perhaps It needed more love.
lang_multi_text.db	Flow_310000001_48	3.4	Hội thoại/Cốt truyện	Luồng hội thoại			You need to keep its cage clean and take it outside.
lang_multi_text.db	Flow_310000001_51	3.4	Hội thoại/Cốt truyện	Luồng hội thoại	A Trừng		They're asking me to pay the toll before they would let me pass. But I really don't have any money on me.
lang_multi_text.db	Flow_310000001_52	3.4	Hội thoại/Cốt truyện	Luồng hội thoại	A Trừng		Phew. They almost got away with it!
lang_multi_text.db	Flow_310000001_53	3.4	Hội thoại/Cốt truyện	Luồng hội thoại	A Trừng		Oh, don't even get me started. My lunch was stolen! Grrr... Ugh...
lang_multi_text.db	Flow_310000001_54	3.4	Hội thoại/Cốt truyện	Luồng hội thoại	A Trừng		Thank you!
lang_multi_text.db	Flow_310000001_55	3.4	Hội thoại/Cốt truyện	Luồng hội thoại	Hưng Bạch		It's my dog. I took him on a delivery, but he vanished while I wasn't watching.
lang_multi_text.db	Flow_310000001_56	3.4	Hội thoại/Cốt truyện	Luồng hội thoại	Hưng Bạch		I just didn't want to shut him inside while I'm out working. I call it long-distance dog walking, by the way.
lang_multi_text.db	Flow_310000001_57	3.4	Hội thoại/Cốt truyện	Luồng hội thoại			Found anything?
lang_multi_text.db	Flow_310000001_59	3.4	Hội thoại/Cốt truyện	Luồng hội thoại			He went in that direction.
lang_multi_text.db	Flow_310000001_60	3.4	Hội thoại/Cốt truyện	Luồng hội thoại	Hưng Bạch		Okay, thanks!
lang_multi_text.db	Flow_310000001_7	3.4	Hội thoại/Cốt truyện	Luồng hội thoại	Hưng Bạch		I'm wondering why the ocean is blue.
lang_multi_text.db	Flow_310000001_72	3.4	Hội thoại/Cốt truyện	Luồng hội thoại	Vinh An		Oh, nothing. Just my packages getting carried away by the river.
lang_multi_text.db	Flow_310000001_73	3.4	Hội thoại/Cốt truyện	Luồng hội thoại	Vinh An		Wow. It's amazing how fast you got them back. I'll go ahead with my delivery now. Cheers.
lang_multi_text.db	Flow_310000001_77	3.4	Hội thoại/Cốt truyện	Luồng hội thoại			Sure.
lang_multi_text.db	Flow_310000001_78	3.4	Hội thoại/Cốt truyện	Luồng hội thoại			Because of the absorption, scattering, and reflection of light.
lang_multi_text.db	Flow_310000001_79	3.4	Hội thoại/Cốt truyện	Luồng hội thoại			Because this pond is too shallow.
lang_multi_text.db	Flow_310000001_8	3.4	Hội thoại/Cốt truyện	Luồng hội thoại			Because the sky is blue.
lang_multi_text.db	Flow_310000001_80	3.4	Hội thoại/Cốt truyện	Luồng hội thoại			The fish in this pond don't blow bubbles.
lang_multi_text.db	Flow_310000001_81	3.4	Hội thoại/Cốt truyện	Luồng hội thoại	Hưng Bạch		Okay... I have the feeling I've heard of this from somewhere before.
lang_multi_text.db	Flow_310000001_82	3.4	Hội thoại/Cốt truyện	Luồng hội thoại	A Trừng		I saw someone staring up at something, so I got curious and looked up...
lang_multi_text.db	Flow_310000001_83	3.4	Hội thoại/Cốt truyện	Luồng hội thoại			...
lang_multi_text.db	Flow_310000001_84	3.4	Hội thoại/Cốt truyện	Luồng hội thoại			Leave it to me.
lang_multi_text.db	Flow_310000001_85	3.4	Hội thoại/Cốt truyện	Luồng hội thoại	A Trừng		Oh right, thank you for helping me get my packages back!
lang_multi_text.db	Flow_310000001_86	3.4	Hội thoại/Cốt truyện	Luồng hội thoại	Vinh An		I might as well go to a shop to get some...
lang_multi_text.db	Flow_310000001_87	3.4	Hội thoại/Cốt truyện	Luồng hội thoại	A Trừng		I can't figure out the life of me why these fools keep coming after me! I'm never taking this path again!
lang_multi_text.db	Flow_310000001_88	3.4	Hội thoại/Cốt truyện	Luồng hội thoại	A Trừng		Good thing you came to help! Much obliged!
lang_multi_text.db	Flow_310000001_89	3.4	Hội thoại/Cốt truyện	Luồng hội thoại	Hưng Bạch		Yeah. See how interesting they look? They even got different relationships going on between the three of them.
lang_multi_text.db	Flow_310000001_9	3.4	Hội thoại/Cốt truyện	Luồng hội thoại			Because there are fish in the ocean and they blow bubbles.
lang_multi_text.db	Flow_310000001_90	3.4	Hội thoại/Cốt truyện	Luồng hội thoại	Hưng Bạch		Wait! Don't leave! Err... Can you help me get rid of them? They're actually blocking my way, so all I could do was stop and look at them.
lang_multi_text.db	Flow_310000001_91	3.4	Hội thoại/Cốt truyện	Luồng hội thoại	Hưng Bạch		Ugh... My salary is more important. So, please!
lang_multi_text.db	Flow_310000001_92	3.4	Hội thoại/Cốt truyện	Luồng hội thoại			I'll leave you to it then. Goodbye.
lang_multi_text.db	Flow_310000001_93	3.4	Hội thoại/Cốt truyện	Luồng hội thoại			I thought you said they were "cute"?
lang_multi_text.db	Flow_310000001_94	3.4	Hội thoại/Cốt truyện	Luồng hội thoại	Hưng Bạch		I'm sorry, what am I thinking. Don't take it seriously. Anyway, thank you for helping me deal with this trouble!
lang_multi_text.db	Flow_310000001_95	3.4	Hội thoại/Cốt truyện	Luồng hội thoại			A parking lot full of fancy cars.
lang_multi_text.db	Flow_310000001_96	3.4	Hội thoại/Cốt truyện	Luồng hội thoại			A time vortex leading to the other side of the planet.
lang_multi_text.db	Flow_310000001_97	3.4	Hội thoại/Cốt truyện	Luồng hội thoại			Only a dead flower.
lang_multi_text.db	Flow_310000001_98	3.4	Hội thoại/Cốt truyện	Luồng hội thoại			Do I look like someone who would fall for that? You may as well tell me it's connected to the other side of the universe.
lang_multi_text.db	Flow_310000001_99	3.4	Hội thoại/Cốt truyện	Luồng hội thoại			That sounds so romantic. I must find a way to get up there.
lang_multi_text.db	Flow_310000002_100	3.4	Hội thoại/Cốt truyện	Luồng hội thoại	San'hua	Pedestal Device	Yes, there is.
lang_multi_text.db	Flow_310000002_101	3.4	Hội thoại/Cốt truyện	Luồng hội thoại	San'hua	Pedestal Device	Actually…
lang_multi_text.db	Flow_310000002_102	3.4	Hội thoại/Cốt truyện	Luồng hội thoại	San'hua	Pedestal Device	I was instructed by Madam Magistrate to discuss a confidential project. Would you mind if I ask about it now, since we're here?
lang_multi_text.db	Flow_310000002_103	3.4	Hội thoại/Cốt truyện	Luồng hội thoại	San'hua	Pedestal Device	While the project is still confidential, if you are interested to join, it can be arranged with Madam Magistrate's authorization. Are you interested?
lang_multi_text.db	Flow_310000002_104	3.4	Hội thoại/Cốt truyện	Luồng hội thoại	San'hua	Pedestal Device	I am currently escorting this injured researcher to that place.
lang_multi_text.db	Flow_310000002_105	3.4	Hội thoại/Cốt truyện	Luồng hội thoại	San'hua	Pedestal Device	If you could spare a moment, would you mind coming along? Explaining on-site might be more efficient.
lang_multi_text.db	Flow_310000002_106	3.4	Hội thoại/Cốt truyện	Luồng hội thoại		Pedestal Device	Since it's already been dealt with, I'll be heading back.
lang_multi_text.db	Flow_310000002_107	3.4	Hội thoại/Cốt truyện	Luồng hội thoại		Pedestal Device	Is there anything else I can help you with?
lang_multi_text.db	Flow_310000002_108	3.4	Hội thoại/Cốt truyện	Luồng hội thoại		Pedestal Device	Confidential?
lang_multi_text.db	Flow_310000002_109	3.4	Hội thoại/Cốt truyện	Luồng hội thoại		Pedestal Device	Authorization?
lang_multi_text.db	Flow_310000002_110	3.4	Hội thoại/Cốt truyện	Luồng hội thoại		Pedestal Device	Sure, let's go together then.
lang_multi_text.db	Flow_310000002_111	3.4	Hội thoại/Cốt truyện	Luồng hội thoại	Binh sĩ trẻ tuổi	Pedestal Device	Hey, what happened? How did you get injured?
lang_multi_text.db	Flow_310000002_112	3.4	Hội thoại/Cốt truyện	Luồng hội thoại	Nghiên Cứu Viên	Pedestal Device	Can you believe it? I was just doing my routine specimen collection, and a Howler-type TD just pounced at me out of nowhere! What a lucky encounter!
lang_multi_text.db	Flow_310000002_113	3.4	Hội thoại/Cốt truyện	Luồng hội thoại		Pedestal Device	You think getting injured is lucky?
lang_multi_text.db	Flow_310000002_114	3.4	Hội thoại/Cốt truyện	Luồng hội thoại	Nghiên Cứu Viên	Pedestal Device	Well, it didn't hurt that much. More importantly, it was an unidentified special variant! This discovery will surely enrich our database.
lang_multi_text.db	Flow_310000002_115	3.4	Hội thoại/Cốt truyện	Luồng hội thoại	Nghiên Cứu Viên	Pedestal Device	My little injury today might save countless lives in the future!
lang_multi_text.db	Flow_310000002_116	3.4	Hội thoại/Cốt truyện	Luồng hội thoại	San'hua	Pedestal Device	As you can see, the Tower Project, formally known as the Tower of Adversity, is an artificial Sonoro Sphere program in development dedicated to combat simulation.
lang_multi_text.db	Flow_310000002_117	3.4	Hội thoại/Cốt truyện	Luồng hội thoại		Pedestal Device	Artificial… what?
lang_multi_text.db	Flow_310000002_118	3.4	Hội thoại/Cốt truyện	Luồng hội thoại	Nghiên Cứu Viên	Pedestal Device	Simply put, it's a man-made Sonoro Sphere.
lang_multi_text.db	Flow_310000002_119	3.4	Hội thoại/Cốt truyện	Luồng hội thoại	Nghiên Cứu Viên	Pedestal Device	We renovated a large experimental site left behind by the Court of Savantae to build this place.
lang_multi_text.db	Flow_310000002_120	3.4	Hội thoại/Cốt truyện	Luồng hội thoại	Nghiên Cứu Viên	Pedestal Device	This is a surreal space that can record specific information from a specific time and situation through our intervention.
lang_multi_text.db	Flow_310000002_121	3.4	Hội thoại/Cốt truyện	Luồng hội thoại	San'hua	Pedestal Device	Regarding the Court of Savantae... There is a lot of information we need you to know. We shall discuss it at a later time.
lang_multi_text.db	Flow_310000002_122	3.4	Hội thoại/Cốt truyện	Luồng hội thoại	Nghiên Cứu Viên	Pedestal Device	Within this simulated environment, adversaries can materialize from the subject's recollections.
lang_multi_text.db	Flow_310000002_123	3.4	Hội thoại/Cốt truyện	Luồng hội thoại	Nghiên Cứu Viên	Pedestal Device	As you delve deeper, tougher opponents will emerge, because of the difference in energy distribution pattern.
lang_multi_text.db	Flow_310000002_124	3.4	Hội thoại/Cốt truyện	Luồng hội thoại	San'hua	Pedestal Device	Our esteemed Magistrate intends to integrate this technology into military training for a more authentic experience.
lang_multi_text.db	Flow_310000002_125	3.4	Hội thoại/Cốt truyện	Luồng hội thoại	San'hua	Pedestal Device	This could potentially reduce casualties during real-life combat scenarios.
lang_multi_text.db	Flow_310000002_126	3.4	Hội thoại/Cốt truyện	Luồng hội thoại	San'hua	Pedestal Device	{PlayerName}, would you be willing to participate in our preliminary tests?
lang_multi_text.db	Flow_310000002_127	3.4	Hội thoại/Cốt truyện	Luồng hội thoại		Pedestal Device	Sure, why not?
lang_multi_text.db	Flow_310000002_128	3.4	Hội thoại/Cốt truyện	Luồng hội thoại		Pedestal Device	Why me?
lang_multi_text.db	Flow_310000002_129	3.4	Hội thoại/Cốt truyện	Luồng hội thoại		Pedestal Device	Thank you.
lang_multi_text.db	Flow_310000002_130	3.4	Hội thoại/Cốt truyện	Luồng hội thoại	Nghiên Cứu Viên	Pedestal Device	As I mentioned, enemies in the simulation are based on the tester's memories and their strength depends on their perception.
lang_multi_text.db	Flow_310000002_131	3.4	Hội thoại/Cốt truyện	Luồng hội thoại	Nghiên Cứu Viên	Pedestal Device	For example, if I were to enter, my fear of Tacet Discords might cause me to imagine them as stronger than they actually are, which would impact the accuracy of data.
lang_multi_text.db	Flow_310000002_132	3.4	Hội thoại/Cốt truyện	Luồng hội thoại	Nghiên Cứu Viên	Pedestal Device	This is why we rely on testers like you and Lady Sanhua, who possess both mental and physical fortitude, to provide realistic data for our research.
lang_multi_text.db	Flow_310000002_133	3.4	Hội thoại/Cốt truyện	Luồng hội thoại	Nghiên Cứu Viên	Pedestal Device	The data we gathered from Lady Sanhua's past simulated battle against an Elite Class Tranquilite greatly aided us in our recent fight.
lang_multi_text.db	Flow_310000002_134	3.4	Hội thoại/Cốt truyện	Luồng hội thoại	San'hua	Pedestal Device	Madam Magistrate values this project greatly. As we discussed, our soldiers' lives are at stake.
lang_multi_text.db	Flow_310000002_135	3.4	Hội thoại/Cốt truyện	Luồng hội thoại	San'hua	Pedestal Device	I have faith that you will not disappoint her if entrusted with this task.
lang_multi_text.db	Flow_310000002_136	3.4	Hội thoại/Cốt truyện	Luồng hội thoại		Pedestal Device	Let's get started.
lang_multi_text.db	Flow_310000002_137	3.4	Hội thoại/Cốt truyện	Luồng hội thoại	Nghiên Cứu Viên	Pedestal Device	Fantastic! Absolutely fantastic!
lang_multi_text.db	Flow_310000002_139	3.4	Hội thoại/Cốt truyện	Luồng hội thoại	Nghiên Cứu Viên	Pedestal Device	That's some super valuable and rare data! What an extraordinary battle!
lang_multi_text.db	Flow_310000002_140	3.4	Hội thoại/Cốt truyện	Luồng hội thoại	Nghiên Cứu Viên	Pedestal Device	I need to expedite this, collaborate with the research team, and confirm with Control Group B...
lang_multi_text.db	Flow_310000002_141	3.4	Hội thoại/Cốt truyện	Luồng hội thoại	Nghiên Cứu Viên	Pedestal Device	Oh, I almost forgot.
lang_multi_text.db	Flow_310000002_142	3.4	Hội thoại/Cốt truyện	Luồng hội thoại	San'hua	Pedestal Device	Ahem...
lang_multi_text.db	Flow_310000002_143	3.4	Hội thoại/Cốt truyện	Luồng hội thoại	Nghiên Cứu Viên	Pedestal Device	As it's our priority project, researchers like me do get some subsidies.
lang_multi_text.db	Flow_310000002_144	3.4	Hội thoại/Cốt truyện	Luồng hội thoại	Nghiên Cứu Viên	Pedestal Device	While not significant, please kindly consider them as compensation for your efforts.
lang_multi_text.db	Flow_310000002_145	3.4	Hội thoại/Cốt truyện	Luồng hội thoại	Nghiên Cứu Viên	Pedestal Device	Should you have some spare time, we would greatly appreciate your participation in our future experiments! Your contribution is invaluable to us!
lang_multi_text.db	Flow_310000002_750	3.4	Hội thoại/Cốt truyện	Luồng hội thoại		Pedestal Device	As soon as the words left his mouth, Ebony Gatekeeper disappeared, as if what had just happened was a dream.
lang_multi_text.db	Flow_310000002_783	3.4	Hội thoại/Cốt truyện	Luồng hội thoại		Pedestal Device	Before he can finish his sentence, several Tacet Discords suddenly emerge from the Gate...
lang_multi_text.db	Flow_310000002_91	3.4	Hội thoại/Cốt truyện	Luồng hội thoại	Tán Hoa (Đang gọi)	Pedestal Device	Yes, my lady. Everything has been taken care of. Don't worry.
lang_multi_text.db	Flow_310000002_92	3.4	Hội thoại/Cốt truyện	Luồng hội thoại	Tán Hoa (Đang gọi)	Pedestal Device	We ran into an unexpected situation... Yes… They sent us a message, and I happened to be in the vicinity.
lang_multi_text.db	Flow_310000002_93	3.4	Hội thoại/Cốt truyện	Luồng hội thoại	Tán Hoa (Đang gọi)	Pedestal Device	I need to escort this researcher to <b>the Tower</b>. I'll be back shortly.
lang_multi_text.db	Flow_310000002_96	3.4	Hội thoại/Cốt truyện	Luồng hội thoại	San'hua	Pedestal Device	Rover?
lang_multi_text.db	Flow_310000002_98	3.4	Hội thoại/Cốt truyện	Luồng hội thoại	San'hua	Pedestal Device	I was assisting Madam Magistrate with certain matters, and as I happened to be close to that place, I arrived slightly ahead of you.
lang_multi_text.db	Flow_310000002_99	3.4	Hội thoại/Cốt truyện	Luồng hội thoại	San'hua	Pedestal Device	I've resolved the issue.
lang_multi_text.db	Flow_310000003_661	3.4	Hội thoại/Cốt truyện	Luồng hội thoại	Diễn Viên Số 1	Stygian Lacrimosa	Curses...! We took the same old verified path as before, and still we got attacked!
lang_multi_text.db	Flow_310000003_663	3.4	Hội thoại/Cốt truyện	Luồng hội thoại	Diễn Viên Số 2	Stygian Lacrimosa	Stop your whining. With no end to this fog, those TDs have only gotten more ruthless.
lang_multi_text.db	Flow_310000003_664	3.4	Hội thoại/Cốt truyện	Luồng hội thoại	Diễn Viên Số 2	Stygian Lacrimosa	Should I go gather some more Angelica and send them over? If we already have enough, we can just use it as our daily supply.
lang_multi_text.db	Flow_310000003_665	3.4	Hội thoại/Cốt truyện	Luồng hội thoại	Diễn Viên Số 1	Stygian Lacrimosa	Hey, have you heard about the "phantoms"? All big, dark, and gloomy...
lang_multi_text.db	Flow_310000003_666	3.4	Hội thoại/Cốt truyện	Luồng hội thoại	Diễn Viên Số 2	Stygian Lacrimosa	Cut that out, all right? And talk like a normal person... Who are you trying to scare?
lang_multi_text.db	Flow_310000003_667	3.4	Hội thoại/Cốt truyện	Luồng hội thoại	Diễn Viên Số 1	Stygian Lacrimosa	Got you scared? I know you more than you think I do.
lang_multi_text.db	Flow_310000003_668	3.4	Hội thoại/Cốt truyện	Luồng hội thoại	Diễn Viên Số 2	Stygian Lacrimosa	Tsk. I go out with the scavenging team all the time. I've even seen the Mourning Aix, what's a blob of shadow gonna do?
lang_multi_text.db	Flow_310000003_669	3.4	Hội thoại/Cốt truyện	Luồng hội thoại	Diễn Viên Số 1	Stygian Lacrimosa	Okay, then we'll go check it out tomorrow night.
lang_multi_text.db	Flow_310000003_670	3.4	Hội thoại/Cốt truyện	Luồng hội thoại	Diễn Viên Số 2	Stygian Lacrimosa	On second thought... Hasn't it been getting more dangerous out there lately?
lang_multi_text.db	Flow_310000003_671	3.4	Hội thoại/Cốt truyện	Luồng hội thoại	Diễn Viên Số 1	Stygian Lacrimosa	Ooh, getting scared now are ya?
lang_multi_text.db	Flow_310000003_672	3.4	Hội thoại/Cốt truyện	Luồng hội thoại	Diễn Viên Số 2	Stygian Lacrimosa	Laugh it up all you want. Me, scared? Let's go then, I'm not afraid of anything!
lang_multi_text.db	Flow_31000000_147	3.4	Hội thoại/Cốt truyện	Luồng hội thoại	Dedi	Wait for Godo	Did you see a roaming soldier on your way here?
lang_multi_text.db	Flow_31000000_148	3.4	Hội thoại/Cốt truyện	Luồng hội thoại	Dedi	Wait for Godo	I just caught an alert that signals abnormal energy fluctuations at the embankment. Tacet Discords might appear anytime.
lang_multi_text.db	Flow_31000000_149	3.4	Hội thoại/Cốt truyện	Luồng hội thoại	Dedi	Wait for Godo	Godo was supposed to be manning the watch tower on the other side, but he's nowhere to be found.
lang_multi_text.db	Flow_31000000_150	3.4	Hội thoại/Cốt truyện	Luồng hội thoại	Dedi	Wait for Godo	Can you do me a favor and take his place for now?
lang_multi_text.db	Flow_31000000_151	3.4	Hội thoại/Cốt truyện	Luồng hội thoại		Wait for Godo	Politely decline.
lang_multi_text.db	Flow_31000000_152	3.4	Hội thoại/Cốt truyện	Luồng hội thoại		Wait for Godo	Reluctantly agree.
lang_multi_text.db	Flow_31000000_153	3.4	Hội thoại/Cốt truyện	Luồng hội thoại	Giọng Nói Bí Ẩn	Wait for Godo	As the sun beats down and the ocean breeze lulls you, your eyes can't help but be drawn to the massive shadow looming over the beach. It beckons to you, calling for your attention and submission—Those man-made, sinister shadows will dance for you. You need only wave the scepter in your hand.
lang_multi_text.db	Flow_31000000_155	3.4	Hội thoại/Cốt truyện	Luồng hội thoại	Giọng Nói Bí Ẩn	Wait for Godo	"Yes, you remember what those shadows looked like. The memories are crystal clear. They flow in and out of your mind like waves, yet they leave you with nothing to keep."
lang_multi_text.db	Flow_31000000_156	3.4	Hội thoại/Cốt truyện	Luồng hội thoại	Giọng Nói Bí Ẩn	Wait for Godo	"Yes… like waves. Time and tears swirl together in an eternal dance. I admit, you know everything about the past and future. Yet here you are, shipwrecked in this era, stumbling like a newborn. Welcome to this era, Rover, as you awaken again… that's my warm greeting for you."
lang_multi_text.db	Flow_31000000_157	3.4	Hội thoại/Cốt truyện	Luồng hội thoại	Giọng Nói Bí Ẩn	Wait for Godo	Heed my advice: Don't touch the truth yet. This is for your own good.
lang_multi_text.db	Flow_31000000_158	3.4	Hội thoại/Cốt truyện	Luồng hội thoại		Wait for Godo	Scepter?
lang_multi_text.db	Flow_31000000_159	3.4	Hội thoại/Cốt truyện	Luồng hội thoại		Wait for Godo	Waves?
lang_multi_text.db	Flow_31000000_160	3.4	Hội thoại/Cốt truyện	Luồng hội thoại		Wait for Godo	...I should wake up.
lang_multi_text.db	Flow_31000000_161	3.4	Hội thoại/Cốt truyện	Luồng hội thoại		Wait for Godo	I still have work to do.
lang_multi_text.db	Flow_31000001_1	3.4	Hội thoại/Cốt truyện	Luồng hội thoại			I just don't understand why they haven't started fixing the Sentinel's statue yet...
lang_multi_text.db	Flow_31000001_10	3.4	Hội thoại/Cốt truyện	Luồng hội thoại			It's not <i>that</i> kind of like, okay? Don't get the wrong idea!
lang_multi_text.db	Flow_31000001_11	3.4	Hội thoại/Cốt truyện	Luồng hội thoại			I just don't think fixing the statue is our biggest priority right now. We've got more pressing stuff to deal with—like upgrading the border walls, for example.
lang_multi_text.db	Flow_31000001_12	3.4	Hội thoại/Cốt truyện	Luồng hội thoại			Hmm, how do I put this nicely and get her on board?
lang_multi_text.db	Flow_31000001_13	3.4	Hội thoại/Cốt truyện	Luồng hội thoại			This rock wall's way too loose. I barely pushed, and a chunk came right off.
lang_multi_text.db	Flow_31000001_14	3.4	Hội thoại/Cốt truyện	Luồng hội thoại			Writing that report couldn't have been easy for Haobai. Wonder what Yirou's gonna think when she sees it...
lang_multi_text.db	Flow_31000001_15	3.4	Hội thoại/Cốt truyện	Luồng hội thoại			Haha, it's not all about brute strength, you know.
lang_multi_text.db	Flow_31000001_16	3.4	Hội thoại/Cốt truyện	Luồng hội thoại			As long as I can find the right launching point, I can pull off things that seem impossible.
lang_multi_text.db	Flow_31000001_17	3.4	Hội thoại/Cốt truyện	Luồng hội thoại			I guess that's kinda my Resonance ability... sounds pretty basic, huh? Haha.
lang_multi_text.db	Flow_31000001_18	3.4	Hội thoại/Cốt truyện	Luồng hội thoại			There's a rockslide caused by those monsters every couple of days. If one blocks the road, people end up stranded up here in the mountains.
lang_multi_text.db	Flow_31000001_19	3.4	Hội thoại/Cốt truyện	Luồng hội thoại			If you hit any snags, especially with rockslides or blocked paths, just give me a shout.
lang_multi_text.db	Flow_31000001_2	3.4	Hội thoại/Cốt truyện	Luồng hội thoại			All the issues in the report… they're all solvable!
lang_multi_text.db	Flow_31000001_20	3.4	Hội thoại/Cốt truyện	Luồng hội thoại			Did you know water can speak?
lang_multi_text.db	Flow_31000001_21	3.4	Hội thoại/Cốt truyện	Luồng hội thoại			Haha, very funny. No, I mean...
lang_multi_text.db	Flow_31000001_22	3.4	Hội thoại/Cốt truyện	Luồng hội thoại			It's more like... the raindrops in the clouds are talking to me, telling me when they're coming and how long they'll stay.
lang_multi_text.db	Flow_31000001_23	3.4	Hội thoại/Cốt truyện	Luồng hội thoại			You won't hurt my feelings if you tell me that this kind of Resonance Ability... is kind of useless.
lang_multi_text.db	Flow_31000001_24	3.4	Hội thoại/Cốt truyện	Luồng hội thoại			I used to feel insecure about it, but since I started working on the Exploration Canal, my skills have been super helpful.
lang_multi_text.db	Flow_31000001_25	3.4	Hội thoại/Cốt truyện	Luồng hội thoại			I realized that there is no such thing as a strong or weak ability, it's how you use it that matters.
lang_multi_text.db	Flow_31000001_26	3.4	Hội thoại/Cốt truyện	Luồng hội thoại			Anyway, I just gotta live up to my name... no more sulking!
lang_multi_text.db	Flow_31000001_27	3.4	Hội thoại/Cốt truyện	Luồng hội thoại			That's actually what Pops always wanted for me, to carve through mountains and guide rivers to the sea.
lang_multi_text.db	Flow_31000001_28	3.4	Hội thoại/Cốt truyện	Luồng hội thoại			Just like him, I work for the Ministry of Development on water projects.
lang_multi_text.db	Flow_31000001_29	3.4	Hội thoại/Cốt truyện	Luồng hội thoại			He was out there, digging canals in the Gorges of Spirits, right up until the Tacet Discord outbreak.
lang_multi_text.db	Flow_31000001_3	3.4	Hội thoại/Cốt truyện	Luồng hội thoại			The mountains are unstable… and those Tacet Discords keep popping up…
lang_multi_text.db	Flow_31000001_30	3.4	Hội thoại/Cốt truyện	Luồng hội thoại			Nothing. Now I carry on his legacy and try to push forward with his unfinished business.
lang_multi_text.db	Flow_31000001_31	3.4	Hội thoại/Cốt truyện	Luồng hội thoại			To be honest, that's where my own passion comes in, too.
lang_multi_text.db	Flow_31000001_32	3.4	Hội thoại/Cốt truyện	Luồng hội thoại			Pops is probably smiling down on me right now.
lang_multi_text.db	Flow_31000001_33	3.4	Hội thoại/Cốt truyện	Luồng hội thoại			Huh? Come on, we can't dig here. That would mess up the ecosystem.
lang_multi_text.db	Flow_31000001_34	3.4	Hội thoại/Cốt truyện	Luồng hội thoại			Me? I study biology.
lang_multi_text.db	Flow_31000001_35	3.4	Hội thoại/Cốt truyện	Luồng hội thoại			There's a lot of research on Tacetite in the academy. I mean, with all these Tacet Discords, Tacetite weapons are the big thing. Projects get greenlit fast, and funding is rarely an issue.
lang_multi_text.db	Flow_31000001_36	3.4	Hội thoại/Cốt truyện	Luồng hội thoại			Life is tough for us biologists... I just want to keep the research and development from wrecking the ecosystem.
lang_multi_text.db	Flow_31000001_37	3.4	Hội thoại/Cốt truyện	Luồng hội thoại			Our world's hanging by a thread as it is.
lang_multi_text.db	Flow_31000001_38	3.4	Hội thoại/Cốt truyện	Luồng hội thoại			That being said, from what I've figured out, there should be giant Tacet Discords in the Gorges of Spirits' water system that mimic normal animals.
lang_multi_text.db	Flow_31000001_39	3.4	Hội thoại/Cốt truyện	Luồng hội thoại			Never seen anything like it in the reports, though. Weird...
lang_multi_text.db	Flow_31000001_4	3.4	Hội thoại/Cốt truyện	Luồng hội thoại			You don't get it. Folks are really on edge. They're terrified those disasters will hit again.
lang_multi_text.db	Flow_31000001_40	3.4	Hội thoại/Cốt truyện	Luồng hội thoại			What's the issue here?
lang_multi_text.db	Flow_31000001_41	3.4	Hội thoại/Cốt truyện	Luồng hội thoại			Good luck fixing that anytime soon.
lang_multi_text.db	Flow_31000001_42	3.4	Hội thoại/Cốt truyện	Luồng hội thoại			What's going on?
lang_multi_text.db	Flow_31000001_43	3.4	Hội thoại/Cốt truyện	Luồng hội thoại			Didn't know you had that kind of strength in you.
lang_multi_text.db	Flow_31000001_44	3.4	Hội thoại/Cốt truyện	Luồng hội thoại			Sure, like "Splish, splash" or "Drip, drop"?
lang_multi_text.db	Flow_31000001_45	3.4	Hội thoại/Cốt truyện	Luồng hội thoại			Is there a story behind your name?
lang_multi_text.db	Flow_31000001_46	3.4	Hội thoại/Cốt truyện	Luồng hội thoại			My condolences.
lang_multi_text.db	Flow_31000001_47	3.4	Hội thoại/Cốt truyện	Luồng hội thoại			What do you study?
lang_multi_text.db	Flow_31000001_48	3.4	Hội thoại/Cốt truyện	Luồng hội thoại			You're right, that's a tough problem.
lang_multi_text.db	Flow_31000001_49	3.4	Hội thoại/Cốt truyện	Luồng hội thoại			That's a bit too obvious!
lang_multi_text.db	Flow_31000001_5	3.4	Hội thoại/Cốt truyện	Luồng hội thoại			If they could just fix the Sentinel's statue, it would lift everyone's spirits.
lang_multi_text.db	Flow_31000001_50	3.4	Hội thoại/Cốt truyện	Luồng hội thoại			...Alright then.
lang_multi_text.db	Flow_31000001_51	3.4	Hội thoại/Cốt truyện	Luồng hội thoại	Hạo Bạch		...Ahem, back to the point.
lang_multi_text.db	Flow_31000001_52	3.4	Hội thoại/Cốt truyện	Luồng hội thoại	Xianfeng		Lucky for them, I've saved more than a few thanks to my Resonance abilities.
lang_multi_text.db	Flow_31000001_53	3.4	Hội thoại/Cốt truyện	Luồng hội thoại			This ability's been pretty handy, though. Lately, more Tacet Fields have appeared, and the Tacet Discords have been acting up big time.
lang_multi_text.db	Flow_31000001_54	3.4	Hội thoại/Cốt truyện	Luồng hội thoại			You're saying the rain talks to you?
lang_multi_text.db	Flow_31000001_55	3.4	Hội thoại/Cốt truyện	Luồng hội thoại	Zhiyu		Nah, I can only hear regular rain. When it's that Retroact stuff? Nothing.
lang_multi_text.db	Flow_31000001_56	3.4	Hội thoại/Cốt truyện	Luồng hội thoại	Zhiyu		Technically, Retroact Rain isn't even real rain. It's more like… Remnant Energy.
lang_multi_text.db	Flow_31000001_57	3.4	Hội thoại/Cốt truyện	Luồng hội thoại	Zhiyu		Remnant Energy replays old events. When the rain flows up, you get these mirages of the past showing up in it.
lang_multi_text.db	Flow_31000001_58	3.4	Hội thoại/Cốt truyện	Luồng hội thoại			Retroact Rain?
lang_multi_text.db	Flow_31000001_59	3.4	Hội thoại/Cốt truyện	Luồng hội thoại			Makes sense.
lang_multi_text.db	Flow_31000001_6	3.4	Hội thoại/Cốt truyện	Luồng hội thoại			After all, we all grew up hearing stories about the Sentinel's power!
lang_multi_text.db	Flow_31000001_60	3.4	Hội thoại/Cốt truyện	Luồng hội thoại	Zhiyu		If you can't tell what's real and what's not, those mirages can mess with your head. I guess everyone's got someone they can't let go of...
lang_multi_text.db	Flow_31000001_61	3.4	Hội thoại/Cốt truyện	Luồng hội thoại	Zhiyu		So if you run into Retroact Rain, stay sharp. Don't let your emotions get the better of you.
lang_multi_text.db	Flow_31000001_62	3.4	Hội thoại/Cốt truyện	Luồng hội thoại			I can't hear the Retroact Rain, only the ordinary kind... Do you think my Resonance Ability is weak?
lang_multi_text.db	Flow_31000001_63	3.4	Hội thoại/Cốt truyện	Luồng hội thoại			That's right.
lang_multi_text.db	Flow_31000001_7	3.4	Hội thoại/Cốt truyện	Luồng hội thoại			Do you think the report I sent to Yirou was too blunt? I really hope she doesn't take it the wrong way.
lang_multi_text.db	Flow_31000001_8	3.4	Hội thoại/Cốt truyện	Luồng hội thoại			She and I don't see eye to eye on the restoration of the Sentinel's statue.
lang_multi_text.db	Flow_31000001_9	3.4	Hội thoại/Cốt truyện	Luồng hội thoại			She's got this idealistic, optimistic way about her. I do like how determined she is to get the project moving.
lang_multi_text.db	Flow_31000011_11	3.4	Hội thoại/Cốt truyện	Luồng hội thoại	Ếch vằn đen (Dịch)	Listen to Animals' Words: Translation of Frog's Language	Run, run, run!
lang_multi_text.db	Flow_31000011_12	3.4	Hội thoại/Cốt truyện	Luồng hội thoại	Huyền Âm	Listen to Animals' Words: Translation of Frog's Language	...
lang_multi_text.db	Flow_31000011_13	3.4	Hội thoại/Cốt truyện	Luồng hội thoại		Listen to Animals' Words: Translation of Frog's Language	...
lang_multi_text.db	Flow_31000011_43	3.4	Hội thoại/Cốt truyện	Luồng hội thoại		Listen to Animals' Words: Translation of Frog's Language	Oh no, someone's already here.
lang_multi_text.db	Flow_31000011_48	3.4	Hội thoại/Cốt truyện	Luồng hội thoại	Bồ Thâm	Listen to Animals' Words: Translation of Frog's Language	Should we go somewhere else?
lang_multi_text.db	Flow_31000011_49	3.4	Hội thoại/Cốt truyện	Luồng hội thoại	Huyền Âm	Listen to Animals' Words: Translation of Frog's Language	Sorry, we're just here for an experiment. We'll leave right away.
lang_multi_text.db	Flow_31000011_50	3.4	Hội thoại/Cốt truyện	Luồng hội thoại	Bồ Thâm	Listen to Animals' Words: Translation of Frog's Language	Wait you're... Xuanyin? I'm Pushen from the Huaxu Academy. I heard from Qiaomu that you're researching animal language translation modules. Are you here for the Black-Striped Frogs?
lang_multi_text.db	Flow_31000011_51	3.4	Hội thoại/Cốt truyện	Luồng hội thoại		Listen to Animals' Words: Translation of Frog's Language	Oh, yes!
lang_multi_text.db	Flow_31000011_52	3.4	Hội thoại/Cốt truyện	Luồng hội thoại	Bồ Thâm	Listen to Animals' Words: Translation of Frog's Language	Do you know what they want to say to us?
lang_multi_text.db	Flow_31000011_53	3.4	Hội thoại/Cốt truyện	Luồng hội thoại	Huyền Âm	Listen to Animals' Words: Translation of Frog's Language	(Looks at you with an inquiring gaze.)
lang_multi_text.db	Flow_31000011_54	3.4	Hội thoại/Cốt truyện	Luồng hội thoại		Listen to Animals' Words: Translation of Frog's Language	Nods
lang_multi_text.db	Flow_31000011_55	3.4	Hội thoại/Cốt truyện	Luồng hội thoại		Listen to Animals' Words: Translation of Frog's Language	Shakes head.
lang_multi_text.db	Flow_31000011_56	3.4	Hội thoại/Cốt truyện	Luồng hội thoại	Huyền Âm	Listen to Animals' Words: Translation of Frog's Language	Actually, they were disturbed by humans and were signaling warning calls to their kind, urging them to escape.
lang_multi_text.db	Flow_31000011_57	3.4	Hội thoại/Cốt truyện	Luồng hội thoại	Bồ Thâm	Listen to Animals' Words: Translation of Frog's Language	Well, in that case, I think we'd better find another place for our date. What do you say?
lang_multi_text.db	Flow_31000011_58	3.4	Hội thoại/Cốt truyện	Luồng hội thoại	Chung Uyển	Listen to Animals' Words: Translation of Frog's Language	Yeah. Thinking from their perspective, I would feel anxious too. Let's go.
lang_multi_text.db	Flow_31000011_59	3.4	Hội thoại/Cốt truyện	Luồng hội thoại		Listen to Animals' Words: Translation of Frog's Language	Okay then...
lang_multi_text.db	Flow_31000011_60	3.4	Hội thoại/Cốt truyện	Luồng hội thoại	Huyền Âm	Listen to Animals' Words: Translation of Frog's Language	My apologies! They said, "Good luck with your marriage!"
lang_multi_text.db	Flow_31000011_61	3.4	Hội thoại/Cốt truyện	Luồng hội thoại	Bồ Thâm	Listen to Animals' Words: Translation of Frog's Language	Wow, thank you!
lang_multi_text.db	Flow_31000011_62	3.4	Hội thoại/Cốt truyện	Luồng hội thoại		Listen to Animals' Words: Translation of Frog's Language	It's our first date though...
lang_multi_text.db	Flow_31000011_64	3.4	Hội thoại/Cốt truyện	Luồng hội thoại		Listen to Animals' Words: Translation of Frog's Language	The romantic atmosphere is ruined, and the couple leaves disappointed.
lang_multi_text.db	Flow_31000011_65	3.4	Hội thoại/Cốt truyện	Luồng hội thoại		Listen to Animals' Words: Translation of Frog's Language	Xuanyin manages to change the awkward atmosphere, making it lively once again.
lang_multi_text.db	Flow_31000011_66	3.4	Hội thoại/Cốt truyện	Luồng hội thoại	Huyền Âm	Listen to Animals' Words: Translation of Frog's Language	What a dramatic night. Sometimes, the truth can hurt people.
lang_multi_text.db	Flow_31000011_67	3.4	Hội thoại/Cốt truyện	Luồng hội thoại	Huyền Âm	Listen to Animals' Words: Translation of Frog's Language	Anyway, I need to go back. See you next time!
lang_multi_text.db	Flow_31000011_69	3.4	Hội thoại/Cốt truyện	Luồng hội thoại		Listen to Animals' Words: Translation of Frog's Language	That's right.
lang_multi_text.db	Flow_31000014_17	3.4	Hội thoại/Cốt truyện	Luồng hội thoại		Listen to Animals' Words: Translation of Bird's Language - Sequel	Feathers are scattered around the box, but the pigeons are nowhere to be found.
lang_multi_text.db	Flow_31000015_18	3.4	Hội thoại/Cốt truyện	Luồng hội thoại	Quần Thải (Bản Dịch)	Listen to Animals' Words: Translation of Fish's Language	Gurgle...
lang_multi_text.db	Flow_31000015_19	3.4	Hội thoại/Cốt truyện	Luồng hội thoại	Huyền Âm	Listen to Animals' Words: Translation of Fish's Language	They're running out of air! {PlayerName}, we need to rescue them as soon as possible!
lang_multi_text.db	Flow_31000015_20	3.4	Hội thoại/Cốt truyện	Luồng hội thoại	Huyền Âm	Listen to Animals' Words: Translation of Fish's Language	I'm not a good swimmer, so can you help me catch them? They will definitely make precious samples!
lang_multi_text.db	Flow_31000015_21	3.4	Hội thoại/Cốt truyện	Luồng hội thoại		Listen to Animals' Words: Translation of Fish's Language	Are you really a scientist?
lang_multi_text.db	Flow_31000015_22	3.4	Hội thoại/Cốt truyện	Luồng hội thoại		Listen to Animals' Words: Translation of Fish's Language	If you insist...
lang_multi_text.db	Flow_31000015_23	3.4	Hội thoại/Cốt truyện	Luồng hội thoại	Huyền Âm	Listen to Animals' Words: Translation of Fish's Language	I worked overtime to improve the logic of this module. It's absolutely reliable!
lang_multi_text.db	Flow_31000015_24	3.4	Hội thoại/Cốt truyện	Luồng hội thoại		Listen to Animals' Words: Translation of Fish's Language	I know it may sound crazy, but you need to believe in my talent and invention!
lang_multi_text.db	Flow_31000015_25	3.4	Hội thoại/Cốt truyện	Luồng hội thoại		Listen to Animals' Words: Translation of Fish's Language	I knew you were reliable!
lang_multi_text.db	Flow_31000015_27	3.4	Hội thoại/Cốt truyện	Luồng hội thoại		Listen to Animals' Words: Translation of Fish's Language	Xuanyin jumps into the water and fishes out the Tetra.
lang_multi_text.db	Flow_31000015_4	3.4	Hội thoại/Cốt truyện	Luồng hội thoại	Quần Thải (Bản Dịch)	Listen to Animals' Words: Translation of Fish's Language	Gurgle, gurgle, gurgle... Help...
lang_multi_text.db	Flow_31000015_40	3.4	Hội thoại/Cốt truyện	Luồng hội thoại		Listen to Animals' Words: Translation of Fish's Language	You managed to catch every Tetra in the water.
lang_multi_text.db	Flow_31000015_5	3.4	Hội thoại/Cốt truyện	Luồng hội thoại	Huyền Âm	Listen to Animals' Words: Translation of Fish's Language	Oh no, the Tetras seem to be drowning and asking for help!
lang_multi_text.db	Flow_31000015_9	3.4	Hội thoại/Cốt truyện	Luồng hội thoại	Huyền Âm	Listen to Animals' Words: Translation of Fish's Language	Are they a mutated population that no longer breathes through gills but hasn't fully evolved their lungs? Is that why they are now struggling to breathe in the water?
lang_multi_text.db	Flow_31000016_18	3.4	Hội thoại/Cốt truyện	Luồng hội thoại		Listen to Animals' Words: Translation of Dog's Language	Xuanyin loads the Canine Language Translation Module onto your Pangu Terminal.
lang_multi_text.db	Flow_31000016_19	3.4	Hội thoại/Cốt truyện	Luồng hội thoại	"Kịch Anh Hùng" (Dịch)	Listen to Animals' Words: Translation of Dog's Language	Woof, woof, assemble, assemble!
lang_multi_text.db	Flow_31000016_21	3.4	Hội thoại/Cốt truyện	Luồng hội thoại	Huyền Âm	Listen to Animals' Words: Translation of Dog's Language	Why did it run away? Slow down! Slow down! I can't catch up with you!
lang_multi_text.db	Flow_31000016_22	3.4	Hội thoại/Cốt truyện	Luồng hội thoại	Huyền Âm	Listen to Animals' Words: Translation of Dog's Language	{PlayerName}. Use your Sensor to scan for its whereabouts.
lang_multi_text.db	Flow_31000017_78	3.4	Hội thoại/Cốt truyện	Luồng hội thoại		Listen to Animals' Words: Translation of Lizard's Language	Xuanyin loads the Lizard Language Translation Module onto your Pangu Terminal.
lang_multi_text.db	Flow_31000018_37	3.4	Hội thoại/Cốt truyện	Luồng hội thoại	Huyền Âm	Listen to Animals' Words: Translation of Cat's Language	Just in case, I should post a sign next to it: "Please feed cat food, or it might get sick."
lang_multi_text.db	Flow_31000018_38	3.4	Hội thoại/Cốt truyện	Luồng hội thoại	Huyền Âm	Listen to Animals' Words: Translation of Cat's Language	Hey, hey, hey. Quit pestering me. You won't let me leave without feeding you, huh? I recall that food rich in fish oil is beneficial for fur.
lang_multi_text.db	Flow_31000018_4	3.4	Hội thoại/Cốt truyện	Luồng hội thoại	Huyền Âm	Listen to Animals' Words: Translation of Cat's Language	Oh, the installation was successful! Despite some gibberish, it works fine. Let's see what the kitten is saying.
lang_multi_text.db	Flow_31000018_5	3.4	Hội thoại/Cốt truyện	Luồng hội thoại	Mèo Con Trụi Lông (Bản Dịch)	Listen to Animals' Words: Translation of Cat's Language	Snacks! Give me snacks, and I'll let you pet me! Give me!
lang_multi_text.db	Flow_31000018_6	3.4	Hội thoại/Cốt truyện	Luồng hội thoại	Huyền Âm	Listen to Animals' Words: Translation of Cat's Language	There have been quite a lot of people feeding cats in Jinzhou recently.
lang_multi_text.db	Flow_31000018_7	3.4	Hội thoại/Cốt truyện	Luồng hội thoại	Huyền Âm	Listen to Animals' Words: Translation of Cat's Language	Offering snacks in exchange for the opportunity to pet a cute kitty is undoubtedly a stress-reliever for humans. However, it's essential to note that many human foods are not suitable for cats.
lang_multi_text.db	Flow_31000019_24	3.4	Hội thoại/Cốt truyện	Luồng hội thoại		Listen to Animals' Words: Translation of Rabbit's Language	You attract more Green Rabbits with the Pearl Leaves. While they're eating, the tailless Green Rabbits are driven away and dare not approach.
lang_multi_text.db	Flow_31000033_106	3.4	Hội thoại/Cốt truyện	Luồng hội thoại	Anh Trúc	Journal of Jinzhou: Vol.2	Now, there are two questions, one about history and one about science and technology.
lang_multi_text.db	Flow_31000033_107	3.4	Hội thoại/Cốt truyện	Luồng hội thoại	Anh Trúc	Journal of Jinzhou: Vol.2	We’ll use your answers to decide what content to include. Are you good to go?
lang_multi_text.db	Flow_31000033_108	3.4	Hội thoại/Cốt truyện	Luồng hội thoại		Journal of Jinzhou: Vol.2	I’m ready.
lang_multi_text.db	Flow_31000033_109	3.4	Hội thoại/Cốt truyện	Luồng hội thoại		Journal of Jinzhou: Vol.2	Give me some time to prepare.
lang_multi_text.db	Flow_31000033_110	3.4	Hội thoại/Cốt truyện	Luồng hội thoại	Anh Trúc	Journal of Jinzhou: Vol.2	What’s the official name for the Midnight Rangers fighting on the front lines?
lang_multi_text.db	Flow_31000033_111	3.4	Hội thoại/Cốt truyện	Luồng hội thoại		Journal of Jinzhou: Vol.2	Vanguards
lang_multi_text.db	Flow_31000033_112	3.4	Hội thoại/Cốt truyện	Luồng hội thoại		Journal of Jinzhou: Vol.2	Outriders
lang_multi_text.db	Flow_31000033_113	3.4	Hội thoại/Cốt truyện	Luồng hội thoại		Journal of Jinzhou: Vol.2	Rearguards
lang_multi_text.db	Flow_31000033_114	3.4	Hội thoại/Cốt truyện	Luồng hội thoại	Anh Trúc	Journal of Jinzhou: Vol.2	Correct! They’re called the Vanguards.
lang_multi_text.db	Flow_31000033_115	3.4	Hội thoại/Cốt truyện	Luồng hội thoại		Journal of Jinzhou: Vol.2	You really know your stuff for Jinzhou’s local culture.
lang_multi_text.db	Flow_31000033_116	3.4	Hội thoại/Cốt truyện	Luồng hội thoại	Anh Trúc	Journal of Jinzhou: Vol.2	Unfortunately, the correct answer is Vanguards.
lang_multi_text.db	Flow_31000033_117	3.4	Hội thoại/Cốt truyện	Luồng hội thoại	Anh Trúc	Journal of Jinzhou: Vol.2	But it’s okay, you’ll learn about this after spending some more time in Jinzhou.
lang_multi_text.db	Flow_31000033_118	3.4	Hội thoại/Cốt truyện	Luồng hội thoại	Anh Trúc	Journal of Jinzhou: Vol.2	You’ll learn about it all soon, {PlayerName}.
lang_multi_text.db	Flow_31000033_119	3.4	Hội thoại/Cốt truyện	Luồng hội thoại	Anh Trúc	Journal of Jinzhou: Vol.2	What is the official name of the “gourds” Resonators in Huanglong all carry?
lang_multi_text.db	Flow_31000033_120	3.4	Hội thoại/Cốt truyện	Luồng hội thoại		Journal of Jinzhou: Vol.2	Qiankun Terminal
lang_multi_text.db	Flow_31000033_121	3.4	Hội thoại/Cốt truyện	Luồng hội thoại		Journal of Jinzhou: Vol.2	Jinzhou Terminal
lang_multi_text.db	Flow_31000033_122	3.4	Hội thoại/Cốt truyện	Luồng hội thoại		Journal of Jinzhou: Vol.2	Pangu Terminal
lang_multi_text.db	Flow_31000033_123	3.4	Hội thoại/Cốt truyện	Luồng hội thoại	Anh Trúc	Journal of Jinzhou: Vol.2	Correct! They’re called Pangu Terminals.
lang_multi_text.db	Flow_31000033_124	3.4	Hội thoại/Cốt truyện	Luồng hội thoại		Journal of Jinzhou: Vol.2	You really know your stuff when it comes to technology.
lang_multi_text.db	Flow_31000033_125	3.4	Hội thoại/Cốt truyện	Luồng hội thoại	Anh Trúc	Journal of Jinzhou: Vol.2	Unfortunately, the correct answer is Pangu Terminal.
lang_multi_text.db	Flow_31000033_126	3.4	Hội thoại/Cốt truyện	Luồng hội thoại	Anh Trúc	Journal of Jinzhou: Vol.2	I understand, not everyone needs to be a researcher.
lang_multi_text.db	Flow_31000033_127	3.4	Hội thoại/Cốt truyện	Luồng hội thoại	Anh Trúc	Journal of Jinzhou: Vol.2	But it wouldn’t hurt to learn more about technology, you know.
lang_multi_text.db	Flow_31000033_128	3.4	Hội thoại/Cốt truyện	Luồng hội thoại	Anh Trúc	Journal of Jinzhou: Vol.2	Thanks for putting in the effort to answer the questions, {PlayerName}.
lang_multi_text.db	Flow_31000033_129	3.4	Hội thoại/Cốt truyện	Luồng hội thoại	Anh Trúc	Journal of Jinzhou: Vol.2	We couldn’t have done the compilation and revision work without your help.
lang_multi_text.db	Flow_31000033_130	3.4	Hội thoại/Cốt truyện	Luồng hội thoại	Anh Trúc	Journal of Jinzhou: Vol.2	This is your promised pay.
lang_multi_text.db	Flow_31000033_131	3.4	Hội thoại/Cốt truyện	Luồng hội thoại		Journal of Jinzhou: Vol.2	Please consider lending us a hand again in the future!
lang_multi_text.db	Flow_31000033_132	3.4	Hội thoại/Cốt truyện	Luồng hội thoại	Hạnh Trúc	Journal of Jinzhou: Vol.2	Next, we’ve got a trivia question. Are you ready?
lang_multi_text.db	Flow_31000033_133	3.4	Hội thoại/Cốt truyện	Luồng hội thoại		Journal of Jinzhou: Vol.2	I’m ready.
lang_multi_text.db	Flow_31000033_134	3.4	Hội thoại/Cốt truyện	Luồng hội thoại		Journal of Jinzhou: Vol.2	Give me some time to prepare.
lang_multi_text.db	Flow_31000033_135	3.4	Hội thoại/Cốt truyện	Luồng hội thoại	Hạnh Trúc	Journal of Jinzhou: Vol.2	What plant is called the “Midnight Rangers’s friend” and can refresh the mind and body?
lang_multi_text.db	Flow_31000033_136	3.4	Hội thoại/Cốt truyện	Luồng hội thoại		Journal of Jinzhou: Vol.2	Gemberry
lang_multi_text.db	Flow_31000033_137	3.4	Hội thoại/Cốt truyện	Luồng hội thoại		Journal of Jinzhou: Vol.2	Noctemint
lang_multi_text.db	Flow_31000033_138	3.4	Hội thoại/Cốt truyện	Luồng hội thoại		Journal of Jinzhou: Vol.2	Angelica
lang_multi_text.db	Flow_31000033_139	3.4	Hội thoại/Cốt truyện	Luồng hội thoại	Hạnh Trúc	Journal of Jinzhou: Vol.2	Correct! Yes, it is the Noctemint.
lang_multi_text.db	Flow_31000033_140	3.4	Hội thoại/Cốt truyện	Luồng hội thoại		Journal of Jinzhou: Vol.2	You seem to know a lot about plants!
lang_multi_text.db	Flow_31000033_141	3.4	Hội thoại/Cốt truyện	Luồng hội thoại	Hạnh Trúc	Journal of Jinzhou: Vol.2	No, the correct answer is Noctemint.
lang_multi_text.db	Flow_31000033_142	3.4	Hội thoại/Cốt truyện	Luồng hội thoại	Hạnh Trúc	Journal of Jinzhou: Vol.2	Perhaps this question is too specific and difficult to grasp?
lang_multi_text.db	Flow_31000033_143	3.4	Hội thoại/Cốt truyện	Luồng hội thoại	Hạnh Trúc	Journal of Jinzhou: Vol.2	I need to make the questions easier to understand.
lang_multi_text.db	Flow_31000033_144	3.4	Hội thoại/Cốt truyện	Luồng hội thoại	Anh Trúc	Journal of Jinzhou: Vol.2	Thanks for putting in the effort to answer the questions, {PlayerName}.
lang_multi_text.db	Flow_31000033_145	3.4	Hội thoại/Cốt truyện	Luồng hội thoại	Anh Trúc	Journal of Jinzhou: Vol.2	We couldn’t have done the compilation and revision work without your help.
lang_multi_text.db	Flow_31000033_146	3.4	Hội thoại/Cốt truyện	Luồng hội thoại	Anh Trúc	Journal of Jinzhou: Vol.2	This is your promised pay.
lang_multi_text.db	Flow_31000033_147	3.4	Hội thoại/Cốt truyện	Luồng hội thoại		Journal of Jinzhou: Vol.2	Please consider lending us a hand again in the future!
lang_multi_text.db	Flow_31000035_125	3.4	Hội thoại/Cốt truyện	Luồng hội thoại	Anh Trúc	Journal of Jinzhou: Vo.1	Correct!
lang_multi_text.db	Flow_31000035_126	3.4	Hội thoại/Cốt truyện	Luồng hội thoại	Anh Trúc	Journal of Jinzhou: Vo.1	See? My questions aren’t that obscure!
lang_multi_text.db	Flow_31000035_127	3.4	Hội thoại/Cốt truyện	Luồng hội thoại	Anh Trúc	Journal of Jinzhou: Vo.1	Let’s include this question in our next issue!
lang_multi_text.db	Flow_31000035_128	3.4	Hội thoại/Cốt truyện	Luồng hội thoại		Journal of Jinzhou: Vo.1	Rover, you know so much. Can’t believe you’ve just arrived in Jinzhou...
lang_multi_text.db	Flow_31000035_129	3.4	Hội thoại/Cốt truyện	Luồng hội thoại	Anh Trúc	Journal of Jinzhou: Vo.1	Regrettably, the correct name is “Jué”.
lang_multi_text.db	Flow_31000035_130	3.4	Hội thoại/Cốt truyện	Luồng hội thoại	Anh Trúc	Journal of Jinzhou: Vo.1	This question might be difficult for newcomers in Jinzhou to comprehend…
lang_multi_text.db	Flow_31000035_131	3.4	Hội thoại/Cốt truyện	Luồng hội thoại	Hạnh Trúc	Journal of Jinzhou: Vo.1	Don’t worry, you’ll have plenty of time to learn more about Jinzhou.
lang_multi_text.db	Flow_31000035_132	3.4	Hội thoại/Cốt truyện	Luồng hội thoại	Hạnh Trúc	Journal of Jinzhou: Vo.1	{PlayerName}, please pay it no mind. Now, let’s look at the other questions!
lang_multi_text.db	Flow_31000035_146	3.4	Hội thoại/Cốt truyện	Luồng hội thoại	Anh Trúc	Journal of Jinzhou: Vo.1	Good job, you nailed that question!
lang_multi_text.db	Flow_31000035_147	3.4	Hội thoại/Cốt truyện	Luồng hội thoại	Anh Trúc	Journal of Jinzhou: Vo.1	Xingzhu, the Tacetite weapons are what our Resonator uses to fight the Tacet Discords. It’s important we know about them.
lang_multi_text.db	Flow_31000035_148	3.4	Hội thoại/Cốt truyện	Luồng hội thoại	Hạnh Trúc	Journal of Jinzhou: Vo.1	Alright, but when it comes to the Department of Safety at the Huaxu Academy...
lang_multi_text.db	Flow_31000035_149	3.4	Hội thoại/Cốt truyện	Luồng hội thoại	Hạnh Trúc	Journal of Jinzhou: Vo.1	Ooh! I remember! That, that red-haired, grumpy researcher, the one with glasses!
lang_multi_text.db	Flow_31000035_150	3.4	Hội thoại/Cốt truyện	Luồng hội thoại		Journal of Jinzhou: Vo.1	I’ll do an impression of him! Ahem… You’re like the blacksmith’s anvil! A spinning top that can’t spin! The chopping board’s... What was it?
lang_multi_text.db	Flow_31000035_151	3.4	Hội thoại/Cốt truyện	Luồng hội thoại	Anh Trúc	Journal of Jinzhou: Vo.1	Nope, that’s incorrect. It’s the Department of Safety. The Department of “Safety” is really all about making weapons. They are committed to employing every method to combat the Tacet Discords and ensure the safety of Jinzhou.
lang_multi_text.db	Flow_31000035_152	3.4	Hội thoại/Cốt truyện	Luồng hội thoại	Hạnh Trúc	Journal of Jinzhou: Vo.1	That question was sure misleading!
lang_multi_text.db	Flow_31000035_153	3.4	Hội thoại/Cốt truyện	Luồng hội thoại	Hạnh Trúc	Journal of Jinzhou: Vo.1	I understand how you feel. I’d totally make the wrong guess too.
lang_multi_text.db	Flow_31000035_154	3.4	Hội thoại/Cốt truyện	Luồng hội thoại	Anh Trúc	Journal of Jinzhou: Vo.1	Well, then don’t make guesses. You should remember the correct answer...
lang_multi_text.db	Flow_31000035_155	3.4	Hội thoại/Cốt truyện	Luồng hội thoại	Hạnh Trúc	Journal of Jinzhou: Vo.1	Come on, we should go with my question. I’ve got an interesting one for {PlayerName}!
lang_multi_text.db	Flow_31000035_156	3.4	Hội thoại/Cốt truyện	Luồng hội thoại	Anh Trúc	Journal of Jinzhou: Vo.1	It depends on {PlayerName}’s feedback.
lang_multi_text.db	Flow_31000035_162	3.4	Hội thoại/Cốt truyện	Luồng hội thoại	Hạnh Trúc	Journal of Jinzhou: Vo.1	Yay! Correct answer!
lang_multi_text.db	Flow_31000035_163	3.4	Hội thoại/Cốt truyện	Luồng hội thoại	Hạnh Trúc	Journal of Jinzhou: Vo.1	Sis, you see, people are more interested in trivia questions!
lang_multi_text.db	Flow_31000035_164	3.4	Hội thoại/Cốt truyện	Luồng hội thoại	Anh Trúc	Journal of Jinzhou: Vo.1	Perhaps... We can include more questions like this one.
lang_multi_text.db	Flow_31000035_165	3.4	Hội thoại/Cốt truyện	Luồng hội thoại	Anh Trúc	Journal of Jinzhou: Vo.1	It’s good to add some fun facts while keeping the content accurate.
lang_multi_text.db	Flow_31000035_166	3.4	Hội thoại/Cốt truyện	Luồng hội thoại		Journal of Jinzhou: Vo.1	Hehe, that’s right!
lang_multi_text.db	Flow_31000035_167	3.4	Hội thoại/Cốt truyện	Luồng hội thoại	Hạnh Trúc	Journal of Jinzhou: Vo.1	Actually, it’s made with fowl, chili, red oil, and a variety of spices.
lang_multi_text.db	Flow_31000035_168	3.4	Hội thoại/Cốt truyện	Luồng hội thoại	Hạnh Trúc	Journal of Jinzhou: Vo.1	We should take you to Panhua’s Restaurant for a taste!
lang_multi_text.db	Flow_31000035_169	3.4	Hội thoại/Cốt truyện	Luồng hội thoại	Hạnh Trúc	Journal of Jinzhou: Vo.1	Hospitality isn’t just about talking the talk!
lang_multi_text.db	Flow_31000035_170	3.4	Hội thoại/Cốt truyện	Luồng hội thoại	Anh Trúc	Journal of Jinzhou: Vo.1	I haven’t been to Panhua's Restaurant in ages, I’m craving their Jinzhou stew.
lang_multi_text.db	Flow_31000035_171	3.4	Hội thoại/Cốt truyện	Luồng hội thoại	Anh Trúc	Journal of Jinzhou: Vo.1	As a thank you, let’s take {PlayerName} for a meal when we have time!
lang_multi_text.db	Flow_31000069_1040	3.4	Hội thoại/Cốt truyện	Luồng hội thoại	Vô Vọng Giả · Binh Khí Tuyệt Diệt	Grand Warstorm	You will meet... the same fate...
lang_multi_text.db	Flow_31000069_1042	3.4	Hội thoại/Cốt truyện	Luồng hội thoại	Vô Vọng Giả · Binh Khí Tuyệt Diệt	Grand Warstorm	Pay for your insurrection… in blood…
lang_multi_text.db	Flow_31000069_1043	3.4	Hội thoại/Cốt truyện	Luồng hội thoại	Vô Vọng Giả · Binh Khí Tuyệt Diệt	Grand Warstorm	The war… never cease… We… will return…
lang_multi_text.db	Flow_31000071_184	3.4	Hội thoại/Cốt truyện	Luồng hội thoại			It seems Jiyan and I were right in our suspicions. It really is that guy causing trouble.
lang_multi_text.db	Flow_31000071_185	3.4	Hội thoại/Cốt truyện	Luồng hội thoại			Jiyan, you see, never speaks without solid evidence.
lang_multi_text.db	Flow_31000071_186	3.4	Hội thoại/Cốt truyện	Luồng hội thoại			So, you guys knew about this person all along.
lang_multi_text.db	Flow_31000071_187	3.4	Hội thoại/Cốt truyện	Luồng hội thoại			Alright, let's talk about you now.
lang_multi_text.db	Flow_31000071_188	3.4	Hội thoại/Cốt truyện	Luồng hội thoại			When I was at home, I felt a special sense of familiarity from you, just like... a Sentinel.
lang_multi_text.db	Flow_31000071_189	3.4	Hội thoại/Cốt truyện	Luồng hội thoại			Yeah, that's right. The report mentioned that the pattern on your terminal is very similar to the markings on the Sentinel.
lang_multi_text.db	Flow_31000071_190	3.4	Hội thoại/Cốt truyện	Luồng hội thoại			Sentinel? That... Sentinel?
lang_multi_text.db	Flow_31000071_191	3.4	Hội thoại/Cốt truyện	Luồng hội thoại			And you, like him, can absorb Threnodian power, so I have some little guesses...
lang_multi_text.db	Flow_31000071_192	3.4	Hội thoại/Cốt truyện	Luồng hội thoại			Do you and it come from the same place?
lang_multi_text.db	Flow_31000071_193	3.4	Hội thoại/Cốt truyện	Luồng hội thoại			Ever heard of the Court of Savantae Laboratory?
lang_multi_text.db	Flow_31000071_194	3.4	Hội thoại/Cốt truyện	Luồng hội thoại			Where does it come from?
lang_multi_text.db	Flow_31000071_195	3.4	Hội thoại/Cốt truyện	Luồng hội thoại			It can absorb too?
lang_multi_text.db	Flow_31000071_196	3.4	Hội thoại/Cốt truyện	Luồng hội thoại			I've heard a little about it.
lang_multi_text.db	Flow_31000071_197	3.4	Hội thoại/Cốt truyện	Luồng hội thoại			After Sentinel was discovered on Mt. Firmament years ago, it was... processed in the Court of Savantae's laboratory.
lang_multi_text.db	Flow_31000071_198	3.4	Hội thoại/Cốt truyện	Luồng hội thoại			The things we've learned from him should be enough to solve quite a few mysteries.
lang_multi_text.db	Flow_31000071_199	3.4	Hội thoại/Cốt truyện	Luồng hội thoại			Unfortunately, the original research area of the Court of Savantae has been destroyed, and a lot of the data wasn't saved. That grumpy Sentinel never likes to share anything about himself.
lang_multi_text.db	Flow_31000071_200	3.4	Hội thoại/Cốt truyện	Luồng hội thoại			So what I can offer is...
lang_multi_text.db	Flow_31000071_201	3.4	Hội thoại/Cốt truyện	Luồng hội thoại			This is all the information we have on the card.
lang_multi_text.db	Flow_31000071_202	3.4	Hội thoại/Cốt truyện	Luồng hội thoại			Is it okay for me to look at these documents?
lang_multi_text.db	Flow_31000071_203	3.4	Hội thoại/Cốt truyện	Luồng hội thoại			I'm actually a bit nervous.
lang_multi_text.db	Flow_31000071_204	3.4	Hội thoại/Cốt truyện	Luồng hội thoại			I was planning to meet you and hand it over today, but got a bit delayed.
lang_multi_text.db	Flow_31000071_205	3.4	Hội thoại/Cốt truyện	Luồng hội thoại			Everyone hesitates in the face of the unknown, but aren't you curious?
lang_multi_text.db	Flow_31000071_206	3.4	Hội thoại/Cốt truyện	Luồng hội thoại			Are you sure you're okay? Do you need a break?
lang_multi_text.db	Flow_31000071_207	3.4	Hội thoại/Cốt truyện	Luồng hội thoại			I think I was just in a laboratory.
lang_multi_text.db	Flow_31000071_208	3.4	Hội thoại/Cốt truyện	Luồng hội thoại			By the look on your face, did you... remember something?
lang_multi_text.db	Flow_31000071_210	3.4	Hội thoại/Cốt truyện	Luồng hội thoại			Is that the past... or the future that's yet to be grasped?
lang_multi_text.db	Flow_31000071_211	3.4	Hội thoại/Cốt truyện	Luồng hội thoại			A twist of fate, tipping the scales...
lang_multi_text.db	Flow_31000071_212	3.4	Hội thoại/Cốt truyện	Luồng hội thoại			Lab... Court of Savantae?
lang_multi_text.db	Flow_31000071_213	3.4	Hội thoại/Cốt truyện	Luồng hội thoại			Long, elongated creature? Could it be the Sentinel? It certainly doesn't look like a naturally hatched creature.
lang_multi_text.db	Flow_31000071_214	3.4	Hội thoại/Cốt truyện	Luồng hội thoại			I don't know, but they...
lang_multi_text.db	Flow_31000071_215	3.4	Hội thoại/Cốt truyện	Luồng hội thoại			Seems like it's incubating a long, slender creature.
lang_multi_text.db	Flow_31000071_216	3.4	Hội thoại/Cốt truyện	Luồng hội thoại			Can I meet Sentinel, please?
lang_multi_text.db	Flow_31000071_217	3.4	Hội thoại/Cốt truyện	Luồng hội thoại			Sorry, I can't agree to this request for now.
lang_multi_text.db	Flow_31000071_218	3.4	Hội thoại/Cốt truyện	Luồng hội thoại			But I promise, when the time is right, I'll definitely arrange a meeting between you and him.
lang_multi_text.db	Flow_31000071_219	3.4	Hội thoại/Cốt truyện	Luồng hội thoại			So now, on behalf of Huanglong, I formally request your help to combat the rejuvenating storm.
lang_multi_text.db	Flow_31000071_220	3.4	Hội thoại/Cốt truyện	Luồng hội thoại			Sentinel always likes to say we're trying to stop a chariot with a mantis' arm, but I think, knowing our insignificance but still facing difficulties, that's what being a Huanglong, a Huanglong person, is all about.
lang_multi_text.db	Flow_31000071_221	3.4	Hội thoại/Cốt truyện	Luồng hội thoại			You don't have to answer me right now, you know.
lang_multi_text.db	Flow_31000071_222	3.4	Hội thoại/Cốt truyện	Luồng hội thoại			Huanglong's determination won't waver for anything, but with you joining, the chances of victory will definitely increase.
lang_multi_text.db	Flow_31000071_224	3.4	Hội thoại/Cốt truyện	Luồng hội thoại			I think, I agree with your point of view.
lang_multi_text.db	Flow_31000071_256	3.4	Hội thoại/Cốt truyện	Luồng hội thoại			Hehe... It's not that hard! Let's quickly find the other little UFOs.
lang_multi_text.db	Flow_31000071_258	3.4	Hội thoại/Cốt truyện	Luồng hội thoại			"Upgrade the specifications to normal dialogue, showing the situation in the courtyard, and give the camera to the dragon's residence, with the sound effects of fighting, indicating that there are people fighting inside, increasing the sense of urgency. Hint that the water level needs to be lowered to enter."
lang_multi_text.db	Flow_31000071_68	3.4	Hội thoại/Cốt truyện	Luồng hội thoại			The control panel requires a special sound storage device to start. I remember it looks a bit like a disc with wings, storing different sound melodies inside.
lang_multi_text.db	Flow_31000071_69	3.4	Hội thoại/Cốt truyện	Luồng hội thoại			I know! It's the little UFO, right?
lang_multi_text.db	Flow_31000073_1	3.4	Hội thoại/Cốt truyện	Luồng hội thoại	Sóc Nguyệt		Hey, watch where you're going!
lang_multi_text.db	Flow_31000073_2	3.4	Hội thoại/Cốt truyện	Luồng hội thoại	Sóc Nguyệt		Please... put away your weapon first.
lang_multi_text.db	Flow_31000073_22	3.4	Hội thoại/Cốt truyện	Luồng hội thoại			I, I will not back down! I must protect Maqi!
lang_multi_text.db	Flow_31000073_3	3.4	Hội thoại/Cốt truyện	Luồng hội thoại	Sóc Nguyệt		Ouch! Please don't be like this!
lang_multi_text.db	Flow_31000078_11	3.4	Hội thoại/Cốt truyện	Luồng hội thoại	Diễn Viên Số 1	Photos of Jinzhou	Be careful, I'll go get help!
lang_multi_text.db	Flow_31000078_12	3.4	Hội thoại/Cốt truyện	Luồng hội thoại	Diễn Viên Số 2	Photos of Jinzhou	What's going on... Oh my, get down quickly...
lang_multi_text.db	Flow_31000078_13	3.4	Hội thoại/Cốt truyện	Luồng hội thoại	Diễn Viên Số 3	Photos of Jinzhou	This is too dangerous...
lang_multi_text.db	Flow_31000078_14	3.4	Hội thoại/Cốt truyện	Luồng hội thoại	Diễn Viên Số 4	Photos of Jinzhou	Help, help...
lang_multi_text.db	Flow_31000078_15	3.4	Hội thoại/Cốt truyện	Luồng hội thoại	Diễn Viên Số 1	Photos of Jinzhou	Mom, Dad, let's take a photo!
lang_multi_text.db	Flow_31000078_16	3.4	Hội thoại/Cốt truyện	Luồng hội thoại	Diễn Viên Số 2	Photos of Jinzhou	Of course, make sure you strike a nice pose.
lang_multi_text.db	Flow_31000078_17	3.4	Hội thoại/Cốt truyện	Luồng hội thoại	Diễn Viên Số 3	Photos of Jinzhou	Let's take a photo here every year from now on, what do you think?
lang_multi_text.db	Flow_31000078_19	3.4	Hội thoại/Cốt truyện	Luồng hội thoại	Diễn Viên Số 1	Photos of Jinzhou	That was really close...
lang_multi_text.db	Flow_31000078_20	3.4	Hội thoại/Cốt truyện	Luồng hội thoại	Diễn Viên Số 2	Photos of Jinzhou	Yeah, thank goodness we were saved.
lang_multi_text.db	Flow_31000078_21	3.4	Hội thoại/Cốt truyện	Luồng hội thoại	Diễn Viên Số 3	Photos of Jinzhou	It's too dangerous.
lang_multi_text.db	Flow_31000080_12	3.4	Hội thoại/Cốt truyện	Luồng hội thoại	Diễn Viên Số 1	Văn bản thử nghiệm	Lion dance!
lang_multi_text.db	Flow_31000080_13	3.4	Hội thoại/Cốt truyện	Luồng hội thoại	Diễn Viên Số 2	Văn bản thử nghiệm	Lion dance party yeah!
lang_multi_text.db	Flow_31000102_1	3.4	Hội thoại/Cốt truyện	Luồng hội thoại	Yangyang	Văn bản thử nghiệm	Rover, I've got a new partner on my side.
lang_multi_text.db	Flow_31000102_10	3.4	Hội thoại/Cốt truyện	Luồng hội thoại		Văn bản thử nghiệm	Then let's go!
lang_multi_text.db	Flow_31000102_11	3.4	Hội thoại/Cốt truyện	Luồng hội thoại		Văn bản thử nghiệm	Then I'll wait for you here. Come see me when you're free~
lang_multi_text.db	Flow_31000102_12	3.4	Hội thoại/Cốt truyện	Luồng hội thoại		Văn bản thử nghiệm	Let's get going!
lang_multi_text.db	Flow_31000102_13	3.4	Hội thoại/Cốt truyện	Luồng hội thoại		Văn bản thử nghiệm	I need to wait.
lang_multi_text.db	Flow_31000102_2	3.4	Hội thoại/Cốt truyện	Luồng hội thoại	Yangyang	Văn bản thử nghiệm	Go to the Gate of the Institute. She should be waiting for you.
lang_multi_text.db	Flow_31000102_22	3.4	Hội thoại/Cốt truyện	Luồng hội thoại	Bé Gái	Văn bản thử nghiệm	Are you ready?
lang_multi_text.db	Flow_31000102_23	3.4	Hội thoại/Cốt truyện	Luồng hội thoại		Văn bản thử nghiệm	I'm ready this time!
lang_multi_text.db	Flow_31000102_24	3.4	Hội thoại/Cốt truyện	Luồng hội thoại		Văn bản thử nghiệm	Not ready.
lang_multi_text.db	Flow_31000102_25	3.4	Hội thoại/Cốt truyện	Luồng hội thoại		Văn bản thử nghiệm	Let's go, Echo Exploration Team, let's go!
lang_multi_text.db	Flow_31000102_26	3.4	Hội thoại/Cốt truyện	Luồng hội thoại	Bé Gái	Văn bản thử nghiệm	Then I'm still here for you. Come see me when you're free~
lang_multi_text.db	Flow_31000102_27	3.4	Hội thoại/Cốt truyện	Luồng hội thoại	Bé Gái	Văn bản thử nghiệm	Woo-hoo, we've been traveling for so long, but we're almost there.
lang_multi_text.db	Flow_31000102_28	3.4	Hội thoại/Cốt truyện	Luồng hội thoại	Bé Gái	Văn bản thử nghiệm	Rover could try activating the teleporting Resonance Beacon next to him first.
lang_multi_text.db	Flow_31000102_29	3.4	Hội thoại/Cốt truyện	Luồng hội thoại	Bé Gái	Văn bản thử nghiệm	It makes it easier to explore later.
lang_multi_text.db	Flow_31000102_3	3.4	Hội thoại/Cốt truyện	Luồng hội thoại	Bé Gái	Văn bản thử nghiệm	Hi Rover, I'm Yangyang's special guest, Jade Garden! Let me lead Rover!
lang_multi_text.db	Flow_31000102_31	3.4	Hội thoại/Cốt truyện	Luồng hội thoại	Bé Gái	Văn bản thử nghiệm	Danger! There's Echo on Rejuvenate.
lang_multi_text.db	Flow_31000102_32	3.4	Hội thoại/Cốt truyện	Luồng hội thoại	Bé Gái	Văn bản thử nghiệm	Grab a weapon and get ready to fight.
lang_multi_text.db	Flow_31000102_33	3.4	Hội thoại/Cốt truyện	Luồng hội thoại	Bé Gái	Văn bản thử nghiệm	Arrived at Tacet Field, ready to set up the data collection unit.
lang_multi_text.db	Flow_31000102_34	3.4	Hội thoại/Cốt truyện	Luồng hội thoại	Bé Gái	Văn bản thử nghiệm	Rover, one moment, please.
lang_multi_text.db	Flow_31000102_35	3.4	Hội thoại/Cốt truyện	Luồng hội thoại		Văn bản thử nghiệm	The girl builds a data collection device and prepares to activate...
lang_multi_text.db	Flow_31000102_36	3.4	Hội thoại/Cốt truyện	Luồng hội thoại	Bé Gái	Văn bản thử nghiệm	Okay, it's done! Aren't I great!
lang_multi_text.db	Flow_31000102_38	3.4	Hội thoại/Cốt truyện	Luồng hội thoại	Bé Gái	Văn bản thử nghiệm	I'm going to activate the device and the Echo that appears is all yours!
lang_multi_text.db	Flow_31000102_39	3.4	Hội thoại/Cốt truyện	Luồng hội thoại	Bé Gái	Văn bản thử nghiệm	Go Rover!
lang_multi_text.db	Flow_31000102_4	3.4	Hội thoại/Cốt truyện	Luồng hội thoại		Văn bản thử nghiệm	Me too! Let's hope the ride isn't too boring!
lang_multi_text.db	Flow_31000102_40	3.4	Hội thoại/Cốt truyện	Luồng hội thoại	Bé Gái	Văn bản thử nghiệm	The first wave of Echo appears and data collection begins!
lang_multi_text.db	Flow_31000102_42	3.4	Hội thoại/Cốt truyện	Luồng hội thoại	Bé Gái	Văn bản thử nghiệm	Extraordinary Echo appearance, data collection progress 50%!
lang_multi_text.db	Flow_31000102_43	3.4	Hội thoại/Cốt truyện	Luồng hội thoại	Bé Gái	Văn bản thử nghiệm	Whoa... That's a big one. Rover, watch out!
lang_multi_text.db	Flow_31000102_44	3.4	Hội thoại/Cốt truyện	Luồng hội thoại	Bé Gái	Văn bản thử nghiệm	Data collection is 100%, Rover is awesome!
lang_multi_text.db	Flow_31000102_45	3.4	Hội thoại/Cốt truyện	Luồng hội thoại	Bé Gái	Văn bản thử nghiệm	All right! Thanks to Rover's assistance, data collection was a success!
lang_multi_text.db	Flow_31000102_46	3.4	Hội thoại/Cốt truyện	Luồng hội thoại	Bé Gái	Văn bản thử nghiệm	I've also compiled some Echo boost data along the way, Rover try it out soon!
lang_multi_text.db	Flow_31000102_47	3.4	Hội thoại/Cốt truyện	Luồng hội thoại	Bé Gái	Văn bản thử nghiệm	It's already done with the Echo boost!
lang_multi_text.db	Flow_31000102_49	3.4	Hội thoại/Cốt truyện	Luồng hội thoại		Văn bản thử nghiệm	That's right! It's done!
lang_multi_text.db	Flow_31000102_5	3.4	Hội thoại/Cốt truyện	Luồng hội thoại	Bé Gái	Văn bản thử nghiệm	Oooh wow don't compliment me like that, I'll be shy!
lang_multi_text.db	Flow_31000102_50	3.4	Hội thoại/Cốt truyện	Luồng hội thoại	Bé Gái	Văn bản thử nghiệm	Okay, so next!
lang_multi_text.db	Flow_31000102_51	3.4	Hội thoại/Cốt truyện	Luồng hội thoại	Bé Gái	Văn bản thử nghiệm	Come and fight me!
lang_multi_text.db	Flow_31000102_52	3.4	Hội thoại/Cốt truyện	Luồng hội thoại		Văn bản thử nghiệm	What?
lang_multi_text.db	Flow_31000102_53	3.4	Hội thoại/Cốt truyện	Luồng hội thoại		Văn bản thử nghiệm	I'm not sleepy when you say that.
lang_multi_text.db	Flow_31000102_54	3.4	Hội thoại/Cốt truyện	Luồng hội thoại	Bé Gái	Văn bản thử nghiệm	Take that! Show up, my turtle! Defeat the Rover in front of you!
lang_multi_text.db	Flow_31000102_55	3.4	Hội thoại/Cốt truyện	Luồng hội thoại	Bé Gái	Văn bản thử nghiệm	All right, let's move on and head to Tacet Field!
lang_multi_text.db	Flow_31000102_56	3.4	Hội thoại/Cốt truyện	Luồng hội thoại	Bé Gái	Văn bản thử nghiệm	First things first! Open the Echo interface! (Pretend there's a tutorial)
lang_multi_text.db	Flow_31000102_57	3.4	Hội thoại/Cốt truyện	Luồng hội thoại	Bé Gái	Văn bản thử nghiệm	Click on the Echo screen~ Go to the Foster menu! (Pretend there's a tutorial)
lang_multi_text.db	Flow_31000102_59	3.4	Hội thoại/Cốt truyện	Luồng hội thoại		Văn bản thử nghiệm	(Temporary) Peninsula throws out the turtle, who begins to panic and run away, and starts to dance.
lang_multi_text.db	Flow_31000102_6	3.4	Hội thoại/Cốt truyện	Luồng hội thoại		Văn bản thử nghiệm	Nice to meet you.
lang_multi_text.db	Flow_31000102_60	3.4	Hội thoại/Cốt truyện	Luồng hội thoại	Bé Gái	Văn bản thử nghiệm	Whoa! Look at you scaring Turtle all over the place!
lang_multi_text.db	Flow_31000102_61	3.4	Hội thoại/Cốt truyện	Luồng hội thoại	Bé Gái	Văn bản thử nghiệm	And he's dancing and begging for mercy, so just let him go.
lang_multi_text.db	Flow_31000102_62	3.4	Hội thoại/Cốt truyện	Luồng hội thoại		Văn bản thử nghiệm	not let off
lang_multi_text.db	Flow_31000102_63	3.4	Hội thoại/Cốt truyện	Luồng hội thoại		Văn bản thử nghiệm	Let it go.
lang_multi_text.db	Flow_31000102_64	3.4	Hội thoại/Cốt truyện	Luồng hội thoại		Văn bản thử nghiệm	I kinda like turtle meat.
lang_multi_text.db	Flow_31000102_65	3.4	Hội thoại/Cốt truyện	Luồng hội thoại		Văn bản thử nghiệm	*whimper* Rover, please! I've got an idea!
lang_multi_text.db	Flow_31000102_66	3.4	Hội thoại/Cốt truyện	Luồng hội thoại		Văn bản thử nghiệm	Hey, hey, hey, hey. Then I have a sudden idea.
lang_multi_text.db	Flow_31000102_67	3.4	Hội thoại/Cốt truyện	Luồng hội thoại		Văn bản thử nghiệm	Turtles are so cute, no eating turtles!!!!
lang_multi_text.db	Flow_31000102_68	3.4	Hội thoại/Cốt truyện	Luồng hội thoại	Bé Gái	Văn bản thử nghiệm	Let's, Jinzhou will make peace! I'm going to surprise you all!
lang_multi_text.db	Flow_31000102_69	3.4	Hội thoại/Cốt truyện	Luồng hội thoại	Bé Gái	Văn bản thử nghiệm	Here's the deal. I've got a new idea!
lang_multi_text.db	Flow_31000102_7	3.4	Hội thoại/Cốt truyện	Luồng hội thoại		Văn bản thử nghiệm	You're so cute!
lang_multi_text.db	Flow_31000102_70	3.4	Hội thoại/Cốt truyện	Luồng hội thoại		Văn bản thử nghiệm	What surprise?
lang_multi_text.db	Flow_31000102_71	3.4	Hội thoại/Cốt truyện	Luồng hội thoại		Văn bản thử nghiệm	I hope it's not a shock.
lang_multi_text.db	Flow_31000102_72	3.4	Hội thoại/Cốt truyện	Luồng hội thoại		Văn bản thử nghiệm	I know, you want Turtle to dance in Jinzhou
lang_multi_text.db	Flow_31000102_73	3.4	Hội thoại/Cốt truyện	Luồng hội thoại		Văn bản thử nghiệm	Unspeakable, unspeakable, let's see you in Jinzhou!
lang_multi_text.db	Flow_31000102_74	3.4	Hội thoại/Cốt truyện	Luồng hội thoại		Văn bản thử nghiệm	How can that be? Don't worry, Rover. I'll see you in Jinzhou!
lang_multi_text.db	Flow_31000102_75	3.4	Hội thoại/Cốt truyện	Luồng hội thoại		Văn bản thử nghiệm	No... No, just meet me in Jinzhou!
lang_multi_text.db	Flow_31000102_76	3.4	Hội thoại/Cốt truyện	Luồng hội thoại	Bé Gái	Văn bản thử nghiệm	Watch this. I'm gonna start the show!
lang_multi_text.db	Flow_31000102_77	3.4	Hội thoại/Cốt truyện	Luồng hội thoại		Văn bản thử nghiệm	(Temporary) Penumbra Park throws out Turtle Turtle, who starts bouncing around the plaza, sparking a riot...
lang_multi_text.db	Flow_31000102_78	3.4	Hội thoại/Cốt truyện	Luồng hội thoại	Sóc Nguyệt	Văn bản thử nghiệm	Holy s**t! Jinzhou's guards are here. Let's run!
lang_multi_text.db	Flow_31000102_79	3.4	Hội thoại/Cốt truyện	Luồng hội thoại	Bé Gái	Văn bản thử nghiệm	Luckily we were quick. If we'd been caught, we'd be dead.
lang_multi_text.db	Flow_31000102_8	3.4	Hội thoại/Cốt truyện	Luồng hội thoại	Bé Gái	Văn bản thử nghiệm	Let's get right to the point next!
lang_multi_text.db	Flow_31000102_80	3.4	Hội thoại/Cốt truyện	Luồng hội thoại	Bé Gái	Văn bản thử nghiệm	It's only the research data that's taken care of. That's great.
lang_multi_text.db	Flow_31000102_81	3.4	Hội thoại/Cốt truyện	Luồng hội thoại	Bé Gái	Văn bản thử nghiệm	Thank you Lord Rover for giving us strong support!
lang_multi_text.db	Flow_31000102_82	3.4	Hội thoại/Cốt truyện	Luồng hội thoại	Bé Gái	Văn bản thử nghiệm	I'll see you around! I've already sent you the reward! See you next time!
lang_multi_text.db	Flow_31000102_83	3.4	Hội thoại/Cốt truyện	Luồng hội thoại	Bé Gái	Văn bản thử nghiệm	And then this, and then that.
lang_multi_text.db	Flow_31000102_84	3.4	Hội thoại/Cốt truyện	Luồng hội thoại	Bé Gái	Văn bản thử nghiệm	And then finally this.
lang_multi_text.db	Flow_31000102_85	3.4	Hội thoại/Cốt truyện	Luồng hội thoại	Bé Gái	Văn bản thử nghiệm	And then this, and then that.
lang_multi_text.db	Flow_31000102_86	3.4	Hội thoại/Cốt truyện	Luồng hội thoại	Bé Gái	Văn bản thử nghiệm	And then finally this.
lang_multi_text.db	Flow_31000102_88	3.4	Hội thoại/Cốt truyện	Luồng hội thoại		Văn bản thử nghiệm	After that... Jade Garden ran away in a puff of smoke...
lang_multi_text.db	Flow_31000102_89	3.4	Hội thoại/Cốt truyện	Luồng hội thoại	Bé Gái	Văn bản thử nghiệm	Rover is so cool! All right.
lang_multi_text.db	Flow_31000102_9	3.4	Hội thoại/Cốt truyện	Luồng hội thoại	Bé Gái	Văn bản thử nghiệm	I've surveyed the site in advance. Does Rover want to come with me straight away? Or should we wait?
lang_multi_text.db	Flow_31000102_90	3.4	Hội thoại/Cốt truyện	Luồng hội thoại	Bé Gái	Văn bản thử nghiệm	Let's keep moving. We're almost there.
lang_multi_text.db	Flow_31000124_288	3.4	Hội thoại/Cốt truyện	Luồng hội thoại	Xảo Mộc	When Moonlight Shines in the Forest	Hey, Rover, nice to see you again!
lang_multi_text.db	Flow_31000124_289	3.4	Hội thoại/Cốt truyện	Luồng hội thoại	Xảo Mộc	When Moonlight Shines in the Forest	Thanks to you, we solved the issue in the Dim Forest last time! Hoohoo, say hi to Rover!
lang_multi_text.db	Flow_31000124_292	3.4	Hội thoại/Cốt truyện	Luồng hội thoại	Hou Hou	When Moonlight Shines in the Forest	*A happy hoohoo*
lang_multi_text.db	Flow_31000124_295	3.4	Hội thoại/Cốt truyện	Luồng hội thoại	Xảo Mộc	When Moonlight Shines in the Forest	It's been a while since we last met!
lang_multi_text.db	Flow_31000124_300	3.4	Hội thoại/Cốt truyện	Luồng hội thoại	Xảo Mộc	When Moonlight Shines in the Forest	What do you think? Anything caught your eye?
lang_multi_text.db	Flow_31000124_301	3.4	Hội thoại/Cốt truyện	Luồng hội thoại	Xảo Mộc	When Moonlight Shines in the Forest	Yes, it's about a kid and their Grandma, traveling to find some moons to brighten up the forest.
lang_multi_text.db	Flow_31000124_309	3.4	Hội thoại/Cốt truyện	Luồng hội thoại		When Moonlight Shines in the Forest	Qiaomu and Hoohoo took the artificial moon you found back to the Violet Banyan.
lang_multi_text.db	Flow_31000124_310	3.4	Hội thoại/Cốt truyện	Luồng hội thoại		When Moonlight Shines in the Forest	Qiaomu and Hoohoo took the artificial moon you found back to the Violet Banyan.
lang_multi_text.db	Flow_31000124_311	3.4	Hội thoại/Cốt truyện	Luồng hội thoại		When Moonlight Shines in the Forest	Qiaomu and Hoohoo took the artificial moon you found back to the Violet Banyan.
lang_multi_text.db	Flow_31000124_312	3.4	Hội thoại/Cốt truyện	Luồng hội thoại		When Moonlight Shines in the Forest	Qiaomu and Hoohoo took the artificial moon you found back to the Violet Banyan.
lang_multi_text.db	Flow_31000124_320	3.4	Hội thoại/Cốt truyện	Luồng hội thoại	Xảo Mộc	When Moonlight Shines in the Forest	Hehe, it's kinda become our special way of saying hi.
lang_multi_text.db	Flow_31000124_323	3.4	Hội thoại/Cốt truyện	Luồng hội thoại	Xảo Mộc	When Moonlight Shines in the Forest	By the way, ever thought about joining us for some moon-watching?
lang_multi_text.db	Flow_31000124_330	3.4	Hội thoại/Cốt truyện	Luồng hội thoại	Xảo Mộc	When Moonlight Shines in the Forest	Yes, it's about a kid visiting many places, trying to pick up the moons to show their Grandma.
lang_multi_text.db	Flow_31000124_331	3.4	Hội thoại/Cốt truyện	Luồng hội thoại	Xảo Mộc	When Moonlight Shines in the Forest	There's a good chance other artificial moons are still hiding in these locations. You see: <color=Highlight>waterfall, moon pool, tree stump, and cave</color>…
lang_multi_text.db	Flow_31000124_333	3.4	Hội thoại/Cốt truyện	Luồng hội thoại	Xảo Mộc	When Moonlight Shines in the Forest	Same here! I've marked all potential hiding spots on the map app. Can you go check them out?
lang_multi_text.db	Flow_31000124_334	3.4	Hội thoại/Cốt truyện	Luồng hội thoại	Hou Hou	When Moonlight Shines in the Forest	*A very happy hoohoo*
lang_multi_text.db	Flow_31000124_387	3.4	Hội thoại/Cốt truyện	Luồng hội thoại	Rover	When Moonlight Shines in the Forest	Then the tree stump... It should be somewhere around.
lang_multi_text.db	Flow_31000124_392	3.4	Hội thoại/Cốt truyện	Luồng hội thoại	Rover	When Moonlight Shines in the Forest	The waterfall from the nursery rhyme should be this one... I should go look behind it.
lang_multi_text.db	Flow_31000124_397	3.4	Hội thoại/Cốt truyện	Luồng hội thoại	Xảo Mộc	When Moonlight Shines in the Forest	Hoohoo look, what a beautiful moon!
lang_multi_text.db	Flow_31000124_400	3.4	Hội thoại/Cốt truyện	Luồng hội thoại	Xảo Mộc	When Moonlight Shines in the Forest	Rover, you're back! You found all of the moons!
lang_multi_text.db	Flow_31000124_402	3.4	Hội thoại/Cốt truyện	Luồng hội thoại		When Moonlight Shines in the Forest	Hello.
lang_multi_text.db	Flow_31000124_403	3.4	Hội thoại/Cốt truyện	Luồng hội thoại		When Moonlight Shines in the Forest	Hoohoo.
lang_multi_text.db	Flow_31000124_404	3.4	Hội thoại/Cốt truyện	Luồng hội thoại		When Moonlight Shines in the Forest	Moon-watching?
lang_multi_text.db	Flow_31000124_405	3.4	Hội thoại/Cốt truyện	Luồng hội thoại		When Moonlight Shines in the Forest	In the Dim Forest?
lang_multi_text.db	Flow_31000124_406	3.4	Hội thoại/Cốt truyện	Luồng hội thoại	Xảo Mộc	When Moonlight Shines in the Forest	Yep! But not the real moon. We're gonna go look for the artificial ones!
lang_multi_text.db	Flow_31000124_426	3.4	Hội thoại/Cốt truyện	Luồng hội thoại		When Moonlight Shines in the Forest	It mentioned many places.
lang_multi_text.db	Flow_31000124_427	3.4	Hội thoại/Cốt truyện	Luồng hội thoại		When Moonlight Shines in the Forest	It told a story.
lang_multi_text.db	Flow_31000124_428	3.4	Hội thoại/Cốt truyện	Luồng hội thoại		When Moonlight Shines in the Forest	I know.
lang_multi_text.db	Flow_31000124_429	3.4	Hội thoại/Cốt truyện	Luồng hội thoại		When Moonlight Shines in the Forest	None of those rings any bells.
lang_multi_text.db	Flow_31000124_430	3.4	Hội thoại/Cốt truyện	Luồng hội thoại	Xảo Mộc	When Moonlight Shines in the Forest	Once you spot a moon, let me know! Hoohoo and I will bring it back to this place. Let's come back here once we're doen checking all of the places.
lang_multi_text.db	Flow_31000124_431	3.4	Hội thoại/Cốt truyện	Luồng hội thoại	Hou Hou	When Moonlight Shines in the Forest	*A happy hoohoo*
lang_multi_text.db	Flow_31000124_432	3.4	Hội thoại/Cốt truyện	Luồng hội thoại	Hou Hou	When Moonlight Shines in the Forest	*An admiring hoohoo*!
lang_multi_text.db	Flow_31000124_433	3.4	Hội thoại/Cốt truyện	Luồng hội thoại	Xảo Mộc	When Moonlight Shines in the Forest	Fantastic! No wonder they all admire you!
lang_multi_text.db	Flow_31000124_434	3.4	Hội thoại/Cốt truyện	Luồng hội thoại	Xảo Mộc	When Moonlight Shines in the Forest	Let me see. There seem to be words on these moons...
lang_multi_text.db	Flow_31000124_435	3.4	Hội thoại/Cốt truyện	Luồng hội thoại	Xảo Mộc	When Moonlight Shines in the Forest	Moon... on the tree... gives happiness... Mey all go well you... I think this person meant "May all go well with you."
lang_multi_text.db	Flow_31000124_436	3.4	Hội thoại/Cốt truyện	Luồng hội thoại	Xảo Mộc	When Moonlight Shines in the Forest	Looks like a child's work. The handwriting looks a bit crooked, and it's mostly phrases of good wishes and greetings.
lang_multi_text.db	Flow_31000124_437	3.4	Hội thoại/Cốt truyện	Luồng hội thoại	Xảo Mộc	When Moonlight Shines in the Forest	I wonder who carved them... Anyway, let's hang these up!
lang_multi_text.db	Flow_31000124_438	3.4	Hội thoại/Cốt truyện	Luồng hội thoại		When Moonlight Shines in the Forest	Let's go.
lang_multi_text.db	Flow_31000124_439	3.4	Hội thoại/Cốt truyện	Luồng hội thoại		When Moonlight Shines in the Forest	It took some effort.
lang_multi_text.db	Flow_31000124_440	3.4	Hội thoại/Cốt truyện	Luồng hội thoại	Xảo Mộc	When Moonlight Shines in the Forest	Rover, look! So beautiful! The entire Violet Banyan is illuminated!
lang_multi_text.db	Flow_31000124_441	3.4	Hội thoại/Cốt truyện	Luồng hội thoại	Xảo Mộc	When Moonlight Shines in the Forest	But why the artificial moons... Judging by the story in that nursery rhyme and the words on the moons, someone must have lived here long ago!
lang_multi_text.db	Flow_31000124_442	3.4	Hội thoại/Cốt truyện	Luồng hội thoại	Xảo Mộc	When Moonlight Shines in the Forest	I've read about a type of creature called "Suan'ni" that once lived this place. But unfortunately, they're nowhere to be found now.
lang_multi_text.db	Flow_31000124_443	3.4	Hội thoại/Cốt truyện	Luồng hội thoại	Xảo Mộc	When Moonlight Shines in the Forest	Theoretically, they don't speak human languages. With the limited info we have, who knows if it's true?
lang_multi_text.db	Flow_31000124_444	3.4	Hội thoại/Cốt truyện	Luồng hội thoại	Xảo Mộc	When Moonlight Shines in the Forest	Perhaps those Suan'nis hung these moons.
lang_multi_text.db	Flow_31000124_445	3.4	Hội thoại/Cốt truyện	Luồng hội thoại	Xảo Mộc	When Moonlight Shines in the Forest	Having lived in this dark place for so long, they may have yearned for light, even if it's just artificial moonlight.
lang_multi_text.db	Flow_31000124_446	3.4	Hội thoại/Cốt truyện	Luồng hội thoại	Xảo Mộc	When Moonlight Shines in the Forest	Anyway, this is just a guess. There are still many mysteries in the Dim Forest waiting for us to unveil.
lang_multi_text.db	Flow_31000124_447	3.4	Hội thoại/Cốt truyện	Luồng hội thoại	Hou Hou	When Moonlight Shines in the Forest	*A curious Hoohoo*
lang_multi_text.db	Flow_31000124_448	3.4	Hội thoại/Cốt truyện	Luồng hội thoại	Xảo Mộc	When Moonlight Shines in the Forest	Hoohoo's curious too! We'll keep exploring and see if we find more clues.
lang_multi_text.db	Flow_31000124_449	3.4	Hội thoại/Cốt truyện	Luồng hội thoại	Xảo Mộc	When Moonlight Shines in the Forest	Thank you so much for helping us, Rover! Hope to see you again soon!
lang_multi_text.db	Flow_31000124_451	3.4	Hội thoại/Cốt truyện	Luồng hội thoại	Rover	When Moonlight Shines in the Forest	A hand-carved moon full of bumps and hollows, with "Mey all go well with you" written on it…
lang_multi_text.db	Flow_31000124_452	3.4	Hội thoại/Cốt truyện	Luồng hội thoại	Rover	When Moonlight Shines in the Forest	Something seems carved on it... "moon… tree... happiness.."
lang_multi_text.db	Flow_31000124_453	3.4	Hội thoại/Cốt truyện	Luồng hội thoại	Rover	When Moonlight Shines in the Forest	It feels heavy to pull up. Not sure if it still works...
lang_multi_text.db	Flow_31000124_454	3.4	Hội thoại/Cốt truyện	Luồng hội thoại	Rover	When Moonlight Shines in the Forest	This moon seems a bit rusty. Hopefully, it can still be lit up…
lang_multi_text.db	Flow_31000124_455	3.4	Hội thoại/Cốt truyện	Luồng hội thoại	Rover	When Moonlight Shines in the Forest	The moon pool… It should be a crescent-shaped pool nearby…
lang_multi_text.db	Flow_31000124_456	3.4	Hội thoại/Cốt truyện	Luồng hội thoại	Rover	When Moonlight Shines in the Forest	A cave with dry branches... It should be here.
lang_multi_text.db	Flow_31000124_457	3.4	Hội thoại/Cốt truyện	Luồng hội thoại	Xảo Mộc	When Moonlight Shines in the Forest	Hoohoo—
lang_multi_text.db	Flow_31000124_458	3.4	Hội thoại/Cốt truyện	Luồng hội thoại		When Moonlight Shines in the Forest	It's okay! I've marked potential hiding spots on the map. Can you go check them out?
lang_multi_text.db	Flow_31000124_459	3.4	Hội thoại/Cốt truyện	Luồng hội thoại		When Moonlight Shines in the Forest	Look! There's a moon hanging there, like a small lamp.
lang_multi_text.db	Flow_31000124_460	3.4	Hội thoại/Cốt truyện	Luồng hội thoại	Xảo Mộc	When Moonlight Shines in the Forest	It's been hanging above the Violet Banyan for a long, long time.
lang_multi_text.db	Flow_31000124_461	3.4	Hội thoại/Cốt truyện	Luồng hội thoại	Xảo Mộc	When Moonlight Shines in the Forest	No clue who put it there, but it brightens up the place and lifts our spirits.
lang_multi_text.db	Flow_31000124_462	3.4	Hội thoại/Cốt truyện	Luồng hội thoại		When Moonlight Shines in the Forest	Hoohoo and I are both interested in this moon, so we've been investigating it for a while.
lang_multi_text.db	Flow_31000124_463	3.4	Hội thoại/Cốt truyện	Luồng hội thoại	Hou Hou	When Moonlight Shines in the Forest	*A happy hoohoo*!
lang_multi_text.db	Flow_31000124_464	3.4	Hội thoại/Cốt truyện	Luồng hội thoại		When Moonlight Shines in the Forest	We found a booklet on the moon.
lang_multi_text.db	Flow_31000124_465	3.4	Hội thoại/Cốt truyện	Luồng hội thoại		When Moonlight Shines in the Forest	Check it out. It's a bit worn, but the content is still clear to read.
lang_multi_text.db	Flow_31000124_466	3.4	Hội thoại/Cốt truyện	Luồng hội thoại		When Moonlight Shines in the Forest	It's got a nursery rhyme about the moon. Quite intriguing. Take a look.
lang_multi_text.db	Flow_31000124_471	3.4	Hội thoại/Cốt truyện	Luồng hội thoại		When Moonlight Shines in the Forest	What have you found?
lang_multi_text.db	Flow_31000124_472	3.4	Hội thoại/Cốt truyện	Luồng hội thoại		When Moonlight Shines in the Forest	Sounds like you've made some discoveries.
lang_multi_text.db	Flow_31000154_1	3.4	Hội thoại/Cốt truyện	Luồng hội thoại		Overdash Guide Quest	Are you ready to Overdash?
lang_multi_text.db	Flow_31000154_10	3.4	Hội thoại/Cốt truyện	Luồng hội thoại		Overdash Guide Quest	I wish you'd put it a bit more tactfully...
lang_multi_text.db	Flow_31000154_11	3.4	Hội thoại/Cốt truyện	Luồng hội thoại		Overdash Guide Quest	Alright, let me run you through the event rules!
lang_multi_text.db	Flow_31000154_118	3.4	Hội thoại/Cốt truyện	Luồng hội thoại		Overdash Guide Quest	Sure.
lang_multi_text.db	Flow_31000154_12	3.4	Hội thoại/Cốt truyện	Luồng hội thoại		Overdash Guide Quest	Overdash is all about racing through the air using Grapples to show off your skills.
lang_multi_text.db	Flow_31000154_120	3.4	Hội thoại/Cốt truyện	Luồng hội thoại		Overdash Guide Quest	Only if you pay me.
lang_multi_text.db	Flow_31000154_121	3.4	Hội thoại/Cốt truyện	Luồng hội thoại		Overdash Guide Quest	Oh my!
lang_multi_text.db	Flow_31000154_122	3.4	Hội thoại/Cốt truyện	Luồng hội thoại		Overdash Guide Quest	Oh, how I wish applications could write themselves!
lang_multi_text.db	Flow_31000154_123	3.4	Hội thoại/Cốt truyện	Luồng hội thoại		Overdash Guide Quest	Just kidding!
lang_multi_text.db	Flow_31000154_124	3.4	Hội thoại/Cốt truyện	Luồng hội thoại		Overdash Guide Quest	I appreciate your honesty, but no worries. I'll handle my own affairs.
lang_multi_text.db	Flow_31000154_125	3.4	Hội thoại/Cốt truyện	Luồng hội thoại		Overdash Guide Quest	The budget is already tight!
lang_multi_text.db	Flow_31000154_126	3.4	Hội thoại/Cốt truyện	Luồng hội thoại		Overdash Guide Quest	I'll just do it myself.
lang_multi_text.db	Flow_31000154_127	3.4	Hội thoại/Cốt truyện	Luồng hội thoại		Overdash Guide Quest	It seems I'll have to shut down the <color=#fef676>Overdash Club</color> for now. I'll get the members to work on track designs and maintenance during this downtime.
lang_multi_text.db	Flow_31000154_128	3.4	Hội thoại/Cốt truyện	Luồng hội thoại		Overdash Guide Quest	And you can use this opportunity to practice even harder!
lang_multi_text.db	Flow_31000154_129	3.4	Hội thoại/Cốt truyện	Luồng hội thoại		Overdash Guide Quest	When I've sorted out all the issues, I'll extend another invitation to you!
lang_multi_text.db	Flow_31000154_13	3.4	Hội thoại/Cốt truyện	Luồng hội thoại		Overdash Guide Quest	Don't worry! It's completely legit!
lang_multi_text.db	Flow_31000154_130	3.4	Hội thoại/Cốt truyện	Luồng hội thoại		Overdash Guide Quest	By then, you'll see <color=#fef676>brand-new equipment and track designs!</color>
lang_multi_text.db	Flow_31000154_131	3.4	Hội thoại/Cốt truyện	Luồng hội thoại		Overdash Guide Quest	They just want to keep everyone safe.
lang_multi_text.db	Flow_31000154_132	3.4	Hội thoại/Cốt truyện	Luồng hội thoại		Overdash Guide Quest	Oh well...
lang_multi_text.db	Flow_31000154_133	3.4	Hội thoại/Cốt truyện	Luồng hội thoại		Overdash Guide Quest	Guess I'll have to rewrite the entire application from scratch. My head throbs just thinking about it.
lang_multi_text.db	Flow_31000154_134	3.4	Hội thoại/Cốt truyện	Luồng hội thoại		Overdash Guide Quest	How about you write it for me?
lang_multi_text.db	Flow_31000154_135	3.4	Hội thoại/Cốt truyện	Luồng hội thoại		Overdash Guide Quest	Oh my!
lang_multi_text.db	Flow_31000154_136	3.4	Hội thoại/Cốt truyện	Luồng hội thoại		Overdash Guide Quest	I'm afraid...
lang_multi_text.db	Flow_31000154_137	3.4	Hội thoại/Cốt truyện	Luồng hội thoại		Overdash Guide Quest	Only if you pay me.
lang_multi_text.db	Flow_31000154_138	3.4	Hội thoại/Cốt truyện	Luồng hội thoại		Overdash Guide Quest	Oh, how I wish applications could write themselves!
lang_multi_text.db	Flow_31000154_139	3.4	Hội thoại/Cốt truyện	Luồng hội thoại		Overdash Guide Quest	Just kidding!
lang_multi_text.db	Flow_31000154_14	3.4	Hội thoại/Cốt truyện	Luồng hội thoại		Overdash Guide Quest	Hold on. Let me show you the official documents from the Ministry of Development.
lang_multi_text.db	Flow_31000154_140	3.4	Hội thoại/Cốt truyện	Luồng hội thoại		Overdash Guide Quest	I appreciate your kindness, but no worries. I'll handle my own affairs.
lang_multi_text.db	Flow_31000154_141	3.4	Hội thoại/Cốt truyện	Luồng hội thoại		Overdash Guide Quest	I guess the Fellowship will have to shut down for a while, squatting to do some design and maintenance work at home.
lang_multi_text.db	Flow_31000154_142	3.4	Hội thoại/Cốt truyện	Luồng hội thoại		Overdash Guide Quest	You just take this opportunity to work out.
lang_multi_text.db	Flow_31000154_143	3.4	Hội thoại/Cốt truyện	Luồng hội thoại		Overdash Guide Quest	Once we've worked out our troubles, the Overdash Fellowship will once again extend an invitation to challenge you.
lang_multi_text.db	Flow_31000154_144	3.4	Hội thoại/Cốt truyện	Luồng hội thoại		Overdash Guide Quest	At that point, the new equipment and Overdash track design will make a handsome appearance!
lang_multi_text.db	Flow_31000154_15	3.4	Hội thoại/Cốt truyện	Luồng hội thoại		Overdash Guide Quest	Don't worry! It's completely legit!
lang_multi_text.db	Flow_31000154_16	3.4	Hội thoại/Cốt truyện	Luồng hội thoại		Overdash Guide Quest	Hold on. Let me show you the official documents from the Ministry of Development.
lang_multi_text.db	Flow_31000154_17	3.4	Hội thoại/Cốt truyện	Luồng hội thoại		Overdash Guide Quest	Fantastic! By the way, let me show you the official documents from the Ministry of Development. We've got the green light!
lang_multi_text.db	Flow_31000154_18	3.4	Hội thoại/Cốt truyện	Luồng hội thoại		Overdash Guide Quest	...
lang_multi_text.db	Flow_31000154_19	3.4	Hội thoại/Cốt truyện	Luồng hội thoại		Overdash Guide Quest	They're gone...
lang_multi_text.db	Flow_31000154_2	3.4	Hội thoại/Cốt truyện	Luồng hội thoại		Overdash Guide Quest	For the Overdash Challenge!
lang_multi_text.db	Flow_31000154_20	3.4	Hội thoại/Cốt truyện	Luồng hội thoại		Overdash Guide Quest	The documents... are gone!!
lang_multi_text.db	Flow_31000154_21	3.4	Hội thoại/Cốt truyện	Luồng hội thoại		Overdash Guide Quest	A-Anyway, trust me! We've got all the permits!
lang_multi_text.db	Flow_31000154_22	3.4	Hội thoại/Cốt truyện	Luồng hội thoại		Overdash Guide Quest	As long as we stick to the designated area, we are good to go.
lang_multi_text.db	Flow_31000154_23	3.4	Hội thoại/Cốt truyện	Luồng hội thoại		Overdash Guide Quest	This time, we're racing on an "Easy" track on the outskirts of Jinzhou, perfect for beginners like you!
lang_multi_text.db	Flow_31000154_24	3.4	Hội thoại/Cốt truyện	Luồng hội thoại		Overdash Guide Quest	Normally, I'd guide newbies through their first Overdash, but I need to track down those documents, you know...
lang_multi_text.db	Flow_31000154_25	3.4	Hội thoại/Cốt truyện	Luồng hội thoại		Overdash Guide Quest	So, here's a trick instead. Pay attention, and stay safe, okay?
lang_multi_text.db	Flow_31000154_3	3.4	Hội thoại/Cốt truyện	Luồng hội thoại		Overdash Guide Quest	I'm Shui, an honorary member of the Overdash Club.
lang_multi_text.db	Flow_31000154_4	3.4	Hội thoại/Cốt truyện	Luồng hội thoại		Overdash Guide Quest	Actions speak louder than words. Let's get you Overdashing right away to feel the thrill!
lang_multi_text.db	Flow_31000154_5	3.4	Hội thoại/Cốt truyện	Luồng hội thoại		Overdash Guide Quest	Just to confirm, you're here because of our ad, right?
lang_multi_text.db	Flow_31000154_51	3.4	Hội thoại/Cốt truyện	Luồng hội thoại		Overdash Guide Quest	Step 1: Assess your surroundings. Step 2: Get your hook ready. Step 3: Warm up. Step 4: Let's go! Always keep an eye out for the next Grapple Point.
lang_multi_text.db	Flow_31000154_52	3.4	Hội thoại/Cốt truyện	Luồng hội thoại		Overdash Guide Quest	If you can't spot it, use your Glider for a better view. And remember, don't retract it mid-air or you'll fall straight down!
lang_multi_text.db	Flow_31000154_53	3.4	Hội thoại/Cốt truyện	Luồng hội thoại		Overdash Guide Quest	Even though it's a race, safety is priority number one. Got it?
lang_multi_text.db	Flow_31000154_54	3.4	Hội thoại/Cốt truyện	Luồng hội thoại		Overdash Guide Quest	It's normal to feel dizzy at first. I've got some antiemetics just in case. Hopefully, you won't need them...
lang_multi_text.db	Flow_31000154_55	3.4	Hội thoại/Cốt truyện	Luồng hội thoại		Overdash Guide Quest	Fantastic! Love your enthusiasm!
lang_multi_text.db	Flow_31000154_56	3.4	Hội thoại/Cốt truyện	Luồng hội thoại		Overdash Guide Quest	Alright, get ready for your first Overdash! Meet me at the outskirts. Don't stand me up!
lang_multi_text.db	Flow_31000154_57	3.4	Hội thoại/Cốt truyện	Luồng hội thoại		Overdash Guide Quest	Ready for what?
lang_multi_text.db	Flow_31000154_58	3.4	Hội thoại/Cốt truyện	Luồng hội thoại		Overdash Guide Quest	You are...
lang_multi_text.db	Flow_31000154_6	3.4	Hội thoại/Cốt truyện	Luồng hội thoại		Overdash Guide Quest	That's right.
lang_multi_text.db	Flow_31000154_61	3.4	Hội thoại/Cốt truyện	Luồng hội thoại		Overdash Guide Quest	Yes.
lang_multi_text.db	Flow_31000154_62	3.4	Hội thoại/Cốt truyện	Luồng hội thoại		Overdash Guide Quest	No.
lang_multi_text.db	Flow_31000154_63	3.4	Hội thoại/Cốt truyện	Luồng hội thoại		Overdash Guide Quest	I came for the rewards.
lang_multi_text.db	Flow_31000154_64	3.4	Hội thoại/Cốt truyện	Luồng hội thoại		Overdash Guide Quest	Is it safe?
lang_multi_text.db	Flow_31000154_65	3.4	Hội thoại/Cốt truyện	Luồng hội thoại		Overdash Guide Quest	Is it legal?
lang_multi_text.db	Flow_31000154_66	3.4	Hội thoại/Cốt truyện	Luồng hội thoại		Overdash Guide Quest	Can't be more familiar. Shall we start now?
lang_multi_text.db	Flow_31000154_67	3.4	Hội thoại/Cốt truyện	Luồng hội thoại		Overdash Guide Quest	Got it.
lang_multi_text.db	Flow_31000154_68	3.4	Hội thoại/Cốt truyện	Luồng hội thoại		Overdash Guide Quest	Just enjoy my performance.
lang_multi_text.db	Flow_31000154_69	3.4	Hội thoại/Cốt truyện	Luồng hội thoại		Overdash Guide Quest	Alright, here we are at the starting line. Feeling those butterflies fluttering?
lang_multi_text.db	Flow_31000154_7	3.4	Hội thoại/Cốt truyện	Luồng hội thoại		Overdash Guide Quest	It's no surprise you're drawn to such an exciting event.
lang_multi_text.db	Flow_31000154_70	3.4	Hội thoại/Cốt truyện	Luồng hội thoại		Overdash Guide Quest	Haha, every time I'm about to kick off an Overdash challenge, those nerves hit me like a wave!
lang_multi_text.db	Flow_31000154_71	3.4	Hội thoại/Cốt truyện	Luồng hội thoại		Overdash Guide Quest	Excellent! Can't wait to see what you've got!
lang_multi_text.db	Flow_31000154_72	3.4	Hội thoại/Cốt truyện	Luồng hội thoại		Overdash Guide Quest	Ahem, it's not the point!
lang_multi_text.db	Flow_31000154_73	3.4	Hội thoại/Cốt truyện	Luồng hội thoại		Overdash Guide Quest	Once you hit that track and leap forward into the air, all this jitter will vanish, replaced by pure exhilaration.
lang_multi_text.db	Flow_31000154_74	3.4	Hội thoại/Cốt truyện	Luồng hội thoại		Overdash Guide Quest	The wind whipping against your skin, the scenery blurring past you... It's like the entire world fades away, and it's just you out there.
lang_multi_text.db	Flow_31000154_75	3.4	Hội thoại/Cốt truyện	Luồng hội thoại		Overdash Guide Quest	Alright, enough talk. If I keep going, I might just jump into the challenge myself!
lang_multi_text.db	Flow_31000154_76	3.4	Hội thoại/Cốt truyện	Luồng hội thoại		Overdash Guide Quest	Go on! Overdash your way to that finish line! You've got this!
lang_multi_text.db	Flow_31000154_77	3.4	Hội thoại/Cốt truyện	Luồng hội thoại		Overdash Guide Quest	Yes.
lang_multi_text.db	Flow_31000154_78	3.4	Hội thoại/Cốt truyện	Luồng hội thoại		Overdash Guide Quest	Raring to go.
lang_multi_text.db	Flow_31000154_79	3.4	Hội thoại/Cốt truyện	Luồng hội thoại		Overdash Guide Quest	Have you found your permit?
lang_multi_text.db	Flow_31000154_8	3.4	Hội thoại/Cốt truyện	Luồng hội thoại		Overdash Guide Quest	Hmm, looks like we need to ramp up our promotions...
lang_multi_text.db	Flow_31000154_80	3.4	Hội thoại/Cốt truyện	Luồng hội thoại		Overdash Guide Quest	Bravo! You've conquered all the tracks! That's incredible!
lang_multi_text.db	Flow_31000154_81	3.4	Hội thoại/Cốt truyện	Luồng hội thoại		Overdash Guide Quest	If you haven't been practicing in secret, you must be an Overdash genius!
lang_multi_text.db	Flow_31000154_82	3.4	Hội thoại/Cốt truyện	Luồng hội thoại		Overdash Guide Quest	Haha, it's been ages since I've had a challenger who really gets my adrenaline pumping, ever since Chengchi stopped showing up.
lang_multi_text.db	Flow_31000154_83	3.4	Hội thoại/Cốt truyện	Luồng hội thoại		Overdash Guide Quest	Come on, follow me! Let's have a friendly race on the next track, shall we?
lang_multi_text.db	Flow_31000154_84	3.4	Hội thoại/Cốt truyện	Luồng hội thoại		Overdash Guide Quest	Hey, look! I've even managed to find the permits from the Ministry of Development.
lang_multi_text.db	Flow_31000154_85	3.4	Hội thoại/Cốt truyện	Luồng hội thoại		Overdash Guide Quest	But it says "Not Approved"...
lang_multi_text.db	Flow_31000154_86	3.4	Hội thoại/Cốt truyện	Luồng hội thoại		Overdash Guide Quest	What?!
lang_multi_text.db	Flow_31000154_87	3.4	Hội thoại/Cốt truyện	Luồng hội thoại		Overdash Guide Quest	Oh my...
lang_multi_text.db	Flow_31000154_88	3.4	Hội thoại/Cốt truyện	Luồng hội thoại		Overdash Guide Quest	It really does.
lang_multi_text.db	Flow_31000154_89	3.4	Hội thoại/Cốt truyện	Luồng hội thoại		Overdash Guide Quest	Darn it! I thought it was just a formality. Didn't expect them to throw so many hurdles our way!
lang_multi_text.db	Flow_31000154_9	3.4	Hội thoại/Cốt truyện	Luồng hội thoại		Overdash Guide Quest	But hey, now that you're here, why not give it a shot? It's free, after all!
lang_multi_text.db	Flow_31000154_90	3.4	Hội thoại/Cốt truyện	Luồng hội thoại		Overdash Guide Quest	"Please <color=#e55c46>halt</color> Overdash Club activities until safety concerns are addressed..."
lang_multi_text.db	Flow_31000154_91	3.4	Hội thoại/Cốt truyện	Luồng hội thoại		Overdash Guide Quest	They just want to keep everyone safe.
lang_multi_text.db	Flow_31000154_92	3.4	Hội thoại/Cốt truyện	Luồng hội thoại		Overdash Guide Quest	Yeah, I know. I admit I did overlook those issues...
lang_multi_text.db	Flow_31000154_93	3.4	Hội thoại/Cốt truyện	Luồng hội thoại		Overdash Guide Quest	But it's still frustrating, you know?
lang_multi_text.db	Flow_31000154_94	3.4	Hội thoại/Cốt truyện	Luồng hội thoại		Overdash Guide Quest	Guess I'll have to rewrite the entire application from scratch. My head throbs just thinking about it.
lang_multi_text.db	Flow_31000154_95	3.4	Hội thoại/Cốt truyện	Luồng hội thoại		Overdash Guide Quest	How about you write it for me?
lang_multi_text.db	Flow_31000154_96	3.4	Hội thoại/Cốt truyện	Luồng hội thoại		Overdash Guide Quest	I'm afraid...
lang_multi_text.db	Flow_31000155_113	3.4	Hội thoại/Cốt truyện	Luồng hội thoại	A Thủy	Farewell! Let's Overdash!	Bravo! You've conquered all the tracks! That's incredible!
lang_multi_text.db	Flow_31000155_114	3.4	Hội thoại/Cốt truyện	Luồng hội thoại	A Thủy	Farewell! Let's Overdash!	If you haven't been practicing in secret, you must be an Overdash genius!
lang_multi_text.db	Flow_31000155_115	3.4	Hội thoại/Cốt truyện	Luồng hội thoại	A Thủy	Farewell! Let's Overdash!	Haha, it's been ages since I've had a challenger who really gets my adrenaline pumping, ever since Chengchi stopped showing up.
lang_multi_text.db	Flow_31000155_116	3.4	Hội thoại/Cốt truyện	Luồng hội thoại	A Thủy	Farewell! Let's Overdash!	Come on, follow me! Let's have a friendly race on the next track, shall we?
lang_multi_text.db	Flow_31000155_117	3.4	Hội thoại/Cốt truyện	Luồng hội thoại		Farewell! Let's Overdash!	Hey, look! I've even managed to find the permits from the Ministry of Development.
lang_multi_text.db	Flow_31000155_118	3.4	Hội thoại/Cốt truyện	Luồng hội thoại		Farewell! Let's Overdash!	But it says "Not Approved"...
lang_multi_text.db	Flow_31000155_119	3.4	Hội thoại/Cốt truyện	Luồng hội thoại	A Thủy	Farewell! Let's Overdash!	What?!
lang_multi_text.db	Flow_31000155_120	3.4	Hội thoại/Cốt truyện	Luồng hội thoại	A Thủy	Farewell! Let's Overdash!	Oh my...
lang_multi_text.db	Flow_31000155_121	3.4	Hội thoại/Cốt truyện	Luồng hội thoại	A Thủy	Farewell! Let's Overdash!	It really does.
lang_multi_text.db	Flow_31000155_122	3.4	Hội thoại/Cốt truyện	Luồng hội thoại	A Thủy	Farewell! Let's Overdash!	Darn it! I thought it was just a formality. Didn't expect them to throw so many hurdles our way!
lang_multi_text.db	Flow_31000155_123	3.4	Hội thoại/Cốt truyện	Luồng hội thoại	A Thủy	Farewell! Let's Overdash!	"Please <color=#e55c46>halt</color> Overdash Club activities until safety concerns are addressed..."
lang_multi_text.db	Flow_31000155_124	3.4	Hội thoại/Cốt truyện	Luồng hội thoại		Farewell! Let's Overdash!	They just want to keep everyone safe.
lang_multi_text.db	Flow_31000155_125	3.4	Hội thoại/Cốt truyện	Luồng hội thoại	A Thủy	Farewell! Let's Overdash!	Yeah, I know. I admit I did overlook those issues...
lang_multi_text.db	Flow_31000155_126	3.4	Hội thoại/Cốt truyện	Luồng hội thoại	A Thủy	Farewell! Let's Overdash!	But it's still frustrating, you know?
lang_multi_text.db	Flow_31000155_127	3.4	Hội thoại/Cốt truyện	Luồng hội thoại	A Thủy	Farewell! Let's Overdash!	Guess I'll have to rewrite the entire application from scratch. My head throbs just thinking about it.
lang_multi_text.db	Flow_31000155_128	3.4	Hội thoại/Cốt truyện	Luồng hội thoại	A Thủy	Farewell! Let's Overdash!	How about you write it for me?
lang_multi_text.db	Flow_31000155_129	3.4	Hội thoại/Cốt truyện	Luồng hội thoại		Farewell! Let's Overdash!	I'm afraid...
lang_multi_text.db	Flow_31000155_130	3.4	Hội thoại/Cốt truyện	Luồng hội thoại		Farewell! Let's Overdash!	Sure.
lang_multi_text.db	Flow_31000155_131	3.4	Hội thoại/Cốt truyện	Luồng hội thoại		Farewell! Let's Overdash!	Only if you pay me.
lang_multi_text.db	Flow_31000155_132	3.4	Hội thoại/Cốt truyện	Luồng hội thoại	A Thủy	Farewell! Let's Overdash!	Oh my!
lang_multi_text.db	Flow_31000155_133	3.4	Hội thoại/Cốt truyện	Luồng hội thoại		Farewell! Let's Overdash!	Oh, how I wish applications could write themselves!
lang_multi_text.db	Flow_31000155_134	3.4	Hội thoại/Cốt truyện	Luồng hội thoại	A Thủy	Farewell! Let's Overdash!	Just kidding!
lang_multi_text.db	Flow_31000155_135	3.4	Hội thoại/Cốt truyện	Luồng hội thoại		Farewell! Let's Overdash!	I appreciate your kind offer, but no worries. I'll handle it myself.
lang_multi_text.db	Flow_31000155_136	3.4	Hội thoại/Cốt truyện	Luồng hội thoại	A Thủy	Farewell! Let's Overdash!	The budget is already tight! I can't afford to pay you!
lang_multi_text.db	Flow_31000155_137	3.4	Hội thoại/Cốt truyện	Luồng hội thoại	A Thủy	Farewell! Let's Overdash!	I'll just do it myself.
lang_multi_text.db	Flow_31000155_138	3.4	Hội thoại/Cốt truyện	Luồng hội thoại	A Thủy	Farewell! Let's Overdash!	It seems I'll have to shut down the <color=#fef676>Overdash Club</color> for now. I'll get the members to work on track designs and maintenance during this downtime.
lang_multi_text.db	Flow_31000155_139	3.4	Hội thoại/Cốt truyện	Luồng hội thoại	A Thủy	Farewell! Let's Overdash!	And you can use this opportunity to practice even harder!
lang_multi_text.db	Flow_31000155_140	3.4	Hội thoại/Cốt truyện	Luồng hội thoại	A Thủy	Farewell! Let's Overdash!	When I've sorted out all the issues, I'll extend another invitation to you!
lang_multi_text.db	Flow_31000155_141	3.4	Hội thoại/Cốt truyện	Luồng hội thoại	A Thủy	Farewell! Let's Overdash!	By then, you'll see <color=#fef676>brand-new equipment and track designs!</color>
lang_multi_text.db	Flow_31000177_2	3.4	Hội thoại/Cốt truyện	Luồng hội thoại	Scar		Hehehehehehehe.......Hahahahahahahaha
lang_multi_text.db	Flow_31000177_4	3.4	Hội thoại/Cốt truyện	Luồng hội thoại	Scar		The pain born from the explosion is the ultimate art.
lang_multi_text.db	Flow_31000177_6	3.4	Hội thoại/Cốt truyện	Luồng hội thoại	Scar		I haven't felt this kind of pleasure for a long time!
lang_multi_text.db	Flow_31000180_1	3.4	Hội thoại/Cốt truyện	Luồng hội thoại			...people...gather...
lang_multi_text.db	Flow_31000180_188	3.4	Hội thoại/Cốt truyện	Luồng hội thoại	Gleamtender		Shhh... You... Don’t go any further. Come here.
lang_multi_text.db	Flow_31000180_189	3.4	Hội thoại/Cốt truyện	Luồng hội thoại	Đội Trưởng Tuần Úy		Hey, come over here. Don't get caught.
lang_multi_text.db	Flow_31000180_190	3.4	Hội thoại/Cốt truyện	Luồng hội thoại	Đội Trưởng Tuần Úy		Yes, but it's fine. Me and my comrades were after a group of Exiles before we fell into their trap.
lang_multi_text.db	Flow_31000180_191	3.4	Hội thoại/Cốt truyện	Luồng hội thoại	Mọi Người Tuần Úy		Right there! Hang on just yet, brothers!
lang_multi_text.db	Flow_31000180_192	3.4	Hội thoại/Cốt truyện	Luồng hội thoại	Đội Viên Tuần Tra Bị Thương		We are saved. Thank you...
lang_multi_text.db	Flow_31000180_194	3.4	Hội thoại/Cốt truyện	Luồng hội thoại	Đội Trưởng Tuần Úy		Rover! Thank you for coming. I would love to treat you to a feast, but unfortunately, I’m on duty today.
lang_multi_text.db	Flow_31000180_195	3.4	Hội thoại/Cốt truyện	Luồng hội thoại	Đội Trưởng Tuần Úy		Yeah, they’re all right. They’re all kind of wounded, but all curable, so it’s fine.
lang_multi_text.db	Flow_31000180_196	3.4	Hội thoại/Cốt truyện	Luồng hội thoại	Đội Trưởng Tuần Úy		We are all so thankful for your righteous help...
lang_multi_text.db	Flow_31000180_198	3.4	Hội thoại/Cốt truyện	Luồng hội thoại			The injured Patroller was taken away by his comrades.
lang_multi_text.db	Flow_31000180_2	3.4	Hội thoại/Cốt truyện	Luồng hội thoại			...extinguish...the lighthouse...
lang_multi_text.db	Flow_31000180_203	3.4	Hội thoại/Cốt truyện	Luồng hội thoại			What's wrong with you?
lang_multi_text.db	Flow_31000180_205	3.4	Hội thoại/Cốt truyện	Luồng hội thoại			Thank you so much, you are really a kind person.
lang_multi_text.db	Flow_31000180_206	3.4	Hội thoại/Cốt truyện	Luồng hội thoại	Kẻ Lưu Đày Kêu Cứu		You are quite cautious...
lang_multi_text.db	Flow_31000180_207	3.4	Hội thoại/Cốt truyện	Luồng hội thoại	Kẻ Lưu Đày Kêu Cứu		It's killing me...
lang_multi_text.db	Flow_31000180_229	3.4	Hội thoại/Cốt truyện	Luồng hội thoại	Đội Trưởng Tuần Úy		My brothers managed to cover up for me to run down here and ask for help.
lang_multi_text.db	Flow_31000180_230	3.4	Hội thoại/Cốt truyện	Luồng hội thoại	Đội Trưởng Tuần Úy		So you are that Rover?! Then I should feel free to ask you. Please help them!
lang_multi_text.db	Flow_31000180_231	3.4	Hội thoại/Cốt truyện	Luồng hội thoại	Đội Viên Tuần Tra Bị Thương		Especially Rover. If you weren't here, this could be a formidable fight...
lang_multi_text.db	Flow_31000180_232	3.4	Hội thoại/Cốt truyện	Luồng hội thoại	Đội Viên Tuần Tra Bị Thương		Visit us at our camp when you're free. We should express our gratitude in our own way.
lang_multi_text.db	Flow_31000180_233	3.4	Hội thoại/Cốt truyện	Luồng hội thoại	Đội Trưởng Tuần Úy		... So we’ve prepared a little gift for you. Please accept it.
lang_multi_text.db	Flow_31000180_234	3.4	Hội thoại/Cốt truyện	Luồng hội thoại			Everyone alright?
lang_multi_text.db	Flow_31000180_235	3.4	Hội thoại/Cốt truyện	Luồng hội thoại			Are you hurt?
lang_multi_text.db	Flow_31000180_236	3.4	Hội thoại/Cốt truyện	Luồng hội thoại			I can offer some help.
lang_multi_text.db	Flow_31000180_3	3.4	Hội thoại/Cốt truyện	Luồng hội thoại			...on the ground...the only...light...
lang_multi_text.db	Flow_31000180_34	3.4	Hội thoại/Cốt truyện	Luồng hội thoại	Kẻ Lưu Đày Nam		This… is way too dangerous. Is there really no other way to open it?
lang_multi_text.db	Flow_31000180_37	3.4	Hội thoại/Cốt truyện	Luồng hội thoại	Kẻ Lưu Đày Nữ		Oh! You just reminded me! The "Survival Guide" says that the Explosion Fruit needs to be used with a fuse. Otherwise…
lang_multi_text.db	Flow_31000180_38	3.4	Hội thoại/Cốt truyện	Luồng hội thoại	Exile Commoner		Is...is there anyone...
lang_multi_text.db	Flow_31000180_39	3.4	Hội thoại/Cốt truyện	Luồng hội thoại	Exile Commoner		Help me...
lang_multi_text.db	Flow_31000180_4	3.4	Hội thoại/Cốt truyện	Luồng hội thoại			...the Lament...forever...the long night...
lang_multi_text.db	Flow_31000180_40	3.4	Hội thoại/Cốt truyện	Luồng hội thoại	Kẻ Lưu Đày Xuất Hiện Đột Ngột		Hehe, let this kid howl here for a long time, finally caught a big fish.
lang_multi_text.db	Flow_31000180_41	3.4	Hội thoại/Cốt truyện	Luồng hội thoại	Kẻ Lưu Đày Xuất Hiện Đột Ngột		Brothers, surround, don't let the fish run away!
lang_multi_text.db	Flow_31000180_42	3.4	Hội thoại/Cốt truyện	Luồng hội thoại	Kẻ Lưu Đày Kêu Cứu		Ouch, when I was moving the box, I accidentally hit my foot.
lang_multi_text.db	Flow_31000180_44	3.4	Hội thoại/Cốt truyện	Luồng hội thoại	Kẻ Lưu Đày Kêu Cứu		Can you help me to sit over there? I'll share the things in the box with you.
lang_multi_text.db	Flow_31000180_45	3.4	Hội thoại/Cốt truyện	Luồng hội thoại	Kẻ Lưu Đày Kêu Cứu		I can't walk now.
lang_multi_text.db	Flow_31000180_46	3.4	Hội thoại/Cốt truyện	Luồng hội thoại			Yes.
lang_multi_text.db	Flow_31000180_48	3.4	Hội thoại/Cốt truyện	Luồng hội thoại			No.
lang_multi_text.db	Flow_31000180_49	3.4	Hội thoại/Cốt truyện	Luồng hội thoại	Kẻ Lưu Đày Kêu Cứu		Is there anyone...
lang_multi_text.db	Flow_31000180_5	3.4	Hội thoại/Cốt truyện	Luồng hội thoại			(repeated symbol)
lang_multi_text.db	Flow_31000180_50	3.4	Hội thoại/Cốt truyện	Luồng hội thoại	Kẻ Lưu Đày Kêu Cứu		Is there... anyone...
lang_multi_text.db	Flow_31000180_6	3.4	Hội thoại/Cốt truyện	Luồng hội thoại			(The inscriptions on the rock wall have been worn out to the point where they can hardly be recognized, only a few scattered words can be made out, possibly left by the Lament a hundred years ago)
lang_multi_text.db	Flow_31000181_97	3.4	Hội thoại/Cốt truyện	Luồng hội thoại		Stygian Lacrimosa	Foggy shadows and chaotic frequencies... You lost your way...
lang_multi_text.db	Flow_31000183_1	3.4	Hội thoại/Cốt truyện	Luồng hội thoại			Please respect the park and its infrastructure. Keep a safe distance and do not feed the animals.
lang_multi_text.db	Flow_31000183_10	3.4	Hội thoại/Cốt truyện	Luồng hội thoại			Please follow the designated route in the ecological tour area. Do not climb over the fence.
lang_multi_text.db	Flow_31000183_11	3.4	Hội thoại/Cốt truyện	Luồng hội thoại			Hoochiefs often appear in groups in the forest and launch brutal attacks on humans.
lang_multi_text.db	Flow_31000183_12	3.4	Hội thoại/Cốt truyện	Luồng hội thoại			Please do not enter the forest unless necessary. If you enter by mistake, please leave as soon as possible.
lang_multi_text.db	Flow_31000183_13	3.4	Hội thoại/Cốt truyện	Luồng hội thoại			Who knows what the boss was thinking, choosing such a terrible place to camp...
lang_multi_text.db	Flow_31000183_14	3.4	Hội thoại/Cốt truyện	Luồng hội thoại			It looks like we have a lot of supplies, but they all belong to those apes!
lang_multi_text.db	Flow_31000183_15	3.4	Hội thoại/Cốt truyện	Luồng hội thoại			They are all so cunning, you can't even take a Coriolus from them!
lang_multi_text.db	Flow_31000183_16	3.4	Hội thoại/Cốt truyện	Luồng hội thoại			It looks like we're going to starve again today, sigh...
lang_multi_text.db	Flow_31000183_17	3.4	Hội thoại/Cốt truyện	Luồng hội thoại			The performance is over. Three lucky audience members will be selected to interact with...
lang_multi_text.db	Flow_31000183_18	3.4	Hội thoại/Cốt truyện	Luồng hội thoại			The facilities here have mechanisms, suspected to be operated by the Hoochiefs. Please be careful when carrying out your mission.
lang_multi_text.db	Flow_31000183_19	3.4	Hội thoại/Cốt truyện	Luồng hội thoại			The thing you gave me is indeed a bit old. It's a microelectronic device part from before the Lament. It's used for... you wouldn't understand even if I told you.
lang_multi_text.db	Flow_31000183_2	3.4	Hội thoại/Cốt truyện	Luồng hội thoại			The area ahead is the Dim Forest. Mutant Organisms frequently appear and are known to organize attacks on humans.
lang_multi_text.db	Flow_31000183_20	3.4	Hội thoại/Cốt truyện	Luồng hội thoại			It's relatively simple to fix... Wait for me here, I'll be back soon.
lang_multi_text.db	Flow_31000183_22	3.4	Hội thoại/Cốt truyện	Luồng hội thoại			Mortefi left for a while...
lang_multi_text.db	Flow_31000183_23	3.4	Hội thoại/Cốt truyện	Luồng hội thoại			It cost me several electronic components, the ones that are out of production... Fortunately, the data in them at least made me feel that I didn't lose out.
lang_multi_text.db	Flow_31000183_24	3.4	Hội thoại/Cốt truyện	Luồng hội thoại			What's the content?
lang_multi_text.db	Flow_31000183_25	3.4	Hội thoại/Cốt truyện	Luồng hội thoại			The Midnight Rangers have always been puzzled by the strange behavior of the Hoochief. After I looked at this hard drive, I think it's actually simple. They are planning to take revenge on humans.
lang_multi_text.db	Flow_31000183_26	3.4	Hội thoại/Cốt truyện	Luồng hội thoại			Why take revenge?
lang_multi_text.db	Flow_31000183_27	3.4	Hội thoại/Cốt truyện	Luồng hội thoại			The Dim Forest was a famous zoo before the Lament, known for its animal performances.
lang_multi_text.db	Flow_31000183_28	3.4	Hội thoại/Cốt truyện	Luồng hội thoại			Because of their high intelligence, the apes could master many skills. They were the first to be trained for performances, becoming the most popular exhibits.
lang_multi_text.db	Flow_31000183_29	3.4	Hội thoại/Cốt truyện	Luồng hội thoại			After the Lament, humans gradually fled the forest. The apes built their nests, becoming the masters, and even started to attack humans.
lang_multi_text.db	Flow_31000183_3	3.4	Hội thoại/Cốt truyện	Luồng hội thoại			The Midnight Rangers are conducting a recovery operation. Until the area is fully recovered, non-mission personnel are not allowed to enter.
lang_multi_text.db	Flow_31000183_30	3.4	Hội thoại/Cốt truyện	Luồng hội thoại			At first, humans could handle it, until they were infected by the Tacetite, and mutated into the more dangerous creatures they are now.
lang_multi_text.db	Flow_31000183_31	3.4	Hội thoại/Cốt truyện	Luồng hội thoại			So... setting traps, locking humans in tree cages, and making humans perform in the theater... is their clumsy revenge, at least that's what I think.
lang_multi_text.db	Flow_31000183_32	3.4	Hội thoại/Cốt truyện	Luồng hội thoại			Using the knowledge taught by humans, they are returning what humans have done to them in double.
lang_multi_text.db	Flow_31000183_33	3.4	Hội thoại/Cốt truyện	Luồng hội thoại			That's probably it, do you have any other questions?
lang_multi_text.db	Flow_31000183_34	3.4	Hội thoại/Cốt truyện	Luồng hội thoại			What is a zoo?
lang_multi_text.db	Flow_31000183_35	3.4	Hội thoại/Cốt truyện	Luồng hội thoại			The origin of the Feilian Beringal?
lang_multi_text.db	Flow_31000183_36	3.4	Hội thoại/Cốt truyện	Luồng hội thoại			The current situation...
lang_multi_text.db	Flow_31000183_37	3.4	Hội thoại/Cốt truyện	Luồng hội thoại			I have no more questions.
lang_multi_text.db	Flow_31000183_38	3.4	Hội thoại/Cốt truyện	Luồng hội thoại			It's probably a... amusement place? Before the Lament, humans liked to lock animals in cages, rooms, in other words, in fixed areas, for visitors to appreciate.
lang_multi_text.db	Flow_31000183_39	3.4	Hội thoại/Cốt truyện	Luồng hội thoại			The largest venue, it is said, can exhibit five to six hundred animals at the same time, and it has also spawned a huge supporting industry.
lang_multi_text.db	Flow_31000183_4	3.4	Hội thoại/Cốt truyện	Luồng hội thoại			The park is large. To ensure a good experience, we recommend driving or taking the park bus.
lang_multi_text.db	Flow_31000183_40	3.4	Hội thoại/Cốt truyện	Luồng hội thoại			How much idle time did the people before the Lament have to squander... it's unimaginable now.
lang_multi_text.db	Flow_31000183_42	3.4	Hội thoại/Cốt truyện	Luồng hội thoại			Hmm, should it be considered lucky, or unlucky...
lang_multi_text.db	Flow_31000183_43	3.4	Hội thoại/Cốt truyện	Luồng hội thoại			It was originally a special albino individual, rescued by humans from the wild and kept in a zoo, and it was deeply loved by visitors because of its eye-catching appearance.
lang_multi_text.db	Flow_31000183_44	3.4	Hội thoại/Cốt truyện	Luồng hội thoại			Gradually, it became the star of the zoo, and every time it performed, the venue was packed.
lang_multi_text.db	Flow_31000183_45	3.4	Hội thoại/Cốt truyện	Luồng hội thoại			But because of this, the albino orangutan was forced to undergo stricter training, learning to do things that only humans can do...
lang_multi_text.db	Flow_31000183_46	3.4	Hội thoại/Cốt truyện	Luồng hội thoại			There were also some people, from the orangutan's perspective, who opposed animal performances.
lang_multi_text.db	Flow_31000183_47	3.4	Hội thoại/Cốt truyện	Luồng hội thoại			But their voices were too small, and in the end, they were unable to stop the Feilian Beringal from taking the path of revenge... this is a futile effort, don't you think?
lang_multi_text.db	Flow_31000183_48	3.4	Hội thoại/Cốt truyện	Luồng hội thoại			Oh, it's strange, the big leader mobilized a large number of troops in the Dim Forest, but in the end, nothing happened.
lang_multi_text.db	Flow_31000183_49	3.4	Hội thoại/Cốt truyện	Luồng hội thoại			It is said that the message conveyed by the Feilian Beringal before its death affected the entire monkey group.
lang_multi_text.db	Flow_31000183_5	3.4	Hội thoại/Cốt truyện	Luồng hội thoại			Every Wednesday, Friday, and Saturday are performance days. Free parking is available all day.
lang_multi_text.db	Flow_31000183_50	3.4	Hội thoại/Cốt truyện	Luồng hội thoại			Contrary to expectations, the aggression and combat power of the monkeys have greatly decreased, and it is much easier to deal with.
lang_multi_text.db	Flow_31000183_51	3.4	Hội thoại/Cốt truyện	Luồng hội thoại			The Midnight Rangers will also arrange a permanent training ground in the Dim Forest, and you can go and have a look if you have nothing to do.
lang_multi_text.db	Flow_31000183_52	3.4	Hội thoại/Cốt truyện	Luồng hội thoại			Although I rarely praise people, I have to say that you did a good job with the Feilian Beringal.
lang_multi_text.db	Flow_31000183_53	3.4	Hội thoại/Cốt truyện	Luồng hội thoại			Oh, there's also a video of it when it was a baby.
lang_multi_text.db	Flow_31000183_54	3.4	Hội thoại/Cốt truyện	Luồng hội thoại			In fact, albino individuals have a hard time surviving in the wild, so objectively speaking, it was humans who gave it a life.
lang_multi_text.db	Flow_31000183_55	3.4	Hội thoại/Cốt truyện	Luồng hội thoại			The people who saved it were probably researchers or something, it's quite romantic, they even held a celebration ceremony when it completed its treatment and left the rescue cabin.
lang_multi_text.db	Flow_31000183_56	3.4	Hội thoại/Cốt truyện	Luồng hội thoại			I saw it was quite happy, jumping around on the backs of those people, haha.
lang_multi_text.db	Flow_31000183_57	3.4	Hội thoại/Cốt truyện	Luồng hội thoại			I wonder if it started to know about "humans" from that time on?
lang_multi_text.db	Flow_31000183_58	3.4	Hội thoại/Cốt truyện	Luồng hội thoại			Alright, that's enough talking. Take care, I won't see you off.
lang_multi_text.db	Flow_31000183_6	3.4	Hội thoại/Cốt truyện	Luồng hội thoại			Thank you for visiting! A new group performance is being planned. Stay tuned!
lang_multi_text.db	Flow_31000183_7	3.4	Hội thoại/Cốt truyện	Luồng hội thoại			The exit is ahead. If you are driving, you will need to purchase a new ticket to re-enter.
lang_multi_text.db	Flow_31000183_8	3.4	Hội thoại/Cốt truyện	Luồng hội thoại			The area ahead is a conservation area and is only open to staff. Visitors, please do not enter.
lang_multi_text.db	Flow_31000183_9	3.4	Hội thoại/Cốt truyện	Luồng hội thoại			Please enter the park in an orderly manner and take your assigned seat. Please respect the performance and do not make loud noises.
lang_multi_text.db	Flow_31000186_182	3.4	Hội thoại/Cốt truyện	Luồng hội thoại			Lingyang places the Noctemint under the "big guy's" nose...
lang_multi_text.db	Flow_31000186_23	3.4	Hội thoại/Cốt truyện	Luồng hội thoại			The Tacet Discord we encountered earlier should not have attacked Beiji, so he was able to continue forward.
lang_multi_text.db	Flow_31000188_572	3.4	Hội thoại/Cốt truyện	Luồng hội thoại			Yinlin ties you up again before activating the switch to the inner chamber.
lang_multi_text.db	Flow_31000195_1983	3.4	Hội thoại/Cốt truyện	Luồng hội thoại	Speaker_84_Name	Under the Moonlit Banyan	Scattered scraps of defrosting meat, already spoiled and emitting a foul odor.
lang_multi_text.db	Flow_31000195_1984	3.4	Hội thoại/Cốt truyện	Luồng hội thoại	Speaker_84_Name	Under the Moonlit Banyan	A messy bill with barely visible entries. The expenditure is almost zero.
lang_multi_text.db	Flow_31000195_2647	3.4	Hội thoại/Cốt truyện	Luồng hội thoại		Under the Moonlit Banyan	You return to the city. On the way back, Bei Ji tells Bei Shi all about what happened.
lang_multi_text.db	Flow_31000195_2758	3.4	Hội thoại/Cốt truyện	Luồng hội thoại		Under the Moonlit Banyan	What are you doing here?
lang_multi_text.db	Flow_31000195_3328	3.4	Hội thoại/Cốt truyện	Luồng hội thoại		Under the Moonlit Banyan	You exit the cave to find that Bei Shi and the Patrollers have captured the thugs.
lang_multi_text.db	Flow_31000195_3791	3.4	Hội thoại/Cốt truyện	Luồng hội thoại		Under the Moonlit Banyan	Are you in trouble?
lang_multi_text.db	Flow_31000195_4052	3.4	Hội thoại/Cốt truyện	Luồng hội thoại		Under the Moonlit Banyan	What are you doing here?
lang_multi_text.db	Flow_31000195_4053	3.4	Hội thoại/Cốt truyện	Luồng hội thoại		Under the Moonlit Banyan	What are you doing here?
lang_multi_text.db	Flow_31000195_4118	3.4	Hội thoại/Cốt truyện	Luồng hội thoại		Under the Moonlit Banyan	About the Moon Lanterns...
lang_multi_text.db	Flow_31000195_4119	3.4	Hội thoại/Cốt truyện	Luồng hội thoại		Under the Moonlit Banyan	About the Moon Lanterns...
lang_multi_text.db	Flow_31000195_44	3.4	Hội thoại/Cốt truyện	Luồng hội thoại	Speaker_84_Name	Under the Moonlit Banyan	The tusk of an unknown creature, huge in size.
lang_multi_text.db	Flow_31000195_62	3.4	Hội thoại/Cốt truyện	Luồng hội thoại	Speaker_84_Name	Under the Moonlit Banyan	Partially completed red packets and silk balls.
lang_multi_text.db	Flow_31000195_63	3.4	Hội thoại/Cốt truyện	Luồng hội thoại	Speaker_84_Name	Under the Moonlit Banyan	These should be lion dance props. The designs are delicate, and you can tell meticulous craftsmanship from them.
lang_multi_text.db	Flow_311000000_22	3.4	Hội thoại/Cốt truyện	Luồng hội thoại	Speaker_86_Title		Impressive! You actually opened it!
lang_multi_text.db	Flow_311000000_23	3.4	Hội thoại/Cốt truyện	Luồng hội thoại	Speaker_86_Title		Now, spill the beans. How did you do it?
lang_multi_text.db	Flow_311000000_24	3.4	Hội thoại/Cốt truyện	Luồng hội thoại	Speaker_86_Title		I've been trying for ages... Using brute force to pry it open didn't work. Did you try kicking it?
lang_multi_text.db	Flow_311000000_25	3.4	Hội thoại/Cốt truyện	Luồng hội thoại	Speaker_86_Title		Or... or did you use some kind of Resonance ability?
lang_multi_text.db	Flow_311000000_26	3.4	Hội thoại/Cốt truyện	Luồng hội thoại	Speaker_86_Title		Hmm... Umm... How do I open this box...
lang_multi_text.db	Flow_311000000_27	3.4	Hội thoại/Cốt truyện	Luồng hội thoại	Speaker_86_Title		Eh? No, nothing's wrong. Well, okay, something's wrong...
lang_multi_text.db	Flow_311000000_29	3.4	Hội thoại/Cốt truyện	Luồng hội thoại	Speaker_86_Title		It's this chest next to me. I found it after a lot of searching, but I can't open it.
lang_multi_text.db	Flow_311000000_30	3.4	Hội thoại/Cốt truyện	Luồng hội thoại	Speaker_86_Title		How about this, if you can open it, whatever is inside is yours!
lang_multi_text.db	Flow_311000000_31	3.4	Hội thoại/Cốt truyện	Luồng hội thoại	Speaker_86_Title		Do you think you can open it? If you can, whatever is inside should be rightfully yours!
lang_multi_text.db	Flow_311000000_310	3.4	Hội thoại/Cốt truyện	Luồng hội thoại			Well, you're here too.
lang_multi_text.db	Flow_311000000_311	3.4	Hội thoại/Cốt truyện	Luồng hội thoại	Khang Cửu		Why am I always so unlucky...
lang_multi_text.db	Flow_311000000_312	3.4	Hội thoại/Cốt truyện	Luồng hội thoại	Khang Cửu		Hmm... What should I eat next?
lang_multi_text.db	Flow_311000000_313	3.4	Hội thoại/Cốt truyện	Luồng hội thoại	Khang Cửu		Ouch! Who left this huge rock in the middle of the road? Ouch... my foot...
lang_multi_text.db	Flow_311000000_314	3.4	Hội thoại/Cốt truyện	Luồng hội thoại	Khang Cửu		Sigh I'm going to be late for work again... Being chased by a giant whale in my dream wore me out. The alarm clock went off a hundred times, and I still didn't hear it...
lang_multi_text.db	Flow_311000000_315	3.4	Hội thoại/Cốt truyện	Luồng hội thoại	Khang Cửu		Why am I so unlucky...
lang_multi_text.db	Flow_311000000_316	3.4	Hội thoại/Cốt truyện	Luồng hội thoại	Khang Cửu		If only the butterfly nymph were here, she'd definitely scare away that whale...
lang_multi_text.db	Flow_311000000_317	3.4	Hội thoại/Cốt truyện	Luồng hội thoại	Khang Cửu		This isn't working. I wanted to go to the fairy mountain at sea to get some good luck... With my luck, I might not even see the mountain when I get there...
lang_multi_text.db	Flow_311000000_318	3.4	Hội thoại/Cốt truyện	Luồng hội thoại	Khang Cửu		Wait. Why is my wallet empty? Where's my money...
lang_multi_text.db	Flow_311000000_319	3.4	Hội thoại/Cốt truyện	Luồng hội thoại	Khang Cửu		Once, when I was at sea, a whale broke the hull of our boat. I still lived to see the nymph mountain!
lang_multi_text.db	Flow_311000000_32	3.4	Hội thoại/Cốt truyện	Luồng hội thoại	Speaker_86_Title		Yes, the chest right next to me.
lang_multi_text.db	Flow_311000000_334	3.4	Hội thoại/Cốt truyện	Luồng hội thoại			About Panhua and Mahe...
lang_multi_text.db	Flow_311000000_335	3.4	Hội thoại/Cốt truyện	Luồng hội thoại			About seasonal dishes...
lang_multi_text.db	Flow_311000000_336	3.4	Hội thoại/Cốt truyện	Luồng hội thoại			I have something else to do.
lang_multi_text.db	Flow_311000000_337	3.4	Hội thoại/Cốt truyện	Luồng hội thoại	Chú Lê		Those two used to run a business together. Their food used to be absolutely amazing.
lang_multi_text.db	Flow_311000000_338	3.4	Hội thoại/Cốt truyện	Luồng hội thoại			But they split up because of their different views on cuisine. Instead of breaking up, it's more like each one is sticking to their own path!
lang_multi_text.db	Flow_311000000_339	3.4	Hội thoại/Cốt truyện	Luồng hội thoại	Chú Lê		Seasonal dishes... You came to the right person. There's a whole tradition about eating the right food for each season. Our ancestors taught us to live in harmony with nature, and that includes our food!
lang_multi_text.db	Flow_311000000_340	3.4	Hội thoại/Cốt truyện	Luồng hội thoại	Chú Lê		In the winter, you should drink this Caltrop Soup. And when summer comes, get yourself a cup of Shuyun Herbal Tea to cool down.
lang_multi_text.db	Flow_311000000_341	3.4	Hội thoại/Cốt truyện	Luồng hội thoại	Chú Lê		But no matter when you go to Panhua's Restaurant, you can always order their Poached Chicken.
lang_multi_text.db	Flow_311000000_342	3.4	Hội thoại/Cốt truyện	Luồng hội thoại			Nobody makes Poached Chicken like they do!
lang_multi_text.db	Flow_311000000_343	3.4	Hội thoại/Cốt truyện	Luồng hội thoại	Chú Lê		You go ahead and get busy. It's good for young people to stay busy. When you have some free time, come and have tea with Uncle Li.
lang_multi_text.db	Flow_311000000_344	3.4	Hội thoại/Cốt truyện	Luồng hội thoại	Chú Lê		Oh my! {Male=Young man;Female=Young lady}, you look worn from travel. Are you here to eat, or heading somewhere else?
lang_multi_text.db	Flow_311000000_345	3.4	Hội thoại/Cốt truyện	Luồng hội thoại	Chú Lê		Oh dear, where should I eat next?
lang_multi_text.db	Flow_311000000_346	3.4	Hội thoại/Cốt truyện	Luồng hội thoại	Khang Cửu		My luck shouldn't be this bad, I haven't seen the butterfly nymph yet...
lang_multi_text.db	Flow_311000000_35	3.4	Hội thoại/Cốt truyện	Luồng hội thoại	Speaker_86_Title		I've tried everything, but it's still locked tight.
lang_multi_text.db	Flow_311000000_354	3.4	Hội thoại/Cốt truyện	Luồng hội thoại			What's the matter?
lang_multi_text.db	Flow_311000000_355	3.4	Hội thoại/Cốt truyện	Luồng hội thoại	Nhất Hồ		Oh! Alright, alright, it's not urgent. We can chat when you're interested.
lang_multi_text.db	Flow_311000000_356	3.4	Hội thoại/Cốt truyện	Luồng hội thoại	Nhất Hồ		So much is happening. Look at Liuxian Teahouse, it's bustling. So many people come here to drink tea and chat.
lang_multi_text.db	Flow_311000000_357	3.4	Hội thoại/Cốt truyện	Luồng hội thoại	Nhất Hồ		But I heard the teahouse is secretly owned by some big shot who just so happens to also be a great fighter, and kind of a gentleman at that.
lang_multi_text.db	Flow_311000000_358	3.4	Hội thoại/Cốt truyện	Luồng hội thoại	Nhất Hồ		There are many stories like that. Take our General Jiyan, known for his extraordinary deeds across Jinzhou.
lang_multi_text.db	Flow_311000000_359	3.4	Hội thoại/Cốt truyện	Luồng hội thoại	Nhất Hồ		He's a brilliant strategist and warrior now, but it's said he started out as a medic.
lang_multi_text.db	Flow_311000000_36	3.4	Hội thoại/Cốt truyện	Luồng hội thoại	Speaker_86_Title		I love treasure hunting. I went through a lot to bring it back, but now I can't get it open...
lang_multi_text.db	Flow_311000000_360	3.4	Hội thoại/Cốt truyện	Luồng hội thoại	Nhất Hồ		Being a medic or a general both require ensuring the soldiers' safe return. The burdens are equally heavy.
lang_multi_text.db	Flow_311000000_361	3.4	Hội thoại/Cốt truyện	Luồng hội thoại	Nhất Hồ		There are many stories like that. Have you heard about a researcher named Mortefi at the Academy?
lang_multi_text.db	Flow_311000000_362	3.4	Hội thoại/Cốt truyện	Luồng hội thoại	Nhất Hồ		Panhua's Restaurant is so good that even those researchers come here. I often hear them talk about a certain "Mortefi."
lang_multi_text.db	Flow_311000000_363	3.4	Hội thoại/Cốt truyện	Luồng hội thoại	Nhất Hồ		They say if he's in a good mood, he can create anything. Maybe even something like a sound amplifier that lets you hear conversations miles away... hehe.
lang_multi_text.db	Flow_311000000_364	3.4	Hội thoại/Cốt truyện	Luồng hội thoại	Nhất Hồ		But they say that he's kind of being overshadowed at the Academy. From how they talk about him, hard to imagine anyone being smarter than him.
lang_multi_text.db	Flow_311000000_365	3.4	Hội thoại/Cốt truyện	Luồng hội thoại	Nhất Hồ		Alright, that's it for now. If you have any interesting stories, feel free to share. We love hearing them! I'll leave you to it.
lang_multi_text.db	Flow_311000000_366	3.4	Hội thoại/Cốt truyện	Luồng hội thoại	Nhất Hồ		Alright, that's it for now. If you have any interesting stories, feel free to share. We love hearing them! I'll leave you to it.
lang_multi_text.db	Flow_311000000_367	3.4	Hội thoại/Cốt truyện	Luồng hội thoại	Nhất Hồ		Alright, that's it for now. If you have any interesting stories, feel free to share. We love hearing them! I'll leave you to it.
lang_multi_text.db	Flow_311000000_368	3.4	Hội thoại/Cốt truyện	Luồng hội thoại			A chest?
lang_multi_text.db	Flow_311000000_369	3.4	Hội thoại/Cốt truyện	Luồng hội thoại			You don't want what's in the chest?
lang_multi_text.db	Flow_311000000_37	3.4	Hội thoại/Cốt truyện	Luồng hội thoại	Speaker_86_Title		It's not that I don't want it, but if you can open it, I should give you a reward.
lang_multi_text.db	Flow_311000000_370	3.4	Hội thoại/Cốt truyện	Luồng hội thoại	Speaker_86_Title		I'm big on puzzles and treasure hunting. I found this chest that just won't open. I've been trying to unlock it for ages.
lang_multi_text.db	Flow_311000000_371	3.4	Hội thoại/Cốt truyện	Luồng hội thoại	Speaker_86_Title		But after all this time, I still can't get it open. I've lost interest in what's inside. I just want to see it open!
lang_multi_text.db	Flow_311000000_372	3.4	Hội thoại/Cốt truyện	Luồng hội thoại	Speaker_86_Title		So, if you can open this chest, whatever's inside is yours!
lang_multi_text.db	Flow_311000000_375	3.4	Hội thoại/Cốt truyện	Luồng hội thoại	Speaker_192_Title		When making clear soup, add a couple more Edodes while simmering. It makes the soup more flavorful and the color brighter.
lang_multi_text.db	Flow_311000000_376	3.4	Hội thoại/Cốt truyện	Luồng hội thoại	Speaker_192_Title		But use seasoning sparingly to preserve the original taste of the ingredients. That's how you get the most delicious soup.
lang_multi_text.db	Flow_311000000_38	3.4	Hội thoại/Cốt truyện	Luồng hội thoại	Speaker_86_Title		Today was my lucky day. Look at these ribs... They'll make a delicious soup.
lang_multi_text.db	Flow_311000000_388	3.4	Hội thoại/Cốt truyện	Luồng hội thoại	Speaker_193_Title		Clear soup? Oh, you mean broth, right?
lang_multi_text.db	Flow_311000000_389	3.4	Hội thoại/Cốt truyện	Luồng hội thoại	Speaker_193_Title		You've asked the right person. The secret is just one thing: salt!
lang_multi_text.db	Flow_311000000_390	3.4	Hội thoại/Cốt truyện	Luồng hội thoại	Speaker_193_Title		Without salt, even the best ingredients won't make tasty broth.
lang_multi_text.db	Flow_311000000_391	3.4	Hội thoại/Cốt truyện	Luồng hội thoại	Speaker_193_Title		If the salt is right, the soup is perfect!
lang_multi_text.db	Flow_311000000_393	3.4	Hội thoại/Cốt truyện	Luồng hội thoại	Chú Lê		Oh my! {Male=Young man;Female=Young lady}, you look worn from travel. Are you here for tea, or heading somewhere else?
lang_multi_text.db	Flow_311000000_398	3.4	Hội thoại/Cốt truyện	Luồng hội thoại	Chú Lê		Second-rate cooks might make a broth that tastes good on first sip, but lacks richness of flavor after a while.
lang_multi_text.db	Flow_311000000_399	3.4	Hội thoại/Cốt truyện	Luồng hội thoại	Chú Lê		Don't underestimate that pinch of sugar. It makes all the difference in the taste and depth of flavor!
lang_multi_text.db	Flow_311000000_40	3.4	Hội thoại/Cốt truyện	Luồng hội thoại	Speaker_86_Title		Tsk... How is that box opened?
lang_multi_text.db	Flow_311000000_400	3.4	Hội thoại/Cốt truyện	Luồng hội thoại	Chú Lê		That's why you asked me. I don't share this with just anyone.
lang_multi_text.db	Flow_311000000_41	3.4	Hội thoại/Cốt truyện	Luồng hội thoại	Speaker_86_Title		Didn't I also find a treasure map last time?
lang_multi_text.db	Flow_311000000_42	3.4	Hội thoại/Cốt truyện	Luồng hội thoại	Speaker_86_Title		Alright. Time for a new puzzle. Where's the next one?
lang_multi_text.db	Flow_311000000_43	3.4	Hội thoại/Cốt truyện	Luồng hội thoại	Speaker_86_Title		How did you open that box? Tell me when you have a moment.
lang_multi_text.db	Flow_311000000_44	3.4	Hội thoại/Cốt truyện	Luồng hội thoại	Speaker_86_Title		Where did I put that treasure map...
lang_multi_text.db	Flow_311000000_45	3.4	Hội thoại/Cốt truyện	Luồng hội thoại			Treasure map?
lang_multi_text.db	Flow_311000000_46	3.4	Hội thoại/Cốt truyện	Luồng hội thoại	Speaker_86_Title		Yes, yes! I love solving puzzles and treasure hunting. Sometimes I find treasure maps just for fun.
lang_multi_text.db	Flow_311000000_47	3.4	Hội thoại/Cốt truyện	Luồng hội thoại	Speaker_86_Title		When I find the map I was looking for, I'll show it to you. Maybe you can solve what I couldn't!
lang_multi_text.db	Flow_311000000_48	3.4	Hội thoại/Cốt truyện	Luồng hội thoại	Speaker_86_Title		I'll tell you once I find the treasure map!
lang_multi_text.db	Flow_311000000_51	3.4	Hội thoại/Cốt truyện	Luồng hội thoại	Nhất Hồ		Here's your meal. Enjoy!
lang_multi_text.db	Flow_311000000_52	3.4	Hội thoại/Cốt truyện	Luồng hội thoại	Nhất Hồ		Alright. If you need help with anything, just holler. I'm always at your service!
lang_multi_text.db	Flow_311000000_53	3.4	Hội thoại/Cốt truyện	Luồng hội thoại	Nhất Hồ		Hehe, I'll let you in on a little secret. You can overhear all kinds of things here.
lang_multi_text.db	Flow_311000000_54	3.4	Hội thoại/Cốt truyện	Luồng hội thoại	Nhất Hồ		From big news to juicy gossip, just hang around long enough and you'll know everything there is to know about Jinzhou!
lang_multi_text.db	Flow_311000000_55	3.4	Hội thoại/Cốt truyện	Luồng hội thoại	Nhất Hồ		Don't believe me? I myself have a whole list of stories I could share with you.
lang_multi_text.db	Flow_311000000_56	3.4	Hội thoại/Cốt truyện	Luồng hội thoại	Nhất Hồ		I tell you, nighttime is when it really gets lively. Everyone's out and about, chatting and relaxing.
lang_multi_text.db	Flow_311000000_57	3.4	Hội thoại/Cốt truyện	Luồng hội thoại	Nhất Hồ		You might run into folks from all walks of life, even some big shots you wouldn't see during the day.
lang_multi_text.db	Flow_311000000_58	3.4	Hội thoại/Cốt truyện	Luồng hội thoại	Nhất Hồ		If you're hoping to bump into someone, don't miss out on the nightlife here!
lang_multi_text.db	Flow_311000000_59	3.4	Hội thoại/Cốt truyện	Luồng hội thoại	Nhất Hồ		Ready to order? We've got Chili Oil Chicken, Pulled Chicken, Poached Chicken...
lang_multi_text.db	Flow_311000000_60	3.4	Hội thoại/Cốt truyện	Luồng hội thoại	Nhất Hồ		I might know a thing or two about what you're talking about.
lang_multi_text.db	Flow_311000000_62	3.4	Hội thoại/Cốt truyện	Luồng hội thoại	Chú Lê		As someone who's dined at many restaurants, I can say Panhua's Restaurant is the best!
lang_multi_text.db	Flow_311000000_63	3.4	Hội thoại/Cốt truyện	Luồng hội thoại	Chú Lê		Just look at this food, taste it! If I could, I'd eat here every day!
lang_multi_text.db	Flow_311000000_65	3.4	Hội thoại/Cốt truyện	Luồng hội thoại	Chú Lê		If you're free, come have tea with this old man. I've got plenty of Jinzhou food tales to share.
lang_multi_text.db	Flow_311000000_66	3.4	Hội thoại/Cốt truyện	Luồng hội thoại	Chú Lê		You want to know about Panhua and Mahe? There's a lot to tell!
lang_multi_text.db	Flow_311000000_67	3.4	Hội thoại/Cốt truyện	Luồng hội thoại	Thuận Tài		This food is amazing! Panhua's Restaurant truly lives up to its reputation. Delicious and affordable, I never get tired of it!
lang_multi_text.db	Flow_311000000_68	3.4	Hội thoại/Cốt truyện	Luồng hội thoại	Thuận Tài		Oh, when can I have a proper food stall like Panhua's...
lang_multi_text.db	Flow_311000000_69	3.4	Hội thoại/Cốt truyện	Luồng hội thoại	Thuận Tài		I still dream of starting a small stall...
lang_multi_text.db	Flow_311000000_70	3.4	Hội thoại/Cốt truyện	Luồng hội thoại	Thuận Tài		Starting a business is tough... I need more experience and have to take it step by step.
lang_multi_text.db	Flow_311000000_71	3.4	Hội thoại/Cốt truyện	Luồng hội thoại	Nhất Hồ		Huh? Wh-what are you doing here in the middle of the night...?
lang_multi_text.db	Flow_311000000_72	3.4	Hội thoại/Cốt truyện	Luồng hội thoại	Nhất Hồ		I-I'm here to prepare a birthday meal for a customer who's celebrating tomorrow!
lang_multi_text.db	Flow_311000001_1	3.4	Hội thoại/Cốt truyện	Luồng hội thoại	Sóc Nguyệt		Hey, any new arrivals? Got any recommendations?
lang_multi_text.db	Flow_311000001_10	3.4	Hội thoại/Cốt truyện	Luồng hội thoại	Diễn Viên Số 1		Daddy! When's the Fiamma going to fight the monster?
lang_multi_text.db	Flow_311000001_11	3.4	Hội thoại/Cốt truyện	Luồng hội thoại	Diễn Viên Số 2		She'll be here soon, sweetheart. Once the curtains rise and the flames dance, the Fiamma will swoop in and chase away all those monsters!
lang_multi_text.db	Flow_311000001_12	3.4	Hội thoại/Cốt truyện	Luồng hội thoại	Sóc Nguyệt		What a dazzling performance! When those sparks flew, the whole theater lit up like gold. Kindle truly lives up to its name!
lang_multi_text.db	Flow_311000001_13	3.4	Hội thoại/Cốt truyện	Luồng hội thoại	Sóc Nguyệt		Bravo, bravo! The moment Fiamma struggled to rise, gripping that blazing blade... Her determination was as fierce as the fire itself! Bravo!
lang_multi_text.db	Flow_311000001_14	3.4	Hội thoại/Cốt truyện	Luồng hội thoại	Sóc Nguyệt		Qinghe's really putting in the effort wielding that hefty sword...
lang_multi_text.db	Flow_311000001_2	3.4	Hội thoại/Cốt truyện	Luồng hội thoại	Sóc Nguyệt		Hmm, this one looks interesting. Alright, I'll take it!
lang_multi_text.db	Flow_311000001_3	3.4	Hội thoại/Cốt truyện	Luồng hội thoại	Sóc Nguyệt		The show's about to start. Why are there still props lying around?
lang_multi_text.db	Flow_311000001_4	3.4	Hội thoại/Cốt truyện	Luồng hội thoại	Sóc Nguyệt		We need to get these props sorted out immediately.
lang_multi_text.db	Flow_311000001_5	3.4	Hội thoại/Cốt truyện	Luồng hội thoại	Sóc Nguyệt		Qinghe's urging.  We gotta hustle with these props!
lang_multi_text.db	Flow_311000001_6	3.4	Hội thoại/Cốt truyện	Luồng hội thoại	Sóc Nguyệt		The next play's all about Fiamma. The kids are all waiting! Let's get moving!
lang_multi_text.db	Flow_311000001_7	3.4	Hội thoại/Cốt truyện	Luồng hội thoại	Sóc Nguyệt		Fiamma's facing off against a monster much larger than herself. Quite the challenge, I must say...
lang_multi_text.db	Flow_311000001_8	3.4	Hội thoại/Cốt truyện	Luồng hội thoại	Sóc Nguyệt		It's said Qinghe's taking on a role in a new play. Can't wait to watch!
lang_multi_text.db	Flow_311000001_9	3.4	Hội thoại/Cốt truyện	Luồng hội thoại	Sóc Nguyệt		Finally done with the overtime. Time to kick back and relax...
lang_multi_text.db	Flow_311000002_1	3.4	Hội thoại/Cốt truyện	Luồng hội thoại	Phái Phái		Phew, all the goods have been delivered on time!
lang_multi_text.db	Flow_311000002_10	3.4	Hội thoại/Cốt truyện	Luồng hội thoại			You seem really dedicated to Lollo Logistics.
lang_multi_text.db	Flow_311000002_11	3.4	Hội thoại/Cốt truyện	Luồng hội thoại	Phái Phái		Hehe, of course. Being a courier is not just about delivering things, you know.
lang_multi_text.db	Flow_311000002_12	3.4	Hội thoại/Cốt truyện	Luồng hội thoại	Phái Phái		This one's headed for the Central Plains, and that one's off to Tiger's Maw Mine...
lang_multi_text.db	Flow_311000002_13	3.4	Hội thoại/Cốt truyện	Luồng hội thoại	Phái Phái		Sure. With transportation only continuing to improve, the orders at Lollo Logistics keep piling up.
lang_multi_text.db	Flow_311000002_14	3.4	Hội thoại/Cốt truyện	Luồng hội thoại	Phái Phái		Enough talking, I need to pick up the pace. I can't let Lollo Logistics' average drop!
lang_multi_text.db	Flow_311000002_15	3.4	Hội thoại/Cốt truyện	Luồng hội thoại			You seem busy...
lang_multi_text.db	Flow_311000002_17	3.4	Hội thoại/Cốt truyện	Luồng hội thoại			Don't you have to work?
lang_multi_text.db	Flow_311000002_18	3.4	Hội thoại/Cốt truyện	Luồng hội thoại	A Đạt		Yeah, yeah, I'll get to it in a bit. Absolutely. You bet. No rush here. Why the worry, {Male=Mr.;Female=Ms.} Not-My-Boss?
lang_multi_text.db	Flow_311000002_19	3.4	Hội thoại/Cốt truyện	Luồng hội thoại	A Đạt		Peipei never seems to run out of energy... Hard to say what keeps her so busy.
lang_multi_text.db	Flow_311000002_2	3.4	Hội thoại/Cốt truyện	Luồng hội thoại	Phái Phái		Just another day I live up to our slogan. "We always deliver," baby!
lang_multi_text.db	Flow_311000002_22	3.4	Hội thoại/Cốt truyện	Luồng hội thoại	A Đạt		Watching her go is exhausting. That's it, I definitely need a break now...
lang_multi_text.db	Flow_311000002_25	3.4	Hội thoại/Cốt truyện	Luồng hội thoại	A Đạt		Not great weather today, better stay in and rest at the station.
lang_multi_text.db	Flow_311000002_26	3.4	Hội thoại/Cốt truyện	Luồng hội thoại			Is it okay to slack off like this?
lang_multi_text.db	Flow_311000002_27	3.4	Hội thoại/Cốt truyện	Luồng hội thoại	A Đạt		Slacking off? I'm not slacking off. I'm just conserving my energy.
lang_multi_text.db	Flow_311000002_28	3.4	Hội thoại/Cốt truyện	Luồng hội thoại	A Đạt		Being a courier, I conserve energy to handle any surprises that might come up.
lang_multi_text.db	Flow_311000002_29	3.4	Hội thoại/Cốt truyện	Luồng hội thoại	A Đạt		You think this cool composure is just for looks?
lang_multi_text.db	Flow_311000002_30	3.4	Hội thoại/Cốt truyện	Luồng hội thoại	Tây Sa		Done. This one's off. Onto the next...
lang_multi_text.db	Flow_311000002_32	3.4	Hội thoại/Cốt truyện	Luồng hội thoại	Tây Sa		Whew... Whew... At last, time for a little break.
lang_multi_text.db	Flow_311000002_33	3.4	Hội thoại/Cốt truyện	Luồng hội thoại	Tây Sa		Tiring, sure, but can't rest now... With so many paths blocked since the Lament, it's on us to get these deliveries through.
lang_multi_text.db	Flow_311000002_34	3.4	Hội thoại/Cốt truyện	Luồng hội thoại			Is working as a courier really that tough?
lang_multi_text.db	Flow_311000002_35	3.4	Hội thoại/Cốt truyện	Luồng hội thoại	Tây Sa		It's tough, yet knowing that we, Lollo Logistics, are the lifeline after all other transportation is cut off really boosts my drive.
lang_multi_text.db	Flow_311000002_36	3.4	Hội thoại/Cốt truyện	Luồng hội thoại	Á Nam		Eh? What? You're speaking to me?
lang_multi_text.db	Flow_311000002_37	3.4	Hội thoại/Cốt truyện	Luồng hội thoại	Á Nam		Plea-Please don't talk to me. I-I'm working.
lang_multi_text.db	Flow_311000002_39	3.4	Hội thoại/Cốt truyện	Luồng hội thoại	Sùng Vọng		Huh? What happened to "We always deliver"? Why not accept my order?!
lang_multi_text.db	Flow_311000002_4	3.4	Hội thoại/Cốt truyện	Luồng hội thoại	Phái Phái		Every package, from sender to receiver, represents our client's deep trust in our service.
lang_multi_text.db	Flow_311000002_40	3.4	Hội thoại/Cốt truyện	Luồng hội thoại	Sùng Vọng		I heard stories of a city in the clouds, with buildings floating and connected by skywalks... I want them to express deliver me there!
lang_multi_text.db	Flow_311000002_41	3.4	Hội thoại/Cốt truyện	Luồng hội thoại			What order?
lang_multi_text.db	Flow_311000002_42	3.4	Hội thoại/Cốt truyện	Luồng hội thoại	Sùng Vọng		Their ads claimed, "Where you desire, our packages never tire!" But I came all this way only for them to tell me they can't transport living people...
lang_multi_text.db	Flow_311000002_43	3.4	Hội thoại/Cốt truyện	Luồng hội thoại	Sùng Vọng		I just want to see it with my own eyes. What's so wrong with that?
lang_multi_text.db	Flow_311000002_44	3.4	Hội thoại/Cốt truyện	Luồng hội thoại	Huyên Huyên		Oh, the hamster at Lollo Logistics is so cute!
lang_multi_text.db	Flow_311000002_45	3.4	Hội thoại/Cốt truyện	Luồng hội thoại	Huyên Huyên		Excuse me, are you here to see the hamster too?
lang_multi_text.db	Flow_311000002_46	3.4	Hội thoại/Cốt truyện	Luồng hội thoại	Huyên Huyên		The little, chubby hamster icon is just too cute... and so is his suit... even the sound it makes in the wind is adorable... everything is just so cute!
lang_multi_text.db	Flow_311000002_47	3.4	Hội thoại/Cốt truyện	Luồng hội thoại	Huyên Huyên		They're not only cute, they're also really cool! Once, when Xuan Xuan ran into some trouble, it was someone in a hamster suit who saved her!
lang_multi_text.db	Flow_311000002_48	3.4	Hội thoại/Cốt truyện	Luồng hội thoại	Huyên Huyên		No matter how many times you see it, it's still... just... SO CUTE!
lang_multi_text.db	Flow_311000002_49	3.4	Hội thoại/Cốt truyện	Luồng hội thoại	Huyên Huyên		I know, I know! Papa told me that they give nice things to good kids.
lang_multi_text.db	Flow_311000002_5	3.4	Hội thoại/Cốt truyện	Luồng hội thoại	Phái Phái		I put in 120% effort to ensure every package arrives on time and in perfect condition.
lang_multi_text.db	Flow_311000002_52	3.4	Hội thoại/Cốt truyện	Luồng hội thoại	Huyên Huyên		People who wear hamster suits are always good people!
lang_multi_text.db	Flow_311000002_54	3.4	Hội thoại/Cốt truyện	Luồng hội thoại	Tây Sa		Besides... my daughter Xuan Xuan is watching me, so I can't slack off.
lang_multi_text.db	Flow_311000002_55	3.4	Hội thoại/Cốt truyện	Luồng hội thoại			Yeah, that's their symbol, isn't it?
lang_multi_text.db	Flow_311000002_56	3.4	Hội thoại/Cốt truyện	Luồng hội thoại	Huyên Huyên		Do you think my papa could be one of those people in hamster suits, too?
lang_multi_text.db	Flow_311000002_58	3.4	Hội thoại/Cốt truyện	Luồng hội thoại	Huyên Huyên		He always brings me nice things every day.
lang_multi_text.db	Flow_311000002_59	3.4	Hội thoại/Cốt truyện	Luồng hội thoại	A Đạt		Well, it's all about building a reliable brand image, so that customers feel reassured.
lang_multi_text.db	Flow_311000002_6	3.4	Hội thoại/Cốt truyện	Luồng hội thoại	A Đạt		Ah, what a nice day. It's perfect for soaking up some sun!
lang_multi_text.db	Flow_311000002_60	3.4	Hội thoại/Cốt truyện	Luồng hội thoại	Tây Sa		The orders from the Desorock Highland have been piling up lately. Something might be happening on the frontline... I need to step up my game.
lang_multi_text.db	Flow_311000003_257	3.4	Hội thoại/Cốt truyện	Luồng hội thoại			Listen, the mourning of the planet before the apocalypse—
lang_multi_text.db	Flow_311000003_258	3.4	Hội thoại/Cốt truyện	Luồng hội thoại			It's a broken symphony of sounds, the sighs of the tide, it's your, your...
lang_multi_text.db	Flow_311000003_259	3.4	Hội thoại/Cốt truyện	Luồng hội thoại			Yes, yes! We'll cut it here. The energy is just right...
lang_multi_text.db	Flow_311000003_261	3.4	Hội thoại/Cốt truyện	Luồng hội thoại			What? Oh, pfft, I couldn't be better! This is the end of my apocalypse, the beginning of a creative stretch of poems, and the embodiment of my love for literature!
lang_multi_text.db	Flow_311000003_262	3.4	Hội thoại/Cốt truyện	Luồng hội thoại			Writer's block? Nonsense... Just put a period where you're stuck—
lang_multi_text.db	Flow_311000003_282	3.4	Hội thoại/Cốt truyện	Luồng hội thoại	Speaker_254_Title		Let's start with Xinxin. What does Xinxin want to show the teacher?
lang_multi_text.db	Flow_311000003_417	3.4	Hội thoại/Cốt truyện	Luồng hội thoại			Are you okay?
lang_multi_text.db	Flow_311000003_518	3.4	Hội thoại/Cốt truyện	Luồng hội thoại	Linh Nhi		Mr. Bosong, you look unhappy.
lang_multi_text.db	Flow_311000003_519	3.4	Hội thoại/Cốt truyện	Luồng hội thoại	Tà Dương		What should I write in the letter to Lianyue?
lang_multi_text.db	Flow_311000003_520	3.4	Hội thoại/Cốt truyện	Luồng hội thoại	Tà Dương		Yeah... I shouldn't have said that my work is about to be published. The editor rejected my poem again, and Lianyue asked me for the number of the issue where my work is published...
lang_multi_text.db	Flow_311000003_521	3.4	Hội thoại/Cốt truyện	Luồng hội thoại	Tà Dương		Well, I- I'll say that the editor wants me to write two more, and the whole collection will be published together!
lang_multi_text.db	Flow_311000003_522	3.4	Hội thoại/Cốt truyện	Luồng hội thoại	Tà Dương		But it's not good to keep going like this...
lang_multi_text.db	Flow_311000003_523	3.4	Hội thoại/Cốt truyện	Luồng hội thoại	Tà Dương		Well, I- I'll stick to this excuse- no- reason.
lang_multi_text.db	Flow_311000003_524	3.4	Hội thoại/Cốt truyện	Luồng hội thoại	Chú Cún Bên Cạnh		Woof! Woof, woof woof!
lang_multi_text.db	Flow_311000003_525	3.4	Hội thoại/Cốt truyện	Luồng hội thoại	Speaker_254_Title		Children. One by one. Take your time. No need to rush.
lang_multi_text.db	Flow_311000003_527	3.4	Hội thoại/Cốt truyện	Luồng hội thoại	Speaker_254_Title		Good work, Xinxin. You always finish fast. I'll read them carefully.
lang_multi_text.db	Flow_311000003_528	3.4	Hội thoại/Cốt truyện	Luồng hội thoại	Speaker_254_Title		What about Ling'er? How's her essay coming along? Xinxin said before that Ling'er liked being alone and didn't seem to talk to everyone.
lang_multi_text.db	Flow_311000003_529	3.4	Hội thoại/Cốt truyện	Luồng hội thoại	Speaker_254_Title		Well. When it comes to Ling'er...
lang_multi_text.db	Flow_311000003_530	3.4	Hội thoại/Cốt truyện	Luồng hội thoại	Speaker_254_Title		She doesn't like to talk and likes to keep things to herself. Her parents passed away while she was young and there's no one to take care of her.
lang_multi_text.db	Flow_311000003_531	3.4	Hội thoại/Cốt truyện	Luồng hội thoại	Speaker_254_Title		Yuyi's used to worry for Ling'er the most. During the holidays, she always asked me about how's Ling'er doing in school and in life.
lang_multi_text.db	Flow_311000003_533	3.4	Hội thoại/Cốt truyện	Luồng hội thoại	Speaker_254_Title		She said that she loved these children the most, and always worried about if they were healthy and getting the stuff they needed.
lang_multi_text.db	Flow_311000003_534	3.4	Hội thoại/Cốt truyện	Luồng hội thoại	Speaker_254_Title		Alright, children, it's time for class. Please be quiet.
lang_multi_text.db	Flow_311000003_535	3.4	Hội thoại/Cốt truyện	Luồng hội thoại	Speaker_254_Title		You may play all you want after class. But during class, please listen carefully.
lang_multi_text.db	Flow_311000003_536	3.4	Hội thoại/Cốt truyện	Luồng hội thoại	Speaker_254_Title		If you ever catch yourself snoozing off. It's okay. You can stand up for a while to keep yourself awake. Learning requires patience. We can take it slow, okay?
lang_multi_text.db	Flow_311000003_537	3.4	Hội thoại/Cốt truyện	Luồng hội thoại	Hân Hân		Mr. Bosong! I finished my essay! I'm the first again!
lang_multi_text.db	Flow_311000003_538	3.4	Hội thoại/Cốt truyện	Luồng hội thoại	Speaker_254_Title		Oh, these kids... I wonder what Yuyi would do if she were here...
lang_multi_text.db	Flow_311000003_596	3.4	Hội thoại/Cốt truyện	Luồng hội thoại			Who's this Yuyi?
lang_multi_text.db	Flow_311000003_597	3.4	Hội thoại/Cốt truyện	Luồng hội thoại	Speaker_254_Title		Ah, you're still here. Yuyi... She's my lover...
lang_multi_text.db	Flow_311000003_598	3.4	Hội thoại/Cốt truyện	Luồng hội thoại	Speaker_254_Title		Both she and I attended this school. After she had graduated, she became a teacher. She had always treated these students as her children.
lang_multi_text.db	Flow_311000003_599	3.4	Hội thoại/Cốt truyện	Luồng hội thoại	Speaker_254_Title		She's a great teacher, but fate can be cruel... Now, I just want to fulfill her last wish and help these children grow up well.
lang_multi_text.db	Flow_311000003_601	3.4	Hội thoại/Cốt truyện	Luồng hội thoại	Hân Hân		Yay! I'm the first one to turn in my essay again! Now I'm the first place again!
lang_multi_text.db	Flow_311000003_602	3.4	Hội thoại/Cốt truyện	Luồng hội thoại	Hân Hân		This time I wrote an amazing adventure story. It's so interesting!
lang_multi_text.db	Flow_311000003_604	3.4	Hội thoại/Cốt truyện	Luồng hội thoại	Hân Hân		Do you want to read it as well? Come on, let's read it!
lang_multi_text.db	Flow_311000003_605	3.4	Hội thoại/Cốt truyện	Luồng hội thoại	Linh Nhi		Hmm... Mr. Bosong always tells me to play with everyone more.
lang_multi_text.db	Flow_311000003_606	3.4	Hội thoại/Cốt truyện	Luồng hội thoại	Linh Nhi		But I really like to play with Ms. Yuyi...
lang_multi_text.db	Flow_311000003_607	3.4	Hội thoại/Cốt truyện	Luồng hội thoại	Linh Nhi		But I haven't seen Ms. Yuyi for a long time. I wonder how she's doing... Ms. Yuyi is a very good teacher.
lang_multi_text.db	Flow_311000003_608	3.4	Hội thoại/Cốt truyện	Luồng hội thoại	Linh Nhi		Look, Mr. Bosong is over there. He always alone at night.
lang_multi_text.db	Flow_311000003_609	3.4	Hội thoại/Cốt truyện	Luồng hội thoại			What's wrong?
lang_multi_text.db	Flow_311000003_610	3.4	Hội thoại/Cốt truyện	Luồng hội thoại	Linh Nhi		Though I'm used to this solitude, it feels different now.
lang_multi_text.db	Flow_311000003_611	3.4	Hội thoại/Cốt truyện	Luồng hội thoại	Linh Nhi		Did we make him angry? But recently, Ling'er has been a good girl. Or is it because Ms. Yuyi hasn't come back yet?
lang_multi_text.db	Flow_311000003_612	3.4	Hội thoại/Cốt truyện	Luồng hội thoại	Linh Nhi		But Mr. Bosong said that Ms. Yuyi had gone on an official trip.
lang_multi_text.db	Flow_311000003_613	3.4	Hội thoại/Cốt truyện	Luồng hội thoại	Linh Nhi		Then Ms. Yuyi will come back in a while, right? Why is Mr. Bosong still sad?
lang_multi_text.db	Flow_311000003_614	3.4	Hội thoại/Cốt truyện	Luồng hội thoại	Tà Dương		Brilliant. I'm really a genius!
lang_multi_text.db	Flow_311000003_615	3.4	Hội thoại/Cốt truyện	Luồng hội thoại	Speaker_254_Title		So, if you encounter any difficulties, or if you have something that you don't understand or don't know who to share with, you can pen a letter to Ms. Yuyi. Sounds good?
lang_multi_text.db	Flow_311000003_616	3.4	Hội thoại/Cốt truyện	Luồng hội thoại	Speaker_254_Title		When she left, she entrusted these children to me, but I could never be as thoughtful as she is. I really don't know if I can take care of them well... sigh...
lang_multi_text.db	Flow_311000003_617	3.4	Hội thoại/Cốt truyện	Luồng hội thoại	Speaker_254_Title		I wonder if these children will remember Ms. Yuyi when they grow up...
lang_multi_text.db	Flow_311000003_618	3.4	Hội thoại/Cốt truyện	Luồng hội thoại	Linh Nhi		But- but Mr. Bosong is also very kind! Alright, I guess I can join Xinxin and her friends next time if it can keep Mr. Bosong from worrying.
lang_multi_text.db	Flow_311000003_619	3.4	Hội thoại/Cốt truyện	Luồng hội thoại	Linh Nhi		Is the reason why Mr. Bosong is sad because Mr. Bosong is actually afraid of being alone? I see it now!
lang_multi_text.db	Flow_311000003_620	3.4	Hội thoại/Cốt truyện	Luồng hội thoại	Linh Nhi		Ms. Yuyi, Ms. Yuyi, please come back soon, so Mr. Bosong won't be sad when he's alone.
lang_multi_text.db	Flow_311000004_283	3.4	Hội thoại/Cốt truyện	Luồng hội thoại	Speaker_835_Title		Where did I agree to meet Hualin? Was it here... or over there?
lang_multi_text.db	Flow_311000004_284	3.4	Hội thoại/Cốt truyện	Luồng hội thoại			I'm {PlayerName}.
lang_multi_text.db	Flow_311000004_285	3.4	Hội thoại/Cốt truyện	Luồng hội thoại	Speaker_835_Title		Oh, you're... You're that...
lang_multi_text.db	Flow_311000004_286	3.4	Hội thoại/Cốt truyện	Luồng hội thoại	Speaker_835_Title		Right, right. I remember now. It was all thanks to you.
lang_multi_text.db	Flow_311000004_287	3.4	Hội thoại/Cốt truyện	Luồng hội thoại	Speaker_835_Title		Zhiyuan told me about you. I must have influenced that kid to want to join the army.
lang_multi_text.db	Flow_311000004_288	3.4	Hội thoại/Cốt truyện	Luồng hội thoại	Speaker_835_Title		But in any case, thanks to you and that little girl, he got a good dose of reality.
lang_multi_text.db	Flow_311000004_289	3.4	Hội thoại/Cốt truyện	Luồng hội thoại	Speaker_835_Title		Now, I won't stop him. I'm actually glad he's found something he wants to do.
lang_multi_text.db	Flow_311000004_290	3.4	Hội thoại/Cốt truyện	Luồng hội thoại			You're too kind.
lang_multi_text.db	Flow_311000004_291	3.4	Hội thoại/Cốt truyện	Luồng hội thoại	Speaker_835_Title		Hualin and I will give him lessons every now and then.
lang_multi_text.db	Flow_311000004_292	3.4	Hội thoại/Cốt truyện	Luồng hội thoại	Speaker_835_Title		Why aren't I there yet?
lang_multi_text.db	Flow_311000004_293	3.4	Hội thoại/Cốt truyện	Luồng hội thoại	Thiên Thiên		Oh, I wonder if Huaijin is doing okay...
lang_multi_text.db	Flow_311000004_294	3.4	Hội thoại/Cốt truyện	Luồng hội thoại	Thiên Thiên		Huaijin, please be alright...
lang_multi_text.db	Flow_311000004_295	3.4	Hội thoại/Cốt truyện	Luồng hội thoại	Đoàn Cẩm		Hey? You must be that Rover. How are you?
lang_multi_text.db	Flow_311000004_296	3.4	Hội thoại/Cốt truyện	Luồng hội thoại	Khang Kiện		Tuanjin is a good kid. She's always here helping out and looking after us.
lang_multi_text.db	Flow_311000004_297	3.4	Hội thoại/Cốt truyện	Luồng hội thoại	Khang Kiện		Sorry, I was just asking this friend to help me write a eulogy for my fallen comrade...
lang_multi_text.db	Flow_311000004_298	3.4	Hội thoại/Cốt truyện	Luồng hội thoại	Phá Hiểu		Did you meet Xieyang?
lang_multi_text.db	Flow_311000004_299	3.4	Hội thoại/Cốt truyện	Luồng hội thoại	Phá Hiểu		Well... This needs a little more polishing. We don't want his family to worry...
lang_multi_text.db	Flow_311000004_300	3.4	Hội thoại/Cốt truyện	Luồng hội thoại	Phá Hiểu		Whew... Finally done. Oh, hi there.
lang_multi_text.db	Flow_311000004_301	3.4	Hội thoại/Cốt truyện	Luồng hội thoại	Hoa Lâm		Hello... You must be a thoughtful person to come here this late.
lang_multi_text.db	Flow_311000004_302	3.4	Hội thoại/Cốt truyện	Luồng hội thoại			Who is this Huaijin to you?
lang_multi_text.db	Flow_311000004_304	3.4	Hội thoại/Cốt truyện	Luồng hội thoại	Thiên Thiên		Huaijin, Huaijin is my... uh, my childhood friend!
lang_multi_text.db	Flow_311000004_305	3.4	Hội thoại/Cốt truyện	Luồng hội thoại	Thiên Thiên		I haven't heard from him since I last saw him.
lang_multi_text.db	Flow_311000004_306	3.4	Hội thoại/Cốt truyện	Luồng hội thoại	Thiên Thiên		He said he was going to join the Midnight Rangers, but his name wasn't on the recruit list...
lang_multi_text.db	Flow_311000004_308	3.4	Hội thoại/Cốt truyện	Luồng hội thoại	Thiên Thiên		And now I can't reach him at all... Did something happen to him?
lang_multi_text.db	Flow_311000004_309	3.4	Hội thoại/Cốt truyện	Luồng hội thoại	Thiên Thiên		Really?! Is he okay? Where is he now? Why hasn't he come back?
lang_multi_text.db	Flow_311000004_310	3.4	Hội thoại/Cốt truyện	Luồng hội thoại			I saw him. He's fine.
lang_multi_text.db	Flow_311000004_311	3.4	Hội thoại/Cốt truyện	Luồng hội thoại	Thiên Thiên		Oh, really? That's a relief! He's okay, thank goodness.
lang_multi_text.db	Flow_311000004_312	3.4	Hội thoại/Cốt truyện	Luồng hội thoại	Thiên Thiên		But how could that boy be so busy with work that he didn't even notice when I called... Doesn't seem like him.
lang_multi_text.db	Flow_311000004_313	3.4	Hội thoại/Cốt truyện	Luồng hội thoại			He's working at the mine. It's... pretty demanding work.
lang_multi_text.db	Flow_311000004_314	3.4	Hội thoại/Cốt truyện	Luồng hội thoại	Thiên Thiên		I need to find Huaijin... I have to see him.
lang_multi_text.db	Flow_311000004_315	3.4	Hội thoại/Cốt truyện	Luồng hội thoại	Thiên Thiên		Maybe he's fine... Yeah, he's fine, he's fine.
lang_multi_text.db	Flow_311000004_318	3.4	Hội thoại/Cốt truyện	Luồng hội thoại	Dương Minh		Shh, keep it down. Mom won't hear me if it's too loud.
lang_multi_text.db	Flow_311000004_319	3.4	Hội thoại/Cốt truyện	Luồng hội thoại	Dương Minh		Mom, I've been a good boy today. Didn't make the teacher angry.
lang_multi_text.db	Flow_311000004_320	3.4	Hội thoại/Cốt truyện	Luồng hội thoại	Dương Minh		The teacher said as long as I work a little harder, I'll get a good grade for the next exam.
lang_multi_text.db	Flow_311000004_321	3.4	Hội thoại/Cốt truyện	Luồng hội thoại			Your mom?
lang_multi_text.db	Flow_311000004_322	3.4	Hội thoại/Cốt truyện	Luồng hội thoại	Dương Minh		Right! Mom is a very impressive Midnight Ranger. She's taken down tons of Tacet Discords!
lang_multi_text.db	Flow_311000004_323	3.4	Hội thoại/Cốt truyện	Luồng hội thoại	Dương Minh		I come here every night to talk to her.
lang_multi_text.db	Flow_311000004_324	3.4	Hội thoại/Cốt truyện	Luồng hội thoại	Dương Minh		Grandpa says this is the only place where Mom can hear me.
lang_multi_text.db	Flow_311000004_325	3.4	Hội thoại/Cốt truyện	Luồng hội thoại	Dương Minh		Mom, guess what? Grandpa got mixed up again while cooking dinner today.
lang_multi_text.db	Flow_311000004_326	3.4	Hội thoại/Cốt truyện	Luồng hội thoại	Dương Minh		He used sugar instead of salt! We were eating and it was so sweet we couldn't stop laughing!
lang_multi_text.db	Flow_311000004_327	3.4	Hội thoại/Cốt truyện	Luồng hội thoại	Dương Minh		I'm so sleepy. I should head back. We talked a lot today.
lang_multi_text.db	Flow_311000004_328	3.4	Hội thoại/Cốt truyện	Luồng hội thoại	Dương Minh		Mom, let's chat again tomorrow night. I'll have more stories to share.
lang_multi_text.db	Flow_311000004_329	3.4	Hội thoại/Cốt truyện	Luồng hội thoại	Hoa Lâm		Hello? Can I help you?
lang_multi_text.db	Flow_311000004_330	3.4	Hội thoại/Cốt truyện	Luồng hội thoại	Hoa Lâm		Nothing really. Just keeping my daughter company.
lang_multi_text.db	Flow_311000004_331	3.4	Hội thoại/Cốt truyện	Luồng hội thoại			What are you doing here?
lang_multi_text.db	Flow_311000004_332	3.4	Hội thoại/Cốt truyện	Luồng hội thoại	Hoa Lâm		Just like everyone else here, being here makes me feel closer to her.
lang_multi_text.db	Flow_311000004_334	3.4	Hội thoại/Cốt truyện	Luồng hội thoại			You look very sad.
lang_multi_text.db	Flow_311000004_335	3.4	Hội thoại/Cốt truyện	Luồng hội thoại	Hoa Lâm		It's okay. Having Yangming with me at night makes it a bit easier than the day.
lang_multi_text.db	Flow_311000004_336	3.4	Hội thoại/Cốt truyện	Luồng hội thoại			Is Yangming your grandson?
lang_multi_text.db	Flow_311000004_337	3.4	Hội thoại/Cốt truyện	Luồng hội thoại	Hoa Lâm		Yes, he comes here almost every day to talk to his mother.
lang_multi_text.db	Flow_311000004_338	3.4	Hội thoại/Cốt truyện	Luồng hội thoại	Hoa Lâm		I stay with him too. Sometimes we spend the whole night here...
lang_multi_text.db	Flow_311000004_339	3.4	Hội thoại/Cốt truyện	Luồng hội thoại			What are you doing?
lang_multi_text.db	Flow_311000004_340	3.4	Hội thoại/Cốt truyện	Luồng hội thoại	Phá Hiểu		I was just helping this gentleman write a eulogy.
lang_multi_text.db	Flow_311000004_341	3.4	Hội thoại/Cốt truyện	Luồng hội thoại	Phá Hiểu		I'm a bit of a writer, so I sometimes help the elderly or injured soldiers here by writing things for them.
lang_multi_text.db	Flow_311000004_342	3.4	Hội thoại/Cốt truyện	Luồng hội thoại			I did.
lang_multi_text.db	Flow_311000004_343	3.4	Hội thoại/Cốt truyện	Luồng hội thoại	Phá Hiểu		He... he's my brother.
lang_multi_text.db	Flow_311000004_344	3.4	Hội thoại/Cốt truyện	Luồng hội thoại	Phá Hiểu		Is it, like, hard to talk to him?
lang_multi_text.db	Flow_311000004_345	3.4	Hội thoại/Cốt truyện	Luồng hội thoại	Phá Hiểu		My brother has his own, uh, way of expressing himself.
lang_multi_text.db	Flow_311000004_346	3.4	Hội thoại/Cốt truyện	Luồng hội thoại	Phá Hiểu		But you could say we're similar. We both have our ways of expressing what we want to say.
lang_multi_text.db	Flow_311000004_347	3.4	Hội thoại/Cốt truyện	Luồng hội thoại	Phá Hiểu		In some ways, he's set an example for me.
lang_multi_text.db	Flow_311000004_348	3.4	Hội thoại/Cốt truyện	Luồng hội thoại			An example?
lang_multi_text.db	Flow_311000004_349	3.4	Hội thoại/Cốt truyện	Luồng hội thoại	Phá Hiểu		Yes, an example of being true to yourself, expressing yourself bravely, and not backing down even when others don't understand.
lang_multi_text.db	Flow_311000004_350	3.4	Hội thoại/Cốt truyện	Luồng hội thoại			Sorry if I bothered you...
lang_multi_text.db	Flow_311000004_351	3.4	Hội thoại/Cốt truyện	Luồng hội thoại	Khang Kiện		No worries, it's over now. Are you here to visit an old friend?
lang_multi_text.db	Flow_311000004_352	3.4	Hội thoại/Cốt truyện	Luồng hội thoại	Khang Kiện		Yeah, I come here every day to pay my respects to my comrades who fell to the Tacet Discords and the Exiles.
lang_multi_text.db	Flow_311000004_353	3.4	Hội thoại/Cốt truyện	Luồng hội thoại	Khang Kiện		Though often filled with hatred and anger, I stand here as just a broken shell.
lang_multi_text.db	Flow_311000004_354	3.4	Hội thoại/Cốt truyện	Luồng hội thoại	Khang Kiện		Everyone likes her, but it's hard for them to express their gratitude.
lang_multi_text.db	Flow_311000004_355	3.4	Hội thoại/Cốt truyện	Luồng hội thoại	Khang Kiện		Of course, just don't let her know. She'd probably get all embarrassed.
lang_multi_text.db	Flow_311000004_356	3.4	Hội thoại/Cốt truyện	Luồng hội thoại	Dương Minh		So, every night, I come here and tell her what happened during the day.
lang_multi_text.db	Flow_311000004_357	3.4	Hội thoại/Cốt truyện	Luồng hội thoại			You come to talk here?
lang_multi_text.db	Flow_311000004_358	3.4	Hội thoại/Cốt truyện	Luồng hội thoại	Dương Minh		The dishes you cooked were better... Sob... Sob...
lang_multi_text.db	Flow_311000004_359	3.4	Hội thoại/Cốt truyện	Luồng hội thoại	Dương Minh		No, I'm fine. I'm a grown man now. I shouldn't cry.
lang_multi_text.db	Flow_311000004_360	3.4	Hội thoại/Cốt truyện	Luồng hội thoại	Dương Minh		Goodbye... Mom.
lang_multi_text.db	Flow_311000004_361	3.4	Hội thoại/Cốt truyện	Luồng hội thoại	Hoa Lâm		It'd be a sleepless night at home anyway... might as well stay here a bit longer with them.
lang_multi_text.db	Flow_311000004_362	3.4	Hội thoại/Cốt truyện	Luồng hội thoại			Are you all right?
lang_multi_text.db	Flow_311000004_363	3.4	Hội thoại/Cốt truyện	Luồng hội thoại	Cánh Chí		New faces... Are you from outside Jinzhou?
lang_multi_text.db	Flow_311000004_364	3.4	Hội thoại/Cốt truyện	Luồng hội thoại	Cánh Chí		I suppose you don't know how bad the war between Jinzhou and the Tacet Discords was in the past.
lang_multi_text.db	Flow_311000004_365	3.4	Hội thoại/Cốt truyện	Luồng hội thoại	Cánh Chí		Things are better now, but on the front lines, soldiers are still risking their lives every day.
lang_multi_text.db	Flow_311000004_366	3.4	Hội thoại/Cốt truyện	Luồng hội thoại	Cánh Chí		Huh... Tell me, young friend, do you think I'll live to see the end of the war as a veteran?
lang_multi_text.db	Flow_311000004_367	3.4	Hội thoại/Cốt truyện	Luồng hội thoại	Cánh Chí		Yes... the war never seems to end.
lang_multi_text.db	Flow_311000004_368	3.4	Hội thoại/Cốt truyện	Luồng hội thoại			The soldiers will never disappear.
lang_multi_text.db	Flow_311000004_369	3.4	Hội thoại/Cốt truyện	Luồng hội thoại			You could say that.
lang_multi_text.db	Flow_311000004_370	3.4	Hội thoại/Cốt truyện	Luồng hội thoại			The war will never end.
lang_multi_text.db	Flow_311000004_371	3.4	Hội thoại/Cốt truyện	Luồng hội thoại			You will live to see its end.
lang_multi_text.db	Flow_311000004_372	3.4	Hội thoại/Cốt truyện	Luồng hội thoại			I don't know.
lang_multi_text.db	Flow_311000004_373	3.4	Hội thoại/Cốt truyện	Luồng hội thoại	Cánh Chí		You think so...?
lang_multi_text.db	Flow_311000004_374	3.4	Hội thoại/Cốt truyện	Luồng hội thoại			If I can't make it, young friend, please bear witness to that day for me.
lang_multi_text.db	Flow_311000004_375	3.4	Hội thoại/Cốt truyện	Luồng hội thoại	Cánh Chí		I had a dream last night. It was about a future without war.
lang_multi_text.db	Flow_311000004_376	3.4	Hội thoại/Cốt truyện	Luồng hội thoại			When I woke up, I realized I was dreaming about the past.
lang_multi_text.db	Flow_311000004_377	3.4	Hội thoại/Cốt truyện	Luồng hội thoại	Cánh Chí		I'm old now and have spent decades of my youth under fire.
lang_multi_text.db	Flow_311000004_378	3.4	Hội thoại/Cốt truyện	Luồng hội thoại	Cánh Chí		These days, I'm just reminiscing. Please forgive this old man.
lang_multi_text.db	Flow_311000004_379	3.4	Hội thoại/Cốt truyện	Luồng hội thoại	Cánh Chí		I'll stay a little longer... and then I'll be on my way.
lang_multi_text.db	Flow_311000004_380	3.4	Hội thoại/Cốt truyện	Luồng hội thoại	Thiên Thiên		I come every day to check. If Huaijin's name's not here, he must be fine.
lang_multi_text.db	Flow_311000004_381	3.4	Hội thoại/Cốt truyện	Luồng hội thoại			Don't worry, I'm sure he's fine.
lang_multi_text.db	Flow_311000004_382	3.4	Hội thoại/Cốt truyện	Luồng hội thoại	Thiên Thiên		Anyway, thanks for telling me!
lang_multi_text.db	Flow_311000004_383	3.4	Hội thoại/Cốt truyện	Luồng hội thoại			Are you a Patroller? Anything happened here?
lang_multi_text.db	Flow_311000004_384	3.4	Hội thoại/Cốt truyện	Luồng hội thoại	Đoàn Cẩm		No, no, don't worry. I just got off work and decided to pay a visit.
lang_multi_text.db	Flow_311000004_385	3.4	Hội thoại/Cốt truyện	Luồng hội thoại	Đoàn Cẩm		There are names I know here... they're lonely souls, so I visit them from time to time.
lang_multi_text.db	Flow_311000004_386	3.4	Hội thoại/Cốt truyện	Luồng hội thoại	Đoàn Cẩm		And as you can see, there are lots of seniors here. If anything happens, I'll be around to help out.
lang_multi_text.db	Flow_311000004_387	3.4	Hội thoại/Cốt truyện	Luồng hội thoại	Đoàn Cẩm		Even though I'm off duty, as long as I'm wearing this uniform, I'm still a Patroller, and I have a duty to protect people.
lang_multi_text.db	Flow_311000004_388	3.4	Hội thoại/Cốt truyện	Luồng hội thoại			And you?
lang_multi_text.db	Flow_311000004_389	3.4	Hội thoại/Cốt truyện	Luồng hội thoại	Khang Kiện		The fingers on my injured hand are useless... Can't even hold a pen to write. How pathetic.
lang_multi_text.db	Flow_311000004_390	3.4	Hội thoại/Cốt truyện	Luồng hội thoại			Are you thankful to her, too?
lang_multi_text.db	Flow_311000004_391	3.4	Hội thoại/Cốt truyện	Luồng hội thoại	Phá Hiểu		There are letters, there are eulogies... There are wills...
lang_multi_text.db	Flow_311000004_392	3.4	Hội thoại/Cốt truyện	Luồng hội thoại	Phá Hiểu		The soldiers never know when their time's up. I can understand that.
lang_multi_text.db	Flow_311000004_393	3.4	Hội thoại/Cốt truyện	Luồng hội thoại			Wills...
lang_multi_text.db	Flow_311000004_394	3.4	Hội thoại/Cốt truyện	Luồng hội thoại	Phá Hiểu		Ah, that might be a little too hard to understand...
lang_multi_text.db	Flow_311000004_396	3.4	Hội thoại/Cốt truyện	Luồng hội thoại			(Better not disturb him.)
lang_multi_text.db	Flow_311000004_397	3.4	Hội thoại/Cốt truyện	Luồng hội thoại	Diễn Viên Số 1		Would you stop coming around here all the time? You're making us all nervous.
lang_multi_text.db	Flow_311000004_398	3.4	Hội thoại/Cốt truyện	Luồng hội thoại	Diễn Viên Số 2		When is Heming coming back?
lang_multi_text.db	Flow_311000004_399	3.4	Hội thoại/Cốt truyện	Luồng hội thoại	Diễn Viên Số 1		Well, you don't miss people by doing this. What kind of man stares at a list of fallen soldiers every day, looking for his sweetheart's name?
lang_multi_text.db	Flow_311000004_400	3.4	Hội thoại/Cốt truyện	Luồng hội thoại	Diễn Viên Số 1		And the list hasn't even been updated for so long... If you carry on like this, your life is over!
lang_multi_text.db	Flow_311000004_401	3.4	Hội thoại/Cốt truyện	Luồng hội thoại	Diễn Viên Số 2		I'm worried about her! She hasn't responded to my calls for over thirty-six hours!
lang_multi_text.db	Flow_311000004_402	3.4	Hội thoại/Cốt truyện	Luồng hội thoại	Diễn Viên Số 1		They're fighting on the front lines. What do you think they're doing, camping?
lang_multi_text.db	Flow_311000004_403	3.4	Hội thoại/Cốt truyện	Luồng hội thoại	Diễn Viên Số 2		You're right... I'll go back to Mr. Yhan later and sign up for ten more training sessions!
lang_multi_text.db	Flow_311000004_404	3.4	Hội thoại/Cốt truyện	Luồng hội thoại	Diễn Viên Số 2		If I train hard, maybe I'll get a chance to join her on the frontlines.
lang_multi_text.db	Flow_311000004_405	3.4	Hội thoại/Cốt truyện	Luồng hội thoại	Diễn Viên Số 1		This is getting to sappy for us. We won't tag along again!
lang_multi_text.db	Flow_311000004_406	3.4	Hội thoại/Cốt truyện	Luồng hội thoại	Speaker_835_Title		Even if he can't join Midnight Rangers, at least he'll be able to protect himself.
lang_multi_text.db	Flow_311000006_356	3.4	Hội thoại/Cốt truyện	Luồng hội thoại	Huệ Lưu		Ah... I have no idea where my grandson's package is. Why is it taking so long to arrive...
lang_multi_text.db	Flow_311000006_357	3.4	Hội thoại/Cốt truyện	Luồng hội thoại	Ngạo Mai		It's a brand new day. Time to get to work!
lang_multi_text.db	Flow_311000006_358	3.4	Hội thoại/Cốt truyện	Luồng hội thoại	Ngạo Mai		Ah... I'm really feeling a bit tired after a whole day.
lang_multi_text.db	Flow_311000006_359	3.4	Hội thoại/Cốt truyện	Luồng hội thoại	Lộ Lộ		The weather is so nice. If it can last until the Moon-chasing Festival, I can go out with Qixian!
lang_multi_text.db	Flow_311000006_360	3.4	Hội thoại/Cốt truyện	Luồng hội thoại	Tề Hiền		What a lovely day...
lang_multi_text.db	Flow_311000006_361	3.4	Hội thoại/Cốt truyện	Luồng hội thoại	Tề Hiền		I'm very happy to be out with Lulu.
lang_multi_text.db	Flow_311000006_362	3.4	Hội thoại/Cốt truyện	Luồng hội thoại	Huệ Lưu		Ah... Why hasn't my grandson's package arrived yet...
lang_multi_text.db	Flow_311000006_363	3.4	Hội thoại/Cốt truyện	Luồng hội thoại	Lộ Lộ		Hmm... the weather isn't great...
lang_multi_text.db	Flow_311000006_596	3.4	Hội thoại/Cốt truyện	Luồng hội thoại			Moon-chasing Festival?
lang_multi_text.db	Flow_311000006_597	3.4	Hội thoại/Cốt truyện	Luồng hội thoại	Lộ Lộ		Yes, the Moon-chasing Festival! There'll be all sorts of delicious foods and fun activities!
lang_multi_text.db	Flow_311000006_599	3.4	Hội thoại/Cốt truyện	Luồng hội thoại	Lộ Lộ		But I'm still really happy we can hang out together!
lang_multi_text.db	Flow_311000006_600	3.4	Hội thoại/Cốt truyện	Luồng hội thoại	Tề Hiền		Such a beautiful night. It would be a waste not to spend it with you, Lulu.
lang_multi_text.db	Flow_311000006_601	3.4	Hội thoại/Cốt truyện	Luồng hội thoại	Ngạo Mai		The Moon-chasing Festival is almost here. The city will be bustling with new and exciting activities!
lang_multi_text.db	Flow_311000006_602	3.4	Hội thoại/Cốt truyện	Luồng hội thoại	Ngạo Mai		We need to be extra vigilant to ensure everyone's safety, just like Chixia said!
lang_multi_text.db	Flow_311000006_603	3.4	Hội thoại/Cốt truyện	Luồng hội thoại	Ngạo Mai		After work, let's head to Panhua's Restaurant for dinner, then chat with the teahouse owner, and maybe...
lang_multi_text.db	Flow_311000006_604	3.4	Hội thoại/Cốt truyện	Luồng hội thoại	Ngạo Mai		Oh, right! We need to see the Hero Play. How could I forget?
lang_multi_text.db	Flow_311000006_605	3.4	Hội thoại/Cốt truyện	Luồng hội thoại	Ngạo Mai		I've heard the special show for the Moon-chasing Festival will begin soon, though its details are still a mystery.
lang_multi_text.db	Flow_311000006_607	3.4	Hội thoại/Cốt truyện	Luồng hội thoại	Huệ Lưu		How about I send him some Loong Whisker Crisps? The Moon-chasing Festival is almost here, and I still haven't heard from him...
lang_multi_text.db	Flow_311000006_608	3.4	Hội thoại/Cốt truyện	Luồng hội thoại	Huệ Lưu		Moon-chasing Festival—It's a time for reunion...
lang_multi_text.db	Flow_311000006_609	3.4	Hội thoại/Cốt truyện	Luồng hội thoại	Huệ Lưu		But it's good that the kids want to spread their wings and fly far, isn't it?
lang_multi_text.db	Flow_311000006_616	3.4	Hội thoại/Cốt truyện	Luồng hội thoại	Lộ Lộ		As soon as it's time, Qixian and I are going out to enjoy ourselves!
lang_multi_text.db	Flow_311000006_617	3.4	Hội thoại/Cốt truyện	Luồng hội thoại	Huệ Lưu		I just hope he'll remember these old bones and come back to visit me once in a while...
lang_multi_text.db	Flow_311000007_896	3.4	Hội thoại/Cốt truyện	Luồng hội thoại	Speaker_102_Title		Interested in weapon crafting, are you?
lang_multi_text.db	Flow_311000007_897	3.4	Hội thoại/Cốt truyện	Luồng hội thoại	Speaker_102_Title		Oh? Besides my skills, what else could you possibly want from an old-timer like me?
lang_multi_text.db	Flow_311000007_898	3.4	Hội thoại/Cốt truyện	Luồng hội thoại	Speaker_102_Title		...
lang_multi_text.db	Flow_311000007_899	3.4	Hội thoại/Cốt truyện	Luồng hội thoại	Speaker_102_Title		I'm a Crafting expert, and you're asking me about cooktops? What's going on in that young head of yours?
lang_multi_text.db	Flow_311000007_900	3.4	Hội thoại/Cốt truyện	Luồng hội thoại			Oh, no. That's not why we're here today.
lang_multi_text.db	Flow_311000007_901	3.4	Hội thoại/Cốt truyện	Luồng hội thoại			Do you know how to make the marinade?
lang_multi_text.db	Flow_311000007_902	3.4	Hội thoại/Cốt truyện	Luồng hội thoại			…Apologies for the inconvenience.
lang_multi_text.db	Flow_311000007_903	3.4	Hội thoại/Cốt truyện	Luồng hội thoại	Speaker_102_Title		Wait, hold on, I never said I didn't know.
lang_multi_text.db	Flow_311000007_904	3.4	Hội thoại/Cốt truyện	Luồng hội thoại	Speaker_102_Title		I'm not sure about the specifics, but my wife always puts Fowl in the pot before she makes the marinade.
lang_multi_text.db	Flow_311000007_905	3.4	Hội thoại/Cốt truyện	Luồng hội thoại	Speaker_102_Title		She says it makes everything taste meaty, and our son loves it... hmm.
lang_multi_text.db	Flow_311000007_906	3.4	Hội thoại/Cốt truyện	Luồng hội thoại	Speaker_102_Title		A Resonator's life is crucial, but their weapon comes close. Pick a reliable one in my place.
lang_multi_text.db	Flow_311000007_908	3.4	Hội thoại/Cốt truyện	Luồng hội thoại	Speaker_102_Title		How about it? Feeling fresh with your new weapon? Haha.
lang_multi_text.db	Flow_311000007_910	3.4	Hội thoại/Cốt truyện	Luồng hội thoại	Speaker_102_Title		Feel free to come again when you feel like changing things up.
lang_multi_text.db	Flow_311000007_911	3.4	Hội thoại/Cốt truyện	Luồng hội thoại	Speaker_84_Name		It's all science, not magic! Magic but real, and with more explosions!
lang_multi_text.db	Flow_311000007_912	3.4	Hội thoại/Cốt truyện	Luồng hội thoại	Speaker_84_Name		Beep beep! Right materials and right recipe! Synthesis success! Congratulations!
lang_multi_text.db	Flow_311000007_913	3.4	Hội thoại/Cốt truyện	Luồng hội thoại	Speaker_84_Name		Bop bop... Success is built on failure. Just give it another shot!
lang_multi_text.db	Flow_311000007_914	3.4	Hội thoại/Cốt truyện	Luồng hội thoại	Speaker_102_Title		I repair and make Tacetite Weapons here. The folks call me Uncle Wei.
lang_multi_text.db	Flow_311000008_1	3.4	Hội thoại/Cốt truyện	Luồng hội thoại	Diễn Viên Số 1		Hey, did you hear about our new guest? Well, words on the street that {Male=he;Female=she} is a like problem-solving machine!
lang_multi_text.db	Flow_311000008_13	3.4	Hội thoại/Cốt truyện	Luồng hội thoại	Diễn Viên Số 1		Rumor has it, Rover's the guest Magistrate referred to, capable of tearing Tacet Discords apart single-handedly! Quite the feat!
lang_multi_text.db	Flow_311000008_15	3.4	Hội thoại/Cốt truyện	Luồng hội thoại	Diễn Viên Số 2		Could it possibly be Rover? You know, the one always hanging around City Hall?
lang_multi_text.db	Flow_311000008_2	3.4	Hội thoại/Cốt truyện	Luồng hội thoại	Diễn Viên Số 1		Who is the person always hanging around the City Hall?
lang_multi_text.db	Flow_311000008_3	3.4	Hội thoại/Cốt truyện	Luồng hội thoại	Diễn Viên Số 2		Yeah, but I wonder who it could be...
lang_multi_text.db	Flow_311000008_4	3.4	Hội thoại/Cốt truyện	Luồng hội thoại	Diễn Viên Số 2		Wait, are we talking about that Rover?
lang_multi_text.db	Flow_311000009_1	3.4	Hội thoại/Cốt truyện	Luồng hội thoại	Vân Nghiễm		If you have an express to send, please fill out the form according to the template.
lang_multi_text.db	Flow_311000009_10	3.4	Hội thoại/Cốt truyện	Luồng hội thoại	Vân Nghiễm		Thankfully, Mumian, my colleague, invented a type of dehumidifier. When paired with our special delivery boxes, we can ensure the package stays dry for three days.
lang_multi_text.db	Flow_311000009_11	3.4	Hội thoại/Cốt truyện	Luồng hội thoại	Vân Nghiễm		But even with this extra insurance, one can never be too careful when you're traveling through Whining Aix's Mire.
lang_multi_text.db	Flow_311000009_12	3.4	Hội thoại/Cốt truyện	Luồng hội thoại	Mộc Miên		Oh, these dehumidifiers are quite effective!
lang_multi_text.db	Flow_311000009_13	3.4	Hội thoại/Cốt truyện	Luồng hội thoại	Mộc Miên		Yeah. It's a must-have when delivering packages in Whining Aix's Mire.
lang_multi_text.db	Flow_311000009_14	3.4	Hội thoại/Cốt truyện	Luồng hội thoại			Dehumidifiers?
lang_multi_text.db	Flow_311000009_15	3.4	Hội thoại/Cốt truyện	Luồng hội thoại	Mộc Miên		Without it, even the delivery box can't shelter packages from the penetrating fog.
lang_multi_text.db	Flow_311000009_16	3.4	Hội thoại/Cốt truyện	Luồng hội thoại	Mộc Miên		I have a stellar reputation for making dehumidifiers. I can assure that!
lang_multi_text.db	Flow_311000009_17	3.4	Hội thoại/Cốt truyện	Luồng hội thoại	Mộc Miên		Look! I made these dehumidifier from Violet Coral ground into powder, mixed with Angelica!
lang_multi_text.db	Flow_311000009_18	3.4	Hội thoại/Cốt truyện	Luồng hội thoại	Mộc Miên		Angelica repels insects, and Violet Coral powder absorbs water... With these, we don't have to fear the heavy fog anymore.
lang_multi_text.db	Flow_311000009_2	3.4	Hội thoại/Cốt truyện	Luồng hội thoại	Vân Nghiễm		The template is on the notice board over there. You can check it out.
lang_multi_text.db	Flow_311000009_20	3.4	Hội thoại/Cốt truyện	Luồng hội thoại	Chú Bân		If only Port Gunchao could always stay peaceful like this...
lang_multi_text.db	Flow_311000009_21	3.4	Hội thoại/Cốt truyện	Luồng hội thoại	Chú Bân		It's been many years since I joined the Patrollers, right around the time this port was completed.
lang_multi_text.db	Flow_311000009_22	3.4	Hội thoại/Cốt truyện	Luồng hội thoại	Chú Bân		After that, I stayed here every day, handling immigration issues while guarding the port.
lang_multi_text.db	Flow_311000009_23	3.4	Hội thoại/Cốt truyện	Luồng hội thoại			How long have you been a Patroller?
lang_multi_text.db	Flow_311000009_24	3.4	Hội thoại/Cốt truyện	Luồng hội thoại			No. I've got Port Gunchao with me. It's always there, quiet and peaceful.
lang_multi_text.db	Flow_311000009_25	3.4	Hội thoại/Cốt truyện	Luồng hội thoại			Don't you feel lonely?
lang_multi_text.db	Flow_311000009_26	3.4	Hội thoại/Cốt truyện	Luồng hội thoại			Don't you feel bored?
lang_multi_text.db	Flow_311000009_27	3.4	Hội thoại/Cốt truyện	Luồng hội thoại			No. Seeing the calm and peaceful Port Gunchao, it just puts my mind at ease.
lang_multi_text.db	Flow_311000009_28	3.4	Hội thoại/Cốt truyện	Luồng hội thoại	Chú Bân		Even when my legs grow old and weak, I'll still hold it dear in my heart.
lang_multi_text.db	Flow_311000009_3	3.4	Hội thoại/Cốt truyện	Luồng hội thoại			Template?
lang_multi_text.db	Flow_311000009_30	3.4	Hội thoại/Cốt truyện	Luồng hội thoại	Ngọc Trâm		I see no point standing guard here all day... We should strike first.
lang_multi_text.db	Flow_311000009_31	3.4	Hội thoại/Cốt truyện	Luồng hội thoại			It just gives me a feeling that we'll lose the initiative if we remain here.
lang_multi_text.db	Flow_311000009_32	3.4	Hội thoại/Cốt truyện	Luồng hội thoại			You get the same feeling, right? How can we just stay here without taking any further moves?
lang_multi_text.db	Flow_311000009_33	3.4	Hội thoại/Cốt truyện	Luồng hội thoại	Ngọc Trâm		I heard that the TD over at Desorock Highland has been causing quite a stir recently...
lang_multi_text.db	Flow_311000009_34	3.4	Hội thoại/Cốt truyện	Luồng hội thoại			You're quite the fighter, huh?
lang_multi_text.db	Flow_311000009_35	3.4	Hội thoại/Cốt truyện	Luồng hội thoại			Yes.
lang_multi_text.db	Flow_311000009_36	3.4	Hội thoại/Cốt truyện	Luồng hội thoại	Thu Diễm		Check the order and the goods, and be careful with the quantity. Make sure you transfer the goods correctly, as sending the wrong goods can damage our reputation.
lang_multi_text.db	Flow_311000009_37	3.4	Hội thoại/Cốt truyện	Luồng hội thoại	Thu Diễm		This is a catchy rhyme I wrote myself. What do you think?
lang_multi_text.db	Flow_311000009_38	3.4	Hội thoại/Cốt truyện	Luồng hội thoại	Ngọc Trâm		And here I am, stuck at this port, unable to do anything. I feel useless.
lang_multi_text.db	Flow_311000009_39	3.4	Hội thoại/Cốt truyện	Luồng hội thoại	Ngọc Trâm		Oh, it's just that I got hurt during the war last time. Uncle Gaoshan just transferred me here for recovery.
lang_multi_text.db	Flow_311000009_4	3.4	Hội thoại/Cốt truyện	Luồng hội thoại	Vân Nghiễm		Please pay special attention to the item type, as well as the expected delivery date.
lang_multi_text.db	Flow_311000009_40	3.4	Hội thoại/Cốt truyện	Luồng hội thoại			Why is that?
lang_multi_text.db	Flow_311000009_41	3.4	Hội thoại/Cốt truyện	Luồng hội thoại	Ngọc Trâm		Uncle Gaoshan said I can't return to the front lines until I fully recover, but it really is just a minor injury.
lang_multi_text.db	Flow_311000009_42	3.4	Hội thoại/Cốt truyện	Luồng hội thoại	Ngọc Trâm		Darn it. I got too excited. I think my wound has reopened...
lang_multi_text.db	Flow_311000009_43	3.4	Hội thoại/Cốt truyện	Luồng hội thoại			That's a straightforward interpretation.
lang_multi_text.db	Flow_311000009_44	3.4	Hội thoại/Cốt truyện	Luồng hội thoại	Thu Diễm		Hehe, thank you. I didn't get much of an education, but I enjoy reading and poetry in my spare time.
lang_multi_text.db	Flow_311000009_45	3.4	Hội thoại/Cốt truyện	Luồng hội thoại	Thu Diễm		Lately, I've been brainstorming some more serious pieces.
lang_multi_text.db	Flow_311000009_46	3.4	Hội thoại/Cốt truyện	Luồng hội thoại	Thu Diễm		What do you think about using the Whining Aix as inspiration?
lang_multi_text.db	Flow_311000009_47	3.4	Hội thoại/Cốt truyện	Luồng hội thoại	Thu Diễm		Perhaps their mournful song isn't meant to intimidate humans, but merely a call between mates.
lang_multi_text.db	Flow_311000009_48	3.4	Hội thoại/Cốt truyện	Luồng hội thoại			That's an interesting interpretation.
lang_multi_text.db	Flow_311000009_49	3.4	Hội thoại/Cốt truyện	Luồng hội thoại	Thu Diễm		The Whining Aix leaves the branch to soar. Unable to fly, they perish together...
lang_multi_text.db	Flow_311000009_5	3.4	Hội thoại/Cốt truyện	Luồng hội thoại	Vân Nghiễm		We follow these strict rules just to ensure a smooth delivery.
lang_multi_text.db	Flow_311000009_6	3.4	Hội thoại/Cốt truyện	Luồng hội thoại	Vân Nghiễm		Especially when your package has to travel through a timid, foggy swamp here in Whining Aix's Mire.
lang_multi_text.db	Flow_311000009_7	3.4	Hội thoại/Cốt truyện	Luồng hội thoại	Vân Nghiễm		Most of the packages are bound for Frosting Harbor, and taking the Heron Wetland is the only shortcut.
lang_multi_text.db	Flow_311000009_8	3.4	Hội thoại/Cốt truyện	Luồng hội thoại	Vân Nghiễm		To describe the dense fog... packages would be soaked by the fog in the past.
lang_multi_text.db	Flow_311000009_9	3.4	Hội thoại/Cốt truyện	Luồng hội thoại			Quite strict rules for a delivery service.
lang_multi_text.db	Flow_311000010_1	3.4	Hội thoại/Cốt truyện	Luồng hội thoại	Huaijin		That's it for today's work. Time for some fun! Hmm? Oh, it's you—what's up?
lang_multi_text.db	Flow_311000010_10	3.4	Hội thoại/Cốt truyện	Luồng hội thoại			I think it's still business hours, right?
lang_multi_text.db	Flow_311000010_11	3.4	Hội thoại/Cốt truyện	Luồng hội thoại	Lianke		Oh, the Moon-Chasing Festival is coming up, and last year was too swamped to get the chance to see the lanterns with my Xiaobao.
lang_multi_text.db	Flow_311000010_12	3.4	Hội thoại/Cốt truyện	Luồng hội thoại	Lianke		This year is my chance to make up for it. I wonder what kind of gift would be good for the child?
lang_multi_text.db	Flow_311000010_13	3.4	Hội thoại/Cốt truyện	Luồng hội thoại	Lianke		Toys? I don't really understand the likes of children. I have to ask that kid, Chixia, for help.
lang_multi_text.db	Flow_311000010_14	3.4	Hội thoại/Cốt truyện	Luồng hội thoại			She often helps me babysit my Xiaobao, who treats her like a real sister and tells her everything.
lang_multi_text.db	Flow_311000010_15	3.4	Hội thoại/Cốt truyện	Luồng hội thoại			Food? I work down in the mine all year round. To be honest, my knowledge of food in Jinzhou is as good as yours. So I should ask you for recommendations.
lang_multi_text.db	Flow_311000010_16	3.4	Hội thoại/Cốt truyện	Luồng hội thoại	Lianke		Quality time with Xiaobao... Yes, I haven't been able to spend time with the child because of work.
lang_multi_text.db	Flow_311000010_17	3.4	Hội thoại/Cốt truyện	Luồng hội thoại			Last year the child had a huge tantrum because he didn't see the lanterns with me, and it took a long time to calm him down.
lang_multi_text.db	Flow_311000010_18	3.4	Hội thoại/Cốt truyện	Luồng hội thoại	Lianke		Moon-chasing Festival, the festival that children are always talking about... I'm actually quite looking forward to it. To be honest, I was once one of the Exiles.
lang_multi_text.db	Flow_311000010_19	3.4	Hội thoại/Cốt truyện	Luồng hội thoại	Lianke		In the past, even on the day of the Moon-chasing Festival, we had to worry about the supplies needed for survival.
lang_multi_text.db	Flow_311000010_2	3.4	Hội thoại/Cốt truyện	Luồng hội thoại	Huaijin		Hehe, that's because I’m all about "energy conservation." I don't waste time on unnecessary things and finish what needs to be done with the least effort.
lang_multi_text.db	Flow_311000010_20	3.4	Hội thoại/Cốt truyện	Luồng hội thoại	Lianke		It was only after we were accepted by Jinzhou that we started to enjoy the Moon-chasing Festival like everyone else.
lang_multi_text.db	Flow_311000010_21	3.4	Hội thoại/Cốt truyện	Luồng hội thoại	Lianke		Thank you for your suggestion. I will think about it after work...
lang_multi_text.db	Flow_311000010_22	3.4	Hội thoại/Cốt truyện	Luồng hội thoại			Fun toys.
lang_multi_text.db	Flow_311000010_23	3.4	Hội thoại/Cốt truyện	Luồng hội thoại			Delicious food.
lang_multi_text.db	Flow_311000010_24	3.4	Hội thoại/Cốt truyện	Luồng hội thoại			Spend quality time with him.
lang_multi_text.db	Flow_311000010_25	3.4	Hội thoại/Cốt truyện	Luồng hội thoại	Quý Phong		You... don't seem to work here. Is there anything I can help you with?
lang_multi_text.db	Flow_311000010_27	3.4	Hội thoại/Cốt truyện	Luồng hội thoại	Quý Phong		You want to know about the past and present of the mine, right? I've only been stationed here not for long.
lang_multi_text.db	Flow_311000010_28	3.4	Hội thoại/Cốt truyện	Luồng hội thoại	Quý Phong		But occasionally I can hear the miners talking about it. It is said that the Tiger's Maw Mine was built on the ruins of a city.
lang_multi_text.db	Flow_311000010_29	3.4	Hội thoại/Cốt truyện	Luồng hội thoại	Quý Phong		Affected by the Lament, Jinzhou underwent some drastic tectonic changes, in which the ore mines buried deep were turned out and exposed to the surface.
lang_multi_text.db	Flow_311000010_3	3.4	Hội thoại/Cốt truyện	Luồng hội thoại	Huaijin		I get a lot of flack for this, but isn't it perfectly normal to clock out as soon as your work is done?
lang_multi_text.db	Flow_311000010_30	3.4	Hội thoại/Cốt truyện	Luồng hội thoại	Quý Phong		So the Tiger's Maw Mine became an indispensable source of energy supply in the founding of Jinzhou.
lang_multi_text.db	Flow_311000010_31	3.4	Hội thoại/Cốt truyện	Luồng hội thoại	Quý Phong		After the mineshafts were built, the mine gradually started to form its own ecosystem as the production and research facilities, and living quarters, as well as other amenities, were set up.
lang_multi_text.db	Flow_311000010_32	3.4	Hội thoại/Cốt truyện	Luồng hội thoại	Quý Phong		As for the ore... Although I'm not an expert, I picked up a few things over time as I spent enough time around here.
lang_multi_text.db	Flow_311000010_33	3.4	Hội thoại/Cốt truyện	Luồng hội thoại			About the Tiger's Maw Mine.
lang_multi_text.db	Flow_311000010_34	3.4	Hội thoại/Cốt truyện	Luồng hội thoại			About the ore.
lang_multi_text.db	Flow_311000010_35	3.4	Hội thoại/Cốt truyện	Luồng hội thoại	Quý Phong		Apart from the Tacetite, which is the largest in demand, the Tiger's Maw Mine also produces Lampylumen.
lang_multi_text.db	Flow_311000010_36	3.4	Hội thoại/Cốt truyện	Luồng hội thoại	Quý Phong		I heard from the researchers that it's a special kind of ore where the veins of minerals distribute evenly along the same direction.
lang_multi_text.db	Flow_311000010_37	3.4	Hội thoại/Cốt truyện	Luồng hội thoại	Quý Phong		And the veins are composed of a variety of minerals, which can be processed into raw materials that can be used in advance technologies like terminals and cores of intelligent devices.
lang_multi_text.db	Flow_311000010_38	3.4	Hội thoại/Cốt truyện	Luồng hội thoại	Quý Phong		However, the Academy and the Ministry of Development didn't stop their research from there. So, maybe one day they'd discover a field of application.
lang_multi_text.db	Flow_311000010_39	3.4	Hội thoại/Cốt truyện	Luồng hội thoại	Khinh Châu		How to resolve the disputes?
lang_multi_text.db	Flow_311000010_4	3.4	Hội thoại/Cốt truyện	Luồng hội thoại	Huaijin		The key to conserving energy is learning to adapt. And by that, I mean not adapting to the work’s pace, but making the work adapt to yours.
lang_multi_text.db	Flow_311000010_40	3.4	Hội thoại/Cốt truyện	Luồng hội thoại			You looked troubled.
lang_multi_text.db	Flow_311000010_41	3.4	Hội thoại/Cốt truyện	Luồng hội thoại	Khinh Châu		Yes, the dispute about the deployment of the new technology has been escalating recently, and I'm worried that the workplace party next week will turn into a chaos.
lang_multi_text.db	Flow_311000010_42	3.4	Hội thoại/Cốt truyện	Luồng hội thoại	Khinh Châu		New technologies always meet resistance at the start. Because it's not only about technology, but also about people behind it.
lang_multi_text.db	Flow_311000010_43	3.4	Hội thoại/Cốt truyện	Luồng hội thoại	Khinh Châu		The old miners represent experience and skills from the old times, and the young miners are the promoters of new technology.
lang_multi_text.db	Flow_311000010_44	3.4	Hội thoại/Cốt truyện	Luồng hội thoại	Khinh Châu		As more and more young miners join in, these dynamics are thrown off balance. So the conflict was set off.
lang_multi_text.db	Flow_311000010_45	3.4	Hội thoại/Cốt truyện	Luồng hội thoại	Khinh Châu		As for me... I'm not one of the miners, but a Patroller who carries out the duties as required.
lang_multi_text.db	Flow_311000010_46	3.4	Hội thoại/Cốt truyện	Luồng hội thoại	Khinh Châu		The concerns or reasons for disagreements aren't as many as they appear to be. I think it's natural for things to iterate and evolve, isn't it?
lang_multi_text.db	Flow_311000010_47	3.4	Hội thoại/Cốt truyện	Luồng hội thoại	Khinh Châu		Just like the law of physics we all learn in textbooks: the entropy of a system is bound to increase over time. And the systems of the world aren't isolated.
lang_multi_text.db	Flow_311000010_48	3.4	Hội thoại/Cốt truyện	Luồng hội thoại	Khinh Châu		So as they recombined, they'd return to a low entropy state before the entropy rises again.
lang_multi_text.db	Flow_311000010_49	3.4	Hội thoại/Cốt truyện	Luồng hội thoại	Khinh Châu		Isn't this the law of the world?
lang_multi_text.db	Flow_311000010_5	3.4	Hội thoại/Cốt truyện	Luồng hội thoại	Huaijin		So, ready to say goodbye to that energy-draining work life with me?
lang_multi_text.db	Flow_311000010_50	3.4	Hội thoại/Cốt truyện	Luồng hội thoại			What's your opinion?
lang_multi_text.db	Flow_311000010_51	3.4	Hội thoại/Cốt truyện	Luồng hội thoại	Speaker_1285_Title		Geez, I can finally take a breather now. Lately, I've been bombarded with people trying to sell me rocks...
lang_multi_text.db	Flow_311000010_54	3.4	Hội thoại/Cốt truyện	Luồng hội thoại	Speaker_1285_Title		Yeah, because aside from selling ores, we're now buying them too.
lang_multi_text.db	Flow_311000010_55	3.4	Hội thoại/Cốt truyện	Luồng hội thoại	Speaker_1285_Title		People have been eager to sell the "ore" they found to us. Sadly, most of it was just worthless rocks.
lang_multi_text.db	Flow_311000010_56	3.4	Hội thoại/Cốt truyện	Luồng hội thoại	Speaker_1285_Title		That's why I thought, maybe we should team up with the Pioneer Association to create a special magazine issue about identifying ores.
lang_multi_text.db	Flow_311000010_57	3.4	Hội thoại/Cốt truyện	Luồng hội thoại	Speaker_1285_Title		We could give readers tips on how to distinguish them by color, shine, and other traits.
lang_multi_text.db	Flow_311000010_58	3.4	Hội thoại/Cốt truyện	Luồng hội thoại	Speaker_1285_Title		Mind giving me a few pointers after I finish my first draft?
lang_multi_text.db	Flow_311000010_59	3.4	Hội thoại/Cốt truyện	Luồng hội thoại	Speaker_1285_Title		Hi, there. Let me know if you're ever in need of ore! We've got all types.
lang_multi_text.db	Flow_311000010_6	3.4	Hội thoại/Cốt truyện	Luồng hội thoại	Huaijin		For example, you could check out the residential block. You might not be able to bring all of Jinzhou to a mining site, but you can recreate parts of it.
lang_multi_text.db	Flow_311000010_60	3.4	Hội thoại/Cốt truyện	Luồng hội thoại	Speaker_1285_Title		Hope this helps! Thanks and come back soon!
lang_multi_text.db	Flow_311000010_61	3.4	Hội thoại/Cốt truyện	Luồng hội thoại	Speaker_1285_Title		Sorry, but you need more credits. Come back when you have enough, yeah?
lang_multi_text.db	Flow_311000010_62	3.4	Hội thoại/Cốt truyện	Luồng hội thoại	Speaker_1286_Title		With just a few simple ingredients, I can whip up endless delicious dishes. Don't underestimate the power of flavor combinations!
lang_multi_text.db	Flow_311000010_63	3.4	Hội thoại/Cốt truyện	Luồng hội thoại	Speaker_1286_Title		Right you are. With the miners' health in mind, I've jazzed up traditional Jinzhou recipes to keep them both satisfied and nourished.
lang_multi_text.db	Flow_311000010_64	3.4	Hội thoại/Cốt truyện	Luồng hội thoại	Speaker_1286_Title		My version of the Jinzhou Stew packs in fresh vegetables and a flavorful broth while cutting back on greasy and salty ingredients, all without sacrificing taste.
lang_multi_text.db	Flow_311000010_65	3.4	Hội thoại/Cốt truyện	Luồng hội thoại	Speaker_1286_Title		I added fresh diced vegetables to the stew, simmered in flavorful broth. This way, they can satisfy their appetite without compromising their health. And don't worry, the original flavors are still intact!
lang_multi_text.db	Flow_311000010_66	3.4	Hội thoại/Cốt truyện	Luồng hội thoại	Speaker_1286_Title		Hey there, what can I get you? The place is small, but there's plenty to choose from!
lang_multi_text.db	Flow_311000010_67	3.4	Hội thoại/Cốt truyện	Luồng hội thoại	Speaker_1286_Title		Did you like it? Of course, you did! My cooking never disappoint. Come back anytime!
lang_multi_text.db	Flow_311000010_68	3.4	Hội thoại/Cốt truyện	Luồng hội thoại	Speaker_1286_Title		Looks like you're in a bit of a pickle. You're welcome to come back anytime.
lang_multi_text.db	Flow_311000010_69	3.4	Hội thoại/Cốt truyện	Luồng hội thoại	Speaker_970_Title		It's been a while, Rover! We solved the mine's crisis all thanks to your help.
lang_multi_text.db	Flow_311000010_7	3.4	Hội thoại/Cốt truyện	Luồng hội thoại	Huaijin		Like enjoying local dishes at the food stalls, sharing tea with friends around a table, or playing a few rounds of chess with the retired miners...
lang_multi_text.db	Flow_311000010_70	3.4	Hội thoại/Cốt truyện	Luồng hội thoại	Speaker_970_Title		Found anything you want? Feel free to look around.
lang_multi_text.db	Flow_311000010_71	3.4	Hội thoại/Cốt truyện	Luồng hội thoại	Speaker_970_Title		Nice pick, I hope they come in handy in your journey. Stay careful out there.
lang_multi_text.db	Flow_311000010_72	3.4	Hội thoại/Cốt truyện	Luồng hội thoại	Speaker_970_Title		I'll be right here when you need anything again.
lang_multi_text.db	Flow_311000010_73	3.4	Hội thoại/Cốt truyện	Luồng hội thoại	Speaker_970_Title		Things have slowly returned to how they were before, but with a few changes here and there.
lang_multi_text.db	Flow_311000010_74	3.4	Hội thoại/Cốt truyện	Luồng hội thoại	Speaker_970_Title		Remember those two who always argued? Now they're practically inseparable, working together on updating the refinery's parts and system.
lang_multi_text.db	Flow_311000010_75	3.4	Hội thoại/Cốt truyện	Luồng hội thoại	Speaker_970_Title		Uncle Hong doesn't spend his whole day revisiting places with a diary in hand now.
lang_multi_text.db	Flow_311000010_76	3.4	Hội thoại/Cốt truyện	Luồng hội thoại	Speaker_970_Title		He's not just writing about the past anymore. He's focusing on the present and making plans for tomorrow.
lang_multi_text.db	Flow_311000010_77	3.4	Hội thoại/Cốt truyện	Luồng hội thoại	Speaker_970_Title		He's happy enough to let the younger generation take over the mine now. And it's all thanks to you, Rover. Come visit more often when you have a chance!
lang_multi_text.db	Flow_311000010_8	3.4	Hội thoại/Cốt truyện	Luồng hội thoại	Huaijin		Over time, this little corner has become a miniature Jinzhou to us miners.
lang_multi_text.db	Flow_311000010_9	3.4	Hội thoại/Cốt truyện	Luồng hội thoại	Huaijin		Words don't do it justice. Check it out yourself if you can.
lang_multi_text.db	Flow_311000011_1	3.4	Hội thoại/Cốt truyện	Luồng hội thoại	Bách Xuyên		Do we really need Dark Knights in the wilderness of Jinzhou...
lang_multi_text.db	Flow_311000011_10	3.4	Hội thoại/Cốt truyện	Luồng hội thoại	Bách Xuyên		I think everyone should calm down and reconsider their actions.
lang_multi_text.db	Flow_311000011_12	3.4	Hội thoại/Cốt truyện	Luồng hội thoại	Thiên Bộ		Hmm, the air outside is so much better. I feel alive again.
lang_multi_text.db	Flow_311000011_13	3.4	Hội thoại/Cốt truyện	Luồng hội thoại	Thiên Bộ		Unlike the damp and musty smell in the confession room, which I seemed to have gotten used to. I've become a regular in the confession room.
lang_multi_text.db	Flow_311000011_14	3.4	Hội thoại/Cốt truyện	Luồng hội thoại	Thiên Bộ		Hey, it's just some minor "procedural noncompliances". After becoming a patroller, I realized that I could quite agree with some of these regulations. I have my own ways of justice.
lang_multi_text.db	Flow_311000011_15	3.4	Hội thoại/Cốt truyện	Luồng hội thoại			What did you do wrong?
lang_multi_text.db	Flow_311000011_16	3.4	Hội thoại/Cốt truyện	Luồng hội thoại	Thiên Bộ		I value justice as shown in the substantive results, not the tedious proceedings. In extraordinary times, you need to use extraordinary means.
lang_multi_text.db	Flow_311000011_17	3.4	Hội thoại/Cốt truyện	Luồng hội thoại	Thiên Bộ		In this case, had we gone through all the required procedures when we tried to retrieve the stolen mineral resources from the Exiles, they would have sold it off by now.
lang_multi_text.db	Flow_311000011_18	3.4	Hội thoại/Cốt truyện	Luồng hội thoại	Thiên Bộ		So, I had to use some *unconventional* methods to trick them out. Yet, I got scolded for it. But... at least I got the results I wanted.
lang_multi_text.db	Flow_311000011_19	3.4	Hội thoại/Cốt truyện	Luồng hội thoại	Thiên Bộ		Well. It's not my first time. I guess my partner, Baichuan, has reported it to the supervisors again.
lang_multi_text.db	Flow_311000011_2	3.4	Hội thoại/Cốt truyện	Luồng hội thoại	Bách Xuyên		It's a trending topic among the Patrollers. Recently there have been fewer cases involving the Exiles.
lang_multi_text.db	Flow_311000011_20	3.4	Hội thoại/Cốt truyện	Luồng hội thoại	Thiên Bộ		He always talks about laws being like a compass, the circles drawn with a compass is bound to be better than drawn with hands.
lang_multi_text.db	Flow_311000011_3	3.4	Hội thoại/Cốt truyện	Luồng hội thoại	Bách Xuyên		Because in addition to the efforts of the Public Security Bureau to contain the Exiles, there is an upsurge of these so-called "Dark Knights" in the wild.
lang_multi_text.db	Flow_311000011_4	3.4	Hội thoại/Cốt truyện	Luồng hội thoại	Bách Xuyên		These are a group of armed civilians who serve punishments to the criminal Exiles in vigilante style outside of the judicial system.
lang_multi_text.db	Flow_311000011_5	3.4	Hội thoại/Cốt truyện	Luồng hội thoại	Bách Xuyên		A righteous course by the look of it, if it's bound to cause chaos if everyone does this.
lang_multi_text.db	Flow_311000011_6	3.4	Hội thoại/Cốt truyện	Luồng hội thoại	Bách Xuyên		Jinzhou has always had different punishments for the Exiles committing different degrees of crimes.
lang_multi_text.db	Flow_311000011_7	3.4	Hội thoại/Cốt truyện	Luồng hội thoại	Bách Xuyên		They are more lenient towards misdemeanors. Only those considered a threat to public safety may be taken restrictive measures against.
lang_multi_text.db	Flow_311000011_8	3.4	Hội thoại/Cốt truyện	Luồng hội thoại	Bách Xuyên		But, if everyone serves their own version of justice, chances are ill-intent individuals may administer unjust penalties for crimes, which could be ten times worse than the initial offense.
lang_multi_text.db	Flow_311000011_9	3.4	Hội thoại/Cốt truyện	Luồng hội thoại			What's wrong?
lang_multi_text.db	Flow_311000012_1	3.4	Hội thoại/Cốt truyện	Luồng hội thoại	Vĩnh Lộc		If only every day could be so peaceful and calm...
lang_multi_text.db	Flow_311000012_2	3.4	Hội thoại/Cốt truyện	Luồng hội thoại	Vĩnh Lộc		Hello, I'm the patroller here. Is there anything I can help you with?
lang_multi_text.db	Flow_311000012_23	3.4	Hội thoại/Cốt truyện	Luồng hội thoại			About the distribution center...
lang_multi_text.db	Flow_311000012_24	3.4	Hội thoại/Cốt truyện	Luồng hội thoại	Vĩnh Lộc		The distribution center is an important part of the Tiger's Maw Mine and a crucial node in the mine's logistics system.
lang_multi_text.db	Flow_311000012_25	3.4	Hội thoại/Cốt truyện	Luồng hội thoại			At the distribution center, the ores excavated are unloaded, sorted, and then sent to various destinations.
lang_multi_text.db	Flow_311000012_26	3.4	Hội thoại/Cốt truyện	Luồng hội thoại	Vĩnh Lộc		Our job as patrollers here is to maintain the order of operations and the temporary storage of mineral resources.
lang_multi_text.db	Flow_311000012_27	3.4	Hội thoại/Cốt truyện	Luồng hội thoại	Vĩnh Lộc		So, are you interested in joining us?
lang_multi_text.db	Flow_311000012_29	3.4	Hội thoại/Cốt truyện	Luồng hội thoại	Cố Phán		A little girl carried her doll to the garden. The doll suddenly let out a loud cry and called for her mother. The mother came and spooned up the doll instead of her daughter... How about it? Scared yet?
lang_multi_text.db	Flow_311000012_3	3.4	Hội thoại/Cốt truyện	Luồng hội thoại			About your work...
lang_multi_text.db	Flow_311000012_30	3.4	Hội thoại/Cốt truyện	Luồng hội thoại	Cố Phán		Oh, this is your first time listening to a horror story, isn't it? The fact that it still gets the ones who haven't heard of it proves it's a classic macabre rhyme.
lang_multi_text.db	Flow_311000012_31	3.4	Hội thoại/Cốt truyện	Luồng hội thoại	Cố Phán		The essence of horror stories is about eerie things taking place in day-to-day scenes. Like the tune I just hummed.
lang_multi_text.db	Flow_311000012_32	3.4	Hội thoại/Cốt truyện	Luồng hội thoại	Cố Phán		If you pay attention, you see it's not the girl who's crying but the doll. That's why the second half is added.
lang_multi_text.db	Flow_311000012_33	3.4	Hội thoại/Cốt truyện	Luồng hội thoại			I thought it's just a nice nursery rhyme.
lang_multi_text.db	Flow_311000012_34	3.4	Hội thoại/Cốt truyện	Luồng hội thoại	Cố Phán		Dad and Mom are arguing, and the little girl is crying. The little girl calls for Mom. M-mom is gone.
lang_multi_text.db	Flow_311000012_35	3.4	Hội thoại/Cốt truyện	Luồng hội thoại	Cố Phán		Dad just fertilized the garden trees, the cherry tree turned new leaves. Curiously I dug underneath, and found my doll buried deep...
lang_multi_text.db	Flow_311000012_36	3.4	Hội thoại/Cốt truyện	Luồng hội thoại	Cố Phán		I don't know when I became obsessed with them. Maybe it's because horror stories have a clear representation of karma.
lang_multi_text.db	Flow_311000012_37	3.4	Hội thoại/Cốt truyện	Luồng hội thoại			What is the second half?
lang_multi_text.db	Flow_311000012_38	3.4	Hội thoại/Cốt truyện	Luồng hội thoại	Cố Phán		Behind the twists and turns of the gloomy plots is a pursuit of romantic ideals.
lang_multi_text.db	Flow_311000012_39	3.4	Hội thoại/Cốt truyện	Luồng hội thoại	Cố Phán		I have always suspected that there are real horror stories around me, just between you and me.
lang_multi_text.db	Flow_311000012_40	3.4	Hội thoại/Cốt truyện	Luồng hội thoại			Your taste is really...
lang_multi_text.db	Flow_311000012_41	3.4	Hội thoại/Cốt truyện	Luồng hội thoại	Cố Phán		To think of something ominous might lurk in the darkness under the cold industrial surface of this jungle of steel and bolts... Phew... I've got goose bumps.
lang_multi_text.db	Flow_311000012_42	3.4	Hội thoại/Cốt truyện	Luồng hội thoại	Huyễn Chân		Stop right there. I can sense the pulsating restless energy emanating from you.
lang_multi_text.db	Flow_311000012_44	3.4	Hội thoại/Cốt truyện	Luồng hội thoại	Huyễn Chân		That is something more dazzling than the morning sun, more profound than the sea- You must my alley in justice!
lang_multi_text.db	Flow_311000012_45	3.4	Hội thoại/Cốt truyện	Luồng hội thoại			How did you sense it?
lang_multi_text.db	Flow_311000012_46	3.4	Hội thoại/Cốt truyện	Luồng hội thoại	Huyễn Chân		Of course... I heard it from Chixia. She said she recently became friends with someone with a stern cold face and dresses all in black.
lang_multi_text.db	Flow_311000012_47	3.4	Hội thoại/Cốt truyện	Luồng hội thoại	Huyễn Chân		Haha, actually it's Xiaofang... Ahem, Chixia is my senior from the previous year.
lang_multi_text.db	Flow_311000012_48	3.4	Hội thoại/Cốt truyện	Luồng hội thoại			That Ma Xiaofang!
lang_multi_text.db	Flow_311000012_49	3.4	Hội thoại/Cốt truyện	Luồng hội thoại	Huyễn Chân		At that time, I was quite a lone kid. She would often come to the backyard of my home to play games with me.
lang_multi_text.db	Flow_311000012_50	3.4	Hội thoại/Cốt truyện	Luồng hội thoại	Huyễn Chân		Later, under her influence, I gradually opened up and we began to talk about fantasies of us saving the world.
lang_multi_text.db	Flow_311000012_51	3.4	Hội thoại/Cốt truyện	Luồng hội thoại	Huyễn Chân		However, after becoming a Patroller, I realized that everything was not quite as I imagined. Not all Patrollers has the cool and commanding air.
lang_multi_text.db	Flow_311000012_52	3.4	Hội thoại/Cốt truyện	Luồng hội thoại	Huyễn Chân		Personal disputes, Exiles's scams, petty thefts... every day is just the same... These are the norm of the work.
lang_multi_text.db	Flow_311000012_53	3.4	Hội thoại/Cốt truyện	Luồng hội thoại	Huyễn Chân		Sometimes, you forget the birthdays of the important ones in your life while you still remember container sorting numbers at the logistics center.
lang_multi_text.db	Flow_311000012_54	3.4	Hội thoại/Cốt truyện	Luồng hội thoại	Huyễn Chân		I'd get tired of these trivial matters, but...
lang_multi_text.db	Flow_311000012_55	3.4	Hội thoại/Cốt truyện	Luồng hội thoại	Huyễn Chân		On weekends, when I take off the Patroller's uniform and see the ordinary people passing by while wandering around.
lang_multi_text.db	Flow_311000012_56	3.4	Hội thoại/Cốt truyện	Luồng hội thoại	Huyễn Chân		I see busy couriers rushing on the road, Pioneer Association members going on expeditions, and workers returning to Jinzhou to visit their families...
lang_multi_text.db	Flow_311000012_57	3.4	Hội thoại/Cốt truyện	Luồng hội thoại	Huyễn Chân		At moments like this, I'd see how our efforts have maintained the peace and order of this city.
lang_multi_text.db	Flow_311000012_58	3.4	Hội thoại/Cốt truyện	Luồng hội thoại	Huyễn Chân		It makes me feel cool.
lang_multi_text.db	Flow_311000012_59	3.4	Hội thoại/Cốt truyện	Luồng hội thoại	Kỳ Phàm		Before placing an order... Ask yourself, why would anyone sell you such flawless ores at such a low price?
lang_multi_text.db	Flow_311000012_60	3.4	Hội thoại/Cốt truyện	Luồng hội thoại	Kỳ Phàm		The- the streets aren't p- paved with gold... They're lined with traps laid up by ill-intent people. D- Don't fall for the tricks. Let's stay alert to frauds.
lang_multi_text.db	Flow_311000012_61	3.4	Hội thoại/Cốt truyện	Luồng hội thoại	Kỳ Phàm		Hello, can I bother you for a moment?
lang_multi_text.db	Flow_311000012_62	3.4	Hội thoại/Cốt truyện	Luồng hội thoại	Kỳ Phàm		Ah, I'm sorry. I'm just a little scared to talk to strangers. Actually... I'm doing anti-fraud publicity.
lang_multi_text.db	Flow_311000012_63	3.4	Hội thoại/Cốt truyện	Luồng hội thoại	Kỳ Phàm		Recently, near the Tiger's Maw. There have been Exiles posing as ore merchants, selling fake ores. It's just one of their many cunning scams.
lang_multi_text.db	Flow_311000012_64	3.4	Hội thoại/Cốt truyện	Luồng hội thoại			Don't be nervous.
lang_multi_text.db	Flow_311000012_65	3.4	Hội thoại/Cốt truyện	Luồng hội thoại			You have a lot of sweat on your forehead.
lang_multi_text.db	Flow_311000012_66	3.4	Hội thoại/Cốt truyện	Luồng hội thoại	Kỳ Phàm		Some male exiles even dress up as females with fake sweet voices to swoon the customers into buying goods. But you can easily see pass it as long as you don't believe in becoming rich overnight.
lang_multi_text.db	Flow_311000012_67	3.4	Hội thoại/Cốt truyện	Luồng hội thoại	Kỳ Phàm		And their scam will fail... Phew... Thank you for listening to me. Don't forget to share this with your family and friends.
lang_multi_text.db	Flow_311000013_1	3.4	Hội thoại/Cốt truyện	Luồng hội thoại	Speaker_321_Title		Man, this place is really big...
lang_multi_text.db	Flow_311000013_100	3.4	Hội thoại/Cốt truyện	Luồng hội thoại	Speaker_322_Title		But he didn't bring any supplies back with him...
lang_multi_text.db	Flow_311000013_101	3.4	Hội thoại/Cốt truyện	Luồng hội thoại	Yujin		Maybe I'm not cut out for this...
lang_multi_text.db	Flow_311000013_102	3.4	Hội thoại/Cốt truyện	Luồng hội thoại	Yujin		I thought that Central Plains would be perfect for a newbie investigator like me, with all its open terrain, villages and flowers.
lang_multi_text.db	Flow_311000013_103	3.4	Hội thoại/Cốt truyện	Luồng hội thoại	Yujin		Turns out I keep running into either Exiles or TD...
lang_multi_text.db	Flow_311000013_104	3.4	Hội thoại/Cốt truyện	Luồng hội thoại	Yujin		Can't beat 'em. What else can I do but run... Ugh, how pathetic...
lang_multi_text.db	Flow_311000013_105	3.4	Hội thoại/Cốt truyện	Luồng hội thoại	Yujin		*sob* Thank you for letting me confide in.
lang_multi_text.db	Flow_311000013_106	3.4	Hội thoại/Cốt truyện	Luồng hội thoại	Yujin		Here's hoping that maybe one day, I'll become stronger, braver.
lang_multi_text.db	Flow_311000013_107	3.4	Hội thoại/Cốt truyện	Luồng hội thoại			Take it slow, and you'll improve.
lang_multi_text.db	Flow_311000013_108	3.4	Hội thoại/Cốt truyện	Luồng hội thoại	Liuhuo		They say the Central Plains is safe, but there are plenty of weirdos still lurking.
lang_multi_text.db	Flow_311000013_109	3.4	Hội thoại/Cốt truyện	Luồng hội thoại	Liuhuo		Those sneaky Exiles broke into my supply chests and stole everything...
lang_multi_text.db	Flow_311000013_110	3.4	Hội thoại/Cốt truyện	Luồng hội thoại	Liuhuo		I was going to teach them a lesson, but then I ran into another suspicious folks.
lang_multi_text.db	Flow_311000013_111	3.4	Hội thoại/Cốt truyện	Luồng hội thoại	Liuhuo		Those guys in red robes, all mysterious, you can tell they're up to no good.
lang_multi_text.db	Flow_311000013_112	3.4	Hội thoại/Cốt truyện	Luồng hội thoại			Well, that's a bit strange.
lang_multi_text.db	Flow_311000013_113	3.4	Hội thoại/Cốt truyện	Luồng hội thoại	Liuhuo		Who are these people, and what are they doing here?
lang_multi_text.db	Flow_311000013_114	3.4	Hội thoại/Cốt truyện	Luồng hội thoại	Liuhuo		Forget it... What lies in front of us is more important. If you see any Exiles, remember to let me know.
lang_multi_text.db	Flow_311000013_115	3.4	Hội thoại/Cốt truyện	Luồng hội thoại	Liuhuo		I'm gonna beat them until they're picking up their teeth off the ground, then take back our supplies.
lang_multi_text.db	Flow_311000013_116	3.4	Hội thoại/Cốt truyện	Luồng hội thoại	Liuhuo		Otherwise, the only choice for Yujin and I is to go hungry.
lang_multi_text.db	Flow_311000013_117	3.4	Hội thoại/Cốt truyện	Luồng hội thoại	Speaker_1299_Title		Farming and watering the crops... The life here is the best.
lang_multi_text.db	Flow_311000013_118	3.4	Hội thoại/Cốt truyện	Luồng hội thoại	Speaker_1299_Title		It's peaceful and comfortable when you have everything worked out by yourself.
lang_multi_text.db	Flow_311000013_119	3.4	Hội thoại/Cốt truyện	Luồng hội thoại	Speaker_1299_Title		Better than the past when you had to trade something just to get a bite to eat...
lang_multi_text.db	Flow_311000013_120	3.4	Hội thoại/Cốt truyện	Luồng hội thoại	Speaker_1299_Title		Hmm... When I was younger, in another village, they had the habit of exchange.
lang_multi_text.db	Flow_311000013_121	3.4	Hội thoại/Cốt truyện	Luồng hội thoại	Speaker_1299_Title		Exchange... What exactly are we exchanging...?
lang_multi_text.db	Flow_311000013_122	3.4	Hội thoại/Cốt truyện	Luồng hội thoại			Exchange?
lang_multi_text.db	Flow_311000013_123	3.4	Hội thoại/Cốt truyện	Luồng hội thoại	Speaker_1299_Title		I can't remember... Every time I think of the word "exchange", I get the heebie-jeebies...
lang_multi_text.db	Flow_311000013_124	3.4	Hội thoại/Cốt truyện	Luồng hội thoại	Speaker_1299_Title		Forget it... I'm too old to remember anything...
lang_multi_text.db	Flow_311000013_125	3.4	Hội thoại/Cốt truyện	Luồng hội thoại	Hòa Mộc		Hey, see that big peach tree over there? That's the symbol of Taoyuan Vale.
lang_multi_text.db	Flow_311000013_126	3.4	Hội thoại/Cốt truyện	Luồng hội thoại	Hòa Mộc		Flowers can be brewed into flower wine, and fruits can be picked and made into fruit preserves...
lang_multi_text.db	Flow_311000013_127	3.4	Hội thoại/Cốt truyện	Luồng hội thoại	Hòa Mộc		...Ahem, there's more to it!
lang_multi_text.db	Flow_311000013_128	3.4	Hội thoại/Cốt truyện	Luồng hội thoại	Hòa Mộc		The famous Liondancer Lingyang from the city comes to Taoyuan Vale every year for secluded training!
lang_multi_text.db	Flow_311000013_129	3.4	Hội thoại/Cốt truyện	Luồng hội thoại			Keep talking about food, aren't you?
lang_multi_text.db	Flow_311000013_130	3.4	Hội thoại/Cốt truyện	Luồng hội thoại	Hòa Mộc		Peach blossoms fluttering down, lions dancing with the wind... Nothing is more beautiful than this.
lang_multi_text.db	Flow_311000013_131	3.4	Hội thoại/Cốt truyện	Luồng hội thoại	Đồng Đồng		The Liondance is dancing...
lang_multi_text.db	Flow_311000013_132	3.4	Hội thoại/Cốt truyện	Luồng hội thoại	Đồng Đồng		One step, two steps, three steps... Step by step on the plum piles!
lang_multi_text.db	Flow_311000013_133	3.4	Hội thoại/Cốt truyện	Luồng hội thoại			You're really into liondance, aren't you?
lang_multi_text.db	Flow_311000013_134	3.4	Hội thoại/Cốt truyện	Luồng hội thoại	Đồng Đồng		Yes! It's my favorite performance!
lang_multi_text.db	Flow_311000013_135	3.4	Hội thoại/Cốt truyện	Luồng hội thoại	Đồng Đồng		See? The mane on that lion's head swaying in the wind. And the eyes shine like two diamonds!
lang_multi_text.db	Flow_311000013_136	3.4	Hội thoại/Cốt truyện	Luồng hội thoại	Đồng Đồng		When I grow up, I want to learn the liondance from Lingyang!
lang_multi_text.db	Flow_311000013_2	3.4	Hội thoại/Cốt truyện	Luồng hội thoại	Speaker_321_Title		Back in Tiger's Maw Mine, a few rounds were all it took to explore the whole place.
lang_multi_text.db	Flow_311000013_3	3.4	Hội thoại/Cốt truyện	Luồng hội thoại	Speaker_321_Title		Yeah... I grew up in the mine. I almost succeeded our family business as a miner.
lang_multi_text.db	Flow_311000013_4	3.4	Hội thoại/Cốt truyện	Luồng hội thoại	Speaker_321_Title		But I wanted to see the world myself, so I joined Lollo Logistics and became a courier.
lang_multi_text.db	Flow_311000013_5	3.4	Hội thoại/Cốt truyện	Luồng hội thoại	Speaker_321_Title		Turns out I got assigned to a place of vast expansion. And I'm able to witness those novel sights by myself!
lang_multi_text.db	Flow_311000013_6	3.4	Hội thoại/Cốt truyện	Luồng hội thoại	Speaker_321_Title		The peach trees of Taoyuan Vale, the fireflies of Fireflies Sea, the lighthouse of the Tiderise Cliff... I never get tired of seeing these places!
lang_multi_text.db	Flow_311000013_78	3.4	Hội thoại/Cốt truyện	Luồng hội thoại			Have you been to Tiger's Maw Mine?
lang_multi_text.db	Flow_311000013_79	3.4	Hội thoại/Cốt truyện	Luồng hội thoại	Speaker_321_Title		If you get the chance, you really should go see it.
lang_multi_text.db	Flow_311000013_80	3.4	Hội thoại/Cốt truyện	Luồng hội thoại	Speaker_322_Title		All the deliveries for the Tiderise Cliff have been finished. Are we done today? Well, that's unusual...
lang_multi_text.db	Flow_311000013_81	3.4	Hội thoại/Cốt truyện	Luồng hội thoại	Speaker_322_Title		Whoa! I've got another 50 orders from Peipei just now!
lang_multi_text.db	Flow_311000013_82	3.4	Hội thoại/Cốt truyện	Luồng hội thoại	Speaker_322_Title		These ones surely have an overwhelming kick...
lang_multi_text.db	Flow_311000013_83	3.4	Hội thoại/Cốt truyện	Luồng hội thoại	Speaker_322_Title		Wait. All of these are sent to Taoyuan Vale, which means we have to pass through the Gubei Pass again.
lang_multi_text.db	Flow_311000013_84	3.4	Hội thoại/Cốt truyện	Luồng hội thoại			Looks she is quite busy. Let's leave her alone.
lang_multi_text.db	Flow_311000013_85	3.4	Hội thoại/Cốt truyện	Luồng hội thoại	Speaker_322_Title		I taught a lesson to that annoying Shengying a few times. Hope he can just stop bothering me.
lang_multi_text.db	Flow_311000013_86	3.4	Hội thoại/Cốt truyện	Luồng hội thoại	Speaker_322_Title		Ugh... I can't stand it... But as a navigator, I have to keep my spirits up and work hard, to set a good example for the younger ones!
lang_multi_text.db	Flow_311000013_87	3.4	Hội thoại/Cốt truyện	Luồng hội thoại	Speaker_512_Title		I lost again, ugh... I just can't beat her!
lang_multi_text.db	Flow_311000013_88	3.4	Hội thoại/Cốt truyện	Luồng hội thoại	Speaker_512_Title		Shh... Can't afford to let her hear my words... I'm talking about that courier, Pijing.
lang_multi_text.db	Flow_311000013_89	3.4	Hội thoại/Cốt truyện	Luồng hội thoại	Speaker_512_Title		The boss asked me to rob Lollo Logistics' supplies, but I always run into her.
lang_multi_text.db	Flow_311000013_90	3.4	Hội thoại/Cốt truyện	Luồng hội thoại	Speaker_512_Title		She could knock me out in just a couple of moves, easier than beating a Gulpuff! She's just too strong...
lang_multi_text.db	Flow_311000013_91	3.4	Hội thoại/Cốt truyện	Luồng hội thoại	Speaker_512_Title		What are you talking about? Of course not! No one enjoy getting hit!
lang_multi_text.db	Flow_311000013_92	3.4	Hội thoại/Cốt truyện	Luồng hội thoại			Who?
lang_multi_text.db	Flow_311000013_93	3.4	Hội thoại/Cốt truyện	Luồng hội thoại			Sounds like you admire her...
lang_multi_text.db	Flow_311000013_94	3.4	Hội thoại/Cốt truyện	Luồng hội thoại	Speaker_322_Title		Shengying's not here again... Well, he's getting the hang of this!
lang_multi_text.db	Flow_311000013_95	3.4	Hội thoại/Cốt truyện	Luồng hội thoại	Speaker_322_Title		I mean he's grown up like a real fighter.
lang_multi_text.db	Flow_311000013_96	3.4	Hội thoại/Cốt truyện	Luồng hội thoại	Speaker_322_Title		I asked him to compete with the folks from Lollo Logistics before but I don't feel his determination in doing this.
lang_multi_text.db	Flow_311000013_97	3.4	Hội thoại/Cốt truyện	Luồng hội thoại	Speaker_322_Title		But he's into this now, always running around outside the camp.
lang_multi_text.db	Flow_311000013_98	3.4	Hội thoại/Cốt truyện	Luồng hội thoại			What makes you say that?
lang_multi_text.db	Flow_311000013_99	3.4	Hội thoại/Cốt truyện	Luồng hội thoại	Speaker_322_Title		Well, he must have mastered his way. Got those couriers all tamed.
lang_multi_text.db	Flow_311000015_1571	3.4	Hội thoại/Cốt truyện	Luồng hội thoại		By Sun's Burning Hand	You wander around the camp for a while. Seeing the imposing Tetragon Temple, you decide to head up and take a closer look.
lang_multi_text.db	Flow_311000016_1517	3.4	Hội thoại/Cốt truyện	Luồng hội thoại			Say something, anything
lang_multi_text.db	Flow_311000016_1518	3.4	Hội thoại/Cốt truyện	Luồng hội thoại			Say something, anything
lang_multi_text.db	Flow_311000016_1627	3.4	Hội thoại/Cốt truyện	Luồng hội thoại			Say something, anything
lang_multi_text.db	Flow_312800004_10	3.4	Hội thoại/Cốt truyện	Luồng hội thoại	Speaker_84_Name		You search your pockets and find that you have just enough money for one.
lang_multi_text.db	Flow_312800004_11	3.4	Hội thoại/Cốt truyện	Luồng hội thoại	Ảo Ảnh Của Người Đàn Ông		How about snagging a magazine for yourself?
lang_multi_text.db	Flow_312800004_15	3.4	Hội thoại/Cốt truyện	Luồng hội thoại	Speaker_84_Name		You've marked today for hunting. But now you're sitting in a camp, trembling Exiles gathering around your "throne".
lang_multi_text.db	Flow_312800004_16	3.4	Hội thoại/Cốt truyện	Luồng hội thoại	Ảo Ảnh Của Kẻ Lưu Đày		Sorry, boss! We didn't mean to piss you off. It won't happen again...
lang_multi_text.db	Flow_312800004_17	3.4	Hội thoại/Cốt truyện	Luồng hội thoại	Ảo Ảnh Của Kẻ Lưu Đày		We haven't got a bite today... We only take this bad move to fill empty stomachs...
lang_multi_text.db	Flow_312800004_18	3.4	Hội thoại/Cốt truyện	Luồng hội thoại	Ảo Ảnh Của Kẻ Lưu Đày		Please spare us! We'll do anything!
lang_multi_text.db	Flow_312800004_19	3.4	Hội thoại/Cốt truyện	Luồng hội thoại	Speaker_84_Name		A Lollo Logistics courier stands in front of you.
lang_multi_text.db	Flow_312800004_23	3.4	Hội thoại/Cốt truyện	Luồng hội thoại	Ảo Ảnh Của Người Giao Hàng		This is your package. Please sign for it... It should have arrived three days ago. I'm extremely sorry for the delay.
lang_multi_text.db	Flow_312800004_24	3.4	Hội thoại/Cốt truyện	Luồng hội thoại	Ảo Ảnh Của Người Giao Hàng		Due to a major accident, the traffic was down for a long time.
lang_multi_text.db	Flow_312800004_25	3.4	Hội thoại/Cốt truyện	Luồng hội thoại			I should have received it days ago.
lang_multi_text.db	Flow_312800004_27	3.4	Hội thoại/Cốt truyện	Luồng hội thoại	Ảo Ảnh Của Người Giao Hàng		I wonder if you still need it.
lang_multi_text.db	Flow_312800004_28	3.4	Hội thoại/Cốt truyện	Luồng hội thoại	Speaker_84_Name		A rotting smell spreads out. You cringe at the foul air.
lang_multi_text.db	Flow_312800004_29	3.4	Hội thoại/Cốt truyện	Luồng hội thoại	Ảo Ảnh Của Giáo Sư		Come here! Check the incubation room!
lang_multi_text.db	Flow_312800004_3	3.4	Hội thoại/Cốt truyện	Luồng hội thoại	Speaker_84_Name		A man covered in animal skin stands in front of you.
lang_multi_text.db	Flow_312800004_30	3.4	Hội thoại/Cốt truyện	Luồng hội thoại			Some Remnant Plants are growing.
lang_multi_text.db	Flow_312800004_31	3.4	Hội thoại/Cốt truyện	Luồng hội thoại			Professor, what's your new breed?
lang_multi_text.db	Flow_312800004_32	3.4	Hội thoại/Cốt truyện	Luồng hội thoại	Ảo Ảnh Của Giáo Sư		Look at the spikes on the vine. How exquisite...
lang_multi_text.db	Flow_312800004_34	3.4	Hội thoại/Cốt truyện	Luồng hội thoại	Speaker_84_Name		You see a young girl waving at you from a distance. In telltale excitement, she is holding the latest issue of Wutherium Geographic.
lang_multi_text.db	Flow_312800004_35	3.4	Hội thoại/Cốt truyện	Luồng hội thoại	Ảo Ảnh Của Thiếu Nữ		The Pioneer Association is holding a lottery event. Interested in giving it a go? Make a draw to win a free World Cruise!
lang_multi_text.db	Flow_312800004_4	3.4	Hội thoại/Cốt truyện	Luồng hội thoại	Ảo Ảnh Của Thổ Dân		Hail Hoop Lahu!
lang_multi_text.db	Flow_312800004_42	3.4	Hội thoại/Cốt truyện	Luồng hội thoại	Speaker_84_Name		The host of the hottest TV show in the past stands in front of you.
lang_multi_text.db	Flow_312800004_43	3.4	Hội thoại/Cốt truyện	Luồng hội thoại	Ảo Ảnh Của Người Dẫn Chương Trình		Congratulations! You've won the first prize!
lang_multi_text.db	Flow_312800004_44	3.4	Hội thoại/Cốt truyện	Luồng hội thoại	Ảo Ảnh Của Người Dẫn Chương Trình		Follow your instincts and tell me what you want most!
lang_multi_text.db	Flow_312800004_47	3.4	Hội thoại/Cốt truyện	Luồng hội thoại	Ảo Ảnh Của Người Dẫn Chương Trình		Before our winner reveals the prize, let's wait and see!
lang_multi_text.db	Flow_312800004_49	3.4	Hội thoại/Cốt truyện	Luồng hội thoại	Speaker_84_Name		These natives of Mount More worship a special TD that is capable of snatching human memories.
lang_multi_text.db	Flow_312800004_5	3.4	Hội thoại/Cốt truyện	Luồng hội thoại	Ảo Ảnh Của Thổ Dân		Sacrifice to Hoop Lahu. Hoop Lahu grants everything.
lang_multi_text.db	Flow_312800004_52	3.4	Hội thoại/Cốt truyện	Luồng hội thoại	Speaker_84_Name		You realize you've forgotten how you got to this cave.
lang_multi_text.db	Flow_312800004_53	3.4	Hội thoại/Cốt truyện	Luồng hội thoại	Ảo Ảnh Của Thổ Dân		Hail Hoop Lahu!
lang_multi_text.db	Flow_312800004_54	3.4	Hội thoại/Cốt truyện	Luồng hội thoại	Ảo Ảnh Của Thổ Dân		We will not force you. Choose at your will.
lang_multi_text.db	Flow_312800004_55	3.4	Hội thoại/Cốt truyện	Luồng hội thoại			Who's Hoop Lahu?
lang_multi_text.db	Flow_312800004_56	3.4	Hội thoại/Cốt truyện	Luồng hội thoại			Don't eat me!
lang_multi_text.db	Flow_312800004_57	3.4	Hội thoại/Cốt truyện	Luồng hội thoại	Ảo Ảnh Của Thổ Dân		Believe Hoop Lahu. Hoop Lahu grants everything.
lang_multi_text.db	Flow_312800004_58	3.4	Hội thoại/Cốt truyện	Luồng hội thoại	Ảo Ảnh Của Thổ Dân		Hail Hoop Lahu!
lang_multi_text.db	Flow_312800004_6	3.4	Hội thoại/Cốt truyện	Luồng hội thoại			Who's Hoop Lahu?
lang_multi_text.db	Flow_312800004_63	3.4	Hội thoại/Cốt truyện	Luồng hội thoại	Speaker_84_Name		You flee in panic without even looking back.
lang_multi_text.db	Flow_312800004_64	3.4	Hội thoại/Cốt truyện	Luồng hội thoại	Speaker_84_Name		Those dangerous experiences in the magazine make you tremble.
lang_multi_text.db	Flow_312800004_67	3.4	Hội thoại/Cốt truyện	Luồng hội thoại	Speaker_84_Name		A pain that penetrates your bones makes you sweat bullets. You have no recollection of when you got here, or even who you are.
lang_multi_text.db	Flow_312800004_69	3.4	Hội thoại/Cốt truyện	Luồng hội thoại	Speaker_84_Name		The magazine contains something that injects adrenaline into your body.
lang_multi_text.db	Flow_312800004_7	3.4	Hội thoại/Cốt truyện	Luồng hội thoại			Don't eat me!
lang_multi_text.db	Flow_312800004_70	3.4	Hội thoại/Cốt truyện	Luồng hội thoại	Speaker_84_Name		The magazine vividly portrays a picnic by a quiet lake.
lang_multi_text.db	Flow_312800004_71	3.4	Hội thoại/Cốt truyện	Luồng hội thoại	Speaker_84_Name		You take a relaxing nap beside the terrified Exiles and then head off.
lang_multi_text.db	Flow_312800004_75	3.4	Hội thoại/Cốt truyện	Luồng hội thoại	Speaker_84_Name		You pour out your hunting skills to the Exiles and retrieve your loss.
lang_multi_text.db	Flow_312800004_76	3.4	Hội thoại/Cốt truyện	Luồng hội thoại	Speaker_84_Name		After taking the money, you send the courier away.
lang_multi_text.db	Flow_312800004_77	3.4	Hội thoại/Cốt truyện	Luồng hội thoại	Speaker_84_Name		You take the record, racing with heartbeats to play it. The music sounds like a sharp hiss that makes you tremble. But it doesn't matter, since you're bored enough for a little thrill.
lang_multi_text.db	Flow_312800004_79	3.4	Hội thoại/Cốt truyện	Luồng hội thoại	Speaker_84_Name		The vine sucks on your fingertips. It's craving for more...
lang_multi_text.db	Flow_312800004_81	3.4	Hội thoại/Cốt truyện	Luồng hội thoại	Speaker_84_Name		In vague sound, you hear its call. It yearns for more...
lang_multi_text.db	Flow_312800004_82	3.4	Hội thoại/Cốt truyện	Luồng hội thoại	Speaker_84_Name		Before you know it, you awake from a sudden collapse when the vine finally retreats to its incubation chamber.
lang_multi_text.db	Flow_312800004_83	3.4	Hội thoại/Cốt truyện	Luồng hội thoại	Speaker_84_Name		You take a step back, with no intention of going near it.
lang_multi_text.db	Flow_312800004_84	3.4	Hội thoại/Cốt truyện	Luồng hội thoại	Speaker_84_Name		Want to try again? I knew you've got the luck!
lang_multi_text.db	Flow_312800004_85	3.4	Hội thoại/Cốt truyện	Luồng hội thoại	Speaker_84_Name		Congratulations! You've got third prize. Maybe you're the destined winner of our grand prize.
lang_multi_text.db	Flow_312800004_86	3.4	Hội thoại/Cốt truyện	Luồng hội thoại	Speaker_84_Name		I have a feeling that you'll win the grand prize next time.
lang_multi_text.db	Flow_312800004_88	3.4	Hội thoại/Cốt truyện	Luồng hội thoại	Ảo Ảnh Của Thiếu Nữ		Sorry, but we've run out of prizes. I'll go back and check again... Maybe next time, you will win the grand prize!
lang_multi_text.db	Flow_312800004_9	3.4	Hội thoại/Cốt truyện	Luồng hội thoại	Speaker_84_Name		You see a shabby man who is selling New Federation magazines.
lang_multi_text.db	Flow_312800004_90	3.4	Hội thoại/Cốt truyện	Luồng hội thoại	Speaker_84_Name		You refuse to draw the raffle. Your gut feeling says you're not lucky enough.
lang_multi_text.db	Flow_312800004_91	3.4	Hội thoại/Cốt truyện	Luồng hội thoại	Speaker_84_Name		You take your souvenirs and leave with satisfaction.
lang_multi_text.db	Flow_312800004_92	3.4	Hội thoại/Cốt truyện	Luồng hội thoại	Speaker_84_Name		You pick a weapon and leave with satisfaction.
lang_multi_text.db	Flow_312800004_93	3.4	Hội thoại/Cốt truyện	Luồng hội thoại	Speaker_84_Name		You shoulder the safe and leave with satisfaction.
lang_multi_text.db	Flow_312800004_94	3.4	Hội thoại/Cốt truyện	Luồng hội thoại	Speaker_84_Name		You feel like your whole body is filled with power.
lang_multi_text.db	Flow_312800004_95	3.4	Hội thoại/Cốt truyện	Luồng hội thoại	Speaker_84_Name		Memories come flooding back to you like a tidal wave. You recalled joining a sacrificial rite. The macabre details of the rite chill you to the bone. Desperately shining away from these horrible images, you darted off like a hunted animal.
lang_multi_text.db	Flow_312800004_97	3.4	Hội thoại/Cốt truyện	Luồng hội thoại			You are in a huge cave, surrounded by a group of people clad in animal skins.
lang_multi_text.db	Flow_312800004_99	3.4	Hội thoại/Cốt truyện	Luồng hội thoại	Speaker_84_Name		You feel a sting. You suddenly feel like you've forgotten something.
lang_multi_text.db	Flow_312800005_10	3.4	Hội thoại/Cốt truyện	Luồng hội thoại	Speaker_84_Name		You feel your pockets and have just enough SHC left to buy one.
lang_multi_text.db	Flow_312800005_11	3.4	Hội thoại/Cốt truyện	Luồng hội thoại	Ảo Ảnh Của Người Đàn Ông		Sir, would you like a magazine?
lang_multi_text.db	Flow_312800005_15	3.4	Hội thoại/Cốt truyện	Luồng hội thoại	Speaker_84_Name		Today is the day of the hunt. But you are sitting like a monarch in a camp surrounded by trembling Exiles.
lang_multi_text.db	Flow_312800005_16	3.4	Hội thoại/Cốt truyện	Luồng hội thoại	Ảo Ảnh Của Kẻ Lưu Đày		I'm sorry! We didn't recognize you, we won't dare next time. ......
lang_multi_text.db	Flow_312800005_17	3.4	Hội thoại/Cốt truyện	Luồng hội thoại	Ảo Ảnh Của Kẻ Lưu Đày		Brethren have not eaten today ...... really hungry to think of robbing ......
lang_multi_text.db	Flow_312800005_18	3.4	Hội thoại/Cốt truyện	Luồng hội thoại	Ảo Ảnh Của Kẻ Lưu Đày		Please spare us! We'll do anything!
lang_multi_text.db	Flow_312800005_19	3.4	Hội thoại/Cốt truyện	Luồng hội thoại	Speaker_84_Name		You're stuck at home on the couch, bored and listening to records that have gone out of style.
lang_multi_text.db	Flow_312800005_23	3.4	Hội thoại/Cốt truyện	Luồng hội thoại	Ảo Ảnh Của Người Giao Hàng		Excuse me, it's your express ...... I'm really sorry, it was supposed to arrive three days ago.
lang_multi_text.db	Flow_312800005_24	3.4	Hội thoại/Cốt truyện	Luồng hội thoại	Ảo Ảnh Của Người Giao Hàng		Due to a major accident, the traffic artery Immobilized for a long time.
lang_multi_text.db	Flow_312800005_25	3.4	Hội thoại/Cốt truyện	Luồng hội thoại			Why are you so late?
lang_multi_text.db	Flow_312800005_27	3.4	Hội thoại/Cốt truyện	Luồng hội thoại	Ảo Ảnh Của Người Giao Hàng		Do you need this shipment now?
lang_multi_text.db	Flow_312800005_28	3.4	Hội thoại/Cốt truyện	Luồng hội thoại	Speaker_84_Name		A rotting smell Spreads through the air.You cringe.
lang_multi_text.db	Flow_312800005_29	3.4	Hội thoại/Cốt truyện	Luồng hội thoại	Ảo Ảnh Của Giáo Sư		You come over here and look in the incubation room!
lang_multi_text.db	Flow_312800005_3	3.4	Hội thoại/Cốt truyện	Luồng hội thoại	Speaker_84_Name		You are in a huge cave, surrounded by a group of people clad in animal skins.
lang_multi_text.db	Flow_312800005_30	3.4	Hội thoại/Cốt truyện	Luồng hội thoại			There are Remnant plants growing.
lang_multi_text.db	Flow_312800005_31	3.4	Hội thoại/Cốt truyện	Luồng hội thoại			Professor, what have you bred again?
lang_multi_text.db	Flow_312800005_32	3.4	Hội thoại/Cốt truyện	Luồng hội thoại	Ảo Ảnh Của Giáo Sư		Look at the spikes on this vine, how beautiful she is ......
lang_multi_text.db	Flow_312800005_34	3.4	Hội thoại/Cốt truyện	Luồng hội thoại	Speaker_84_Name		You see a young girl waving at you from a distance. She is holding the latest issue of Wutherium Geographic and is full of excitement.
lang_multi_text.db	Flow_312800005_35	3.4	Hội thoại/Cốt truyện	Luồng hội thoại	Ảo Ảnh Của Thiếu Nữ		Have you heard? Alexander has made another discovery!
lang_multi_text.db	Flow_312800005_4	3.4	Hội thoại/Cốt truyện	Luồng hội thoại	Ảo Ảnh Của Thổ Dân		Hoo hoo hoo supreme!
lang_multi_text.db	Flow_312800005_42	3.4	Hội thoại/Cốt truyện	Luồng hội thoại	Speaker_84_Name		You are in a huge studio. This is Leslie Studios, and you're about to be on the hottest TV show of the old Solaris-3 days.
lang_multi_text.db	Flow_312800005_43	3.4	Hội thoại/Cốt truyện	Luồng hội thoại	Ảo Ảnh Của Người Dẫn Chương Trình		Congratulations on winning the final prize for this episode!
lang_multi_text.db	Flow_312800005_44	3.4	Hội thoại/Cốt truyện	Luồng hội thoại	Ảo Ảnh Của Người Dẫn Chương Trình		Follow your instincts and tell me what you want most from the prize!
lang_multi_text.db	Flow_312800005_47	3.4	Hội thoại/Cốt truyện	Luồng hội thoại	Ảo Ảnh Của Người Dẫn Chương Trình		What prize will the winner choose? Please wait and see!
lang_multi_text.db	Flow_312800005_48	3.4	Hội thoại/Cốt truyện	Luồng hội thoại	Speaker_84_Name		You are in a huge cave, surrounded by a group of people clad in animal skins.
lang_multi_text.db	Flow_312800005_49	3.4	Hội thoại/Cốt truyện	Luồng hội thoại	Speaker_84_Name		They are natives of the Mole Mountains and worship a special TD. it is said that the TD can take away one's memories.
lang_multi_text.db	Flow_312800005_5	3.4	Hội thoại/Cốt truyện	Luồng hội thoại	Ảo Ảnh Của Thổ Dân		Offerings to, ooh hoo la hoo. Ho ho ho rahoo, give you everything.
lang_multi_text.db	Flow_312800005_52	3.4	Hội thoại/Cốt truyện	Luồng hội thoại	Speaker_84_Name		You realize you've forgotten how you got to this cave.
lang_multi_text.db	Flow_312800005_53	3.4	Hội thoại/Cốt truyện	Luồng hội thoại	Ảo Ảnh Của Thổ Dân		Hoo hoo hoo supreme!
lang_multi_text.db	Flow_312800005_54	3.4	Hội thoại/Cốt truyện	Luồng hội thoại	Ảo Ảnh Của Thổ Dân		We, not forced. You, choose.
lang_multi_text.db	Flow_312800005_55	3.4	Hội thoại/Cốt truyện	Luồng hội thoại			Who's the ooh-la-la-la-la-la-la-la-la-la-la-la-la?
lang_multi_text.db	Flow_312800005_56	3.4	Hội thoại/Cốt truyện	Luồng hội thoại			Don't eat me!
lang_multi_text.db	Flow_312800005_57	3.4	Hội thoại/Cốt truyện	Luồng hội thoại	Ảo Ảnh Của Thổ Dân		Don't leave, Mt. Moore. Hoo hoo la hoo, give you everything.
lang_multi_text.db	Flow_312800005_58	3.4	Hội thoại/Cốt truyện	Luồng hội thoại	Ảo Ảnh Của Thổ Dân		Hoo hoo hoo supreme!
lang_multi_text.db	Flow_312800005_6	3.4	Hội thoại/Cốt truyện	Luồng hội thoại			Who's the ooh-la-la-la-la-la-la-la-la-la-la-la-la?
lang_multi_text.db	Flow_312800005_61	3.4	Hội thoại/Cốt truyện	Luồng hội thoại	Speaker_84_Name		You feel a tingle.
lang_multi_text.db	Flow_312800005_63	3.4	Hội thoại/Cốt truyện	Luồng hội thoại	Speaker_84_Name		You fled the place in disarray and didn't look back once.
lang_multi_text.db	Flow_312800005_64	3.4	Hội thoại/Cốt truyện	Luồng hội thoại	Speaker_84_Name		The dangerous experiences depicted in the magazine will make you tremble.
lang_multi_text.db	Flow_312800005_65	3.4	Hội thoại/Cốt truyện	Luồng hội thoại	Speaker_84_Name		Upon returning to your senses, you realize that you have left the cave.
lang_multi_text.db	Flow_312800005_67	3.4	Hội thoại/Cốt truyện	Luồng hội thoại	Speaker_84_Name		A pain deep in your bones wakes you up.
lang_multi_text.db	Flow_312800005_68	3.4	Hội thoại/Cốt truyện	Luồng hội thoại	Speaker_84_Name		You find yourself in a huge cave and have absolutely no recollection of when you got here.
lang_multi_text.db	Flow_312800005_69	3.4	Hội thoại/Cốt truyện	Luồng hội thoại	Speaker_84_Name		The magazines have content that will get your blood pumping.
lang_multi_text.db	Flow_312800005_7	3.4	Hội thoại/Cốt truyện	Luồng hội thoại			Don't eat me!
lang_multi_text.db	Flow_312800005_70	3.4	Hội thoại/Cốt truyện	Luồng hội thoại	Speaker_84_Name		The magazine depicts a picnic by a quiet lake.
lang_multi_text.db	Flow_312800005_71	3.4	Hội thoại/Cốt truyện	Luồng hội thoại	Speaker_84_Name		You finish enjoying the food offered by Exiles, and then you head off.
lang_multi_text.db	Flow_312800005_75	3.4	Hội thoại/Cốt truyện	Luồng hội thoại	Speaker_84_Name		Under your tutelage, the Exiles learned to hunt, and you took back what you had lost.
lang_multi_text.db	Flow_312800005_76	3.4	Hội thoại/Cốt truyện	Luồng hội thoại	Speaker_84_Name		You finish enjoying the food offered by Exiles, and then you head off.
lang_multi_text.db	Flow_312800005_77	3.4	Hội thoại/Cốt truyện	Luồng hội thoại	Speaker_84_Name		You take the record and can't wait to listen to it.
lang_multi_text.db	Flow_312800005_78	3.4	Hội thoại/Cốt truyện	Luồng hội thoại	Speaker_84_Name		The music sounded like a sharp hiss, and it made you tremble. But you don't care, because wariness is far better than boredom.
lang_multi_text.db	Flow_312800005_79	3.4	Hội thoại/Cốt truyện	Luồng hội thoại	Speaker_84_Name		The vine sucks on your fingertips. It's thirsting for more ......
lang_multi_text.db	Flow_312800005_8	3.4	Hội thoại/Cốt truyện	Luồng hội thoại	Ảo Ảnh Của Thổ Dân		Hoo hoo hoo supreme!
lang_multi_text.db	Flow_312800005_81	3.4	Hội thoại/Cốt truyện	Luồng hội thoại	Speaker_84_Name		It's as if you hear the vine responding to you. It is never satisfied ......
lang_multi_text.db	Flow_312800005_82	3.4	Hội thoại/Cốt truyện	Luồng hội thoại	Speaker_84_Name		You almost fainted. I don't know how long it took, but the thorn finally pulled away from you and returned to the incubation chamber.
lang_multi_text.db	Flow_312800005_83	3.4	Hội thoại/Cốt truyện	Luồng hội thoại	Speaker_84_Name		You take a half step back, unwilling to go any closer to the thorns.
lang_multi_text.db	Flow_312800005_84	3.4	Hội thoại/Cốt truyện	Luồng hội thoại	Speaker_84_Name		You have come to the outskirts of the Rift Valley and found many ores that have never been seen before.
lang_multi_text.db	Flow_312800005_85	3.4	Hội thoại/Cốt truyện	Luồng hội thoại	Speaker_84_Name		You have come to the heart of the Rift Valley and found the kettle that Alexander left behind.
lang_multi_text.db	Flow_312800005_86	3.4	Hội thoại/Cốt truyện	Luồng hội thoại	Speaker_84_Name		You have come to the depths of the Rift Valley and seen that it is devoid of life.
lang_multi_text.db	Flow_312800005_87	3.4	Hội thoại/Cốt truyện	Luồng hội thoại	Speaker_84_Name		You have come to the end of the Rift.
lang_multi_text.db	Flow_312800005_88	3.4	Hội thoại/Cốt truyện	Luồng hội thoại	Ảo Ảnh Của Thiếu Nữ		No, it's not true! Alexander he ......
lang_multi_text.db	Flow_312800005_89	3.4	Hội thoại/Cốt truyện	Luồng hội thoại	Ảo Ảnh Của Thiếu Nữ		I'm sorry ...... You're right, there's nothing in the Rift Valley but despair and death ......
lang_multi_text.db	Flow_312800005_9	3.4	Hội thoại/Cốt truyện	Luồng hội thoại	Speaker_84_Name		You're in an old New Federation street and around a corner you see a shabby man who is selling the magazine in his hand.
lang_multi_text.db	Flow_312800005_90	3.4	Hội thoại/Cốt truyện	Luồng hội thoại	Speaker_84_Name		You refused the operation. Intuition tells you that there is only despair and death at the end of the Rift.
lang_multi_text.db	Flow_312800005_91	3.4	Hội thoại/Cốt truyện	Luồng hội thoại	Speaker_84_Name		You take your souvenirs and leave satisfied.
lang_multi_text.db	Flow_312800005_92	3.4	Hội thoại/Cốt truyện	Luồng hội thoại	Speaker_84_Name		You piggyback a weapon and leave satisfied.
lang_multi_text.db	Flow_312800005_93	3.4	Hội thoại/Cốt truyện	Luồng hội thoại	Speaker_84_Name		You shoulder the safe and leave satisfied.
lang_multi_text.db	Flow_312800005_94	3.4	Hội thoại/Cốt truyện	Luồng hội thoại	Speaker_84_Name		You feel like your whole body is filled with power.
lang_multi_text.db	Flow_312800005_95	3.4	Hội thoại/Cốt truyện	Luồng hội thoại	Speaker_84_Name		Memories come flooding back to you like a tidal wave.
lang_multi_text.db	Flow_312800005_96	3.4	Hội thoại/Cốt truyện	Luồng hội thoại	Speaker_84_Name		After that, you gradually forgot about the outside world and never left Mount Moore for the rest of your life.
lang_multi_text.db	Flow_312800005_97	3.4	Hội thoại/Cốt truyện	Luồng hội thoại	Speaker_84_Name		You remember that you participated in an ooh-la-la-la-la ritual and stayed in this cave afterward.
lang_multi_text.db	Flow_312800005_98	3.4	Hội thoại/Cốt truyện	Luồng hội thoại	Speaker_84_Name		Memories of the details of the ritual terrify you. Not wanting to think about it any more, you flee as if you were leaving the cave.
lang_multi_text.db	Flow_312800006_10	3.4	Hội thoại/Cốt truyện	Luồng hội thoại	Speaker_84_Name		You feel your pockets and have just enough SHC left to buy one.
lang_multi_text.db	Flow_312800006_11	3.4	Hội thoại/Cốt truyện	Luồng hội thoại	Ảo Ảnh Của Người Đàn Ông		Sir, would you like a magazine?
lang_multi_text.db	Flow_312800006_15	3.4	Hội thoại/Cốt truyện	Luồng hội thoại	Speaker_84_Name		Today is the day of the hunt. But you are sitting like a monarch in a camp surrounded by trembling Exiles.
lang_multi_text.db	Flow_312800006_16	3.4	Hội thoại/Cốt truyện	Luồng hội thoại	Ảo Ảnh Của Kẻ Lưu Đày		I'm sorry! We didn't recognize you, we won't dare next time. ......
lang_multi_text.db	Flow_312800006_17	3.4	Hội thoại/Cốt truyện	Luồng hội thoại	Ảo Ảnh Của Kẻ Lưu Đày		Brethren have not eaten today ...... really hungry to think of robbing ......
lang_multi_text.db	Flow_312800006_18	3.4	Hội thoại/Cốt truyện	Luồng hội thoại	Ảo Ảnh Của Kẻ Lưu Đày		Please spare us! We'll do anything!
lang_multi_text.db	Flow_312800006_19	3.4	Hội thoại/Cốt truyện	Luồng hội thoại	Speaker_84_Name		You're stuck at home on the couch, bored and listening to records that have gone out of style.
lang_multi_text.db	Flow_312800006_23	3.4	Hội thoại/Cốt truyện	Luồng hội thoại	Ảo Ảnh Của Người Giao Hàng		Excuse me, it's your express ...... I'm really sorry, it was supposed to arrive three days ago.
lang_multi_text.db	Flow_312800006_24	3.4	Hội thoại/Cốt truyện	Luồng hội thoại	Ảo Ảnh Của Người Giao Hàng		Due to a major accident, the traffic artery Immobilized for a long time.
lang_multi_text.db	Flow_312800006_25	3.4	Hội thoại/Cốt truyện	Luồng hội thoại			Why are you so late?
lang_multi_text.db	Flow_312800006_27	3.4	Hội thoại/Cốt truyện	Luồng hội thoại	Ảo Ảnh Của Người Giao Hàng		Do you need this shipment now?
lang_multi_text.db	Flow_312800006_28	3.4	Hội thoại/Cốt truyện	Luồng hội thoại	Speaker_84_Name		A rotting smell Spreads through the air.You cringe.
lang_multi_text.db	Flow_312800006_29	3.4	Hội thoại/Cốt truyện	Luồng hội thoại	Ảo Ảnh Của Giáo Sư		You come over here and look in the incubation room!
lang_multi_text.db	Flow_312800006_3	3.4	Hội thoại/Cốt truyện	Luồng hội thoại	Speaker_84_Name		You are in a huge cave, surrounded by a group of people clad in animal skins.
lang_multi_text.db	Flow_312800006_30	3.4	Hội thoại/Cốt truyện	Luồng hội thoại			There are Remnant plants growing.
lang_multi_text.db	Flow_312800006_31	3.4	Hội thoại/Cốt truyện	Luồng hội thoại			Professor, what have you bred again?
lang_multi_text.db	Flow_312800006_32	3.4	Hội thoại/Cốt truyện	Luồng hội thoại	Ảo Ảnh Của Giáo Sư		Look at the spikes on this vine, how beautiful she is ......
lang_multi_text.db	Flow_312800006_34	3.4	Hội thoại/Cốt truyện	Luồng hội thoại	Speaker_84_Name		You see a young girl waving at you from a distance. She is holding the latest issue of Wutherium Geographic and is full of excitement.
lang_multi_text.db	Flow_312800006_35	3.4	Hội thoại/Cốt truyện	Luồng hội thoại	Ảo Ảnh Của Thiếu Nữ		Have you heard? Alexander has made another discovery!
lang_multi_text.db	Flow_312800006_4	3.4	Hội thoại/Cốt truyện	Luồng hội thoại	Ảo Ảnh Của Thổ Dân		Hoo hoo hoo supreme!
lang_multi_text.db	Flow_312800006_42	3.4	Hội thoại/Cốt truyện	Luồng hội thoại	Speaker_84_Name		You are in a huge studio. This is Leslie Studios, and you're about to be on the hottest TV show of the old Solaris-3 days.
lang_multi_text.db	Flow_312800006_43	3.4	Hội thoại/Cốt truyện	Luồng hội thoại	Ảo Ảnh Của Người Dẫn Chương Trình		Congratulations on winning the final prize for this episode!
lang_multi_text.db	Flow_312800006_44	3.4	Hội thoại/Cốt truyện	Luồng hội thoại	Ảo Ảnh Của Người Dẫn Chương Trình		Follow your instincts and tell me what you want most from the prize!
lang_multi_text.db	Flow_312800006_47	3.4	Hội thoại/Cốt truyện	Luồng hội thoại	Ảo Ảnh Của Người Dẫn Chương Trình		What prize will the winner choose? Please wait and see!
lang_multi_text.db	Flow_312800006_48	3.4	Hội thoại/Cốt truyện	Luồng hội thoại	Speaker_84_Name		You are in a huge cave, surrounded by a group of people clad in animal skins.
lang_multi_text.db	Flow_312800006_49	3.4	Hội thoại/Cốt truyện	Luồng hội thoại	Speaker_84_Name		They are natives of the Mole Mountains and worship a special TD. it is said that the TD can take away one's memories.
lang_multi_text.db	Flow_312800006_5	3.4	Hội thoại/Cốt truyện	Luồng hội thoại	Ảo Ảnh Của Thổ Dân		Offerings to, ooh hoo la hoo. Ho ho ho rahoo, give you everything.
lang_multi_text.db	Flow_312800006_52	3.4	Hội thoại/Cốt truyện	Luồng hội thoại	Speaker_84_Name		You realize you've forgotten how you got to this cave.
lang_multi_text.db	Flow_312800006_53	3.4	Hội thoại/Cốt truyện	Luồng hội thoại	Ảo Ảnh Của Thổ Dân		Hoo hoo hoo supreme!
lang_multi_text.db	Flow_312800006_54	3.4	Hội thoại/Cốt truyện	Luồng hội thoại	Ảo Ảnh Của Thổ Dân		We, not forced. You, choose.
lang_multi_text.db	Flow_312800006_55	3.4	Hội thoại/Cốt truyện	Luồng hội thoại			Who's the ooh-la-la-la-la-la-la-la-la-la-la-la-la?
lang_multi_text.db	Flow_312800006_56	3.4	Hội thoại/Cốt truyện	Luồng hội thoại			Don't eat me!
lang_multi_text.db	Flow_312800006_57	3.4	Hội thoại/Cốt truyện	Luồng hội thoại	Ảo Ảnh Của Thổ Dân		Don't leave, Mt. Moore. Hoo hoo la hoo, give you everything.
lang_multi_text.db	Flow_312800006_58	3.4	Hội thoại/Cốt truyện	Luồng hội thoại	Ảo Ảnh Của Thổ Dân		Hoo hoo hoo supreme!
lang_multi_text.db	Flow_312800006_6	3.4	Hội thoại/Cốt truyện	Luồng hội thoại			Who's the ooh-la-la-la-la-la-la-la-la-la-la-la-la?
lang_multi_text.db	Flow_312800006_61	3.4	Hội thoại/Cốt truyện	Luồng hội thoại	Speaker_84_Name		You feel a tingle.
lang_multi_text.db	Flow_312800006_63	3.4	Hội thoại/Cốt truyện	Luồng hội thoại	Speaker_84_Name		You fled the place in disarray and didn't look back once.
lang_multi_text.db	Flow_312800006_64	3.4	Hội thoại/Cốt truyện	Luồng hội thoại	Speaker_84_Name		The dangerous experiences depicted in the magazine will make you tremble.
lang_multi_text.db	Flow_312800006_65	3.4	Hội thoại/Cốt truyện	Luồng hội thoại	Speaker_84_Name		Upon returning to your senses, you realize that you have left the cave.
lang_multi_text.db	Flow_312800006_67	3.4	Hội thoại/Cốt truyện	Luồng hội thoại	Speaker_84_Name		A pain deep in your bones wakes you up.
lang_multi_text.db	Flow_312800006_68	3.4	Hội thoại/Cốt truyện	Luồng hội thoại	Speaker_84_Name		You find yourself in a huge cave and have absolutely no recollection of when you got here.
lang_multi_text.db	Flow_312800006_69	3.4	Hội thoại/Cốt truyện	Luồng hội thoại	Speaker_84_Name		The magazines have content that will get your blood pumping.
lang_multi_text.db	Flow_312800006_7	3.4	Hội thoại/Cốt truyện	Luồng hội thoại			Don't eat me!
lang_multi_text.db	Flow_312800006_70	3.4	Hội thoại/Cốt truyện	Luồng hội thoại	Speaker_84_Name		The magazine depicts a picnic by a quiet lake.
lang_multi_text.db	Flow_312800006_71	3.4	Hội thoại/Cốt truyện	Luồng hội thoại	Speaker_84_Name		You finish enjoying the food offered by Exiles, and then you head off.
lang_multi_text.db	Flow_312800006_75	3.4	Hội thoại/Cốt truyện	Luồng hội thoại	Speaker_84_Name		Under your tutelage, the Exiles learned to hunt, and you took back what you had lost.
lang_multi_text.db	Flow_312800006_76	3.4	Hội thoại/Cốt truyện	Luồng hội thoại	Speaker_84_Name		You finish enjoying the food offered by Exiles, and then you head off.
lang_multi_text.db	Flow_312800006_77	3.4	Hội thoại/Cốt truyện	Luồng hội thoại	Speaker_84_Name		You take the record and can't wait to listen to it.
lang_multi_text.db	Flow_312800006_78	3.4	Hội thoại/Cốt truyện	Luồng hội thoại	Speaker_84_Name		The music sounded like a sharp hiss, and it made you tremble. But you don't care, because wariness is far better than boredom.
lang_multi_text.db	Flow_312800006_79	3.4	Hội thoại/Cốt truyện	Luồng hội thoại	Speaker_84_Name		The vine sucks on your fingertips. It's thirsting for more ......
lang_multi_text.db	Flow_312800006_8	3.4	Hội thoại/Cốt truyện	Luồng hội thoại	Ảo Ảnh Của Thổ Dân		Hoo hoo hoo supreme!
lang_multi_text.db	Flow_312800006_81	3.4	Hội thoại/Cốt truyện	Luồng hội thoại	Speaker_84_Name		It's as if you hear the vine responding to you. It is never satisfied ......
lang_multi_text.db	Flow_312800006_82	3.4	Hội thoại/Cốt truyện	Luồng hội thoại	Speaker_84_Name		You almost fainted. I don't know how long it took, but the thorn finally pulled away from you and returned to the incubation chamber.
lang_multi_text.db	Flow_312800006_83	3.4	Hội thoại/Cốt truyện	Luồng hội thoại	Speaker_84_Name		You take a half step back, unwilling to go any closer to the thorns.
lang_multi_text.db	Flow_312800006_84	3.4	Hội thoại/Cốt truyện	Luồng hội thoại	Speaker_84_Name		You have come to the outskirts of the Rift Valley and found many ores that have never been seen before.
lang_multi_text.db	Flow_312800006_85	3.4	Hội thoại/Cốt truyện	Luồng hội thoại	Speaker_84_Name		You have come to the heart of the Rift Valley and found the kettle that Alexander left behind.
lang_multi_text.db	Flow_312800006_86	3.4	Hội thoại/Cốt truyện	Luồng hội thoại	Speaker_84_Name		You have come to the depths of the Rift Valley and seen that it is devoid of life.
lang_multi_text.db	Flow_312800006_87	3.4	Hội thoại/Cốt truyện	Luồng hội thoại	Speaker_84_Name		You have come to the end of the Rift.
lang_multi_text.db	Flow_312800006_88	3.4	Hội thoại/Cốt truyện	Luồng hội thoại	Ảo Ảnh Của Thiếu Nữ		No, it's not true! Alexander he ......
lang_multi_text.db	Flow_312800006_89	3.4	Hội thoại/Cốt truyện	Luồng hội thoại	Ảo Ảnh Của Thiếu Nữ		I'm sorry ...... You're right, there's nothing in the Rift Valley but despair and death ......
lang_multi_text.db	Flow_312800006_9	3.4	Hội thoại/Cốt truyện	Luồng hội thoại	Speaker_84_Name		You're in an old New Federation street and around a corner you see a shabby man who is selling the magazine in his hand.
lang_multi_text.db	Flow_312800006_90	3.4	Hội thoại/Cốt truyện	Luồng hội thoại	Speaker_84_Name		You refused the operation. Intuition tells you that there is only despair and death at the end of the Rift.
lang_multi_text.db	Flow_312800006_91	3.4	Hội thoại/Cốt truyện	Luồng hội thoại	Speaker_84_Name		You take your souvenirs and leave satisfied.
lang_multi_text.db	Flow_312800006_92	3.4	Hội thoại/Cốt truyện	Luồng hội thoại	Speaker_84_Name		You piggyback a weapon and leave satisfied.
lang_multi_text.db	Flow_312800006_93	3.4	Hội thoại/Cốt truyện	Luồng hội thoại	Speaker_84_Name		You shoulder the safe and leave satisfied.
lang_multi_text.db	Flow_312800006_94	3.4	Hội thoại/Cốt truyện	Luồng hội thoại	Speaker_84_Name		You feel like your whole body is filled with power.
lang_multi_text.db	Flow_312800006_95	3.4	Hội thoại/Cốt truyện	Luồng hội thoại	Speaker_84_Name		Memories come flooding back to you like a tidal wave.
lang_multi_text.db	Flow_312800006_96	3.4	Hội thoại/Cốt truyện	Luồng hội thoại	Speaker_84_Name		After that, you gradually forgot about the outside world and never left Mount Moore for the rest of your life.
lang_multi_text.db	Flow_312800006_97	3.4	Hội thoại/Cốt truyện	Luồng hội thoại	Speaker_84_Name		You remember that you participated in an ooh-la-la-la-la ritual and stayed in this cave afterward.
lang_multi_text.db	Flow_312800006_98	3.4	Hội thoại/Cốt truyện	Luồng hội thoại	Speaker_84_Name		Memories of the details of the ritual terrify you. Not wanting to think about it any more, you flee as if you were leaving the cave.
lang_multi_text.db	Flow_312900000_1	3.4	Hội thoại/Cốt truyện	Luồng hội thoại	Hình Ảnh Mộng Mị		Hi! Long time no see.
lang_multi_text.db	Flow_312900000_10	3.4	Hội thoại/Cốt truyện	Luồng hội thoại	NPC #900093		Escape? There's no escaping the rolling wheels of history.
lang_multi_text.db	Flow_312900000_11	3.4	Hội thoại/Cốt truyện	Luồng hội thoại	NPC #900093		And you're about to witness my small contribution to the fire that will soon consume all...
lang_multi_text.db	Flow_312900000_12	3.4	Hội thoại/Cốt truyện	Luồng hội thoại			Yeah, yeah, sure. In my dream or not...
lang_multi_text.db	Flow_312900000_13	3.4	Hội thoại/Cốt truyện	Luồng hội thoại			...you're just gonna be you, I guess.
lang_multi_text.db	Flow_312900000_3	3.4	Hội thoại/Cốt truyện	Luồng hội thoại	Hình Ảnh Mộng Mị		I dreamed of something cool. I was planning to share it with you!
lang_multi_text.db	Flow_312900000_4	3.4	Hội thoại/Cốt truyện	Luồng hội thoại			It's been a while.
lang_multi_text.db	Flow_312900000_5	3.4	Hội thoại/Cốt truyện	Luồng hội thoại			I'm happy to see you again.
lang_multi_text.db	Flow_312900000_6	3.4	Hội thoại/Cốt truyện	Luồng hội thoại	Hình Ảnh Mộng Mị		I dreamed of...
lang_multi_text.db	Flow_312900000_7	3.4	Hội thoại/Cốt truyện	Luồng hội thoại	NPC #900093		I dreamed of a new world rising from the ashes of the old.
lang_multi_text.db	Flow_312900000_8	3.4	Hội thoại/Cốt truyện	Luồng hội thoại			...Scar. Why are YOU here?
lang_multi_text.db	Flow_312900000_9	3.4	Hội thoại/Cốt truyện	Luồng hội thoại			When did you escape from that prison?
lang_multi_text.db	Flow_313700000_1	3.4	Hội thoại/Cốt truyện	Luồng hội thoại	Speaker_84_Name		The silver-haired woman stands still, with one hand covering her eyes.
lang_multi_text.db	Flow_313700000_10	3.4	Hội thoại/Cốt truyện	Luồng hội thoại	Ngâm Lâm		Yinlin. My name...
lang_multi_text.db	Flow_313700000_100	3.4	Hội thoại/Cốt truyện	Luồng hội thoại	Verina		One candle, two candles... Right, that's seven. Daddy, mommy, and Star, let's blow the candles together and wish me a happy birthday!
lang_multi_text.db	Flow_313700000_101	3.4	Hội thoại/Cốt truyện	Luồng hội thoại	Speaker_84_Name		The candles on the cake are lit up. Bear toys sit around the square table, with cards on their chests reading "Daddy" and "Mommy." You wonder if you might be another bear toy here.
lang_multi_text.db	Flow_313700000_102	3.4	Hội thoại/Cốt truyện	Luồng hội thoại	Speaker_84_Name		You watch as the girl closes her eyes and makes a wish with anticipation all over her face.
lang_multi_text.db	Flow_313700000_103	3.4	Hội thoại/Cốt truyện	Luồng hội thoại	Speaker_84_Name		Surprised, Verina comes close to you and exclaims that this is life's miracle.
lang_multi_text.db	Flow_313700000_104	3.4	Hội thoại/Cốt truyện	Luồng hội thoại	Verina		Is this... my birthday gift? Then I don't have to eat up the whole cake alone.
lang_multi_text.db	Flow_313700000_105	3.4	Hội thoại/Cốt truyện	Luồng hội thoại			She excitedly gives you a slice of cake. As the sweetness hits your tongue, you notice all the clocks in the room are frozen, pointing at the same moment.
lang_multi_text.db	Flow_313700000_106	3.4	Hội thoại/Cốt truyện	Luồng hội thoại	Speaker_84_Name		The TV next to you keeps repeating the same news: "Today, a famous explorer couple went missing at…"
lang_multi_text.db	Flow_313700000_107	3.4	Hội thoại/Cốt truyện	Luồng hội thoại	Speaker_84_Name		She blows out the candles, cuts the cake into neat slices, and presents them to the dolls around her. Looking at the cake, you join her in silently wishing...
lang_multi_text.db	Flow_313700000_108	3.4	Hội thoại/Cốt truyện	Luồng hội thoại	Verina		Happy birthday, Verina!
lang_multi_text.db	Flow_313700000_109	3.4	Hội thoại/Cốt truyện	Luồng hội thoại	Rover		That's what I thought.
lang_multi_text.db	Flow_313700000_11	3.4	Hội thoại/Cốt truyện	Luồng hội thoại	Speaker_84_Name		She stops moving but appears to nod, as if to say thank you.
lang_multi_text.db	Flow_313700000_120	3.4	Hội thoại/Cốt truyện	Luồng hội thoại	Aalto		Alright, that sounds like a fair deal. See you later.
lang_multi_text.db	Flow_313700000_121	3.4	Hội thoại/Cốt truyện	Luồng hội thoại			As you take the pouch, only a figure made of mist remains. You can hear Aalto's voice from afar.
lang_multi_text.db	Flow_313700000_13	3.4	Hội thoại/Cốt truyện	Luồng hội thoại	Speaker_84_Name		A Blake Bloom falls into your hand, but you only find a handful of mist when you try to grasp it.
lang_multi_text.db	Flow_313700000_14	3.4	Hội thoại/Cốt truyện	Luồng hội thoại	Aalto		Accidents happen in investigations. Thank you for dealing with the Exiles...
lang_multi_text.db	Flow_313700000_15	3.4	Hội thoại/Cốt truyện	Luồng hội thoại	Speaker_84_Name		He looks at you surprisedly and starts to laugh out loud.
lang_multi_text.db	Flow_313700000_16	3.4	Hội thoại/Cốt truyện	Luồng hội thoại	Aalto		Haha, interesting. So you think this is a deal? All right, I take it. What do you want me to look into?
lang_multi_text.db	Flow_313700000_19	3.4	Hội thoại/Cốt truyện	Luồng hội thoại	Bạch Chỉ		The TDs disappeared, though I still wonder why they showed up in the observation camp... Thanks for your help.
lang_multi_text.db	Flow_313700000_2	3.4	Hội thoại/Cốt truyện	Luồng hội thoại	San'hua		No… Stay back. There's snow everywhere. You can't see any light here, and monsters could appear at any moment.
lang_multi_text.db	Flow_313700000_20	3.4	Hội thoại/Cốt truyện	Luồng hội thoại	Speaker_84_Name		The girl nods at you, then squats down to examine something you cannot see.
lang_multi_text.db	Flow_313700000_21	3.4	Hội thoại/Cốt truyện	Luồng hội thoại	Bạch Chỉ		...Great. The data always carries more weight when it's gained with firsthand fieldwork or research.
lang_multi_text.db	Flow_313700000_22	3.4	Hội thoại/Cốt truyện	Luồng hội thoại	Speaker_84_Name		When getting up, you notice something on the research log she holds:  the "name" column is filled with various names.
lang_multi_text.db	Flow_313700000_23	3.4	Hội thoại/Cốt truyện	Luồng hội thoại	Speaker_84_Name		She nods as usual, but you notice something on the research log she holds: the "name" column is filled with various words.
lang_multi_text.db	Flow_313700000_24	3.4	Hội thoại/Cốt truyện	Luồng hội thoại	Speaker_84_Name		You recall seeing these names in the Academy's database. They were researchers who died during the Remnant Studies expedition on the ice field.
lang_multi_text.db	Flow_313700000_25	3.4	Hội thoại/Cốt truyện	Luồng hội thoại	Speaker_84_Name		A sudden floral scent pulls you into Verina's dream. You realize the scent might be the key to entering her dream.
lang_multi_text.db	Flow_313700000_26	3.4	Hội thoại/Cốt truyện	Luồng hội thoại	Verina		One candle, two candles... Right, that's seven. Daddy, mommy, and Star, let's blow the candles together and wish me a happy birthday!
lang_multi_text.db	Flow_313700000_27	3.4	Hội thoại/Cốt truyện	Luồng hội thoại	Speaker_84_Name		Surprised, Verina comes close to you and exclaims that this is life's miracle.
lang_multi_text.db	Flow_313700000_28	3.4	Hội thoại/Cốt truyện	Luồng hội thoại	Verina		Is this... my birthday gift? Then I don't have to eat up the whole cake alone.
lang_multi_text.db	Flow_313700000_29	3.4	Hội thoại/Cốt truyện	Luồng hội thoại	Speaker_84_Name		She blows out the candles, cuts the cake into neat slices, and presents them to the dolls around her. Looking at the cake, you join her in silently wishing...
lang_multi_text.db	Flow_313700000_30	3.4	Hội thoại/Cốt truyện	Luồng hội thoại	Verina		Happy birthday, Verina!
lang_multi_text.db	Flow_313700000_31	3.4	Hội thoại/Cốt truyện	Luồng hội thoại	Speaker_84_Name		The girl no longer looks fragile like when she was trapped. She puts away the tempting jade, splits her Loong Whiskers Crisp in half, and offers you a piece.
lang_multi_text.db	Flow_313700000_32	3.4	Hội thoại/Cốt truyện	Luồng hội thoại	NPC #700064		You should leave here. You don't smell like "them." Take this as a token of my gratitude, and I wish you a safe journey.
lang_multi_text.db	Flow_313700000_33	3.4	Hội thoại/Cốt truyện	Luồng hội thoại	Speaker_84_Name		You clumsily piece together the two halves of the Loong Whiskers Crisp. She is amused.
lang_multi_text.db	Flow_313700000_34	3.4	Hội thoại/Cốt truyện	Luồng hội thoại	NPC #700064		Sticking together... That seems nice.
lang_multi_text.db	Flow_313700000_35	3.4	Hội thoại/Cốt truyện	Luồng hội thoại	Speaker_84_Name		But the girl stays at the place. She seems to be searching for something, but you can't sense her purpose.
lang_multi_text.db	Flow_313700000_36	3.4	Hội thoại/Cốt truyện	Luồng hội thoại	Speaker_84_Name		What is Danjin searching for in her dream?
lang_multi_text.db	Flow_313700000_37	3.4	Hội thoại/Cốt truyện	Luồng hội thoại	Speaker_84_Name		When you come close, the world around you fades away. You are walking into Jianxin's dream.
lang_multi_text.db	Flow_313700000_38	3.4	Hội thoại/Cốt truyện	Luồng hội thoại	Rover		An empty dream?
lang_multi_text.db	Flow_313700000_39	3.4	Hội thoại/Cốt truyện	Luồng hội thoại	Speaker_84_Name		You walk up to her as she talks about a landscape she wants you to see, but you see nothing.
lang_multi_text.db	Flow_313700000_40	3.4	Hội thoại/Cốt truyện	Luồng hội thoại	Giám Tâm		You look confused. If you can't see clearly, why don't you try this?
lang_multi_text.db	Flow_313700000_41	3.4	Hội thoại/Cốt truyện	Luồng hội thoại	Speaker_84_Name		You turn around and try to leave, but a road suddenly pops out of the empty dream, stretching to the next door and splitting the dream in two.
lang_multi_text.db	Flow_313700000_43	3.4	Hội thoại/Cốt truyện	Luồng hội thoại	Speaker_84_Name		The aroma of tea draws you in, but before you can react, a fist stops inches from your nose, creating a faint breeze by your ears.
lang_multi_text.db	Flow_313700000_44	3.4	Hội thoại/Cốt truyện	Luồng hội thoại	Uyên Vũ		You're not a challenger to my boxing gym? Sorry, it could be hard to tell one thing from another in a dream.
lang_multi_text.db	Flow_313700000_45	3.4	Hội thoại/Cốt truyện	Luồng hội thoại	Speaker_84_Name		You take the cup, but cracks soon appear on its side. Only when he gently pats your hand do you realize you're gripping it too tightly.
lang_multi_text.db	Flow_313700000_46	3.4	Hội thoại/Cốt truyện	Luồng hội thoại	Uyên Vũ		Relax. I'd better keep you company for a little longer and keep this cup of tea for you.
lang_multi_text.db	Flow_313700000_47	3.4	Hội thoại/Cốt truyện	Luồng hội thoại	Speaker_84_Name		You take the cup, but cracks soon appear on its side. Only when he gently pats your hand do you realize you're gripping it too tightly.
lang_multi_text.db	Flow_313700000_48	3.4	Hội thoại/Cốt truyện	Luồng hội thoại	Uyên Vũ		Okay. Just hold it like this.
lang_multi_text.db	Flow_313700000_49	3.4	Hội thoại/Cốt truyện	Luồng hội thoại	Speaker_84_Name		A dancing flame catches your eye. The man in front of you is fidgeting with a lighter. You can tell he is restless.
lang_multi_text.db	Flow_313700000_5	3.4	Hội thoại/Cốt truyện	Luồng hội thoại	Speaker_84_Name		Sanhua looks at you, surprised. It was a bit cold when you approached her, but your warmth quickly dispels it.
lang_multi_text.db	Flow_313700000_50	3.4	Hội thoại/Cốt truyện	Luồng hội thoại	Mortefi		Finally, it stopped. The boring limelights and camera flashes are gone. Did you draw the curtain?
lang_multi_text.db	Flow_313700000_51	3.4	Hội thoại/Cốt truyện	Luồng hội thoại	Mortefi		...Is this a secret passage of the show? Good, I'm gonna walk through here to avoid this irritating noise.
lang_multi_text.db	Flow_313700000_52	3.4	Hội thoại/Cốt truyện	Luồng hội thoại	Speaker_84_Name		The dancing flame steadies. He keeps his finger on the switch, waiting for you to make a move.
lang_multi_text.db	Flow_313700000_53	3.4	Hội thoại/Cốt truyện	Luồng hội thoại	Speaker_84_Name		After a brief farewell, you hear a "click" from behind your back. It seems to be the lighter being closed. He's probably left.
lang_multi_text.db	Flow_313700000_55	3.4	Hội thoại/Cốt truyện	Luồng hội thoại	Speaker_84_Name		Snow? You watch her turn around, putting her guard up to protect you. This is Sanhua's dream, you realize.
lang_multi_text.db	Flow_313700000_56	3.4	Hội thoại/Cốt truyện	Luồng hội thoại	San'hua		The snow is stopping. Is it your doing?
lang_multi_text.db	Flow_313700000_57	3.4	Hội thoại/Cốt truyện	Luồng hội thoại	Speaker_84_Name		She relaxes a bit. Maybe she's been hoping this snow in her dream to end.
lang_multi_text.db	Flow_313700000_58	3.4	Hội thoại/Cốt truyện	Luồng hội thoại	Speaker_84_Name		On your way out, a question crosses your mind. Was there really snow or monsters up ahead?
lang_multi_text.db	Flow_313700000_59	3.4	Hội thoại/Cốt truyện	Luồng hội thoại	Rover		Remove the mask
lang_multi_text.db	Flow_313700000_6	3.4	Hội thoại/Cốt truyện	Luồng hội thoại	Speaker_84_Name		She nods gratefully, believing you made the right choice.
lang_multi_text.db	Flow_313700000_60	3.4	Hội thoại/Cốt truyện	Luồng hội thoại	Speaker_84_Name		It's just another mask underneath, with slightly different features and age. She stirs a bit.
lang_multi_text.db	Flow_313700000_62	3.4	Hội thoại/Cốt truyện	Luồng hội thoại	Speaker_84_Name		As she throws the mask away, the puppet jumps abruptly onto her shoulder, thanking you in a strange voice.
lang_multi_text.db	Flow_313700000_63	3.4	Hội thoại/Cốt truyện	Luồng hội thoại	Speaker_84_Name		Exiles? He seems to see a fight you don't see. You recall the Gatekeeper's hint.
lang_multi_text.db	Flow_313700000_64	3.4	Hội thoại/Cốt truyện	Luồng hội thoại	Aalto		Don't get confused. The Blake Bloom was just for entertainment. The true gift is this!
lang_multi_text.db	Flow_313700000_65	3.4	Hội thoại/Cốt truyện	Luồng hội thoại			He passes you a pouch full of Credits.
lang_multi_text.db	Flow_313700000_66	3.4	Hội thoại/Cốt truyện	Luồng hội thoại			As you take the pouch, only a figure made of mist remains. You can hear Aalto's voice from afar.
lang_multi_text.db	Flow_313700000_67	3.4	Hội thoại/Cốt truyện	Luồng hội thoại	Speaker_84_Name		You don't see what she does. You're starting to understand what the mixed-up dreams brings.
lang_multi_text.db	Flow_313700000_69	3.4	Hội thoại/Cốt truyện	Luồng hội thoại	Bạch Chỉ		Let's go. My colleagues are waiting for us up ahead. I'll catch up with them one day, but it's not the time yet.
lang_multi_text.db	Flow_313700000_7	3.4	Hội thoại/Cốt truyện	Luồng hội thoại	Speaker_84_Name		Amidst the silence, there is only a puppet before you, creaking and moving its head.
lang_multi_text.db	Flow_313700000_70	3.4	Hội thoại/Cốt truyện	Luồng hội thoại	Speaker_84_Name		You recall seeing these names in the Academy's database. They were researchers who died during the Remnant Studies expedition on the ice field.
lang_multi_text.db	Flow_313700000_71	3.4	Hội thoại/Cốt truyện	Luồng hội thoại	Speaker_84_Name		You cannot tell if this is a good or bad dream, but as she steps forward, the answer becomes clear to you...
lang_multi_text.db	Flow_313700000_72	3.4	Hội thoại/Cốt truyện	Luồng hội thoại	Speaker_84_Name		That research log with numerous names symbolizes her determination to carry on what her colleagues began.
lang_multi_text.db	Flow_313700000_73	3.4	Hội thoại/Cốt truyện	Luồng hội thoại	Speaker_84_Name		You cannot tell if this is a good or bad dream. How does she, the sole survivor, feel about it?
lang_multi_text.db	Flow_313700000_74	3.4	Hội thoại/Cốt truyện	Luồng hội thoại	Speaker_84_Name		The candles on the cake are lit up. Bear toys sit around the square table, with cards on their chests reading "Daddy" and "Mommy."
lang_multi_text.db	Flow_313700000_75	3.4	Hội thoại/Cốt truyện	Luồng hội thoại	Speaker_84_Name		You watch as the girl closes her eyes and makes a wish with anticipation all over her face.
lang_multi_text.db	Flow_313700000_78	3.4	Hội thoại/Cốt truyện	Luồng hội thoại			She excitedly gives you a slice of cake. As the sweetness hits your tongue, you notice all the clocks in the room are frozen, pointing at the same moment.
lang_multi_text.db	Flow_313700000_79	3.4	Hội thoại/Cốt truyện	Luồng hội thoại	Speaker_84_Name		The TV next to you keeps repeating the same news: "Today, a famous explorer couple went missing at…"
lang_multi_text.db	Flow_313700000_8	3.4	Hội thoại/Cốt truyện	Luồng hội thoại	Speaker_84_Name		When you look for the source of the string above the puppet, you see a masked woman with red hair, caught in an invisible "web."
lang_multi_text.db	Flow_313700000_80	3.4	Hội thoại/Cốt truyện	Luồng hội thoại	Rover		Smell?
lang_multi_text.db	Flow_313700000_81	3.4	Hội thoại/Cốt truyện	Luồng hội thoại	NPC #700064		Greed, wrath, envy...
lang_multi_text.db	Flow_313700000_82	3.4	Hội thoại/Cốt truyện	Luồng hội thoại	Speaker_84_Name		She spits out the words so cleanly that she seems completely detached from them.
lang_multi_text.db	Flow_313700000_83	3.4	Hội thoại/Cốt truyện	Luồng hội thoại	Speaker_84_Name		The girl gestures for you to go first. She seems to be searching for something, but you can't sense her purpose.
lang_multi_text.db	Flow_313700000_84	3.4	Hội thoại/Cốt truyện	Luồng hội thoại	Speaker_84_Name		You see Jianxin's figure, but the empty, borderless space unnerves you. Each step you take feels increasingly unreal.
lang_multi_text.db	Flow_313700000_85	3.4	Hội thoại/Cốt truyện	Luồng hội thoại	Speaker_84_Name		A self-conscious heart is clear. An honest heart is lucid. She whispers behind your ear, covering your eyes.
lang_multi_text.db	Flow_313700000_86	3.4	Hội thoại/Cốt truyện	Luồng hội thoại	Speaker_84_Name		You hear the splashing of a waterfall and realize the space isn't empty. It's a mirror.
lang_multi_text.db	Flow_313700000_87	3.4	Hội thoại/Cốt truyện	Luồng hội thoại	Speaker_84_Name		One must keep a clear heart to see what it reflects.
lang_multi_text.db	Flow_313700000_88	3.4	Hội thoại/Cốt truyện	Luồng hội thoại			How was it? This is just the blooming season!
lang_multi_text.db	Flow_313700000_89	3.4	Hội thoại/Cốt truyện	Luồng hội thoại			The aggressiveness vanishes instantly. The man removes his hat and apologizes to you. As he speaks, you are surprised to realize that Yuanwu is sober in this dream.
lang_multi_text.db	Flow_313700000_9	3.4	Hội thoại/Cốt truyện	Luồng hội thoại	Speaker_84_Name		As the last mask is removed, she looks at you blankly.
lang_multi_text.db	Flow_313700000_90	3.4	Hội thoại/Cốt truyện	Luồng hội thoại	Uyên Vũ		You've been staring at the tea. I presume you are attracted by the aroma. Want a cup?
lang_multi_text.db	Flow_313700000_91	3.4	Hội thoại/Cốt truyện	Luồng hội thoại	Uyên Vũ		This tea will refresh your vigor and quicken your reactions...
lang_multi_text.db	Flow_313700000_92	3.4	Hội thoại/Cốt truyện	Luồng hội thoại	Speaker_84_Name		As you watch him put away the cup, it comes to you that the tea is not just something in a dream, but Yuanwu's willpower, honed by years of meditation.
lang_multi_text.db	Flow_313700000_93	3.4	Hội thoại/Cốt truyện	Luồng hội thoại	Speaker_84_Name		And that's the very reason he can stay sober in the dream.
lang_multi_text.db	Flow_313700000_94	3.4	Hội thoại/Cốt truyện	Luồng hội thoại	Speaker_84_Name		The tea relieves your fatigue, and you marvel at the fact that it tastes so great even in the dream.
lang_multi_text.db	Flow_313700000_95	3.4	Hội thoại/Cốt truyện	Luồng hội thoại	Speaker_84_Name		As you watch him put away the cup, it comes to you that the tea is not just something in a dream, but Yuanwu's willpower, honed by years of meditation.
lang_multi_text.db	Flow_313700000_96	3.4	Hội thoại/Cốt truyện	Luồng hội thoại	Speaker_84_Name		And that's the very reason he can stay sober in the dream.
lang_multi_text.db	Flow_313700000_97	3.4	Hội thoại/Cốt truyện	Luồng hội thoại	Speaker_84_Name		Lights? It seems he sees things you don't. You start to understand the meaning of dreams that the Gatekeeper talked about.
lang_multi_text.db	Flow_313700000_98	3.4	Hội thoại/Cốt truyện	Luồng hội thoại			Phew, it's time to step off the center stage. It's so ridiculous to stand here like a performer.
lang_multi_text.db	Flow_313700000_99	3.4	Hội thoại/Cốt truyện	Luồng hội thoại	Speaker_84_Name		A sudden floral scent pulls you into Verina's dream. You realize the scent might be the key to entering her dream.
lang_multi_text.db	Flow_313700001_1	3.4	Hội thoại/Cốt truyện	Luồng hội thoại	Bạch Chỉ		The TDs disappeared, though I still wonder why they showed up in the observation camp... Thanks for your help.
lang_multi_text.db	Flow_313700001_10	3.4	Hội thoại/Cốt truyện	Luồng hội thoại	Speaker_84_Name		A sudden floral scent pulls you into Verina's dream. You realize the scent might be the key to entering her dream.
lang_multi_text.db	Flow_313700001_11	3.4	Hội thoại/Cốt truyện	Luồng hội thoại	Speaker_84_Name		Surprised, Verina comes close to you and exclaims that this is life's miracle.
lang_multi_text.db	Flow_313700001_12	3.4	Hội thoại/Cốt truyện	Luồng hội thoại	Speaker_84_Name		She blows out the candles, cuts the cake into neat slices, and presents them to the dolls around her. Looking at the cake, you join her in silently wishing...
lang_multi_text.db	Flow_313700001_13	3.4	Hội thoại/Cốt truyện	Luồng hội thoại	Speaker_84_Name		A dancing flame catches your eye. The man in front of you is fidgeting with a lighter. You can tell he is restless.
lang_multi_text.db	Flow_313700001_14	3.4	Hội thoại/Cốt truyện	Luồng hội thoại	Mortefi		...Is this a secret passage of the show? Good, I'm gonna walk through here to avoid this irritating noise.
lang_multi_text.db	Flow_313700001_15	3.4	Hội thoại/Cốt truyện	Luồng hội thoại	Speaker_84_Name		After a brief farewell, you hear a "click" from behind your back. It seems to be the lighter being closed. He's probably left.
lang_multi_text.db	Flow_313700001_16	3.4	Hội thoại/Cốt truyện	Luồng hội thoại			The girl nods at you, then squats down to examine something you cannot see.
lang_multi_text.db	Flow_313700001_17	3.4	Hội thoại/Cốt truyện	Luồng hội thoại	Speaker_84_Name		You don't see what she does. You're starting to understand what the mixed-up dreams brings.
lang_multi_text.db	Flow_313700001_18	3.4	Hội thoại/Cốt truyện	Luồng hội thoại	Speaker_84_Name		When getting up, you notice something on the research log she holds:  the "name" column is filled with various names.
lang_multi_text.db	Flow_313700001_19	3.4	Hội thoại/Cốt truyện	Luồng hội thoại	Bạch Chỉ		Let's go. My colleagues are waiting for us up ahead.
lang_multi_text.db	Flow_313700001_20	3.4	Hội thoại/Cốt truyện	Luồng hội thoại	Speaker_84_Name		You recall seeing these names in the Academy's database. They were researchers who died during the Remnant Studies expedition on the ice field.
lang_multi_text.db	Flow_313700001_21	3.4	Hội thoại/Cốt truyện	Luồng hội thoại	Speaker_84_Name		You cannot tell if this is a good or bad dream, but as she steps forward, the answer becomes clear to you...
lang_multi_text.db	Flow_313700001_22	3.4	Hội thoại/Cốt truyện	Luồng hội thoại	Speaker_84_Name		That research log with numerous names symbolizes her determination to carry on what her colleagues began.
lang_multi_text.db	Flow_313700001_23	3.4	Hội thoại/Cốt truyện	Luồng hội thoại	Speaker_84_Name		You recall seeing these names in the Academy's database. They were researchers who died during the Remnant Studies expedition on the ice field.
lang_multi_text.db	Flow_313700001_24	3.4	Hội thoại/Cốt truyện	Luồng hội thoại	Speaker_84_Name		You cannot tell if this is a good or bad dream. How does she, the sole survivor, feel about it?
lang_multi_text.db	Flow_313700001_25	3.4	Hội thoại/Cốt truyện	Luồng hội thoại	Rover		An empty dream?
lang_multi_text.db	Flow_313700001_26	3.4	Hội thoại/Cốt truyện	Luồng hội thoại	Speaker_84_Name		You see Jianxin's figure, but the empty, borderless space unnerves you. Each step you take feels increasingly unreal.
lang_multi_text.db	Flow_313700001_27	3.4	Hội thoại/Cốt truyện	Luồng hội thoại			You look confused. If you can't see clearly, why don't you try this?
lang_multi_text.db	Flow_313700001_28	3.4	Hội thoại/Cốt truyện	Luồng hội thoại	Speaker_84_Name		A self-conscious heart is clear. An honest heart is lucid. She whispers behind your ear, covering your eyes.
lang_multi_text.db	Flow_313700001_29	3.4	Hội thoại/Cốt truyện	Luồng hội thoại	Speaker_84_Name		You hear the splashing of a waterfall and realize the space isn't empty. It’s a mirror.
lang_multi_text.db	Flow_313700001_30	3.4	Hội thoại/Cốt truyện	Luồng hội thoại	Speaker_84_Name		One must keep a clear heart to see what it reflects.
lang_multi_text.db	Flow_313700001_31	3.4	Hội thoại/Cốt truyện	Luồng hội thoại			How was it? This is just the blooming season!
lang_multi_text.db	Flow_313700001_32	3.4	Hội thoại/Cốt truyện	Luồng hội thoại			One candle, two candles... Right, that's seven. Daddy, mommy, and Star, let's blow the candles together and wish me a happy birthday!
lang_multi_text.db	Flow_313700001_33	3.4	Hội thoại/Cốt truyện	Luồng hội thoại	Speaker_84_Name		The candles on the cake are lit up. Bear toys sit around the square table, with cards on their chests reading "Daddy" and "Mommy." You wonder if you might be another bear toy here.
lang_multi_text.db	Flow_313700001_34	3.4	Hội thoại/Cốt truyện	Luồng hội thoại	Speaker_84_Name		You watch as the girl closes her eyes and makes a wish with anticipation all over her face.
lang_multi_text.db	Flow_313700001_35	3.4	Hội thoại/Cốt truyện	Luồng hội thoại	Verina		Is this... my birthday gift? Then I don't have to eat up the whole cake alone.
lang_multi_text.db	Flow_313700001_36	3.4	Hội thoại/Cốt truyện	Luồng hội thoại			She excitedly gives you a slice of cake. As the sweetness hits your tongue, you notice all the clocks in the room are frozen, pointing at the same moment.
lang_multi_text.db	Flow_313700001_37	3.4	Hội thoại/Cốt truyện	Luồng hội thoại	Speaker_84_Name		The TV next to you keeps repeating the same news: "Today, a famous explorer couple went missing at…"
lang_multi_text.db	Flow_313700001_38	3.4	Hội thoại/Cốt truyện	Luồng hội thoại	Verina		Happy birthday, Verina!
lang_multi_text.db	Flow_313700001_39	3.4	Hội thoại/Cốt truyện	Luồng hội thoại	Mortefi		Finally, it stopped. The boring limelights and camera flashes are gone. Did you draw the curtain?
lang_multi_text.db	Flow_313700001_40	3.4	Hội thoại/Cốt truyện	Luồng hội thoại	Speaker_84_Name		Lights? It seems he sees things you don't. You start to understand the meaning of dreams that the Gatekeeper talked about.
lang_multi_text.db	Flow_313700001_41	3.4	Hội thoại/Cốt truyện	Luồng hội thoại			Phew, it's time to step off the center stage. It's so ridiculous to stand here like a performer.
lang_multi_text.db	Flow_313700001_42	3.4	Hội thoại/Cốt truyện	Luồng hội thoại	Speaker_84_Name		The dancing flame steadies. He keeps his finger on the switch, waiting for you to make a move.
lang_multi_text.db	Flow_313700001_5	3.4	Hội thoại/Cốt truyện	Luồng hội thoại	Bạch Chỉ		...Great. The data always carries more weight when it's gained with firsthand fieldwork or research.
lang_multi_text.db	Flow_313700001_6	3.4	Hội thoại/Cốt truyện	Luồng hội thoại	Speaker_84_Name		She nods as usual, but you notice something on the research log she holds: the "name" column is filled with various names.
lang_multi_text.db	Flow_313700001_7	3.4	Hội thoại/Cốt truyện	Luồng hội thoại	Speaker_84_Name		When you come close, the world around you fades away. You are walking into Jianxin's dream.
lang_multi_text.db	Flow_313700001_8	3.4	Hội thoại/Cốt truyện	Luồng hội thoại	Speaker_84_Name		You walk up to her as she talks about a landscape she wants you to see, but you see nothing.
lang_multi_text.db	Flow_313700001_9	3.4	Hội thoại/Cốt truyện	Luồng hội thoại	Speaker_84_Name		You turn around and try to leave, but a road suddenly pops out of the empty dream, stretching to the next door and splitting the dream in two.
lang_multi_text.db	Flow_313700003_1	3.4	Hội thoại/Cốt truyện	Luồng hội thoại	Speaker_84_Name		Exhausted and disoriented from wandering the dream, you are about to collapse when the Ivory Gatekeeper catches you just in time.
lang_multi_text.db	Flow_313700003_100	3.4	Hội thoại/Cốt truyện	Luồng hội thoại	NPC #700066		...But because they are unique.
lang_multi_text.db	Flow_313700003_102	3.4	Hội thoại/Cốt truyện	Luồng hội thoại	Speaker_84_Name		As the rod shakes, a big fish leaps out of the water with a Blake Bloom in its mouth. So it's real! You wonder what being unique might imply...
lang_multi_text.db	Flow_313700003_105	3.4	Hội thoại/Cốt truyện	Luồng hội thoại	Speaker_84_Name		You reel in as the rod shakes, but the grain is already gone.
lang_multi_text.db	Flow_313700003_106	3.4	Hội thoại/Cốt truyện	Luồng hội thoại	NPC #700066		Hah, you might need to keep searching for the right bait.
lang_multi_text.db	Flow_313700003_107	3.4	Hội thoại/Cốt truyện	Luồng hội thoại	Speaker_84_Name		The old man swings the ring before your eyes and deftly sets it up on the hook. You look around and spot another fishing rod nearby. You decide to...
lang_multi_text.db	Flow_313700003_108	3.4	Hội thoại/Cốt truyện	Luồng hội thoại	Speaker_84_Name		Having let out all your emotions, you close the magazine with a hint of satisfaction.
lang_multi_text.db	Flow_313700003_109	3.4	Hội thoại/Cốt truyện	Luồng hội thoại	Speaker_84_Name		You meet the shabbily dressed man again, who fervidly greets you and asks for your opinion about the New Federation magazine.
lang_multi_text.db	Flow_313700003_110	3.4	Hội thoại/Cốt truyện	Luồng hội thoại	Ảo Ảnh Của Người Đàn Ông		Sir, do you want to take a look at other titles this time?
lang_multi_text.db	Flow_313700003_111	3.4	Hội thoại/Cốt truyện	Luồng hội thoại	Speaker_84_Name		You notice a billboard beside him with the heading "This Magazine Is Amazing." At the very bottom of it, in a strange font, it says, "Buying back issues."
lang_multi_text.db	Flow_313700003_112	3.4	Hội thoại/Cốt truyện	Luồng hội thoại	Speaker_84_Name		The four magazines take you through four different sensory adventures.
lang_multi_text.db	Flow_313700003_113	3.4	Hội thoại/Cốt truyện	Luồng hội thoại	Speaker_84_Name		The man hands you the money and starts introducing the popular list.
lang_multi_text.db	Flow_313700003_114	3.4	Hội thoại/Cốt truyện	Luồng hội thoại	Ảo Ảnh Của Người Đàn Ông		This is a must-read!
lang_multi_text.db	Flow_313700003_115	3.4	Hội thoại/Cốt truyện	Luồng hội thoại	Speaker_84_Name		An adventurer holds your hand with excitement and gives you a booklet.
lang_multi_text.db	Flow_313700003_116	3.4	Hội thoại/Cốt truyện	Luồng hội thoại	Rover		Echo... Trainer?
lang_multi_text.db	Flow_313700003_117	3.4	Hội thoại/Cốt truyện	Luồng hội thoại	NPC #700067		Interested? I'm an adventurer, and this booklet is a collection of my experiences from a seafaring nation.
lang_multi_text.db	Flow_313700003_118	3.4	Hội thoại/Cốt truyện	Luồng hội thoại	Speaker_84_Name		You hear the engine buzzing, but can't find the Echo.
lang_multi_text.db	Flow_313700003_119	3.4	Hội thoại/Cốt truyện	Luồng hội thoại	NPC #700067		Don't get anxious. This is part of the training where you follow the sound to find it. I think it is called... Inferno Rider.
lang_multi_text.db	Flow_313700003_124	3.4	Hội thoại/Cốt truyện	Luồng hội thoại	Speaker_84_Name		You flip through a few pages and grow interested in his offer after reading some images and texts.
lang_multi_text.db	Flow_313700003_125	3.4	Hội thoại/Cốt truyện	Luồng hội thoại	NPC #700067		Fantastic, now that you're in, let's start with the Echo you want to train.
lang_multi_text.db	Flow_313700003_126	3.4	Hội thoại/Cốt truyện	Luồng hội thoại	Speaker_84_Name		He skips to the last page, where some black sketches are presented, with no annotation.
lang_multi_text.db	Flow_313700003_127	3.4	Hội thoại/Cốt truyện	Luồng hội thoại	NPC #700067		Sorry, I hand-drew these. See if any one catches your eye.
lang_multi_text.db	Flow_313700003_128	3.4	Hội thoại/Cốt truyện	Luồng hội thoại	NPC #700067		Now follow the clues in the booklet. Good luck finding the Echo.
lang_multi_text.db	Flow_313700003_137	3.4	Hội thoại/Cốt truyện	Luồng hội thoại	Người Gác Cổng Trắng		Have a nice dream.
lang_multi_text.db	Flow_313700003_144	3.4	Hội thoại/Cốt truyện	Luồng hội thoại	Người Gác Cổng Trắng		Have a nice dream.
lang_multi_text.db	Flow_313700003_155	3.4	Hội thoại/Cốt truyện	Luồng hội thoại	Speaker_84_Name		You hear a melody that sounds kind of familiar, but can't find the Echo.
lang_multi_text.db	Flow_313700003_156	3.4	Hội thoại/Cốt truyện	Luồng hội thoại	NPC #700067		Don't get anxious. This is part of the training where you follow the sound to find it. I think it is called... Hoartoise.
lang_multi_text.db	Flow_313700003_157	3.4	Hội thoại/Cốt truyện	Luồng hội thoại	NPC #700067		Now follow the clues in the booklet. Good luck finding the Echo.
lang_multi_text.db	Flow_313700003_158	3.4	Hội thoại/Cốt truyện	Luồng hội thoại	Speaker_84_Name		You hear a ticking sound, like a timekeeper, but can't find the Echo.
lang_multi_text.db	Flow_313700003_159	3.4	Hội thoại/Cốt truyện	Luồng hội thoại	NPC #700067		Don't get anxious. This is part of the training where you follow the sound to find it. I think it is called... Traffic Illuminator.
lang_multi_text.db	Flow_313700003_160	3.4	Hội thoại/Cốt truyện	Luồng hội thoại	NPC #700067		Now follow the clues in the booklet. Good luck finding the Echo.
lang_multi_text.db	Flow_313700003_2	3.4	Hội thoại/Cốt truyện	Luồng hội thoại	Người Gác Cổng Trắng		Worn out by your journey, aren't you?
lang_multi_text.db	Flow_313700003_5	3.4	Hội thoại/Cốt truyện	Luồng hội thoại	Speaker_84_Name		It tastes juicy and pleasant. Enjoying a moment of peace, you slip into the dream as the Gatekeeper murmurs comforting sounds.
lang_multi_text.db	Flow_313700003_55	3.4	Hội thoại/Cốt truyện	Luồng hội thoại	Người Gác Cổng Trắng		You have been traveling the lands of dream as an "onlooker" all along. Now, why don't you try being a dreamer yourself?
lang_multi_text.db	Flow_313700003_56	3.4	Hội thoại/Cốt truyện	Luồng hội thoại	Speaker_84_Name		He offers four cups of bedtime drink, hoping to relieve your fatigue and help you sleep peacefully.
lang_multi_text.db	Flow_313700003_6	3.4	Hội thoại/Cốt truyện	Luồng hội thoại	Speaker_84_Name		It tastes sweet and balanced. Enjoying a moment of peace, you slip into the dream as the Gatekeeper murmurs comforting sounds.
lang_multi_text.db	Flow_313700003_60	3.4	Hội thoại/Cốt truyện	Luồng hội thoại	Người Gác Cổng Trắng		Have a nice dream.
lang_multi_text.db	Flow_313700003_62	3.4	Hội thoại/Cốt truyện	Luồng hội thoại	Speaker_84_Name		It tastes cool and refreshing. Enjoying a moment of peace, you slip into the dream as the Gatekeeper murmurs comforting sounds.
lang_multi_text.db	Flow_313700003_63	3.4	Hội thoại/Cốt truyện	Luồng hội thoại	Người Gác Cổng Trắng		Have a nice dream.
lang_multi_text.db	Flow_313700003_64	3.4	Hội thoại/Cốt truyện	Luồng hội thoại	Speaker_84_Name		It tastes clean and moderate. Enjoying a moment of peace, you slip into the dream as the Gatekeeper murmurs comforting sounds.
lang_multi_text.db	Flow_313700003_66	3.4	Hội thoại/Cốt truyện	Luồng hội thoại	Speaker_84_Name		A researcher is shaking a beaker.
lang_multi_text.db	Flow_313700003_67	3.4	Hội thoại/Cốt truyện	Luồng hội thoại	NPC #700065		That's not the exact color predicted by the theory. Was my reagent concentration too low?
lang_multi_text.db	Flow_313700003_68	3.4	Hội thoại/Cốt truyện	Luồng hội thoại	Speaker_84_Name		Since you're not following, he shows you his theory: a way to suppress the cognitive interference caused by Retroact Rain.
lang_multi_text.db	Flow_313700003_69	3.4	Hội thoại/Cốt truyện	Luồng hội thoại	Speaker_84_Name		Only two reagents with vastly different concentrations remain on the shelf, which leads to two speculations.
lang_multi_text.db	Flow_313700003_70	3.4	Hội thoại/Cốt truyện	Luồng hội thoại	Speaker_84_Name		A violent reaction occurs soon after mixing. Despite your fear that the container might explode, the researcher sets his jaw and lets it proceed.
lang_multi_text.db	Flow_313700003_71	3.4	Hội thoại/Cốt truyện	Luồng hội thoại	NPC #700065		Woah, look. What a beautiful color. Just as the theory predicted!
lang_multi_text.db	Flow_313700003_72	3.4	Hội thoại/Cốt truyện	Luồng hội thoại	Speaker_84_Name		The reaction starts with the mixing, and the color gradually changes. For an instant, You think you see the "Milky Way in a Cup," but it quickly vanishes, and the reaction stops.
lang_multi_text.db	Flow_313700003_73	3.4	Hội thoại/Cốt truyện	Luồng hội thoại	NPC #700065		The reaction isn't going as planned, but we're getting close. I need to find another way.
lang_multi_text.db	Flow_313700003_74	3.4	Hội thoại/Cốt truyện	Luồng hội thoại	Speaker_84_Name		If the concentration is too high, it may trigger a dangerous reaction; if it's too low, there might be no reaction at all. On that note, you suggest...
lang_multi_text.db	Flow_313700003_75	3.4	Hội thoại/Cốt truyện	Luồng hội thoại	Speaker_84_Name		Right. What you are looking at is just like the "Milky Way in a Cup."
lang_multi_text.db	Flow_313700003_76	3.4	Hội thoại/Cốt truyện	Luồng hội thoại	Speaker_84_Name		With a round of applause and a spotlight on your face, you find yourself in the theater.
lang_multi_text.db	Flow_313700003_77	3.4	Hội thoại/Cốt truyện	Luồng hội thoại	Speaker_84_Name		You are sent to the center stage from the auditorium and meet the lady from the Pioneer Association.
lang_multi_text.db	Flow_313700003_78	3.4	Hội thoại/Cốt truyện	Luồng hội thoại	Ảo Ảnh Của Thiếu Nữ		It's been a while, our winner today. Welcome to the grand lucky draw!
lang_multi_text.db	Flow_313700003_79	3.4	Hội thoại/Cốt truyện	Luồng hội thoại	Ảo Ảnh Của Thiếu Nữ		Now, just a few steps, and you'll have a chance to win great souvenirs the Association brings back from across the world! Same as always.
lang_multi_text.db	Flow_313700003_80	3.4	Hội thoại/Cốt truyện	Luồng hội thoại	Ảo Ảnh Của Thiếu Nữ		If you're ready, just shout out our slogan: Here's to a world of discoveries and wonders!
lang_multi_text.db	Flow_313700003_84	3.4	Hội thoại/Cốt truyện	Luồng hội thoại	Ảo Ảnh Của Thiếu Nữ		Maybe try your luck one more time?
lang_multi_text.db	Flow_313700003_87	3.4	Hội thoại/Cốt truyện	Luồng hội thoại	Ảo Ảnh Của Thiếu Nữ		Don't give up. You are getting close to the ultimate prize.
lang_multi_text.db	Flow_313700003_90	3.4	Hội thoại/Cốt truyện	Luồng hội thoại	Ảo Ảnh Của Thiếu Nữ		Can you hear the applause? Everyone is cheering for you now. Have another try?
lang_multi_text.db	Flow_313700003_93	3.4	Hội thoại/Cốt truyện	Luồng hội thoại	Ảo Ảnh Của Thiếu Nữ		Take the reward. May the luck bring you more joy.
lang_multi_text.db	Flow_313700003_96	3.4	Hội thoại/Cốt truyện	Luồng hội thoại	Speaker_84_Name		You stop yourself. Something tells you this is not your day.
lang_multi_text.db	Flow_313700003_97	3.4	Hội thoại/Cốt truyện	Luồng hội thoại	Speaker_84_Name		An old man is fishing by the lake. He asks if you can get the spare bait in the backpack for him.
lang_multi_text.db	Flow_313700003_98	3.4	Hội thoại/Cốt truyện	Luồng hội thoại	Speaker_84_Name		Surprisingly, along with the usual grain baits, there's a ring inside the clear plastic bag.
lang_multi_text.db	Flow_313700003_99	3.4	Hội thoại/Cốt truyện	Luồng hội thoại	NPC #700066		Hah-hah. Some fish are hard to catch not because of their size and speed...
lang_multi_text.db	Flow_313900000_345	3.4	Hội thoại/Cốt truyện	Luồng hội thoại	Scar		Compared to mere firewood, we need brave pioneers to ignite the flames of change.
lang_multi_text.db	Flow_313900000_347	3.4	Hội thoại/Cốt truyện	Luồng hội thoại	Scar		Don't look back. Join them on this right path, and I've got a scorchingly delightful welcome for you up ahead!
lang_multi_text.db	Flow_313900000_349	3.4	Hội thoại/Cốt truyện	Luồng hội thoại	Scar		Kneel before these brave pioneers who paved the way for our enlightenment.
lang_multi_text.db	Flow_313900000_352	3.4	Hội thoại/Cốt truyện	Luồng hội thoại	Người Gác Cổng Đen		Not sure if you've noticed, but there's a new change happening within the Gate.
lang_multi_text.db	Flow_313900000_355	3.4	Hội thoại/Cốt truyện	Luồng hội thoại	Người Gác Cổng Đen		A very dangerous individual has appeared in the depths of those dreams.
lang_multi_text.db	Flow_313900000_356	3.4	Hội thoại/Cốt truyện	Luồng hội thoại	Người Gác Cổng Đen		Remember, never let your guard down in front of him... Good luck.
lang_multi_text.db	Flow_313900000_357	3.4	Hội thoại/Cốt truyện	Luồng hội thoại	Scar		Reveal your soul. Let me see If you're the one we seek...
lang_multi_text.db	Flow_313900000_358	3.4	Hội thoại/Cốt truyện	Luồng hội thoại	Scar		You've tainted your blade with their blood... Join us, and together we'll forge a path to a new world. Let go of your stubborness already.
lang_multi_text.db	Flow_313900000_393	3.4	Hội thoại/Cốt truyện	Luồng hội thoại	Scar		Such speed, such brutality... Aah, can't you see? We are kindred spirits, after all...
lang_multi_text.db	Flow_313900000_396	3.4	Hội thoại/Cốt truyện	Luồng hội thoại			Scar's flame consumes you. You drift into unconsciousness. Time passes...
lang_multi_text.db	Flow_4_364	3.4	Hội thoại/Cốt truyện	Luồng hội thoại		Second Coming of Solaris	Some time passed while Maqi was away to hand over the item...
lang_multi_text.db	Flow_6700000_1	3.4	Hội thoại/Cốt truyện	Luồng hội thoại	Tà Dương		What makes people feel young again, brings both joy and sorrow, does no harm, and stays with them forever?
lang_multi_text.db	Flow_6700000_101	3.4	Hội thoại/Cốt truyện	Luồng hội thoại	Tà Dương		{PlayerName}, would you like to give today's riddle a shot? You'll get a reward regardless.
lang_multi_text.db	Flow_6700000_102	3.4	Hội thoại/Cốt truyện	Luồng hội thoại			Sure.
lang_multi_text.db	Flow_6700000_103	3.4	Hội thoại/Cốt truyện	Luồng hội thoại	Tà Dương		What's small and invisible yet fills the sky? What connects the sky and the earth?
lang_multi_text.db	Flow_6700000_104	3.4	Hội thoại/Cốt truyện	Luồng hội thoại			Rain.
lang_multi_text.db	Flow_6700000_105	3.4	Hội thoại/Cốt truyện	Luồng hội thoại			The heavy fire of Disruptor cannons.
lang_multi_text.db	Flow_6700000_106	3.4	Hội thoại/Cốt truyện	Luồng hội thoại			The answer should finally be me, right?
lang_multi_text.db	Flow_6700000_107	3.4	Hội thoại/Cốt truyện	Luồng hội thoại			Correct. {PlayerName}, you're as amazing as they say. Here is your reward.
lang_multi_text.db	Flow_6700000_108	3.4	Hội thoại/Cốt truyện	Luồng hội thoại			You're so amazing, {PlayerName}! You even know the answer to such a difficult riddle!
lang_multi_text.db	Flow_6700000_109	3.4	Hội thoại/Cốt truyện	Luồng hội thoại	Tà Dương		What? Cannon fire that fills up the sky? I can't imagine that at all. Here's your reward.
lang_multi_text.db	Flow_6700000_111	3.4	Hội thoại/Cốt truyện	Luồng hội thoại			Why did I end up with the reward for the wrong answer...
lang_multi_text.db	Flow_6700000_112	3.4	Hội thoại/Cốt truyện	Luồng hội thoại	Tà Dương		Unfortunately, that isn't the correct answer... I really don't know what kind of riddle would have {PlayerName} be the answer. Here's your reward.
lang_multi_text.db	Flow_6700000_113	3.4	Hội thoại/Cốt truyện	Luồng hội thoại	NPC #1316		The answer isn't {PlayerName} either this time. What could it be?
lang_multi_text.db	Flow_6700000_114	3.4	Hội thoại/Cốt truyện	Luồng hội thoại	Tà Dương		{PlayerName}, would you like to give today's riddle a shot? You'll get a reward regardless.
lang_multi_text.db	Flow_6700000_115	3.4	Hội thoại/Cốt truyện	Luồng hội thoại			Sure.
lang_multi_text.db	Flow_6700000_116	3.4	Hội thoại/Cốt truyện	Luồng hội thoại	Tà Dương		What controls the tides, waxes and wanes, yet forever remains in Jinzhou to bring people together?
lang_multi_text.db	Flow_6700000_117	3.4	Hội thoại/Cốt truyện	Luồng hội thoại			The moon.
lang_multi_text.db	Flow_6700000_118	3.4	Hội thoại/Cốt truyện	Luồng hội thoại			Hehe, is the answer me?
lang_multi_text.db	Flow_6700000_119	3.4	Hội thoại/Cốt truyện	Luồng hội thoại			It's Magistrate Jinhsi.
lang_multi_text.db	Flow_6700000_120	3.4	Hội thoại/Cốt truyện	Luồng hội thoại			Correct. {PlayerName}, you're as amazing as they say. Here is your reward.
lang_multi_text.db	Flow_6700000_121	3.4	Hội thoại/Cốt truyện	Luồng hội thoại			You're so amazing, {PlayerName}! You even know the answer to such a difficult riddle!
lang_multi_text.db	Flow_6700000_122	3.4	Hội thoại/Cốt truyện	Luồng hội thoại	NPC #1316		That's not right! The answer should be me!
lang_multi_text.db	Flow_6700000_123	3.4	Hội thoại/Cốt truyện	Luồng hội thoại			Hahaha, what an interesting answer, but unfortunately it's not the correct one. I do love it, though. Here's your reward.
lang_multi_text.db	Flow_6700000_125	3.4	Hội thoại/Cốt truyện	Luồng hội thoại	NPC #1316		{PlayerName}, you would have gotten it right if you chose me!
lang_multi_text.db	Flow_6700000_126	3.4	Hội thoại/Cốt truyện	Luồng hội thoại	Tà Dương		You're right to some extent, but unfortunately, not even the Magistrate can control the tides. Here's your reward.
lang_multi_text.db	Flow_6700000_127	3.4	Hội thoại/Cốt truyện	Luồng hội thoại	Tà Dương		{PlayerName}, would you like to give today's riddle a shot? You'll get a reward regardless.
lang_multi_text.db	Flow_6700000_128	3.4	Hội thoại/Cốt truyện	Luồng hội thoại			Sure.
lang_multi_text.db	Flow_6700000_129	3.4	Hội thoại/Cốt truyện	Luồng hội thoại	Tà Dương		What's invisible and silent, can heal wounds and break things down, forever devouring and indestructible?
lang_multi_text.db	Flow_6700000_130	3.4	Hội thoại/Cốt truyện	Luồng hội thoại			Time.
lang_multi_text.db	Flow_6700000_131	3.4	Hội thoại/Cốt truyện	Luồng hội thoại			Abby.
lang_multi_text.db	Flow_6700000_132	3.4	Hội thoại/Cốt truyện	Luồng hội thoại			That has to be me!
lang_multi_text.db	Flow_6700000_133	3.4	Hội thoại/Cốt truyện	Luồng hội thoại			Correct. {PlayerName}, you're as amazing as they say. Here is your reward.
lang_multi_text.db	Flow_6700000_134	3.4	Hội thoại/Cốt truyện	Luồng hội thoại			You're so amazing, {PlayerName}! You even know the answer to such a difficult riddle!
lang_multi_text.db	Flow_6700000_135	3.4	Hội thoại/Cốt truyện	Luồng hội thoại	NPC #1316		Yes, that's right (nods). I'm really strong.
lang_multi_text.db	Flow_6700000_136	3.4	Hội thoại/Cốt truyện	Luồng hội thoại	Tà Dương		Hahaha, what an interesting answer, but unfortunately it's not the correct one. I do love it, though. Here's your reward.
lang_multi_text.db	Flow_6700000_137	3.4	Hội thoại/Cốt truyện	Luồng hội thoại			Huh, that's not the answer, but it makes sense to me though...
lang_multi_text.db	Flow_6700000_138	3.4	Hội thoại/Cốt truyện	Luồng hội thoại	Tà Dương		Hahaha, what an interesting answer, but unfortunately it's not the correct one. I do love it, though. Here's your reward.
lang_multi_text.db	Flow_6700000_139	3.4	Hội thoại/Cốt truyện	Luồng hội thoại	NPC #1316		{PlayerName}, in what way are you invisible...
lang_multi_text.db	Flow_6700000_140	3.4	Hội thoại/Cốt truyện	Luồng hội thoại	Tà Dương		Hahaha... actually, the answer is rain.
lang_multi_text.db	Flow_6700000_141	3.4	Hội thoại/Cốt truyện	Luồng hội thoại	Tà Dương		I need some time to prepare more riddles. Please come back tomorrow.
lang_multi_text.db	Flow_6700000_16	3.4	Hội thoại/Cốt truyện	Luồng hội thoại	Tà Dương		{PlayerName}, would you like to give today's riddle a shot? You'll get a reward regardless.
lang_multi_text.db	Flow_6700000_17	3.4	Hội thoại/Cốt truyện	Luồng hội thoại			Sure.
lang_multi_text.db	Flow_6700000_18	3.4	Hội thoại/Cốt truyện	Luồng hội thoại			Is it the Convene feature?
lang_multi_text.db	Flow_6700000_20	3.4	Hội thoại/Cốt truyện	Luồng hội thoại			You're so amazing, {PlayerName}! You even know the answer to such a difficult riddle!
lang_multi_text.db	Flow_6700000_21	3.4	Hội thoại/Cốt truyện	Luồng hội thoại			Huh, that's not the answer, but it makes sense to me though...
lang_multi_text.db	Flow_6700000_22	3.4	Hội thoại/Cốt truyện	Luồng hội thoại	NPC #1316		This is scary! How did you know?
lang_multi_text.db	Flow_6700000_23	3.4	Hội thoại/Cốt truyện	Luồng hội thoại	Tà Dương		{PlayerName}, would you like to give today's riddle a shot? You'll get a reward regardless.
lang_multi_text.db	Flow_6700000_24	3.4	Hội thoại/Cốt truyện	Luồng hội thoại			Sure.
lang_multi_text.db	Flow_6700000_25	3.4	Hội thoại/Cốt truyện	Luồng hội thoại	Tà Dương		What is naked in winter, loses all its hair in winter, is fully armed in summer, and grows in spring?
lang_multi_text.db	Flow_6700000_26	3.4	Hội thoại/Cốt truyện	Luồng hội thoại			A tree.
lang_multi_text.db	Flow_6700000_27	3.4	Hội thoại/Cốt truyện	Luồng hội thoại			Abby.
lang_multi_text.db	Flow_6700000_28	3.4	Hội thoại/Cốt truyện	Luồng hội thoại			I can do all that, too.
lang_multi_text.db	Flow_6700000_29	3.4	Hội thoại/Cốt truyện	Luồng hội thoại			Correct. {PlayerName}, you're as amazing as they say. Here is your reward.
lang_multi_text.db	Flow_6700000_3	3.4	Hội thoại/Cốt truyện	Luồng hội thoại	Tà Dương		{PlayerName}, you've already tried answering this riddle today.
lang_multi_text.db	Flow_6700000_30	3.4	Hội thoại/Cốt truyện	Luồng hội thoại			You're so amazing, {PlayerName}! You even know the answer to such a difficult riddle!
lang_multi_text.db	Flow_6700000_31	3.4	Hội thoại/Cốt truyện	Luồng hội thoại	NPC #1316		Yes, of course it's... Wait a minute! That's not right. I'm not naked!
lang_multi_text.db	Flow_6700000_32	3.4	Hội thoại/Cốt truyện	Luồng hội thoại	Tà Dương		Hahaha, what an interesting answer, but unfortunately it's not the correct one. I do love it, though. Here's your reward.
lang_multi_text.db	Flow_6700000_33	3.4	Hội thoại/Cốt truyện	Luồng hội thoại	Tà Dương		Really...? Ahem, unfortunately, that isn't the correct answer. Here's your reward.
lang_multi_text.db	Flow_6700000_34	3.4	Hội thoại/Cốt truyện	Luồng hội thoại	NPC #1316		You're naked in winter... that's so impressive, {PlayerName}!
lang_multi_text.db	Flow_6700000_35	3.4	Hội thoại/Cốt truyện	Luồng hội thoại			{PlayerName}, so that's what you think of me...
lang_multi_text.db	Flow_6700000_4	3.4	Hội thoại/Cốt truyện	Luồng hội thoại			Memories.
lang_multi_text.db	Flow_6700000_5	3.4	Hội thoại/Cốt truyện	Luồng hội thoại			Loans.
lang_multi_text.db	Flow_6700000_6	3.4	Hội thoại/Cốt truyện	Luồng hội thoại			Correct. {PlayerName}, you're as amazing as they say. Here is your reward.
lang_multi_text.db	Flow_6700000_7	3.4	Hội thoại/Cốt truyện	Luồng hội thoại	Tà Dương		What a depressing answer. What makes it worse is that it isn't the correct answer even though it's also very appropriate. Here is your reward.
lang_multi_text.db	Flow_6700000_75	3.4	Hội thoại/Cốt truyện	Luồng hội thoại	Tà Dương		{PlayerName}, would you like to give today's riddle a shot? You'll get a reward regardless.
lang_multi_text.db	Flow_6700000_76	3.4	Hội thoại/Cốt truyện	Luồng hội thoại			Sure.
lang_multi_text.db	Flow_6700000_77	3.4	Hội thoại/Cốt truyện	Luồng hội thoại	Tà Dương		What walks on four legs in the morning, two legs at noon, and three legs in the evening?
lang_multi_text.db	Flow_6700000_78	3.4	Hội thoại/Cốt truyện	Luồng hội thoại			Humans.
lang_multi_text.db	Flow_6700000_79	3.4	Hội thoại/Cốt truyện	Luồng hội thoại			Will I be eaten if I get it wrong?
lang_multi_text.db	Flow_6700000_8	3.4	Hội thoại/Cốt truyện	Luồng hội thoại	Tà Dương		I'm sorry, but that's not the correct answer. Your answer is a little too depressing. Here's your reward.
lang_multi_text.db	Flow_6700000_80	3.4	Hội thoại/Cốt truyện	Luồng hội thoại			Isn't this from a popular bedtime story?
lang_multi_text.db	Flow_6700000_81	3.4	Hội thoại/Cốt truyện	Luồng hội thoại			Correct. {PlayerName}, you're as amazing as they say. Here is your reward.
lang_multi_text.db	Flow_6700000_83	3.4	Hội thoại/Cốt truyện	Luồng hội thoại	NPC #1316		No, but you'll miss out on the grand prize. Here's your reward.
lang_multi_text.db	Flow_6700000_85	3.4	Hội thoại/Cốt truyện	Luồng hội thoại			Why would you be eaten? This story sounds familiar...
lang_multi_text.db	Flow_6700000_86	3.4	Hội thoại/Cốt truyện	Luồng hội thoại	Tà Dương		Yes... Ahem, anyway, here's your reward.
lang_multi_text.db	Flow_6700000_87	3.4	Hội thoại/Cốt truyện	Luồng hội thoại	NPC #1316		You gave me the reward for the wrong answer... How stingy.
lang_multi_text.db	Flow_6700000_88	3.4	Hội thoại/Cốt truyện	Luồng hội thoại	Tà Dương		{PlayerName}, would you like to give today's riddle a shot? You'll get a reward regardless.
lang_multi_text.db	Flow_6700000_89	3.4	Hội thoại/Cốt truyện	Luồng hội thoại			Sure.
lang_multi_text.db	Flow_6700000_90	3.4	Hội thoại/Cốt truyện	Luồng hội thoại	Tà Dương		What's cold and breathless in both life and death and drinks water its entire life even though it never gets thirsty?
lang_multi_text.db	Flow_6700000_91	3.4	Hội thoại/Cốt truyện	Luồng hội thoại			Fishes.
lang_multi_text.db	Flow_6700000_92	3.4	Hội thoại/Cốt truyện	Luồng hội thoại			Are you talking about Sanhua? She does seem quite cold and aloof.
lang_multi_text.db	Flow_6700000_93	3.4	Hội thoại/Cốt truyện	Luồng hội thoại			Me!
lang_multi_text.db	Flow_6700000_94	3.4	Hội thoại/Cốt truyện	Luồng hội thoại			Correct. {PlayerName}, you're as amazing as they say. Here is your reward.
lang_multi_text.db	Flow_6700000_95	3.4	Hội thoại/Cốt truyện	Luồng hội thoại			You're so amazing, {PlayerName}! You even know the answer to such a difficult riddle!
lang_multi_text.db	Flow_6700000_96	3.4	Hội thoại/Cốt truyện	Luồng hội thoại	Tà Dương		Hahaha, what an interesting answer, but unfortunately it's not the correct one. I do love it, though. Here's your reward.
lang_multi_text.db	Flow_6700000_97	3.4	Hội thoại/Cốt truyện	Luồng hội thoại			Huh, that's not the answer, but it makes sense to me though...
lang_multi_text.db	Flow_6700000_99	3.4	Hội thoại/Cốt truyện	Luồng hội thoại	Tà Dương		Cold and b-breathless?! S-Stay away from me! H-here is your reward.
lang_multi_text.db	Flow_6700001_1	3.4	Hội thoại/Cốt truyện	Luồng hội thoại	Chú Đổng		{PlayerName}, come and have your daily fortune told. I wonder who your destined Sentinel is today.
lang_multi_text.db	Flow_6700001_12	3.4	Hội thoại/Cốt truyện	Luồng hội thoại			The Neck. This Sentinel's statement is: "The dragon lies hidden in the deep, biding its time." It implies that you should conserve your strength and avoid direct confrontations. This could be a good omen depending on your circumstances.
lang_multi_text.db	Flow_6700001_13	3.4	Hội thoại/Cốt truyện	Luồng hội thoại			Draw Sentinel Fortune Sticks.
lang_multi_text.db	Flow_6700001_14	3.4	Hội thoại/Cốt truyện	Luồng hội thoại	Chú Đổng		Vigorous, prosperous, harmonious, and righteous. May the Sentinel's blessings be with you.
lang_multi_text.db	Flow_6700001_15	3.4	Hội thoại/Cốt truyện	Luồng hội thoại	Chú Đổng		{PlayerName}, I wish you a beautiful day. (Buff gained: Increase the team's ATK by 12% until 4 am)
lang_multi_text.db	Flow_6700001_17	3.4	Hội thoại/Cốt truyện	Luồng hội thoại	Chú Đổng		Vigorous, prosperous, harmonious, and righteous. May the Sentinel's blessings be with you.
lang_multi_text.db	Flow_6700001_18	3.4	Hội thoại/Cốt truyện	Luồng hội thoại	Chú Đổng		{PlayerName}, I wish you a beautiful day. (Buff gained: Reduce the team's STA consumption by 15% until 4 am)
lang_multi_text.db	Flow_6700001_19	3.4	Hội thoại/Cốt truyện	Luồng hội thoại	Chú Đổng		{PlayerName}, come and have your daily fortune told. I wonder who your destined Sentinel is today.
lang_multi_text.db	Flow_6700001_20	3.4	Hội thoại/Cốt truyện	Luồng hội thoại			The Room. This Sentinel's statement is: "One must stay diligent and vigilant throughout the day." It implies that if you constantly strive to better yourself, everything will turn out well for you. This is a good omen.
lang_multi_text.db	Flow_6700001_21	3.4	Hội thoại/Cốt truyện	Luồng hội thoại	Chú Đổng		Vigorous, prosperous, harmonious, and righteous. May the Sentinel's blessings be with you.
lang_multi_text.db	Flow_6700001_22	3.4	Hội thoại/Cốt truyện	Luồng hội thoại	Chú Đổng		{PlayerName}, I wish you a beautiful day. (Buff gained: Increase the team's Crit. Rate by 8% until 4 am)
lang_multi_text.db	Flow_6700001_23	3.4	Hội thoại/Cốt truyện	Luồng hội thoại	Chú Đổng		{PlayerName}, come and have your daily fortune told. I wonder who your destined Sentinel is today.
lang_multi_text.db	Flow_6700001_24	3.4	Hội thoại/Cốt truyện	Luồng hội thoại			The Heart. This Sentinel's statement is: "Soar to the sky or dive into the abyss, a dragon must advance based on the situation." It implies that you can decide whether to advance or retreat based on the situation. This is a good omen.
lang_multi_text.db	Flow_6700001_25	3.4	Hội thoại/Cốt truyện	Luồng hội thoại	Chú Đổng		Vigorous, prosperous, harmonious, and righteous. May the Sentinel's blessings be with you.
lang_multi_text.db	Flow_6700001_26	3.4	Hội thoại/Cốt truyện	Luồng hội thoại	Chú Đổng		{PlayerName}, I wish you a beautiful day. (Buff gained: Increase the team's Crit. DMG by 16% until 4 am)
lang_multi_text.db	Flow_6700001_3	3.4	Hội thoại/Cốt truyện	Luồng hội thoại	Chú Đổng		You've already had your fortune told today. Please come again tomorrow.
lang_multi_text.db	Flow_6700001_31	3.4	Hội thoại/Cốt truyện	Luồng hội thoại	Chú Đổng		{PlayerName}, come and have your daily fortune told. I wonder who your destined Sentinel is today.
lang_multi_text.db	Flow_6700001_32	3.4	Hội thoại/Cốt truyện	Luồng hội thoại			The Root. This Sentinel's statement is: "The dragon soars high in the sky, heralding the arrival of the great and eminent." It implies that you have great prospects and will be helped by someone important to you. This is a good omen.
lang_multi_text.db	Flow_6700001_33	3.4	Hội thoại/Cốt truyện	Luồng hội thoại	Chú Đổng		Vigorous, prosperous, harmonious, and righteous. May the Sentinel's blessings be with you.
lang_multi_text.db	Flow_6700001_34	3.4	Hội thoại/Cốt truyện	Luồng hội thoại	Chú Đổng		{PlayerName}, I wish you a beautiful day. (Buff gained: Increase the team's Energy Regen by 15% until 4 am)
lang_multi_text.db	Flow_6700001_35	3.4	Hội thoại/Cốt truyện	Luồng hội thoại	Chú Đổng		{PlayerName}, come and have your daily fortune told. I wonder who your destined Sentinel is today.
lang_multi_text.db	Flow_6700001_36	3.4	Hội thoại/Cốt truyện	Luồng hội thoại			The Tail. This Sentinel's statement is: "The dragon that soars too high in the sky cannot stay there for long." It implies that there is a beginning and an end to everything, and the natural order of the world must be followed. This is a good omen.
lang_multi_text.db	Flow_6700001_37	3.4	Hội thoại/Cốt truyện	Luồng hội thoại	Chú Đổng		Vigorous, prosperous, harmonious, and righteous. May the Sentinel's blessings be with you.
lang_multi_text.db	Flow_6700001_38	3.4	Hội thoại/Cốt truyện	Luồng hội thoại	Chú Đổng		{PlayerName}, I wish you a beautiful day. (Buff gained: Reduce the Cooldown of Grapple by 25% until 4 am)
lang_multi_text.db	Flow_6700001_39	3.4	Hội thoại/Cốt truyện	Luồng hội thoại	Chú Đổng		{PlayerName}, come and have your daily fortune told. I wonder who your destined Sentinel is today.
lang_multi_text.db	Flow_6700001_40	3.4	Hội thoại/Cốt truyện	Luồng hội thoại			The Winnowing Basket. This Sentinel's statement is: "Dragons fill the sky, all virtuous and competent." It implies that these are times of peace and harmony for all. This is an extremely good omen.
lang_multi_text.db	Flow_6700001_41	3.4	Hội thoại/Cốt truyện	Luồng hội thoại	Chú Đổng		Vigorous, prosperous, harmonious, and righteous. May the Sentinel's blessings be with you.
lang_multi_text.db	Flow_6700001_42	3.4	Hội thoại/Cốt truyện	Luồng hội thoại	Chú Đổng		{PlayerName}, I wish you a beautiful day. (Buff gained: Increase the Echo drop rate by 20% until 4 am)
lang_multi_text.db	Flow_6700001_43	3.4	Hội thoại/Cốt truyện	Luồng hội thoại			Draw Sentinel Fortune Sticks.
lang_multi_text.db	Flow_6700001_44	3.4	Hội thoại/Cốt truyện	Luồng hội thoại			Draw Sentinel Fortune Sticks.
lang_multi_text.db	Flow_6700001_45	3.4	Hội thoại/Cốt truyện	Luồng hội thoại			Draw Sentinel Fortune Sticks.
lang_multi_text.db	Flow_6700001_46	3.4	Hội thoại/Cốt truyện	Luồng hội thoại			Draw Sentinel Fortune Sticks.
lang_multi_text.db	Flow_6700001_47	3.4	Hội thoại/Cốt truyện	Luồng hội thoại			Draw Sentinel Fortune Sticks.
lang_multi_text.db	Flow_6700001_48	3.4	Hội thoại/Cốt truyện	Luồng hội thoại			Draw Sentinel Fortune Sticks.
lang_multi_text.db	Flow_6700001_6	3.4	Hội thoại/Cốt truyện	Luồng hội thoại			The Horn. This represents our Lord Sentinel of Jinzhou, and its statement is "The dragon has emerged, bestowing wisdom and benevolence far and wide." This is a good omen symbolizing new beginnings with the return of spring.
lang_multi_text.db	Flow_6700001_9	3.4	Hội thoại/Cốt truyện	Luồng hội thoại	Chú Đổng		{PlayerName}, come and have your daily fortune told. I wonder who your destined Sentinel is today.
lang_multi_text.db	Flow_6700002_19	3.4	Hội thoại/Cốt truyện	Luồng hội thoại	Tiêm Thần		I'm really sorry, {PlayerName}, but you can only play Hsin's Fortuity once every day.
lang_multi_text.db	Flow_6700002_22	3.4	Hội thoại/Cốt truyện	Luồng hội thoại	Tiêm Thần		Oh, it's the waning moon. This is unfortunate, but I've also prepared some commemorative gifts. Here you go!
lang_multi_text.db	Flow_6700002_23	3.4	Hội thoại/Cốt truyện	Luồng hội thoại	Tiêm Thần		Waiting for results...
lang_multi_text.db	Flow_6700002_24	3.4	Hội thoại/Cốt truyện	Luồng hội thoại	Tiêm Thần		Waiting for results...
lang_multi_text.db	Flow_6700002_25	3.4	Hội thoại/Cốt truyện	Luồng hội thoại	Tiêm Thần		Oh, it's actually the waxing moon. {PlayerName}, congratulations on winning the grand prize. Here's your reward!
lang_multi_text.db	Flow_6700002_26	3.4	Hội thoại/Cốt truyện	Luồng hội thoại	Tiêm Thần		{PlayerName}, do you want to challenge today's Hsin's Fortuity?
lang_multi_text.db	Flow_6700002_27	3.4	Hội thoại/Cốt truyện	Luồng hội thoại			Play Hsin's Fortuity.
lang_multi_text.db	Flow_6700002_28	3.4	Hội thoại/Cốt truyện	Luồng hội thoại	Tiêm Thần		{PlayerName}, do you want to challenge today's Hsin's Fortuity?
lang_multi_text.db	Flow_6700002_29	3.4	Hội thoại/Cốt truyện	Luồng hội thoại			Play Hsin's Fortuity.
lang_multi_text.db	Flow_6700003_1	3.4	Hội thoại/Cốt truyện	Luồng hội thoại	Gleamtender		Message from Xiangli Yao: The Moonlit Fair is nearing. I hope these can be of help to your preparation.
lang_multi_text.db	Flow_6700003_2	3.4	Hội thoại/Cốt truyện	Luồng hội thoại	Gleamtender		The message is loading. Please come back later. (Reset after 04:00 server time)
lang_multi_text.db	Flow_886000002_5070	3.4	Hội thoại/Cốt truyện	Luồng hội thoại			Iuno, or perhaps her specter yet to fully return, finds you lost in the Chaos.
lang_multi_text.db	Flow_886000002_5074	3.4	Hội thoại/Cốt truyện	Luồng hội thoại			Once again, she reaches through the unknown to pull you from the tides of uncertainty. She places the rope that binds you two together back into your hands.
lang_multi_text.db	Flow_886000002_5076	3.4	Hội thoại/Cốt truyện	Luồng hội thoại			You can't quite understand how she does it... but somehow, once again, she finds you.
lang_multi_text.db	Flow_886000002_5077	3.4	Hội thoại/Cốt truyện	Luồng hội thoại			Maybe this Chaos isn't that unbearable. After all, you know she will always find you and lead you where you need to go.
lang_multi_text.db	Flow_165750002_260	3.5	Hội thoại/Cốt truyện	Luồng hội thoại			No problem.
lang_multi_text.db	Flow_190000000_408	3.5	Hội thoại/Cốt truyện	Luồng hội thoại	NPC #350094		Oh my...
lang_multi_text.db	Flow_190000000_420	3.5	Hội thoại/Cốt truyện	Luồng hội thoại	NPC #350094		Oh my...
