dbfile	key	version	category	folder	speaker	mission	anh_en
lang_instance_dungeon.db	148	3.4	Phụ bản	Phụ bản			Hazy Depths
lang_instance_dungeon.db	202	3.4	Phụ bản	Phụ bản			Center Comand Hall
lang_instance_dungeon.db	208	3.4	Phụ bản	Phụ bản			Hazy Depths
lang_instance_dungeon.db	293	3.4	Phụ bản	Phụ bản			Center Comand Hall
lang_instance_dungeon.db	85	3.4	Phụ bản	Phụ bản			Center Comand Hall
lang_instance_dungeon_entrance.db	29	3.4	Phụ bản	Phụ bản			Center Comand Hall
lang_instance_dungeon_entrance.db	33	3.4	Phụ bản	Phụ bản			Hazy Depths
lang_instance_dungeon_entrance.db	5	3.4	Phụ bản	Phụ bản			Center Comand Hall
lang_instance_dungeon_entrance.db	51	3.4	Phụ bản	Phụ bản			Progressing Base
lang_instance_dungeon_entrance.db	53	3.4	Phụ bản	Phụ bản			Zero Point Research Station
lang_instance_dungeon_entrance.db	54	3.4	Phụ bản	Phụ bản			Large-scale underground experiment center built before the Lament. The well below it attain the depth reaching the mohoroviic discontinuity. Secrets and unknown knowledge await you there.
lang_multi_text.db	InstanceDungeonEntrance_1001_Description	3.4	Hội thoại/Cốt truyện	Phụ bản			A desolate land where time flows chaotically. Guided by the Blazing Feather, with the universe as the chessboard and stars as the pieces, the chosen one reaches out to touch the distant past beneath the Eternal Blaze.
lang_multi_text.db	InstanceDungeonEntrance_1001_Name	3.4	Hội thoại/Cốt truyện	Phụ bản			Constellation in Temporal Aperture
lang_multi_text.db	InstanceDungeonEntrance_1002_Description	3.4	Hội thoại/Cốt truyện	Phụ bản			The distorted copy of the painting has created a realm of illusion through the artist's Forte. Her deeply rooted negative emotions have corroded its colors and brought powerful Tacet Discords to life.
lang_multi_text.db	InstanceDungeonEntrance_1002_Name	3.4	Hội thoại/Cốt truyện	Phụ bản			Ashened Gallery
lang_multi_text.db	InstanceDungeonEntrance_1003_Description	3.4	Hội thoại/Cốt truyện	Phụ bản			A mysterious stained-glass mirror made of energy crystals.\nCome closer. Gaze into me, fix your eyes upon me, until your soul is laid bare—not to the "mirror," but to me.
lang_multi_text.db	InstanceDungeonEntrance_1003_Name	3.4	Hội thoại/Cốt truyện	Phụ bản			Realm of Ego
lang_multi_text.db	InstanceDungeonEntrance_1004_Description	3.4	Hội thoại/Cốt truyện	Phụ bản			At the end of the labyrinth lies a bizarre cave, seemingly the source of the mist. In the pitch darkness, twisted shadows flicker, accompanied by low, unsettling growls...
lang_multi_text.db	InstanceDungeonEntrance_1004_Name	3.4	Hội thoại/Cốt truyện	Phụ bản			Dark Cave
lang_multi_text.db	InstanceDungeonEntrance_1005_Description	3.4	Hội thoại/Cốt truyện	Phụ bản			A Stargate located in the Modulation Hall, providing access to the depths of the stars.
lang_multi_text.db	InstanceDungeonEntrance_1005_Name	3.4	Hội thoại/Cốt truyện	Phụ bản			Deepsky Stargate
lang_multi_text.db	InstanceDungeonEntrance_1006_Description	3.4	Hội thoại/Cốt truyện	Phụ bản			A Stargate located in the Modulation Hall, providing access to the depths of the stars.
lang_multi_text.db	InstanceDungeonEntrance_1006_Name	3.4	Hội thoại/Cốt truyện	Phụ bản			Deepsky Stargate
lang_multi_text.db	InstanceDungeonEntrance_1007_Description	3.4	Hội thoại/Cốt truyện	Phụ bản			In Encore's stories, the Wooly Kingdom is a place where wishes come true and stories come alive. If the Gateway of Wishes feels elusive in the real world, perhaps it lies hidden within a story.
lang_multi_text.db	InstanceDungeonEntrance_1007_Name	3.4	Hội thoại/Cốt truyện	Phụ bản			Wooly Kingdom
lang_multi_text.db	InstanceDungeonEntrance_1008_Description	3.4	Hội thoại/Cốt truyện	Phụ bản			In Encore's stories, the Wooly Kingdom is a place where wishes come true and stories come alive. If the Gateway of Wishes feels elusive in the real world, perhaps it lies hidden within a story.
lang_multi_text.db	InstanceDungeonEntrance_1008_Name	3.4	Hội thoại/Cốt truyện	Phụ bản			Wooly Kingdom
lang_multi_text.db	InstanceDungeonEntrance_1009_Description	3.4	Hội thoại/Cốt truyện	Phụ bản			A Stargate located in the Modulation Hall, providing access to the depths of the stars.
lang_multi_text.db	InstanceDungeonEntrance_1009_Name	3.4	Hội thoại/Cốt truyện	Phụ bản			Deepsky Stargate
lang_multi_text.db	InstanceDungeonEntrance_1010_Description	3.4	Hội thoại/Cốt truyện	Phụ bản			The past stagnates, fermenting over time into abnormal frequencies that now drown the castle.\nWill anyone answer the call of the ghosts? Even if their voices are as faint as the pop of a bubble?
lang_multi_text.db	InstanceDungeonEntrance_1010_Name	3.4	Hội thoại/Cốt truyện	Phụ bản			Resurfaced Past
lang_multi_text.db	InstanceDungeonEntrance_1013_Description	3.4	Hội thoại/Cốt truyện	Phụ bản			These ancient underground waterways have become gang hideouts. Join Zani in venturing inside to uproot the crime that's spread here.
lang_multi_text.db	InstanceDungeonEntrance_1013_Name	3.4	Hội thoại/Cốt truyện	Phụ bản			Black Alley
lang_multi_text.db	InstanceDungeonEntrance_1015_Description	3.4	Hội thoại/Cốt truyện	Phụ bản			Edgerunners Collab Map
lang_multi_text.db	InstanceDungeonEntrance_1015_Name	3.4	Hội thoại/Cốt truyện	Phụ bản			Edgerunners Collab Map
lang_multi_text.db	InstanceDungeonEntrance_14_Description	3.4	Hội thoại/Cốt truyện	Phụ bản			Domain scene switch preview
lang_multi_text.db	InstanceDungeonEntrance_14_Name	3.4	Hội thoại/Cốt truyện	Phụ bản			GM Island Domain entrance
lang_multi_text.db	InstanceDungeonEntrance_1501_Description	3.4	Hội thoại/Cốt truyện	Phụ bản			Reality and destiny fades; Constructions and laws collapsed. Chaos consumed all in the blazing flame, only pain and agony remain.
lang_multi_text.db	InstanceDungeonEntrance_1501_Name	3.4	Hội thoại/Cốt truyện	Phụ bản			Chaotic Juncture: Spark
lang_multi_text.db	InstanceDungeonEntrance_1504_Description	3.4	Hội thoại/Cốt truyện	Phụ bản			A mysterious space in the Crownless Statue's heart, where chaotic flames of war are born.
lang_multi_text.db	InstanceDungeonEntrance_1504_Name	3.4	Hội thoại/Cốt truyện	Phụ bản			Statue of the Crownless: Heart
lang_multi_text.db	InstanceDungeonEntrance_1505_Description	3.4	Hội thoại/Cốt truyện	Phụ bản			Crownless - True
lang_multi_text.db	InstanceDungeonEntrance_1505_Name	3.4	Hội thoại/Cốt truyện	Phụ bản			Crownless - True
lang_multi_text.db	InstanceDungeonEntrance_1508_Description	3.4	Hội thoại/Cốt truyện	Phụ bản			Once a trial ground in the coming-of-age ceremony to test the participants' strength. Over time, it has evolved into a place of blessing and prayer for the Sentinel. Pass the trial and prove yourself qualified to protect the Sentinel and Hongzhen.
lang_multi_text.db	InstanceDungeonEntrance_1508_Name	3.4	Hội thoại/Cốt truyện	Phụ bản			Offering Site
lang_multi_text.db	InstanceDungeonEntrance_1509_Description	3.4	Hội thoại/Cốt truyện	Phụ bản			To safeguard its treasures, the underground of Averardo Vault is designed as an intricate labyrinth, where one might forever lose their way without proper guidance. \nShould fortune, or perhaps misfortune, lead you to its depths, the ever-watchful Echo guard will be there, standing vigilant to fulfill its duty.
lang_multi_text.db	InstanceDungeonEntrance_1509_Name	3.4	Hội thoại/Cốt truyện	Phụ bản			Abandoned Tower
lang_multi_text.db	InstanceDungeonEntrance_1511_Description	3.4	Hội thoại/Cốt truyện	Phụ bản			The vault houses an exquisite collection of rare Echoes and artwork. Upholding the principle of "Inviolability of Property," it is the safest and most impregnable place in Rinascita.
lang_multi_text.db	InstanceDungeonEntrance_1511_Name	3.4	Hội thoại/Cốt truyện	Phụ bản			Averardo Vault
lang_multi_text.db	InstanceDungeonEntrance_1514_Description	3.4	Hội thoại/Cốt truyện	Phụ bản			Phrolova's Sonoro Sphere. \nAmid the wild revelry, she beckons you to join in the dance, offering a story in exchange and unveiling the truth behind the curtain.
lang_multi_text.db	InstanceDungeonEntrance_1514_Name	3.4	Hội thoại/Cốt truyện	Phụ bản			Final Stage
lang_multi_text.db	InstanceDungeonEntrance_1518_Description	3.4	Hội thoại/Cốt truyện	Phụ bản			A mysterious entrance opened amidst the Dark Tide, where the surging currents converge.
lang_multi_text.db	InstanceDungeonEntrance_1518_Name	3.4	Hội thoại/Cốt truyện	Phụ bản			Dark Tide Conflux
lang_multi_text.db	InstanceDungeonEntrance_1532_Name	3.4	Hội thoại/Cốt truyện	Phụ bản			Chaos
lang_multi_text.db	InstanceDungeonEntrance_1562_Description	3.4	Hội thoại/Cốt truyện	Phụ bản			Entrance to the Underground Exhibition Hall
lang_multi_text.db	InstanceDungeonEntrance_1562_Name	3.4	Hội thoại/Cốt truyện	Phụ bản			Underground Exhibition Hall Entrance
lang_multi_text.db	InstanceDungeonEntrance_1563_Description	3.4	Hội thoại/Cốt truyện	Phụ bản			Entrance to the Conference Hall
lang_multi_text.db	InstanceDungeonEntrance_1563_Name	3.4	Hội thoại/Cốt truyện	Phụ bản			Conference Hall Entrance
lang_multi_text.db	InstanceDungeonEntrance_1564_Description	3.4	Hội thoại/Cốt truyện	Phụ bản			Entrance to the Student Base
lang_multi_text.db	InstanceDungeonEntrance_1564_Name	3.4	Hội thoại/Cốt truyện	Phụ bản			Student Base Entrance
lang_multi_text.db	InstanceDungeonEntrance_16_Description	3.4	Hội thoại/Cốt truyện	Phụ bản			A grand construction located in the central axis of Jinzhou. Not only it reserves the functions of important reception and discussion of major issues, but also sets itself as the symbol of hope for the people of Huanglong.
lang_multi_text.db	InstanceDungeonEntrance_16_Name	3.4	Hội thoại/Cốt truyện	Phụ bản			The Grand Library
lang_multi_text.db	InstanceDungeonEntrance_201000_Description	3.4	Hội thoại/Cốt truyện	Phụ bản			Maiden's tear was caged within the whispering forest. Her soul was forever detained and was tormented by scarlet thorns, which were nurtured by endless malice.
lang_multi_text.db	InstanceDungeonEntrance_201000_Name	3.4	Hội thoại/Cốt truyện	Phụ bản			Misty Forest
lang_multi_text.db	InstanceDungeonEntrance_202000_Description	3.4	Hội thoại/Cốt truyện	Phụ bản			This Sonoro Sphere preserves the moonlit forest as it was before the Tacet Field consumed it. That same light also created the terrifying nightmare on the second night.
lang_multi_text.db	InstanceDungeonEntrance_202000_Name	3.4	Hội thoại/Cốt truyện	Phụ bản			Moonlit Groves
lang_multi_text.db	InstanceDungeonEntrance_2021_Description	3.4	Hội thoại/Cốt truyện	Phụ bản			Laws and orders have crumbled, uprooting reality and destiny.\nPlease heed our words. One more step closer, and you shall break free.
lang_multi_text.db	InstanceDungeonEntrance_2021_Name	3.4	Hội thoại/Cốt truyện	Phụ bản			Chaotic Juncture
lang_multi_text.db	InstanceDungeonEntrance_2022_Description	3.4	Hội thoại/Cốt truyện	Phụ bản			The Temporal Loop, an arena of destiny, beckons for you again.\nThe deity that wields heavenly might patiently awaits a fated battle.
lang_multi_text.db	InstanceDungeonEntrance_2022_Name	3.4	Hội thoại/Cốt truyện	Phụ bản			The Fated Confrontation
lang_multi_text.db	InstanceDungeonEntrance_203000_Description	3.4	Hội thoại/Cốt truyện	Phụ bản			This Sonoro Sphere captures the sunlight shed upon the forest. When day and night collide, it condenses into an eternal crystal of flame.
lang_multi_text.db	InstanceDungeonEntrance_203000_Name	3.4	Hội thoại/Cốt truyện	Phụ bản			Marigold Woods
lang_multi_text.db	InstanceDungeonEntrance_2031_Description	3.4	Hội thoại/Cốt truyện	Phụ bản			A mysterious space in the Crownless Statue's heart, where chaotic flames of war are born.
lang_multi_text.db	InstanceDungeonEntrance_2031_Name	3.4	Hội thoại/Cốt truyện	Phụ bản			Statue of the Crownless
lang_multi_text.db	InstanceDungeonEntrance_2051_Description	3.4	Hội thoại/Cốt truyện	Phụ bản			Lingering frequencies left by a fierce clash between two formidable forces, now shaped by your memories and taking the form of Lycrosis.\nThe singer from beyond still awaits on the stage.
lang_multi_text.db	InstanceDungeonEntrance_2051_Name	3.4	Hội thoại/Cốt truyện	Phụ bản			Beyond the Crimson Curtain
lang_multi_text.db	InstanceDungeonEntrance_2052_Description	3.4	Hội thoại/Cốt truyện	Phụ bản			A special Tacet Discord that lurks in the intricate network of the Dreamscape Nodes.
lang_multi_text.db	InstanceDungeonEntrance_2052_Name	3.4	Hội thoại/Cốt truyện	Phụ bản			Nightmare: Hecate
lang_multi_text.db	InstanceDungeonEntrance_2061_Description	3.4	Hội thoại/Cốt truyện	Phụ bản			A prison hangs in the heavens, devouring glory from the past. Upon the divine throne covered in thorns, she waits for her demise.
lang_multi_text.db	InstanceDungeonEntrance_2061_Name	3.4	Hội thoại/Cốt truyện	Phụ bản			The Wheel of Broken Fate
lang_multi_text.db	InstanceDungeonEntrance_2071_Description	3.4	Hội thoại/Cốt truyện	Phụ bản			The Threnodian Leviathan merged unto a Kingdom the memories, feelings, and aspirations of all Rinascitans, assimilating their thoughts and erasing their obsessions. An immaculate Paradise drawn on bewildered souls, whose lifeless forms chant in unison, day and night—for naught but to earn Its grace and redemption.
lang_multi_text.db	InstanceDungeonEntrance_2071_Name	3.4	Hội thoại/Cốt truyện	Phụ bản			Cindernite Apocalypse
lang_multi_text.db	InstanceDungeonEntrance_2081_Description	3.4	Hội thoại/Cốt truyện	Phụ bản			In the depths of the stars' memories, a mech waits in silence for the moment of its return. \nListen once more to the sighs of hope, pain, concern, and grief, then cleave the eternal shackles.
lang_multi_text.db	InstanceDungeonEntrance_2081_Name	3.4	Hội thoại/Cốt truyện	Phụ bản			Gate of the Lost Star
lang_multi_text.db	InstanceDungeonEntrance_2091_Description	3.4	Hội thoại/Cốt truyện	Phụ bản			A shadow from the past, born when the "truth" touched nothingness, drifting endlessly in this boundless ocean of void.\nGo to her. Call out her name. Do not let her be alone.
lang_multi_text.db	InstanceDungeonEntrance_2091_Name	3.4	Hội thoại/Cốt truyện	Phụ bản			Seed of Illusory Origin
lang_multi_text.db	InstanceDungeonEntrance_2506_Description	3.4	Hội thoại/Cốt truyện	Phụ bản			The Public Security Bureau has set up this room to resolve civil conflicts. Here, disputing parties can debate, mediate, and negotiate, making conflict resolution more efficient and occasionally assisting in major case investigations.
lang_multi_text.db	InstanceDungeonEntrance_2506_Name	3.4	Hội thoại/Cốt truyện	Phụ bản			Public Security Bureau Hearing Room
lang_multi_text.db	InstanceDungeonEntrance_2510_Description	3.4	Hội thoại/Cốt truyện	Phụ bản			A two-tiered holy edifice in Ragunna City, devoted to the worship of the Sentinel's statue. It also serves as the seat of the Order of the Deep.
lang_multi_text.db	InstanceDungeonEntrance_2510_Name	3.4	Hội thoại/Cốt truyện	Phụ bản			Order of the Deep
lang_multi_text.db	InstanceDungeonEntrance_2513_Description	3.4	Hội thoại/Cốt truyện	Phụ bản			The Beyond—that promised perfection—is no more in this world, at least for now. Yet deep beneath the sea, its broken fragments still glimmer with echoes of old obsession and hope. Whenever you return, you'll hear joyful laughter of rebirth, as if this land still holds the promise of eternity.
lang_multi_text.db	InstanceDungeonEntrance_2513_Name	3.4	Hội thoại/Cốt truyện	Phụ bản			Shards of the Beyond
lang_multi_text.db	InstanceDungeonEntrance_2516_Description	3.4	Hội thoại/Cốt truyện	Phụ bản			The Spacetrek Collective Research Institute is a borderless research facility, where scientists from around the world study the Exostrider and the Stridergate. It also serves as the R&D center of the artificial sun, Helios. Standing at the highest point in Lahai-Roi, the Institute is built on an orbit track alongside the Starward Riseway, continuously monitoring the Exostrider's great sword. Over the years, countless researchers have devoted their lives and wisdom here, all in the hope that humanity's torch of exploration will forever burn bright.
lang_multi_text.db	InstanceDungeonEntrance_2516_Name	3.4	Hội thoại/Cốt truyện	Phụ bản			Spacetrek Collective Research Institute
lang_multi_text.db	InstanceDungeonEntrance_2517_Description	3.4	Hội thoại/Cốt truyện	Phụ bản			The sacred ground of the Roya and the dwelling of the Heliodic Six. It safeguards Exostrider parts and serves as the central archive for all Royan records.\nWith each operational cycle of the Reactor Drive, the Solisylum calculates its stability, tracks the birth and growth of the Exoswarm, and monitors their eventual return to the Exostrider.
lang_multi_text.db	InstanceDungeonEntrance_2517_Name	3.4	Hội thoại/Cốt truyện	Phụ bản			Solisylum
lang_multi_text.db	InstanceDungeonEntrance_2520_Description	3.4	Hội thoại/Cốt truyện	Phụ bản			Startorch Academy offers every student a private dorm room to relax and recharge. Every space in the building is thoughtfully designed to meet a variety of needs. The resting area creates a calming environment that helps even insomniacs drift off with ease. Soundproofed walls minimize noise complaints, ensuring peace of mind.
lang_multi_text.db	InstanceDungeonEntrance_2520_Name	3.4	Hội thoại/Cốt truyện	Phụ bản			Academy Dormitory
lang_multi_text.db	InstanceDungeonEntrance_301000_Description	3.4	Hội thoại/Cốt truyện	Phụ bản			This Sonoro Sphere captures the never-ending din of countless engines, a constant soundtrack to the bustling metropolis that was once drenched in molten metal.
lang_multi_text.db	InstanceDungeonEntrance_301000_Name	3.4	Hội thoại/Cốt truyện	Phụ bản			Flaming Remnants
lang_multi_text.db	InstanceDungeonEntrance_302000_Description	3.4	Hội thoại/Cốt truyện	Phụ bản			This Sonoro Sphere captures the essence of dawn and dusk, as a fiery crystal sparks through the forest, illuminating its surroundings in a blaze of light.
lang_multi_text.db	InstanceDungeonEntrance_302000_Name	3.4	Hội thoại/Cốt truyện	Phụ bản			Eroded Ruins
lang_multi_text.db	InstanceDungeonEntrance_303000_Description	3.4	Hội thoại/Cốt truyện	Phụ bản			This Sonoro Sphere manifests the wishes of those who drowned in the Lament's abyss. In a darkness untouched by day or night, can a single glimmer of light deliver what the heart yearns for?
lang_multi_text.db	InstanceDungeonEntrance_303000_Name	3.4	Hội thoại/Cốt truyện	Phụ bản			Abyss of Initiation
lang_multi_text.db	InstanceDungeonEntrance_304000_Description	3.4	Hội thoại/Cốt truyện	Phụ bản			This Sonoro Sphere manifests the wishes of those who drowned in the Lament's abyss. They spread saintly wings, like the tender embrace of a lover's arms.
lang_multi_text.db	InstanceDungeonEntrance_304000_Name	3.4	Hội thoại/Cốt truyện	Phụ bản			Abyss of Sacrifice
lang_multi_text.db	InstanceDungeonEntrance_305000_Description	3.4	Hội thoại/Cốt truyện	Phụ bản			This Sonoro Sphere manifests the wishes of those who drowned in the Lament's abyss. It is not a surrender to the Order's authority, but a confession of the world's suffering.
lang_multi_text.db	InstanceDungeonEntrance_305000_Name	3.4	Hội thoại/Cốt truyện	Phụ bản			Abyss of Confession
lang_multi_text.db	InstanceDungeonEntrance_306000_Description	3.4	Hội thoại/Cốt truyện	Phụ bản			This Sonoro Sphere records an ancient ceremony eroded by the Lament. At the end of suffering, may all transgressions be forgiven.
lang_multi_text.db	InstanceDungeonEntrance_306000_Name	3.4	Hội thoại/Cốt truyện	Phụ bản			Garden of Salvation
lang_multi_text.db	InstanceDungeonEntrance_307000_Description	3.4	Hội thoại/Cốt truyện	Phụ bản			This Sonoro Sphere records an ancient ceremony eroded by the Lament. The harbor draws near, the bell rings clear. O captain, have you heard the people's cheers?
lang_multi_text.db	InstanceDungeonEntrance_307000_Name	3.4	Hội thoại/Cốt truyện	Phụ bản			Garden of Adoration
lang_multi_text.db	InstanceDungeonEntrance_308000_Description	3.4	Hội thoại/Cốt truyện	Phụ bản			The bells still toll in a world consumed by the Shimmer, but the lesson never reached its conclusion. In the dying glow of the evening, a chalk trail comes to an abrupt halt on the blackboard. This is Lahai-Roi's final lesson.
lang_multi_text.db	InstanceDungeonEntrance_308000_Name	3.4	Hội thoại/Cốt truyện	Phụ bản			Lesson in Sunset
lang_multi_text.db	InstanceDungeonEntrance_309000_Description	3.4	Hội thoại/Cốt truyện	Phụ bản			It reveals the Academy's final moments, where Void Storms creep in like a black fog, smothering everything in the dead of night. In this deathly stillness, the Academy stands as a grim testament to the prophecy for civilizations—All that is known shall eventually be erased by the unknown.
lang_multi_text.db	InstanceDungeonEntrance_309000_Name	3.4	Hội thoại/Cốt truyện	Phụ bản			Lesson in Void
lang_multi_text.db	InstanceDungeonEntrance_310000_Description	3.4	Hội thoại/Cốt truyện	Phụ bản			In the wake of the Void Storm, the Academy lies in ruins. Desks and instruments drift like ghosts on a dead tide. Silence reigns. When will the next roll call sound? Perhaps no one is left to know.
lang_multi_text.db	InstanceDungeonEntrance_310000_Name	3.4	Hội thoại/Cốt truyện	Phụ bản			Lesson in Embers
lang_multi_text.db	InstanceDungeonEntrance_311000_Description	3.4	Hội thoại/Cốt truyện	Phụ bản			The dome is shattered, and what light remains illuminates overgrown ruins. Amidst thick weeds, the dying Reactor Drive holds onto a mere memory that it once was the sun.
lang_multi_text.db	InstanceDungeonEntrance_311000_Name	3.4	Hội thoại/Cốt truyện	Phụ bản			Fallen Sanctum
lang_multi_text.db	InstanceDungeonEntrance_312000_Description	3.4	Hội thoại/Cốt truyện	Phụ bản			The Heliogyre, corrupted by Voidmatter, becomes a twisted core of energy that unleashes a calamity of "light." Where light touches, people and Exoswarm are reduced to nothingness, as if they had never existed.
lang_multi_text.db	InstanceDungeonEntrance_312000_Name	3.4	Hội thoại/Cốt truyện	Phụ bản			Stricken Sanctum
lang_multi_text.db	InstanceDungeonEntrance_4006_Description	3.4	Hội thoại/Cốt truyện	Phụ bản			The wise man knows that everything is false, but the wise man will substitute the false for the true, and will learn the lessons of the real battle from the virtual scenarios.
lang_multi_text.db	InstanceDungeonEntrance_4006_Name	3.4	Hội thoại/Cốt truyện	Phụ bản			Training Decive
lang_multi_text.db	InstanceDungeonEntrance_4021_Description	3.4	Hội thoại/Cốt truyện	Phụ bản			As you stand on the earth of SOL-3, you are surrounded by tales and myths of its past, while its future stretches out beneath your feet. In this endless light, infinite possibilities await. If you choose to take part, you may discover the ultimate answer. But it is not a solution found from the outside; rather, it lies within the depths of the past, the boundless potential of the future, and your very own heart.
lang_multi_text.db	InstanceDungeonEntrance_4021_Name	3.4	Hội thoại/Cốt truyện	Phụ bản			Phase Ascension
lang_multi_text.db	InstanceDungeonEntrance_4041_Description	3.4	Hội thoại/Cốt truyện	Phụ bản			A Simulated Training Ground for combat trainings. Clear the challenges for various resources.
lang_multi_text.db	InstanceDungeonEntrance_4041_Name	3.4	Hội thoại/Cốt truyện	Phụ bản			Simulation Training
lang_multi_text.db	InstanceDungeonEntrance_4042_Description	3.4	Hội thoại/Cốt truyện	Phụ bản			A Combat Training Simulation. Clear the challenges for various resources.
lang_multi_text.db	InstanceDungeonEntrance_4042_Name	3.4	Hội thoại/Cốt truyện	Phụ bản			Gladiator's Portrait
lang_multi_text.db	InstanceDungeonEntrance_4043_Description	3.4	Hội thoại/Cốt truyện	Phụ bản			An underground space used to test and evaluate various types of Synth Armaments. A modding workshop right outside the testing area allows testers to adjust and calibrate armament performance in real time.
lang_multi_text.db	InstanceDungeonEntrance_4043_Name	3.4	Hội thoại/Cốt truyện	Phụ bản			B.1.N.G.O.
lang_multi_text.db	InstanceDungeonEntrance_4901_Description	3.4	Hội thoại/Cốt truyện	Phụ bản			Here concentrate the spotlight of the world, and beneath the light are the truths await uncovered by the brave. Or maybe the answer is always in your heart.
lang_multi_text.db	InstanceDungeonEntrance_4901_Name	3.4	Hội thoại/Cốt truyện	Phụ bản			CE test
lang_multi_text.db	InstanceDungeonEntrance_4_Description	3.4	Hội thoại/Cốt truyện	Phụ bản			A grand construction located in the central axis of Jinzhou. It holds records of all important events that have ever happened since Jinzhou's foundation.
lang_multi_text.db	InstanceDungeonEntrance_4_Name	3.4	Hội thoại/Cốt truyện	Phụ bản			The Grand Library
lang_multi_text.db	InstanceDungeonEntrance_5001_Description	3.4	Hội thoại/Cốt truyện	Phụ bản			The clever consider all to be fake, while the wise turns falsity into veracity. The same applies to virtual training.
lang_multi_text.db	InstanceDungeonEntrance_5001_Name	3.4	Hội thoại/Cốt truyện	Phụ bản			Training Projector
lang_multi_text.db	InstanceDungeonEntrance_6001_Description	3.4	Hội thoại/Cốt truyện	Phụ bản			A mysterious domain from nowhere. Search the narrow paths to find the destination where treasures lie.
lang_multi_text.db	InstanceDungeonEntrance_6001_Name	3.4	Hội thoại/Cốt truyện	Phụ bản			Perspective Bender
lang_multi_text.db	InstanceDungeonEntrance_6002_Description	3.4	Hội thoại/Cốt truyện	Phụ bản			A mysterious domain from nowhere. Search the narrow paths to find the destination where treasures lie.
lang_multi_text.db	InstanceDungeonEntrance_6002_Name	3.4	Hội thoại/Cốt truyện	Phụ bản			Parallel Perception
lang_multi_text.db	InstanceDungeonEntrance_6003_Description	3.4	Hội thoại/Cốt truyện	Phụ bản			An institution where the Order sealed all forbidden books and records, now lost beneath the depths of the lake during the Dark Tide.
lang_multi_text.db	InstanceDungeonEntrance_6003_Name	3.4	Hội thoại/Cốt truyện	Phụ bản			Major Forbidden Archive
lang_multi_text.db	InstanceDungeonEntrance_8000_Description	3.4	Hội thoại/Cốt truyện	Phụ bản			Trial Character Activity Instance
lang_multi_text.db	InstanceDungeonEntrance_8000_Name	3.4	Hội thoại/Cốt truyện	Phụ bản			Trial Character Activity Instance
lang_multi_text.db	InstanceDungeonEntrance_8001_Description	3.4	Hội thoại/Cốt truyện	Phụ bản			A mysterious gateway emerges in the Whining Aix's Mire, providing access to a realm known as Somnoire. Legend has it that it hosts the dreams of all beings in Solaris.
lang_multi_text.db	InstanceDungeonEntrance_8001_Name	3.4	Hội thoại/Cốt truyện	Phụ bản			Depths of Illusive Realm
lang_multi_text.db	InstanceDungeonEntrance_8150_Description	3.4	Hội thoại/Cốt truyện	Phụ bản			Shilang has been conducting research on optimizing alloy properties.\nA unique Sonoro Sphere has emerged recently, and Shilang discovers that the alloys he has forged possess exceptional abilities in this domain.
lang_multi_text.db	InstanceDungeonEntrance_8150_Name	3.4	Hội thoại/Cốt truyện	Phụ bản			Alloy Smelt
lang_multi_text.db	InstanceDungeonEntrance_8151_Description	3.4	Hội thoại/Cốt truyện	Phụ bản			Shilang has been conducting research on optimizing alloy properties.\nA unique Sonoro Sphere has emerged recently, and Shilang discovers that the alloys he has forged possess exceptional abilities in this domain.
lang_multi_text.db	InstanceDungeonEntrance_8151_Name	3.4	Hội thoại/Cốt truyện	Phụ bản			Alloy Smelt II
lang_multi_text.db	InstanceDungeonEntrance_8152_Description	3.4	Hội thoại/Cốt truyện	Phụ bản			Three different combat environments are set up in the Pioneer Training Ground for players to try their skills.
lang_multi_text.db	InstanceDungeonEntrance_8152_Name	3.4	Hội thoại/Cốt truyện	Phụ bản			Pioneer Training Ground
lang_multi_text.db	InstanceDungeonEntrance_8170_Description	3.4	Hội thoại/Cốt truyện	Phụ bản			You found Cosmos, Encore's wooly companion, by a mysterious gateway. Some kind of test seems to be running behind the gate and it needs your assistance.\nDuring the test, Cosmos will provide Echoids to significantly boost Resonators' combat power.\nYou can complete the task with your friends.
lang_multi_text.db	InstanceDungeonEntrance_8170_Name	3.4	Hội thoại/Cốt truyện	Phụ bản			Do Echoids Dream of Electric Sheep?
lang_multi_text.db	InstanceDungeonEntrance_8180_Description	3.4	Hội thoại/Cốt truyện	Phụ bản			Beside a mysterious gateway stands a girl who has accidentally wandered through it—Dorothy. She seeks your help to defeat the monsters lurking behind the gate.\nIn this challenge, you can choose "Dorothy's Companions" as Echoes to assist you in battle, which greatly enhances the combat abilities of Resonators.\nYou can complete the task with your Friends.
lang_multi_text.db	InstanceDungeonEntrance_8180_Name	3.4	Hội thoại/Cốt truyện	Phụ bản			Fairy Tale's Finale
lang_multi_text.db	InstanceDungeonEntrance_8500_Description	3.4	Hội thoại/Cốt truyện	Phụ bản			Following the Battle of the Norfall Barrens, the Black Shores and the Huaxu Academy collaborated to develop the Infinite Battle Simulation, a simulation training system designed to address the potential threats posed by the residual frequencies of the Threnodian.
lang_multi_text.db	InstanceDungeonEntrance_8500_Name	3.4	Hội thoại/Cốt truyện	Phụ bản			Infinite Battle Simulation
lang_multi_text.db	InstanceDungeonEntrance_8610_Description	3.4	Hội thoại/Cốt truyện	Phụ bản			Beside a mysterious morph painting, you find a painter named Claudia, trapped in her nightmares. \nClaudia asks you to investigate the world within the painting and gives you a protective talisman. Within the painted world, the talisman transforms into various Echoes to assist you.\nYou can complete the task with your friends.
lang_multi_text.db	InstanceDungeonEntrance_8610_Name	3.4	Hội thoại/Cốt truyện	Phụ bản			Although Colors Have No Form
lang_multi_text.db	InstanceDungeonEntrance_8700_Description	3.4	Hội thoại/Cốt truyện	Phụ bản			John Wicktorio, a retired acolyte and accountant of the Order, found his cherished Echo brutally killed by some thugs.\nDetermined to settle the score and avenge his old friend, he's stepping back into the game to make the culprits pay.
lang_multi_text.db	InstanceDungeonEntrance_8700_Name	3.4	Hội thoại/Cốt truyện	Phụ bản			John Wicktorio: No Debts for Old Men
lang_multi_text.db	InstanceDungeonEntrance_89_Description	3.4	Hội thoại/Cốt truyện	Phụ bản			A large underground research center built before the Lament, featuring a well plunging to depths that reach the Moho discontinuity. At the well's bottom, mysteries await unraveling.
lang_multi_text.db	InstanceDungeonEntrance_89_Name	3.4	Hội thoại/Cốt truyện	Phụ bản			Tower of Adversity
lang_multi_text.db	InstanceDungeonEntrance_9000_Description	3.4	Hội thoại/Cốt truyện	Phụ bản			[About]\n\nAfter a decade of anticipation, the long-awaited Carnevale has reignited a fiery passion that refuses to fade.\n\nThe Water City has just unveiled a corner of its secrets. Now is the best time to set sail, ride the winds, and venture into the uncharted corners of this mysterious land.\n\nWith the world's curtain lifting, a new exploration calls—why wait? Dive into the adventure now!\n\n[Eligibility]\n\nReach Union Level 22 and unlock Utility: Flight.\n\n[Event Rules]\n\n1. During the event, you can invite other players to join the Overdash Challenge in Co-op Mode. The first to finish is the winner.\n\n2. Once the first player finishes, the challenge enters a 20-second final sprint phase. After the sprint phase ends, results will be finalized.\n\n3. Combat is disabled during the challenge. Players must follow the markers to finish the challenge.\n\n4. The final points consist of two parts: Course Completion Points and Ranking Points:\n\nI. Course Completion Points are earned by reaching designated checkpoints along the track.\n\nII. Ranking Points are earned based on the order in which players finish.\n\n[Reminder]\n\nResonators of different heights run at different speeds.
lang_multi_text.db	InstanceDungeonEntrance_9000_Name	3.4	Hội thoại/Cốt truyện	Phụ bản			Apex Ragunna
lang_multi_text.db	InstanceDungeonEntrance_9101_Description	3.4	Hội thoại/Cốt truyện	Phụ bản			A familiar gateway emerges in the land of Rinascita, connecting to a realm known as the Somnoire. Past memories lie buried deep within dreams, and the key to exploration is in your hands. Please do not forget, only within dreams will the answers be revealed.
lang_multi_text.db	InstanceDungeonEntrance_9101_Name	3.4	Hội thoại/Cốt truyện	Phụ bản			Fantasies of the Thousand Gateways
lang_multi_text.db	InstanceDungeonEntrance_9102_Description	3.4	Hội thoại/Cốt truyện	Phụ bản			A familiar gateway emerges in the land of Rinascita, connecting to a realm known as the Somnoire. Past memories lie buried deep within dreams, and the key to exploration is in your hands. Please do not forget, only within dreams will the answers be revealed.
lang_multi_text.db	InstanceDungeonEntrance_9102_Name	3.4	Hội thoại/Cốt truyện	Phụ bản			Fantasies of the Thousand Gateways
lang_multi_text.db	InstanceDungeonEntrance_9103_Description	3.4	Hội thoại/Cốt truyện	Phụ bản			A familiar gateway emerges in the land of Rinascita, connecting to a realm known as the Somnoire. Past memories lie buried deep within dreams, and the key to exploration is in your hands. Please do not forget, only within dreams will the answers be revealed.
lang_multi_text.db	InstanceDungeonEntrance_9103_Name	3.4	Hội thoại/Cốt truyện	Phụ bản			Fantasies of the Thousand Gateways
lang_multi_text.db	InstanceDungeonEntrance_9104_Description	3.4	Hội thoại/Cốt truyện	Phụ bản			A familiar gateway emerges in the land of Rinascita, connecting to a realm known as the Somnoire. Past memories lie buried deep within dreams, and the key to exploration is in your hands. Please do not forget, only within dreams will the answers be revealed.
lang_multi_text.db	InstanceDungeonEntrance_9104_Name	3.4	Hội thoại/Cốt truyện	Phụ bản			Fantasies of the Thousand Gateways
lang_multi_text.db	InstanceDungeonEntrance_9105_Description	3.4	Hội thoại/Cốt truyện	Phụ bản			A familiar gateway emerges in the land of Rinascita, connecting to a realm known as the Somnoire. Past memories lie buried deep within dreams, and the key to exploration is in your hands. Please do not forget, only within dreams will the answers be revealed.
lang_multi_text.db	InstanceDungeonEntrance_9105_Name	3.4	Hội thoại/Cốt truyện	Phụ bản			Fantasies of the Thousand Gateways
lang_multi_text.db	InstanceDungeonEntrance_9106_Description	3.4	Hội thoại/Cốt truyện	Phụ bản			A familiar gateway emerges in the land of Rinascita, connecting to a realm known as the Somnoire. Past memories lie buried deep within dreams, and the key to exploration is in your hands. Please do not forget, only within dreams will the answers be revealed.
lang_multi_text.db	InstanceDungeonEntrance_9106_Name	3.4	Hội thoại/Cốt truyện	Phụ bản			Fantasies of the Thousand Gateways
lang_multi_text.db	InstanceDungeonEntrance_9301_Description	3.4	Hội thoại/Cốt truyện	Phụ bản			The Second Coming of Solaris's Anniversary is approaching, but trouble has struck the Cube World! The mysterious demon king Abbowser has captured all Cubes and challenged the legendary Black Cat Warrior. "Step into the unknown, face my minions, rescue your lost friends, and face me in a big showdown! Come on, it's going to be a blast!
lang_multi_text.db	InstanceDungeonEntrance_9301_Name	3.4	Hội thoại/Cốt truyện	Phụ bản			Cube, Cubic n Cubie
lang_multi_text.db	InstanceDungeonEntrance_93_Description	3.4	Hội thoại/Cốt truyện	Phụ bản			That dazzling white light lingers in the window of the past, while unending agony casts its shadow behind the heavy door. Oh, caged bird, where will you find your freedom?
lang_multi_text.db	InstanceDungeonEntrance_93_Name	3.4	Hội thoại/Cốt truyện	Phụ bản			Corridor of Agony
lang_multi_text.db	InstanceDungeonEntrance_94_Description	3.4	Hội thoại/Cốt truyện	Phụ bản			A delicate rose, a symbol of love and beauty. Do you recall those blissful summers that seemed to stretch on forever in your mind?
lang_multi_text.db	InstanceDungeonEntrance_94_Name	3.4	Hội thoại/Cốt truyện	Phụ bản			Summer Violets
lang_multi_text.db	InstanceDungeonEntrance_97_Description	3.4	Hội thoại/Cốt truyện	Phụ bản			Amidst a cacophony of voices at the gateway to the enigmatic world, faint pleas for aid could be discerned, struggling to be heard amidst the chaos.
lang_multi_text.db	InstanceDungeonEntrance_97_Name	3.4	Hội thoại/Cốt truyện	Phụ bản			Echoes of the Past
lang_multi_text.db	InstanceDungeonEntrance_98_Description	3.4	Hội thoại/Cốt truyện	Phụ bản			At the edge of the Dim Forest, a narrow cave beckoned with a low rumble and whistling wind.
lang_multi_text.db	InstanceDungeonEntrance_98_Name	3.4	Hội thoại/Cốt truyện	Phụ bản			Hidden Cave
lang_multi_text.db	InstanceDungeonEntrance_993_Description	3.4	Hội thoại/Cốt truyện	Phụ bản			Squama loot drop
lang_multi_text.db	InstanceDungeonEntrance_993_Name	3.4	Hội thoại/Cốt truyện	Phụ bản			Tempest Mephis AI test
lang_multi_text.db	InstanceDungeonEntrance_995_Description	3.4	Hội thoại/Cốt truyện	Phụ bản			test/
lang_multi_text.db	InstanceDungeonEntrance_995_Name	3.4	Hội thoại/Cốt truyện	Phụ bản			Boss test
lang_multi_text.db	InstanceDungeonEntrance_998_Description	3.4	Hội thoại/Cốt truyện	Phụ bản			test/
lang_multi_text.db	InstanceDungeonEntrance_998_Name	3.4	Hội thoại/Cốt truyện	Phụ bản			TD test only
lang_multi_text.db	InstanceDungeonEntrance_99_Description	3.4	Hội thoại/Cốt truyện	Phụ bản			Hidden in the depths of an abandoned structure, a converted factory churns out eerie and enigmatic puppets endlessly.
lang_multi_text.db	InstanceDungeonEntrance_99_Name	3.4	Hội thoại/Cốt truyện	Phụ bản			Puppet Factory
lang_multi_text.db	InstanceDungeonTitle_11_CommonText	3.4	Hội thoại/Cốt truyện	Phụ bản			Enemy Lv. 30
lang_multi_text.db	InstanceDungeonTitle_12_CommonText	3.4	Hội thoại/Cốt truyện	Phụ bản			Enemy Lv. 40
lang_multi_text.db	InstanceDungeonTitle_13_CommonText	3.4	Hội thoại/Cốt truyện	Phụ bản			Enemy Lv. 50
lang_multi_text.db	InstanceDungeonTitle_14_CommonText	3.4	Hội thoại/Cốt truyện	Phụ bản			Enemy Lv. 60
lang_multi_text.db	InstanceDungeonTitle_15_CommonText	3.4	Hội thoại/Cốt truyện	Phụ bản			Enemy Lv. 70
lang_multi_text.db	InstanceDungeonTitle_16_CommonText	3.4	Hội thoại/Cốt truyện	Phụ bản			Enemy Lv. 80
lang_multi_text.db	InstanceDungeonTitle_17_CommonText	3.4	Hội thoại/Cốt truyện	Phụ bản			Enemy Lv. 90
lang_multi_text.db	InstanceDungeonTitle_18_CommonText	3.4	Hội thoại/Cốt truyện	Phụ bản			One-time Challenge Tower Lv. 1
lang_multi_text.db	InstanceDungeonTitle_19_CommonText	3.4	Hội thoại/Cốt truyện	Phụ bản			One-time Challenge Tower Lv. 2
lang_multi_text.db	InstanceDungeonTitle_1_CommonText	3.4	Hội thoại/Cốt truyện	Phụ bản			Enemy Lv. 30
lang_multi_text.db	InstanceDungeonTitle_20_CommonText	3.4	Hội thoại/Cốt truyện	Phụ bản			One-time Challenge Tower Lv. 3
lang_multi_text.db	InstanceDungeonTitle_21_CommonText	3.4	Hội thoại/Cốt truyện	Phụ bản			One-time Challenge Tower Lv. 4
lang_multi_text.db	InstanceDungeonTitle_2_CommonText	3.4	Hội thoại/Cốt truyện	Phụ bản			Enemy Lv. 40
lang_multi_text.db	InstanceDungeonTitle_3003_CommonText	3.4	Hội thoại/Cốt truyện	Phụ bản			Monster Test
lang_multi_text.db	InstanceDungeonTitle_30_CommonText	3.4	Hội thoại/Cốt truyện	Phụ bản			SOL3 Phase Ascension
lang_multi_text.db	InstanceDungeonTitle_3100_CommonText	3.4	Hội thoại/Cốt truyện	Phụ bản			Crownless
lang_multi_text.db	InstanceDungeonTitle_3110_CommonText	3.4	Hội thoại/Cốt truyện	Phụ bản			Inferno Rider
lang_multi_text.db	InstanceDungeonTitle_3120_CommonText	3.4	Hội thoại/Cốt truyện	Phụ bản			Tempest Mephis II
lang_multi_text.db	InstanceDungeonTitle_3122_CommonText	3.4	Hội thoại/Cốt truyện	Phụ bản			Mech Abomination
lang_multi_text.db	InstanceDungeonTitle_3130_CommonText	3.4	Hội thoại/Cốt truyện	Phụ bản			Inferno Rider
lang_multi_text.db	InstanceDungeonTitle_3140_CommonText	3.4	Hội thoại/Cốt truyện	Phụ bản			Feilian Beringal
lang_multi_text.db	InstanceDungeonTitle_3150_CommonText	3.4	Hội thoại/Cốt truyện	Phụ bản			Lampylumen Myriad
lang_multi_text.db	InstanceDungeonTitle_3160_CommonText	3.4	Hội thoại/Cốt truyện	Phụ bản			Mourning Aix
lang_multi_text.db	InstanceDungeonTitle_3170_CommonText	3.4	Hội thoại/Cốt truyện	Phụ bản			Mech Abomination
lang_multi_text.db	InstanceDungeonTitle_3180_CommonText	3.4	Hội thoại/Cốt truyện	Phụ bản			Impermanence Heron
lang_multi_text.db	InstanceDungeonTitle_3190_CommonText	3.4	Hội thoại/Cốt truyện	Phụ bản			Scar
lang_multi_text.db	InstanceDungeonTitle_31_CommonText	3.4	Hội thoại/Cốt truyện	Phụ bản			Tower of Adversity
lang_multi_text.db	InstanceDungeonTitle_3200_CommonText	3.4	Hội thoại/Cốt truyện	Phụ bản			Scar
lang_multi_text.db	InstanceDungeonTitle_3210_CommonText	3.4	Hội thoại/Cốt truyện	Phụ bản			Bell-Borne Geochelone
lang_multi_text.db	InstanceDungeonTitle_3220_CommonText	3.4	Hội thoại/Cốt truyện	Phụ bản			Dreamless
lang_multi_text.db	InstanceDungeonTitle_3230_CommonText	3.4	Hội thoại/Cốt truyện	Phụ bản			Tempest Mephis I
lang_multi_text.db	InstanceDungeonTitle_3240_CommonText	3.4	Hội thoại/Cốt truyện	Phụ bản			Crownless
lang_multi_text.db	InstanceDungeonTitle_3250_CommonText	3.4	Hội thoại/Cốt truyện	Phụ bản			Tempest Mephis I
lang_multi_text.db	InstanceDungeonTitle_3260_CommonText	3.4	Hội thoại/Cốt truyện	Phụ bản			Tempest Mephis II
lang_multi_text.db	InstanceDungeonTitle_3270_CommonText	3.4	Hội thoại/Cốt truyện	Phụ bản			Inferno Rider
lang_multi_text.db	InstanceDungeonTitle_3280_CommonText	3.4	Hội thoại/Cốt truyện	Phụ bản			Feilian Beringal
lang_multi_text.db	InstanceDungeonTitle_3290_CommonText	3.4	Hội thoại/Cốt truyện	Phụ bản			Lampylumen Myriad
lang_multi_text.db	InstanceDungeonTitle_3300_CommonText	3.4	Hội thoại/Cốt truyện	Phụ bản			Mourning Aix
lang_multi_text.db	InstanceDungeonTitle_3310_CommonText	3.4	Hội thoại/Cốt truyện	Phụ bản			Mech Abomination
lang_multi_text.db	InstanceDungeonTitle_3320_CommonText	3.4	Hội thoại/Cốt truyện	Phụ bản			Impermanence Heron
lang_multi_text.db	InstanceDungeonTitle_3330_CommonText	3.4	Hội thoại/Cốt truyện	Phụ bản			Scar
lang_multi_text.db	InstanceDungeonTitle_3340_CommonText	3.4	Hội thoại/Cốt truyện	Phụ bản			Scar II
lang_multi_text.db	InstanceDungeonTitle_3350_CommonText	3.4	Hội thoại/Cốt truyện	Phụ bản			Bell-Borne Geochelone
lang_multi_text.db	InstanceDungeonTitle_3360_CommonText	3.4	Hội thoại/Cốt truyện	Phụ bản			Dreamless
lang_multi_text.db	InstanceDungeonTitle_3370_CommonText	3.4	Hội thoại/Cốt truyện	Phụ bản			Dreamless
lang_multi_text.db	InstanceDungeonTitle_3_CommonText	3.4	Hội thoại/Cốt truyện	Phụ bản			Enemy Lv. 50
lang_multi_text.db	InstanceDungeonTitle_4_CommonText	3.4	Hội thoại/Cốt truyện	Phụ bản			Enemy Lv. 60
lang_multi_text.db	InstanceDungeonTitle_5_CommonText	3.4	Hội thoại/Cốt truyện	Phụ bản			Enemy Lv. 70
lang_multi_text.db	InstanceDungeonTitle_6_CommonText	3.4	Hội thoại/Cốt truyện	Phụ bản			Enemy Lv. 80
lang_multi_text.db	InstanceDungeonTitle_7_CommonText	3.4	Hội thoại/Cốt truyện	Phụ bản			Enemy Lv. 90
lang_multi_text.db	InstanceDungeonTitle_999_CommonText	3.4	Hội thoại/Cốt truyện	Phụ bản			Catalog
lang_multi_text.db	InstanceDungeon_10003_MapName	3.4	Hội thoại/Cốt truyện	Phụ bản			LV1_A_1
lang_multi_text.db	InstanceDungeon_1001_DungeonDesc	3.4	Hội thoại/Cốt truyện	Phụ bản			In an uninhabited land where time flows turbulently, feathers of flame guide the way on a chessboard where the stars are the playing pieces. Here, the destined one reaches out and touches the distant past under the flames.
lang_multi_text.db	InstanceDungeon_1001_MapName	3.4	Hội thoại/Cốt truyện	Phụ bản			Constellation in Temporal Aperture
lang_multi_text.db	InstanceDungeon_1002_DungeonDesc	3.4	Hội thoại/Cốt truyện	Phụ bản			The distorted copy of the painting has created a realm of illusion through the artist's Forte. Her deeply rooted negative emotions have corroded its colors and brought powerful Tacet Discords to life.
lang_multi_text.db	InstanceDungeon_1002_MapName	3.4	Hội thoại/Cốt truyện	Phụ bản			Ashened Gallery
lang_multi_text.db	InstanceDungeon_1003_DungeonDesc	3.4	Hội thoại/Cốt truyện	Phụ bản			Behind the mirror lies a realm where past illusions blend with reality, yet the path ahead leads to an entirely different destiny. Step toward the light to embrace long-awaited perfection... or raise your gun at it.
lang_multi_text.db	InstanceDungeon_1003_MapName	3.4	Hội thoại/Cốt truyện	Phụ bản			Mirrors in the Mirror
lang_multi_text.db	InstanceDungeon_1004_DungeonDesc	3.4	Hội thoại/Cốt truyện	Phụ bản			At the end of the labyrinth lies a bizarre cave, seemingly the source of the mist. In the pitch darkness, twisted shadows flicker, accompanied by low, unsettling growls...
lang_multi_text.db	InstanceDungeon_1004_MapName	3.4	Hội thoại/Cốt truyện	Phụ bản			Dark Cave
lang_multi_text.db	InstanceDungeon_1005_DungeonDesc	3.4	Hội thoại/Cốt truyện	Phụ bản			The data space within a corrupted Stellar Matrix. After breaking free from the Error Cell, this data construct sets on a trek into the depths of the stars. The data contained within has unraveled into an infinite web of intertwining possibilities.
lang_multi_text.db	InstanceDungeon_1005_MapName	3.4	Hội thoại/Cốt truyện	Phụ bản			Corrupted Stellar Matrix
lang_multi_text.db	InstanceDungeon_1006_DungeonDesc	3.4	Hội thoại/Cốt truyện	Phụ bản			The data space within a corrupted Stellar Matrix. After breaking free from the Error Cell, this data construct sets on a trek into the depths of the stars. The data contained within has unraveled into an infinite web of intertwining possibilities.
lang_multi_text.db	InstanceDungeon_1006_MapName	3.4	Hội thoại/Cốt truyện	Phụ bản			Corrupted Stellar Matrix
lang_multi_text.db	InstanceDungeon_1007_DungeonDesc	3.4	Hội thoại/Cốt truyện	Phụ bản			In Encore's stories, the Wooly Kingdom is a place where wishes come true and stories come alive. If the Gateway of Wishes feels elusive in the real world, perhaps it lies hidden within a story.
lang_multi_text.db	InstanceDungeon_1007_MapName	3.4	Hội thoại/Cốt truyện	Phụ bản			Wooly Kingdom
lang_multi_text.db	InstanceDungeon_1008_DungeonDesc	3.4	Hội thoại/Cốt truyện	Phụ bản			In Encore's stories, the Wooly Kingdom is a place where wishes come true and stories come alive. If the Gateway of Wishes feels elusive in the real world, perhaps it lies hidden within a story.
lang_multi_text.db	InstanceDungeon_1008_MapName	3.4	Hội thoại/Cốt truyện	Phụ bản			Wooly Kingdom
lang_multi_text.db	InstanceDungeon_1009_DungeonDesc	3.4	Hội thoại/Cốt truyện	Phụ bản			The data space within the symmetrical Stellar Matrix. The data inside the symmetrical Stellar Matrix, a copy of the corrupted Stellar Matrix, also branches into an infinite number of intertwining possibilities; one can enter the corrupted Stellar Matrix through the symmetrical Stellar Matrix.
lang_multi_text.db	InstanceDungeon_1009_MapName	3.4	Hội thoại/Cốt truyện	Phụ bản			Symmetrical Stellar Matrix
lang_multi_text.db	InstanceDungeon_100_MapName	3.4	Hội thoại/Cốt truyện	Phụ bản			World Test Map
lang_multi_text.db	InstanceDungeon_1010_DungeonDesc	3.4	Hội thoại/Cốt truyện	Phụ bản			Here, past and future intertwine. The tears and blood shed in the Divine Trials spread and twisted into what is now the Sea of Ghosts.\nCarried upon its waves are silent sobs, bitter sighs, and the unspoken past of the Fisalia family...
lang_multi_text.db	InstanceDungeon_1010_MapName	3.4	Hội thoại/Cốt truyện	Phụ bản			Sea of Ghosts
lang_multi_text.db	InstanceDungeon_1013_DungeonDesc	3.4	Hội thoại/Cốt truyện	Phụ bản			These ancient underground waterways have become gang hideouts. Join Zani in venturing inside to uproot the crime that's spread here.
lang_multi_text.db	InstanceDungeon_1013_MapName	3.4	Hội thoại/Cốt truyện	Phụ bản			Black Alley
lang_multi_text.db	InstanceDungeon_1015_DungeonDesc	3.4	Hội thoại/Cốt truyện	Phụ bản			Edgerunners Collab Map
lang_multi_text.db	InstanceDungeon_1015_MapName	3.4	Hội thoại/Cốt truyện	Phụ bản			Edgerunners Collab Map
lang_multi_text.db	InstanceDungeon_101_MapName	3.4	Hội thoại/Cốt truyện	Phụ bản			General Combat Test Map
lang_multi_text.db	InstanceDungeon_102_MapName	3.4	Hội thoại/Cốt truyện	Phụ bản			Task Configuration Test Map
lang_multi_text.db	InstanceDungeon_10_MapName	3.4	Hội thoại/Cốt truyện	Phụ bản			Mannequin Configuration Map
lang_multi_text.db	InstanceDungeon_1101002_DungeonDesc	3.4	Hội thoại/Cốt truyện	Phụ bản			A precise and powerful battle machine that has been refitted with special technology. It carries out its master's commands with absolute loyalty.\n\nAny trace of its original form has faded, leaving only finely honed combat instincts within its frequencies. As an unyielding guardian, it adapts seamlessly to all types of combat. When needed, it activates a unique component to enhance mobility or unleashes all its energy in a devastating blast.
lang_multi_text.db	InstanceDungeon_1101003_DungeonDesc	3.4	Hội thoại/Cốt truyện	Phụ bản			Once a remnant creature in Nimbus Sanctum, Lorelei gained intelligence through Sentinel Imperator's power, entrusted to purify corrupted frequencies drifting in the clouds.\n\nYet wicked desires have transformed her into the "Queen of the Night," seeking to cloak the Sanctum in endless darkness to clear all sins. With her final grasp on reason, Lorelei sealed herself within the atrium, where she sings a haunting lament, awaiting one who can awaken her from this dismal slumber.
lang_multi_text.db	InstanceDungeon_1101004_DungeonDesc	3.4	Hội thoại/Cốt truyện	Phụ bản			A bird-of-prey-like animal that perches at the Whining Aix's Mire, with cries like a mournful song. \n\nLegend has it that this bird once had a partner and that their chorus was a beautiful sound. Their names were not passed down, but their hymns were recorded and preserved by human beings. \n\nUntil one of them was deceased. The surviving one cried all day long, and the cries were so dismal it was called the Mourning Aix.
lang_multi_text.db	InstanceDungeon_110_MapName	3.4	Hội thoại/Cốt truyện	Phụ bản			Automation Sample Test Map
lang_multi_text.db	InstanceDungeon_11_MapName	3.4	Hội thoại/Cốt truyện	Phụ bản			Gameplay Prototype Test
lang_multi_text.db	InstanceDungeon_1200_MapName	3.4	Hội thoại/Cốt truyện	Phụ bản			Secluded Bog
lang_multi_text.db	InstanceDungeon_1201_MapName	3.4	Hội thoại/Cốt truyện	Phụ bản			Tide of Perils
lang_multi_text.db	InstanceDungeon_121_MapName	3.4	Hội thoại/Cốt truyện	Phụ bản			Entity NPC Layout Test Map
lang_multi_text.db	InstanceDungeon_122_MapName	3.4	Hội thoại/Cốt truyện	Phụ bản			SimpleNPC Layout Test Map
lang_multi_text.db	InstanceDungeon_12_MapName	3.4	Hội thoại/Cốt truyện	Phụ bản			Combat Test Map
lang_multi_text.db	InstanceDungeon_13_MapName	3.4	Hội thoại/Cốt truyện	Phụ bản			Boss Test Map
lang_multi_text.db	InstanceDungeon_1501_DungeonDesc	3.4	Hội thoại/Cốt truyện	Phụ bản			Those who are ignorant hinder progress, while the innocent suffer from the challenges imposed upon them. The embers of a fire, sparked by memories of a distant night and fueled by present circumstances, ignite the pain of Scar's past and the rebirth of new ideas, ultimately leading to the downfall of the old world order.
lang_multi_text.db	InstanceDungeon_1501_MapName	3.4	Hội thoại/Cốt truyện	Phụ bản			Sinful Declension
lang_multi_text.db	InstanceDungeon_1503_DungeonDesc	3.4	Hội thoại/Cốt truyện	Phụ bản			Jinzhou is home to one of Huanglong's unique database centers, managed by the Sentinel and controlled by the Jinzhou Magistrate. It uses time as an index and precisely records information related to the city's establishment, making it a comprehensive and objective resource. The class books of Jinzhou, stored in City Hall, hold important data collected since ancient times. This vast database holds answers to any question one may have about Huanglong's history.\nRecommended Character Level: Level 40
lang_multi_text.db	InstanceDungeon_1503_MapName	3.4	Hội thoại/Cốt truyện	Phụ bản			Grand Library
lang_multi_text.db	InstanceDungeon_1504_DungeonDesc	3.4	Hội thoại/Cốt truyện	Phụ bản			The looming shadow of the past has readied its weapons, awaiting a challenger. It is time for the flames of war to extinguish.
lang_multi_text.db	InstanceDungeon_1504_MapName	3.4	Hội thoại/Cốt truyện	Phụ bản			Warblade from Above
lang_multi_text.db	InstanceDungeon_1505_DungeonDesc	3.4	Hội thoại/Cốt truyện	Phụ bản			Artificial TD simulation environment
lang_multi_text.db	InstanceDungeon_1505_MapName	3.4	Hội thoại/Cốt truyện	Phụ bản			test Crownless 副本2 Rank
lang_multi_text.db	InstanceDungeon_1508_DungeonDesc	3.4	Hội thoại/Cốt truyện	Phụ bản			Once a trial ground in the coming-of-age ceremony to test the participants' strength. Over time, it has evolved into a place of blessing and prayer for the Sentinel. Pass the trial and prove yourself qualified to protect the Sentinel and Hongzhen.
lang_multi_text.db	InstanceDungeon_1508_MapName	3.4	Hội thoại/Cốt truyện	Phụ bản			Offering Site
lang_multi_text.db	InstanceDungeon_1509_DungeonDesc	3.4	Hội thoại/Cốt truyện	Phụ bản			To safeguard its treasures, the underground of Averardo Vault is designed as an intricate labyrinth, where one might forever lose their way without proper guidance. \nShould fortune, or perhaps misfortune, lead you to its depths, the ever-watchful Echo guard will be there, standing vigilant to fulfill its duty.
lang_multi_text.db	InstanceDungeon_1509_MapName	3.4	Hội thoại/Cốt truyện	Phụ bản			Abandoned Tower
lang_multi_text.db	InstanceDungeon_1511_DungeonDesc	3.4	Hội thoại/Cốt truyện	Phụ bản			The vault, controlled by the Montelli Family, houses an exquisite collection of rare Echoes and artwork.  Surrounded by natural barriers and perched atop a high vantage point, it offers a breathtaking view of Nimbus Sanctum.\nInside, the vault features numerous depositories guarded by a formidable array of Echo Guards and advanced security devices, making it the safest and most impregnable place in Rinascita. It defies any ordinary means of intrusion.
lang_multi_text.db	InstanceDungeon_1511_MapName	3.4	Hội thoại/Cốt truyện	Phụ bản			Averardo Vault
lang_multi_text.db	InstanceDungeon_1513_MapName	3.4	Hội thoại/Cốt truyện	Phụ bản			Holy Spire of Confluence
lang_multi_text.db	InstanceDungeon_1514_DungeonDesc	3.4	Hội thoại/Cốt truyện	Phụ bản			The final stage, constructed from Lycorises, is stained with deep crimson sap that seeps into every corner. The singer from beyond has long waited here.\nJoin her in this endless play, and use your humble strength to defy the raging current of fate!
lang_multi_text.db	InstanceDungeon_1514_MapName	3.4	Hội thoại/Cốt truyện	Phụ bản			Crimson Finale
lang_multi_text.db	InstanceDungeon_1517_MapName	3.4	Hội thoại/Cốt truyện	Phụ bản			"The Finale"
lang_multi_text.db	InstanceDungeon_1518_DungeonDesc	3.4	Hội thoại/Cốt truyện	Phụ bản			Another world concealed within the Dark Tide. From its depths resound the whispers of the ancient "Divinity," the origin of all malice and fear.\nThat world awaits all who dare to enter.
lang_multi_text.db	InstanceDungeon_1518_MapName	3.4	Hội thoại/Cốt truyện	Phụ bản			Plane of Dark Tide
lang_multi_text.db	InstanceDungeon_1533_DungeonDesc	3.4	Hội thoại/Cốt truyện	Phụ bản			Data space within the Sentinel's Relic, Civilization Capsule.\nWhat was forgotten begin to resurface. What was sealed nears its revelation...
lang_multi_text.db	InstanceDungeon_1533_MapName	3.4	Hội thoại/Cốt truyện	Phụ bản			Civilization Capsule
lang_multi_text.db	InstanceDungeon_1562_DungeonDesc	3.4	Hội thoại/Cốt truyện	Phụ bản			An Exhibition Hall beneath the Rabelle College Conference Hall
lang_multi_text.db	InstanceDungeon_1562_MapName	3.4	Hội thoại/Cốt truyện	Phụ bản			Underground Exhibition Hall
lang_multi_text.db	InstanceDungeon_1563_DungeonDesc	3.4	Hội thoại/Cốt truyện	Phụ bản			Conference hall on the third floor of Rabelle College
lang_multi_text.db	InstanceDungeon_1563_MapName	3.4	Hội thoại/Cốt truyện	Phụ bản			Conference Hall
lang_multi_text.db	InstanceDungeon_1564_DungeonDesc	3.4	Hội thoại/Cốt truyện	Phụ bản			A secret student base inside the academy.
lang_multi_text.db	InstanceDungeon_1564_MapName	3.4	Hội thoại/Cốt truyện	Phụ bản			Student Base
lang_multi_text.db	InstanceDungeon_1570_DungeonDesc	3.4	Hội thoại/Cốt truyện	Phụ bản			3.3 Academy Dungeon
lang_multi_text.db	InstanceDungeon_1570_MapName	3.4	Hội thoại/Cốt truyện	Phụ bản			3.3 Academy Dungeon
lang_multi_text.db	InstanceDungeon_1571_DungeonDesc	3.4	Hội thoại/Cốt truyện	Phụ bản			3.3 Honami City Dungeon
lang_multi_text.db	InstanceDungeon_1571_MapName	3.4	Hội thoại/Cốt truyện	Phụ bản			3.3 Honami City Dungeon
lang_multi_text.db	InstanceDungeon_1572_DungeonDesc	3.4	Hội thoại/Cốt truyện	Phụ bản			3.3 Research Institute Dungeon
lang_multi_text.db	InstanceDungeon_1572_MapName	3.4	Hội thoại/Cốt truyện	Phụ bản			3.3 Research Institute Dungeon
lang_multi_text.db	InstanceDungeon_1599_MapName	3.4	Hội thoại/Cốt truyện	Phụ bản			Somnoire
lang_multi_text.db	InstanceDungeon_15_MapName	3.4	Hội thoại/Cốt truyện	Phụ bản			NPC Test Map
lang_multi_text.db	InstanceDungeon_1600_MapName	3.4	Hội thoại/Cốt truyện	Phụ bản			Lucy's Memory
lang_multi_text.db	InstanceDungeon_1603_DungeonDesc	3.4	Hội thoại/Cốt truyện	Phụ bản			3.3 Story Ending Honami City
lang_multi_text.db	InstanceDungeon_1603_MapName	3.4	Hội thoại/Cốt truyện	Phụ bản			3.3 Story Ending Honami City
lang_multi_text.db	InstanceDungeon_1604_MapName	3.4	Hội thoại/Cốt truyện	Phụ bản			Arcade Sim Space
lang_multi_text.db	InstanceDungeon_1605_MapName	3.4	Hội thoại/Cốt truyện	Phụ bản			Night City
lang_multi_text.db	InstanceDungeon_1606_MapName	3.4	Hội thoại/Cốt truyện	Phụ bản			Dark Dream
lang_multi_text.db	InstanceDungeon_1607_MapName	3.4	Hội thoại/Cốt truyện	Phụ bản			The Moon
lang_multi_text.db	InstanceDungeon_1608_MapName	3.4	Hội thoại/Cốt truyện	Phụ bản			Car Chase
lang_multi_text.db	InstanceDungeon_16_MapName	3.4	Hội thoại/Cốt truyện	Phụ bản			Tacet Field Test Map
lang_multi_text.db	InstanceDungeon_17_MapName	3.4	Hội thoại/Cốt truyện	Phụ bản			BigWorld
lang_multi_text.db	InstanceDungeon_1_2_BOSS5_DungeonDesc	3.4	Hội thoại/Cốt truyện	Phụ bản			The fulfilled wishes are twisted into hollow shells, echoing with obsessive ravings. Muffled murmurs and tangled emotions weave together, forming this Sonoro Sphere. The fractured but connected rooms lead the trespassers to the starting point of the memory, where the first raving is heard...
lang_multi_text.db	InstanceDungeon_1_2_BOSS_MapName	3.4	Hội thoại/Cốt truyện	Phụ bản			Excerpts of the Raving
lang_multi_text.db	InstanceDungeon_1_DungeonDesc	3.4	Hội thoại/Cốt truyện	Phụ bản			Description currently unavailable
lang_multi_text.db	InstanceDungeon_1_FailTips	3.4	Hội thoại/Cốt truyện	Phụ bản			<color=#ac8480>You can leave Sonoro Sphere</color>
lang_multi_text.db	InstanceDungeon_1_MapName	3.4	Hội thoại/Cốt truyện	Phụ bản			Network Connection Test Map 1
lang_multi_text.db	InstanceDungeon_20001_DungeonDesc	3.4	Hội thoại/Cốt truyện	Phụ bản			Low-risk area-Tower I-Level I
lang_multi_text.db	InstanceDungeon_20001_MapName	3.4	Hội thoại/Cốt truyện	Phụ bản			Low-risk area-Tower I-Level I
lang_multi_text.db	InstanceDungeon_20002_DungeonDesc	3.4	Hội thoại/Cốt truyện	Phụ bản			Low-risk area-Tower I-Level II
lang_multi_text.db	InstanceDungeon_20002_MapName	3.4	Hội thoại/Cốt truyện	Phụ bản			Low-risk area-Tower I-Level II
lang_multi_text.db	InstanceDungeon_20003_DungeonDesc	3.4	Hội thoại/Cốt truyện	Phụ bản			Low-risk area-Tower I-Level III
lang_multi_text.db	InstanceDungeon_20003_MapName	3.4	Hội thoại/Cốt truyện	Phụ bản			Low-risk area-Tower I-Level III
lang_multi_text.db	InstanceDungeon_20004_DungeonDesc	3.4	Hội thoại/Cốt truyện	Phụ bản			Low-risk area-Tower I-Level IV
lang_multi_text.db	InstanceDungeon_20004_MapName	3.4	Hội thoại/Cốt truyện	Phụ bản			Low-risk area-Tower I-Level IV
lang_multi_text.db	InstanceDungeon_20005_DungeonDesc	3.4	Hội thoại/Cốt truyện	Phụ bản			High-risk area-Tower I-Level I
lang_multi_text.db	InstanceDungeon_20005_MapName	3.4	Hội thoại/Cốt truyện	Phụ bản			High-risk area-Tower I-Level I
lang_multi_text.db	InstanceDungeon_20006_DungeonDesc	3.4	Hội thoại/Cốt truyện	Phụ bản			High-risk area-Tower I-Level II
lang_multi_text.db	InstanceDungeon_20006_MapName	3.4	Hội thoại/Cốt truyện	Phụ bản			High-risk area-Tower I-Level II
lang_multi_text.db	InstanceDungeon_20007_DungeonDesc	3.4	Hội thoại/Cốt truyện	Phụ bản			High-risk area-Tower I-Level III
lang_multi_text.db	InstanceDungeon_20007_MapName	3.4	Hội thoại/Cốt truyện	Phụ bản			High-risk area-Tower I-Level III
lang_multi_text.db	InstanceDungeon_20008_DungeonDesc	3.4	Hội thoại/Cốt truyện	Phụ bản			High-risk area-Tower I-Level IV
lang_multi_text.db	InstanceDungeon_20008_MapName	3.4	Hội thoại/Cốt truyện	Phụ bản			High-risk area-Tower I-Level IV
lang_multi_text.db	InstanceDungeon_20009_DungeonDesc	3.4	Hội thoại/Cốt truyện	Phụ bản			High-risk area-Tower II-Level I
lang_multi_text.db	InstanceDungeon_20009_MapName	3.4	Hội thoại/Cốt truyện	Phụ bản			High-risk area-Tower II-Level I
lang_multi_text.db	InstanceDungeon_20010_DungeonDesc	3.4	Hội thoại/Cốt truyện	Phụ bản			High-risk area-Tower II-Level II
lang_multi_text.db	InstanceDungeon_20010_MapName	3.4	Hội thoại/Cốt truyện	Phụ bản			High-risk area-Tower II-Level II
lang_multi_text.db	InstanceDungeon_20011_DungeonDesc	3.4	Hội thoại/Cốt truyện	Phụ bản			High-risk area-Tower II-Level III
lang_multi_text.db	InstanceDungeon_20011_MapName	3.4	Hội thoại/Cốt truyện	Phụ bản			High-risk area-Tower II-Level III
lang_multi_text.db	InstanceDungeon_20012_DungeonDesc	3.4	Hội thoại/Cốt truyện	Phụ bản			High-risk area-Tower II-Level IV
lang_multi_text.db	InstanceDungeon_20012_MapName	3.4	Hội thoại/Cốt truyện	Phụ bản			High-risk area-Tower II-Level IV
lang_multi_text.db	InstanceDungeon_20013_DungeonDesc	3.4	Hội thoại/Cốt truyện	Phụ bản			V1-1-1
lang_multi_text.db	InstanceDungeon_20013_MapName	3.4	Hội thoại/Cốt truyện	Phụ bản			V1-1-1
lang_multi_text.db	InstanceDungeon_20014_DungeonDesc	3.4	Hội thoại/Cốt truyện	Phụ bản			V1-1-2
lang_multi_text.db	InstanceDungeon_20014_MapName	3.4	Hội thoại/Cốt truyện	Phụ bản			V1-1-2
lang_multi_text.db	InstanceDungeon_20015_DungeonDesc	3.4	Hội thoại/Cốt truyện	Phụ bản			V1-1-3
lang_multi_text.db	InstanceDungeon_20015_MapName	3.4	Hội thoại/Cốt truyện	Phụ bản			V1-1-3
lang_multi_text.db	InstanceDungeon_20016_DungeonDesc	3.4	Hội thoại/Cốt truyện	Phụ bản			V1-1-4
lang_multi_text.db	InstanceDungeon_20016_MapName	3.4	Hội thoại/Cốt truyện	Phụ bản			V1-1-4
lang_multi_text.db	InstanceDungeon_20017_DungeonDesc	3.4	Hội thoại/Cốt truyện	Phụ bản			V1-2-1
lang_multi_text.db	InstanceDungeon_20017_MapName	3.4	Hội thoại/Cốt truyện	Phụ bản			V1-2-1
lang_multi_text.db	InstanceDungeon_20018_DungeonDesc	3.4	Hội thoại/Cốt truyện	Phụ bản			V1-2-2
lang_multi_text.db	InstanceDungeon_20018_MapName	3.4	Hội thoại/Cốt truyện	Phụ bản			V1-2-2
lang_multi_text.db	InstanceDungeon_20019_DungeonDesc	3.4	Hội thoại/Cốt truyện	Phụ bản			V1-2-3
lang_multi_text.db	InstanceDungeon_20019_MapName	3.4	Hội thoại/Cốt truyện	Phụ bản			V1-2-3
lang_multi_text.db	InstanceDungeon_2001_MapName	3.4	Hội thoại/Cốt truyện	Phụ bản			Narwhal Boss Battle
lang_multi_text.db	InstanceDungeon_20020_DungeonDesc	3.4	Hội thoại/Cốt truyện	Phụ bản			V1-2-IV
lang_multi_text.db	InstanceDungeon_20020_MapName	3.4	Hội thoại/Cốt truyện	Phụ bản			V1-2-IV
lang_multi_text.db	InstanceDungeon_20021_DungeonDesc	3.4	Hội thoại/Cốt truyện	Phụ bản			V1-3-I
lang_multi_text.db	InstanceDungeon_20021_MapName	3.4	Hội thoại/Cốt truyện	Phụ bản			V1-3-I
lang_multi_text.db	InstanceDungeon_20022_DungeonDesc	3.4	Hội thoại/Cốt truyện	Phụ bản			V1-3-II
lang_multi_text.db	InstanceDungeon_20022_MapName	3.4	Hội thoại/Cốt truyện	Phụ bản			V1-3-II
lang_multi_text.db	InstanceDungeon_20023_DungeonDesc	3.4	Hội thoại/Cốt truyện	Phụ bản			V1-3-III
lang_multi_text.db	InstanceDungeon_20023_MapName	3.4	Hội thoại/Cốt truyện	Phụ bản			V1-3-III
lang_multi_text.db	InstanceDungeon_20024_DungeonDesc	3.4	Hội thoại/Cốt truyện	Phụ bản			V1-3-IV
lang_multi_text.db	InstanceDungeon_20024_MapName	3.4	Hội thoại/Cốt truyện	Phụ bản			V1-3-IV
lang_multi_text.db	InstanceDungeon_20025_DungeonDesc	3.4	Hội thoại/Cốt truyện	Phụ bản			LVIII_C_I
lang_multi_text.db	InstanceDungeon_20025_MapName	3.4	Hội thoại/Cốt truyện	Phụ bản			LVIII_C_I
lang_multi_text.db	InstanceDungeon_20026_DungeonDesc	3.4	Hội thoại/Cốt truyện	Phụ bản			LVIII_C_II
lang_multi_text.db	InstanceDungeon_20026_MapName	3.4	Hội thoại/Cốt truyện	Phụ bản			LVIII_C_II
lang_multi_text.db	InstanceDungeon_20027_DungeonDesc	3.4	Hội thoại/Cốt truyện	Phụ bản			LVIII_C_III
lang_multi_text.db	InstanceDungeon_20027_MapName	3.4	Hội thoại/Cốt truyện	Phụ bản			LVIII_C_III
lang_multi_text.db	InstanceDungeon_20028_DungeonDesc	3.4	Hội thoại/Cốt truyện	Phụ bản			LVIV_A_I
lang_multi_text.db	InstanceDungeon_20028_MapName	3.4	Hội thoại/Cốt truyện	Phụ bản			LVIV_A_I
lang_multi_text.db	InstanceDungeon_20029_DungeonDesc	3.4	Hội thoại/Cốt truyện	Phụ bản			LVIV_A_II
lang_multi_text.db	InstanceDungeon_20029_MapName	3.4	Hội thoại/Cốt truyện	Phụ bản			LVIV_A_II
lang_multi_text.db	InstanceDungeon_20030_DungeonDesc	3.4	Hội thoại/Cốt truyện	Phụ bản			LVIV_A_III
lang_multi_text.db	InstanceDungeon_20030_MapName	3.4	Hội thoại/Cốt truyện	Phụ bản			LVIV_A_III
lang_multi_text.db	InstanceDungeon_20031_DungeonDesc	3.4	Hội thoại/Cốt truyện	Phụ bản			LVIV_B_I
lang_multi_text.db	InstanceDungeon_20031_MapName	3.4	Hội thoại/Cốt truyện	Phụ bản			LVIV_B_I
lang_multi_text.db	InstanceDungeon_20032_DungeonDesc	3.4	Hội thoại/Cốt truyện	Phụ bản			LVIV_B_II
lang_multi_text.db	InstanceDungeon_20032_MapName	3.4	Hội thoại/Cốt truyện	Phụ bản			LVIV_B_II
lang_multi_text.db	InstanceDungeon_20033_DungeonDesc	3.4	Hội thoại/Cốt truyện	Phụ bản			LVIV_B_III
lang_multi_text.db	InstanceDungeon_20033_MapName	3.4	Hội thoại/Cốt truyện	Phụ bản			LVIV_B_III
lang_multi_text.db	InstanceDungeon_20034_DungeonDesc	3.4	Hội thoại/Cốt truyện	Phụ bản			LVIV_C_I
lang_multi_text.db	InstanceDungeon_20034_MapName	3.4	Hội thoại/Cốt truyện	Phụ bản			LVIV_C_I
lang_multi_text.db	InstanceDungeon_20035_DungeonDesc	3.4	Hội thoại/Cốt truyện	Phụ bản			LVIV_C_II
lang_multi_text.db	InstanceDungeon_20035_MapName	3.4	Hội thoại/Cốt truyện	Phụ bản			LVIV_C_II
lang_multi_text.db	InstanceDungeon_20036_DungeonDesc	3.4	Hội thoại/Cốt truyện	Phụ bản			LVIV_C_III
lang_multi_text.db	InstanceDungeon_20036_MapName	3.4	Hội thoại/Cốt truyện	Phụ bản			LVIV_C_III
lang_multi_text.db	InstanceDungeon_201010_DungeonDesc	3.4	Hội thoại/Cốt truyện	Phụ bản			Within the Sonoro Sphere, a mysterious misty forest, hides Character and Weapon Enhancement Items imbued with the Waveworn effect.
lang_multi_text.db	InstanceDungeon_201010_MapName	3.4	Hội thoại/Cốt truyện	Phụ bản			Misty Andante: Helix
lang_multi_text.db	InstanceDungeon_201010_MonsterTips	3.4	Hội thoại/Cốt truyện	Phụ bản			When hitting an enemy, Basic Attacks reduce the Cooldown of Resonance Liberation by 1 second, triggered up to once every second.
lang_multi_text.db	InstanceDungeon_201_MapName	3.4	Hội thoại/Cốt truyện	Phụ bản			Performance Test-VI Small Monsters Map
lang_multi_text.db	InstanceDungeon_202010_DungeonDesc	3.4	Hội thoại/Cốt truyện	Phụ bản			Within the Sonoro Sphere, a beautiful forest lit by moonlight, hides Character and Weapon Enhancement Items imbued with the Waveworn effect.
lang_multi_text.db	InstanceDungeon_202010_MapName	3.4	Hội thoại/Cốt truyện	Phụ bản			Lightseeker: Cadence Flora
lang_multi_text.db	InstanceDungeon_202010_MonsterTips	3.4	Hội thoại/Cốt truyện	Phụ bản			Fusion DMG increased by 25%.
lang_multi_text.db	InstanceDungeon_2021_DungeonDesc	3.4	Hội thoại/Cốt truyện	Phụ bản			Those who are ignorant hinder progress, while the innocent suffer from the challenges imposed upon them. The embers of a fire, sparked by memories of a distant night and fueled by present circumstances, ignite the pain of Scar's past and the rebirth of new ideas, ultimately leading to the downfall of the old world order.
lang_multi_text.db	InstanceDungeon_2021_EnterConditionText	3.4	Hội thoại/Cốt truyện	Phụ bản			Unlocked at SOL3 Phase 1
lang_multi_text.db	InstanceDungeon_2021_MapName	3.4	Hội thoại/Cốt truyện	Phụ bản			Weekly Challenge: Sinful Declension
lang_multi_text.db	InstanceDungeon_2022_EnterConditionText	3.4	Hội thoại/Cốt truyện	Phụ bản			Unlocked at SOL3 Phase 2
lang_multi_text.db	InstanceDungeon_2022_MapName	3.4	Hội thoại/Cốt truyện	Phụ bản			Test Levels
lang_multi_text.db	InstanceDungeon_2023_EnterConditionText	3.4	Hội thoại/Cốt truyện	Phụ bản			Unlocked at SOL3 Phase 3
lang_multi_text.db	InstanceDungeon_2024_EnterConditionText	3.4	Hội thoại/Cốt truyện	Phụ bản			Unlocked at SOL3 Phase 4
lang_multi_text.db	InstanceDungeon_2025_EnterConditionText	3.4	Hội thoại/Cốt truyện	Phụ bản			Unlocked at SOL3 Phase 5
lang_multi_text.db	InstanceDungeon_2026_EnterConditionText	3.4	Hội thoại/Cốt truyện	Phụ bản			Unlocked at SOL3 Phase 6
lang_multi_text.db	InstanceDungeon_2027_EnterConditionText	3.4	Hội thoại/Cốt truyện	Phụ bản			Unlocked at SOL3 Phase 7
lang_multi_text.db	InstanceDungeon_2028_EnterConditionText	3.4	Hội thoại/Cốt truyện	Phụ bản			Unlocked at SOL3 Phase 8
lang_multi_text.db	InstanceDungeon_203010_DungeonDesc	3.4	Hội thoại/Cốt truyện	Phụ bản			Within the Sonoro Sphere, a beautiful forest that exists at the border of day and night, hides Character and Weapon Enhancement Items imbued with the Waveworn effect.
lang_multi_text.db	InstanceDungeon_203010_MapName	3.4	Hội thoại/Cốt truyện	Phụ bản			Crystallized Flame: Phlogiston
lang_multi_text.db	InstanceDungeon_203010_MonsterTips	3.4	Hội thoại/Cốt truyện	Phụ bản			When HP is above 50%, Crit. Rate is increased by 50%, and Crit. DMG is increased by 50%.
lang_multi_text.db	InstanceDungeon_2031_DungeonDesc	3.4	Hội thoại/Cốt truyện	Phụ bản			The embers have not yet been extinguished, but the memories remain.\nWhen you re-enter this place, the disaster resonates and the memories of the fight with the "blades" come back to you.
lang_multi_text.db	InstanceDungeon_2031_MapName	3.4	Hội thoại/Cốt truyện	Phụ bản			Weekly Challenge: Warblade from Above
lang_multi_text.db	InstanceDungeon_2041_DungeonDesc	3.4	Hội thoại/Cốt truyện	Phụ bản			A realm where the flow of time is chaotic, and dawn and dusk intertwine. It embodies both the origin and the culmination of the order of time.
lang_multi_text.db	InstanceDungeon_2041_MapName	3.4	Hội thoại/Cốt truyện	Phụ bản			Weekly Challenge: Temporal Loop
lang_multi_text.db	InstanceDungeon_2051_DungeonDesc	3.4	Hội thoại/Cốt truyện	Phụ bản			The music persists, and the crimson curtain rises once more.\nWill you dance again with her in this endless drama?
lang_multi_text.db	InstanceDungeon_2051_MapName	3.4	Hội thoại/Cốt truyện	Phụ bản			Weekly Challenge: Crimson Finale
lang_multi_text.db	InstanceDungeon_2061_DungeonDesc	3.4	Hội thoại/Cốt truyện	Phụ bản			From the world upside down, you glimpse the truth of the prophecy.\nThus, the wheel of fate begins to turn, as you tear through the endless lie hanging from the sky, charging toward your "final battle."
lang_multi_text.db	InstanceDungeon_2061_MapName	3.4	Hội thoại/Cốt truyện	Phụ bản			Weekly Challenge: Dawning Light
lang_multi_text.db	InstanceDungeon_2071_DungeonDesc	3.4	Hội thoại/Cốt truyện	Phụ bản			The Divinity’s fury descends once again, spreading Its gospel of doom like creeping tides.\nOnce more, hope transcends fear and shadows to illuminate the eternal night.
lang_multi_text.db	InstanceDungeon_2071_MapName	3.4	Hội thoại/Cốt truyện	Phụ bản			Weekly Challenge: Cindernite Apocalypse
lang_multi_text.db	InstanceDungeon_2081_DungeonDesc	3.4	Hội thoại/Cốt truyện	Phụ bản			Rage and tears. Suffering and joy. Sorrow and pain. All are condensed, along with her sigh, into a single golden frequency.\nIt gazes at the sky, lost in memories worn thin by the ages. The lost voyager is still searching for the way home.
lang_multi_text.db	InstanceDungeon_2081_MapName	3.4	Hội thoại/Cốt truyện	Phụ bản			Sigillum
lang_multi_text.db	InstanceDungeon_2091_DungeonDesc	3.4	Hội thoại/Cốt truyện	Phụ bản			A being who exists only because of Aleph-1. Even that gentle smile of hers has been taken away.\nHer name, her identity, her Forte, even her bonds with others… all of it a lie.\nYet, the world will not sink into boundless darkness. The end of the path she walks must not be eternal emptiness.
lang_multi_text.db	InstanceDungeon_2091_MapName	3.4	Hội thoại/Cốt truyện	Phụ bản			Denia
lang_multi_text.db	InstanceDungeon_20_MapName	3.4	Hội thoại/Cốt truyện	Phụ bản			Fast Travel Domain Test Map (single player)
lang_multi_text.db	InstanceDungeon_21_MapName	3.4	Hội thoại/Cốt truyện	Phụ bản			Fast Travel Domain Test Map (Co-op)
lang_multi_text.db	InstanceDungeon_22_MapName	3.4	Hội thoại/Cốt truyện	Phụ bản			Audio Test Level
lang_multi_text.db	InstanceDungeon_23_MapName	3.4	Hội thoại/Cốt truyện	Phụ bản			Animals Test Map
lang_multi_text.db	InstanceDungeon_249001_MapName	3.4	Hội thoại/Cốt truyện	Phụ bản			Bellow of Rising Waves
lang_multi_text.db	InstanceDungeon_2501_DungeonDesc	3.4	Hội thoại/Cốt truyện	Phụ bản			World Domain Sample
lang_multi_text.db	InstanceDungeon_2501_MapName	3.4	Hội thoại/Cốt truyện	Phụ bản			World Domain Sample
lang_multi_text.db	InstanceDungeon_2502_DungeonDesc	3.4	Hội thoại/Cốt truyện	Phụ bản			Huaxu Academy is Jinzhou's scientific research center. As a branch of the esteemed Huanglong Huaxu Academy, it boasts a rich academic legacy and prioritizes advancements in science and technology. Situated on the frontline against the Tacet Discords, it plays a crucial role in the ongoing war effort.
lang_multi_text.db	InstanceDungeon_2502_MapName	3.4	Hội thoại/Cốt truyện	Phụ bản			Huaxu Academy
lang_multi_text.db	InstanceDungeon_2505_DungeonDesc	3.4	Hội thoại/Cốt truyện	Phụ bản			Head to the tower...\nThe Fisalia descendant leaves only his retreating silhouette behind. He will fulfill his mission.
lang_multi_text.db	InstanceDungeon_2505_MapName	3.4	Hội thoại/Cốt truyện	Phụ bản			Command Rise
lang_multi_text.db	InstanceDungeon_2506_DungeonDesc	3.4	Hội thoại/Cốt truyện	Phụ bản			The Public Security Bureau has set up this room to resolve civil conflicts. Here, disputing parties can debate, mediate, and negotiate, making conflict resolution more efficient and occasionally assisting in major case investigations.
lang_multi_text.db	InstanceDungeon_2506_MapName	3.4	Hội thoại/Cốt truyện	Phụ bản			Public Security Bureau Hearing Room
lang_multi_text.db	InstanceDungeon_2507_DungeonDesc	3.4	Hội thoại/Cốt truyện	Phụ bản			As twilight falls, all things return home.\nSomething tells you that an indescribable presence awaits.... anticipating the arrival of ships, people, and the setting sun. It is waiting for a world where light fades and silence reigns. It will step into the darkness, swallowing all in its wake.
lang_multi_text.db	InstanceDungeon_2507_MapName	3.4	Hội thoại/Cốt truyện	Phụ bản			Twilight Rise
lang_multi_text.db	InstanceDungeon_2508_DungeonDesc	3.4	Hội thoại/Cốt truyện	Phụ bản			Where do schools of fish swim? \nAbove the towers, into the silent night sky...
lang_multi_text.db	InstanceDungeon_2508_MapName	3.4	Hội thoại/Cốt truyện	Phụ bản			Resounding Rise
lang_multi_text.db	InstanceDungeon_2510_DungeonDesc	3.4	Hội thoại/Cốt truyện	Phụ bản			A two-tiered holy edifice in Ragunna City, devoted to the worship of the Sentinel's statue. It also serves as the seat of the Order of the Deep.\nThe upper water chapel connects to the sea that flows through Ragunna City, with its waters rising and falling with the tides as if breathing in time with the Sentinel. Thus, it is known as the Tidal Sanctuary.
lang_multi_text.db	InstanceDungeon_2510_MapName	3.4	Hội thoại/Cốt truyện	Phụ bản			Order of the Deep
lang_multi_text.db	InstanceDungeon_2522_DungeonDesc	3.4	Hội thoại/Cốt truyện	Phụ bản			The Psychological Threshold Alternative Therapy Society (AKA the Psych Therapy Society) Showroom
lang_multi_text.db	InstanceDungeon_2522_MapName	3.4	Hội thoại/Cốt truyện	Phụ bản			Mind Dive Arcade
lang_multi_text.db	InstanceDungeon_2_MapName	3.4	Hội thoại/Cốt truyện	Phụ bản			Network Connection Test Map
lang_multi_text.db	InstanceDungeon_30000_Tips	3.4	Hội thoại/Cốt truyện	Phụ bản			After being downed in a Disaster Trial, the challenger can consume 3 Stress Levels to revive. This also gives a corresponding buff. \nPlease note that consuming Stress Levels will affect the completion and final result of Challenge Goals.
lang_multi_text.db	InstanceDungeon_30004_Tips	3.4	Hội thoại/Cốt truyện	Phụ bản			After being knocked down in Crisis Trials, the challenger can revive without consuming Stress Levels and gain corresponding buffs.
lang_multi_text.db	InstanceDungeon_3000_MapName	3.4	Hội thoại/Cốt truyện	Phụ bản			New Domain Test Map (single player)
lang_multi_text.db	InstanceDungeon_3002_MapName	3.4	Hội thoại/Cốt truyện	Phụ bản			Defense Domain Test Map (single player)
lang_multi_text.db	InstanceDungeon_3003_MapName	3.4	Hội thoại/Cốt truyện	Phụ bản			Test Level (monster capture)
lang_multi_text.db	InstanceDungeon_3004_MapName	3.4	Hội thoại/Cốt truyện	Phụ bản			Co-op Domain Test Tree
lang_multi_text.db	InstanceDungeon_3005_MapName	3.4	Hội thoại/Cốt truyện	Phụ bản			CE Co-op test
lang_multi_text.db	InstanceDungeon_301010_DungeonDesc	3.4	Hội thoại/Cốt truyện	Phụ bản			Within the Sonoro Sphere, a treacherous landscape of molten ruins, hides Character and Weapon Enhancement Items imbued with the Waveworn effect.
lang_multi_text.db	InstanceDungeon_301010_MapName	3.4	Hội thoại/Cốt truyện	Phụ bản			Molten Core: Metallic Drip
lang_multi_text.db	InstanceDungeon_301010_MonsterTips	3.4	Hội thoại/Cốt truyện	Phụ bản			Outro Skill DMG increased by 100%.
lang_multi_text.db	InstanceDungeon_302010_DungeonDesc	3.4	Hội thoại/Cốt truyện	Phụ bản			Within the Sonoro Sphere, a treacherous landscape of deadly traps, hides Character and Weapon Enhancement Items imbued with the Waveworn effect.
lang_multi_text.db	InstanceDungeon_302010_MapName	3.4	Hội thoại/Cốt truyện	Phụ bản			Corrosive Stage: Waveworn Residue
lang_multi_text.db	InstanceDungeon_302010_MonsterTips	3.4	Hội thoại/Cốt truyện	Phụ bản			Team DMG and DEF are increased by 25% when Resonance Liberations are used, lasting for 15 seconds and stacking up to 3 times.
lang_multi_text.db	InstanceDungeon_303010_DungeonDesc	3.4	Hội thoại/Cốt truyện	Phụ bản			Within this Sonoro Sphere born of a sea ravaged by calamity, lie Resonator and Weapon enhancement items imbued with the Waveworn effect.
lang_multi_text.db	InstanceDungeon_303010_MapName	3.4	Hội thoại/Cốt truyện	Phụ bản			Cleansing Breeze: Helix
lang_multi_text.db	InstanceDungeon_303010_MonsterTips	3.4	Hội thoại/Cốt truyện	Phụ bản			Resonance Skill DMG increased by 66%.
lang_multi_text.db	InstanceDungeon_304010_DungeonDesc	3.4	Hội thoại/Cốt truyện	Phụ bản			Within this Sonoro Sphere born of a sea ravaged by calamity, lie Resonator and Weapon enhancement items imbued with the Waveworn effect.
lang_multi_text.db	InstanceDungeon_304010_MapName	3.4	Hội thoại/Cốt truyện	Phụ bản			Wave Prayer: Cadence Flora
lang_multi_text.db	InstanceDungeon_304010_MonsterTips	3.4	Hội thoại/Cốt truyện	Phụ bản			Heavy Attack DMG increased by 66%.
lang_multi_text.db	InstanceDungeon_305010_DungeonDesc	3.4	Hội thoại/Cốt truyện	Phụ bản			Within this Sonoro Sphere born of a sea ravaged by calamity, lie Resonator and Weapon enhancement items imbued with the Waveworn effect.
lang_multi_text.db	InstanceDungeon_305010_MapName	3.4	Hội thoại/Cốt truyện	Phụ bản			Rippling Whispers: Phlogiston
lang_multi_text.db	InstanceDungeon_305010_MonsterTips	3.4	Hội thoại/Cốt truyện	Phụ bản			Resonance Liberation DMG increased by 66%.
lang_multi_text.db	InstanceDungeon_306010_DungeonDesc	3.4	Hội thoại/Cốt truyện	Phụ bản			Within this Sonoro Sphere born of a sea ravaged by calamity, lie Resonator and Weapon enhancement items imbued with the Waveworn effect.
lang_multi_text.db	InstanceDungeon_306010_MapName	3.4	Hội thoại/Cốt truyện	Phụ bản			Golden Purity: Metallic Drip
lang_multi_text.db	InstanceDungeon_306010_MonsterTips	3.4	Hội thoại/Cốt truyện	Phụ bản			Basic Attack DMG increased by 66%.
lang_multi_text.db	InstanceDungeon_307010_DungeonDesc	3.4	Hội thoại/Cốt truyện	Phụ bản			Within this Sonoro Sphere born of a sea ravaged by calamity, lie Resonator and Weapon enhancement items imbued with the Waveworn effect.
lang_multi_text.db	InstanceDungeon_307010_MapName	3.4	Hội thoại/Cốt truyện	Phụ bản			Wind Hymn: Waveworn Residue
lang_multi_text.db	InstanceDungeon_307010_MonsterTips	3.4	Hội thoại/Cốt truyện	Phụ bản			<color=Ice>Glacio DMG</color> increased by 40%.
lang_multi_text.db	InstanceDungeon_308010_DungeonDesc	3.4	Hội thoại/Cốt truyện	Phụ bản			The bells still toll in a world consumed by the Shimmer, but the lesson never reached its conclusion. In the dying glow of the evening, a chalk trail comes to an abrupt halt on the blackboard. This is Lahai-Roi's final lesson.
lang_multi_text.db	InstanceDungeon_308010_MapName	3.4	Hội thoại/Cốt truyện	Phụ bản			Lesson in Sunset
lang_multi_text.db	InstanceDungeon_308010_MonsterTips	3.4	Hội thoại/Cốt truyện	Phụ bản			Dealing Tune Break DMG increases Heavy Attack DMG by 40% for all Resonators in the team for 10s.
lang_multi_text.db	InstanceDungeon_308020_DungeonDesc	3.4	Hội thoại/Cốt truyện	Phụ bản			It reveals the Academy's final moments, where Void Storms creep in like a black fog, smothering everything in the dead of night. In this deathly stillness, the Academy stands as a grim testament to the prophecy for civilizations—All that is known shall eventually be erased by the unknown.
lang_multi_text.db	InstanceDungeon_308020_MapName	3.4	Hội thoại/Cốt truyện	Phụ bản			Lesson in Void
lang_multi_text.db	InstanceDungeon_308020_MonsterTips	3.4	Hội thoại/Cốt truyện	Phụ bản			Dealing Tune Break DMG increases Basic Attack DMG by 40% for all Resonators in the team for 10s.
lang_multi_text.db	InstanceDungeon_308030_DungeonDesc	3.4	Hội thoại/Cốt truyện	Phụ bản			In the wake of the Void Storm, the Academy lies in ruins. Desks and instruments drift like ghosts on a dead tide. Silence reigns. When will the next roll call sound? Perhaps no one is left to know.
lang_multi_text.db	InstanceDungeon_308030_MapName	3.4	Hội thoại/Cốt truyện	Phụ bản			Lesson in Embers
lang_multi_text.db	InstanceDungeon_308030_MonsterTips	3.4	Hội thoại/Cốt truyện	Phụ bản			Dealing Tune Break DMG increases Echo Skill DMG by 40% for all Resonators in the team for 10s.
lang_multi_text.db	InstanceDungeon_308040_DungeonDesc	3.4	Hội thoại/Cốt truyện	Phụ bản			The dome is shattered, and what light remains illuminates overgrown ruins. Amidst thick weeds, the dying Reactor Drive holds onto a mere memory that it once was the sun.
lang_multi_text.db	InstanceDungeon_308040_MapName	3.4	Hội thoại/Cốt truyện	Phụ bản			Forsaken Remnants
lang_multi_text.db	InstanceDungeon_308040_MonsterTips	3.4	Hội thoại/Cốt truyện	Phụ bản			Dealing Tune Break DMG increases Resonance Liberation DMG by 40% for all Resonators in the team for 10s.
lang_multi_text.db	InstanceDungeon_308050_DungeonDesc	3.4	Hội thoại/Cốt truyện	Phụ bản			The Heliogyre, corrupted by Voidmatter, becomes a twisted core of energy that unleashes a calamity of "light." Where light touches, people and Exoswarm are reduced to nothingness, as if they had never existed.
lang_multi_text.db	InstanceDungeon_308050_MapName	3.4	Hội thoại/Cốt truyện	Phụ bản			Corroded Remnants
lang_multi_text.db	InstanceDungeon_308050_MonsterTips	3.4	Hội thoại/Cốt truyện	Phụ bản			Dealing Tune Break DMG increases Resonance Skill DMG by 40% for all Resonators in the team for 10s.
lang_multi_text.db	InstanceDungeon_30_MapName	3.4	Hội thoại/Cốt truyện	Phụ bản			TD-UniverseEditor Map
lang_multi_text.db	InstanceDungeon_3100_DungeonDesc	3.4	Hội thoại/Cốt truyện	Phụ bản			Crownless-55 level
lang_multi_text.db	InstanceDungeon_3100_MapName	3.4	Hội thoại/Cốt truyện	Phụ bản			Crownless-55 level
lang_multi_text.db	InstanceDungeon_3101_DungeonDesc	3.4	Hội thoại/Cốt truyện	Phụ bản			Crownless - Lv. 50
lang_multi_text.db	InstanceDungeon_3101_MapName	3.4	Hội thoại/Cốt truyện	Phụ bản			Crownless - Lv. 50
lang_multi_text.db	InstanceDungeon_3102_DungeonDesc	3.4	Hội thoại/Cốt truyện	Phụ bản			Crownless - Lv. 60
lang_multi_text.db	InstanceDungeon_3102_MapName	3.4	Hội thoại/Cốt truyện	Phụ bản			Crownless - Lv. 60
lang_multi_text.db	InstanceDungeon_3103_DungeonDesc	3.4	Hội thoại/Cốt truyện	Phụ bản			Crownless I - Lv. 50
lang_multi_text.db	InstanceDungeon_3103_MapName	3.4	Hội thoại/Cốt truyện	Phụ bản			Crownless I - Lv. 50
lang_multi_text.db	InstanceDungeon_3104_DungeonDesc	3.4	Hội thoại/Cốt truyện	Phụ bản			Tempest Mephis I - Lv. 60
lang_multi_text.db	InstanceDungeon_3104_MapName	3.4	Hội thoại/Cốt truyện	Phụ bản			Tempest Mephis I - Lv. 60
lang_multi_text.db	InstanceDungeon_3105_DungeonDesc	3.4	Hội thoại/Cốt truyện	Phụ bản			Tempest Mephis I - Lv. 60
lang_multi_text.db	InstanceDungeon_3105_MapName	3.4	Hội thoại/Cốt truyện	Phụ bản			Crownless II - Lv. 50
lang_multi_text.db	InstanceDungeon_3110_DungeonDesc	3.4	Hội thoại/Cốt truyện	Phụ bản			Feilian Beringal - Lv. 60
lang_multi_text.db	InstanceDungeon_3110_MapName	3.4	Hội thoại/Cốt truyện	Phụ bản			Feilian Beringal - Lv. 60
lang_multi_text.db	InstanceDungeon_3111_DungeonDesc	3.4	Hội thoại/Cốt truyện	Phụ bản			Lampylumen Myriad - Lv. 50
lang_multi_text.db	InstanceDungeon_3111_MapName	3.4	Hội thoại/Cốt truyện	Phụ bản			Lampylumen Myriad - Lv. 50
lang_multi_text.db	InstanceDungeon_3112_DungeonDesc	3.4	Hội thoại/Cốt truyện	Phụ bản			Lampylumen Myriad - Lv. 60
lang_multi_text.db	InstanceDungeon_3112_MapName	3.4	Hội thoại/Cốt truyện	Phụ bản			Lampylumen Myriad - Lv. 60
lang_multi_text.db	InstanceDungeon_3113_DungeonDesc	3.4	Hội thoại/Cốt truyện	Phụ bản			Mourning Aix - Lv. 50
lang_multi_text.db	InstanceDungeon_3113_MapName	3.4	Hội thoại/Cốt truyện	Phụ bản			Mourning Aix - Lv. 50
lang_multi_text.db	InstanceDungeon_3114_DungeonDesc	3.4	Hội thoại/Cốt truyện	Phụ bản			Mourning Aix - Lv. 60
lang_multi_text.db	InstanceDungeon_3114_MapName	3.4	Hội thoại/Cốt truyện	Phụ bản			Mourning Aix - Lv. 60
lang_multi_text.db	InstanceDungeon_3115_DungeonDesc	3.4	Hội thoại/Cốt truyện	Phụ bản			Mech Abomination - Lv. 50
lang_multi_text.db	InstanceDungeon_3115_MapName	3.4	Hội thoại/Cốt truyện	Phụ bản			Mech Abomination - Lv. 50
lang_multi_text.db	InstanceDungeon_3116_DungeonDesc	3.4	Hội thoại/Cốt truyện	Phụ bản			Mech Abomination - Lv. 60
lang_multi_text.db	InstanceDungeon_3116_MapName	3.4	Hội thoại/Cốt truyện	Phụ bản			Mech Abomination - Lv. 60
lang_multi_text.db	InstanceDungeon_3117_DungeonDesc	3.4	Hội thoại/Cốt truyện	Phụ bản			Impermanence Heron - Lv. 50
lang_multi_text.db	InstanceDungeon_3117_MapName	3.4	Hội thoại/Cốt truyện	Phụ bản			Impermanence Heron - Lv. 50
lang_multi_text.db	InstanceDungeon_3118_DungeonDesc	3.4	Hội thoại/Cốt truyện	Phụ bản			Impermanence Heron - Lv. 60
lang_multi_text.db	InstanceDungeon_3118_MapName	3.4	Hội thoại/Cốt truyện	Phụ bản			Impermanence Heron - Lv. 60
lang_multi_text.db	InstanceDungeon_3120_DungeonDesc	3.4	Hội thoại/Cốt truyện	Phụ bản			Scar - Lv. 60
lang_multi_text.db	InstanceDungeon_3120_MapName	3.4	Hội thoại/Cốt truyện	Phụ bản			Scar - Lv. 60
lang_multi_text.db	InstanceDungeon_3121_DungeonDesc	3.4	Hội thoại/Cốt truyện	Phụ bản			Scar: Stage II - Lv. 50
lang_multi_text.db	InstanceDungeon_3121_MapName	3.4	Hội thoại/Cốt truyện	Phụ bản			Scar: Stage II - Lv. 50
lang_multi_text.db	InstanceDungeon_3122_DungeonDesc	3.4	Hội thoại/Cốt truyện	Phụ bản			Scar: Stage II - Lv. 60
lang_multi_text.db	InstanceDungeon_3122_MapName	3.4	Hội thoại/Cốt truyện	Phụ bản			Scar: Stage II - Lv. 60
lang_multi_text.db	InstanceDungeon_3130_DungeonDesc	3.4	Hội thoại/Cốt truyện	Phụ bản			Inferno Rider - Lv. 55
lang_multi_text.db	InstanceDungeon_3130_MapName	3.4	Hội thoại/Cốt truyện	Phụ bản			Inferno Rider - Lv. 55
lang_multi_text.db	InstanceDungeon_3131_DungeonDesc	3.4	Hội thoại/Cốt truyện	Phụ bản			Inferno Rider - Lv. 65
lang_multi_text.db	InstanceDungeon_3131_MapName	3.4	Hội thoại/Cốt truyện	Phụ bản			Inferno Rider - Lv. 65
lang_multi_text.db	InstanceDungeon_3132_DungeonDesc	3.4	Hội thoại/Cốt truyện	Phụ bản			Inferno Rider - Lv. 70
lang_multi_text.db	InstanceDungeon_3132_MapName	3.4	Hội thoại/Cốt truyện	Phụ bản			Inferno Rider - Lv. 70
lang_multi_text.db	InstanceDungeon_3133_DungeonDesc	3.4	Hội thoại/Cốt truyện	Phụ bản			Inferno Rider - Lv. 65
lang_multi_text.db	InstanceDungeon_3133_MapName	3.4	Hội thoại/Cốt truyện	Phụ bản			Inferno Rider - Lv. 65
lang_multi_text.db	InstanceDungeon_3140_DungeonDesc	3.4	Hội thoại/Cốt truyện	Phụ bản			Flying Scythe of Gori - Level 55
lang_multi_text.db	InstanceDungeon_3140_MapName	3.4	Hội thoại/Cốt truyện	Phụ bản			Crownless - Co-op Test
lang_multi_text.db	InstanceDungeon_3141_DungeonDesc	3.4	Hội thoại/Cốt truyện	Phụ bản			Flying Scythe of Gori - Level 65
lang_multi_text.db	InstanceDungeon_3141_MapName	3.4	Hội thoại/Cốt truyện	Phụ bản			Flying Scythe of Gori - Level 65
lang_multi_text.db	InstanceDungeon_3142_DungeonDesc	3.4	Hội thoại/Cốt truyện	Phụ bản			Flying Scythe of Gori - Level 70
lang_multi_text.db	InstanceDungeon_3142_MapName	3.4	Hội thoại/Cốt truyện	Phụ bản			Flying Scythe of Gori - Level 70
lang_multi_text.db	InstanceDungeon_3150_DungeonDesc	3.4	Hội thoại/Cốt truyện	Phụ bản			Lampylumen Myriad - 55th grade
lang_multi_text.db	InstanceDungeon_3150_MapName	3.4	Hội thoại/Cốt truyện	Phụ bản			Lampylumen Myriad - 55th grade
lang_multi_text.db	InstanceDungeon_3151_DungeonDesc	3.4	Hội thoại/Cốt truyện	Phụ bản			Lampylumen Myriad - Class 65
lang_multi_text.db	InstanceDungeon_3151_MapName	3.4	Hội thoại/Cốt truyện	Phụ bản			Lampylumen Myriad - Class 65
lang_multi_text.db	InstanceDungeon_3152_DungeonDesc	3.4	Hội thoại/Cốt truyện	Phụ bản			Lampylumen Myriad - level 70
lang_multi_text.db	InstanceDungeon_3152_MapName	3.4	Hội thoại/Cốt truyện	Phụ bản			Lampylumen Myriad - level 70
lang_multi_text.db	InstanceDungeon_3160_DungeonDesc	3.4	Hội thoại/Cốt truyện	Phụ bản			Mourning Aix-Tower of Adversity
lang_multi_text.db	InstanceDungeon_3160_MapName	3.4	Hội thoại/Cốt truyện	Phụ bản			Mourning Aix-Tower of Adversity
lang_multi_text.db	InstanceDungeon_3161_DungeonDesc	3.4	Hội thoại/Cốt truyện	Phụ bản			Mourning Aix-Rebrush
lang_multi_text.db	InstanceDungeon_3161_MapName	3.4	Hội thoại/Cốt truyện	Phụ bản			Mourning Aix-Rebrush
lang_multi_text.db	InstanceDungeon_3162_DungeonDesc	3.4	Hội thoại/Cốt truyện	Phụ bản			Mourning Aix-Drama
lang_multi_text.db	InstanceDungeon_3162_MapName	3.4	Hội thoại/Cốt truyện	Phụ bản			Mourning Aix-Drama
lang_multi_text.db	InstanceDungeon_3163_DungeonDesc	3.4	Hội thoại/Cốt truyện	Phụ bản			Mourning Aix-Dojo 1
lang_multi_text.db	InstanceDungeon_3163_MapName	3.4	Hội thoại/Cốt truyện	Phụ bản			Mourning Aix-Dojo 1
lang_multi_text.db	InstanceDungeon_3164_DungeonDesc	3.4	Hội thoại/Cốt truyện	Phụ bản			Mourning Aix-Dojo 2
lang_multi_text.db	InstanceDungeon_3164_MapName	3.4	Hội thoại/Cốt truyện	Phụ bản			Mourning Aix-Dojo 2
lang_multi_text.db	InstanceDungeon_3165_DungeonDesc	3.4	Hội thoại/Cốt truyện	Phụ bản			Mourning Aix-Dojo 3
lang_multi_text.db	InstanceDungeon_3165_MapName	3.4	Hội thoại/Cốt truyện	Phụ bản			Mourning Aix-Dojo 3
lang_multi_text.db	InstanceDungeon_3166_DungeonDesc	3.4	Hội thoại/Cốt truyện	Phụ bản			Mourning Aix-Dojo 4
lang_multi_text.db	InstanceDungeon_3166_MapName	3.4	Hội thoại/Cốt truyện	Phụ bản			Mourning Aix-Dojo 4
lang_multi_text.db	InstanceDungeon_3167_DungeonDesc	3.4	Hội thoại/Cốt truyện	Phụ bản			Mourning Aix-Dojo 5
lang_multi_text.db	InstanceDungeon_3167_MapName	3.4	Hội thoại/Cốt truyện	Phụ bản			Mourning Aix-Dojo 5
lang_multi_text.db	InstanceDungeon_3168_DungeonDesc	3.4	Hội thoại/Cốt truyện	Phụ bản			Mourning Aix-Dojo 6
lang_multi_text.db	InstanceDungeon_3168_MapName	3.4	Hội thoại/Cốt truyện	Phụ bản			Mourning Aix-Dojo 6
lang_multi_text.db	InstanceDungeon_3169_DungeonDesc	3.4	Hội thoại/Cốt truyện	Phụ bản			Mourning Aix - Level 65 - Countermeasure Technique
lang_multi_text.db	InstanceDungeon_3169_MapName	3.4	Hội thoại/Cốt truyện	Phụ bản			Mourning Aix - Level 65 - Countermeasure Technique
lang_multi_text.db	InstanceDungeon_3170_DungeonDesc	3.4	Hội thoại/Cốt truyện	Phụ bản			Mech Abomination-55 level
lang_multi_text.db	InstanceDungeon_3170_MapName	3.4	Hội thoại/Cốt truyện	Phụ bản			Mech Abomination-55 level
lang_multi_text.db	InstanceDungeon_3171_DungeonDesc	3.4	Hội thoại/Cốt truyện	Phụ bản			Mech Abomination - level 65
lang_multi_text.db	InstanceDungeon_3171_MapName	3.4	Hội thoại/Cốt truyện	Phụ bản			Mech Abomination - level 65
lang_multi_text.db	InstanceDungeon_3172_DungeonDesc	3.4	Hội thoại/Cốt truyện	Phụ bản			Mech Abomination - level 70
lang_multi_text.db	InstanceDungeon_3172_MapName	3.4	Hội thoại/Cốt truyện	Phụ bản			Mech Abomination - level 70
lang_multi_text.db	InstanceDungeon_3180_DungeonDesc	3.4	Hội thoại/Cốt truyện	Phụ bản			Impermanence Heron - 55 levels
lang_multi_text.db	InstanceDungeon_3180_MapName	3.4	Hội thoại/Cốt truyện	Phụ bản			Impermanence Heron - 55 levels
lang_multi_text.db	InstanceDungeon_3181_DungeonDesc	3.4	Hội thoại/Cốt truyện	Phụ bản			Impermanence Heron - Class 65
lang_multi_text.db	InstanceDungeon_3181_MapName	3.4	Hội thoại/Cốt truyện	Phụ bản			Impermanence Heron - Class 65
lang_multi_text.db	InstanceDungeon_3182_DungeonDesc	3.4	Hội thoại/Cốt truyện	Phụ bản			Impermanence Heron - level 70
lang_multi_text.db	InstanceDungeon_3182_MapName	3.4	Hội thoại/Cốt truyện	Phụ bản			Impermanence Heron - level 70
lang_multi_text.db	InstanceDungeon_3183_DungeonDesc	3.4	Hội thoại/Cốt truyện	Phụ bản			Impermanence Heron - Level 65 - Countermeasure Technique
lang_multi_text.db	InstanceDungeon_3183_MapName	3.4	Hội thoại/Cốt truyện	Phụ bản			Impermanence Heron - Level 65 - Countermeasure Technique
lang_multi_text.db	InstanceDungeon_3190_DungeonDesc	3.4	Hội thoại/Cốt truyện	Phụ bản			Scar-55
lang_multi_text.db	InstanceDungeon_3190_MapName	3.4	Hội thoại/Cốt truyện	Phụ bản			Scar-55
lang_multi_text.db	InstanceDungeon_3191_DungeonDesc	3.4	Hội thoại/Cốt truyện	Phụ bản			Scar-65
lang_multi_text.db	InstanceDungeon_3191_MapName	3.4	Hội thoại/Cốt truyện	Phụ bản			Scar-65
lang_multi_text.db	InstanceDungeon_3192_DungeonDesc	3.4	Hội thoại/Cốt truyện	Phụ bản			Scar-70
lang_multi_text.db	InstanceDungeon_3192_MapName	3.4	Hội thoại/Cốt truyện	Phụ bản			Scar-70
lang_multi_text.db	InstanceDungeon_31_MapName	3.4	Hội thoại/Cốt truyện	Phụ bản			TD - Interaction Test
lang_multi_text.db	InstanceDungeon_3200_DungeonDesc	3.4	Hội thoại/Cốt truyện	Phụ bản			Scar - Phase II - Level 55
lang_multi_text.db	InstanceDungeon_3200_MapName	3.4	Hội thoại/Cốt truyện	Phụ bản			Scar - Phase II - Level 55
lang_multi_text.db	InstanceDungeon_3201_DungeonDesc	3.4	Hội thoại/Cốt truyện	Phụ bản			Scar - Phase II - Level 65
lang_multi_text.db	InstanceDungeon_3201_MapName	3.4	Hội thoại/Cốt truyện	Phụ bản			Scar - Phase II - Level 65
lang_multi_text.db	InstanceDungeon_3202_DungeonDesc	3.4	Hội thoại/Cốt truyện	Phụ bản			Scar - Phase II - Level 70
lang_multi_text.db	InstanceDungeon_3202_MapName	3.4	Hội thoại/Cốt truyện	Phụ bản			Scar - Phase II - Level 70
lang_multi_text.db	InstanceDungeon_3210_DungeonDesc	3.4	Hội thoại/Cốt truyện	Phụ bản			Bell-Borne Geochelone-55 level
lang_multi_text.db	InstanceDungeon_3210_MapName	3.4	Hội thoại/Cốt truyện	Phụ bản			Bell-Borne Geochelone-55 level
lang_multi_text.db	InstanceDungeon_3211_DungeonDesc	3.4	Hội thoại/Cốt truyện	Phụ bản			Bell-Borne Geochelone - Class 65
lang_multi_text.db	InstanceDungeon_3211_MapName	3.4	Hội thoại/Cốt truyện	Phụ bản			Bell-Borne Geochelone - Class 65
lang_multi_text.db	InstanceDungeon_3212_DungeonDesc	3.4	Hội thoại/Cốt truyện	Phụ bản			Bell-Borne Geochelone-70 level
lang_multi_text.db	InstanceDungeon_3212_MapName	3.4	Hội thoại/Cốt truyện	Phụ bản			Bell-Borne Geochelone-70 level
lang_multi_text.db	InstanceDungeon_3220_DungeonDesc	3.4	Hội thoại/Cốt truyện	Phụ bản			Undelusionals - Level 55
lang_multi_text.db	InstanceDungeon_3220_MapName	3.4	Hội thoại/Cốt truyện	Phụ bản			Undelusionals - Level 55
lang_multi_text.db	InstanceDungeon_3221_DungeonDesc	3.4	Hội thoại/Cốt truyện	Phụ bản			Undelusionals - level 65
lang_multi_text.db	InstanceDungeon_3221_MapName	3.4	Hội thoại/Cốt truyện	Phụ bản			Undelusionals - level 65
lang_multi_text.db	InstanceDungeon_3222_DungeonDesc	3.4	Hội thoại/Cốt truyện	Phụ bản			Undelusionals - Level 70
lang_multi_text.db	InstanceDungeon_3222_MapName	3.4	Hội thoại/Cốt truyện	Phụ bản			Undelusionals - Level 70
lang_multi_text.db	InstanceDungeon_32_MapName	3.4	Hội thoại/Cốt truyện	Phụ bản			TD - Missions Test
lang_multi_text.db	InstanceDungeon_33_MapName	3.4	Hội thoại/Cốt truyện	Phụ bản			QA Test Map
lang_multi_text.db	InstanceDungeon_34_MapName	3.4	Hội thoại/Cốt truyện	Phụ bản			Levitation Gameplay Test Map
lang_multi_text.db	InstanceDungeon_35_MapName	3.4	Hội thoại/Cốt truyện	Phụ bản			TD - Monster Test
lang_multi_text.db	InstanceDungeon_36_MapName	3.4	Hội thoại/Cốt truyện	Phụ bản			Motion Test Map
lang_multi_text.db	InstanceDungeon_37_MapName	3.4	Hội thoại/Cốt truyện	Phụ bản			Gameplay Test Map
lang_multi_text.db	InstanceDungeon_3801_DungeonDesc	3.4	Hội thoại/Cốt truyện	Phụ bản			Crownless - Lv. 40
lang_multi_text.db	InstanceDungeon_3801_MapName	3.4	Hội thoại/Cốt truyện	Phụ bản			Crownless - Lv. 40
lang_multi_text.db	InstanceDungeon_3802_DungeonDesc	3.4	Hội thoại/Cốt truyện	Phụ bản			Crownless - Lv. 60
lang_multi_text.db	InstanceDungeon_3802_MapName	3.4	Hội thoại/Cốt truyện	Phụ bản			Crownless - Lv. 60
lang_multi_text.db	InstanceDungeon_3803_DungeonDesc	3.4	Hội thoại/Cốt truyện	Phụ bản			Tempest Mephis I - Lv. 40
lang_multi_text.db	InstanceDungeon_3803_MapName	3.4	Hội thoại/Cốt truyện	Phụ bản			Tempest Mephis I - Lv. 40
lang_multi_text.db	InstanceDungeon_3804_DungeonDesc	3.4	Hội thoại/Cốt truyện	Phụ bản			Tempest Mephis I - Lv. 60
lang_multi_text.db	InstanceDungeon_3804_MapName	3.4	Hội thoại/Cốt truyện	Phụ bản			Tempest Mephis I - Lv. 60
lang_multi_text.db	InstanceDungeon_3805_DungeonDesc	3.4	Hội thoại/Cốt truyện	Phụ bản			Tempest Mephis II - Lv. 40
lang_multi_text.db	InstanceDungeon_3805_MapName	3.4	Hội thoại/Cốt truyện	Phụ bản			Tempest Mephis II - Lv. 40
lang_multi_text.db	InstanceDungeon_3806_DungeonDesc	3.4	Hội thoại/Cốt truyện	Phụ bản			Tempest Mephis II - Lv. 60
lang_multi_text.db	InstanceDungeon_3806_MapName	3.4	Hội thoại/Cốt truyện	Phụ bản			Tempest Mephis II - Lv. 60
lang_multi_text.db	InstanceDungeon_3807_DungeonDesc	3.4	Hội thoại/Cốt truyện	Phụ bản			Inferno Rider - Lv. 40
lang_multi_text.db	InstanceDungeon_3807_MapName	3.4	Hội thoại/Cốt truyện	Phụ bản			Inferno Rider - Lv. 40
lang_multi_text.db	InstanceDungeon_3808_DungeonDesc	3.4	Hội thoại/Cốt truyện	Phụ bản			Inferno Rider - Lv. 60
lang_multi_text.db	InstanceDungeon_3808_MapName	3.4	Hội thoại/Cốt truyện	Phụ bản			Inferno Rider - Lv. 60
lang_multi_text.db	InstanceDungeon_3809_DungeonDesc	3.4	Hội thoại/Cốt truyện	Phụ bản			Feilian Beringal - Lv. 40
lang_multi_text.db	InstanceDungeon_3809_MapName	3.4	Hội thoại/Cốt truyện	Phụ bản			Feilian Beringal - Lv. 40
lang_multi_text.db	InstanceDungeon_3810_DungeonDesc	3.4	Hội thoại/Cốt truyện	Phụ bản			Feilian Beringal - Lv. 60
lang_multi_text.db	InstanceDungeon_3810_MapName	3.4	Hội thoại/Cốt truyện	Phụ bản			Feilian Beringal - Lv. 60
lang_multi_text.db	InstanceDungeon_3811_DungeonDesc	3.4	Hội thoại/Cốt truyện	Phụ bản			Lampylumen Myriad - Lv. 40
lang_multi_text.db	InstanceDungeon_3811_MapName	3.4	Hội thoại/Cốt truyện	Phụ bản			Lampylumen Myriad - Lv. 40
lang_multi_text.db	InstanceDungeon_3812_DungeonDesc	3.4	Hội thoại/Cốt truyện	Phụ bản			Lampylumen Myriad - Lv. 60
lang_multi_text.db	InstanceDungeon_3812_MapName	3.4	Hội thoại/Cốt truyện	Phụ bản			Lampylumen Myriad - Lv. 60
lang_multi_text.db	InstanceDungeon_3813_DungeonDesc	3.4	Hội thoại/Cốt truyện	Phụ bản			Mourning Aix - Lv. 40
lang_multi_text.db	InstanceDungeon_3813_MapName	3.4	Hội thoại/Cốt truyện	Phụ bản			Mourning Aix - Lv. 40
lang_multi_text.db	InstanceDungeon_3814_DungeonDesc	3.4	Hội thoại/Cốt truyện	Phụ bản			Mourning Aix - Lv. 60
lang_multi_text.db	InstanceDungeon_3814_MapName	3.4	Hội thoại/Cốt truyện	Phụ bản			Mourning Aix - Lv. 60
lang_multi_text.db	InstanceDungeon_3815_DungeonDesc	3.4	Hội thoại/Cốt truyện	Phụ bản			Mech Abomination - Lv. 40
lang_multi_text.db	InstanceDungeon_3815_MapName	3.4	Hội thoại/Cốt truyện	Phụ bản			Mech Abomination - Lv. 40
lang_multi_text.db	InstanceDungeon_3816_DungeonDesc	3.4	Hội thoại/Cốt truyện	Phụ bản			Mech Abomination - Lv. 60
lang_multi_text.db	InstanceDungeon_3816_MapName	3.4	Hội thoại/Cốt truyện	Phụ bản			Mech Abomination - Lv. 60
lang_multi_text.db	InstanceDungeon_3817_DungeonDesc	3.4	Hội thoại/Cốt truyện	Phụ bản			Impermanence Heron - Lv. 40
lang_multi_text.db	InstanceDungeon_3817_MapName	3.4	Hội thoại/Cốt truyện	Phụ bản			Impermanence Heron - Lv. 40
lang_multi_text.db	InstanceDungeon_3818_DungeonDesc	3.4	Hội thoại/Cốt truyện	Phụ bản			Impermanence Heron - Lv. 60
lang_multi_text.db	InstanceDungeon_3818_MapName	3.4	Hội thoại/Cốt truyện	Phụ bản			Impermanence Heron - Lv. 60
lang_multi_text.db	InstanceDungeon_3819_DungeonDesc	3.4	Hội thoại/Cốt truyện	Phụ bản			Scar - Lv. 40
lang_multi_text.db	InstanceDungeon_3819_MapName	3.4	Hội thoại/Cốt truyện	Phụ bản			Scar - Lv. 40
lang_multi_text.db	InstanceDungeon_3820_DungeonDesc	3.4	Hội thoại/Cốt truyện	Phụ bản			Scar - Lv. 60
lang_multi_text.db	InstanceDungeon_3820_MapName	3.4	Hội thoại/Cốt truyện	Phụ bản			Scar - Lv. 60
lang_multi_text.db	InstanceDungeon_3821_DungeonDesc	3.4	Hội thoại/Cốt truyện	Phụ bản			Scar: Stage II - Lv. 40
lang_multi_text.db	InstanceDungeon_3821_MapName	3.4	Hội thoại/Cốt truyện	Phụ bản			Scar: Stage II - Lv. 40
lang_multi_text.db	InstanceDungeon_3822_DungeonDesc	3.4	Hội thoại/Cốt truyện	Phụ bản			Scar: Stage II - Lv. 60
lang_multi_text.db	InstanceDungeon_3822_MapName	3.4	Hội thoại/Cốt truyện	Phụ bản			Scar: Stage II - Lv. 60
lang_multi_text.db	InstanceDungeon_3823_DungeonDesc	3.4	Hội thoại/Cốt truyện	Phụ bản			Bell-Borne Geochelone - Lv. 40
lang_multi_text.db	InstanceDungeon_3823_MapName	3.4	Hội thoại/Cốt truyện	Phụ bản			Bell-Borne Geochelone - Lv. 40
lang_multi_text.db	InstanceDungeon_3824_DungeonDesc	3.4	Hội thoại/Cốt truyện	Phụ bản			Bell-Borne Geochelone - Lv. 60
lang_multi_text.db	InstanceDungeon_3824_MapName	3.4	Hội thoại/Cốt truyện	Phụ bản			Bell-Borne Geochelone - Lv. 60
lang_multi_text.db	InstanceDungeon_3825_DungeonDesc	3.4	Hội thoại/Cốt truyện	Phụ bản			Crownless - True - Lv. 40
lang_multi_text.db	InstanceDungeon_3825_MapName	3.4	Hội thoại/Cốt truyện	Phụ bản			Crownless - True - Lv. 40
lang_multi_text.db	InstanceDungeon_3826_DungeonDesc	3.4	Hội thoại/Cốt truyện	Phụ bản			Crownless - True - Lv. 60
lang_multi_text.db	InstanceDungeon_3826_MapName	3.4	Hội thoại/Cốt truyện	Phụ bản			Crownless - True - Lv. 60
lang_multi_text.db	InstanceDungeon_3827_MapName	3.4	Hội thoại/Cốt truyện	Phụ bản			Crownless - True - Lv. 60
lang_multi_text.db	InstanceDungeon_3828_MapName	3.4	Hội thoại/Cốt truyện	Phụ bản			Crownless - True - Lv. 60
lang_multi_text.db	InstanceDungeon_3900_MapName	3.4	Hội thoại/Cốt truyện	Phụ bản			Combat-高原 Test Map
lang_multi_text.db	InstanceDungeon_3901_MapName	3.4	Hội thoại/Cốt truyện	Phụ bản			Combat-关耀鹏 Test Map
lang_multi_text.db	InstanceDungeon_3902_MapName	3.4	Hội thoại/Cốt truyện	Phụ bản			Combat-胡青林 Test Map
lang_multi_text.db	InstanceDungeon_3903_MapName	3.4	Hội thoại/Cốt truyện	Phụ bản			Combat-金兆文 Test Map
lang_multi_text.db	InstanceDungeon_3904_MapName	3.4	Hội thoại/Cốt truyện	Phụ bản			Combat-李尚远 Test Map
lang_multi_text.db	InstanceDungeon_3905_MapName	3.4	Hội thoại/Cốt truyện	Phụ bản			Combat-李正辉 Test Map
lang_multi_text.db	InstanceDungeon_3906_MapName	3.4	Hội thoại/Cốt truyện	Phụ bản			Combat-苗家玮 Test Map
lang_multi_text.db	InstanceDungeon_3907_MapName	3.4	Hội thoại/Cốt truyện	Phụ bản			Combat-宁博 Test Map
lang_multi_text.db	InstanceDungeon_3908_MapName	3.4	Hội thoại/Cốt truyện	Phụ bản			Combat-宁志同 Test Map
lang_multi_text.db	InstanceDungeon_3909_MapName	3.4	Hội thoại/Cốt truyện	Phụ bản			Combat-帅雨阳 Test Map
lang_multi_text.db	InstanceDungeon_3910_MapName	3.4	Hội thoại/Cốt truyện	Phụ bản			战斗郭子康测试
lang_multi_text.db	InstanceDungeon_3911_MapName	3.4	Hội thoại/Cốt truyện	Phụ bản			战斗吴润东测试
lang_multi_text.db	InstanceDungeon_3912_MapName	3.4	Hội thoại/Cốt truyện	Phụ bản			战斗吴毅骏测试
lang_multi_text.db	InstanceDungeon_3913_MapName	3.4	Hội thoại/Cốt truyện	Phụ bản			test 战斗 Resources 测试
lang_multi_text.db	InstanceDungeon_3914_MapName	3.4	Hội thoại/Cốt truyện	Phụ bản			怪物组测试
lang_multi_text.db	InstanceDungeon_3915_MapName	3.4	Hội thoại/Cốt truyện	Phụ bản			战斗唐桥测试
lang_multi_text.db	InstanceDungeon_3916_MapName	3.4	Hội thoại/Cốt truyện	Phụ bản			战斗马成名测试
lang_multi_text.db	InstanceDungeon_3917_MapName	3.4	Hội thoại/Cốt truyện	Phụ bản			test 全怪物 Map
lang_multi_text.db	InstanceDungeon_39_MapName	3.4	Hội thoại/Cốt truyện	Phụ bản			An'ke Missions Resonance Record 测试
lang_multi_text.db	InstanceDungeon_3_MapName	3.4	Hội thoại/Cốt truyện	Phụ bản			test 测试 Map
lang_multi_text.db	InstanceDungeon_40000_DungeonDesc	3.4	Hội thoại/Cốt truyện	Phụ bản			When entering a Challenge, <color=#ffb04a>Concerto Energy</color> is restored to 100%
lang_multi_text.db	InstanceDungeon_40000_MapName	3.4	Hội thoại/Cốt truyện	Phụ bản			Siren's Boneyard - First Half
lang_multi_text.db	InstanceDungeon_40001_DungeonDesc	3.4	Hội thoại/Cốt truyện	Phụ bản			When entering a Challenge, <color=#ffb04a>Resonance Energy</color> is restored to 100%
lang_multi_text.db	InstanceDungeon_40001_MapName	3.4	Hội thoại/Cốt truyện	Phụ bản			Siren's Boneyard - Second Half
lang_multi_text.db	InstanceDungeon_40002_DungeonDesc	3.4	Hội thoại/Cốt truyện	Phụ bản			When entering a Challenge, <color=#ffb04a>Concerto Energy</color> is restored to 100%
lang_multi_text.db	InstanceDungeon_40002_MapName	3.4	Hội thoại/Cốt truyện	Phụ bản			Darkblight Ruins - First Half
lang_multi_text.db	InstanceDungeon_40003_DungeonDesc	3.4	Hội thoại/Cốt truyện	Phụ bản			When entering a Challenge, <color=#ffb04a>Resonance Energy</color> is restored to 100%
lang_multi_text.db	InstanceDungeon_40003_MapName	3.4	Hội thoại/Cốt truyện	Phụ bản			Darkblight Ruins - Second Half
lang_multi_text.db	InstanceDungeon_40004_DungeonDesc	3.4	Hội thoại/Cốt truyện	Phụ bản			When entering a Challenge, <color=#ffb04a>Concerto Energy</color> is restored to 100%
lang_multi_text.db	InstanceDungeon_40004_MapName	3.4	Hội thoại/Cốt truyện	Phụ bản			Mistbound Lair - First Half
lang_multi_text.db	InstanceDungeon_40005_DungeonDesc	3.4	Hội thoại/Cốt truyện	Phụ bản			When entering a Challenge, <color=#ffb04a>Resonance Energy</color> is restored to 100%
lang_multi_text.db	InstanceDungeon_40005_MapName	3.4	Hội thoại/Cốt truyện	Phụ bản			Mistbound Lair - Second Half
lang_multi_text.db	InstanceDungeon_40006_DungeonDesc	3.4	Hội thoại/Cốt truyện	Phụ bản			When entering a Challenge, <color=#ffb04a>Concerto Energy</color> is restored to 100%
lang_multi_text.db	InstanceDungeon_40006_MapName	3.4	Hội thoại/Cốt truyện	Phụ bản			Weeping Walkway - First Half
lang_multi_text.db	InstanceDungeon_40007_DungeonDesc	3.4	Hội thoại/Cốt truyện	Phụ bản			When entering a Challenge, <color=#ffb04a>Resonance Energy</color> is restored to 100%
lang_multi_text.db	InstanceDungeon_40007_MapName	3.4	Hội thoại/Cốt truyện	Phụ bản			Weeping Walkway - Second Half
lang_multi_text.db	InstanceDungeon_40008_DungeonDesc	3.4	Hội thoại/Cốt truyện	Phụ bản			When entering a Challenge, <color=#ffb04a>Concerto Energy</color> is restored to 100%
lang_multi_text.db	InstanceDungeon_40008_MapName	3.4	Hội thoại/Cốt truyện	Phụ bản			Starfall Expanse - First Half
lang_multi_text.db	InstanceDungeon_40009_DungeonDesc	3.4	Hội thoại/Cốt truyện	Phụ bản			When entering a Challenge, <color=#ffb04a>Resonance Energy</color> is restored to 100%
lang_multi_text.db	InstanceDungeon_40009_MapName	3.4	Hội thoại/Cốt truyện	Phụ bản			Starfall Expanse - Second Half
lang_multi_text.db	InstanceDungeon_4000_DungeonDesc	3.4	Hội thoại/Cốt truyện	Phụ bản			Combine various frequencies, ensemble of the melodies of battle.
lang_multi_text.db	InstanceDungeon_4000_MapName	3.4	Hội thoại/Cốt truyện	Phụ bản			Concerto Effect: Ensemble
lang_multi_text.db	InstanceDungeon_40010_DungeonDesc	3.4	Hội thoại/Cốt truyện	Phụ bản			When entering a Challenge, <color=#ffb04a>Concerto Energy</color> is restored to 100%
lang_multi_text.db	InstanceDungeon_40010_MapName	3.4	Hội thoại/Cốt truyện	Phụ bản			Burial Bay - First Half
lang_multi_text.db	InstanceDungeon_40011_DungeonDesc	3.4	Hội thoại/Cốt truyện	Phụ bản			When entering a Challenge, <color=#ffb04a>Resonance Energy</color> is restored to 100%
lang_multi_text.db	InstanceDungeon_40011_MapName	3.4	Hội thoại/Cốt truyện	Phụ bản			Burial Bay - Second Half
lang_multi_text.db	InstanceDungeon_40012_DungeonDesc	3.4	Hội thoại/Cốt truyện	Phụ bản			When entering a Challenge, <color=#ffb04a>Concerto Energy</color> is restored to 100%
lang_multi_text.db	InstanceDungeon_40012_MapName	3.4	Hội thoại/Cốt truyện	Phụ bản			Doomstrand - First Half
lang_multi_text.db	InstanceDungeon_40013_DungeonDesc	3.4	Hội thoại/Cốt truyện	Phụ bản			When entering a Challenge, <color=#ffb04a>Resonance Energy</color> is restored to 100%
lang_multi_text.db	InstanceDungeon_40013_MapName	3.4	Hội thoại/Cốt truyện	Phụ bản			Doomstrand - Second Half
lang_multi_text.db	InstanceDungeon_40014_DungeonDesc	3.4	Hội thoại/Cốt truyện	Phụ bản			When entering a Challenge, <color=#ffb04a>Concerto Energy</color> is restored to 100%
lang_multi_text.db	InstanceDungeon_40014_MapName	3.4	Hội thoại/Cốt truyện	Phụ bản			Whirlpool - First Half
lang_multi_text.db	InstanceDungeon_40015_DungeonDesc	3.4	Hội thoại/Cốt truyện	Phụ bản			When entering a Challenge, <color=#ffb04a>Resonance Energy</color> is restored to 100%
lang_multi_text.db	InstanceDungeon_40015_MapName	3.4	Hội thoại/Cốt truyện	Phụ bản			Whirlpool - Second Half
lang_multi_text.db	InstanceDungeon_40016_DungeonDesc	3.4	Hội thoại/Cốt truyện	Phụ bản			When entering a Challenge, <color=#ffb04a>Concerto Energy</color> is restored to 100%
lang_multi_text.db	InstanceDungeon_40016_MapName	3.4	Hội thoại/Cốt truyện	Phụ bản			Riptide - First Half
lang_multi_text.db	InstanceDungeon_40017_DungeonDesc	3.4	Hội thoại/Cốt truyện	Phụ bản			When entering a Challenge, <color=#ffb04a>Resonance Energy</color> is restored to 100%
lang_multi_text.db	InstanceDungeon_40017_MapName	3.4	Hội thoại/Cốt truyện	Phụ bản			Riptide - Second Half
lang_multi_text.db	InstanceDungeon_40018_DungeonDesc	3.4	Hội thoại/Cốt truyện	Phụ bản			When entering a Challenge, <color=#ffb04a>Concerto Energy</color> is restored to 100%
lang_multi_text.db	InstanceDungeon_40018_MapName	3.4	Hội thoại/Cốt truyện	Phụ bản			Tempest - First Half
lang_multi_text.db	InstanceDungeon_40019_DungeonDesc	3.4	Hội thoại/Cốt truyện	Phụ bản			When entering a Challenge, <color=#ffb04a>Resonance Energy</color> is restored to 100%
lang_multi_text.db	InstanceDungeon_40019_MapName	3.4	Hội thoại/Cốt truyện	Phụ bản			Tempest - Second Half
lang_multi_text.db	InstanceDungeon_4001_DungeonDesc	3.4	Hội thoại/Cốt truyện	Phụ bản			Combine various frequencies, ensemble of the melodies of battle.
lang_multi_text.db	InstanceDungeon_4001_MapName	3.4	Hội thoại/Cốt truyện	Phụ bản			Concerto Effect: Ensemble
lang_multi_text.db	InstanceDungeon_40020_DungeonDesc	3.4	Hội thoại/Cốt truyện	Phụ bản			When entering a Challenge, <color=#ffb04a>Concerto Energy</color> is restored to 100%
lang_multi_text.db	InstanceDungeon_40020_MapName	3.4	Hội thoại/Cốt truyện	Phụ bản			Seabane - First Half
lang_multi_text.db	InstanceDungeon_40021_DungeonDesc	3.4	Hội thoại/Cốt truyện	Phụ bản			When entering a Challenge, <color=#ffb04a>Resonance Energy</color> is restored to 100%
lang_multi_text.db	InstanceDungeon_40021_MapName	3.4	Hội thoại/Cốt truyện	Phụ bản			Seabane - Second Half
lang_multi_text.db	InstanceDungeon_40022_DungeonDesc	3.4	Hội thoại/Cốt truyện	Phụ bản			When entering a Challenge, <color=#ffb04a>Concerto Energy</color> is restored to 100%
lang_multi_text.db	InstanceDungeon_40023_DungeonDesc	3.4	Hội thoại/Cốt truyện	Phụ bản			When entering a Challenge, <color=#ffb04a>Resonance Energy</color> is restored to 100%
lang_multi_text.db	InstanceDungeon_40024_MapName	3.4	Hội thoại/Cốt truyện	Phụ bản			Infinite Torrents - First Half
lang_multi_text.db	InstanceDungeon_40025_MapName	3.4	Hội thoại/Cốt truyện	Phụ bản			Infinite Torrents - Second Half
lang_multi_text.db	InstanceDungeon_4002_DungeonDesc	3.4	Hội thoại/Cốt truyện	Phụ bản			The musicians played in perfect synchronization, their instruments blending together to create a powerful and moving melody.
lang_multi_text.db	InstanceDungeon_4002_MapName	3.4	Hội thoại/Cốt truyện	Phụ bản			Concerto Effect: Unison
lang_multi_text.db	InstanceDungeon_4003_DungeonDesc	3.4	Hội thoại/Cốt truyện	Phụ bản			Annihilation is not to disperse, but the creation of continuous melodies from the faintest notes.
lang_multi_text.db	InstanceDungeon_4003_MapName	3.4	Hội thoại/Cốt truyện	Phụ bản			Concerto Effect: Legato
lang_multi_text.db	InstanceDungeon_4004_DungeonDesc	3.4	Hội thoại/Cốt truyện	Phụ bản			Melodis of light will curb all sounds of discord.
lang_multi_text.db	InstanceDungeon_4004_MapName	3.4	Hội thoại/Cốt truyện	Phụ bản			Concerto Effect: Sustenance
lang_multi_text.db	InstanceDungeon_4005_DungeonDesc	3.4	Hội thoại/Cốt truyện	Phụ bản			The pure power bursting from two extreme conflictions.
lang_multi_text.db	InstanceDungeon_4006_MapName	3.4	Hội thoại/Cốt truyện	Phụ bản			Dodge
lang_multi_text.db	InstanceDungeon_4007_MapName	3.4	Hội thoại/Cốt truyện	Phụ bản			Counterattack
lang_multi_text.db	InstanceDungeon_4008_MapName	3.4	Hội thoại/Cốt truyện	Phụ bản			Outro Skill
lang_multi_text.db	InstanceDungeon_4021_DungeonDesc	3.4	Hội thoại/Cốt truyện	Phụ bản			As you stand on the earth of SOL-3, you are surrounded by tales and myths of its past, while its future stretches out beneath your feet. In this endless light, infinite possibilities await. If you choose to take part, you may discover the ultimate answer. But it is not a solution found from the outside; rather, it lies within the depths of the past, the boundless potential of the future, and your very own heart.
lang_multi_text.db	InstanceDungeon_4021_MapName	3.4	Hội thoại/Cốt truyện	Phụ bản			Phase Ascension: I
lang_multi_text.db	InstanceDungeon_4022_MapName	3.4	Hội thoại/Cốt truyện	Phụ bản			Phase Ascension: II
lang_multi_text.db	InstanceDungeon_4023_MapName	3.4	Hội thoại/Cốt truyện	Phụ bản			Phase Ascension: III
lang_multi_text.db	InstanceDungeon_4041_DungeonDesc	3.4	Hội thoại/Cốt truyện	Phụ bản			Pass the trial of this artificial Sonoro Sphere to obtain Character enhancement items.
lang_multi_text.db	InstanceDungeon_4041_MapName	3.4	Hội thoại/Cốt truyện	Phụ bản			Resonance Potion
lang_multi_text.db	InstanceDungeon_4041_MonsterTips	3.4	Hội thoại/Cốt truyện	Phụ bản			<color=Ice>Glacio DMG</color> Bonus increased by 40%.
lang_multi_text.db	InstanceDungeon_4042_DungeonDesc	3.4	Hội thoại/Cốt truyện	Phụ bản			Pass the trial of this artificial Sonoro Sphere to obtain Weapon enhancement items.
lang_multi_text.db	InstanceDungeon_4042_MapName	3.4	Hội thoại/Cốt truyện	Phụ bản			Energy Core
lang_multi_text.db	InstanceDungeon_4042_MonsterTips	3.4	Hội thoại/Cốt truyện	Phụ bản			<color=Fire>Fusion DMG</color> Bonus increased by 40%.
lang_multi_text.db	InstanceDungeon_4043_DungeonDesc	3.4	Hội thoại/Cốt truyện	Phụ bản			Pass the trial of this artificial Sonoro Sphere to obtain Echo enhancement items.
lang_multi_text.db	InstanceDungeon_4043_MapName	3.4	Hội thoại/Cốt truyện	Phụ bản			Sealed Tube
lang_multi_text.db	InstanceDungeon_4043_MonsterTips	3.4	Hội thoại/Cốt truyện	Phụ bản			<color=Wind>Aero DMG</color> Bonus increased by 40%.
lang_multi_text.db	InstanceDungeon_4044_DungeonDesc	3.4	Hội thoại/Cốt truyện	Phụ bản			Pass the trial of this artificial Sonoro Sphere to obtain indespensible resources.
lang_multi_text.db	InstanceDungeon_4044_MapName	3.4	Hội thoại/Cốt truyện	Phụ bản			Shell Credit
lang_multi_text.db	InstanceDungeon_4044_MonsterTips	3.4	Hội thoại/Cốt truyện	Phụ bản			<color=Thunder>Electro DMG</color> Bonus increased by 40%.
lang_multi_text.db	InstanceDungeon_4045_DungeonDesc	3.4	Hội thoại/Cốt truyện	Phụ bản			Pass this Sonoro Sphere's trial to obtain Resonator enhancement items.
lang_multi_text.db	InstanceDungeon_4045_MapName	3.4	Hội thoại/Cốt truyện	Phụ bản			Resonance Potion
lang_multi_text.db	InstanceDungeon_4045_MonsterTips	3.4	Hội thoại/Cốt truyện	Phụ bản			<color=Wind>Aero DMG</color> increased by 40%.
lang_multi_text.db	InstanceDungeon_4046_DungeonDesc	3.4	Hội thoại/Cốt truyện	Phụ bản			Pass this Sonoro Sphere's trial to obtain Weapon enhancement items.
lang_multi_text.db	InstanceDungeon_4046_MapName	3.4	Hội thoại/Cốt truyện	Phụ bản			Energy Core
lang_multi_text.db	InstanceDungeon_4046_MonsterTips	3.4	Hội thoại/Cốt truyện	Phụ bản			<color=Light>Spectro DMG</color> increased by 40%.
lang_multi_text.db	InstanceDungeon_4047_DungeonDesc	3.4	Hội thoại/Cốt truyện	Phụ bản			Pass this Sonoro Sphere's trial to obtain indispensable resources.
lang_multi_text.db	InstanceDungeon_4047_MapName	3.4	Hội thoại/Cốt truyện	Phụ bản			Shell Credit
lang_multi_text.db	InstanceDungeon_4047_MonsterTips	3.4	Hội thoại/Cốt truyện	Phụ bản			<color=Dark>Havoc DMG</color> increased by 40%.
lang_multi_text.db	InstanceDungeon_4048_DungeonDesc	3.4	Hội thoại/Cốt truyện	Phụ bản			Pass this Sonoro Sphere's trial to obtain Resonator enhancement items.
lang_multi_text.db	InstanceDungeon_4048_MapName	3.4	Hội thoại/Cốt truyện	Phụ bản			Resonance Potion
lang_multi_text.db	InstanceDungeon_4048_MonsterTips	3.4	Hội thoại/Cốt truyện	Phụ bản			Dealing Tune Break DMG increases Crit. DMG by 40% for all Resonators in the team for 10s.
lang_multi_text.db	InstanceDungeon_4049_DungeonDesc	3.4	Hội thoại/Cốt truyện	Phụ bản			Pass this Sonoro Sphere's trial to obtain Weapon enhancement items.
lang_multi_text.db	InstanceDungeon_4049_MapName	3.4	Hội thoại/Cốt truyện	Phụ bản			Energy Core
lang_multi_text.db	InstanceDungeon_4049_MonsterTips	3.4	Hội thoại/Cốt truyện	Phụ bản			Dealing Tune Break DMG increases ATK by 40% for all Resonators in the team for 10s.
lang_multi_text.db	InstanceDungeon_4050_DungeonDesc	3.4	Hội thoại/Cốt truyện	Phụ bản			Pass this Sonoro Sphere's trial to obtain indispensable resources.
lang_multi_text.db	InstanceDungeon_4050_MapName	3.4	Hội thoại/Cốt truyện	Phụ bản			Shell Credit
lang_multi_text.db	InstanceDungeon_4050_MonsterTips	3.4	Hội thoại/Cốt truyện	Phụ bản			Dealing Tune Break DMG increases All-Attribute DMG by 40% for all Resonators in the team for 10s.
lang_multi_text.db	InstanceDungeon_40_DungeonDesc	3.4	Hội thoại/Cốt truyện	Phụ bản			Jinzhou is home to one of Huanglong's unique database centers, managed by the Sentinel and controlled by the Jinzhou Magistrate. It uses time as an index and precisely records information related to the city's establishment, making it a comprehensive and objective resource. The class books of Jinzhou, stored in City Hall, hold important data collected since ancient times. This vast database holds answers to any question one may have about Huanglong's history.
lang_multi_text.db	InstanceDungeon_40_MapName	3.4	Hội thoại/Cốt truyện	Phụ bản			Grand Library
lang_multi_text.db	InstanceDungeon_41_MapName	3.4	Hội thoại/Cốt truyện	Phụ bản			POS测试副本
lang_multi_text.db	InstanceDungeon_42_MapName	3.4	Hội thoại/Cốt truyện	Phụ bản			TD-Action测试
lang_multi_text.db	InstanceDungeon_43_MapName	3.4	Hội thoại/Cốt truyện	Phụ bản			TD-Flow测试
lang_multi_text.db	InstanceDungeon_44_MapName	3.4	Hội thoại/Cốt truyện	Phụ bản			TD-组件测试
lang_multi_text.db	InstanceDungeon_45_MapName	3.4	Hội thoại/Cốt truyện	Phụ bản			TD-机关测试
lang_multi_text.db	InstanceDungeon_46_MapName	3.4	Hội thoại/Cốt truyện	Phụ bản			TD-副本测试
lang_multi_text.db	InstanceDungeon_47_MapName	3.4	Hội thoại/Cốt truyện	Phụ bản			test An'ke Missions 人形 Young girl 房间
lang_multi_text.db	InstanceDungeon_48_MapName	3.4	Hội thoại/Cốt truyện	Phụ bản			An'ke Missions Resonance Record 正式
lang_multi_text.db	InstanceDungeon_4901_MapName	3.4	Hội thoại/Cốt truyện	Phụ bản			test Yangyang 战斗CE
lang_multi_text.db	InstanceDungeon_4902_MapName	3.4	Hội thoại/Cốt truyện	Phụ bản			机械变种CE
lang_multi_text.db	InstanceDungeon_49_DungeonDesc	3.4	Hội thoại/Cốt truyện	Phụ bản			Jinzhou is home to one of Huanglong's unique database centers, managed by the Sentinel and controlled by the Jinzhou Magistrate. It uses time as an index and precisely records information related to the city's establishment, making it a comprehensive and objective resource. The class books of Jinzhou, stored in City Hall, hold important data collected since ancient times. This vast database holds answers to any question one may have about Huanglong's history.\n<color=HighlightB>Recommended Character Level: Level 40</color>
lang_multi_text.db	InstanceDungeon_49_MapName	3.4	Hội thoại/Cốt truyện	Phụ bản			Grand Library
lang_multi_text.db	InstanceDungeon_4_MapName	3.4	Hội thoại/Cốt truyện	Phụ bản			Tower of Adversity
lang_multi_text.db	InstanceDungeon_5001_DungeonDesc	3.4	Hội thoại/Cốt truyện	Phụ bản			Some may dismiss all as false, but the truly wise can discern truth even in deception. This concept extends to virtual training as well.
lang_multi_text.db	InstanceDungeon_5001_MapName	3.4	Hội thoại/Cốt truyện	Phụ bản			Training Projector - Yangyang
lang_multi_text.db	InstanceDungeon_5002_MapName	3.4	Hội thoại/Cốt truyện	Phụ bản			Training Projector - Chixia
lang_multi_text.db	InstanceDungeon_5003_MapName	3.4	Hội thoại/Cốt truyện	Phụ bản			Training Projector - Camellya
lang_multi_text.db	InstanceDungeon_5004_MapName	3.4	Hội thoại/Cốt truyện	Phụ bản			Training Projector - Rover (M)
lang_multi_text.db	InstanceDungeon_5005_MapName	3.4	Hội thoại/Cốt truyện	Phụ bản			Training Projector - Rover (F)
lang_multi_text.db	InstanceDungeon_5006_MapName	3.4	Hội thoại/Cốt truyện	Phụ bản			Training Projector - Taoqi
lang_multi_text.db	InstanceDungeon_5007_MapName	3.4	Hội thoại/Cốt truyện	Phụ bản			Training Projector - Verina
lang_multi_text.db	InstanceDungeon_5008_MapName	3.4	Hội thoại/Cốt truyện	Phụ bản			Training Projector - Sanhua
lang_multi_text.db	InstanceDungeon_5009_MapName	3.4	Hội thoại/Cốt truyện	Phụ bản			Training Projector - Baizhi
lang_multi_text.db	InstanceDungeon_5010_MapName	3.4	Hội thoại/Cốt truyện	Phụ bản			Training Projector - Encore
lang_multi_text.db	InstanceDungeon_5011_MapName	3.4	Hội thoại/Cốt truyện	Phụ bản			Training Projector - Danjin
lang_multi_text.db	InstanceDungeon_5012_MapName	3.4	Hội thoại/Cốt truyện	Phụ bản			Training Projector - Aalto
lang_multi_text.db	InstanceDungeon_5013_MapName	3.4	Hội thoại/Cốt truyện	Phụ bản			Training Projector - Jiyan
lang_multi_text.db	InstanceDungeon_5014_MapName	3.4	Hội thoại/Cốt truyện	Phụ bản			Training Projector - Mortefi
lang_multi_text.db	InstanceDungeon_5015_MapName	3.4	Hội thoại/Cốt truyện	Phụ bản			Training Projector - Calcharo
lang_multi_text.db	InstanceDungeon_5016_MapName	3.4	Hội thoại/Cốt truyện	Phụ bản			Training Projector - Yinlin
lang_multi_text.db	InstanceDungeon_5017_MapName	3.4	Hội thoại/Cốt truyện	Phụ bản			Training Projector - Yuanwu
lang_multi_text.db	InstanceDungeon_5018_MapName	3.4	Hội thoại/Cốt truyện	Phụ bản			Training Projector - Test
lang_multi_text.db	InstanceDungeon_53_MapName	3.4	Hội thoại/Cốt truyện	Phụ bản			TD-Levitator test
lang_multi_text.db	InstanceDungeon_5_MapName	3.4	Hội thoại/Cốt truyện	Phụ bản			爬塔第二层
lang_multi_text.db	InstanceDungeon_6001_DungeonDesc	3.4	Hội thoại/Cốt truyện	Phụ bản			In the form, there is inherent meaning, a harmonious unity. Within the graphics lies the truth of rules and dimensions.
lang_multi_text.db	InstanceDungeon_6001_MapName	3.4	Hội thoại/Cốt truyện	Phụ bản			Configurational Truth
lang_multi_text.db	InstanceDungeon_6002_DungeonDesc	3.4	Hội thoại/Cốt truyện	Phụ bản			Even if you are confined to a single dimension, the X-axis, you must continue moving forward in the correct direction.
lang_multi_text.db	InstanceDungeon_6002_MapName	3.4	Hội thoại/Cốt truyện	Phụ bản			Will of Flat Horizon
lang_multi_text.db	InstanceDungeon_6003_DungeonDesc	3.4	Hội thoại/Cốt truyện	Phụ bản			A prison built of power and fear can chain the mind—but it cannot silence the song that rises from the heart. Just as the barren desert cannot bury the spring of life, and the darkest night cannot smother the stars.
lang_multi_text.db	InstanceDungeon_6003_MapName	3.4	Hội thoại/Cốt truyện	Phụ bản			The Prisoned Song
lang_multi_text.db	InstanceDungeon_60_MapName	3.4	Hội thoại/Cốt truyện	Phụ bản			Ta测试
lang_multi_text.db	InstanceDungeon_61_MapName	3.4	Hội thoại/Cốt truyện	Phụ bản			test 副本通用
lang_multi_text.db	InstanceDungeon_64_DungeonDesc	3.4	Hội thoại/Cốt truyện	Phụ bản			That dazzling white light lingers in the window of the past, while unending agony casts its shadow behind the heavy door. Oh, caged bird, where will you find your freedom?
lang_multi_text.db	InstanceDungeon_64_MapName	3.4	Hội thoại/Cốt truyện	Phụ bản			Corridor of Agony
lang_multi_text.db	InstanceDungeon_65_DungeonDesc	3.4	Hội thoại/Cốt truyện	Phụ bản			A delicate rose, a symbol of love and beauty. Do you recall those blissful summers that seemed to stretch on forever in your mind?
lang_multi_text.db	InstanceDungeon_65_MapName	3.4	Hội thoại/Cốt truyện	Phụ bản			Summer Violets - 3
lang_multi_text.db	InstanceDungeon_66_DungeonDesc	3.4	Hội thoại/Cốt truyện	Phụ bản			A delicate rose, a symbol of love and beauty. Do you recall those blissful summers that seemed to stretch on forever in your mind?
lang_multi_text.db	InstanceDungeon_66_MapName	3.4	Hội thoại/Cốt truyện	Phụ bản			Summer Violets - 4
lang_multi_text.db	InstanceDungeon_68_DungeonDesc	3.4	Hội thoại/Cốt truyện	Phụ bản			One of the large database centers unique to Huanglong, managed by the Sentinels and local Magistrates. It uses time as an index and precisely records information related to the city's establishment, making it a comprehensive and objective resource. The class books of Jinzhou, stored in City Hall, hold important data collected since ancient times. This vast database holds answers to any question one may have about Huanglong's history.
lang_multi_text.db	InstanceDungeon_68_MapName	3.4	Hội thoại/Cốt truyện	Phụ bản			Grand Library
lang_multi_text.db	InstanceDungeon_71_MapName	3.4	Hội thoại/Cốt truyện	Phụ bản			场景切换预研-爬塔单场景
lang_multi_text.db	InstanceDungeon_72_MapName	3.4	Hội thoại/Cốt truyện	Phụ bản			场景切换预研-爬塔4场景切换
lang_multi_text.db	InstanceDungeon_73_MapName	3.4	Hội thoại/Cốt truyện	Phụ bản			场景切换预研-多场景切换
lang_multi_text.db	InstanceDungeon_77_MapName	3.4	Hội thoại/Cốt truyện	Phụ bản			test 副本 Function 展示
lang_multi_text.db	InstanceDungeon_78_MapName	3.4	Hội thoại/Cốt truyện	Phụ bản			副本测试-上下半场
lang_multi_text.db	InstanceDungeon_79_MapName	3.4	Hội thoại/Cốt truyện	Phụ bản			副本测试-守护玩法
lang_multi_text.db	InstanceDungeon_8001_DungeonDesc	3.4	Hội thoại/Cốt truyện	Phụ bản			A mysterious gateway emerges in the Whining Aix's Mire, providing access to a realm known as Somnoire. Legend has it that it hosts the dreams of all beings in Solaris.
lang_multi_text.db	InstanceDungeon_8001_MapName	3.4	Hội thoại/Cốt truyện	Phụ bản			rogue-Demo
lang_multi_text.db	InstanceDungeon_8002_DungeonDesc	3.4	Hội thoại/Cốt truyện	Phụ bản			A mysterious gateway emerges in the Whining Aix's Mire, providing access to a realm known as Somnoire. Legend has it that it hosts the dreams of all beings in Solaris.
lang_multi_text.db	InstanceDungeon_8002_MapName	3.4	Hội thoại/Cốt truyện	Phụ bản			Depths of Illusive Realm I
lang_multi_text.db	InstanceDungeon_8003_DungeonDesc	3.4	Hội thoại/Cốt truyện	Phụ bản			A mysterious gateway emerges in the Whining Aix's Mire, providing access to a realm known as Somnoire. Legend has it that it hosts the dreams of all beings in Solaris.
lang_multi_text.db	InstanceDungeon_8003_MapName	3.4	Hội thoại/Cốt truyện	Phụ bản			Depths of Illusive Realm II
lang_multi_text.db	InstanceDungeon_8004_DungeonDesc	3.4	Hội thoại/Cốt truyện	Phụ bản			A mysterious gateway emerges in the Whining Aix's Mire, providing access to a realm known as Somnoire. Legend has it that it hosts the dreams of all beings in Solaris.
lang_multi_text.db	InstanceDungeon_8004_MapName	3.4	Hội thoại/Cốt truyện	Phụ bản			Depths of Illusive Realm III
lang_multi_text.db	InstanceDungeon_8005_DungeonDesc	3.4	Hội thoại/Cốt truyện	Phụ bản			A mysterious gateway emerges in the Whining Aix's Mire, providing access to a realm known as Somnoire. Legend has it that it hosts the dreams of all beings in Solaris.
lang_multi_text.db	InstanceDungeon_8005_MapName	3.4	Hội thoại/Cốt truyện	Phụ bản			Depths of Illusive Realm IV
lang_multi_text.db	InstanceDungeon_8006_DungeonDesc	3.4	Hội thoại/Cốt truyện	Phụ bản			A mysterious gateway emerges in the Whining Aix's Mire, providing access to a realm known as Somnoire. Legend has it that it hosts the dreams of all beings in Solaris.
lang_multi_text.db	InstanceDungeon_8006_MapName	3.4	Hội thoại/Cốt truyện	Phụ bản			Depths of Illusive Realm V
lang_multi_text.db	InstanceDungeon_8007_DungeonDesc	3.4	Hội thoại/Cốt truyện	Phụ bản			Dark flames dance in the Somnoire. This time, near the edge of dreams, you glimpse a familiar figure… At least here in your dreams, his ambition to engulf the world in flames shall forever burn.
lang_multi_text.db	InstanceDungeon_8007_MapName	3.4	Hội thoại/Cốt truyện	Phụ bản			Dreams Ablaze in Darkness I
lang_multi_text.db	InstanceDungeon_8008_DungeonDesc	3.4	Hội thoại/Cốt truyện	Phụ bản			Dark flames dance in the Somnoire. This time, near the edge of dreams, you glimpse a familiar figure… At least here in your dreams, his ambition to engulf the world in flames shall forever burn.
lang_multi_text.db	InstanceDungeon_8008_MapName	3.4	Hội thoại/Cốt truyện	Phụ bản			Dreams Ablaze in Darkness II
lang_multi_text.db	InstanceDungeon_8009_DungeonDesc	3.4	Hội thoại/Cốt truyện	Phụ bản			Dark flames dance in the Somnoire. This time, near the edge of dreams, you glimpse a familiar figure… At least here in your dreams, his ambition to engulf the world in flames shall forever burn.
lang_multi_text.db	InstanceDungeon_8009_MapName	3.4	Hội thoại/Cốt truyện	Phụ bản			Dreams Ablaze in Darkness III
lang_multi_text.db	InstanceDungeon_8010_DungeonDesc	3.4	Hội thoại/Cốt truyện	Phụ bản			Dark flames dance in the Somnoire. This time, near the edge of dreams, you glimpse a familiar figure… At least here in your dreams, his ambition to engulf the world in flames shall forever burn.
lang_multi_text.db	InstanceDungeon_8010_MapName	3.4	Hội thoại/Cốt truyện	Phụ bản			Dreams Ablaze in Darkness IV
lang_multi_text.db	InstanceDungeon_8011_DungeonDesc	3.4	Hội thoại/Cốt truyện	Phụ bản			Dark flames dance in the Somnoire. This time, near the edge of dreams, you glimpse a familiar figure… At least here in your dreams, his ambition to engulf the world in flames shall forever burn.
lang_multi_text.db	InstanceDungeon_8011_MapName	3.4	Hội thoại/Cốt truyện	Phụ bản			Dreams Ablaze in Darkness V
lang_multi_text.db	InstanceDungeon_8012_DungeonDesc	3.4	Hội thoại/Cốt truyện	Phụ bản			Descend into the depth of Somnoire, the depth of dreams. Here, chaos and noises reign. You watch the fabric of the whole place crumble before you. To the deeper dream, you go, and a faint whisper caresses your ear... In the realms of dreams, only the dream itself holds the answers we seek.
lang_multi_text.db	InstanceDungeon_8012_MapName	3.4	Hội thoại/Cốt truyện	Phụ bản			Carnival in Slumberland I
lang_multi_text.db	InstanceDungeon_8013_DungeonDesc	3.4	Hội thoại/Cốt truyện	Phụ bản			Descend into the depth of Somnoire, the depth of dreams. Here, chaos and noises reign. You watch the fabric of the whole place crumble before you. To the deeper dream, you go, and a faint whisper caresses your ear... In the realms of dreams, only the dream itself holds the answers we seek.
lang_multi_text.db	InstanceDungeon_8013_MapName	3.4	Hội thoại/Cốt truyện	Phụ bản			Carnival in Slumberland II
lang_multi_text.db	InstanceDungeon_8014_DungeonDesc	3.4	Hội thoại/Cốt truyện	Phụ bản			Descend into the depth of Somnoire, the depth of dreams. Here, chaos and noises reign. You watch the fabric of the whole place crumble before you. To the deeper dream, you go, and a faint whisper caresses your ear... In the realms of dreams, only the dream itself holds the answers we seek.
lang_multi_text.db	InstanceDungeon_8014_MapName	3.4	Hội thoại/Cốt truyện	Phụ bản			Carnival in Slumberland III
lang_multi_text.db	InstanceDungeon_8015_DungeonDesc	3.4	Hội thoại/Cốt truyện	Phụ bản			Descend into the depth of Somnoire, the depth of dreams. Here, chaos and noises reign. You watch the fabric of the whole place crumble before you. To the deeper dream, you go, and a faint whisper caresses your ear... In the realms of dreams, only the dream itself holds the answers we seek.
lang_multi_text.db	InstanceDungeon_8015_MapName	3.4	Hội thoại/Cốt truyện	Phụ bản			Carnival in Slumberland IV
lang_multi_text.db	InstanceDungeon_8016_DungeonDesc	3.4	Hội thoại/Cốt truyện	Phụ bản			Descend into the depth of Somnoire, the depth of dreams. Here, chaos and noises reign. You watch the fabric of the whole place crumble before you. To the deeper dream, you go, and a faint whisper caresses your ear... In the realms of dreams, only the dream itself holds the answers we seek.
lang_multi_text.db	InstanceDungeon_8016_MapName	3.4	Hội thoại/Cốt truyện	Phụ bản			Carnival in Slumberland V
lang_multi_text.db	InstanceDungeon_8017_DungeonDesc	3.4	Hội thoại/Cốt truyện	Phụ bản			You sink into the realm of slumber, where dreams intertwine and chaos reigns. Directions become meaningless here. Your only guide to the right path is the faint whisper you once heard... Only the dream itself holds the answer we seek.
lang_multi_text.db	InstanceDungeon_8017_MapName	3.4	Hội thoại/Cốt truyện	Phụ bản			Carnival in Slumberland VI: Chaos
lang_multi_text.db	InstanceDungeon_8017_MonsterTips	3.4	Hội thoại/Cốt truyện	Phụ bản			Sarcasm of Chaos:\nAll enemies gain a stack of <color=highlight>Sarcasm</color> every 15s in battle. This effect can stack up to 10 times, with each stack increasing ATK by 20%.
lang_multi_text.db	InstanceDungeon_8018_DungeonDesc	3.4	Hội thoại/Cốt truyện	Phụ bản			A dreamscape... with sights familiar yet strange. Shadows of past times lurk within its depths, growing stronger through the dreams they feed on. Can you still find your way when the line separating dream and reality shatters at your every step? In the realms of dreams, only the dream itself holds the answers we seek.
lang_multi_text.db	InstanceDungeon_8018_MapName	3.4	Hội thoại/Cốt truyện	Phụ bản			Phantasm Amass I
lang_multi_text.db	InstanceDungeon_8019_DungeonDesc	3.4	Hội thoại/Cốt truyện	Phụ bản			A dreamscape... with sights familiar yet strange. Shadows of past times lurk within its depths, growing stronger through the dreams they feed on. Can you still find your way when the line separating dream and reality shatters at your every step? In the realms of dreams, only the dream itself holds the answers we seek.
lang_multi_text.db	InstanceDungeon_8019_MapName	3.4	Hội thoại/Cốt truyện	Phụ bản			Phantasm Amass II
lang_multi_text.db	InstanceDungeon_8020_DungeonDesc	3.4	Hội thoại/Cốt truyện	Phụ bản			A dreamscape... with sights familiar yet strange. Shadows of past times lurk within its depths, growing stronger through the dreams they feed on. Can you still find your way when the line separating dream and reality shatters at your every step? In the realms of dreams, only the dream itself holds the answers we seek.
lang_multi_text.db	InstanceDungeon_8020_MapName	3.4	Hội thoại/Cốt truyện	Phụ bản			Phantasm Amass III
lang_multi_text.db	InstanceDungeon_8021_DungeonDesc	3.4	Hội thoại/Cốt truyện	Phụ bản			Obsessions cling stubbornly, and memories refuse to fade... repeating themselves with their twisted ways. You have your companions at your side, yet what lies ahead is a desperate journey home…
lang_multi_text.db	InstanceDungeon_8021_MapName	3.4	Hội thoại/Cốt truyện	Phụ bản			Phantasm Amass IV: Dream of Desperation
lang_multi_text.db	InstanceDungeon_8022_DungeonDesc	3.4	Hội thoại/Cốt truyện	Phụ bản			As the obsessions fade from the mind, the chaotic dreams shatter into pieces. Yet the whispers of separation channel into a resounding chorus. Under the bright moon, witness this final journey.
lang_multi_text.db	InstanceDungeon_8022_MapName	3.4	Hội thoại/Cốt truyện	Phụ bản			Phantasm Amass V: Dream of Confusion
lang_multi_text.db	InstanceDungeon_8023_DungeonDesc	3.4	Hội thoại/Cốt truyện	Phụ bản			The storm is far from over, as the fragmented space is full of shattered illusions. The collapsed balance awaits recovery, but no matter how long the night may last, you will meet again under daylight's embrace.
lang_multi_text.db	InstanceDungeon_8023_MapName	3.4	Hội thoại/Cốt truyện	Phụ bản			Phantasm Amass VI: Dream of Resolution
lang_multi_text.db	InstanceDungeon_8024_DungeonDesc	3.4	Hội thoại/Cốt truyện	Phụ bản			Duration: 30 minutes\n \nProduced by: SOL-3 Picture Studios\n \nSynopsis: A young girl, dreaming of heroism, unexpectedly gains the power to transform. Will her childhood wish finally come true?
lang_multi_text.db	InstanceDungeon_8024_MapName	3.4	Hội thoại/Cốt truyện	Phụ bản			Transforming Hero: Flame Ranger
lang_multi_text.db	InstanceDungeon_8025_DungeonDesc	3.4	Hội thoại/Cốt truyện	Phụ bản			Duration: 60 minutes\n \nProduced by: Dream Pictures\n \nSynopsis: Beyond the war-torn Frontier, the Immortal Peak reopens after its sixteen-year cycle. Factions from all corners gather, eager to claim its legendary treasure.
lang_multi_text.db	InstanceDungeon_8025_MapName	3.4	Hội thoại/Cốt truyện	Phụ bản			Mt. Firmament Inn
lang_multi_text.db	InstanceDungeon_8026_DungeonDesc	3.4	Hội thoại/Cốt truyện	Phụ bản			Duration: 60 minutes\n \nProduced by: Sentry Bros.\n \nSynopsis: A criminal challenges a system that judges all wrongdoing: if a criminal is arrested before committing a crime, does the concept of crime still have meaning?
lang_multi_text.db	InstanceDungeon_8026_MapName	3.4	Hội thoại/Cốt truyện	Phụ bản			Psyche Pass: The Outlier
lang_multi_text.db	InstanceDungeon_8027_DungeonDesc	3.4	Hội thoại/Cốt truyện	Phụ bản			Duration: 60 minutes\n\nProduced by: 18th Epoch Studios\n\nSynopsis: After years of absence, the former bank chief returns to Ragunna intending to settle an old debt.
lang_multi_text.db	InstanceDungeon_8027_MapName	3.4	Hội thoại/Cốt truyện	Phụ bản			Ragunna's Visitor
lang_multi_text.db	InstanceDungeon_8028_DungeonDesc	3.4	Hội thoại/Cốt truyện	Phụ bản			Duration: 60 minutes\n \nProduced by: Somnoire Box Office\n \nSynopsis: What was meant to be the grand finale of the Film Festival becomes an "isolated island" after a sudden accident. As the perpetrator announces their crime, a carefully orchestrated tragedy begins to unravel...
lang_multi_text.db	InstanceDungeon_8028_MapName	3.4	Hội thoại/Cốt truyện	Phụ bản			The Cinema House Murders
lang_multi_text.db	InstanceDungeon_8039_DungeonDesc	3.4	Hội thoại/Cốt truyện	Phụ bản			Deep within this web of dreams, where will you find the weaver's thread?
lang_multi_text.db	InstanceDungeon_8039_MapName	3.4	Hội thoại/Cốt truyện	Phụ bản			Chromatic Fantasy: Origin
lang_multi_text.db	InstanceDungeon_8040_DungeonDesc	3.4	Hội thoại/Cốt truyện	Phụ bản			Deep within this web of dreams, where will you find the weaver's thread?
lang_multi_text.db	InstanceDungeon_8040_MapName	3.4	Hội thoại/Cốt truyện	Phụ bản			Chromatic Fantasy I
lang_multi_text.db	InstanceDungeon_8041_DungeonDesc	3.4	Hội thoại/Cốt truyện	Phụ bản			Deep within this web of dreams, where will you find the weaver's thread?
lang_multi_text.db	InstanceDungeon_8041_MapName	3.4	Hội thoại/Cốt truyện	Phụ bản			Chromatic Fantasy II
lang_multi_text.db	InstanceDungeon_8042_DungeonDesc	3.4	Hội thoại/Cốt truyện	Phụ bản			Deep within this web of dreams, where will you find the weaver's thread?
lang_multi_text.db	InstanceDungeon_8042_MapName	3.4	Hội thoại/Cốt truyện	Phụ bản			Chromatic Fantasy III
lang_multi_text.db	InstanceDungeon_8043_DungeonDesc	3.4	Hội thoại/Cốt truyện	Phụ bản			Deep within this web of dreams, where will you find the weaver's thread?
lang_multi_text.db	InstanceDungeon_8043_MapName	3.4	Hội thoại/Cốt truyện	Phụ bản			Chromatic Fantasy IV
lang_multi_text.db	InstanceDungeon_8046_DungeonDesc	3.4	Hội thoại/Cốt truyện	Phụ bản			O Dreamchasers, knock upon the mysterious gate and ascend to the realm in your dreams.
lang_multi_text.db	InstanceDungeon_8046_MapName	3.4	Hội thoại/Cốt truyện	Phụ bản			Dream Abode in Fissure
lang_multi_text.db	InstanceDungeon_8047_DungeonDesc	3.4	Hội thoại/Cốt truyện	Phụ bản			O Dreamchasers, knock upon the mysterious gate and ascend to the realm in your dreams.
lang_multi_text.db	InstanceDungeon_8047_MapName	3.4	Hội thoại/Cốt truyện	Phụ bản			Dreamchaser I
lang_multi_text.db	InstanceDungeon_8048_DungeonDesc	3.4	Hội thoại/Cốt truyện	Phụ bản			O Dreamchasers, knock upon the mysterious gate and ascend to the realm in your dreams.
lang_multi_text.db	InstanceDungeon_8048_MapName	3.4	Hội thoại/Cốt truyện	Phụ bản			Dreamchaser II
lang_multi_text.db	InstanceDungeon_8049_DungeonDesc	3.4	Hội thoại/Cốt truyện	Phụ bản			O Dreamchasers, knock upon the mysterious gate and ascend to the realm in your dreams.\nIn this stage, you can save "Dream Tracker."
lang_multi_text.db	InstanceDungeon_8049_MapName	3.4	Hội thoại/Cốt truyện	Phụ bản			Dreamchaser III
lang_multi_text.db	InstanceDungeon_80_MapName	3.4	Hội thoại/Cốt truyện	Phụ bản			副本测试-波次刷怪
lang_multi_text.db	InstanceDungeon_8100_MapName	3.4	Hội thoại/Cốt truyện	Phụ bản			Depths of Illusive Realm
lang_multi_text.db	InstanceDungeon_8101_MapName	3.4	Hội thoại/Cốt truyện	Phụ bản			JiyanCharacter trial copy
lang_multi_text.db	InstanceDungeon_8102_MapName	3.4	Hội thoại/Cốt truyện	Phụ bản			Barr Character Trial Copy
lang_multi_text.db	InstanceDungeon_8103_MapName	3.4	Hội thoại/Cốt truyện	Phụ bản			DanjinCharacter trial copy
lang_multi_text.db	InstanceDungeon_8104_MapName	3.4	Hội thoại/Cốt truyện	Phụ bản			ChixiaCharacter trial copy
lang_multi_text.db	InstanceDungeon_8105_MapName	3.4	Hội thoại/Cốt truyện	Phụ bản			YinlinCharacter trial copy
lang_multi_text.db	InstanceDungeon_8106_MapName	3.4	Hội thoại/Cốt truyện	Phụ bản			TaoqiCharacter trial copy
lang_multi_text.db	InstanceDungeon_8107_MapName	3.4	Hội thoại/Cốt truyện	Phụ bản			AaltoCharacter trial copy
lang_multi_text.db	InstanceDungeon_8108_MapName	3.4	Hội thoại/Cốt truyện	Phụ bản			YuanwuCharacter trial copy
lang_multi_text.db	InstanceDungeon_8151_DungeonDesc	3.4	Hội thoại/Cốt truyện	Phụ bản			An enigmatic rift suddenly appears in the depth of the mine. In this special Sonoro Sphere, the alloys forged by Shilang offer unexpected aid to you.
lang_multi_text.db	InstanceDungeon_8151_MapName	3.4	Hội thoại/Cốt truyện	Phụ bản			Breath Rift
lang_multi_text.db	InstanceDungeon_8151_MonsterTips	3.4	Hội thoại/Cốt truyện	Phụ bản			Breath Alloy:\nConcerto Energy of <color=Wind>Aero</color> and <color=Light>Spectro</color> Resonators is automatically restored\nWhen <color=Wind>Aero</color> Resonators cast Intro Skills, a whirlwind will be summoned.\nWhen <color=Light>Spectro</color> Resonators cast Intro Skills, deal <color=Light>Spectro DMG</color> to and mark the enemies within a certain range. An explosion will be triggered when the marked enemies take damage, dealing additional damage.
lang_multi_text.db	InstanceDungeon_8152_DungeonDesc	3.4	Hội thoại/Cốt truyện	Phụ bản			An enigmatic rift suddenly appears in the depth of the mine. In this special Sonoro Sphere, the alloys forged by Shilang offer unexpected aid to you.
lang_multi_text.db	InstanceDungeon_8152_MapName	3.4	Hội thoại/Cốt truyện	Phụ bản			Freezing Rift
lang_multi_text.db	InstanceDungeon_8152_MonsterTips	3.4	Hội thoại/Cốt truyện	Phụ bản			Freezing Alloy:\nConcerto Energy of <color=Ice>Glacio</color> and <color=Dark>Havoc</color> Resonators is automatically restored.\nWhen <color=Ice>Glacio</color> Resonators release Intro Skill, freeze and mark all enemies within an area. When the marked enemies take damage, deals additional <color=Ice>Glacio DMG</color>.\nWhen <color=Dark>Havoc</color> Resonators release Intro Skill, explosions will be triggered 6 times around them, dealing <color=Dark>Havoc DMG</color>.
lang_multi_text.db	InstanceDungeon_8153_DungeonDesc	3.4	Hội thoại/Cốt truyện	Phụ bản			An enigmatic rift suddenly appears in the depth of the mine. In this special Sonoro Sphere, the alloys forged by Shilang offer unexpected aid to you.
lang_multi_text.db	InstanceDungeon_8153_MapName	3.4	Hội thoại/Cốt truyện	Phụ bản			Scorching Rift
lang_multi_text.db	InstanceDungeon_8153_MonsterTips	3.4	Hội thoại/Cốt truyện	Phụ bản			Scorching Alloy:\nConcerto Energy of <color=Fire>Fusion</color> and <color=Thunder>Electro</color> Resonators is automatically restored.\nWhen <color=Fire>Fusion</color> Resonators cast Intro Skills, a lava pillar will be raised at the enemy's feet, dealing <color=Fire>Fusion DMG</color>.\nWhen <color=Thunder>Electro</color> Resonators cast Intro Skill, 3 lightning bolts will be summoned around them, dealing <color=Thunder>Electro DMG</color>.
lang_multi_text.db	InstanceDungeon_8154_DungeonDesc	3.4	Hội thoại/Cốt truyện	Phụ bản			An enigmatic rift suddenly appears in the depth of the mine. In this special Sonoro Sphere, the alloys forged by Shilang offer unexpected aid to you.
lang_multi_text.db	InstanceDungeon_8154_MapName	3.4	Hội thoại/Cốt truyện	Phụ bản			Rapido Rift
lang_multi_text.db	InstanceDungeon_8154_MonsterTips	3.4	Hội thoại/Cốt truyện	Phụ bản			Rapido Alloy:\nResonators' <color=highlight>Concert Energy</color> regeneration rate is increased. After Resonators cast Intro Skills, <color=highlight>Resonance Energy</color> will be fully restored and <color=highlight>Resonance Liberation DMG</color> will be increased by 225%.
lang_multi_text.db	InstanceDungeon_8155_DungeonDesc	3.4	Hội thoại/Cốt truyện	Phụ bản			An enigmatic rift suddenly appears in the depth of the mine. In this special Sonoro Sphere, the alloys forged by Shilang offer unexpected aid to you.
lang_multi_text.db	InstanceDungeon_8155_MapName	3.4	Hội thoại/Cốt truyện	Phụ bản			Striking Rift
lang_multi_text.db	InstanceDungeon_8155_MonsterTips	3.4	Hội thoại/Cốt truyện	Phụ bản			Striking Alloy:\nResonators' <color=highlight>Concerto Energy</color> regeneration rate is increased. After Resonators cast <color=highlight>Intro Skills</color>, their <color=highlight>Crit. Rate</color> is increased by 100% and <color=highlight>Crit. DMG</color> is increased by 30%. The effect of Crit. DMG boost can stack up to 15 times.
lang_multi_text.db	InstanceDungeon_8156_DungeonDesc	3.4	Hội thoại/Cốt truyện	Phụ bản			An enigmatic rift suddenly appears in the depth of the mine. In this special Sonoro Sphere, the alloys forged by Shilang offer unexpected aid to you.
lang_multi_text.db	InstanceDungeon_8156_MapName	3.4	Hội thoại/Cốt truyện	Phụ bản			Intimidating Rift
lang_multi_text.db	InstanceDungeon_8156_MonsterTips	3.4	Hội thoại/Cốt truyện	Phụ bản			Intimidating Alloy:\n<color=highlight>Echo Skill DMG</color> is increased by 20% every time <color=highlight>Echo Skill</color> is cast. This effect can stack up to 15 times. The CD of <color=highlight>Echo Skills</color> cast within 8s after a <color=highlight>Resonance Liberation</color> is reduced by 100%.
lang_multi_text.db	InstanceDungeon_8157_DungeonDesc	3.4	Hội thoại/Cốt truyện	Phụ bản			An enigmatic rift suddenly appears in the depth of the mine. In this special Sonoro Sphere, the alloys forged by Shilang offer unexpected aid to you.
lang_multi_text.db	InstanceDungeon_8157_MapName	3.4	Hội thoại/Cốt truyện	Phụ bản			Deafening Rift
lang_multi_text.db	InstanceDungeon_8157_MonsterTips	3.4	Hội thoại/Cốt truyện	Phụ bản			Deafening Alloy:\n<color=highlight>Echo Skill DMG</color> and <color=highlight>Heavy Attack DMG</color> are increased by 20% when <color=highlight>Echo Skill</color> is cast. This effect stacks up to 15 times. <color=highlight>Echo Skill</color> CD is reduced by 50% after Resonators perform <color=highlight>Heavy Attacks</color>.
lang_multi_text.db	InstanceDungeon_8158_DungeonDesc	3.4	Hội thoại/Cốt truyện	Phụ bản			An enigmatic rift suddenly appears in the depth of the mine. In this special Sonoro Sphere, the alloys forged by Shilang offer unexpected aid to you.
lang_multi_text.db	InstanceDungeon_8158_MapName	3.4	Hội thoại/Cốt truyện	Phụ bản			Furious Rift
lang_multi_text.db	InstanceDungeon_8158_MonsterTips	3.4	Hội thoại/Cốt truyện	Phụ bản			Furious Alloy:\nEcho Skill CD is reduced by 50%. The <color=highlight>Crit. Rate</color> and <color=highlight>Crit. DMG</color> of <color=highlight>Resonance Skill</color>, <color=highlight>Basic Attack</color> and <color=highlight>Heavy Attack</color> are increased by 100% and 30% respectively after Resonators cast an <color=highlight>Echo Skill</color>. The effect of Crit. DMG boost can stack up to 15 times.
lang_multi_text.db	InstanceDungeon_8159_DungeonDesc	3.4	Hội thoại/Cốt truyện	Phụ bản			An enigmatic rift suddenly appears in the depth of the mine. In this special Sonoro Sphere, the alloys forged by Shilang offer unexpected aid to you.
lang_multi_text.db	InstanceDungeon_8159_MapName	3.4	Hội thoại/Cốt truyện	Phụ bản			Ethereal Rift
lang_multi_text.db	InstanceDungeon_8159_MonsterTips	3.4	Hội thoại/Cốt truyện	Phụ bản			Ethereal Alloy:\nEcho Skill CD is reduced by 50%. After Resonators release <color=highlight>Echo Skills</color>, a wind field will be generated to continuously pull in enemies. When the wind field disperses, <color=Wind>Aero DMG</color> will be dealt 1 time.
lang_multi_text.db	InstanceDungeon_8160_DungeonDesc	3.4	Hội thoại/Cốt truyện	Phụ bản			An enigmatic rift suddenly appears in the depth of the mine. In this special Sonoro Sphere, the alloys forged by Shilang offer unexpected aid to you.
lang_multi_text.db	InstanceDungeon_8160_MapName	3.4	Hội thoại/Cốt truyện	Phụ bản			Everlasting Rift
lang_multi_text.db	InstanceDungeon_8160_MonsterTips	3.4	Hội thoại/Cốt truyện	Phụ bản			Everlasting Alloy:\nCasting <color=highlight>Intro Skills</color> reduces <color=highlight>Echo Skill</color> CD by 100% for 5s. <color=highlight>Defeating an enemy</color> increases Resonators' DMG by 10%, stacking up to 25 times.
lang_multi_text.db	InstanceDungeon_8161_DungeonDesc	3.4	Hội thoại/Cốt truyện	Phụ bản			An enigmatic rift suddenly appears in the depths of the mine. In this special Sonoro Sphere, the alloys forged by Shilang offer unexpected aid to you.
lang_multi_text.db	InstanceDungeon_8161_MapName	3.4	Hội thoại/Cốt truyện	Phụ bản			Rupture Rift
lang_multi_text.db	InstanceDungeon_8161_MonsterTips	3.4	Hội thoại/Cốt truyện	Phụ bản			Rupture Alloy:\nCasting <color=highlight>Resonance Skill</color> reduces Resonance Liberation Cooldown and regenerates Resonance Energy.\nCasting <color=highlight>Resonance Liberation</color> reduces all party members' Resonance Skill Cooldown, increases their Resonance Skill Crit. Rate for 3s, and boosts their Resonance Skill Crit. DMG. This effect can be stacked.
lang_multi_text.db	InstanceDungeon_8162_DungeonDesc	3.4	Hội thoại/Cốt truyện	Phụ bản			An enigmatic rift suddenly appears in the depths of the mine. In this special Sonoro Sphere, the alloys forged by Shilang offer unexpected aid to you.
lang_multi_text.db	InstanceDungeon_8162_MapName	3.4	Hội thoại/Cốt truyện	Phụ bản			Empyrean Rift
lang_multi_text.db	InstanceDungeon_8162_MonsterTips	3.4	Hội thoại/Cốt truyện	Phụ bản			Empyrean Alloy:\nWhile the active Resonator is <color=highlight>in mid-air</color>, increase their Crit. Rate and Crit. DMG each second. Whenever a Mid-air Attack hits the target, it triggers an additional attack that deals Resonance Liberation DMG.\nThe additional attack increases the Resonator's <color=highlight>Resonance Liberation DMG</color>. This effect can be stacked.
lang_multi_text.db	InstanceDungeon_8163_DungeonDesc	3.4	Hội thoại/Cốt truyện	Phụ bản			An enigmatic rift suddenly appears in the depths of the mine. In this special Sonoro Sphere, the alloys forged by Shilang offer unexpected aid to you.
lang_multi_text.db	InstanceDungeon_8163_MapName	3.4	Hội thoại/Cốt truyện	Phụ bản			Aftersound Rift
lang_multi_text.db	InstanceDungeon_8163_MonsterTips	3.4	Hội thoại/Cốt truyện	Phụ bản			Aftersound Alloy:\nIncrease inactive Resonators' DMG when <color=highlight>Coordinated Attack</color> hits the target. This effect can be stacked.\nAll party members gain extra Resonance Energy and Concerto Energy when <color=highlight>Coordinated Attack</color> hits the target.\nIncrease all party members' Crit. Rate and Crit. DMG for 8s when <color=highlight>Intro Skill</color> hits the target.
lang_multi_text.db	InstanceDungeon_8164_DungeonDesc	3.4	Hội thoại/Cốt truyện	Phụ bản			An enigmatic rift suddenly appears in the depths of the mine. In this special Sonoro Sphere, the alloys forged by Shilang offer unexpected aid to you.
lang_multi_text.db	InstanceDungeon_8164_MapName	3.4	Hội thoại/Cốt truyện	Phụ bản			Fervor Rift
lang_multi_text.db	InstanceDungeon_8164_MonsterTips	3.4	Hội thoại/Cốt truyện	Phụ bản			Fervor Alloy:\nReduce <color=highlight>Resonance Liberation</color> Cooldown.\nDefeating an enemy regenerates extra Resonance Energy and Concerto Energy.\nDefeating an enemy also increases the Crit. Rate and Crit. DMG of all party members' <color=highlight>Resonance Liberation</color>. This effect can be stacked.
lang_multi_text.db	InstanceDungeon_8165_DungeonDesc	3.4	Hội thoại/Cốt truyện	Phụ bản			An enigmatic rift suddenly appears in the depths of the mine. In this special Sonoro Sphere, the alloys forged by Shilang offer unexpected aid to you.
lang_multi_text.db	InstanceDungeon_8165_MapName	3.4	Hội thoại/Cốt truyện	Phụ bản			Crescent Rift
lang_multi_text.db	InstanceDungeon_8165_MonsterTips	3.4	Hội thoại/Cốt truyện	Phụ bản			Crescent Alloy:\nReduce <color=highlight>Echo Skill</color> Cooldown. At the beginning and end of an <color=highlight>Echo Skill</color>, cast a Crescent Slash beside the active Echo, dealing Echo Skill DMG to the enemy.\nDefeating an enemy increases all party members' Attack DMG and Echo Skill DMG.
lang_multi_text.db	InstanceDungeon_8166_DungeonDesc	3.4	Hội thoại/Cốt truyện	Phụ bản			An enigmatic rift suddenly appears in the depths of the mine. In this special Sonoro Sphere, the alloys forged by Shilang offer unexpected aid to you.
lang_multi_text.db	InstanceDungeon_8166_MapName	3.4	Hội thoại/Cốt truyện	Phụ bản			Stagnation Rift
lang_multi_text.db	InstanceDungeon_8166_MonsterTips	3.4	Hội thoại/Cốt truyện	Phụ bản			Stagnation Alloy:\nReduce <color=highlight>Echo Skill</color> Cooldown. <color=highlight>Echo Skill</color> inflicts a Stagnation effect on the enemy and marks it. Every marked enemy takes extra DMG.
lang_multi_text.db	InstanceDungeon_8167_DungeonDesc	3.4	Hội thoại/Cốt truyện	Phụ bản			An enigmatic rift suddenly appears in the depths of the mine. In this special Sonoro Sphere, the alloys forged by Shilang offer unexpected aid to you.
lang_multi_text.db	InstanceDungeon_8167_MapName	3.4	Hội thoại/Cốt truyện	Phụ bản			Devouring Rift
lang_multi_text.db	InstanceDungeon_8167_MonsterTips	3.4	Hội thoại/Cốt truyện	Phụ bản			Devouring Alloy:\nIncrease the Crit. Rate and Crit. DMG of Resonance Skill within a certain period after casting <color=highlight>Echo Skill</color>. This effect can be stacked.\nDefeating an enemy with <color=highlight>Resonance Skill</color> reduces the Resonator's Echo Skill Cooldown and Resonance Skill Cooldown and regenerates a certain amount of Concerto Energy.
lang_multi_text.db	InstanceDungeon_81680_DungeonDesc	3.4	Hội thoại/Cốt truyện	Phụ bản			A strong foe will appear in this Training Ground.
lang_multi_text.db	InstanceDungeon_81680_MapName	3.4	Hội thoại/Cốt truyện	Phụ bản			Pioneer Training Ground - Elite
lang_multi_text.db	InstanceDungeon_81690_DungeonDesc	3.4	Hội thoại/Cốt truyện	Phụ bản			An immobile dummy will appear in this Training Ground.
lang_multi_text.db	InstanceDungeon_81690_MapName	3.4	Hội thoại/Cốt truyện	Phụ bản			Pioneer Training Ground - Dummy
lang_multi_text.db	InstanceDungeon_81700_DungeonDesc	3.4	Hội thoại/Cốt truyện	Phụ bản			Several waves of enemies will appear in this Training Ground.
lang_multi_text.db	InstanceDungeon_81700_MapName	3.4	Hội thoại/Cốt truyện	Phụ bản			Pioneer Training Ground - Minions
lang_multi_text.db	InstanceDungeon_81701_DungeonDesc	3.4	Hội thoại/Cốt truyện	Phụ bản			Several waves of enemies will appear in this Training Ground.
lang_multi_text.db	InstanceDungeon_81701_MapName	3.4	Hội thoại/Cốt truyện	Phụ bản			Pioneer Special Training Ground
lang_multi_text.db	InstanceDungeon_8171_Description	3.4	Hội thoại/Cốt truyện	Phụ bản			A gate leading to the world of dreams, where lambs can be seen jumping over a fence one after another, making you feel drowsy.\nPlease protect the experimental device and help Cosmos complete the test.
lang_multi_text.db	InstanceDungeon_8171_Name	3.4	Hội thoại/Cốt truyện	Phụ bản			Hypnotic Image
lang_multi_text.db	InstanceDungeon_8172_Description	3.4	Hội thoại/Cốt truyện	Phụ bản			Even with your eyes closed, you can still hear the sounds around you. This might be what people call neurasthenia.\nPlease protect the experimental device and help Cosmos complete the test.
lang_multi_text.db	InstanceDungeon_8172_Name	3.4	Hội thoại/Cốt truyện	Phụ bản			Light Sleep
lang_multi_text.db	InstanceDungeon_8173_Description	3.4	Hội thoại/Cốt truyện	Phụ bản			As time slows down, the light waves are stretched out—perhaps therein lies the ultimate answer to the universe.\nPlease protect the experimental device and help Cosmos complete the test.
lang_multi_text.db	InstanceDungeon_8173_Name	3.4	Hội thoại/Cốt truyện	Phụ bản			Languid Frequency
lang_multi_text.db	InstanceDungeon_8174_Description	3.4	Hội thoại/Cốt truyện	Phụ bản			In the darkness, someone exclaims, "People don't understand destiny, and that's why I have made myself destiny."\nPlease protect the experimental device and help Cosmos complete the test.
lang_multi_text.db	InstanceDungeon_8174_Name	3.4	Hội thoại/Cốt truyện	Phụ bản			Altered Rhythm
lang_multi_text.db	InstanceDungeon_8175_Description	3.4	Hội thoại/Cốt truyện	Phụ bản			"I saw attack ships on fire off the shoulder of Orion. I watched C-beams glitter in the dark near the Tannhäuser Gate." His voice has conjured a shimmering mirage before you.\nPlease protect the experimental device and help Cosmos complete the test.
lang_multi_text.db	InstanceDungeon_8175_Name	3.4	Hội thoại/Cốt truyện	Phụ bản			Sinister Empathy
lang_multi_text.db	InstanceDungeon_8176_Description	3.4	Hội thoại/Cốt truyện	Phụ bản			There's no need to fear lies, as the world is built upon them.\nPlease protect the experimental device and help Cosmos complete the test.
lang_multi_text.db	InstanceDungeon_8176_Name	3.4	Hội thoại/Cốt truyện	Phụ bản			Daylit Mirage
lang_multi_text.db	InstanceDungeon_8180_Description	3.4	Hội thoại/Cốt truyện	Phụ bản			"Great adventures in stories have a way of starting off with a sudden gust of wind out of nowhere."\nHelp Dorothy defeat the monsters behind the gate.
lang_multi_text.db	InstanceDungeon_8180_MonsterTips	3.4	Hội thoại/Cốt truyện	Phụ bản			Revival Time: 10s (Solo & Co-op)
lang_multi_text.db	InstanceDungeon_8180_Name	3.4	Hội thoại/Cốt truyện	Phụ bản			Winds of Departure
lang_multi_text.db	InstanceDungeon_8181_Description	3.4	Hội thoại/Cốt truyện	Phụ bản			"Embark on a dream-seeking journey. May you find your true self in this clearer world."\nHelp Dorothy defeat the monsters behind the gate.
lang_multi_text.db	InstanceDungeon_8181_MonsterTips	3.4	Hội thoại/Cốt truyện	Phụ bản			Revival Time: 10s (Solo & Co-op)
lang_multi_text.db	InstanceDungeon_8181_Name	3.4	Hội thoại/Cốt truyện	Phụ bản			Golden Brick Road
lang_multi_text.db	InstanceDungeon_8182_Description	3.4	Hội thoại/Cốt truyện	Phụ bản			"Courage is just a consumable by nature, it gets more expensive as you get older."\nHelp Dorothy defeat the monsters behind the gate.
lang_multi_text.db	InstanceDungeon_8182_MonsterTips	3.4	Hội thoại/Cốt truyện	Phụ bản			Revival Time: 10s (Solo & Co-op)
lang_multi_text.db	InstanceDungeon_8182_Name	3.4	Hội thoại/Cốt truyện	Phụ bản			Emerald Realm
lang_multi_text.db	InstanceDungeon_8183_Description	3.4	Hội thoại/Cốt truyện	Phụ bản			"I'm just practicing how to tell you the truth about those fairy tales."\nHelp Dorothy defeat the monsters behind the gate.
lang_multi_text.db	InstanceDungeon_8183_MonsterTips	3.4	Hội thoại/Cốt truyện	Phụ bản			Revival Time: 10s (Solo & Co-op)
lang_multi_text.db	InstanceDungeon_8183_Name	3.4	Hội thoại/Cốt truyện	Phụ bản			Castle of Darkness
lang_multi_text.db	InstanceDungeon_8184_Description	3.4	Hội thoại/Cốt truyện	Phụ bản			"The sun rises over the village houses. I wonder if tomorrow will be a brand new day?"\nHelp Dorothy defeat the monsters behind the gate.
lang_multi_text.db	InstanceDungeon_8184_MonsterTips	3.4	Hội thoại/Cốt truyện	Phụ bản			Revival Time: 10s (Solo & Co-op)
lang_multi_text.db	InstanceDungeon_8184_Name	3.4	Hội thoại/Cốt truyện	Phụ bản			Rustic Cottage
lang_multi_text.db	InstanceDungeon_8185_Description	3.4	Hội thoại/Cốt truyện	Phụ bản			"The time to say goodbye has come. This is where I will leave behind my weak self of the past."\nHelp Dorothy defeat the monsters behind the gate.
lang_multi_text.db	InstanceDungeon_8185_MonsterTips	3.4	Hội thoại/Cốt truyện	Phụ bản			Revival Time: 10s (Solo & Co-op)
lang_multi_text.db	InstanceDungeon_8185_Name	3.4	Hội thoại/Cốt truyện	Phụ bản			Over the Rainbow
lang_multi_text.db	InstanceDungeon_8186_Description	3.4	Hội thoại/Cốt truyện	Phụ bản			"They enjoy the stories you wrote. But the world is not as kind as the stories describe."
lang_multi_text.db	InstanceDungeon_8186_MonsterTips	3.4	Hội thoại/Cốt truyện	Phụ bản			Revival Time: 15s (Solo)/10s (Co-op)\nThe enemy deals 50% more DMG to targets with less than 50% HP.
lang_multi_text.db	InstanceDungeon_8186_Name	3.4	Hội thoại/Cốt truyện	Phụ bản			Raven Field: Challenge
lang_multi_text.db	InstanceDungeon_8187_Description	3.4	Hội thoại/Cốt truyện	Phụ bản			"Ramping pain mends the heart. With a heavy sigh, you are reborn."
lang_multi_text.db	InstanceDungeon_8187_MonsterTips	3.4	Hội thoại/Cốt truyện	Phụ bản			Revival Time: 15s (Solo)/10s (Co-op)\nThe enemy's attacks ignore 1000 DEF when its HP drops below 50%.
lang_multi_text.db	InstanceDungeon_8187_Name	3.4	Hội thoại/Cốt truyện	Phụ bản			Path of Thorn: Challenge
lang_multi_text.db	InstanceDungeon_8188_Description	3.4	Hội thoại/Cốt truyện	Phụ bản			"The world is a vast wasteland, and you are a train connecting generations."
lang_multi_text.db	InstanceDungeon_8188_MonsterTips	3.4	Hội thoại/Cốt truyện	Phụ bản			Revival Time: 15s (Solo)/10s (Co-op)\nThe enemy's ATK increases by 10% with each hit, which will be removed when immobilized.
lang_multi_text.db	InstanceDungeon_8188_Name	3.4	Hội thoại/Cốt truyện	Phụ bản			Rusted Wasteland: Challenge
lang_multi_text.db	InstanceDungeon_8189_Description	3.4	Hội thoại/Cốt truyện	Phụ bản			"A mediocre merchant sells products. An ace merchant sells dreams."
lang_multi_text.db	InstanceDungeon_8189_MonsterTips	3.4	Hội thoại/Cốt truyện	Phụ bản			Revival Time: 15s (Solo)/10s (Co-op)\nThe enemy's ATK increases by 50% in the first 60 seconds.
lang_multi_text.db	InstanceDungeon_8189_Name	3.4	Hội thoại/Cốt truyện	Phụ bản			Palace of Illusion: Challenge
lang_multi_text.db	InstanceDungeon_8190_Description	3.4	Hội thoại/Cốt truyện	Phụ bản			"You realize that everything will eventually fade away in time. Just like a drop of tear disappearing in the rain."
lang_multi_text.db	InstanceDungeon_8190_MonsterTips	3.4	Hội thoại/Cốt truyện	Phụ bản			Revival Time: 15s (Solo)/10s (Co-op)\nThe enemy gains a shield the first time its HP drops below 50%. If the shield still exists after 30 seconds, their ATK increases by 100%.
lang_multi_text.db	InstanceDungeon_8190_Name	3.4	Hội thoại/Cốt truyện	Phụ bản			Barren Pasture: Challenge
lang_multi_text.db	InstanceDungeon_8191_Description	3.4	Hội thoại/Cốt truyện	Phụ bản			"The person bearing all names heads off into tomorrow."
lang_multi_text.db	InstanceDungeon_8191_MonsterTips	3.4	Hội thoại/Cốt truyện	Phụ bản			Revival Time: 15s (Solo)/10s (Co-op)\nThe enemy's DMG Reduction increases by 50%, which will be removed after it is immobilized for the first time.
lang_multi_text.db	InstanceDungeon_8191_Name	3.4	Hội thoại/Cốt truyện	Phụ bản			Commencement: Challenge
lang_multi_text.db	InstanceDungeon_81_MapName	3.4	Hội thoại/Cốt truyện	Phụ bản			Hazy Depths
lang_multi_text.db	InstanceDungeon_8301_MonsterTips	3.4	Hội thoại/Cốt truyện	Phụ bản			Simulation: All enemies have 0 RES during the Tactical Simulacra event.\nAbundance: Recover all Resonance Energy when entering combat.\nSurge: Recover 50 Resonance Energy when defeating an enemy.
lang_multi_text.db	InstanceDungeon_8302_MonsterTips	3.4	Hội thoại/Cốt truyện	Phụ bản			Simulation: All enemies have 0 RES during the Tactical Simulacra event.\nAbundance: Recover all Resonance Energy when entering combat.\nSurge: Recover 50 Resonance Energy when defeating an enemy.
lang_multi_text.db	InstanceDungeon_8303_MonsterTips	3.4	Hội thoại/Cốt truyện	Phụ bản			Simulation: All enemies have 0 RES during the Tactical Simulacra event.\nAbundance: Recover all Resonance Energy when entering combat.\nSurge: Recover 50 Resonance Energy when defeating an enemy.\nWhirl: Recover 20 Resonance Energy to self after dodging successfully. This can be triggered 1 time every 5s.
lang_multi_text.db	InstanceDungeon_8304_MonsterTips	3.4	Hội thoại/Cốt truyện	Phụ bản			Simulation: All enemies have 0 RES during the Tactical Simulacra event.\nAbundance: Recover all Resonance Energy when entering combat.\nSurge: Recover 50 Resonance Energy when defeating an enemy.\nWhirl: Recover 20 Resonance Energy to self after dodging successfully. This can be triggered 1 time every 5s.
lang_multi_text.db	InstanceDungeon_8305_MonsterTips	3.4	Hội thoại/Cốt truyện	Phụ bản			Simulation: All enemies have 0 RES during the Tactical Simulacra event.\nAbundance: Recover all Resonance Energy when entering combat.\nSurge: Recover 50 Resonance Energy when defeating an enemy.\nFeeble: Every 15s after a battle starts, enemies take 40% more damage for 5s.
lang_multi_text.db	InstanceDungeon_8306_MonsterTips	3.4	Hội thoại/Cốt truyện	Phụ bản			Simulation: All enemies have 0 RES during the Tactical Simulacra event.\nAbundance: Recover all Resonance Energy when entering combat.\nSurge: Recover 50 Resonance Energy when defeating an enemy.\nFeeble: Every 15s after a battle starts, enemies take 40% more damage for 5s.
lang_multi_text.db	InstanceDungeon_8307_MonsterTips	3.4	Hội thoại/Cốt truyện	Phụ bản			Simulation: All enemies have 0 RES during the Tactical Simulacra event.\nAbundance: Recover all Resonance Energy upon entering combat.\nSurge: Recover 50 Resonance Energy when defeating an enemy.\nCombat Rank: Your combat actions will count towards your Combat Rank. Successful Dodge, Dodge Counter, and Counterattack significantly boost your Combat Rank, while being hit drastically decreases your Combat Rank.
lang_multi_text.db	InstanceDungeon_8308_MonsterTips	3.4	Hội thoại/Cốt truyện	Phụ bản			Simulation: All enemies have 0 RES during the Tactical Simulacra event.\nAbundance: Recover all Resonance Energy when entering combat.\nSurge: Recover 50 Resonance Energy when defeating an enemy.\nCombat Rank: Your combat actions will count towards your Combat Rank. Successful Dodge, Dodge Counter, and Counterattack significantly boost your Combat Rank, while being hit drastically decreases your Combat Rank.
lang_multi_text.db	InstanceDungeon_8309_MonsterTips	3.4	Hội thoại/Cốt truyện	Phụ bản			Simulation: All enemies have 0 RES during the Tactical Simulacra event.\nAbundance: Recover all Resonance Energy when entering combat.\nSurge: Recover 50 Resonance Energy when defeating an enemy.\nCombat Rank: Your combat actions will count towards your Combat Rank. Successful Dodge, Dodge Counter, and Counterattack significantly boost your Combat Rank, while being hit drastically decreases your Combat Rank.
lang_multi_text.db	InstanceDungeon_8310_MonsterTips	3.4	Hội thoại/Cốt truyện	Phụ bản			Simulation: All enemies have 0 RES during the Tactical Simulacra event.\nAbundance: Recover all Resonance Energy when entering combat.\nSurge: Recover 50 Resonance Energy when defeating an enemy.\nCombat Rank: Your combat actions will count towards your Combat Rank. Successful Dodge, Dodge Counter, and Counterattack significantly boost your Combat Rank, while being hit drastically decreases your Combat Rank.
lang_multi_text.db	InstanceDungeon_8311_MonsterTips	3.4	Hội thoại/Cốt truyện	Phụ bản			Simulation: All enemies have 0 RES during the Tactical Simulacra event.\nAbundance: Recover all Resonance Energy when entering combat.\nSurge: Recover 50 Resonance Energy when defeating an enemy.\nCombat Rank: Your combat actions will count towards your Combat Rank. Successful Dodge, Dodge Counter, and Counterattack significantly boost your Combat Rank, while being hit drastically decreases your Combat Rank.
lang_multi_text.db	InstanceDungeon_8312_MonsterTips	3.4	Hội thoại/Cốt truyện	Phụ bản			Simulation: All enemies have 0 RES during the Tactical Simulacra event.\nAbundance: Recover all Resonance Energy when entering combat.\nSurge: Recover 50 Resonance Energy when defeating an enemy.\nCombat Rank: Your combat actions will count towards your Combat Rank. Successful Dodge, Dodge Counter, and Counterattack significantly boost your Combat Rank, while being hit drastically decreases your Combat Rank.
lang_multi_text.db	InstanceDungeon_8313_MonsterTips	3.4	Hội thoại/Cốt truyện	Phụ bản			Simulation: All enemies have 0 RES during the Tactical Simulacra event.\nAbundance: Recover all Resonance Energy when entering combat.\nSurge: Recover 50 Resonance Energy when defeating an enemy.\nCombat Rank: Your combat actions will count towards your Combat Rank. Successful Dodge, Dodge Counter, and Counterattack significantly boost your Combat Rank, while being hit drastically decreases your Combat Rank.
lang_multi_text.db	InstanceDungeon_8314_MonsterTips	3.4	Hội thoại/Cốt truyện	Phụ bản			At the start of the challenge, Resonance Energy is recovered by 50%, and the target's RES to All Attributes is reduced to 0. Triggering Counterattack reduces the target's Vibration Strength by 21.5%. Your combat actions will count towards your Combat Rank. Defeating targets significantly boosts your Combat Rank. When targets are immobilized, they receive one of the following debuffs based on your Combat Rank:\n\nA: Target takes 50% more damage.\nS: Target takes 100% more damage.\nSS: Target takes 200% more damage.
lang_multi_text.db	InstanceDungeon_8315_MonsterTips	3.4	Hội thoại/Cốt truyện	Phụ bản			At the start of the challenge, Resonance Energy is recovered by 50%, and the target's RES to All Attributes is reduced to 0. Triggering Counterattack reduces the target's Vibration Strength by 21.5%. Your combat actions will count towards your Combat Rank. Defeating targets significantly boosts your Combat Rank. When targets are immobilized, they receive one of the following debuffs based on your Combat Rank:\n\nA: Target takes 50% more damage.\nS: Target takes 100% more damage.\nSS: Target takes 200% more damage.
lang_multi_text.db	InstanceDungeon_8316_MonsterTips	3.4	Hội thoại/Cốt truyện	Phụ bản			At the start of the challenge, Resonance Energy is recovered by 50%, and the target's RES to All Attributes is reduced to 0. Triggering Counterattack reduces the target's Vibration Strength by 21.5%. Your combat actions will count towards your Combat Rank. Defeating targets significantly boosts your Combat Rank. When targets are immobilized, they receive one of the following debuffs based on your Combat Rank:\n\nA: Target takes 50% more damage.\nS: Target takes 100% more damage.\nSS: Target takes 200% more damage.
lang_multi_text.db	InstanceDungeon_8317_MonsterTips	3.4	Hội thoại/Cốt truyện	Phụ bản			At the start of the challenge, Resonance Energy is recovered by 50%, and the target's RES to All Attributes is reduced to 0. Triggering Counterattack reduces the target's Vibration Strength by 21.5%. Your combat actions will count towards your Combat Rank. Defeating targets significantly boosts your Combat Rank. When targets are immobilized, they receive one of the following debuffs based on your Combat Rank:\n\nA: Target takes 50% more damage.\nS: Target takes 100% more damage.\nSS: Target takes 200% more damage.
lang_multi_text.db	InstanceDungeon_8318_MonsterTips	3.4	Hội thoại/Cốt truyện	Phụ bản			At the start of the challenge, Resonance Energy is recovered by 50%, and the target's RES to All Attributes is reduced to 0. Triggering Counterattack reduces the target's Vibration Strength by 21.5%. Your combat actions will count towards your Combat Rank. Defeating targets significantly boosts your Combat Rank. When targets are immobilized, they receive one of the following debuffs based on your Combat Rank:\n\nA: Target takes 50% more damage.\nS: Target takes 100% more damage.\nSS: Target takes 200% more damage.
lang_multi_text.db	InstanceDungeon_8319_MonsterTips	3.4	Hội thoại/Cốt truyện	Phụ bản			At the start of the challenge, Resonance Energy is recovered by 50%, and the target's RES to All Attributes is reduced to 0. Triggering Counterattack reduces the target's Vibration Strength by 21.5%. Your combat actions will count towards your Combat Rank. Defeating targets significantly boosts your Combat Rank. When targets are immobilized, they receive one of the following debuffs based on your Combat Rank:\n\nA: Target takes 50% more damage.\nS: Target takes 100% more damage.\nSS: Target takes 200% more damage.
lang_multi_text.db	InstanceDungeon_8401_MapName	3.4	Hội thoại/Cốt truyện	Phụ bản			Blooming Reverie
lang_multi_text.db	InstanceDungeon_8402_MapName	3.4	Hội thoại/Cốt truyện	Phụ bản			Little Warrior's Stage
lang_multi_text.db	InstanceDungeon_8403_MapName	3.4	Hội thoại/Cốt truyện	Phụ bản			Neverending Inferno
lang_multi_text.db	InstanceDungeon_8404_MapName	3.4	Hội thoại/Cốt truyện	Phụ bản			A Study in Snow
lang_multi_text.db	InstanceDungeon_8405_MapName	3.4	Hội thoại/Cốt truyện	Phụ bản			The Mountain and Six Credits
lang_multi_text.db	InstanceDungeon_8406_MapName	3.4	Hội thoại/Cốt truyện	Phụ bản			Against All Odds
lang_multi_text.db	InstanceDungeon_8407_MonsterTips	3.4	Hội thoại/Cốt truyện	Phụ bản			Complete Nightmare Revisits Difficulty I
lang_multi_text.db	InstanceDungeon_8408_DungeonDesc	3.4	Hội thoại/Cốt truyện	Phụ bản			The looming shadow stares at you with its fiery eyes, as if trying to draw you back into the endless darkness. Enter the Somnoire with your trusted companions, link your minds and spirits, and relive your epic battle against the ever-lurking nightmare.
lang_multi_text.db	InstanceDungeon_8408_MapName	3.4	Hội thoại/Cốt truyện	Phụ bản			Sinister Calling I
lang_multi_text.db	InstanceDungeon_8408_MonsterTips	3.4	Hội thoại/Cốt truyện	Phụ bản			Complete Nightmare Revisits Difficulty II
lang_multi_text.db	InstanceDungeon_8409_DungeonDesc	3.4	Hội thoại/Cốt truyện	Phụ bản			The looming shadow stares at you with its fiery eyes, as if trying to draw you back into the endless darkness. Enter the Somnoire with your trusted companions, link your minds and spirits, and relive your epic battle against the ever-lurking nightmare.
lang_multi_text.db	InstanceDungeon_8409_MapName	3.4	Hội thoại/Cốt truyện	Phụ bản			Sinister Calling II
lang_multi_text.db	InstanceDungeon_8409_MonsterTips	3.4	Hội thoại/Cốt truyện	Phụ bản			Complete Nightmare Revisits Difficulty III
lang_multi_text.db	InstanceDungeon_8410_DungeonDesc	3.4	Hội thoại/Cốt truyện	Phụ bản			The looming shadow stares at you with its fiery eyes, as if trying to draw you back into the endless darkness. Enter the Somnoire with your trusted companions, link your minds and spirits, and relive your epic battle against the ever-lurking nightmare.
lang_multi_text.db	InstanceDungeon_8410_MapName	3.4	Hội thoại/Cốt truyện	Phụ bản			Terror Reborn I
lang_multi_text.db	InstanceDungeon_8410_MonsterTips	3.4	Hội thoại/Cốt truyện	Phụ bản			Complete Nightmare Revisits Difficulty IV
lang_multi_text.db	InstanceDungeon_8411_DungeonDesc	3.4	Hội thoại/Cốt truyện	Phụ bản			The looming shadow stares at you with its fiery eyes, as if trying to draw you back into the endless darkness. Enter the Somnoire with your trusted companions, link your minds and spirits, and relive your epic battle against the ever-lurking nightmare.
lang_multi_text.db	InstanceDungeon_8411_MapName	3.4	Hội thoại/Cốt truyện	Phụ bản			Sinister Calling III
lang_multi_text.db	InstanceDungeon_8411_MonsterTips	3.4	Hội thoại/Cốt truyện	Phụ bản			Complete Nightmare Revisits Difficulty V
lang_multi_text.db	InstanceDungeon_8412_DungeonDesc	3.4	Hội thoại/Cốt truyện	Phụ bản			The looming shadow stares at you with its fiery eyes, as if trying to draw you back into the endless darkness. Enter the Somnoire with your trusted companions, link your minds and spirits, and relive your epic battle against the ever-lurking nightmare.
lang_multi_text.db	InstanceDungeon_8412_MapName	3.4	Hội thoại/Cốt truyện	Phụ bản			Sinister Calling IV
lang_multi_text.db	InstanceDungeon_8412_MonsterTips	3.4	Hội thoại/Cốt truyện	Phụ bản			Complete Nightmare Revisits Difficulty VI
lang_multi_text.db	InstanceDungeon_8413_DungeonDesc	3.4	Hội thoại/Cốt truyện	Phụ bản			The looming shadow stares at you with its fiery eyes, as if trying to draw you back into the endless darkness. Enter the Somnoire with your trusted companions, link your minds and spirits, and relive your epic battle against the ever-lurking nightmare.
lang_multi_text.db	InstanceDungeon_8413_MapName	3.4	Hội thoại/Cốt truyện	Phụ bản			Terror Reborn II
lang_multi_text.db	InstanceDungeon_8501_DungeonDesc	3.4	Hội thoại/Cốt truyện	Phụ bản			The phantoms linger in the wilderness, creeping ahead as they tilt their heads toward the husky whispers.\n\nThe Infinite Reality Sandbox projects a Sonoro Sphere fraught with danger. Proceed with caution.
lang_multi_text.db	InstanceDungeon_8501_MapName	3.4	Hội thoại/Cốt truyện	Phụ bản			Secluded Bog I
lang_multi_text.db	InstanceDungeon_8501_MonsterTips	3.4	Hội thoại/Cốt truyện	Phụ bản			In this series of challenges, you are granted the "Roaming Variable" by default.\n-The Grapple does not enter Cooldown within a short period after activation.\n\n<color=Highlight>You can obtain up to 4,000 Tactic Points in this challenge.</color>\n<color=Highlight>Tactic Point conversion rate: 1</color>
lang_multi_text.db	InstanceDungeon_8502_DungeonDesc	3.4	Hội thoại/Cốt truyện	Phụ bản			War begets more war, and pain breeds further suffering. In the quiet of slumber, seeds of malice take root.\n\nThe Infinite Reality Sandbox projects a Sonoro Sphere fraught with danger. Proceed with caution.
lang_multi_text.db	InstanceDungeon_8502_MapName	3.4	Hội thoại/Cốt truyện	Phụ bản			Secluded Bog II
lang_multi_text.db	InstanceDungeon_8502_MonsterTips	3.4	Hội thoại/Cốt truyện	Phụ bản			In this series of challenges, you are granted the "Roaming Variable" by default.\n-The Grapple does not enter Cooldown within a short period after activation.\n\n<color=Highlight>You can obtain up to 12,000 Tactic Points in this challenge.</color>\n<color=Highlight>Tactic Point conversion rate: 2</color>
lang_multi_text.db	InstanceDungeon_8503_DungeonDesc	3.4	Hội thoại/Cốt truyện	Phụ bản			The unsettling Reverberation rises from tranquility to its zenith, chanting a war song of chaos that binds all within its reach into a discordant harmony.\n\nThe Infinite Reality Sandbox projects a Sonoro Sphere fraught with danger. Proceed with caution.
lang_multi_text.db	InstanceDungeon_8503_MapName	3.4	Hội thoại/Cốt truyện	Phụ bản			Secluded Bog III
lang_multi_text.db	InstanceDungeon_8503_MonsterTips	3.4	Hội thoại/Cốt truyện	Phụ bản			In this series of challenges, you are granted the "Roaming Variable" by default.\n-The Grapple does not enter Cooldown within a short period after activation.\n\n<color=Highlight>Tactic Point conversion rate: 3</color>
lang_multi_text.db	InstanceDungeon_8510_DungeonDesc	3.4	Hội thoại/Cốt truyện	Phụ bản			As waves crash in the distance, servants of the Ovathrax emerge from the coasts, prowling through the storm.\n\nThe Infinite Reality Sandbox projects a Sonoro Sphere fraught with danger. Proceed with caution.
lang_multi_text.db	InstanceDungeon_8510_MapName	3.4	Hội thoại/Cốt truyện	Phụ bản			Tide of Perils I
lang_multi_text.db	InstanceDungeon_8510_MonsterTips	3.4	Hội thoại/Cốt truyện	Phụ bản			In this series of challenges, you are granted the "Speeding Variable".\n-Resonator's movement speed is increased by default.\n-Dashing launches enemies in the air and deals DMG. This effect lasts for 10s and will be removed after switching to another Resonator, with a Cooldown of 10s.\n\n<color=Highlight>You can obtain up to 4,000 Tactic Points in this challenge.</color>\n<color=Highlight>Tactic Point conversion rate: 1</color>
lang_multi_text.db	InstanceDungeon_8511_DungeonDesc	3.4	Hội thoại/Cốt truyện	Phụ bản			As waves crash in the distance, servants of the Ovathrax emerge from the coasts, roaming under the sun.\n\nThe Infinite Reality Sandbox projects a Sonoro Sphere fraught with danger. Proceed with caution.
lang_multi_text.db	InstanceDungeon_8511_MapName	3.4	Hội thoại/Cốt truyện	Phụ bản			Tide of Perils II
lang_multi_text.db	InstanceDungeon_8511_MonsterTips	3.4	Hội thoại/Cốt truyện	Phụ bản			In this series of challenges, you are granted the "Speeding Variable" by default.\n-Resonator's movement speed is increased by default\n-Dashing launches enemies in the air and deals DMG. This effect lasts for 10s and will be removed after switching to another Resonator, with a Cooldown of 10s.\n\n<color=Highlight>You can obtain up to 12,000 Tactic Points in this challenge.</color>\n<color=Highlight>Tactic Point conversion rate: 2</color>
lang_multi_text.db	InstanceDungeon_8512_DungeonDesc	3.4	Hội thoại/Cốt truyện	Phụ bản			As waves crash in the distance, servants of the Ovathrax emerge from the coasts, galloping in the tempest.\n\nThe Infinite Reality Sandbox projects a Sonoro Sphere fraught with danger. Proceed with caution.
lang_multi_text.db	InstanceDungeon_8512_MapName	3.4	Hội thoại/Cốt truyện	Phụ bản			Tide of Perils III
lang_multi_text.db	InstanceDungeon_8512_MonsterTips	3.4	Hội thoại/Cốt truyện	Phụ bản			In this series of challenges, you are granted the "Speeding Variable" by default.\n-Resonator's movement speed is increased by default\n-Dashing launches enemies in the air and deals DMG. This effect lasts for 10s and will be removed after switching to another Resonator, with a Cooldown of 10s.\n\n<color=Highlight>Tactic Point conversion rate: 3</color>
lang_multi_text.db	InstanceDungeon_8519_DungeonDesc	3.4	Hội thoại/Cốt truyện	Phụ bản			It seems the Black Shores has made breakthroughs in its Infinite Reality Sandbox, now offering more immersive environments and thrilling battles.\n\nThis time, the simulation takes place on Penitent's End, a desolate island where countless banished souls meet their fate.
lang_multi_text.db	InstanceDungeon_8519_MapName	3.4	Hội thoại/Cốt truyện	Phụ bản			Penitent's End I
lang_multi_text.db	InstanceDungeon_8519_MonsterTips	3.4	Hội thoại/Cốt truyện	Phụ bản			In this challenge: \n<color=Highlight>Roccia's</color> Resonance Skill has no cooldown.\nFlight STA cost is reduced.\n\nKey Buff: <color=Highlight>Dash and Plunge Attack</color> summon a Cyclone that deals Havoc DMG.
lang_multi_text.db	InstanceDungeon_8520_DungeonDesc	3.4	Hội thoại/Cốt truyện	Phụ bản			It seems the Black Shores has made breakthroughs in its Infinite Reality Sandbox, now offering more immersive environments and thrilling battles.\n\nThis time, the simulation takes place on Penitent's End, a desolate island where countless banished souls meet their fate.
lang_multi_text.db	InstanceDungeon_8520_MapName	3.4	Hội thoại/Cốt truyện	Phụ bản			Penitent's End II
lang_multi_text.db	InstanceDungeon_8520_MonsterTips	3.4	Hội thoại/Cốt truyện	Phụ bản			In this challenge:\n<color=Highlight>Roccia's</color> Resonance Skill has no cooldown.\nFlight STA cost is reduced.\n\nKey Buff: <color=Highlight>Dash and Plunge Attack</color> summon a Cyclone that deals Havoc DMG.
lang_multi_text.db	InstanceDungeon_8521_DungeonDesc	3.4	Hội thoại/Cốt truyện	Phụ bản			It seems the Black Shores has made breakthroughs in its Infinite Reality Sandbox, now offering more immersive environments and thrilling battles.\n\nThis time, the simulation takes place on Penitent's End, a desolate island where countless banished souls meet their fate.
lang_multi_text.db	InstanceDungeon_8521_MapName	3.4	Hội thoại/Cốt truyện	Phụ bản			Penitent's End III
lang_multi_text.db	InstanceDungeon_8521_MonsterTips	3.4	Hội thoại/Cốt truyện	Phụ bản			In this challenge:\n<color=Highlight>Phoebe</color> can cast Mid-air Heavy Attacks unlimited times. \nFlight STA cost is reduced.\n\nKey Buff: <color=Highlight>Casting Intro Skill</color> will also inflict Aero Erosion and Spectro Frazzle on the target.
lang_multi_text.db	InstanceDungeon_8522_DungeonDesc	3.4	Hội thoại/Cốt truyện	Phụ bản			It seems the Black Shores has made breakthroughs in its Infinite Reality Sandbox, now offering more immersive environments and thrilling battles.\n\nThis time, the simulation takes place on Penitent's End, a desolate island where countless banished souls meet their fate.
lang_multi_text.db	InstanceDungeon_8522_MapName	3.4	Hội thoại/Cốt truyện	Phụ bản			Penitent's End IV
lang_multi_text.db	InstanceDungeon_8522_MonsterTips	3.4	Hội thoại/Cốt truyện	Phụ bản			In this challenge:\n<color=Highlight>Changli</color> remains in the <color=Highlight>True Sight</color> state.\nFlight STA cost is reduced.\n\nKey Buff: <color=Highlight>Mid-air Attack</color> summons a Meteorite on hit, dealing Fusion DMG.
lang_multi_text.db	InstanceDungeon_8523_DungeonDesc	3.4	Hội thoại/Cốt truyện	Phụ bản			It seems the Black Shores has made breakthroughs in its Infinite Reality Sandbox, now offering more immersive environments and thrilling battles.\n\nThis time, the simulation takes place on Penitent's End, a desolate island where countless banished souls meet their fate.
lang_multi_text.db	InstanceDungeon_8523_MapName	3.4	Hội thoại/Cốt truyện	Phụ bản			Penitent's End V
lang_multi_text.db	InstanceDungeon_8523_MonsterTips	3.4	Hội thoại/Cốt truyện	Phụ bản			In this challenge:\n<color=Highlight>Lumi's</color> <color=Highlight>Yellow Light: Zoom</color> doesn't consume STA.\nFlight STA cost is reduced.\n\nKey Buff: <color=Highlight>Hitting a target with Basic Attack</color> or <color=Highlight>dealing Basic Attack DMG</color> additionally summons Starfall that deals Electro DMG.
lang_multi_text.db	InstanceDungeon_8610_Description	3.4	Hội thoại/Cốt truyện	Phụ bản			Painted on a bright summer morning, this piece captures a Lottie Lost strolling under her parasol, the breeze flowing gently around her. \n"Shall I compare thee to a summer's day?"
lang_multi_text.db	InstanceDungeon_8610_MonsterTips	3.4	Hội thoại/Cốt truyện	Phụ bản			Revival Time: 10s (Solo & Co-op)\n<color=#c25757>Trial Resonators will be available in Solo mode.</color>
lang_multi_text.db	InstanceDungeon_8610_Name	3.4	Hội thoại/Cốt truyện	Phụ bản			Lottie Lost with a Parasol
lang_multi_text.db	InstanceDungeon_8611_Description	3.4	Hội thoại/Cốt truyện	Phụ bản			In the absence of the Carnevale, restless dreams drift through Ragunna's starry night.\n"Starry, starry night. Paint your palette blue and gray."
lang_multi_text.db	InstanceDungeon_8611_MonsterTips	3.4	Hội thoại/Cốt truyện	Phụ bản			Revival Time: 10s (Solo & Co-op)\n<color=#c25757>Trial Resonators will be available in Solo mode.</color>
lang_multi_text.db	InstanceDungeon_8611_Name	3.4	Hội thoại/Cốt truyện	Phụ bản			Starry Night Over Ragunna
lang_multi_text.db	InstanceDungeon_8612_Description	3.4	Hội thoại/Cốt truyện	Phụ bản			A portrait hailed as the pinnacle of Ragunna's artistry, yet the Divine Envoy's smile on the canvas remains an enigma.\n"I'm not good at photography, for it holds no value to a painter."
lang_multi_text.db	InstanceDungeon_8612_MonsterTips	3.4	Hội thoại/Cốt truyện	Phụ bản			Revival Time: 10s (Solo & Co-op)\n<color=#c25757>Trial Resonators will be available in Solo mode.</color>
lang_multi_text.db	InstanceDungeon_8612_Name	3.4	Hội thoại/Cốt truyện	Phụ bản			Vitreum Dancer's Smile
lang_multi_text.db	InstanceDungeon_8613_Description	3.4	Hội thoại/Cốt truyện	Phụ bản			Through the pilgrim's eyes, the turbulent sea is the very embodiment of virtue and passion.\n"Try to imagine something you've never seen and let your hand flow across the canvas."
lang_multi_text.db	InstanceDungeon_8613_MonsterTips	3.4	Hội thoại/Cốt truyện	Phụ bản			Revival Time: 10s (Solo & Co-op)\nEnemies gain a Shield worth 20% of their Max HP, with 70% increased ATK while shielded. \n<color=#c25757>Trial Resonators will be available in Solo mode.</color>
lang_multi_text.db	InstanceDungeon_8613_Name	3.4	Hội thoại/Cốt truyện	Phụ bản			Pilgrim in the Sea of Fog
lang_multi_text.db	InstanceDungeon_8614_Description	3.4	Hội thoại/Cốt truyện	Phụ bản			Adorned with pearl earrings, the acolyte on the canvas casts her eternal gaze upon the painter, her silence echoing.\n"Was it my golden youth that vainly gave me the roses?"
lang_multi_text.db	InstanceDungeon_8614_MonsterTips	3.4	Hội thoại/Cốt truyện	Phụ bản			Revival Time: 10s (Solo & Co-op)\nEnemies start with 5 stacks of Toughness. Each stack increases their DEF by 20%. Each time the enemy takes DMG, they lose 1 stack of Toughness.\n<color=#c25757>Trial Resonators will be available in Solo mode.</color>
lang_multi_text.db	InstanceDungeon_8614_Name	3.4	Hội thoại/Cốt truyện	Phụ bản			Acolyte with the Pearl Earrings
lang_multi_text.db	InstanceDungeon_8615_Description	3.4	Hội thoại/Cốt truyện	Phụ bản			In times of peril, the people of Ragunna rally under her banner to resist the invaders. \n"Praise be to Imperator!"
lang_multi_text.db	InstanceDungeon_8615_MonsterTips	3.4	Hội thoại/Cốt truyện	Phụ bản			Revival Time: 10s (Solo & Co-op)\nUsing Echo Skills costs the Resonator 20% of their Max HP. \n<color=#c25757>Trial Resonators will be available in Solo mode.</color>
lang_multi_text.db	InstanceDungeon_8615_Name	3.4	Hội thoại/Cốt truyện	Phụ bản			Faith Leading the People
lang_multi_text.db	InstanceDungeon_8616_Description	3.4	Hội thoại/Cốt truyện	Phụ bản			The Fisalias do not know of Sentinel Imperator's origins, but in their dreams, there is no higher authority.\n"Silent above the wastelands and the mountains, They command the sea to dash upon the cliffs."
lang_multi_text.db	InstanceDungeon_8616_MonsterTips	3.4	Hội thoại/Cốt truyện	Phụ bản			Revival Time: 10s (Solo & Co-op)\nThis is a high-difficulty challenge. Please be fully prepared. Hidden rewards await those who finish the challenge. \n<color=#c25757>Trial Resonators will be available in Solo mode</color>
lang_multi_text.db	InstanceDungeon_8616_Name	3.4	Hội thoại/Cốt truyện	Phụ bản			The Birth of Imperator
lang_multi_text.db	InstanceDungeon_8620_Description	3.4	Hội thoại/Cốt truyện	Phụ bản			"No, he made a promise to death that he didn't keep."\nHelp Dorothy defeat the monster behind the door.
lang_multi_text.db	InstanceDungeon_8620_MonsterTips	3.4	Hội thoại/Cốt truyện	Phụ bản			Revival Time: 10s (Solo & Co-op)\n<color=#aa9b6a>Trial Resonators will be available in Solo mode.</color>
lang_multi_text.db	InstanceDungeon_8620_Name	3.4	Hội thoại/Cốt truyện	Phụ bản			The Triangle
lang_multi_text.db	InstanceDungeon_8620_Title	3.4	Hội thoại/Cốt truyện	Phụ bản			Lost at Sea
lang_multi_text.db	InstanceDungeon_8621_Description	3.4	Hội thoại/Cốt truyện	Phụ bản			"Just when you think it's over, it's only just begun."\nTry challenging the special enemy behind the door. Good luck.
lang_multi_text.db	InstanceDungeon_8621_MonsterTips	3.4	Hội thoại/Cốt truyện	Phụ bản			Revival Time: 15s (Solo); 10s (Co-op)\n<color=#aa9b6a>Trial Resonators will be available in Solo mode.</color>\nWhen the enemy's HP is lower than 50%, gain a shield based on 30% of your Max HP. When you are shielded, the enemy's ATK is increased by 50%, but the Resonance Liberation DMG it takes is increased by 100%.
lang_multi_text.db	InstanceDungeon_8621_Name	3.4	Hội thoại/Cốt truyện	Phụ bản			Trapped in Loop
lang_multi_text.db	InstanceDungeon_8621_Title	3.4	Hội thoại/Cốt truyện	Phụ bản			Deadly Wish
lang_multi_text.db	InstanceDungeon_8622_Description	3.4	Hội thoại/Cốt truyện	Phụ bản			"You make a wish, and it becomes yours... In the end, everything that’s yours will come back to you."\nHelp Dorothy defeat the monster behind the door.
lang_multi_text.db	InstanceDungeon_8622_MonsterTips	3.4	Hội thoại/Cốt truyện	Phụ bản			Revival Time: 10s (Solo & Co-op)\n<color=#aa9b6a>Trial Resonators will be available in Solo mode.</color>
lang_multi_text.db	InstanceDungeon_8622_Name	3.4	Hội thoại/Cốt truyện	Phụ bản			Paranoid Hope
lang_multi_text.db	InstanceDungeon_8622_Title	3.4	Hội thoại/Cốt truyện	Phụ bản			Cursed Town
lang_multi_text.db	InstanceDungeon_8623_Description	3.4	Hội thoại/Cốt truyện	Phụ bản			"You think you're screaming, but that's actually..."\nTry challenging the special enemy behind the door. Good luck.
lang_multi_text.db	InstanceDungeon_8623_MonsterTips	3.4	Hội thoại/Cốt truyện	Phụ bản			Revival Time: 15s (Solo); 10s (Co-op)\n<color=#aa9b6a>Trial Resonators will be available in Solo mode.</color>\nThe DMG taken by the enemy is reduced by 30%. When it's Immobilized, the DMG taken is increased by 100%.
lang_multi_text.db	InstanceDungeon_8623_Name	3.4	Hội thoại/Cốt truyện	Phụ bản			Realm of Rebirth
lang_multi_text.db	InstanceDungeon_8623_Title	3.4	Hội thoại/Cốt truyện	Phụ bản			Nowhere to Hide
lang_multi_text.db	InstanceDungeon_8624_Description	3.4	Hội thoại/Cốt truyện	Phụ bản			"They float... and you'll float too."\nHelp Dorothy defeat the monster behind the door.
lang_multi_text.db	InstanceDungeon_8624_MonsterTips	3.4	Hội thoại/Cốt truyện	Phụ bản			Revival Time: 10s (Solo & Co-op)\n<color=#aa9b6a>Trial Resonators will be available in Solo mode.</color>
lang_multi_text.db	InstanceDungeon_8624_Name	3.4	Hội thoại/Cốt truyện	Phụ bản			Into the Deadlight
lang_multi_text.db	InstanceDungeon_8624_Title	3.4	Hội thoại/Cốt truyện	Phụ bản			Paranormal Event
lang_multi_text.db	InstanceDungeon_8625_Description	3.4	Hội thoại/Cốt truyện	Phụ bản			"People may forget the important things, but they will crawl back in our dreams."\nTry challenging the special enemy behind the door. Good luck.
lang_multi_text.db	InstanceDungeon_8625_MonsterTips	3.4	Hội thoại/Cốt truyện	Phụ bản			Revival Time: 15s (Solo); 10s (Co-op)\n<color=#aa9b6a>Trial Resonators will be available in Solo mode.</color>\nThe DMG received by Resonators without full HP is increased by 50%, while the DMG received by Resonators with full HP is reduced by 50%.
lang_multi_text.db	InstanceDungeon_8625_Name	3.4	Hội thoại/Cốt truyện	Phụ bản			Time Relived
lang_multi_text.db	InstanceDungeon_8625_Title	3.4	Hội thoại/Cốt truyện	Phụ bản			Abyssal Gaze
lang_multi_text.db	InstanceDungeon_8626_Description	3.4	Hội thoại/Cốt truyện	Phụ bản			"One, two, it's coming for you..."\nHelp Dorothy defeat the monster behind the door.
lang_multi_text.db	InstanceDungeon_8626_MonsterTips	3.4	Hội thoại/Cốt truyện	Phụ bản			Revival Time: 10s (Solo & Co-op)\n<color=#aa9b6a>Trial Resonators will be available in Solo mode.</color>
lang_multi_text.db	InstanceDungeon_8626_Name	3.4	Hội thoại/Cốt truyện	Phụ bản			Endless Dream
lang_multi_text.db	InstanceDungeon_8627_Description	3.4	Hội thoại/Cốt truyện	Phụ bản			"Three, four, better lock your door..."\nTry challenging the special enemy behind the door. Good luck.
lang_multi_text.db	InstanceDungeon_8627_MonsterTips	3.4	Hội thoại/Cốt truyện	Phụ bản			Revival Time: 15s (Solo); 10s (Co-op)\n<color=#aa9b6a>Trial Resonators will be available in Solo mode.</color>\nThe DMG dealt by the enemy in mid-air is increased by 50%. When being hit in mid-air, the enemy obtains a stack of Panic, triggered once every second.
lang_multi_text.db	InstanceDungeon_8627_Name	3.4	Hội thoại/Cốt truyện	Phụ bản			Nightmare Attack
lang_multi_text.db	InstanceDungeon_8628_Description	3.4	Hội thoại/Cốt truyện	Phụ bản			"Even in the deepest abyss, something beautiful can be born."\nHelp Dorothy defeat the monster behind the door.
lang_multi_text.db	InstanceDungeon_8628_MonsterTips	3.4	Hội thoại/Cốt truyện	Phụ bản			Revival Time: 10s (Solo & Co-op)\n<color=#aa9b6a>Trial Resonators will be available in Solo mode.</color>
lang_multi_text.db	InstanceDungeon_8628_Name	3.4	Hội thoại/Cốt truyện	Phụ bản			Brief Respite
lang_multi_text.db	InstanceDungeon_8629_Description	3.4	Hội thoại/Cốt truyện	Phụ bản			"The ritual may fail, but it might drive away something worse—fear."\nTry challenging the special enemy behind the door. Good luck.
lang_multi_text.db	InstanceDungeon_8629_MonsterTips	3.4	Hội thoại/Cốt truyện	Phụ bản			Revival Time: 15s (Solo); 10s (Co-op)\n<color=#aa9b6a>Trial Resonators will be available in Solo mode.</color>\nWhen the enemy deals DMG, it gains a stack of Fear of Delirium. Each stack inreases the DMG dealt by 5% and decreases the DMG received by 5%, stacking up to 10 times, triggered once every second. Receiving Resonance Skill DMG removes a stack of Fear of Delirium from the enemy, triggered once every second. The Resonance Skill DMG taken by the enemy is increased by 100%.
lang_multi_text.db	InstanceDungeon_8629_Name	3.4	Hội thoại/Cốt truyện	Phụ bản			Exorcism Ritual
lang_multi_text.db	InstanceDungeon_8630_Description	3.4	Hội thoại/Cốt truyện	Phụ bản			Strange frequencies boil in the Somnoire, slowly taking shape into something familiar.\nIt must return to the Abyss of Dreams.
lang_multi_text.db	InstanceDungeon_8630_MonsterTips	3.4	Hội thoại/Cốt truyện	Phụ bản			Revival Time: 10s (Solo & Co-op)\n<color=#aa9b6a>Trial Resonators will be available in Solo mode.</color>
lang_multi_text.db	InstanceDungeon_8630_Name	3.4	Hội thoại/Cốt truyện	Phụ bản			Visitor from Beyond
lang_multi_text.db	InstanceDungeon_8631_Description	3.4	Hội thoại/Cốt truyện	Phụ bản			Yesterday lives on beyond tomorrow. What you've done will shape the world that's yet to come.\nIt must return to the Abyss of Dreams.
lang_multi_text.db	InstanceDungeon_8631_MonsterTips	3.4	Hội thoại/Cốt truyện	Phụ bản			Revival Time: 15s (Solo); 10s (Co-op)\n<color=#aa9b6a>Trial Resonators will be available in Solo mode.</color>\nThe enemy's ATK is increased by 10% every 10s, with no cap. When Immobilized, it loses all buffs. The ATK of all Resonators in the team is increased by 10% every 10s, with no cap. Resonators with less than 50% HP lose all buffs.
lang_multi_text.db	InstanceDungeon_8631_Name	3.4	Hội thoại/Cốt truyện	Phụ bản			Tangled Fate
lang_multi_text.db	InstanceDungeon_8640_Description	3.4	Hội thoại/Cốt truyện	Phụ bản			Vampire demo level01 description
lang_multi_text.db	InstanceDungeon_8640_Name	3.4	Hội thoại/Cốt truyện	Phụ bản			Vampire demo level01
lang_multi_text.db	InstanceDungeon_8641_Description	3.4	Hội thoại/Cốt truyện	Phụ bản			Vampire demo level02 description
lang_multi_text.db	InstanceDungeon_8641_Name	3.4	Hội thoại/Cốt truyện	Phụ bản			Vampire demo level02
lang_multi_text.db	InstanceDungeon_8642_Description	3.4	Hội thoại/Cốt truyện	Phụ bản			Vampire demo level03 description
lang_multi_text.db	InstanceDungeon_8642_Name	3.4	Hội thoại/Cốt truyện	Phụ bản			Vampire demo level03
lang_multi_text.db	InstanceDungeon_8643_Description	3.4	Hội thoại/Cốt truyện	Phụ bản			Vampire demo level04 description
lang_multi_text.db	InstanceDungeon_8643_Name	3.4	Hội thoại/Cốt truyện	Phụ bản			Vampire demo level04
lang_multi_text.db	InstanceDungeon_8644_Description	3.4	Hội thoại/Cốt truyện	Phụ bản			Vampire demo level05 description
lang_multi_text.db	InstanceDungeon_8644_Name	3.4	Hội thoại/Cốt truyện	Phụ bản			Vampire demo level05
lang_multi_text.db	InstanceDungeon_8645_Description	3.4	Hội thoại/Cốt truyện	Phụ bản			Vampire demo level06 description
lang_multi_text.db	InstanceDungeon_8645_Name	3.4	Hội thoại/Cốt truyện	Phụ bản			Vampire demo level06
lang_multi_text.db	InstanceDungeon_8646_Description	3.4	Hội thoại/Cốt truyện	Phụ bản			Vampire demo level07 description
lang_multi_text.db	InstanceDungeon_8646_Name	3.4	Hội thoại/Cốt truyện	Phụ bản			Vampire demo level07
lang_multi_text.db	InstanceDungeon_8666_MonsterTips	3.4	Hội thoại/Cốt truyện	Phụ bản			Gain the following enhancements:\n- At the start of the challenge, Resonance Energy is recovered by 100%, and the enemy's All-Attribute RES is reduced to 0.\n- Resonators' certain attacks can disrupt the enemy's Tunability and accumulate Off-Tune Level. The enemy enters Mistune once their Off-Tune Level is full. Resonators can transform into Kerasaur during this time to attack the enemy, resetting their Off-Tune Level on hit.\n- The enemy enters Mistune immediately when some of their attacks are countered or successfully Dodged. During this time, Resonators can perform Tune Break to attack the enemy without resetting their Off-Tune Level.
lang_multi_text.db	InstanceDungeon_8667_MonsterTips	3.4	Hội thoại/Cốt truyện	Phụ bản			Gain the following enhancements:\n- At the start of the challenge, Resonance Energy is recovered by 100%, and the enemy's All-Attribute RES is reduced to 0.\n- Resonators' certain attacks can disrupt the enemy's Tunability and accumulate Off-Tune Level. The enemy enters Mistune once Off-Tune Level is full. Resonators can transform into Kerasaur during this time to attack the enemy, resetting their Off-Tune Level on hit.\n- The enemy enters Mistune immediately when some of their attacks are countered or successfully Dodged. During this time, Resonators can perform Tune Break to attack the enemy without resetting their Off-Tune Level.
lang_multi_text.db	InstanceDungeon_8668_MonsterTips	3.4	Hội thoại/Cốt truyện	Phụ bản			Gain the following enhancements:\n- At the start of the challenge, Resonance Energy is recovered by 100%, and the enemy's All-Attribute RES is reduced to 0.\n- Resonators' certain attacks can disrupt the enemy's Tunability and accumulate Off-Tune Level. The enemy enters Mistune once their Off-Tune Level is full. Resonators can transform into Kerasaur during this time to attack the enemy, resetting their Off-Tune Level on hit.\n- The enemy enters Mistune immediately when some of their attacks are countered or successfully Dodged. During this time, Resonators can perform Tune Break to attack the enemy without resetting their Off-Tune Level.\n\nSpectro Frazzle DMG dealt by Resonators in the team accumulates 100% more Off-Tune Level.
lang_multi_text.db	InstanceDungeon_8669_MonsterTips	3.4	Hội thoại/Cốt truyện	Phụ bản			Gain the following enhancements:\n- At the start of the challenge, Resonance Energy is recovered by 100%, and the enemy's All-Attribute RES is reduced to 0.\n- Resonators' certain attacks can disrupt the enemy's Tunability and accumulate Off-Tune Level. The enemy enters Mistune once their Off-Tune Level is full. Resonators can transform into Kerasaur during this time to attack the enemy, resetting their Off-Tune Level on hit.\n- The enemy enters Mistune immediately when some of their attacks are countered or successfully Dodged. During this time, Resonators can perform Tune Break to attack the enemy without resetting their Off-Tune Level.\n\nHavoc Bane DMG dealt by Resonators in the team accumulates 100% more Off-Tune Level for 30s.
lang_multi_text.db	InstanceDungeon_8670_MonsterTips	3.4	Hội thoại/Cốt truyện	Phụ bản			Gain the following enhancements:\n- At the start of the challenge, Resonance Energy is recovered by 100%, and the enemy's All-Attribute RES is reduced to 0.\n- Resonators' certain attacks can disrupt the enemy's Tunability and accumulate Off-Tune Level. The enemy enters Mistune once their Off-Tune Level is full. Resonators can transform into Kerasaur during this time to attack the enemy, resetting their Off-Tune Level on hit.\n- The enemy enters Mistune immediately when some of their attacks are countered or successfully Dodged. During this time, Resonators can perform Tune Break to attack the enemy without resetting their Off-Tune Level.\n\nEcho Skill DMG dealt by Resonators in the team accumulates 100% more Off-Tune Level.
lang_multi_text.db	InstanceDungeon_8671_MonsterTips	3.4	Hội thoại/Cốt truyện	Phụ bản			Gain the following enhancements:\n- At the start of the challenge, Resonance Energy is recovered by 100%, and the enemy's All-Attribute RES is reduced to 0.\n- Resonators' certain attacks can disrupt the enemy's Tunability and accumulate Off-Tune Level. The enemy enters Mistune once their Off-Tune Level is full. Resonators can transform into Kerasaur during this time to attack the enemy, resetting their Off-Tune Level on hit.\n- The enemy enters Mistune immediately when some of their attacks are countered or successfully Dodged. During this time, Resonators can perform Tune Break to attack the enemy without resetting their Off-Tune Level.\n\nDMG dealt by Resonators in the team with a Shield accumulates 100% more Off-Tune Level.
lang_multi_text.db	InstanceDungeon_8701_DungeonDesc	3.4	Hội thoại/Cốt truyện	Phụ bản			"What's with all the Montellis named 'Leonardo'? Is there a naming convention I missed?"
lang_multi_text.db	InstanceDungeon_8701_MapName	3.4	Hội thoại/Cốt truyện	Phụ bản			The Montellis
lang_multi_text.db	InstanceDungeon_8701_Tips	3.4	Hội thoại/Cốt truyện	Phụ bản			Gunshot in the Motel\nDefault Buff: All team members gain 20 Concerto Energy every 2s and cannot be downed during the challenge. Casting Intro Skill increases the ATK of all team members by 15%, stacking up to 10 times.\nPrimary Buff: Casting Intro Skill summons a Shockwave that pulls enemies in and deals Havoc DMG equal to 200% of the Resonator's ATK.\nEnhanced Buff: The Shockwave causes an Explosion shortly after, dealing Havoc DMG equal to 600% of the Resonator's ATK.\nUltimate Buff: Defeating a target with Shockwave or Explosion recovers 20 Concerto Energy for the Resonator.
lang_multi_text.db	InstanceDungeon_8702_DungeonDesc	3.4	Hội thoại/Cốt truyện	Phụ bản			"You won't believe what they put on their pizza instead of tomato sauce..."\n"What?"\n"Mayonnaise!" \n"Ugh, that's heresy!"
lang_multi_text.db	InstanceDungeon_8702_MapName	3.4	Hội thoại/Cốt truyện	Phụ bản			Fool's Fiction
lang_multi_text.db	InstanceDungeon_8702_Tips	3.4	Hội thoại/Cốt truyện	Phụ bản			Justice to be Served\nDefault Buff: All team members' Basic Attack DMG is increased by 60% and they cannot be downed during the challenge.\nPrimary Buff: Performing 2 Coordinated Attacks or 5 Basic Attacks grants a stack of Electric Spark. Stacks from each type and each Resonator are counted separately. When either reaches 2 stacks, attacks will consume all stacks to summon 2 Lightning Bolts that strike the target, dealing Electro DMG equal to 200% of the Resonator's ATK.\nEnhanced Buff: Lightning Bolts deal an additional Electro DMG equal to 300% of the Resonator's ATK within 3s of hitting the target.\nUltimate Buff: Lightning Bolts trigger a Magnetic Storm, dealing Electro DMG equal to 400% of the Resonator's ATK.
lang_multi_text.db	InstanceDungeon_8703_DungeonDesc	3.4	Hội thoại/Cốt truyện	Phụ bản			"We're better than fate. We decide who lives the good life, and who faces a harsher hand."
lang_multi_text.db	InstanceDungeon_8703_MapName	3.4	Hội thoại/Cốt truyện	Phụ bản			Once Upon a Time in Rinascita
lang_multi_text.db	InstanceDungeon_8703_Tips	3.4	Hội thoại/Cốt truyện	Phụ bản			Crash and Burn\nDefault Buff: All team members' ATK is increased by 50% while in mid-air and they cannot be downed during the challenge.\nPrimary Buff: Performing Mid-air Attack summons a Meteorite, dealing Fusion DMG equal to 300% of the Resonator's ATK. This effect can be triggered once every 3s.\nEnhanced Buff: All team members' Crit. DMG is increased by 10% every second while in mid-air, stacking up to 10 times.\nUltimate Buff: The Meteorite explodes on hit, dealing Fusion DMG equal to 200% of the Resonator's ATK and creating a flaming zone that deals Fusion DMG equal to 380% of the Resonator's ATK.
lang_multi_text.db	InstanceDungeon_8704_DungeonDesc	3.4	Hội thoại/Cốt truyện	Phụ bản			"The Fisalias and the Montellis may falter, but the Order cannot."
lang_multi_text.db	InstanceDungeon_8704_MapName	3.4	Hội thoại/Cốt truyện	Phụ bản			The Primus
lang_multi_text.db	InstanceDungeon_8704_Tips	3.4	Hội thoại/Cốt truyện	Phụ bản			Smash 'Em All\nDefault Buff: All team members' Heavy Attack DMG is increased by 50% and they cannot be downed during the challenge. Hitting a target with Heavy Attack recovers 10 Concerto Energy.\nPrimary Buff: Dealing Heavy Attack DMG 2 times increases the Resonator's Crit. DMG by 5% (triggered once every 0.1s), stacking up to 20 times.\nEnhanced Buff: Dealing Heavy Attack DMG 5 times generates an Iceblast (triggered once every 0.1s), dealing Glacio DMG equal to 400% of the Resonator's ATK.\nUltimate Buff: The Crit. Rate of Heavy Attack is increased by 50%.
lang_multi_text.db	InstanceDungeon_8705_DungeonDesc	3.4	Hội thoại/Cốt truyện	Phụ bản			"To be a true noble, it's not enough to have a gun. You must have vision."
lang_multi_text.db	InstanceDungeon_8705_MapName	3.4	Hội thoại/Cốt truyện	Phụ bản			City of Sentinel
lang_multi_text.db	InstanceDungeon_8705_Tips	3.4	Hội thoại/Cốt truyện	Phụ bản			Right of Self-Defense\nDefault Buff: Successful Dodge summons a Swirl, dealing Aero DMG equal to 300% of the Resonator's ATK. All team members cannot be downed during the challenge.\nPrimary Buff: Dodge Counter DMG is increased by 500%.\nEnhanced Buff: Hitting an enemy with Dodge Counter increases the Resonator's Crit. Rate and Crit. DMG by 10%, stacking up to 10 times.\nUltimate Buff: Dodge Counter DMG is increased by 100%. Performing Dodge Counter summons a Swirl Burst that deals Aero DMG equal to 600% of the Resonator's ATK.
lang_multi_text.db	InstanceDungeon_8706_DungeonDesc	3.4	Hội thoại/Cốt truyện	Phụ bản			"What is the one thing that bothers you most about Ragunna?"
lang_multi_text.db	InstanceDungeon_8706_MapName	3.4	Hội thoại/Cốt truyện	Phụ bản			Echo Car Driver
lang_multi_text.db	InstanceDungeon_8706_Tips	3.4	Hội thoại/Cốt truyện	Phụ bản			Play It Safe\nDefault Buff: Taking no damage for 5s increases the Resonator's Crit. DMG by 50%, stacking up to 5 times. Lose 1 stack each time taking DMG.\nPrimary Buff: Successful Dodge increases the Resonator's ATK by 20% for 10s, stacking up to 10 times.\nEnhanced Buff: All team members' Crit. DMG is increased by 100%. Taking damage reduces Crit. DMG by 100% for 3s.\nUltimate Buff: Attacking the target again within 2s of the last attack increases the Resonator's ATK by 3% for 5s. This effect can be triggered once every 0.5s.
lang_multi_text.db	InstanceDungeon_8721_DungeonDesc	3.4	Hội thoại/Cốt truyện	Phụ bản			For the biomechs that escaped their cages, becoming true beasts has always been their deepest desire. Unfortunately, they were created with far too much humanity and far too little savagery.
lang_multi_text.db	InstanceDungeon_8721_MapName	3.4	Hội thoại/Cốt truyện	Phụ bản			Lahai-Roi: Become Beast
lang_multi_text.db	InstanceDungeon_8721_Tips	3.4	Hội thoại/Cốt truyện	Phụ bản			Riot Blades\nLv. 0: <color=Highlight>Energy Regen</color> is increased by 50%. Cannot be downed during the challenge.\nLv. 1: When dealing <color=Highlight>Resonance Liberation DMG</color> or dealing damage with <color=Highlight>Resonance Liberation</color>, fire Riot Blades toward nearby enemies, dealing <color=Dark>Havoc DMG</color>. CD: 4s.\nLv. 2: <color=Highlight>Resonance Liberation</color> Cooldown is reduced by 50%. Riot Blades last longer and can orbit for a short distance, its Cooldown is reduced by 2s.\nLv. 3: <color=Highlight>Resonance Liberation</color> DMG is Amplified by 200%. For every enemy hit by Riot Blades, restore 5 Resonance Energy.
lang_multi_text.db	InstanceDungeon_8722_DungeonDesc	3.4	Hội thoại/Cốt truyện	Phụ bản			The biomechs attempted to pass the "wisdom" stored in their databases on to other creatures, but mutual understanding was never possible.
lang_multi_text.db	InstanceDungeon_8722_MapName	3.4	Hội thoại/Cốt truyện	Phụ bản			Mechanical Dawn
lang_multi_text.db	InstanceDungeon_8722_Tips	3.4	Hội thoại/Cốt truyện	Phụ bản			Mind Shock\nLv. 0: When <color=Highlight>in Mid-air</color>, Crit. DMG is increased by 100%. The effect is removed 2s after landing. Cannot be downed during the challenge.\nLv. 1: When <color=Highlight>in Mid-air</color>, every 4 hits generate a Data Core, dealing <color=Thunder>Electro DMG</color>.\nLv. 2: Data Core generation is reduced to 2 hits. Each generation splits into 3 cores, increasing damage radius and causing enemies to take 60% Amplified damage.\nLv. 3: Data Core triggers Mind Shock, dealing additional damage.
lang_multi_text.db	InstanceDungeon_8723_DungeonDesc	3.4	Hội thoại/Cốt truyện	Phụ bản			This is an age of machines, and a great one at that.
lang_multi_text.db	InstanceDungeon_8723_MapName	3.4	Hội thoại/Cốt truyện	Phụ bản			I, Biomech
lang_multi_text.db	InstanceDungeon_8723_Tips	3.4	Hội thoại/Cốt truyện	Phụ bản			Impulse Tide\nLv. 0: Dealing <color=Highlight>Heavy Attack DMG</color> or dealing damage with <color=Highlight>Heavy Attack</color> grants 60% All-Attribute DMG Bonus. Cannot be downed during the challenge.\nLv. 1: Dealing <color=Highlight>Heavy Attack DMG</color> or dealing damage with <color=Highlight>Heavy Attack</color>, creates an Impulse Tide that pulls in nearby targets and deals <color=Wind>Aero DMG</color>. CD: 5s.\nLv. 2: Cooldown of Impulse Tide is reduced by 2s. Affected targets take 60% Amplified damage.\nLv. 3: Impulse Tide releases a shockwave, dealing additional damage.
lang_multi_text.db	InstanceDungeon_8724_DungeonDesc	3.4	Hội thoại/Cốt truyện	Phụ bản			Some researchers believe biomechs are capable of appreciating "art." Most, however, insist that it is nothing more than algorithmic hallucination.
lang_multi_text.db	InstanceDungeon_8724_MapName	3.4	Hội thoại/Cốt truyện	Phụ bản			Diva Dance
lang_multi_text.db	InstanceDungeon_8724_Tips	3.4	Hội thoại/Cốt truyện	Phụ bản			Hypnotic Chant\nLv. 0: All <color=Highlight>Negative Status</color> DMG is Amplified by 100%. Cannot be downed during the challenge.\nLv. 1: Defeating a target affected by <color=Highlight>Negative Statuses</color> leaves behind a Ceaseless Chant, dealing <color=Ice>Glacio DMG</color> per second to nearby targets.\nLv. 2: Damage dealt to enemies affected by <color=Highlight>Negative Statuses</color> is Amplified by 100%. Defeating such enemies applies 1 stack of the same <color=Highlight>Negative Status</color> to nearby targets. Ceaseless Chant DMG is increased by 100%.\nLv. 3: Ceaseless Chant DMG is further increased. It explodes every 4s, dealing additional damage and increasing affected targets' <color=Highlight>Negative Status</color> stacks by 1.
lang_multi_text.db	InstanceDungeon_8725_DungeonDesc	3.4	Hội thoại/Cốt truyện	Phụ bản			Now, with the hard-won freedom on the line, the biomechs stand ready for a desperate battle.
lang_multi_text.db	InstanceDungeon_8725_MapName	3.4	Hội thoại/Cốt truyện	Phụ bản			True Steel
lang_multi_text.db	InstanceDungeon_8725_Tips	3.4	Hội thoại/Cốt truyện	Phụ bản			Piercing Claw\nLv. 0: Casting <color=Highlight>Echo Skill</color> increases ATK by 35%, stacking up to 2 times. Cannot be downed during the challenge.\nLv. 1: Casting <color=Highlight>Echo Skill</color> launches 6 Piercing Claws that deal <color=Fire>Fusion DMG</color>. This effect has a 3s Cooldown.\nLv. 2: <color=Highlight>Echo Skill</color> Cooldown is reduced by 85%. Casting an Echo Skill Amplifies the DMG dealt by all Resonators in the team by 60% for 5s.\nLv. 3: Piercing Claws return after being launched, dealing additional damage.
lang_multi_text.db	InstanceDungeon_8726_DungeonDesc	3.4	Hội thoại/Cốt truyện	Phụ bản			No one knows why the biomechs targeted the research funds. Perhaps an early trading system has formed among them. Or perhaps it was simply an attempt to disrupt the project.
lang_multi_text.db	InstanceDungeon_8726_MapName	3.4	Hội thoại/Cốt truyện	Phụ bản			Funds Never Sleep
lang_multi_text.db	InstanceDungeon_8726_Tips	3.4	Hội thoại/Cốt truyện	Phụ bản			Budget Dilemma\nLv. 0: <color=Highlight>Off-Tune Buildup Rate</color> is increased by 300%. Cannot be downed during the challenge.\nLv. 1: When casting <color=Highlight>Tune Break</color>, fire Deadly Design toward nearby enemies, dealing <color=Ice>Glacio DMG</color>.\nLv. 2: Casting <color=Highlight>Tune Break</color> increases <color=Highlight>Tune Break Boost</color> of all Resonators in the team by 200. Deadly Design can now stagnate enemies and leave behind 3 Budget Cages, dealing additional damage.\nLv. 3: Budget Cages deal additional damage when they expire.
lang_multi_text.db	InstanceDungeon_88_MapName	3.4	Hội thoại/Cốt truyện	Phụ bản			TD-副本测试2
lang_multi_text.db	InstanceDungeon_89_MapName	3.4	Hội thoại/Cốt truyện	Phụ bản			TD-副本测试3
lang_multi_text.db	InstanceDungeon_8_MapName	3.4	Hội thoại/Cốt truyện	Phụ bản			Huanglong
lang_multi_text.db	InstanceDungeon_9001_Desc	3.4	Hội thoại/Cốt truyện	Phụ bản			Vast and desolate, this land serves as the grave for countless Pilgrim's Sails. The colossal, dragon-shaped Tacet Discord relentlessly devours the nearby frequencies, and Remnant Clouds draw Tacet Discords to gather—never lower your guard when traversing this forsaken isle.\n\n[Note]\nResonators of different heights in Solaris run at different speeds.
lang_multi_text.db	InstanceDungeon_9001_Title	3.4	Hội thoại/Cốt truyện	Phụ bản			Penitent's End
lang_multi_text.db	InstanceDungeon_9002_Desc	3.4	Hội thoại/Cốt truyện	Phụ bản			A vault, boasting priceless Echoes and artifacts, rises above the ethereal waters. As you soar overhead, you may find yourself swimming in a sea of pure white clouds.\n\n[Note]\nResonators of different heights in Solaris run at different speeds.
lang_multi_text.db	InstanceDungeon_9002_Title	3.4	Hội thoại/Cốt truyện	Phụ bản			Averardo Vault
lang_multi_text.db	InstanceDungeon_9003_Desc	3.4	Hội thoại/Cốt truyện	Phụ bản			In the chilling winds, faint, lingering tunes echo through the eternal night. Beneath the moonlight and the veil of mist, a long path to the unknown seems to unfold before you.\n\n[Note]\nResonators of different heights in Solaris run at different speeds.
lang_multi_text.db	InstanceDungeon_9003_Title	3.4	Hội thoại/Cốt truyện	Phụ bản			Atrium of Reflections
lang_multi_text.db	InstanceDungeon_9004_Desc	3.4	Hội thoại/Cốt truyện	Phụ bản			The towering spire stands atop Thessaleo Fells like a lone swordfish, once separated from its school but ever poised to rule the deep sea. It constantly draws energy from the sea of clouds, forging a sinful crown.\n\n[Note]\nResonators of different heights in Solaris run at different speeds.
lang_multi_text.db	InstanceDungeon_9004_Title	3.4	Hội thoại/Cốt truyện	Phụ bản			Thorncrown Rises
lang_multi_text.db	InstanceDungeon_9005_Desc	3.4	Hội thoại/Cốt truyện	Phụ bản			Sail across a serene lake embraced by dense woods, then venture across vast mountain ranges and dark caverns to witness the scenery hidden at the journey's ends.\n\n[Note]\nResonators of different heights in Solaris run at different speeds.
lang_multi_text.db	InstanceDungeon_9005_Title	3.4	Hội thoại/Cốt truyện	Phụ bản			Silver Moon Grove
lang_multi_text.db	InstanceDungeon_9006_Desc	3.4	Hội thoại/Cốt truyện	Phụ bản			Fierce Tacet Discords circle the skies, while the remnants of fallen trees scatter the path. The air is thick with the scent of an approaching storm. Only by enduring the thunder and gusting winds can you reach the land of peace.\n\n[Note]\nResonators of different heights in Solaris run at different speeds.
lang_multi_text.db	InstanceDungeon_9006_Title	3.4	Hội thoại/Cốt truyện	Phụ bản			Shores of Last Breath
lang_multi_text.db	InstanceDungeon_900_MapName	3.4	Hội thoại/Cốt truyện	Phụ bản			test/泰缇斯之底-AKIwp
lang_multi_text.db	InstanceDungeon_903_DianDaoTa	3.4	Hội thoại/Cốt truyện	Phụ bản			Avinoleum
lang_multi_text.db	InstanceDungeon_904_GuiZuZhaiDi	3.4	Hội thoại/Cốt truyện	Phụ bản			Porto-Veno Castle
lang_multi_text.db	InstanceDungeon_909_RiLingGuan	3.4	Hội thoại/Cốt truyện	Phụ bản			Dimmr Plains
lang_multi_text.db	InstanceDungeon_90_MapName	3.4	Hội thoại/Cốt truyện	Phụ bản			TD-副本内玩法回退测试
lang_multi_text.db	InstanceDungeon_91_DungeonDesc	3.4	Hội thoại/Cốt truyện	Phụ bản			The mind's recollections and fixations serve as fodder, creating a deceiving facade reminiscent of the past. The internal path is treacherous, with any misstep potentially plunging one into a bottomless pit.
lang_multi_text.db	InstanceDungeon_91_MapName	3.4	Hội thoại/Cốt truyện	Phụ bản			Echoes of the Past
lang_multi_text.db	InstanceDungeon_92_MapName	3.4	Hội thoại/Cốt truyện	Phụ bản			副本综合跑测
lang_multi_text.db	InstanceDungeon_93_MapName	3.4	Hội thoại/Cốt truyện	Phụ bản			test 子 Challenge 相关测试
lang_multi_text.db	InstanceDungeon_94_DungeonDesc	3.4	Hội thoại/Cốt truyện	Phụ bản			A chilling wind howls through the dark cave, its narrow entrance beckoning to a mysterious realm. But take heed, for this is also the domain of hunters, lurking in the depths. Tread cautiously as you venture deeper into their hunting ground.
lang_multi_text.db	InstanceDungeon_94_MapName	3.4	Hội thoại/Cốt truyện	Phụ bản			Hidden Cave
lang_multi_text.db	InstanceDungeon_95_DungeonDesc	3.4	Hội thoại/Cốt truyện	Phụ bản			This factory is a maze of malfunctioning Exiles and treacherous traps. Its sole purpose: to mass produce chilling puppets. \nTreacherous traps lay in wait at every turn.
lang_multi_text.db	InstanceDungeon_95_MapName	3.4	Hội thoại/Cốt truyện	Phụ bản			Puppets Factory
lang_multi_text.db	InstanceDungeon_9701_DungeonDesc	3.4	Hội thoại/Cốt truyện	Phụ bản			Photographs? I'd like to "see" them myself if possible... Just my sense of humor.
lang_multi_text.db	InstanceDungeon_9701_DungeonTask_1	3.4	Hội thoại/Cốt truyện	Phụ bản			Photo of Qiuyuan performing a Heavy Attack
lang_multi_text.db	InstanceDungeon_9701_DungeonTask_2	3.4	Hội thoại/Cốt truyện	Phụ bản			Photo of Qiuyuan performing a Plunging Attack
lang_multi_text.db	InstanceDungeon_9701_DungeonTask_3	3.4	Hội thoại/Cốt truyện	Phụ bản			Photo of Qiuyuan writing (with Filter: Noir)
lang_multi_text.db	InstanceDungeon_9701_MapName	3.4	Hội thoại/Cốt truyện	Phụ bản			As the Bamboo Leaf Falls
lang_multi_text.db	InstanceDungeon_9702_DungeonDesc	3.4	Hội thoại/Cốt truyện	Phụ bản			It's fine, photo away. I've already confirmed that I'll get overtime pay.
lang_multi_text.db	InstanceDungeon_9702_DungeonTask_1	3.4	Hội thoại/Cốt truyện	Phụ bản			Photo of Zani performing Basic Attack Stage 3
lang_multi_text.db	InstanceDungeon_9702_DungeonTask_2	3.4	Hội thoại/Cốt truyện	Phụ bản			Photo of Zani performing a Heavy Attack
lang_multi_text.db	InstanceDungeon_9702_DungeonTask_3	3.4	Hội thoại/Cốt truyện	Phụ bản			Photo of Zani performing a Plunging Attack
lang_multi_text.db	InstanceDungeon_9702_MapName	3.4	Hội thoại/Cốt truyện	Phụ bản			Night Flame of Black Alley
lang_multi_text.db	InstanceDungeon_9703_DungeonDesc	3.4	Hội thoại/Cốt truyện	Phụ bản			Sunlight gleams over the snow, radiating the warmth of spring.
lang_multi_text.db	InstanceDungeon_9703_DungeonTask_1	3.4	Hội thoại/Cốt truyện	Phụ bản			Photo of Jinhsi performing Basic Attack Stage 4
lang_multi_text.db	InstanceDungeon_9703_DungeonTask_2	3.4	Hội thoại/Cốt truyện	Phụ bản			Photo of Jinhsi performing Incarnation Basic Attack Stage 4
lang_multi_text.db	InstanceDungeon_9703_DungeonTask_3	3.4	Hội thoại/Cốt truyện	Phụ bản			Photo of Jinhsi performing a Heavy Attack
lang_multi_text.db	InstanceDungeon_9703_MapName	3.4	Hội thoại/Cốt truyện	Phụ bản			The Hour of Hope
lang_multi_text.db	InstanceDungeon_9704_DungeonDesc	3.4	Hội thoại/Cốt truyện	Phụ bản			A splendid pose is of no use in a hunt, but if you insist...
lang_multi_text.db	InstanceDungeon_9704_DungeonTask_1	3.4	Hội thoại/Cốt truyện	Phụ bản			Photo of Galbrena performing Basic Attack Stage 2
lang_multi_text.db	InstanceDungeon_9704_DungeonTask_2	3.4	Hội thoại/Cốt truyện	Phụ bản			Photo of Galbrena performing Basic Attack Stage 4
lang_multi_text.db	InstanceDungeon_9704_DungeonTask_3	3.4	Hội thoại/Cốt truyện	Phụ bản			Photo of Galbrena performing a Heavy Attack
lang_multi_text.db	InstanceDungeon_9704_MapName	3.4	Hội thoại/Cốt truyện	Phụ bản			Rebirth from the Abyss
lang_multi_text.db	InstanceDungeon_9705_DungeonDesc	3.4	Hội thoại/Cốt truyện	Phụ bản			Picturing movements during combat as reference for future improvements... An interesting approach.
lang_multi_text.db	InstanceDungeon_9705_DungeonTask_1	3.4	Hội thoại/Cốt truyện	Phụ bản			Photo of Jiyan performing Resonance Skill
lang_multi_text.db	InstanceDungeon_9705_DungeonTask_2	3.4	Hội thoại/Cốt truyện	Phụ bản			Photo of Jiyan performing Basic Attack Stage 5
lang_multi_text.db	InstanceDungeon_9705_DungeonTask_3	3.4	Hội thoại/Cốt truyện	Phụ bản			Photo of Jiyan performing a Plunging Attack
lang_multi_text.db	InstanceDungeon_9705_MapName	3.4	Hội thoại/Cốt truyện	Phụ bản			Dance of Qingloong
lang_multi_text.db	InstanceDungeon_9706_DungeonDesc	3.4	Hội thoại/Cốt truyện	Phụ bản			It seems someone has finally come to my performance in time.
lang_multi_text.db	InstanceDungeon_9706_DungeonTask_1	3.4	Hội thoại/Cốt truyện	Phụ bản			Photo of Phrolova performing Basic Attack Stage 2
lang_multi_text.db	InstanceDungeon_9706_DungeonTask_2	3.4	Hội thoại/Cốt truyện	Phụ bản			Photo of Phrolova performing Basic Attack - Movement of Fate and Finality
lang_multi_text.db	InstanceDungeon_9706_DungeonTask_3	3.4	Hội thoại/Cốt truyện	Phụ bản			Photo of Phrolova performing Resonance Skill
lang_multi_text.db	InstanceDungeon_9706_MapName	3.4	Hội thoại/Cốt truyện	Phụ bản			Phantom of the Beyond
lang_multi_text.db	InstanceDungeon_9707_DungeonDesc	3.4	Hội thoại/Cốt truyện	Phụ bản			How do I look through your lens?
lang_multi_text.db	InstanceDungeon_9707_DungeonTask_1	3.4	Hội thoại/Cốt truyện	Phụ bản			Photo of Camellya performing the final stage of Basic Attack
lang_multi_text.db	InstanceDungeon_9707_DungeonTask_2	3.4	Hội thoại/Cốt truyện	Phụ bản			Photo of Camellya performing a Resonance Skill
lang_multi_text.db	InstanceDungeon_9707_DungeonTask_3	3.4	Hội thoại/Cốt truyện	Phụ bản			Photo of Camellya performing the final stage of Basic Attack in Blossom Mode
lang_multi_text.db	InstanceDungeon_9707_MapName	3.4	Hội thoại/Cốt truyện	Phụ bản			Crimson Waltz
lang_multi_text.db	InstanceDungeon_9708_DungeonDesc	3.4	Hội thoại/Cốt truyện	Phụ bản			More magnificence. More elegance!
lang_multi_text.db	InstanceDungeon_9708_DungeonTask_1	3.4	Hội thoại/Cốt truyện	Phụ bản			Photo of Iuno performing a Plunging Attack
lang_multi_text.db	InstanceDungeon_9708_DungeonTask_2	3.4	Hội thoại/Cốt truyện	Phụ bản			Photo of Iuno performing Basic Attack Stage 3
lang_multi_text.db	InstanceDungeon_9708_DungeonTask_3	3.4	Hội thoại/Cốt truyện	Phụ bản			Photo of Iuno performing Resonance Skill
lang_multi_text.db	InstanceDungeon_9708_MapName	3.4	Hội thoại/Cốt truyện	Phụ bản			Bright Moon in the Dark
lang_multi_text.db	InstanceDungeon_9709_DungeonDesc	3.4	Hội thoại/Cốt truyện	Phụ bản			The sword can sense its own form.
lang_multi_text.db	InstanceDungeon_9709_DungeonTask_1	3.4	Hội thoại/Cốt truyện	Phụ bản			Photo of Qiuyuan drinking
lang_multi_text.db	InstanceDungeon_9709_DungeonTask_2	3.4	Hội thoại/Cốt truyện	Phụ bản			Photo of Qiuyuan summoning bamboos
lang_multi_text.db	InstanceDungeon_9709_DungeonTask_3	3.4	Hội thoại/Cốt truyện	Phụ bản			Photo of Qiuyuan wearing his bamboo hat
lang_multi_text.db	InstanceDungeon_9709_MapName	3.4	Hội thoại/Cốt truyện	Phụ bản			As the Bamboo Leaf Falls
lang_multi_text.db	InstanceDungeon_9710_DungeonDesc	3.4	Hội thoại/Cốt truyện	Phụ bản			That was a difficult move to pull off... I might need to ask for more overtime pay.
lang_multi_text.db	InstanceDungeon_9710_DungeonTask_1	3.4	Hội thoại/Cốt truyện	Phụ bản			Photo of Zani throwing her shield at the enemy
lang_multi_text.db	InstanceDungeon_9710_DungeonTask_2	3.4	Hội thoại/Cốt truyện	Phụ bản			Photo of Zani resting on a chair
lang_multi_text.db	InstanceDungeon_9710_DungeonTask_3	3.4	Hội thoại/Cốt truyện	Phụ bản			Photo of Zani performing Heavy Slash
lang_multi_text.db	InstanceDungeon_9710_MapName	3.4	Hội thoại/Cốt truyện	Phụ bản			Night Flame of Black Alley
lang_multi_text.db	InstanceDungeon_9711_DungeonDesc	3.4	Hội thoại/Cốt truyện	Phụ bản			May the snow be brushed away under this clear light, as we gaze at the myriad mountains together.
lang_multi_text.db	InstanceDungeon_9711_DungeonTask_1	3.4	Hội thoại/Cốt truyện	Phụ bản			Photo of Jinhsi sitting or stepping on her sword
lang_multi_text.db	InstanceDungeon_9711_DungeonTask_2	3.4	Hội thoại/Cốt truyện	Phụ bản			Photo of Jinhsi performing an airborne combat move in Incarnation state
lang_multi_text.db	InstanceDungeon_9711_DungeonTask_3	3.4	Hội thoại/Cốt truyện	Phụ bản			Photo of Jinhsi summoning Sentinel Jué
lang_multi_text.db	InstanceDungeon_9711_MapName	3.4	Hội thoại/Cốt truyện	Phụ bản			The Hour of Hope
lang_multi_text.db	InstanceDungeon_9712_DungeonDesc	3.4	Hội thoại/Cốt truyện	Phụ bản			Observe. This is what a real hunting stance looks like.
lang_multi_text.db	InstanceDungeon_9712_DungeonTask_1	3.4	Hội thoại/Cốt truyện	Phụ bản			Photo of Galbrena firing her pistols upside down
lang_multi_text.db	InstanceDungeon_9712_DungeonTask_2	3.4	Hội thoại/Cốt truyện	Phụ bản			Photo of Galbrena firing her shotgun
lang_multi_text.db	InstanceDungeon_9712_DungeonTask_3	3.4	Hội thoại/Cốt truyện	Phụ bản			Photo of Galbrena attacking with her wings
lang_multi_text.db	InstanceDungeon_9712_MapName	3.4	Hội thoại/Cốt truyện	Phụ bản			Rebirth from the Abyss
lang_multi_text.db	InstanceDungeon_9713_DungeonDesc	3.4	Hội thoại/Cốt truyện	Phụ bản			Appropriate recordings are indeed a great help in advancing combat skills. Much appreciated, my friend.
lang_multi_text.db	InstanceDungeon_9713_DungeonTask_1	3.4	Hội thoại/Cốt truyện	Phụ bản			Photo of Jiyan holding his spear
lang_multi_text.db	InstanceDungeon_9713_DungeonTask_2	3.4	Hội thoại/Cốt truyện	Phụ bản			Photo of Jiyan stowing his Broadblade at his waist during Basic Attack
lang_multi_text.db	InstanceDungeon_9713_DungeonTask_3	3.4	Hội thoại/Cốt truyện	Phụ bản			Photo of Jiyan shaping wind into a Loong
lang_multi_text.db	InstanceDungeon_9713_MapName	3.4	Hội thoại/Cốt truyện	Phụ bản			Dance of Qingloong
lang_multi_text.db	InstanceDungeon_9714_DungeonDesc	3.4	Hội thoại/Cốt truyện	Phụ bản			I will reveal no more to my enemies.
lang_multi_text.db	InstanceDungeon_9714_DungeonTask_1	3.4	Hội thoại/Cốt truyện	Phụ bản			Photo of Phrolova transforming into Hecate to attack
lang_multi_text.db	InstanceDungeon_9714_DungeonTask_2	3.4	Hội thoại/Cốt truyện	Phụ bản			Photo of Hecate attacking with the whip
lang_multi_text.db	InstanceDungeon_9714_DungeonTask_3	3.4	Hội thoại/Cốt truyện	Phụ bản			Photo of Phrolova in a dance with Hecate
lang_multi_text.db	InstanceDungeon_9714_MapName	3.4	Hội thoại/Cốt truyện	Phụ bản			Phantom of the Beyond
lang_multi_text.db	InstanceDungeon_9715_DungeonDesc	3.4	Hội thoại/Cốt truyện	Phụ bản			Hehe, I knew you wouldn't let me down!
lang_multi_text.db	InstanceDungeon_9715_DungeonTask_1	3.4	Hội thoại/Cốt truyện	Phụ bản			Photo of Camellya in Blossom Mode
lang_multi_text.db	InstanceDungeon_9715_DungeonTask_2	3.4	Hội thoại/Cốt truyện	Phụ bản			Photo of Camellya in normal state
lang_multi_text.db	InstanceDungeon_9715_DungeonTask_3	3.4	Hội thoại/Cốt truyện	Phụ bản			Photo of Crimson Blossom
lang_multi_text.db	InstanceDungeon_9715_MapName	3.4	Hội thoại/Cốt truyện	Phụ bản			Crimson Waltz
lang_multi_text.db	InstanceDungeon_9716_DungeonDesc	3.4	Hội thoại/Cốt truyện	Phụ bản			Come, let's capture the moon!
lang_multi_text.db	InstanceDungeon_9716_DungeonTask_1	3.4	Hội thoại/Cốt truyện	Phụ bản			Photo of Iuno using the Moonring
lang_multi_text.db	InstanceDungeon_9716_DungeonTask_2	3.4	Hội thoại/Cốt truyện	Phụ bản			Photo of Iuno using the Moonbow
lang_multi_text.db	InstanceDungeon_9716_DungeonTask_3	3.4	Hội thoại/Cốt truyện	Phụ bản			Photo of Iuno lying on her weapon
lang_multi_text.db	InstanceDungeon_9716_MapName	3.4	Hội thoại/Cốt truyện	Phụ bản			Bright Moon in the Dark
lang_multi_text.db	InstanceDungeon_97_MapName	3.4	Hội thoại/Cốt truyện	Phụ bản			Camellya Domain
lang_multi_text.db	InstanceDungeon_999_MapName	3.4	Hội thoại/Cốt truyện	Phụ bản			怪物测试 Map
lang_multi_text.db	InstanceDungeon_9_MapName	3.4	Hội thoại/Cốt truyện	Phụ bản			Resources Map
lang_multi_text.db	InstanceDungeon_ExchangeReward	3.4	Hội thoại/Cốt truyện	Phụ bản			Exchange
lang_multi_text.db	InstanceDungeonEntrance_4044_Name	3.5	Hội thoại/Cốt truyện	Phụ bản			Squarefield
lang_multi_text.db	InstanceDungeon_2100_MapName	3.5	Hội thoại/Cốt truyện	Phụ bản			Nightmare: Adam Smasher
lang_multi_text.db	InstanceDungeon_210301020_MapName	3.5	Hội thoại/Cốt truyện	Phụ bản			Bell-Borne Geochelone
lang_multi_text.db	InstanceDungeon_2111_DungeonDesc	3.5	Hội thoại/Cốt truyện	Phụ bản			A giant Autopuppet that has absorbed structures of Censure Courts. The strong obsessions that bind it can be felt by those who confront it.
lang_multi_text.db	InstanceDungeon_2111_MapName	3.5	Hội thoại/Cốt truyện	Phụ bản			Thousand-Puppet Pavilion
lang_multi_text.db	InstanceDungeon_4051_DungeonDesc	3.5	Hội thoại/Cốt truyện	Phụ bản			Pass this Sonoro Sphere's trial to obtain Resonator enhancement items.
lang_multi_text.db	InstanceDungeon_4051_MapName	3.5	Hội thoại/Cốt truyện	Phụ bản			Resonance Potion
lang_multi_text.db	InstanceDungeon_4052_DungeonDesc	3.5	Hội thoại/Cốt truyện	Phụ bản			Pass this Sonoro Sphere's trial to obtain Weapon enhancement items.
lang_multi_text.db	InstanceDungeon_4052_MapName	3.5	Hội thoại/Cốt truyện	Phụ bản			Energy Core
lang_multi_text.db	InstanceDungeon_4053_DungeonDesc	3.5	Hội thoại/Cốt truyện	Phụ bản			Pass this Sonoro Sphere's trial to obtain indispensable resources.
lang_multi_text.db	InstanceDungeon_4053_MapName	3.5	Hội thoại/Cốt truyện	Phụ bản			Shell Credit
lang_multi_text.db	InstanceDungeon_9720_DungeonDesc	3.5	Hội thoại/Cốt truyện	Phụ bản			Maybe I could start including photos with my letters? Would you... want to see them?
lang_multi_text.db	InstanceDungeon_9720_DungeonTask_1	3.5	Hội thoại/Cốt truyện	Phụ bản			Photo of Yangyang: Xuanling performing any stage of Basic Attack in Feather Sword Stance
lang_multi_text.db	InstanceDungeon_9720_DungeonTask_2	3.5	Hội thoại/Cốt truyện	Phụ bản			Photo of Yangyang: Xuanling sheathing her sword when performing Basic Attack Stage 2 in Feather Sword Stance
lang_multi_text.db	InstanceDungeon_9720_DungeonTask_3	3.5	Hội thoại/Cốt truyện	Phụ bản			Photo of Yangyang: Xuanling performing Basic Attack Stage 3 in Azure Sword Stance and use Filter: Film
lang_multi_text.db	InstanceDungeon_9720_MapName	3.5	Hội thoại/Cốt truyện	Phụ bản			Freeze Frame: Whispering Feathers
lang_multi_text.db	InstanceDungeon_9721_DungeonDesc	3.5	Hội thoại/Cốt truyện	Phụ bản			Mm, not a bad snapshot. Let's freeze it here.
lang_multi_text.db	InstanceDungeon_9721_DungeonTask_1	3.5	Hội thoại/Cốt truyện	Phụ bản			Photo of Luuk Herssen spinning his scalpel
lang_multi_text.db	InstanceDungeon_9721_DungeonTask_2	3.5	Hội thoại/Cốt truyện	Phụ bản			Photo of Luuk Herssen adjusting his gloves
lang_multi_text.db	InstanceDungeon_9721_DungeonTask_3	3.5	Hội thoại/Cốt truyện	Phụ bản			Photo of Luuk Herssen snapping his fingers
lang_multi_text.db	InstanceDungeon_9721_MapName	3.5	Hội thoại/Cốt truyện	Phụ bản			Freeze Frame: Gilded Frostlands
lang_multi_text.db	InstanceDungeon_9722_DungeonDesc	3.5	Hội thoại/Cốt truyện	Phụ bản			This is exactly how a holiday should be spent! Come on, say cheese!
lang_multi_text.db	InstanceDungeon_9722_DungeonTask_1	3.5	Hội thoại/Cốt truyện	Phụ bản			Photo of Lynae performing Basic Attack where she shakes paint out from her coat
lang_multi_text.db	InstanceDungeon_9722_DungeonTask_2	3.5	Hội thoại/Cốt truyện	Phụ bản			Photo of Lynae throwing paint over her shoulder with her back turned in Kaleidoscopic Parade
lang_multi_text.db	InstanceDungeon_9722_DungeonTask_3	3.5	Hội thoại/Cốt truyện	Phụ bản			Photo of Lynae spraying paint while upside down in Kaleidoscopic Parade
lang_multi_text.db	InstanceDungeon_9722_MapName	3.5	Hội thoại/Cốt truyện	Phụ bản			Freeze Frame: Soothing Summer
lang_multi_text.db	InstanceDungeon_9723_DungeonDesc	3.5	Hội thoại/Cốt truyện	Phụ bản			A quiet stream flows between us… Words fade, but something remains.
lang_multi_text.db	InstanceDungeon_9723_DungeonTask_1	3.5	Hội thoại/Cốt truyện	Phụ bản			Photo of Suisui performing Cleansing
lang_multi_text.db	InstanceDungeon_9723_DungeonTask_2	3.5	Hội thoại/Cốt truyện	Phụ bản			Photo of Suisui finishing Basic Attack Stage 2
lang_multi_text.db	InstanceDungeon_9723_DungeonTask_3	3.5	Hội thoại/Cốt truyện	Phụ bản			Photo of Suisui closing her fan when performing Basic Attack Stage 4
lang_multi_text.db	InstanceDungeon_9723_MapName	3.5	Hội thoại/Cốt truyện	Phụ bản			Freeze Frame: Gentle Stream
lang_multi_text.db	InstanceDungeon_9724_DungeonDesc	3.5	Hội thoại/Cốt truyện	Phụ bản			A smile for photos… like this is right…?
lang_multi_text.db	InstanceDungeon_9724_DungeonTask_1	3.5	Hội thoại/Cốt truyện	Phụ bản			Photo of Denia performing Basic Attack: Stagecraft Form Stage 3
lang_multi_text.db	InstanceDungeon_9724_DungeonTask_2	3.5	Hội thoại/Cốt truyện	Phụ bản			Photo of Denia poking the bubble with the Voidmatter Hand in Stagecraft Form
lang_multi_text.db	InstanceDungeon_9724_DungeonTask_3	3.5	Hội thoại/Cốt truyện	Phụ bản			Photo of Denia sitting on the bubble in Stagecraft Form
lang_multi_text.db	InstanceDungeon_9724_MapName	3.5	Hội thoại/Cốt truyện	Phụ bản			Freeze Frame: Dreamlit Foam
lang_multi_text.db	InstanceDungeon_9725_DungeonDesc	3.5	Hội thoại/Cốt truyện	Phụ bản			Maybe tilt it three degrees to the right. It might look better?
lang_multi_text.db	InstanceDungeon_9725_DungeonTask_1	3.5	Hội thoại/Cốt truyện	Phụ bản			Photo of Chisa casting Eye of Unraveling
lang_multi_text.db	InstanceDungeon_9725_DungeonTask_2	3.5	Hội thoại/Cốt truyện	Phụ bản			Photo of Chisa performing Basic Attack Stage 3
lang_multi_text.db	InstanceDungeon_9725_DungeonTask_3	3.5	Hội thoại/Cốt truyện	Phụ bản			Photo of Chisa performing Serrated Loop
lang_multi_text.db	InstanceDungeon_9725_MapName	3.5	Hội thoại/Cốt truyện	Phụ bản			Freeze Frame: Chilled Summer Peach
lang_multi_text.db	InstanceDungeon_9726_DungeonDesc	3.5	Hội thoại/Cốt truyện	Phụ bản			As you wish… I will preserve this moment for you and me.
lang_multi_text.db	InstanceDungeon_9726_DungeonTask_1	3.5	Hội thoại/Cốt truyện	Phụ bản			Photo of Hiyuki appreciating the flower while performing Basic Attack
lang_multi_text.db	InstanceDungeon_9726_DungeonTask_2	3.5	Hội thoại/Cốt truyện	Phụ bản			Photo of Hiyuki performing Basic Attack: Present Self Stage 3
lang_multi_text.db	InstanceDungeon_9726_DungeonTask_3	3.5	Hội thoại/Cốt truyện	Phụ bản			Photo of Hiyuki inspecting her sword in Foreclaimed Self
lang_multi_text.db	InstanceDungeon_9726_MapName	3.5	Hội thoại/Cốt truyện	Phụ bản			Freeze Frame: Silent Snow
lang_multi_text.db	InstanceDungeon_9727_DungeonDesc	3.5	Hội thoại/Cốt truyện	Phụ bản			Another precious memory of us.
lang_multi_text.db	InstanceDungeon_9727_DungeonTask_1	3.5	Hội thoại/Cốt truyện	Phụ bản			Photo of Yangyang: Xuanling performing any stage of Enhanced Heavy Attack in Feather Sword Stance
lang_multi_text.db	InstanceDungeon_9727_DungeonTask_2	3.5	Hội thoại/Cốt truyện	Phụ bản			Photo of Yangyang: Xuanling performing Resonance Skill to swtich from Azure Sword Stance to Feather Sword Stance
lang_multi_text.db	InstanceDungeon_9727_DungeonTask_3	3.5	Hội thoại/Cốt truyện	Phụ bản			Photo of Yangyang: Xuanling performing Heavy Attack in Azure Sword Stance
lang_multi_text.db	InstanceDungeon_9727_MapName	3.5	Hội thoại/Cốt truyện	Phụ bản			Freeze Frame: Whispering Feathers
lang_multi_text.db	InstanceDungeon_9728_DungeonDesc	3.5	Hội thoại/Cốt truyện	Phụ bản			That's it? Alright, I'll take good care of this one.
lang_multi_text.db	InstanceDungeon_9728_DungeonTask_1	3.5	Hội thoại/Cốt truyện	Phụ bản			Photo of Luuk Herssen standing on his scythe-form weapon
lang_multi_text.db	InstanceDungeon_9728_DungeonTask_2	3.5	Hội thoại/Cốt truyện	Phụ bản			Photo of Luuk Herssen wielding dual scythes
lang_multi_text.db	InstanceDungeon_9728_DungeonTask_3	3.5	Hội thoại/Cốt truyện	Phụ bản			Photo of Luuk Herssen with his back turned to the enemy
lang_multi_text.db	InstanceDungeon_9728_MapName	3.5	Hội thoại/Cốt truyện	Phụ bản			Freeze Frame: Gilded Frostlands
lang_multi_text.db	InstanceDungeon_9729_DungeonDesc	3.5	Hội thoại/Cốt truyện	Phụ bản			Wow, this came out amazing! Let's take a few more!
lang_multi_text.db	InstanceDungeon_9729_DungeonTask_1	3.5	Hội thoại/Cốt truyện	Phụ bản			Photo of Lynae drawing a black cat graffiti
lang_multi_text.db	InstanceDungeon_9729_DungeonTask_2	3.5	Hội thoại/Cốt truyện	Phụ bản			Photo of Lynae attacking with pigment inks
lang_multi_text.db	InstanceDungeon_9729_DungeonTask_3	3.5	Hội thoại/Cốt truyện	Phụ bản			Photo of Lynae stepping across a rainbow
lang_multi_text.db	InstanceDungeon_9729_MapName	3.5	Hội thoại/Cốt truyện	Phụ bản			Freeze Frame: Soothing Summer
lang_multi_text.db	InstanceDungeon_9730_DungeonDesc	3.5	Hội thoại/Cốt truyện	Phụ bản			Let this small frame of light and shadow… remember our meeting.
lang_multi_text.db	InstanceDungeon_9730_DungeonTask_1	3.5	Hội thoại/Cốt truyện	Phụ bản			Photo of Suisui unfolding the fan
lang_multi_text.db	InstanceDungeon_9730_DungeonTask_2	3.5	Hội thoại/Cốt truyện	Phụ bản			Photo of Suisui using silk ribbons for Basic Attack in Cleansing Rain
lang_multi_text.db	InstanceDungeon_9730_DungeonTask_3	3.5	Hội thoại/Cốt truyện	Phụ bản			Photo of Suisui performing Heavy Attack in Cleansing Rain
lang_multi_text.db	InstanceDungeon_9730_MapName	3.5	Hội thoại/Cốt truyện	Phụ bản			Freeze Frame: Gentle Stream
lang_multi_text.db	InstanceDungeon_9731_DungeonDesc	3.5	Hội thoại/Cốt truyện	Phụ bản			A fleeting moment… before the bubble bursts.
lang_multi_text.db	InstanceDungeon_9731_DungeonTask_1	3.5	Hội thoại/Cốt truyện	Phụ bản			Photo of Denia sitting on the bubble in Breakdown Form
lang_multi_text.db	InstanceDungeon_9731_DungeonTask_2	3.5	Hội thoại/Cốt truyện	Phụ bản			Photo of Denia using Voidmatter Hands to attack in Breakdown Form
lang_multi_text.db	InstanceDungeon_9731_DungeonTask_3	3.5	Hội thoại/Cốt truyện	Phụ bản			Photo of Denia crafting a Voidmatter structure to attack in Breakdown Form
lang_multi_text.db	InstanceDungeon_9731_MapName	3.5	Hội thoại/Cốt truyện	Phụ bản			Freeze Frame: Dreamlit Foam
lang_multi_text.db	InstanceDungeon_9732_DungeonDesc	3.5	Hội thoại/Cốt truyện	Phụ bản			Let's keep today... as something worth remembering.
lang_multi_text.db	InstanceDungeon_9732_DungeonTask_1	3.5	Hội thoại/Cốt truyện	Phụ bản			Photo of Chisa performing Lifethread - Glide
lang_multi_text.db	InstanceDungeon_9732_DungeonTask_2	3.5	Hội thoại/Cốt truyện	Phụ bản			Photo of Chisa holding a chainsaw in mid-air
lang_multi_text.db	InstanceDungeon_9732_DungeonTask_3	3.5	Hội thoại/Cốt truyện	Phụ bản			Photo of Chisa performing Death Snip
lang_multi_text.db	InstanceDungeon_9732_MapName	3.5	Hội thoại/Cốt truyện	Phụ bản			Freeze Frame: Chilled Summer Peach
lang_multi_text.db	InstanceDungeon_9733_DungeonDesc	3.5	Hội thoại/Cốt truyện	Phụ bản			Every moment is worth cherishing. Mm, shall we take one more?
lang_multi_text.db	InstanceDungeon_9733_DungeonTask_1	3.5	Hội thoại/Cốt truyện	Phụ bản			Photo of Hiyuki sheathing her sword in Foreclaimed Self
lang_multi_text.db	InstanceDungeon_9733_DungeonTask_2	3.5	Hội thoại/Cốt truyện	Phụ bản			Photo of Hiyuki conjuring an ice tree in Foreclaimed Self
lang_multi_text.db	InstanceDungeon_9733_DungeonTask_3	3.5	Hội thoại/Cốt truyện	Phụ bản			Photo of Hiyuki performing a ranged attack in Foreclaimed Self
lang_multi_text.db	InstanceDungeon_9733_MapName	3.5	Hội thoại/Cốt truyện	Phụ bản			Freeze Frame: Silent Snow
